soc_code_2019,title,task_comp_nat,task_comp_ut,freq_sum_eco,importance,relevance,tot_emp_nat,tot_emp_ut,major_group_code,major_occ_category,a_med_nat,h_med_nat,a_med_ut,h_med_ut,ai_task_comp_nat,ai_task_comp_ut,freq_sum_ai,code_changed,title_changed,code_or_title_changed,code_and_title_changed,pct_automated_nat,pct_automated_ut,people_automated_nat,people_automated_ut,eco_value_nat,eco_value_ut,ut_share_of_nat,ut_concentration_index
11-1011.00,Chief Executives,3761657.2440192304,70669.79386923077,17.756229615384616,3.950967741935484,72.6974193548387,211850.0,3980.0,11,Management Occupations,206420.0,99.24,163980.0,78.84,1133657.663753846,42595.06553846154,15.507808461538461,False,False,False,False,30.137186623164077,60.27336886998788,63845.629861173096,1199.4600276019303,13179014915.94335,196687455.3261645,0.037573128908614084,2.968448689980727
11-1011.03,Chief Sustainability Officers,1618392.793826923,30404.547176923075,7.639333461538461,3.757222222222222,96.50277777777778,211850.0,3980.0,11,Management Occupations,206420.0,99.24,163980.0,78.84,85421.98773346153,3209.7842307692304,3.695580769230769,False,False,False,False,5.278198720316156,10.556921673891736,11181.863988989775,210.07230906858302,2308160364.6072693,34447657.24106625,0.037575620937135984,2.968645571609064
11-1021.00,General and Operations Managers,69870293.94412307,894913.3179076923,19.492775384615385,3.6958823529411764,69.39117647058823,3584420.0,45910.0,11,Management Occupations,102950.0,49.5,91230.0,43.86,66962070.641253844,857664.1864346154,18.68142423076923,False,False,False,False,95.83768274226095,95.83768274226097,3435225.06775015,43999.080146972,353656420724.8779,4014036081.8082557,0.012808208859452856,1.0119069642114826
11-2011.00,Advertising and Promotions Managers,372525.7100769231,4096.017286153846,17.655246923076923,3.691904761904762,72.79380952380953,21100.0,232.0,11,Management Occupations,126960.0,61.04,108370.0,52.10000000000001,426436.8736289593,4688.784582081448,20.210278371040722,False,False,False,False,114.4717967360975,114.4717967360975,24153.549111316574,265.5745684277462,3066534595.1727524,28780315.980514858,0.010995260663507108,0.8686757813534516
11-2021.00,Marketing Managers,3934261.3544769227,67039.20849230769,10.219391538461538,3.4295,73.021,384980.0,6560.0,11,Management Occupations,161030.0,77.42,135190.0,65.0,3383506.893507692,57654.43716923076,8.788786153846154,False,False,False,False,86.00107081491906,86.00107081491905,331086.9224232754,5641.670245458691,53314927117.82004,762697400.4835604,0.017039846225777963,1.3462256318713754
11-2022.00,Sales Managers,6808787.663576922,97669.57838461538,11.278242307692308,3.584705882352941,82.30588235294118,603710.0,8660.0,11,Management Occupations,138060.0,66.38,130430.0,62.71,5880069.456292307,84347.45406153846,9.739890769230769,False,False,False,False,86.36000631576866,86.36000631576866,521363.994128927,7478.776546945566,71979513029.43967,975456825.0181102,0.01434463566944394,1.1332916953703422
11-3012.00,Administrative Services Managers,1594059.623069231,11352.98621923077,6.272368076923077,3.655,74.9975,254140.0,1810.0,11,Management Occupations,108390.0,52.11,105800.0,50.86,2405606.3130845465,23582.167334615384,13.710562403846154,True,False,True,False,150.91068604151388,207.7177482578959,383524.4175059034,2731.4834173514014,41570211613.46487,288990945.55577826,0.009803003594706053,0.7744820307448521
11-3013.00,Facilities Managers,1464904.6937076922,16612.428307692306,10.382767692307691,3.921818181818182,82.02363636363636,141090.0,1600.0,11,Management Occupations,104690.0,50.33,94310.0,45.34,2405606.3130845465,23582.167334615384,13.710562403846154,True,True,True,True,164.21589222954339,141.9549682793561,231692.20234666276,2627.454275672694,24255856663.672123,247795212.73869178,0.009803003594706053,0.7744820307448521
11-3021.00,Computer and Information Systems Managers,8508774.72885,106562.20498846154,13.172089615384616,3.84,89.90588235294118,645970.0,8090.0,11,Management Occupations,171200.0,82.31,162400.0,78.08,7676525.86305,96139.28546538462,11.883718846153846,False,False,False,False,90.21893407310266,90.21893407310264,582787.2484320212,7298.711766514005,99773176931.56204,1185310790.8818743,0.01252380141492639,0.9894374778884577
11-3031.00,Financial Managers,15301560.974023078,162058.7496576923,18.691897307692308,3.904705882352941,57.60529411764706,818620.0,8670.0,11,Management Occupations,161700.0,77.74,137760.0,66.23,2733025.61859,86827.88883692308,18.636154230769232,False,False,False,False,17.861090271964812,53.57803205339101,146214.45718435835,1548.5565265793493,23642877726.710747,213329147.10157117,0.03176987740119268,2.5099653313886687
11-3031.01,Treasurers and Controllers,9755610.406215385,103321.61713846153,11.917141538461538,4.113181818181818,79.08318181818181,818620.0,8670.0,11,Management Occupations,161700.0,77.74,137760.0,66.23,1154528.1552992307,36687.18458307692,9.639302307692308,False,False,False,False,11.834504528426748,35.50775297478392,96879.62097060705,1026.0515426145992,15665434710.94716,141348860.5105872,0.03177677773788751,2.510510489484818
11-3031.03,Investment Fund Managers,30074163.70826154,318515.3054538461,36.737636153846154,4.047,78.4505,818620.0,8670.0,11,Management Occupations,161700.0,77.74,137760.0,66.23,8092541.895702563,257124.20256923078,30.05474576923077,True,False,True,False,26.908618221957397,80.72585466587222,220279.33048858764,2332.9771998437063,35619167740.00462,321390939.050469,0.03177298380200826,2.5102107512325684
11-3051.00,Industrial Production Managers,3881767.2143153846,37926.64442692308,16.561853461538462,3.6976923076923076,84.13461538461539,234380.0,2290.0,11,Management Occupations,121440.0,58.39,108370.0,52.10000000000001,175551.14425653845,10301.600592692308,23.254660384615384,False,False,False,False,4.522454195839765,27.161908859459988,10599.72814420924,103.56420108473061,1287230985.83277,11223252.471552256,0.05868147790388795,4.63610461171876
11-3051.01,Quality Control Systems Managers,6802797.196561539,66466.4458576923,29.024648846153845,3.8985185185185185,85.9774074074074,234380.0,2290.0,11,Management Occupations,121440.0,58.39,108370.0,52.1,250860.29453538463,14708.98848923077,17.799539615384617,False,False,False,False,3.687605073133468,22.12994586881234,8643.008770410222,84.44615617475641,1049606985.0786175,9151429.944658352,0.058634183287048725,4.632368121107583
11-3051.02,Geothermal Production Managers,5157451.309338462,50390.66259230769,22.004656153846156,3.9629411764705886,79.54529411764706,234380.0,2290.0,11,Management Occupations,121440.0,58.39,108370.0,52.1,31511.177318461538,1844.6064342307693,11.571617307692307,False,False,False,False,0.61098351547023,3.66061158821189,1432.0231635591251,13.991522504268266,173904892.98262015,1516261.293787552,0.058538163001293664,4.624782080239003
11-3051.03,Biofuels Production Managers,6401449.12143077,62545.091253846156,27.312266923076923,4.057142857142857,90.90785714285714,234380.0,2290.0,11,Management Occupations,121440.0,58.39,108370.0,52.1,6883.105001538462,406.9521815384616,8.276351153846155,False,False,False,False,0.10752416946492951,0.6506540695364905,252.0151483919018,2.4623034807468858,30604719.620712552,266839.82820854,0.05912334352701326,4.671014012884259
11-3051.04,Biomass Power Plant Managers,6470586.0831,63220.59105,27.607245,3.856842105263158,82.88631578947368,234380.0,2290.0,11,Management Occupations,121440.0,58.39000000000001,108370.0,52.1,89593.9839023077,5256.208035000001,12.794472692307693,False,False,False,False,1.384634757217912,8.314076075060676,3245.3069439673422,31.708135940290184,394110075.275394,3436210.691849247,0.05866697523721361,4.634958834852655
11-3051.06,Hydroelectric Production Managers,4036669.0464615384,39440.10630769231,17.222753846153847,3.967777777777778,85.05777777777777,234380.0,2290.0,11,Management Occupations,121440.0,58.39,108370.0,52.1,11655.84051,681.6280999999999,6.2228903846153845,False,False,False,False,0.288748975351776,1.7282613152263655,676.7698484294925,6.612351535555671,82186930.39327757,716580.5359081681,0.05847953216374268,4.620149976446316
11-3061.00,Purchasing Managers,1297151.7996461538,7983.4551923076915,15.966910384615383,4.051666666666667,93.56722222222223,81240.0,500.0,11,Management Occupations,139510.0,67.07,123360.0,59.31,972266.6029384615,5983.9155769230765,12.990409615384614,False,False,False,False,74.95395706220992,74.95395706220992,60892.59471733934,374.76978531104965,8495125889.016012,46231600.71597108,0.006154603643525357,0.4862417811252586
11-3071.00,"Transportation, Storage, and Distribution Managers",5219563.607307692,63712.983,24.50499346153846,3.914615384615385,92.16576923076923,213000.0,2600.0,11,Management Occupations,102010.0,49.05,97980.0,47.11,1647867.8525274724,40229.637714285716,19.550869505494504,False,False,False,False,31.570989004145133,63.141978008290266,67246.20657882914,820.8457141077736,6859785533.10636,80426463.06827965,0.024413145539906107,1.928749933829139
11-3071.04,Supply Chain Managers,2135131.006153846,26062.631999999998,10.02408923076923,3.627666666666667,86.03133333333334,213000.0,2600.0,11,Management Occupations,102010.0,49.05,97980.0,47.11,759010.1394230769,18529.824999999997,8.409562692307691,True,False,True,False,35.548644895112666,71.09728979022533,75718.61362658998,924.2647672729294,7724055776.048445,90559461.89740162,0.0244131455399061,1.9287499338291383
11-3111.00,Compensation and Benefits Managers,144427.84978846152,1223.3549807692307,7.196205769230768,3.875,74.67545454545454,20070.0,170.0,11,Management Occupations,140360.0,67.48,132920.0,63.91,131086.24009615384,1110.3468269230768,6.588759615384615,False,False,False,False,90.76243971515973,90.76243971515973,18216.021650832557,154.29614751577154,2556800798.9108577,20509043.927796353,0.008470353761833582,0.6691966109381885
11-3121.00,Human Resources Managers,3016879.0499076922,28976.149003846152,13.998139615384614,3.9057692307692307,94.71076923076923,215520.0,2070.0,11,Management Occupations,140030.0,67.32,131070.0,63.02,2298186.5782153844,22073.339907692305,11.251087692307692,False,False,False,False,76.17761733887549,76.17761733887549,164178.00088874446,1576.8766789147226,22989845464.450886,206681226.3053527,0.00960467706013363,0.7588133292328799
11-3131.00,Training and Development Managers,225863.96110769227,2511.8323076923075,5.023664615384615,3.9616666666666664,92.47166666666668,44960.0,500.0,11,Management Occupations,127090.0,61.1,109980.0,52.88,185424.15304615384,2062.101346153846,4.192748461538461,False,False,False,False,82.09550214951881,82.0955021495188,36910.13776642366,410.47751074759407,4690909408.734782,45144316.6320204,0.011120996441281138,0.8786094817307831
11-9013.00,"Farmers, Ranchers, and Other Agricultural Managers",111296.43807692306,1224.0725,18.831884615384613,3.8590000000000004,84.1375,5910.0,65.0,11,Management Occupations,87980.0,42.3,87980.0,42.3,57146.516452447555,628.5149863636364,12.061807552447553,False,False,False,False,51.346222251021615,51.3462222510216,3034.5617350353773,33.37504446316405,266980741.4484125,2936336.4118691734,0.010998307952622672,0.8689165311032286
11-9021.00,Construction Managers,3542852.23845,50549.69605,10.170964999999999,3.6260000000000003,92.7368,348330.0,4970.0,11,Management Occupations,106980.0,51.43,99900.0,48.03,2010879.1830869822,28691.383285798816,6.535414142011834,False,False,False,False,56.7587651910299,56.7587651910299,197707.80678991444,2820.910629994186,21150781170.385048,281808971.9364192,0.014268079120374358,1.1272433785440334
11-9031.00,"Education and Childcare Administrators, Preschool and Daycare",1319669.5139846154,10134.295346153845,18.42599153846154,3.928235294117647,85.17294117647059,71620.0,550.0,11,Management Occupations,56270.0,27.05,59400.0,28.56,861900.7828570514,6618.897383012821,15.223460416666667,False,True,True,False,65.31186586667633,65.31186586667633,46776.358333713586,359.2152622667198,2632105683.4380636,21337386.578643154,0.00767941915666015,0.6067091668315779
11-9032.00,"Education Administrators, Kindergarten through Secondary",5998869.808296153,52738.554457692306,18.768168846153845,3.776875,81.05875,319630.0,2810.0,11,Management Occupations,104070.0,48.39,124650.0,59.92788461538461,3671803.116309846,32280.34526430769,12.2582512,False,True,True,False,61.2082481142017,61.2082481142017,195639.92344742292,1719.951772009068,20360246833.1733,214391988.38093033,0.008791415073678942,0.6945619200895473
11-9033.00,"Education Administrators, Postsecondary",3399529.7362076924,47210.338134615384,19.269525769230768,3.6974074074074075,66.34962962962963,176420.0,2450.0,11,Management Occupations,103960.0,49.97999999999999,100110.0,48.13,2029588.0631692307,28185.527461538462,11.973419999999999,False,False,False,False,59.70202412270454,59.70202412270456,105326.31095727535,1462.6995910062612,10949723287.118345,146430856.05563682,0.013887314363450858,1.0971612247093214
11-9041.00,Architectural and Engineering Managers,2924808.6847,34484.76532307693,13.905147307692308,3.346315789473684,80.61105263157894,210340.0,2480.0,11,Management Occupations,167740.0,80.64,149990.0,72.11,996019.0572,23491.0155,13.775273846153846,False,False,False,False,34.054160957955524,68.11998075068819,71629.52215896365,844.543191757297,12015136046.944563,126673033.33167697,0.02358490566037736,1.8633152027649065
11-9041.01,Biofuels/Biodiesel Technology and Product Development Managers,4531095.1737,53423.58101538462,21.541766538461538,3.548888888888889,65.62444444444445,210340.0,2480.0,11,Management Occupations,167740.0,80.64,149990.0,72.11,145266.50402307694,3424.119057692308,5.397771923076923,False,False,False,False,3.2059910122005952,6.409377643004219,6743.481495062732,79.50857710257476,1131151585.9818227,11925491.47961519,0.02357129112949779,1.8622395926805702
11-9051.00,Food Service Managers,15459950.063007694,127867.58026153847,63.30078230769231,4.3246153846153845,77.12461538461538,244230.0,2020.0,11,Management Occupations,65310.0,31.4,57450.0,27.62,9895135.533396559,81841.59921983806,44.41716971659919,False,False,False,False,64.00496439554144,64.00496439554142,156319.32454323085,1292.900280789937,10209215085.918407,74277121.13138187,0.00827089219178643,0.653438236442733
11-9071.00,Gambling Managers,208125.23921538462,2297.486406923077,45.04875307692308,4.254736842105263,70.18,4620.0,51.0,11,Management Occupations,85580.0,41.14,85580.0,41.14,123653.6329704142,1365.0076366863905,40.60835547337278,False,True,True,False,59.41308869437385,59.41308869437384,2744.884697680072,30.30067523413066,234907232.42746055,2593131.786536902,0.01103896103896104,0.8721283104889249
11-9081.00,Lodging Managers,1749823.7902307692,19254.4093,42.31738307692308,4.142083333333333,84.895,41350.0,455.0,11,Management Occupations,68130.0,32.76,64160.0,30.850000000000005,1565572.3093269232,17226.974625,39.80442923076923,False,False,False,False,89.47028369756325,89.47028369756323,36995.9623089424,407.0897908239128,2520534912.108246,26118880.979262244,0.011003627569528414,0.8693368051206908
11-9111.00,Medical and Health Services Managers,10661587.530676924,93833.42623846153,18.84205346153846,3.9766666666666666,87.50055555555555,565840.0,4980.0,11,Management Occupations,117960.0,56.71,107980.0,51.91,8472068.780153846,74563.30857692308,14.972551923076923,False,False,False,False,79.46348286103635,79.46348286103637,449636.1714208881,3957.28144647961,53039082780.80796,427307250.5908683,0.008801074508695038,0.6953250595472492
11-9121.00,Natural Sciences Managers,1200077.1593461537,13681.855192307692,11.897265384615384,3.795,83.3125,100870.0,1150.0,11,Management Occupations,161180.0,77.49,117190.0,56.34,108752.90288076922,3723.844065384615,11.897265384615384,False,False,False,False,9.062159214830972,27.217391304347828,9141.000000000002,104.21483097055618,1473346380.0000002,12212936.04143948,0.03424133027021114,2.7052213892280523
11-9121.01,Clinical Research Coordinators,2941782.8445923077,33538.71588461538,29.164100769230767,3.9381818181818184,75.16272727272727,100870.0,1150.0,11,Management Occupations,161180.0,77.49,117190.0,56.34,533929.3594576924,18254.444823076923,27.554781923076924,False,False,False,False,18.149856317205085,54.42797776121912,18307.76006716477,208.72334764785847,2950844767.6256175,24460289.110852536,0.034188876299325086,2.7010772860968038
11-9121.02,Water Resource Specialists,996863.9141999999,11365.059,9.88266,3.505714285714286,93.07190476190476,100870.0,1150.0,11,Management Occupations,161180.0,77.49,117190.0,56.34,17993.50376076923,615.272845,4.454530384615384,False,False,False,False,1.805011045585828,5.413723281154986,1820.7146416824246,20.75762702423702,293462785.9463732,2432586.3109703367,0.034194165471066476,2.7014951548073123
11-9131.00,Postmasters and Mail Superintendents,301335.21450384613,2400.208080769231,21.820073461538463,4.1269230769230765,70.48692307692308,13810.0,110.0,11,Management Occupations,92730.0,44.58,94720.0,45.54,287763.1979846154,2292.103676923077,20.837306153846153,False,False,False,False,95.49604033449017,95.49604033449015,13188.003170193093,105.04564436793919,1222923533.9720056,9949923.4345312,0.007965242577842143,0.6292905217737526
11-9141.00,"Property, Real Estate, and Community Association Managers",4577611.797415385,49535.24093076923,15.43153923076923,3.9722222222222223,77.22222222222223,296640.0,3210.0,11,Management Occupations,66700.0,32.07,59100.0,28.42,3776909.2438153843,40870.68053076923,13.296620769230769,False,False,False,False,82.50829058829116,82.50829058829117,244752.5932011069,2648.5161278841465,16324997966.51383,156527303.15795305,0.010821197411003236,0.8549239898770051
11-9151.00,Social and Community Service Managers,3901607.0141,40315.341799999995,19.95809,3.915625,77.901875,195490.0,2020.0,11,Management Occupations,78240.0,37.61,77600.0,37.31,2974831.706334615,30738.963869230767,15.217308846153845,False,False,False,False,76.24631839095748,76.24631839095748,149053.9278224828,1540.175631497341,11661979312.831055,119517629.00419366,0.010333009361092639,0.8163549055522467
11-9161.00,Emergency Management Directors,52149.507092307686,746.7709846153845,4.148727692307691,3.8552173913043477,94.66347826086958,12570.0,180.0,11,Management Occupations,86130.0,41.41,79750.0,38.34,30780.42973846153,440.7698769230768,3.2195180769230762,False,False,False,False,59.02343369032877,59.02343369032879,7419.245614874327,106.24218064259179,639019624.8091258,8472813.906246696,0.014319809069212411,1.131330280628621
11-9171.00,Funeral Home Managers,206782.37723076923,2679.3448269230767,15.760851923076922,3.978695652173913,90.83826086956523,13120.0,170.0,11,Management Occupations,76830.0,36.94,89060.0,42.82,153245.32179076923,1985.6482244230767,12.40103751923077,True,True,True,True,74.10946901908734,74.10946901908734,9723.16233530426,125.98609733244848,747030562.2214262,11220321.828427862,0.012957317073170731,1.0236871937141343
11-9179.01,Fitness and Wellness Coordinators,204348.30261923076,2259.7143092307692,19.480295769230768,3.82625,91.34541666666667,10490.0,116.0,11,Management Occupations,61340.0,29.49,59840.0,28.77,62856.1304326923,695.0725576923077,15.351188076923076,True,False,True,False,30.75931124801868,30.759311248018683,3226.651749917159,35.68080104770167,197922818.33991855,2135139.1346944678,0.011058150619637752,0.8736443749550921
11-9179.02,Spa Managers,427354.80108846154,4725.753758461538,40.73925653846154,4.081428571428571,90.75333333333333,10490.0,116.0,11,Management Occupations,61340.0,29.49,59840.0,28.77,197862.21861538463,2187.9902153846156,37.723969230769235,True,False,True,False,46.299285303788494,46.299285303788494,4856.795028367414,53.707170952394655,297915807.0400571,3213837.109791296,0.01105815061963775,0.873644374955092
11-9199.01,Regulatory Affairs Managers,6081092.562353846,58692.595176923074,9.637536153846153,3.867037037037037,92.75296296296295,630980.0,6090.0,11,Management Occupations,136550.0,65.65,136550.0,65.65,776375.8315564101,44959.860669230766,7.382571538461538,False,False,False,False,12.767045125455112,76.60227075273069,80557.50133259667,777.5130481402164,11000126806.966076,106169406.72354655,0.057909917905480376,4.575147849983928
11-9199.02,Compliance Managers,14167251.726815384,136737.3974076923,22.452774615384616,3.949655172413793,72.49206896551723,630980.0,6090.0,11,Management Occupations,136550.0,65.65,136550.0,65.65,1834213.3694074897,106219.14564352226,18.272118259109313,False,False,False,False,12.946853806061348,77.6811228363681,81692.05814548589,788.4633967891361,11155050539.766098,107664676.83155654,0.05790991790548037,4.575147849983927
11-9199.08,Loss Prevention Managers,9764933.631653845,94247.75082692307,15.475821153846153,3.8,90.90777777777777,630980.0,6090.0,11,Management Occupations,136550.0,65.65,136550.0,65.65,1253449.6572499997,72587.16674999999,13.175476923076921,False,False,False,False,12.836233245731831,77.017399474391,80994.0645339187,781.7266046650686,11059739512.1066,106744767.86701512,0.05790991790548037,4.575147849983927
11-9199.09,Wind Energy Operations Managers,10660457.09303077,102891.03251538462,16.89507923076923,3.983125,96.07625,630980.0,6090.0,11,Management Occupations,136550.0,65.65,136550.0,65.65,1131845.533305128,65545.08191538462,10.762739230769231,False,False,False,False,10.617232670492784,63.70339602295672,66992.61470427537,646.5894696330106,9147841537.868803,88291792.0783876,0.057909917905480376,4.575147849983928
11-9199.10,Wind Energy Development Managers,3776027.004615384,36444.902307692304,5.984384615384615,3.720666666666667,92.466,630980.0,6090.0,11,Management Occupations,136550.0,65.65,136550.0,65.65,395461.8613076922,22901.16392307692,4.330817692307692,False,True,True,False,10.47296168232708,62.8377700939625,66082.29362314742,637.8033664537191,9023537194.24078,87092049.68925536,0.057909917905480376,4.575147849983928
11-9199.11,Brownfield Redevelopment Specialists and Site Managers,3289709.8477384606,31751.137869230763,5.213651538461537,3.6208695652173915,87.46347826086956,630980.0,6090.0,11,Management Occupations,136550.0,65.65,136550.0,65.65,357361.9541423076,20694.801426923073,3.637158461538461,False,False,False,False,10.863023509139541,65.17814105483724,68543.50573796868,661.558131706598,9359615708.519623,90335762.88453597,0.057909917905480376,4.575147849983928
13-1011.00,"Agents and Business Managers of Artists, Performers, and Athletes",376402.44835384615,3441.0913,26.469933076923077,3.7214285714285715,77.18785714285715,14220.0,130.0,13,Business and Financial Operations Occupations,96310.0,46.3,60470.0,29.07,277049.87342307693,2532.80475,19.483113461538462,False,False,False,False,73.60469482457499,73.60469482457498,10466.587604054565,95.68610327194749,1008037052.1464951,5786138.664854664,0.009142053445850912,0.722263952014076
13-1021.00,"Buyers and Purchasing Agents, Farm Products",4561914.542076923,50256.9513323077,28.107914615384615,3.6875,68.82583333333334,162300.0,1788.0,13,Business and Financial Operations Occupations,75650.0,36.37,75650.0,36.37,3688489.8510000003,40634.749560000004,25.99956,False,False,False,False,80.85398831957788,80.85398831957788,131226.0230426749,1445.6693111540526,9927248643.178356,109364883.38880408,0.011016635859519409,0.8703645194075839
13-1022.00,"Wholesale and Retail Buyers, Except Farm Products",3254423.4324230766,35852.79788769231,20.051900384615383,3.5869999999999997,69.869,162300.0,1788.0,13,Business and Financial Operations Occupations,75650.0,36.37,75650.0,36.37,2308569.682153846,25432.671544615387,17.793492307692308,False,False,False,False,70.93636492271087,70.93636492271087,115129.72026955974,1268.3422048180703,8709563338.392195,95950087.79448701,0.011016635859519409,0.8703645194075839
13-1023.00,"Purchasing Agents, Except Wholesale, Retail, and Farm Products",4360544.437615384,48038.530218461536,26.867186923076922,3.858421052631579,96.05631578947369,162300.0,1788.0,13,Business and Financial Operations Occupations,75650.0,36.37,75650.0,36.37,3921893.231307692,43206.06960923077,25.570251538461537,False,False,False,False,89.9404486622415,89.94044866224151,145973.34817881795,1608.1352220808778,11042883789.727577,121655429.5504184,0.011016635859519409,0.8703645194075839
13-1031.00,"Claims Adjusters, Examiners, and Investigators",20123297.739369232,137885.0313923077,65.97369923076923,4.271481481481481,80.82925925925926,305020.0,2090.0,13,Business and Financial Operations Occupations,76790.0,36.92,66240.0,31.84,16593303.156415384,113697.47425384616,65.95209230769231,False,False,False,False,82.45817048143275,82.45817048143276,251513.91160246613,1723.3757630619446,19313753271.953373,114156410.5452232,0.006852009704281687,0.5413400433027832
13-1032.00,"Insurance Appraisers, Auto Damage",182667.22162692307,1875.9149846153846,23.448937307692308,4.428571428571429,92.83857142857143,7790.0,80.0,13,Business and Financial Operations Occupations,76650.0,36.85,66080.0,31.77,111485.35957307692,1144.9074153846154,14.311342692307692,False,False,False,False,61.031945731770655,61.03194573177066,4754.388572504934,48.82555658541653,364423884.0825032,3226392.779164324,0.010269576379974327,0.8113434104978899
13-1041.00,Compliance Officers,14583969.62616923,140424.37506153845,36.664327692307694,4.315,64.13333333333334,397770.0,3830.0,13,Business and Financial Operations Occupations,78420.0,37.7,64730.0,31.12,2771839.1842507496,186824.06548951048,48.77912937062937,False,False,False,False,19.00606800001152,133.04247600008063,75600.43668364582,727.9324044004413,5928586244.731505,47119064.536840566,0.06740075923272242,5.324967636704101
13-1041.01,Environmental Compliance Inspectors,6045848.662257692,58213.541434615385,15.199358076923076,3.9584615384615387,70.0,397770.0,3830.0,13,Business and Financial Operations Occupations,78420.0,37.7,64730.0,31.12,652137.5987620878,43954.569280769225,11.906415769230769,False,False,False,False,10.78653527722543,75.50574694057802,42905.60137221959,413.124301117734,3364657259.6094604,26741536.01135092,0.06740075923272243,5.324967636704102
13-1041.03,Equal Opportunity Representatives and Officers,10563055.434403846,101708.2794423077,26.55568653846154,4.054444444444445,70.97222222222223,397770.0,3830.0,13,Business and Financial Operations Occupations,78420.0,37.7,64730.0,31.12,820993.5864214286,55335.59105000001,16.588825,False,False,False,False,7.772311633880615,54.4061814371643,30915.92398608692,297.6795355776275,2424426758.9889364,19268796.33793983,0.06740075923272244,5.324967636704103
13-1041.04,Government Property Inspectors and Investigators,3278084.836303846,31563.629542307688,8.241156538461537,3.743846153846154,54.159230769230774,397770.0,3830.0,13,Business and Financial Operations Occupations,78420.0,37.7,64730.0,31.12,302746.7028445055,20405.357626923076,6.561143461538461,False,False,False,False,9.235474917905506,64.64832442533856,36735.94858095273,353.7186893557809,2880833087.718313,22896210.761999696,0.06740075923272243,5.324967636704102
13-1041.06,Coroners,12729691.18371923,122570.12151153845,32.002642692307695,4.592499999999999,94.421,397770.0,3830.0,13,Business and Financial Operations Occupations,78420.0,37.7,64730.0,31.12,945068.277792857,63698.31945,28.673855,False,False,False,False,7.424125724287498,51.96888007001249,29530.944893498377,284.34401524021115,2315816698.548143,18405588.106498867,0.06740075923272244,5.324967636704103
13-1041.07,Regulatory Affairs Specialists,7165845.826546154,68997.63560769231,18.015048461538463,3.799,84.16666666666667,397770.0,3830.0,13,Business and Financial Operations Occupations,78420.0,37.7,64730.0,31.12,891096.7242098901,60060.595761538476,15.959502307692308,False,False,False,False,12.435332070762502,87.04732449533753,49464.02037787201,476.2732183102038,3878968478.032723,30829165.42121949,0.06740075923272244,5.324967636704103
13-1041.08,Customs Brokers,26179455.607176926,252073.59774615386,65.81556076923077,3.9743478260869565,95.0,397770.0,3830.0,13,Business and Financial Operations Occupations,78420.0,37.7,64730.0,31.12,3560793.2853,240000.1709,64.32279538461539,True,False,True,False,13.601479491131327,95.2103564379193,54102.60497187308,520.9366645103298,4242726281.8942866,33720230.29375365,0.06740075923272243,5.324967636704102
13-1051.00,Cost Estimators,1355131.3331846152,15432.18846153846,6.172875384615384,3.869285714285714,91.88214285714285,219530.0,2500.0,13,Business and Financial Operations Occupations,77070.0,37.05,79150.0,38.05,1193910.189876923,13596.207692307693,5.4384830769230765,False,False,False,False,88.10291376491047,88.10291376491047,193412.32658810794,2202.5728441227616,14906288010.14548,174333640.61231658,0.011387965198378354,0.8997012321463128
13-1071.00,Human Resources Specialists,23671072.81786154,269616.8889615385,25.80065923076923,4.067692307692308,75.9326923076923,917460.0,10450.0,13,Business and Financial Operations Occupations,72910.0,35.05,67620.0,32.51,22547550.94899231,256819.8149423077,25.067432692307694,False,False,False,False,95.25360815914752,95.2536081591475,873913.7534169148,9954.002052630916,63717051761.62726,673089618.7989025,0.011390142349530225,0.8998732370251288
13-1074.00,Farm Labor Contractors,4117.635834615385,50.215071153846154,10.04301423076923,4.227142857142857,88.15142857142857,410.0,5.0,13,Business and Financial Operations Occupations,48690.0,23.41,48690.0,23.41,2507.378023076923,30.57778076923077,6.115556153846153,False,False,False,False,60.89363226340605,60.89363226340606,249.66389227996478,3.0446816131703027,12156134.915111486,148245.54774526204,0.012195121951219513,0.9634702999662442
13-1075.00,Labor Relations Specialists,468818.8635692307,1524.2601230769228,7.2583815384615376,3.6592857142857143,76.82785714285714,64590.0,210.0,13,Business and Financial Operations Occupations,93500.0,44.95,91730.0,44.1,93387.15339230768,303.6275307692307,1.6552203846153843,False,False,False,False,19.919666346470965,19.919666346470965,12866.112493185596,41.83129932758903,1202981518.1128533,3837185.0873197415,0.0032512772875058055,0.25686574648426574
13-1081.00,Logisticians,4886196.8722,82321.34435,20.735855,3.804090909090909,93.18045454545454,235640.0,3970.0,13,Business and Financial Operations Occupations,80880.0,38.89,84000.0,40.38,228488.3749680769,67407.2117576923,17.51077769230769,False,False,False,False,4.676200753761289,81.88303081045628,11018.9994561631,185.64516992432317,891216676.0144714,15594194.273643147,0.2950137474920116,23.307432670804126
13-1081.01,Logistics Engineers,2383244.833846153,40152.27461538461,10.113923076923076,3.566333333333333,84.307,235640.0,3970.0,13,Business and Financial Operations Occupations,80880.0,38.89,84000.0,40.38,146544.03554999997,25257.437749999997,6.598853846153845,False,False,False,False,6.1489291183525925,62.90412683201375,14489.33657448605,244.11248599859792,1171897542.1444316,20505448.823882226,0.17235391160892596,13.61674574329301
13-1081.02,Logistics Analysts,10086125.83733846,169928.36349615385,42.80311423076923,3.7638709677419353,78.88516129032259,235640.0,3970.0,13,Business and Financial Operations Occupations,80880.0,38.89,84000.0,40.38,1630942.0807723077,153957.58181153846,40.75765346153846,False,False,False,False,16.17015400238832,90.60146207729655,38103.350891227834,641.9551138948162,3081799020.082507,53924229.56716456,0.09439794559634773,7.457868590712649
13-1111.00,Management Analysts,4840301.409461538,39907.172376923074,5.4148130769230765,3.950909090909091,93.01,893900.0,7370.0,13,Business and Financial Operations Occupations,101190.0,48.65,101190.0,48.65,4340425.997115384,35785.814519230764,5.099259615384614,False,False,False,False,89.67263874582217,89.67263874582217,801583.7177489044,6608.873475567094,81112256399.01163,668751906.9926342,0.008244770108513256,0.6513744726273633
13-1121.00,"Meeting, Convention, and Event Planners",3809366.884823077,54593.28794615385,28.28667769230769,3.958571428571428,76.91809523809523,134670.0,1930.0,13,Business and Financial Operations Occupations,59440.0,28.58,49400.0,23.75,2987026.905761538,42808.06362307692,25.709365384615385,False,False,False,False,78.41268630916521,78.41268630916521,105598.36465255279,1513.3648457668885,6276766794.947738,74760223.38088429,0.014331328432464544,1.132240362906793
13-1131.00,Fundraisers,2346779.698026923,14621.68036153846,22.15406115384615,3.7889285714285714,85.91,105930.0,660.0,13,Business and Financial Operations Occupations,66490.0,31.97,60610.0,29.140000000000004,1536249.1517818682,9571.645805494505,21.50155095238095,False,False,False,False,65.46200962423035,65.46200962423035,69343.90679494721,432.04926351992026,4610676362.79604,26186505.861942366,0.006230529595015576,0.49224027786437397
13-1141.00,"Compensation, Benefits, and Job Analysis Specialists",906916.3433730769,9479.344411538461,8.859200384615384,3.433636363636364,56.49409090909091,102370.0,1070.0,13,Business and Financial Operations Occupations,77020.0,37.03,68030.0,32.71,905326.458526923,9462.726488461538,8.843669615384615,False,False,False,False,99.82469332945962,99.82469332945962,102190.53856136782,1068.124218625218,7870715279.99655,72664490.59307358,0.010452280941682135,0.8257779048455434
13-1151.00,Training and Development Specialists,3766936.234680769,58668.299846153845,8.627691153846154,3.8549999999999995,90.17699999999999,436610.0,6800.0,13,Business and Financial Operations Occupations,65850.0,31.660000000000004,60510.0,29.09,1932646.7762153845,30100.084923076924,4.94195423076923,False,False,False,False,51.30553467887856,51.30553467887857,224005.09496145166,3488.7763581637423,14750735503.211592,211105857.43248805,0.015574540207507846,1.230459767896241
13-1161.00,Market Research Analysts and Marketing Specialists,7355767.129092307,113692.61733076922,8.541894615384615,3.986923076923077,95.22538461538463,861140.0,13310.0,13,Business and Financial Operations Occupations,76950.0,37.0,64900.0,31.2,3516746.0541230766,108711.4522153846,8.167652307692308,False,False,False,False,47.80937178141797,95.61874356283595,411705.62415850273,6363.4273841067325,31680747778.996784,412986437.22852695,0.030912511322200804,2.44222949761748
13-1161.01,Search Marketing Strategists,17069857.230299998,263836.07745,19.822394999999997,3.516111111111111,88.40555555555555,861140.0,13310.0,13,Business and Financial Operations Occupations,76950.0,37.0,64900.0,31.200000000000003,6630971.9221038455,204979.99461923074,15.744631538461537,True,False,True,False,38.846088942873415,77.69217788574682,334519.21032266016,5170.414438296451,25741253234.3287,335559897.0454397,0.0309125113222008,2.4422294976174794
13-1199.04,Business Continuity Planners,4376459.1996153835,35998.52984615384,3.8791519230769222,4.022380952380952,89.60904761904762,1128200.0,9280.0,13,Business and Financial Operations Occupations,81270.0,39.07,79790.0,38.36,632550.8229807691,20812.166769230764,2.671055769230769,False,False,False,False,14.453483835433895,57.81393534173558,163064.2046313652,1341.2832999282653,13252227910.39105,107020994.50127628,0.03290196773621698,2.5994056353919985
13-1199.05,Sustainability Specialists,5708399.101923076,46954.39076923076,5.059740384615385,3.834285714285714,98.75714285714285,1128200.0,9280.0,13,Business and Financial Operations Occupations,81270.0,39.07,79790.0,38.36,908783.5417307692,29900.766769230766,3.7426746153846153,False,False,False,False,15.920112197912253,63.68044879164901,179610.70581684605,1477.3864119662571,14596962061.735079,117880661.81078766,0.03290196773621698,2.5994056353919985
13-1199.06,Online Merchants,73865434.46346153,607579.5353846154,65.47193269230769,3.9535294117647055,73.16647058823528,1128200.0,9280.0,13,Business and Financial Operations Occupations,81270.0,39.07,79790.0,38.36,18310557.77573077,602453.3811692308,64.91954538461539,False,False,False,False,24.789074766477302,99.15629906590918,279670.3415153969,2300.4261383290936,22728808654.956306,183551001.57727838,0.03290196773621698,2.5994056353919985
13-2011.00,Accountants and Auditors,14161886.521499999,161733.90899999999,9.77835,4.1476,82.08879999999999,1448290.0,16540.0,13,Business and Financial Operations Occupations,81680.0,39.27,75100.0,36.11,12714794.348481119,145207.58862097902,9.755888986013986,False,False,False,False,89.7817838688231,89.7817838688231,1300300.597593778,14849.90705190334,106208552811.4598,1115228019.5979407,0.011420364705963585,0.9022609411362488
13-2023.00,Appraisers and Assessors of Real Estate,1099536.0570403845,12099.177875,37.22823961538462,4.167241379310345,86.71344827586208,29535.0,325.0,13,Business and Financial Operations Occupations,65420.0,31.45,65420.0,31.45,1078486.7465307692,11885.811274615384,19.188985692307693,True,False,True,False,98.08561889582106,98.23651984796847,28969.587540880748,318.77826141141844,1895190416.9244184,20854473.861534994,0.011020822752666328,0.8706953030776714
13-2031.00,Budget Analysts,651969.1173,5252.242200000001,13.82169,3.9676923076923076,87.18692307692308,47170.0,380.0,13,Business and Financial Operations Occupations,87930.0,42.27,80420.0,38.66,576985.6896461538,4648.178123076923,12.232047692307692,False,False,False,False,88.4989295253163,88.4989295253163,41744.945057091696,336.2959321962019,3670633018.870073,27044918.867218554,0.008055967776128896,0.636458226562395
13-2041.00,Credit Analysts,1596081.7668038462,20374.503776923077,23.69128346153846,4.0627272727272725,80.45454545454545,67370.0,860.0,13,Business and Financial Operations Occupations,80970.0,38.93,72500.0,34.86,1485568.070626923,18963.76043846154,22.05088423076923,False,False,False,False,93.07593768217609,93.07593768217612,62705.25921648203,800.4530640667144,5077244838.75855,58032847.1448368,0.012765325812676266,1.0085190077722954
13-2052.00,Personal Financial Advisors,2334375.1432615384,22611.885815384616,8.630490769230768,3.8352380952380956,90.05047619047619,270480.0,2620.0,13,Business and Financial Operations Occupations,102140.0,49.11,67210.0,32.31,2211717.768830769,21423.767207692308,8.177010384615384,False,False,False,False,94.74560141779976,94.74560141779975,256267.9027148648,2482.3347571463537,26175203583.296288,166837719.02780643,0.00968648328896776,0.7652763947232619
13-2053.00,Insurance Underwriters,2530888.469030769,10797.706323076922,23.473274615384614,4.197142857142857,95.71428571428571,107820.0,460.0,13,Business and Financial Operations Occupations,79880.0,38.4,63410.0,30.49,2530888.469030769,10797.706323076922,23.473274615384614,False,False,False,False,100.0,100.0,107820.0,460.0,8612661600.0,29168600.0,0.00426636987571879,0.3370626944419099
13-2061.00,Financial Examiners,286857.8562692307,2739.371538461538,4.56561923076923,3.918823529411765,89.76941176470588,62830.0,600.0,13,Business and Financial Operations Occupations,90400.0,43.46,80030.0,38.48,219976.45704230765,2100.6823846153843,3.501137307692307,False,False,False,False,76.68482917053126,76.68482917053126,48181.07816784479,460.1089750231875,4355569466.373169,36822521.27110569,0.009549578226961643,0.7544602699083116
13-2071.00,Credit Counselors,2370648.4061884615,22770.368896153846,84.33469961538462,4.326086956521739,92.8395652173913,28110.0,270.0,13,Business and Financial Operations Occupations,50480.0,24.270000000000003,49250.0,23.68,1810465.9473807693,17389.74762692308,71.18267192307692,False,False,False,False,76.37007422334905,76.37007422334905,21467.62786418342,206.19920040304245,1083685854.5839791,10155310.61984984,0.0096051227321238,0.7588485393544164
13-2072.00,Loan Officers,5378415.729188462,103484.47295,18.512428076923076,3.988235294117647,82.49,290530.0,5590.0,13,Business and Financial Operations Occupations,74180.0,35.66,60870.0,29.27,6082409.716641124,117029.80868076923,23.598313136094674,True,True,True,True,113.08924454523128,113.08924454523131,328558.18217726046,6321.688770078429,24372445953.90918,384801195.43467396,0.019240698034626372,1.5201029707724745
13-2081.00,"Tax Examiners and Collectors, and Revenue Agents",3186899.0175423077,189916.0819346154,59.534821923076926,4.215714285714286,54.46619047619048,53530.0,3190.0,13,Business and Financial Operations Occupations,59740.0,28.72,48530.0,23.33,2780066.1586653846,165671.79238076924,51.93473115384616,False,False,False,False,87.23420928502884,87.23420928502884,46696.47223027593,2782.77127619242,2789647251.036684,135047890.03361815,0.05959275172800299,4.708099403421823
13-2082.00,Tax Preparers,3289218.747742308,65721.78278076922,44.708695769230765,4.453333333333333,100.0,73570.0,1470.0,13,Business and Financial Operations Occupations,50560.0,24.31,58660.0,28.2,2513560.5604576925,50223.37941923077,34.16556423076923,False,False,False,False,76.41816349803368,76.41816349803368,56220.84288550338,1123.347003421095,2842525816.291051,65895535.22068143,0.019980970504281634,1.5785878749209061
13-2099.01,Financial Quantitative Analysts,1005153.9346538461,16640.83799230769,7.886653076923077,3.2952380952380955,88.80952380952381,127450.0,2110.0,13,Business and Financial Operations Occupations,80190.0,38.55,77940.0,37.47,329705.28674999997,10919.188592307692,7.744105384615384,False,False,False,False,32.801472031599175,65.61681928130747,41805.47610427315,692.1110598667426,3352381128.801664,53943136.00601392,0.033118027011156785,2.616475304335811
13-2099.04,"Fraud Examiners, Investigators and Analysts",2120057.172134615,35098.63188076923,16.63442269230769,4.211304347826087,87.55782608695652,127450.0,2110.0,13,Business and Financial Operations Occupations,80190.0,38.55,77940.0,37.47,219528.65388461537,7265.723769230769,13.577775769230769,False,False,False,False,10.354845933875419,20.700874592242176,13197.25114272422,218.48724920477133,1058287569.1350553,17028896.203019876,0.03309692671394799,2.614808284541958
15-1211.00,Computer Systems Analysts,11835830.269384615,66811.3359923077,23.776276153846155,3.494090909090909,81.31,497800.0,2810.0,15,Computer and Mathematical Occupations,103790.0,49.9,93330.0,44.87,3387976.694266154,38256.02833153846,23.776276153846155,True,False,True,False,28.624748895138612,57.25978647686832,142494.00000000003,804.355443953395,14789452260.000004,75070493.58417036,0.01129170351032324,0.892096119394124
15-1211.01,Health Informatics Specialists,7412360.131769231,41841.56683461538,14.890237307692306,3.9811764705882355,97.75941176470589,497800.0,2810.0,15,Computer and Mathematical Occupations,103790.0,49.9,93330.0,44.87,1584410.5909623075,17883.175006538462,14.890237307692306,True,True,True,True,21.37525110486139,42.74021352313168,106406.0,600.6445560466051,11043878740.0,56058156.41582965,0.011286957502396482,0.8917211631042955
15-1212.00,Information Security Analysts,2389953.011873077,22909.876723076923,13.31969576923077,4.047272727272728,89.25272727272727,179430.0,1720.0,15,Computer and Mathematical Occupations,124910.0,60.05,97180.0,46.72,2389953.011873077,22909.876723076923,13.31969576923077,True,False,True,False,100.0,100.0,179430.0,1720.0,22412601300.0,167149600.0,0.00958591094019952,0.7573307200983062
15-1221.00,Computer and Information Research Scientists,769683.2944,17401.883215384616,20.002164615384615,3.4686666666666666,78.06266666666667,38480.0,870.0,15,Computer and Mathematical Occupations,140910.0,67.74,94830.0,45.59,769683.2944,17401.883215384616,20.002164615384615,True,False,True,False,100.0,100.0,38480.0,870.0,5422216800.0,82502100.0,0.02260914760914761,1.7862258627752563
15-1231.00,Computer Network Support Specialists,4510489.3294230765,30798.834615384614,30.798834615384614,3.7973076923076925,86.64307692307692,146450.0,1000.0,15,Computer and Mathematical Occupations,73340.0,35.26,69280.0,33.31,4510489.3294230765,30798.834615384614,30.798834615384614,True,False,True,False,100.0,100.0,146450.0,1000.0,10740643000.0,69280000.0,0.006828269033799932,0.5394644219681258
15-1232.00,Computer User Support Specialists,17634547.81498846,271899.98567307694,25.29302192307692,3.469375,88.588125,697210.0,10750.0,15,Computer and Mathematical Occupations,60340.0,29.01,57560.0,27.67,17461515.30981923,269232.06721153844,25.044843461538463,True,False,True,False,99.01878683261636,99.01878683261634,690368.8836756845,10644.519584506259,41656858440.9908,612698547.2841803,0.015418596979389281,1.218139541056847
15-1241.00,Computer Network Architects,2869741.87815,27398.81235,16.212315,3.597272727272727,93.48484848484848,177010.0,1690.0,15,Computer and Mathematical Occupations,130390.0,62.69,128990.0,62.01,766878.3901353846,14645.041159999999,14.822916153846153,True,False,True,False,26.722904801102125,53.451372172341614,47302.21378843087,451.61709113862594,6167735655.873501,58254088.58597136,0.01909695376526983,1.5087465173586136
15-1241.01,Telecommunications Engineering Specialists,1917793.1272346152,18310.09765,10.834377307692307,3.866153846153846,86.05346153846153,177010.0,1690.0,15,Computer and Mathematical Occupations,130390.0,62.690000000000005,128990.0,62.01,385785.3683826923,7365.47985,10.834377307692307,True,False,True,False,20.116109652503557,40.22632752043242,35607.52569589655,339.9622531273101,4642865275.487951,43851731.030891724,0.019092170034539967,1.5083685807951503
15-1242.00,Database Administrators,627585.7130153846,6860.734769230769,8.575918461538462,3.373333333333333,89.315,73180.0,800.0,15,Computer and Mathematical Occupations,104620.0,50.3,97890.0,47.06,844771.9444011627,11975.313018783541,17.07921923076923,True,False,True,False,134.60662454252744,174.5485494132609,98505.12784022158,1076.8529963402195,10305606474.643982,105413139.8117441,0.014175793950250723,1.119952428859634
15-1243.00,Database Architects,973730.0834653846,9471.205073076922,15.033658846153845,3.7864,97.5244,64770.0,630.0,15,Computer and Mathematical Occupations,135980.0,65.37,127770.0,61.43,844771.9444011627,11975.313018783541,17.07921923076923,True,True,True,True,86.75627453089712,126.43916931779735,56192.039013662055,546.5645295446518,7640993465.077766,69834549.93992016,0.014175793950250723,1.119952428859634
15-1243.01,Data Warehousing Specialists,435725.875776923,4238.185915384615,6.727279230769231,3.839444444444444,97.10055555555556,64770.0,630.0,15,Computer and Mathematical Occupations,135980.0,65.37,127770.0,61.43,217862.9378884615,4238.185915384615,6.727279230769231,True,False,True,False,50.0,100.0,32385.0,315.0,4403712300.0,40247550.0,0.01945345067160723,1.53691140022406
15-1244.00,Network and Computer Systems Administrators,6655998.797942308,51815.54138461538,20.893363461538463,3.5725000000000002,86.69800000000001,318570.0,2480.0,15,Computer and Mathematical Occupations,96800.0,46.54,88330.0,42.47,6655998.797942308,51815.54138461539,20.893363461538463,True,False,True,False,100.0,100.00000000000003,318570.0,2480.0,30837576000.0,219058400.0,0.007784788272593151,0.6150338079578599
15-1251.00,Computer Programmers,3363296.492,36733.92,30.6116,3.621176470588235,81.01176470588236,109870.0,1200.0,15,Computer and Mathematical Occupations,98670.0,47.44,88410.0,42.51,3363296.492,36733.92,30.6116,True,False,True,False,100.0,100.0,109870.0,1200.0,10840872900.0,106092000.0,0.010921998725766815,0.8628877538607302
15-1253.00,Software Quality Assurance Analysts and Testers,7881601.509,169624.0565,39.447455,3.9307407407407404,95.53407407407407,199800.0,4300.0,15,Computer and Mathematical Occupations,102610.0,49.32999999999999,107170.0,51.52000000000001,24231550.16515314,444519.4589736715,35.06440444444444,True,True,True,True,307.44449763773434,262.0615661161667,614274.1062801932,13220.113398422578,63030666045.41062,1416799552.9089477,0.0183446562825735,1.4493115822905964
15-1254.00,Web Developers,1719424.8592615386,38592.21406153846,21.80351076923077,3.631111111111111,93.20962962962962,78860.0,1770.0,15,Computer and Mathematical Occupations,90930.0,43.72,80350.0,38.63,1311677.4677917159,28366.389947041418,19.49580065088757,True,False,True,False,76.2858266661945,73.50288299554121,60159.00290896098,1350.2591319916426,5470258134.511822,108493321.25552848,0.02162604042806183,1.7085559079811623
15-1255.01,Video Game Designers,1931472.4379230768,19765.51686923077,17.33817269230769,3.93625,97.08333333333333,111400.0,1140.0,15,Computer and Mathematical Occupations,98090.0,47.16,99300.0,47.74,965736.2189615384,19765.516869230767,17.33817269230769,True,False,True,False,50.0,99.99999999999997,55700.0,570.0,5463613000.0,56601000.0,0.02046678635547576,1.6169695447189316
15-1299.01,Web Administrators,11516474.26523077,130267.37015384616,26.21073846153846,3.898285714285714,91.24799999999999,439380.0,4970.0,15,Computer and Mathematical Occupations,108970.0,52.39,95640.0,45.98,1891735.7750076922,128389.00453076923,25.832797692307693,True,False,True,False,16.426344829502256,98.55806897701352,72174.07391186702,816.3893380262621,7864808834.176148,78079476.28883171,0.06786835996176431,5.361910228707404
15-1299.02,Geographic Information Systems Technologists and Technicians,16014978.181246154,181151.71733076923,36.44903769230769,3.832692307692308,93.44500000000001,439380.0,4970.0,15,Computer and Mathematical Occupations,108970.0,52.39,95640.0,45.98,2977143.3798470413,202053.8385612426,40.654695887573965,True,True,True,True,18.58974358974359,111.53846153846155,81679.61538461539,923.9102564102566,8900627688.461538,88362776.92307694,0.0678683599617643,5.361910228707403
15-1299.03,Document Management Specialists,8183849.46293077,92570.74020384616,18.62590346153846,3.8330434782608696,88.08434782608695,439380.0,4970.0,15,Computer and Mathematical Occupations,108970.0,52.39,95640.0,45.98,1363974.9104884616,92570.74020384616,18.62590346153846,True,False,True,False,16.666666666666664,100.0,73229.99999999999,828.3333333333333,7979873099.999998,79221800.0,0.06786835996176431,5.361910228707404
15-1299.08,Computer Systems Engineers/Architects,9242391.084507693,104544.32083846153,21.035074615384612,3.7175000000000002,93.28964285714287,439380.0,4970.0,15,Computer and Mathematical Occupations,108970.0,52.39,95640.0,45.98,1540398.5140846153,104544.32083846153,21.035074615384612,True,False,True,False,16.666666666666664,100.0,73229.99999999999,828.3333333333333,7979873099.999998,79221800.0,0.0678683599617643,5.361910228707403
15-1299.09,Information Technology Project Managers,10682897.400553845,120838.45436923076,24.313572307692304,4.055238095238095,98.39047619047618,439380.0,4970.0,15,Computer and Mathematical Occupations,108970.0,52.39,95640.0,45.98,1487181.0732392308,100932.54040692307,20.30835823076923,True,False,True,False,13.921139719661907,83.52683831797144,61166.70370025049,691.8806440671968,6665335702.216295,66171464.798586704,0.0678683599617643,5.361910228707403
15-2011.00,Actuaries,281908.5639,3183.1595076923077,9.947373461538461,3.5493333333333337,84.62933333333334,28340.0,320.0,15,Computer and Mathematical Occupations,125770.0,60.47,128860.0,61.95,146249.89979999998,1651.3750153846154,6.175029615384616,False,False,False,False,51.878487753879824,51.87848775387983,14702.363429449542,166.01116081241543,1849116248.521869,21392198.182287853,0.011291460832745237,0.8920769467577364
15-2021.00,Mathematicians,25071.91239230769,271.0477015384615,11.29365423076923,3.8927272727272726,89.77181818181818,2220.0,24.0,15,Computer and Mathematical Occupations,121680.0,58.5,121680.0,58.5,24019.507816153844,259.67035476923076,11.874923499999998,False,False,False,False,95.8024559128695,95.80245591286952,2126.814521265703,22.99258941908868,258790790.94761077,2797738.2805147106,0.010810810810810811,0.8541034010511571
15-2031.00,Operations Research Analysts,1050814.1382461537,10629.05911923077,9.751430384615384,4.143529411764706,98.04,107760.0,1090.0,15,Computer and Mathematical Occupations,91290.0,43.89,82230.0,39.54,959009.9956615384,9700.45374230769,9.40734076923077,False,False,False,False,91.26352232585681,91.2635223258568,98345.5716583433,994.7723933518392,8977967236.690159,81800133.90532175,0.010115070527097252,0.7991367428636126
15-2041.00,Statisticians,757381.4071538461,8336.278575384615,25.41548346153846,4.084210526315789,94.98842105263158,29800.0,328.0,15,Computer and Mathematical Occupations,103300.0,49.66,88060.0,42.34,325662.1021538461,3584.468775384615,22.48573769230769,False,False,False,False,42.99842841107594,42.99842841107594,12813.531666500632,141.0348451883291,1323637821.1495154,12419528.467284258,0.011006711409395974,0.869580442546715
15-2041.01,Biostatisticians,211187.32769230765,2324.477969230769,7.086823076923076,3.9812,90.66680000000001,29800.0,328.0,15,Computer and Mathematical Occupations,103300.0,49.66,88060.0,42.34,93210.1363076923,1025.9370707692308,6.5635988461538455,False,False,False,False,44.136235505331136,44.136235505331136,13152.598180588679,144.76685245748612,1358663392.0548105,12748169.027406229,0.011006711409395974,0.869580442546715
15-2051.01,Business Intelligence Analysts,4104048.035384615,84914.9760576923,17.580740384615385,3.732941176470588,96.21823529411765,233440.0,4830.0,15,Computer and Mathematical Occupations,112590.0,54.13,116420.0,55.97,1137773.3616615385,70623.44075769231,15.213753461538461,True,False,True,False,27.723197970681422,83.16959391204428,64717.03334275872,1339.0304619839126,7286490784.061204,155889926.3841671,0.06207162440027416,4.903941659586583
15-2051.02,Clinical Data Managers,2772919.0152615383,57373.19586923077,11.87850846153846,3.7285714285714286,93.0952380952381,233440.0,4830.0,15,Computer and Mathematical Occupations,112590.0,54.13,116420.0,55.96999999999999,846932.1416410255,52570.453788461535,10.884151923076923,True,False,True,False,30.54298149277699,91.62894447833096,71299.5359967386,1475.2260061011286,8027614757.872799,171745811.6302934,0.06207162440027416,4.903941659586583
15-2099.01,Bioinformatics Technicians,85406.93682307692,934.7111111538461,18.327668846153845,3.6231578947368424,73.98315789473685,4660.0,51.0,15,Computer and Mathematical Occupations,71490.0,34.37,71490.0,34.37,82125.59423846153,898.7994219230769,17.623518076923077,True,False,True,False,96.15799054892604,96.15799054892604,4480.962359579953,49.04057517995228,320343999.0863708,3505910.7196147884,0.01094420600858369,0.8646422305705651
17-1011.00,"Architects, Except Landscape and Naval",2800991.1880692304,32763.078499999996,25.202368076923076,3.73375,94.04791666666667,111140.0,1300.0,17,Architecture and Engineering Occupations,96690.0,46.49,81710.0,39.29,2200099.655,25734.474999999995,21.50462923076923,False,False,False,False,78.54718231072212,78.5471823107221,87297.33842013657,1021.1133700393875,8440779651.843005,83435173.46591835,0.011696958790714413,0.9241131363721578
17-1012.00,Landscape Architects,263769.7183,1751.28005,13.471385000000001,3.8063157894736848,98.12105263157895,19580.0,130.0,17,Architecture and Engineering Occupations,79660.0,38.3,82180.0,39.51,124347.97116923078,825.5994000000001,9.42459423076923,False,False,False,False,47.142625761082584,47.14262576108259,9230.526124019969,61.285413489407354,735303711.0394307,5036435.280559496,0.006639427987742595,0.5245451173462801
17-1021.00,Cartographers and Photogrammetrists,505202.9437615385,7899.967846153846,39.49983923076923,4.03,77.66071428571429,12790.0,200.0,17,Architecture and Engineering Occupations,78380.0,37.68,65250.0,31.37,491942.5718346154,7692.612538461539,39.49983923076923,False,False,False,False,97.37523858665753,97.37523858665755,12454.293015233497,194.75047717331506,976167486.5340016,12707468.635558808,0.015637216575449572,1.2354114870560131
17-1022.00,Surveyors,1303777.602076923,16211.251269230768,24.562501923076923,4.0216666666666665,87.76333333333334,53080.0,660.0,17,Architecture and Engineering Occupations,72740.0,34.97,64260.0,30.899999999999995,612810.1923999999,9744.00532,24.50256,False,False,False,False,47.00266298667739,60.10643569811474,24949.01351332836,310.2175757120708,1814791242.9595048,19934581.41525767,0.015900527505651848,1.256214252450336
17-1022.01,Geodetic Surveyors,615536.5241076923,7653.619176923077,11.596392692307692,4.13875,94.44624999999999,53080.0,660.0,17,Architecture and Engineering Occupations,72740.0,34.97,64260.0,30.9,260808.11044615385,2338.8217892307694,11.248080384615385,False,False,False,False,42.37085863007598,30.55837683017601,22490.451760844328,279.6476669585015,1635955461.0838163,17970159.078753304,0.008967596081386586,0.7084810238937913
17-2011.00,Aerospace Engineers,756699.2263076924,11056.388461538461,11.05638846153846,3.5485714285714285,72.725,68440.0,1000.0,17,Architecture and Engineering Occupations,134830.0,64.82,130670.0,62.82,565851.7329692309,8267.851153846153,10.160256538461539,False,False,False,False,74.77894958744702,74.778949587447,51178.71309764874,747.7894958744702,6900425886.955979,97713653.42591701,0.01461133839859731,1.154362428363998
17-2021.00,Agricultural Engineers,15541.845415384614,175.77087076923075,9.251098461538461,3.612142857142857,84.47357142857143,1680.0,19.0,17,Architecture and Engineering Occupations,84630.0,40.69,84630.0,40.69,9371.553692307692,105.9878096153846,6.509010384615384,False,False,False,False,60.29884767114558,60.29884767114558,1013.0206408752457,11.45678105751766,85731936.83727205,969587.3808977195,0.011309523809523808,0.8935040043734572
17-2031.00,Bioengineers and Biomedical Engineers,305259.06831538456,5585.710307692307,13.964275769230769,3.496666666666667,82.75366666666667,21860.0,400.0,17,Architecture and Engineering Occupations,106950.0,51.42,86140.0,41.41,229373.20494615383,4197.130923076923,10.492827307692307,False,True,True,False,75.14050482168551,75.14050482168551,16425.714354020452,300.56201928674204,1756730150.1624875,25890412.341359958,0.018298261665141813,1.4456461957407507
17-2041.00,Chemical Engineers,240688.33219615382,2651.9521107692303,11.839071923076922,4.043846153846154,96.15153846153846,20330.0,224.0,17,Architecture and Engineering Occupations,121860.0,58.59,80820.0,38.85,204835.4900688811,2256.918336223776,10.416662517482516,False,False,False,False,85.10403815584475,85.10403815584475,17301.650957083235,190.63304546909225,2108379185.630163,15406962.734812036,0.01101819970486965,0.8704880703285771
17-2051.00,Civil Engineers,4120917.3000346157,53452.150342307694,11.59482653846154,3.59125,73.5125,355410.0,4610.0,17,Architecture and Engineering Occupations,99590.0,47.88,92000.0,44.23,347539.7409973077,13525.223196923076,7.557979615384615,False,False,False,False,8.433552912949462,25.30342205188662,29973.690407913688,388.78678928697025,2985079827.724124,35768384.614401266,0.03891705494776165,3.0746249815544635
17-2051.01,Transportation Engineers,4595191.987396154,59603.936473076916,12.929270384615384,3.661153846153846,89.85961538461538,355410.0,4610.0,17,Architecture and Engineering Occupations,99590.0,47.88,92000.0,44.23,718635.0561330768,27961.972478461536,10.78064769230769,False,False,False,False,15.638847258268493,46.91296268844919,55582.027040612054,720.9508586061775,5535414072.974554,66327478.99176832,0.03890983641811587,3.0740546847627663
17-2051.02,Water/Wastewater Engineers,2404722.513980769,31191.49936538461,6.7660519230769225,3.75,82.29035714285715,355410.0,4610.0,17,Architecture and Engineering Occupations,99590.0,47.88,92000.0,44.23,616420.4156423076,23986.647388461533,6.0112753846153835,True,False,True,False,25.633744103883632,76.90123231165089,91104.88991961282,1181.7156031890354,9073135987.09424,108717835.49339126,0.03891280492951802,3.0742892107135953
17-2061.00,Computer Hardware Engineers,641360.4632038461,3642.649573076923,8.471278076923078,3.6205555555555557,94.93,75710.0,430.0,17,Architecture and Engineering Occupations,155020.0,74.53,104080.0,50.04,479064.8449005917,2720.880772781065,6.327629704142011,False,False,False,False,74.69510086535045,74.69510086535045,56551.660865156824,321.18893372100695,8766638467.31661,33429344.221682403,0.00567956676793026,0.4487116996012385
17-2071.00,Electrical Engineers,3008797.784192308,30599.56430769231,15.937273076923079,3.6295454545454544,71.88409090909092,188790.0,1920.0,17,Architecture and Engineering Occupations,111910.0,53.8,107520.0,51.68999999999999,2278950.384334616,23176.994215384617,13.802644615384617,False,False,False,False,75.74288961218393,75.74288961218392,142995.00129884205,1454.2634805539315,16002570595.353415,156362409.42915872,0.010170030192277132,0.8034788072815586
17-2072.00,"Electronics Engineers, Except Computer",1396058.9962846152,16495.90681153846,14.861177307692307,3.339,78.1875,93940.0,1110.0,17,Architecture and Engineering Occupations,127590.0,61.34000000000001,110390.0,53.07000000000001,301338.71062615386,7119.493753846154,12.274989230769231,False,False,False,False,21.584955322670314,43.1591535717591,20276.907030116494,239.59300408164052,2587130567.9725633,26448671.720572297,0.023626216953847406,1.8665789835184559
17-2072.01,Radio Frequency Identification Device Specialists,1895338.4260461538,22395.418915384616,20.176053076923075,3.765238095238095,89.95380952380953,93940.0,1110.0,17,Architecture and Engineering Occupations,127590.0,61.34,110390.0,53.07,387825.72114730766,9167.638919230769,18.13029730769231,False,False,False,False,20.46208296195139,40.93533125621966,19222.080734457133,227.12912087766043,2452545280.9093857,25072783.653684933,0.023638553142143526,1.8675535987035803
17-2081.00,Environmental Engineers,377388.5641730769,4276.075957692307,9.944362692307692,3.7551724137931037,91.9548275862069,37950.0,430.0,17,Architecture and Engineering Occupations,104170.0,50.08,99180.0,47.68,189668.39290384616,2149.0753346153847,5.542563076923076,False,False,False,False,50.25811879579397,50.25811879579397,19072.95608300381,216.10991082191404,1986829835.1665068,21433780.955317434,0.011330698287220026,0.8951768847644208
17-2111.00,"Health and Safety Engineers, Except Mining Safety Engineers and Inspectors",282958.5984923077,2924.6366769230767,12.185986153846153,3.8468,88.79,23220.0,240.0,17,Architecture and Engineering Occupations,109660.0,52.72,102980.0,49.51,27692.446282840236,571.3247412721894,8.59832946745562,False,False,False,False,9.786748460868228,19.53489627550124,2272.4829926136026,23.488196306083747,249200484.97000766,2418814.4556005043,0.02063106796116505,1.6299485414477481
17-2111.02,Fire-Prevention and Protection Engineers,326258.9419153846,3372.185446153846,14.05077269230769,3.87,91.15384615384616,23220.0,240.0,17,Architecture and Engineering Occupations,109660.0,52.72,102980.0,49.51,47612.278358974356,985.3008205128203,8.98562564102564,False,False,False,False,14.593401817419801,29.21846488711371,3388.587902004878,35.02416436180752,371592549.3338549,3606788.4459789386,0.02069425901201602,1.6349409229066707
17-2112.00,Industrial Engineers,5602449.210957692,73263.90482307693,15.99648576923077,3.5355,79.7645,350230.0,4580.0,17,Architecture and Engineering Occupations,101140.0,48.63,100710.0,48.42,481418.042025,25185.42312,11.513182307692308,False,False,False,False,8.592992526972067,34.37630464936262,30095.23772721427,393.55905773532066,3043832343.730451,39635332.704524145,0.05231507945581342,4.133130074276138
17-2112.01,Human Factors Engineers and Ergonomists,3511624.7390461536,45921.94073846153,10.026624615384614,4.014230769230769,92.11538461538461,350230.0,4580.0,17,Architecture and Engineering Occupations,101140.0,48.63,100710.0,48.42,126347.7926553846,6608.304978461538,4.221133846153846,False,False,False,False,3.5979867452951098,14.390299870159467,12601.228978047064,164.78779293451603,1274488298.83968,16595778.62643511,0.05230249646296381,4.132135960404724
17-2112.02,Validation Engineers,5973837.817592308,78120.59847692307,17.05689923076923,3.8566666666666665,94.88714285714286,350230.0,4580.0,17,Architecture and Engineering Occupations,101140.0,48.63,100710.0,48.42,1107852.9241538462,57950.10584615385,13.772813461538462,True,False,True,False,18.54507869114456,74.18031476457824,64950.4290999956,849.364604054421,6569086399.173555,85539509.27432074,0.052308482996887756,4.132608923910832
17-2112.03,Manufacturing Engineers,5687453.803665385,74375.52014615384,16.239196538461538,3.682916666666667,92.5,350230.0,4580.0,17,Architecture and Engineering Occupations,101140.0,48.63,100710.0,48.42,1132067.2241484162,59216.719145701354,12.929414660633483,True,False,True,False,19.90464034044258,79.61856136177033,69712.02186433204,911.6325275922702,7050673891.358542,91810511.85381754,0.05230848299688776,4.132608923910833
17-2121.00,Marine Engineers and Naval Architects,100139.02236923076,1103.427616153846,11.864813076923076,3.6910714285714286,84.02035714285715,8440.0,93.0,17,Architecture and Engineering Occupations,105670.0,50.8,105670.0,50.8,78285.94095531135,862.6294441758241,10.109208534798533,False,False,False,False,78.17725708031867,78.17725708031867,6598.160497578896,72.70484908469636,697227619.7791619,7682721.402779865,0.011018957345971563,0.8705479274339547
17-2131.00,Materials Engineers,534227.7344884615,11496.336842307692,23.461911923076922,3.776666666666667,90.93095238095238,22770.0,490.0,17,Architecture and Engineering Occupations,108310.0,52.07,85720.0,41.21,308200.03335,6632.32395,16.23061978021978,False,False,False,False,57.690758725791426,57.69075872579143,13136.185761862707,282.68471775637795,1422780279.8673499,24231734.00607672,0.021519543258673696,1.700142145482815
17-2141.00,Mechanical Engineers,11712176.841138462,144584.69109230768,40.843133076923074,3.5475,66.93285714285715,286760.0,3540.0,17,Architecture and Engineering Occupations,102320.0,49.19,99050.0,47.62,3389778.9675333337,125538.6129,35.462885,False,False,False,False,28.94234789579762,86.82704368739286,82995.07682598926,1024.5591155112356,8492056260.835221,101482580.3913879,0.03703445389873064,2.9258909053654762
17-2141.01,Fuel Cell Engineers,5955371.4604,73517.9766,20.767789999999998,3.623076923076923,95.62884615384615,286760.0,3540.0,17,Architecture and Engineering Occupations,102320.0,49.190000000000005,99050.0,47.62,1177205.1667384617,43597.15047692308,16.62915269230769,False,False,False,False,19.76711569658147,59.30134708974442,56684.180971517024,699.7558956589841,5799925397.005622,69310821.46502237,0.03703445389873065,2.9258909053654767
17-2141.02,Automotive Engineers,3215837.9249384613,39698.93379230769,11.214388076923075,3.7004,89.714,286760.0,3540.0,17,Architecture and Engineering Occupations,102320.0,49.19,99050.0,47.62,872432.1535179488,32310.048369230764,9.127132307692307,False,False,False,False,27.129232687765004,81.38769806329499,77795.78765543492,960.3748371468812,7960064992.904101,95125127.61939858,0.037034453898730633,2.925890905365476
17-2151.00,"Mining and Geological Engineers, Including Mining Safety Engineers",53346.31890769231,1733.5583692307694,7.879810769230769,3.7344444444444442,66.77833333333334,6770.0,220.0,17,Architecture and Engineering Occupations,101020.0,48.57,110960.0,53.35,32658.849746153843,1061.2920153846153,5.678666538461538,False,False,False,False,61.22043735138504,61.22043735138504,4144.623608688767,134.68496217304707,418689876.9497392,14944643.402721303,0.03249630723781389,2.567356604341366
17-2161.00,Nuclear Engineers,103004.7754153846,1132.0741938461538,6.988112307692307,3.8939999999999997,87.618,14740.0,162.0,17,Architecture and Engineering Occupations,127520.0,61.31,127520.0,61.31,68252.4078076923,750.1282269230769,4.630421153846154,False,False,False,False,66.26140150536968,66.26140150536966,9766.93058189149,107.34347043869887,1245478987.8028028,13688439.350342881,0.010990502035278155,0.868299828002143
17-2171.00,Petroleum Engineers,286276.12407692306,5734.577076923077,15.090992307692307,3.744782608695652,68.10565217391304,18970.0,380.0,17,Architecture and Engineering Occupations,141280.0,67.92,166580.0,80.09,176293.47782307692,3531.445523076923,10.596074999999999,False,False,False,False,61.58162102813242,61.581621028132425,11682.033509036719,234.01015990690317,1650437694.1567078,38981412.43729193,0.02003162888771745,1.5825901184474525
17-2199.03,"Energy Engineers, Except Wind and Solar",1233751.7994230767,12439.819138461537,8.184091538461537,3.7304761904761907,91.77238095238096,150750.0,1520.0,17,Architecture and Engineering Occupations,117750.0,56.61,113290.0,54.46999999999999,90171.51111778845,7273.536153846153,5.094756153846153,False,True,True,False,7.30872377733951,58.469790218716064,11017.901094339311,111.09260141556055,1297357853.858454,12585680.814368855,0.08066334991708125,6.372772839153177
17-2199.05,Mechatronics Engineers,3568334.1369230766,35979.22313846154,23.67054153846154,3.6030434782608696,68.74826086956521,150750.0,1520.0,17,Architecture and Engineering Occupations,117750.0,56.61,113290.0,54.47,440880.108858173,35562.86649230769,23.39662269230769,False,False,False,False,12.355348236483751,98.84278589187,18625.687466499254,187.801293194553,2193174699.1802874,21276008.506010912,0.08066334991708125,6.372772839153177
17-2199.06,Microsystems Engineers,1062922.5951923076,10717.362153846152,7.050896153846153,3.5112,63.5576,150750.0,1520.0,17,Architecture and Engineering Occupations,117750.0,56.61,113290.0,54.47,117590.85243389421,9485.272076923076,6.523961057692307,False,False,False,False,11.062974196406019,88.50379357124818,16677.433601082073,168.1572077853715,1963767806.527414,19050530.070004735,0.08066334991708127,6.3727728391531775
17-2199.07,Photonics Engineers,1300952.7285576921,13117.400646153845,8.629868846153846,3.3123076923076926,82.44,150750.0,1520.0,17,Architecture and Engineering Occupations,117750.0,56.61,113290.0,54.47,145603.34031359263,11744.853188811187,7.747704405594404,False,False,False,False,11.19205464713668,89.53643717709345,16872.022380558545,170.11923063647754,1986680635.3107686,19272807.63880654,0.08066334991708125,6.372772839153177
17-2199.08,Robotics Engineers,2461721.8725,24821.3416,16.329829999999998,3.6304166666666666,81.25,150750.0,1520.0,17,Architecture and Engineering Occupations,117750.0,56.60999999999999,113290.0,54.47,264584.2312860577,21342.25043076923,14.04095423076923,False,False,False,False,10.747933559909404,85.98346847927523,16202.509841563427,163.36859011062293,1907845533.8440936,18508027.57363247,0.08066334991708125,6.372772839153177
17-2199.09,Nanosystems Engineers,3266502.834807692,32935.88264615384,21.668343846153846,3.3731999999999998,84.7616,150750.0,1520.0,17,Architecture and Engineering Occupations,117750.0,56.61,113290.0,54.47,243074.94587740384,19607.239415384614,13.261518846153846,False,False,False,False,7.441442979544033,59.53154383635228,11217.975291662631,113.1099332890693,1320916590.5932748,12814224.342318662,0.08066334991708125,6.372772839153177
17-2199.10,Wind Energy Engineers,1588832.9299038462,16020.073323076924,10.539521923076924,3.3475,53.694375,150750.0,1520.0,17,Architecture and Engineering Occupations,117750.0,56.61,113290.0,54.47,87750.6183173077,7078.258830769231,4.656749230769231,False,False,False,False,5.522960700633152,44.183685605065214,8325.863256204477,83.9490026496239,980370398.4180771,9510582.510175893,0.08066334991708125,6.372772839153177
17-2199.11,Solar Energy Systems Engineers,1638306.5287499998,16518.9116,10.867704999999999,3.7507692307692304,88.18769230769232,150750.0,1520.0,17,Architecture and Engineering Occupations,117750.0,56.61,113290.0,54.47,161170.2748557692,13000.534276923077,9.978449615384616,False,False,False,False,9.837614147746784,78.70091318197427,14830.203327728277,149.53173504575113,1746256441.8400047,16940450.263333146,0.08066334991708127,6.3727728391531775
17-3011.00,Architectural and Civil Drafters,4427743.655865384,64668.09538461538,40.41755961538461,3.7256,83.39119999999998,109550.0,1600.0,17,Architecture and Engineering Occupations,64280.0,30.9,62350.0,29.97,4479213.622130435,65419.82469565217,40.88739043478261,False,False,False,False,101.1624423242495,101.16244232424947,110823.45556621533,1618.599077187992,7123731723.796321,100919652.4626713,0.014605203103605658,1.1538777120545067
17-3012.00,Electrical and Electronics Drafters,1087911.0781,11411.654665384614,54.34121269230769,3.7340740740740737,70.83111111111111,20020.0,210.0,17,Architecture and Engineering Occupations,73720.0,35.44,64200.0,30.87,1039274.7498913044,10901.483390468227,51.91182566889632,False,False,False,False,95.52938386346452,95.52938386346453,19124.982649465597,200.61170611327546,1409893720.918604,12879271.532472285,0.010489510489510488,0.8287192090618742
17-3013.00,Mechanical Drafters,1513709.3038846154,23141.921688461538,37.93757653846154,3.8973333333333335,84.99600000000001,39900.0,610.0,17,Architecture and Engineering Occupations,68510.0,32.94,68520.0,32.94,1376734.3073076922,21047.81773076923,34.81238153846154,False,False,False,False,90.95103688499464,90.95103688499465,36289.463717112856,554.8013249984673,2486191159.259402,38014986.78889498,0.015288220551378448,1.2078392081281089
17-3021.00,Aerospace Engineering and Operations Technologists and Technicians,115342.08293076923,3182.7285576923077,12.730914230769232,4.329090909090909,73.27454545454545,9060.0,250.0,17,Architecture and Engineering Occupations,79830.0,38.38,78610.0,37.79,74959.70109230769,2068.4244230769227,11.411500384615385,False,True,True,False,64.98903018536616,64.98903018536616,5888.006134794174,162.4725754634154,470039529.7406189,12771969.157179086,0.027593818984547457,2.180037654449007
17-3022.00,Civil Engineering Technologists and Technicians,796294.2348807693,11663.08955,12.816581923076923,3.8757142857142854,68.12214285714286,62130.0,910.0,17,Architecture and Engineering Occupations,64200.0,30.86,61770.0,29.7,661055.9116730769,9682.293249999999,11.821466153846155,False,True,True,False,83.01653870093108,83.01653870093108,51578.17549488848,755.4505021784728,3311318866.77184,46664177.51956426,0.014646708514405278,1.1571568289631602
17-3023.00,Electrical and Electronic Engineering Technologists and Technicians,2698829.213319231,34641.42771923077,29.110443461538463,3.7119230769230773,84.31692307692308,92710.0,1190.0,17,Architecture and Engineering Occupations,77180.0,37.11,65830.0,31.65,2374011.1738690473,30472.152916666666,25.60685119047619,False,True,True,False,87.96448334532822,87.96448334532823,81551.8725094538,1046.777351809406,6294173520.279644,68909353.06961319,0.012835724301585591,1.0140808097368799
17-3024.00,Electro-Mechanical and Mechatronics Technologists and Technicians,677929.0511692308,18472.18123076923,46.18045307692308,3.799615384615385,65.01615384615386,14680.0,400.0,17,Architecture and Engineering Occupations,70760.0,34.02,69770.0,33.54,178119.18737307691,17222.06307692308,48.36227,False,True,True,False,26.27401600003319,93.23242805909774,3857.025548804872,105.09606400013276,272923127.83343273,7332552.385289262,0.09668842156151804,7.638826647061354
17-3024.01,Robotics Technicians,182286.92949230768,4966.9463076923075,12.417365769230768,3.7240909090909096,76.03272727272727,14680.0,400.0,17,Architecture and Engineering Occupations,70760.0,34.02,69770.0,33.54,28839.452278461536,3601.5550769230767,9.70339,False,False,False,False,15.820910670218147,72.5104491535443,2322.509686388024,63.28364268087259,164340785.40881658,4415299.74984448,0.12488292226038089,9.866320898811367
17-3025.00,Environmental Engineering Technologists and Technicians,254267.83173076922,1830.7283884615385,20.341426538461537,3.6915384615384617,65.345,12500.0,90.0,17,Architecture and Engineering Occupations,58890.0,28.31,50100.0,24.09,214577.98076923078,1544.9614615384617,18.858493846153845,False,True,True,False,84.39053391403284,84.39053391403284,10548.816739254105,75.95148052262957,621219817.7746743,3805169.174183741,0.0072,0.5688328651000706
17-3026.00,Industrial Engineering Technologists and Technicians,470368.53279230767,8457.791353846154,6.407417692307693,3.4514285714285715,70.76571428571428,73410.0,1320.0,17,Architecture and Engineering Occupations,64790.0,31.15,65330.0,31.41,552922.5445084616,19884.423341538462,16.64963676923077,False,True,True,False,117.55092145005497,235.1018429001099,86294.13143648535,1551.6721631407258,5590996775.769886,101370742.41798362,0.03596240294237842,2.841193986332823
17-3026.01,Nanotechnology Engineering Technologists and Technicians,1770427.3041576922,31834.410046153844,24.116977307692306,3.8286956521739133,88.91434782608695,73410.0,1320.0,17,Architecture and Engineering Occupations,64790.0,31.15,65330.0,31.41,533003.8425618132,19168.098956043956,15.896585934065932,True,True,True,True,30.10594342451117,60.21188684902234,22100.773067933653,397.3984532035475,1431909087.0714214,25962040.947787758,0.03596240294237842,2.841193986332823
17-3027.00,Mechanical Engineering Technologists and Technicians,744793.5727884616,23467.461038461537,19.887678846153847,3.496923076923077,74.40038461538461,37450.0,1180.0,17,Architecture and Engineering Occupations,68730.0,33.04,60830.0,29.25,241015.57961999997,15179.852596153845,22.01682,False,True,True,False,32.36005094910425,64.68468221285261,12118.83908043954,381.8486011994301,832927809.9986097,23227850.410961334,0.06298286865972456,4.97593411554619
17-3027.01,Automotive Engineering Technicians,851540.4766346153,26830.914884615384,22.73806346153846,3.7994444444444446,95.26888888888888,37450.0,1180.0,17,Architecture and Engineering Occupations,68730.0,33.04,60830.0,29.25,129590.0556826923,8174.229711538461,20.722400384615383,False,False,False,False,15.218308376232088,30.465713698885068,5699.256486898917,179.57603883953863,391709898.34456253,10923610.442609135,0.06307760011735368,4.983418333109839
17-3029.01,Non-Destructive Testing Specialists,4593976.18928077,77743.1151423077,71.32395884615384,4.469375,90.218125,64410.0,1090.0,17,Architecture and Engineering Occupations,77390.0,37.21,64680.0,31.09,1596964.6695346152,54050.349007692304,66.71962192307693,False,False,False,False,34.76214511648645,69.5242902329729,22390.29766952892,378.90738176970234,1732785136.6448433,24507729.45286435,0.03384567613724577,2.6739629067220276
17-3029.08,Photonics Technicians,1672910.5500807692,28310.394342307693,25.972838846153845,3.6183333333333336,64.83666666666666,64410.0,1090.0,17,Architecture and Engineering Occupations,77390.0,37.21,64680.0,31.09,451242.8719673077,15272.620103846153,16.981273846153847,False,False,False,False,26.973520607274633,53.947041214549266,17373.644623145592,294.0113746192935,1344546357.3852375,19016655.710375905,0.03384567613724577,2.6739629067220276
17-3031.00,Surveying and Mapping Technicians,2410532.8086153846,19974.443230769233,42.49881538461538,3.895263157894737,82.2421052631579,56720.0,470.0,17,Architecture and Engineering Occupations,51940.0,24.97,48720.0,23.42,3108759.680489069,25760.17365708502,64.86661295546558,False,False,False,False,128.96566557311232,128.96566557311232,73149.3255130693,606.1386281936279,3799375967.1488194,29531073.965593554,0.008286318758815232,0.6546570056540735
19-1011.00,Animal Scientists,25326.5193,276.8485915384615,10.253651538461538,4.017777777777777,87.92333333333333,2470.0,27.0,19,"Life, Physical, and Social Science Occupations",79120.0,38.04,79120.0,38.04,6247.117349999999,68.2883273076923,2.529197307692307,False,False,False,False,24.666308370293894,24.666308370293898,609.2578167462592,6.659903259979351,48204478.46096403,526931.5459295663,0.010931174089068827,0.8636126494434271
19-1012.00,Food Scientists and Technologists,103610.32528846154,937.32375,7.210182692307692,3.7707692307692304,86.95538461538462,14370.0,130.0,19,"Life, Physical, and Social Science Occupations",85310.0,41.02,69170.0,33.26,50534.39867307692,457.16574999999995,4.191033846153846,False,False,False,False,48.77351608769115,48.77351608769114,7008.7542618012185,63.40557091399849,597916826.0742619,4385763.340121276,0.009046624913013222,0.7147246623270817
19-1013.00,Soil and Plant Scientists,219194.8979230769,924.3158346153846,13.204511923076922,3.3622222222222224,75.40518518518519,16600.0,70.0,19,"Life, Physical, and Social Science Occupations",71410.0,34.33,72550.0,34.88,122693.39007692307,517.3817653846154,7.71481423076923,False,False,False,False,55.97456475468714,55.97456475468715,9291.777749278064,39.182195328281,663525849.0759466,2842668.2710667863,0.004216867469879518,0.3331517784220628
19-1021.00,Biochemists and Biophysicists,1057233.5910615386,11331.878003846154,30.626697307692307,3.8562499999999997,82.25875,34520.0,370.0,19,"Life, Physical, and Social Science Occupations",103650.0,49.830000000000005,78260.0,37.63,560947.2782307692,6012.470826923077,18.373212307692306,False,False,False,False,53.0580264355333,53.058026435533314,18315.630725546096,196.3146978114732,1898415124.702853,15363588.250725891,0.010718424101969872,0.8468044293446074
19-1022.00,Microbiologists,634060.628,4492.332384615384,32.08808846153846,3.9435714285714285,83.44142857142857,19760.0,140.0,19,"Life, Physical, and Social Science Occupations",87330.0,41.98,67780.0,32.59,178078.2144,1261.6877538461538,24.85775730769231,False,False,False,False,28.08536069519207,28.08536069519207,5549.667273369953,39.31950497326889,484652442.983398,2665076.0470881653,0.00708502024291498,0.559748939454073
19-1023.00,Zoologists and Wildlife Biologists,147778.64224615385,3056.8868076923077,8.733962307692307,3.525714285714286,76.48642857142856,16920.0,350.0,19,"Life, Physical, and Social Science Occupations",72860.0,35.03,69990.0,33.65,65692.57029230769,1358.8888653846154,5.023724615384616,False,False,False,False,44.45335895215767,44.45335895215767,7521.508334705078,155.58675633255186,548017097.2666119,10889517.075715305,0.020685579196217496,1.634255177838724
19-1029.01,Bioinformatics Scientists,762580.6844115384,6513.417334615385,12.771406538461537,3.5395000000000003,76.7255,59710.0,510.0,19,"Life, Physical, and Social Science Occupations",93330.0,44.87,89860.0,43.2,76857.12695692308,2627.4277384615384,9.731213846153846,False,False,False,False,10.078556738718278,40.338697852172665,6017.906228688684,51.40063936746322,561651188.3235148,4618861.453560245,0.03418586984046594,2.7008397621236573
19-1029.02,Molecular and Cellular Biologists,853749.5639076923,7292.116523076923,14.298267692307691,3.7681818181818185,94.05636363636363,59710.0,510.0,19,"Life, Physical, and Social Science Occupations",93330.0,44.87,89860.0,43.2,29786.25373076923,1014.3426946153846,8.902693076923077,False,False,False,False,3.488874839880999,13.910127346502971,2083.2071668929443,17.793261683393094,194425724.8861185,1598902.4948697034,0.03405405405405405,2.6904257133111447
19-1029.03,Geneticists,684223.6188576923,5844.147473076923,11.459112692307691,3.7412500000000004,87.01375,59710.0,510.0,19,"Life, Physical, and Social Science Occupations",93330.0,44.87,89860.0,43.20000000000001,23457.670461538462,803.2966153846154,7.046461538461538,False,False,False,False,3.428363157165039,13.745317329606719,2047.0756411432446,17.4846521015417,191053569.58789903,1571170.837844537,0.0342445178732352,2.705473224417077
19-1029.04,Biologists,1823733.7371076923,15577.025723076924,30.543187692307693,3.6699999999999995,68.20904761904762,59710.0,510.0,19,"Life, Physical, and Social Science Occupations",93330.0,44.87,89860.0,43.2,349256.57418371394,11932.396773317309,24.059725264423076,True,False,True,False,19.15063405788661,76.60253623154644,11434.843595964094,97.66823369522172,1067213952.8113289,8776467.479852624,0.0341651314687657,2.6992013360970244
19-1031.00,Conservation Scientists,240474.48579230768,2819.1616153846153,9.397205384615384,3.8676666666666666,83.61566666666666,25590.0,300.0,19,"Life, Physical, and Social Science Occupations",67950.0,32.67,77380.0,37.2,5697.60131,200.67343,2.9322853846153847,False,False,False,False,2.3693163502263968,7.118195313986011,606.3080540229349,7.10794905067919,41198632.27085843,550013.0975415558,0.03522068658047258,2.782595008105809
19-1031.02,Range Managers,156557.73027692307,1835.3778461538461,6.117926153846153,3.669375,84.485625,25590.0,300.0,19,"Life, Physical, and Social Science Occupations",67950.0,32.67,77380.0,37.2,849.7360853846154,30.40805076923077,1.984001923076923,False,False,False,False,0.542762138849089,1.6567733359620103,138.89283133148186,1.6282864165472668,9437767.888974192,125996.8029124275,0.03578528827037773,2.827201118787627
19-1031.03,Park Naturalists,457363.82013461535,5361.82673076923,17.872755769230768,3.6119999999999997,86.2145,25590.0,300.0,19,"Life, Physical, and Social Science Occupations",67950.0,32.67,77380.0,37.2,88073.94238153847,3091.1151976923074,15.90564423076923,False,False,False,False,19.256866963288825,57.65041193803819,4927.8322559056105,57.77060088986647,334846201.78878623,4470289.096857867,0.03509681881051175,2.7728088888724236
19-1032.00,Foresters,68150.40444230768,282.48872307692307,7.062218076923076,3.2895999999999996,68.5616,9650.0,40.0,19,"Life, Physical, and Social Science Occupations",70660.0,33.97,68930.0,33.14,5598.521730769229,23.206307692307686,2.3515215384615384,False,False,False,False,8.214950118907401,8.2149501189074,792.7426864745643,3.2859800475629606,56015198.226292714,226502.60467851488,0.004145077720207254,0.32748006050666123
19-1041.00,Epidemiologists,159844.44583846154,2510.645746153846,13.948031923076925,3.8449999999999998,90.46124999999999,11460.0,180.0,19,"Life, Physical, and Social Science Occupations",83980.0,40.38,72160.0,34.69,83650.0353,1313.8749000000003,7.299305,False,False,False,False,52.332150085800635,52.33215008580064,5997.264399832752,94.19787015444113,503650264.2979545,6797318.3103444725,0.015706806282722516,1.2409093915795608
19-1042.00,"Medical Scientists, Except Epidemiologists",2370289.019076923,25022.244923076923,15.164996923076922,4.117142857142857,67.44785714285715,156300.0,1650.0,19,"Life, Physical, and Social Science Occupations",100590.0,48.36,78570.0,37.77,1599962.906076923,16890.20342307692,10.236486923076923,False,False,False,False,67.50075173111198,67.50075173111196,105503.67495572801,1113.7624035633476,10612614663.79668,87508312.04797222,0.010556621880998079,0.8340213153258658
19-2011.00,Astronomers,8418.5448,91.7405523076923,5.396503076923076,3.9105882352941177,92.83764705882353,1560.0,17.0,19,"Life, Physical, and Social Science Occupations",132170.0,63.540000000000006,132170.0,63.540000000000006,5370.891,58.528940384615375,3.4428788461538455,False,False,False,False,63.798330086691465,63.798330086691465,995.2539493523868,10.845716114737549,131542714.48590496,1433478.2988848619,0.010897435897435897,0.8609471783031695
19-2012.00,Physicists,299754.27984615386,842.7955384615385,14.046592307692308,3.943,77.899,21340.0,60.0,19,"Life, Physical, and Social Science Occupations",166290.0,79.95,133900.0,64.37,252353.5025,709.5225,11.825375000000001,False,False,False,False,84.18678880232106,84.18678880232106,17965.460730415314,50.51207328139264,2987476464.8607626,6763566.612378474,0.0028116213683223993,0.22213092201658488
19-2021.00,Atmospheric and Space Scientists,328318.0772923077,3627.204270769231,37.39385846153846,3.764074074074074,76.29629629629629,8780.0,97.0,19,"Life, Physical, and Social Science Occupations",97450.0,46.85,59640.0,28.67,310017.7747076923,3425.0255292307693,35.30954153846154,False,False,False,False,94.42604478695145,94.42604478695145,8290.606732294336,91.5932634433429,807919626.0620831,5462622.231760971,0.011047835990888382,0.8728294722017661
19-2031.00,Chemists,1125829.3577884615,10007.372069230769,13.52347576923077,3.855,89.64666666666666,83250.0,740.0,19,"Life, Physical, and Social Science Occupations",84150.0,40.46,77270.0,37.15,610196.5324038462,5423.969176923077,10.490594615384616,False,False,False,False,54.199735349102475,54.199735349102475,45121.279678127816,401.07804158335836,3796955684.914456,30991300.2731461,0.008888888888888889,0.7022627964198402
19-2032.00,Materials Scientists,107384.16376153845,1031.3004923076921,12.891256153846154,3.94375,89.285625,8330.0,80.0,19,"Life, Physical, and Social Science Occupations",104160.0,50.08,118720.0,57.08,54963.64356538461,527.862123076923,10.731302307692307,False,False,False,False,51.18412402729984,51.18412402729984,4263.637531474076,40.94729922183987,444100485.2783398,4861263.36361683,0.009603841536614645,0.7587473190610518
19-2041.00,"Environmental Scientists and Specialists, Including Health",945298.4042538462,9572.078507692308,11.130323846153846,3.4513636363636366,70.89999999999999,84930.0,860.0,19,"Life, Physical, and Social Science Occupations",80060.0,38.49,81480.0,39.17,26804.328869999998,5200.0277076923085,6.835961923076923,False,False,False,False,2.835541533697764,54.324958821780086,2408.225424569511,24.385657189800767,192802527.49103504,1986943.3478249665,0.19399954883825857,15.326849888026068
19-2041.01,Climate Change Policy Analysts,308323.76357307687,3122.0821461538458,3.6303280769230764,4.090714285714285,97.515,84930.0,860.0,19,"Life, Physical, and Social Science Occupations",80060.0,38.49,81480.0,39.17,12741.271938461538,2156.5624615384613,2.507630769230769,False,True,True,False,4.132432671035972,69.07449453869025,3509.675067510851,35.53892097090936,280984585.90491873,2895711.2807096946,0.16925802007478843,13.372156180598218
19-2041.02,Environmental Restoration Planners,702091.516973077,7109.368946153847,8.266708076923077,3.8865217391304347,94.66260869565217,84930.0,860.0,19,"Life, Physical, and Social Science Occupations",80060.0,38.49,81480.0,39.17,4734.058534615383,953.2405384615382,1.3990399999999996,False,False,False,False,0.6742794094743235,13.40822998048567,572.665502466543,5.798802921479182,45847600.12747143,472486.4620421238,0.20135799578553035,15.908200785207105
19-2041.03,Industrial Ecologists,1104303.5009538461,11182.161907692307,13.002513846153844,3.4678947368421054,89.70184210526315,84930.0,860.0,19,"Life, Physical, and Social Science Occupations",80060.0,38.49,81480.0,39.17,44786.30955615384,5172.045953846154,7.157304999999999,False,False,False,False,4.0556160075078544,46.25264771285648,3444.4346751764206,34.87829766456755,275761440.0946242,2841883.6937089637,0.11548274472942124,9.123663965841217
19-2042.00,"Geoscientists, Except Hydrologists and Geographers",360298.6529423077,5442.094269230769,16.006159615384615,3.6296875,60.8021875,22510.0,340.0,19,"Life, Physical, and Social Science Occupations",99240.0,47.71,104000.0,50.0,319872.38985000004,4831.4799,14.210235,False,False,False,False,88.77979066472366,88.77979066472368,19984.330878629295,301.85128826006047,1983244996.3951712,31392533.97904629,0.015104398045313194,1.1933163910732514
19-2043.00,Hydrologists,54864.48879999999,959.1693846153845,9.591693846153845,3.536,88.6156,5720.0,100.0,19,"Life, Physical, and Social Science Occupations",92060.0,44.26,89310.0,42.94,28551.586387499996,499.15360817307686,5.801026466346153,False,False,False,False,52.040193961490075,52.040193961490075,2976.699094597232,52.040193961490075,274034918.6486212,4647709.722700679,0.017482517482517484,1.3811986817697908
19-2099.01,Remote Sensing Scientists and Technologists,697420.3051461538,3706.396661538461,30.886638846153843,3.8633333333333333,95.16666666666667,22580.0,120.0,19,"Life, Physical, and Social Science Occupations",117960.0,56.71,106850.0,51.37,577683.1332538461,3070.060938461538,26.224391153846152,False,False,False,False,82.83141872859363,82.83141872859365,18703.33434891644,99.39770247431235,2206245319.7981834,10620644.509380275,0.005314437555358724,0.41986482514029416
19-3011.00,Economists,170846.61075384615,753.1021884615385,10.758602692307692,3.8042857142857143,91.66571428571429,15880.0,70.0,19,"Life, Physical, and Social Science Occupations",115440.0,55.5,115440.0,55.5,23262.704289230765,206.45574153846152,6.072227692307692,False,False,False,False,13.616134488466619,27.414040843542892,2162.242156768499,9.531294141926633,249609234.57735553,1100292.5957440105,0.008874967371443488,0.7011629329955336
19-3011.01,Environmental Economists,84846.30863076923,374.00765769230765,5.342966538461538,3.5770000000000004,96.29650000000001,15880.0,70.0,19,"Life, Physical, and Social Science Occupations",115440.0,55.5,115440.0,55.5,13721.50135730769,120.21758307692306,4.447756153846154,False,False,False,False,16.172184245540215,32.14308065740859,2568.142858191786,11.32052897187815,296466411.5496598,1306841.8645136137,0.008761255779995133,0.6921791982234979
19-3022.00,Survey Researchers,136239.62936923077,705.9048153846154,17.647620384615383,4.344375,96.091875,7720.0,40.0,19,"Life, Physical, and Social Science Occupations",63380.0,30.47,50150.0,24.11,88497.69444615385,458.5372769230769,11.463431923076923,False,False,False,False,64.95738050366478,64.95738050366477,5014.709774882921,25.982952201465913,317832305.5320795,1303045.0529035155,0.005181347150259067,0.4093500756333265
19-3032.00,Industrial-Organizational Psychologists,14685.993403846154,167.8399246153846,13.986660384615384,3.906,94.7692,1050.0,12.0,19,"Life, Physical, and Social Science Occupations",109840.0,52.81,109840.0,52.81,6662.746326923077,76.1456723076923,6.345472692307692,False,False,False,False,45.36803295293699,45.36803295293699,476.36434600583846,5.4441639543524385,52323859.7652813,597986.9687460718,0.011428571428571427,0.9029093096826516
19-3033.00,Clinical and Counseling Psychologists,3333402.625776923,46175.406923076924,46.17540692307692,3.8853333333333335,95.589,72190.0,1000.0,19,"Life, Physical, and Social Science Occupations",95830.0,46.07,88990.0,42.79,2072021.56365,28702.335,28.702335,True,True,True,True,62.159354757425064,62.159354757425064,44872.83819938515,621.5935475742506,4300164084.647079,55315609.79863256,0.013852334118298934,1.0943976256715893
19-3034.00,School Psychologists,1181815.07685,13330.82963076923,18.515041153846155,4.002105263157895,92.55315789473684,63830.0,720.0,19,"Life, Physical, and Social Science Occupations",86930.0,41.79,75870.0,36.48,649631.9363000001,7327.823815384616,10.177533076923078,True,False,True,False,54.96900056745964,54.96900056745964,35086.713062209485,395.7768040857094,3050087966.4978704,30027586.125982773,0.011279962400125333,0.8911685180950503
19-3039.02,Neuropsychologists,336768.68222307693,3710.3238738461537,18.930223846153844,4.24,98.0,17790.0,196.0,19,"Life, Physical, and Social Science Occupations",117580.0,56.53000000000001,90270.0,43.4,50853.29659615384,560.2724076923076,2.8585326923076924,True,True,True,True,15.100363923527905,15.100363923527906,2686.354741995614,29.596713290114693,315861590.56384426,2671695.3086986532,0.011017425519955031,0.8704269061864799
19-3039.03,Clinical Neuropsychologists,303654.38306538464,3345.489549230769,17.06882423076923,4.388333333333333,95.37055555555555,17790.0,196.0,19,"Life, Physical, and Social Science Occupations",117580.0,56.53,90270.0,43.4,50853.29659615384,560.2724076923076,2.8585326923076924,True,True,True,True,16.747097829707208,16.747097829707208,2979.308703904912,32.82431174622613,350307117.40513957,2963050.621331833,0.011017425519955031,0.8704269061864799
19-3041.00,Sociologists,35741.37286538461,387.7030276923077,12.115719615384617,3.8973333333333335,98.33333333333333,2950.0,32.0,19,"Life, Physical, and Social Science Occupations",101690.0,48.89,101690.0,48.89,17847.30598076923,193.59789538461538,6.049934230769231,False,False,False,False,49.93458434847722,49.934584348477216,1473.070238280078,15.979066991512711,149796512.53070113,1624911.3223669275,0.010847457627118645,0.8569986668174322
19-3051.00,Urban and Regional Planners,310070.6551384615,3962.334115384615,7.204243846153846,4.1078947368421055,98.52631578947368,43040.0,550.0,19,"Life, Physical, and Social Science Occupations",83720.0,40.25,75480.0,36.29,248319.76006153846,3173.2311346153842,6.017096538461538,False,False,False,False,80.08489547346933,80.08489547346932,34468.5390117812,440.4669251040813,2885706086.066322,33246443.506856058,0.012778810408921933,1.0095843524274537
19-3091.00,Anthropologists and Archeologists,50161.34149615384,683.7357576923075,6.215779615384615,3.7056666666666667,78.16666666666667,8070.0,110.0,19,"Life, Physical, and Social Science Occupations",64910.0,31.21,72550.0,34.88,20679.412246153843,281.8755076923077,2.696815769230769,False,False,False,False,41.22579586062198,41.225795860621986,3326.921725952194,45.34837544668417,215950489.2315569,3290024.6386569366,0.013630731102850064,1.0768899759226176
19-3092.00,Geographers,14354.796623076923,156.03039807692306,10.402026538461538,3.8708333333333336,90.41666666666667,1380.0,15.0,19,"Life, Physical, and Social Science Occupations",97200.0,46.73,97200.0,46.73,10703.201976923077,116.33915192307691,9.556641923076924,False,False,False,False,74.56185035541706,74.56185035541706,1028.9535349047555,11.184277553312558,100014283.59274223,1087111.7781819806,0.010869565217391302,0.8587452673612175
19-3093.00,Historians,60186.98740769231,1725.1047346153846,19.167830384615385,3.723809523809524,82.60380952380953,3140.0,90.0,19,"Life, Physical, and Social Science Occupations",74050.0,35.6,32000.0,15.39,37377.01053076923,1071.3155884615385,11.903506538461539,False,False,False,False,62.10148096894478,62.10148096894479,1949.9865024248659,55.8913328720503,144396500.5045613,1788522.6519056095,0.02866242038216561,2.264462042595823
19-3094.00,Political Scientists,32556.509730769223,361.13103230769224,5.471682307692307,3.5964285714285715,97.52785714285714,5950.0,66.0,19,"Life, Physical, and Social Science Occupations",139380.0,67.01,139380.0,67.01,6772.338057692306,75.12173307692305,1.1382080769230767,False,False,False,False,20.80179390756914,20.801793907569134,1237.706737500364,13.729183978995634,172511565.07280073,1913573.6629924115,0.011092436974789914,0.8763531535155148
19-3099.01,Transportation Planners,277024.82685384614,1723.4436076923075,7.493233076923076,3.8350000000000004,94.0909090909091,36970.0,230.0,19,"Life, Physical, and Social Science Occupations",100340.0,48.24,84640.0,40.69,252256.00751538458,1569.3503307692306,7.166356923076923,False,False,False,False,91.05898932606166,91.05898932606168,33664.508353845,209.4356754499418,3377896768.2248073,17726635.570083074,0.0062212604814714636,0.49150797558461906
19-4012.00,Agricultural Technicians,261256.97427692305,546.5627076923076,18.21875692307692,3.6107692307692307,58.606923076923074,14340.0,30.0,19,"Life, Physical, and Social Science Occupations",46790.0,22.49,47840.0,23.0,148154.81997772434,819.7492144230769,21.92811673076923,True,True,True,True,56.70846506117978,149.9826466178446,8131.993889773181,17.012539518353933,380495994.10248715,813879.8905580521,0.005533058016919931,0.4371368395179832
19-4012.01,Precision Agriculture Technicians,268272.59866153845,561.2397461538461,18.707991538461535,3.7763636363636364,96.44136363636363,14340.0,30.0,19,"Life, Physical, and Social Science Occupations",46790.0,22.49,47840.0,23.0,115580.88811153844,483.6020423076923,16.120068076923076,True,False,True,False,43.08337440655245,86.16674881310492,6178.155889899621,12.925012321965735,289075914.0884033,618332.5894828407,0.004184100418410042,0.33056303178758173
19-4013.00,Food Science Technicians,732549.5344615384,4642.919584615384,51.58799538461538,4.15375,82.92625,14200.0,90.0,19,"Life, Physical, and Social Science Occupations",49430.0,23.76,48790.0,23.46,148154.81997772434,819.7492144230769,21.92811673076923,True,True,True,True,20.224546328682848,17.65589947194798,2871.8855786729646,18.202091695814563,141957304.15380463,888080.0538387925,0.005533058016919931,0.4371368395179832
19-4021.00,Biological Technicians,2381918.3583384613,27198.700246153847,31.262873846153845,3.935294117647059,73.10058823529413,76190.0,870.0,19,"Life, Physical, and Social Science Occupations",52000.0,25.0,50690.0,24.37,1900355.4194076923,21699.81906923077,27.444161923076923,False,False,False,False,79.7825589930509,79.78255899305088,60786.33169680548,694.1082632395429,3160889248.233885,35184347.86361243,0.011418821367633548,0.902139010363458
19-4031.00,Chemical Technicians,1981411.9616,27064.577476923077,35.61128615384616,3.99375,76.60375,55640.0,760.0,19,"Life, Physical, and Social Science Occupations",57790.0,27.78,52890.0,25.43,1149847.894,15706.046,22.074167692307693,False,False,False,False,58.03174283209091,58.03174283209091,32288.861711775386,441.04124552389095,1865973318.3234994,23326671.475758594,0.013659237958303379,1.079142147625743
19-4042.00,"Environmental Science and Protection Technicians, Including Health",667351.0309499999,5421.485907692308,16.94214346153846,3.4972,77.9128,39390.0,320.0,19,"Life, Physical, and Social Science Occupations",49490.0,23.79,54060.0,25.99,223613.92424999998,1816.614769230769,9.225930769230768,True,False,True,False,33.50769143664571,33.5076914366457,13198.679656894745,107.22461259726626,653202656.219721,5796562.557008214,0.008123889312008125,0.6418243379313087
19-4043.00,"Geological Technicians, Except Hydrologic Technicians",185693.78604615387,2294.8768615384615,19.12397384615385,3.6134782608695653,68.82391304347826,9710.0,120.0,19,"Life, Physical, and Social Science Occupations",48390.0,23.270000000000003,61150.0,29.4,75052.1615219351,940.3360766346153,10.493724307692307,True,True,True,True,40.41716371881233,40.97544806845209,3924.506597096677,48.5005964625748,189906874.2335082,2965811.4736864488,0.012529100529100529,0.9898561320965367
19-4051.00,Nuclear Technicians,249923.39177692306,2753.7468876923076,41.72343769230769,4.27125,65.023125,5990.0,66.0,19,"Life, Physical, and Social Science Occupations",104240.0,50.11,104240.0,50.11,49366.07788153846,545.0513330769231,25.954825384615386,False,False,False,False,19.752483963406554,19.793080312246364,1183.1737894080525,13.036639415848326,123334035.80789539,1358939.2927080295,0.011041009463722398,0.8722901453953064
19-4051.02,Nuclear Monitoring Technicians,157000.24761923077,1729.885866923077,26.210391923076923,4.278125,88.815,5990.0,66.0,19,"Life, Physical, and Social Science Occupations",104240.0,50.11,104240.0,50.11,13129.998807692307,144.15369230769232,13.078198846153846,False,False,False,False,8.363043375279384,8.333133131152543,500.9462981792351,5.519608627684394,52218642.12220347,575364.0033498212,0.010978956999085089,0.8673877174444505
19-4061.00,Social Science Research Assistants,792843.6415153847,35381.91114230769,24.06932730769231,3.9272727272727277,63.55181818181818,32940.0,1470.0,19,"Life, Physical, and Social Science Occupations",58040.0,27.9,58040.0,27.9,584945.9861538461,26104.14692307692,17.757923076923078,False,False,False,False,73.77822757534162,73.77822757534163,24302.54816331753,1084.539945357522,1410519895.3989494,62946698.42855057,0.044626593806921674,3.525704613173378
19-4071.00,Forest and Conservation Technicians,532563.4863230769,21761.76408076923,17.135247307692307,3.461,53.133500000000005,31080.0,1270.0,19,"Life, Physical, and Social Science Occupations",54310.0,26.110000000000003,44780.0,21.53,137503.56221538462,5618.710553846154,5.740965,True,False,True,False,25.81918696017563,25.81918696017563,8024.603307222586,327.90367439423056,435816205.6152587,14683526.539373646,0.04086229086229086,3.228307498020742
19-4092.00,Forensic Science Technicians,394072.0363461538,4254.762346153846,20.260773076923076,4.06625,70.63,19450.0,210.0,19,"Life, Physical, and Social Science Occupations",67440.0,32.42,64430.0,30.98,196938.56619230768,2126.3289923076923,18.013786153846155,False,False,False,False,49.9752705161034,49.9752705161034,9720.19011538211,104.94806808381715,655529621.3813696,6761804.026640339,0.010796915167095116,0.8530055817696003
19-4099.01,Quality Control Analysts,3116666.2137692305,61984.11797692307,43.650787307692305,3.8492307692307692,82.86576923076925,71400.0,1420.0,19,"Life, Physical, and Social Science Occupations",60130.0,28.91,52400.0,25.19,882299.2742307691,35094.25684615385,30.417108846153845,False,False,False,False,28.309071736101473,56.61814347220295,20212.67721957645,401.98881865264093,1215388281.213132,21064214.097398385,0.03977591036414566,3.1424784797778567
19-4099.03,Remote Sensing Technicians,2361481.7326153843,46965.04286153846,33.07397384615384,3.7338888888888886,68.55000000000001,71400.0,1420.0,19,"Life, Physical, and Social Science Occupations",60130.0,28.91,52400.0,25.19,1232071.7011009615,49006.77354519231,34.51181235576923,False,False,False,False,52.17367062739967,104.34734125479932,37252.00082796337,740.8661229090753,2239962809.7854376,38821384.84043555,0.039775910364145656,3.142478479777856
19-5011.00,Occupational Health and Safety Specialists,617026.6715884614,5284.819269230768,4.804381153846153,3.821818181818182,89.92045454545455,128430.0,1100.0,19,"Life, Physical, and Social Science Occupations",83910.0,40.34,87000.0,41.83,254194.23776538458,2177.167807692307,2.152038461538461,True,False,True,False,41.196636947798694,41.19663694779868,52908.84083205787,453.1630064257856,4439580834.217976,39425181.55904335,0.008564977030288872,0.6766722810632657
19-5012.00,Occupational Health and Safety Technicians,280403.50669230765,1961.4871692307688,8.915850769230769,3.5603846153846153,79.85384615384615,31450.0,220.0,19,"Life, Physical, and Social Science Occupations",58440.0,28.1,63510.0,30.54,138173.86944230768,966.5580692307691,4.910706923076922,True,False,True,False,49.27679795172056,49.27679795172056,15497.552955816116,108.40895549378523,905676994.7378938,6885052.7634103,0.006995230524642289,0.552655141856631
21-1011.00,Substance Abuse and Behavioral Disorder Counselors,6344164.329108974,69867.03163846154,39.20708846153846,4.357826086956522,90.22130434782609,161811.66666666666,1782.0,21,Community and Social Service Occupations,60200.0,28.94,60200.0,28.94,1074836.3607730768,11836.961044615384,13.53108769230769,False,False,False,False,16.94212673277389,16.942126732773886,27414.33763508031,301.9086983780307,1650343125.6318345,18174903.642357446,0.011012802949931505,0.870061702054451
21-1012.00,"Educational, Guidance, and Career Counselors and Advisors",11810169.48425,126950.2664,34.497355,3.816857142857143,73.76657142857142,342350.0,3680.0,21,Community and Social Service Occupations,65140.0,31.32,62500.0,30.05,6994346.591440171,75183.86287863247,24.236324209401708,False,True,True,False,59.22308397663393,59.223083976633916,202750.22799400627,2179.4094903401287,13207149851.529568,136213093.14625806,0.0107492332408354,0.8492384919462942
21-1013.00,Marriage and Family Therapists,2789126.696326923,83838.93819230769,42.34289807692308,3.9953333333333334,82.914,65870.0,1980.0,21,Community and Social Service Occupations,63780.0,30.66,81170.0,39.02,2271551.575246154,68281.04021538462,40.575608461538465,False,False,False,False,81.44311186141606,81.44311186141606,53646.577783114764,1612.573614856038,3421578731.0070596,130892600.3178646,0.030059207529983305,2.3748146030441695
21-1014.00,Mental Health Counselors,7721003.246197435,85029.88732615384,47.71598615384615,4.0488888888888885,90.93518518518519,161811.66666666666,1782.0,21,Community and Social Service Occupations,60200.0,28.94,60200.0,28.94,5552941.313322435,61153.44847615385,38.60188,False,False,False,False,71.91994532649935,71.91994532649936,116374.86219856402,1281.6134257182184,7005766704.353554,77153128.22823675,0.011012802949931507,0.8700617020544511
21-1015.00,Rehabilitation Counselors,1763044.843253846,11895.05123076923,19.825085384615384,4.1135294117647065,84.63117647058823,88930.0,600.0,21,Community and Social Service Occupations,46110.0,22.17,46700.0,22.45,1149715.4291923076,7756.991538461538,14.011710384615384,False,False,False,False,65.21192206718986,65.21192206718986,57992.96229435194,391.27153240313913,2674055491.392568,18272380.5632266,0.006746879568199708,0.5330342826755787
21-1021.00,"Child, Family, and School Social Workers",11087600.20436923,52982.83991538461,28.952371538461538,4.158095238095238,64.96190476190476,382960.0,1830.0,21,Community and Social Service Occupations,58570.0,28.16,49070.0,23.59,7971821.7368,38093.8839,23.316736153846154,False,False,False,False,71.89853160162275,71.89853160162276,275342.6166215745,1315.7431283096964,16126817055.52562,64563515.30615681,0.004778566952162106,0.37752860145428924
21-1022.00,Healthcare Social Workers,5973536.545546154,62003.471726923075,32.12615115384615,4.055294117647058,87.64470588235294,185940.0,1930.0,21,Community and Social Service Occupations,68090.0,32.74,72370.0,34.79,2038217.3537538461,21156.069123076923,15.527030384615385,False,False,False,False,34.120781520513724,34.120781520513724,63444.18115924322,658.5310833459148,4319914295.132871,47657894.50174385,0.010379692373884048,0.8200430766519189
21-1023.00,Mental Health and Substance Abuse Social Workers,2956789.4217576925,39452.038984615385,23.48335653846154,3.9784615384615383,89.82153846153847,125910.0,1680.0,21,Community and Social Service Occupations,60060.0,28.88,60060.0,28.88,1647500.0976692308,21982.36966153846,15.404776153846154,False,False,False,False,55.71922320696948,55.71922320696948,70156.07393989527,936.0829498770872,4213573800.83011,56221141.96961786,0.01334286395044079,1.0541471568846779
21-1091.00,Health Education Specialists,434178.6438461538,3265.5032307692304,6.664292307692308,3.816875,77.09125,65150.0,490.0,21,Community and Social Service Occupations,63000.0,30.29,61660.0,29.64,155699.27876923076,1171.0306461538462,2.543433076923077,False,True,True,False,35.86064883108369,35.860648831083694,23363.212713451023,175.71717927231006,1471882400.9474144,10834721.273930639,0.007521105141980047,0.5942016370321366
21-1092.00,Probation Officers and Correctional Treatment Specialists,2696388.5416384614,25777.499303846154,31.057228076923078,4.1519047619047615,79.69714285714285,86820.0,830.0,21,Community and Social Service Occupations,64520.0,31.02,74860.0,35.99,1116277.3308923077,10671.621569230769,17.840380384615386,False,False,False,False,41.39897917731105,41.39897917731105,35942.593721741454,343.61152717168164,2319016146.926759,25722758.924072087,0.009560009214466713,0.7552843655344688
21-1093.00,Social and Human Service Assistants,5969506.526853846,88088.98886923077,14.071723461538461,3.4921052631578946,59.93578947368421,424220.0,6260.0,21,Community and Social Service Occupations,45120.0,21.69,40500.0,19.47,2692891.7797846156,39737.64212307693,10.868746153846153,False,False,False,False,45.11079379293133,45.11079379293133,191369.0094283733,2823.935691437501,8634569705.408203,114369395.5032188,0.014756494271840084,1.1658304049282742
21-1094.00,Community Health Workers,2005652.1157461538,19154.91893846154,33.025722307692305,3.7275,54.091071428571425,60730.0,580.0,21,Community and Social Service Occupations,51030.0,24.54,55520.0,26.69,1494113.3286538462,14269.483461538463,30.401640384615387,False,False,False,False,74.49513885901384,74.49513885901385,45240.897829079106,432.0718053822802,2308643016.217907,23988626.634824198,0.009550469290301334,0.7545306679794924
21-2011.00,Clergy,1572777.8291076922,17330.88516923077,27.079508076923076,4.173333333333334,97.01380952380953,58080.0,640.0,21,Community and Social Service Occupations,60820.0,29.24,60820.0,29.24,851672.1190153846,9384.816738461537,23.056205384615385,False,False,False,False,54.150821766007255,54.150821766007255,31450.797281697014,346.5652593024464,1912837490.6728125,21078099.07077479,0.011019283746556472,0.8705737145700497
21-2021.00,"Directors, Religious Activities and Education",93101.63479999999,260.3028,4.33838,3.6468421052631577,89.15157894736842,21460.0,60.0,21,Community and Social Service Occupations,54840.0,26.37,31200.0,15.0,38630.64948461538,108.00740769230768,2.274685,False,False,False,False,41.49298727954817,41.49298727954816,8904.395070191036,24.8957923677289,488317025.64927644,776748.7218731417,0.0027958993476234857,0.22088881061667856
23-1011.00,Lawyers,21959794.8825,171801.8055,29.36783,4.082272727272727,75.10954545454545,747750.0,5850.0,23,Legal Occupations,151160.0,72.67,125710.0,60.43999999999999,9508431.276634615,74388.93075,12.716056538461538,False,False,False,False,43.29927181702406,43.299271817024064,323770.3050117974,2533.007401295907,48941119305.5833,318424360.4169085,0.0078234704112337,0.6180898734788463
23-1012.00,Judicial Law Clerks,350767.6481,15654.53195,26.533105,3.6127777777777776,74.4,13220.0,590.0,23,Legal Occupations,60400.0,29.040000000000003,50490.0,24.28,277507.7825384615,12384.991807692308,20.991511538461538,False,False,False,False,79.1144177753095,79.11441777530952,10458.926029895916,466.77506487432606,631719132.2057134,23567473.025504723,0.04462934947049925,3.525922323174501
23-1021.00,"Administrative Law Judges, Adjudicators, and Hearing Officers",688821.4375615384,7639.424446153846,42.441246923076925,4.311428571428571,78.3157142857143,16230.0,180.0,23,Legal Occupations,115230.0,55.4,103790.0,49.9,242987.48869615386,2694.8704846153846,16.75287269230769,False,False,False,False,35.275831361512424,35.27583136151242,5725.267429973467,63.49649645072236,659722565.9558426,6590301.366620474,0.011090573012939002,0.8762058920210576
23-1022.00,"Arbitrators, Mediators, and Conciliators",196371.51016153846,999.3461076923077,24.983652692307693,3.8560000000000003,79.7105,7860.0,40.0,23,Legal Occupations,67710.0,32.55,55890.0,26.87,65609.67823846154,333.89149230769226,9.145680769230768,False,False,False,False,33.41099642432343,33.41099642432342,2626.104318951822,13.36439856972937,177813523.43622786,746936.2360621745,0.0050890585241730275,0.40205885291212223
23-1023.00,"Judges, Magistrate Judges, and Magistrates",739956.8118307692,2892.7162307692306,28.927162307692306,4.286190476190477,83.36476190476189,25580.0,100.0,23,Legal Occupations,156210.0,75.1,123640.0,59.44,115672.44516923076,452.1987692307692,5.412258461538461,False,False,False,False,15.632323849149927,15.632323849149923,3998.748440612551,15.632323849149927,624644493.9080865,1932780.520708897,0.003909304143862392,0.3088528717640032
23-2011.00,Paralegals and Legal Assistants,8293004.963815385,65265.465784615386,22.583206153846156,3.61,62.82,367220.0,2890.0,23,Legal Occupations,61010.0,29.33,55630.0,26.75,7805266.873122116,61426.99543413462,21.255015721153846,False,False,False,False,94.11868083015263,94.11868083015261,345622.6197444865,2720.029875991411,21086436030.611122,151315262.00140217,0.007869941724306955,0.6217613193344604
23-2093.00,"Title Examiners, Abstractors, and Searchers",3115143.2284923075,86010.80535384615,64.66977846153846,4.160625,76.46,48170.0,1330.0,23,Legal Occupations,54980.0,26.43,59310.0,28.51,2947794.5531346155,81390.21705769231,61.19565192307692,False,False,False,False,94.62789788196395,94.62789788196395,45582.25840974203,1258.5510418301205,2506112567.367617,74644662.29094444,0.027610545982976957,2.181359163676948
25-1011.00,"Business Teachers, Postsecondary",969677.6955461538,5098.574334615384,11.857149615384614,3.9108,81.048,81780.0,430.0,25,Educational Instruction and Library Occupations,97270.0,46.76442307692307,124620.0,59.91346153846154,600597.0695307691,3157.944973076923,7.344058076923076,False,False,False,False,61.93780390013956,61.93780390013958,50652.736029534135,266.33255677060015,4926991633.592785,33190363.22475219,0.0052580092932257285,0.41540673485949836
25-1021.00,"Computer Science Teachers, Postsecondary",607802.2822153847,7044.066184615384,16.771586153846155,3.8784615384615386,78.19346153846153,36240.0,420.0,25,Educational Instruction and Library Occupations,96690.0,46.48557692307692,100340.0,48.24038461538461,304455.3900923077,3528.4565076923077,8.401086923076923,False,False,False,False,50.09118902656884,50.09118902656884,18153.046903228547,210.38299391158915,1755218105.0731683,21109829.609088857,0.011589403973509934,0.9156158148685831
25-1022.00,"Mathematical Science Teachers, Postsecondary",589155.4976384615,4223.769442307693,12.067912692307694,3.6743478260869566,76.39304347826086,48820.0,350.0,25,Educational Instruction and Library Occupations,79350.0,38.14903846153846,79780.0,38.35576923076923,375211.8932923077,2689.9664615384618,7.6856184615384615,False,False,False,False,63.68639430443853,63.68639430443853,31091.69769942689,222.90238006553486,2467126212.449524,17783151.88162837,0.007169192953707498,0.5663989678212047
25-1031.00,"Architecture Teachers, Postsecondary",131915.63316923077,1735.7320153846154,14.46443346153846,3.9136363636363636,88.78863636363636,9120.0,120.0,25,Educational Instruction and Library Occupations,101480.0,48.78846153846154,61530.0,29.58173076923077,64855.27698461538,853.3589076923078,7.111324230769231,False,False,False,False,49.16420853729627,49.164208537296275,4483.77581860142,58.99705024475552,455013570.0716721,3630088.501559807,0.013157894736842106,1.0395337447004214
25-1032.00,"Engineering Teachers, Postsecondary",790830.465,7727.985,19.815346153846153,3.67125,89.47666666666667,39910.0,390.0,25,Educational Instruction and Library Occupations,106120.0,51.01923076923077,102870.0,49.45673076923077,414696.73589999997,4052.4111,10.390797692307691,False,False,False,False,52.438133614389784,52.438133614389784,20928.05912550296,204.50872109612018,2220885634.398374,21037812.139157884,0.00977198697068404,0.772031575868717
25-1041.00,"Agricultural Sciences Teachers, Postsecondary",140455.57730769232,1614.431923076923,16.14431923076923,3.8443478260869566,87.96826086956521,8700.0,100.0,25,Educational Instruction and Library Occupations,86350.0,41.51442307692308,62170.0,29.889423076923077,66161.93400000001,760.482,7.60482,False,False,False,False,47.10523801775476,47.10523801775475,4098.155707544664,47.10523801775476,353875745.3464818,2928532.6475638133,0.011494252873563216,0.908098443646345
25-1042.00,"Biological Science Teachers, Postsecondary",844850.839326923,9678.10351153846,15.865743461538461,3.7177777777777776,89.56296296296296,53250.0,610.0,25,Educational Instruction and Library Occupations,83460.0,40.125,103830.0,49.91826923076923,429132.7589423077,4915.887003846154,8.058831153846153,False,False,False,False,50.79390810384822,50.79390810384823,27047.756065299174,309.8428394334741,2257405721.209869,32170982.018377617,0.011455399061032864,0.905028815104442
25-1043.00,"Forestry and Conservation Science Teachers, Postsecondary",25550.873334615386,273.0627684615385,19.504483461538463,3.8207999999999998,89.814,1310.0,14.0,25,Educational Instruction and Library Occupations,100830.0,48.47596153846154,100830.0,48.47596153846154,12826.652376923077,137.0787276923077,9.791337692307692,False,False,False,False,50.200446023682474,50.200446023682474,657.6258429102404,7.028062443315545,66308413.74063954,708639.5361595064,0.010687022900763359,0.8443235911154567
25-1051.00,"Atmospheric, Earth, Marine, and Space Sciences Teachers, Postsecondary",142386.54596923076,2356.5717538461536,12.40300923076923,3.5276923076923077,81.78307692307693,11480.0,190.0,25,Educational Instruction and Library Occupations,101390.0,48.74519230769231,77900.0,37.45192307692308,77592.79898461538,1284.2013769230769,6.758954615384615,False,False,False,False,54.49447379767391,54.49447379767391,6255.965591972965,103.53950021558043,634292351.3701389,8065727.066793716,0.016550522648083623,1.3075668356684742
25-1052.00,"Chemistry Teachers, Postsecondary",394897.7099076923,5422.822892307692,19.367224615384615,3.812857142857143,89.57892857142858,20390.0,280.0,25,Educational Instruction and Library Occupations,86220.0,41.45192307692308,105090.0,50.52403846153846,209335.19761153843,2874.637338461538,10.39967923076923,False,False,False,False,53.00998014409117,53.00998014409117,10808.734951380191,148.42794440345529,931929127.508,15598292.677359115,0.01373222167729279,1.0849081945671881
25-1053.00,"Environmental Science Teachers, Postsecondary",94363.91832692307,1045.5469211538461,13.234771153846154,3.696,90.1648,7130.0,79.0,25,Educational Instruction and Library Occupations,87710.0,42.16826923076924,87710.0,42.16826923076924,46904.03587692307,519.6940861538461,6.713771153846153,False,False,False,False,49.70547716599093,49.70547716599093,3544.000521935153,39.26732696113284,310844285.7789323,3444137.2477609613,0.011079943899018233,0.8753661435036929
25-1054.00,"Physics Teachers, Postsecondary",178842.3405923077,1973.9772692307693,13.159848461538461,3.6962500000000005,87.13666666666667,13590.0,150.0,25,Educational Instruction and Library Occupations,97360.0,46.8076923076923,81060.0,38.97115384615385,86312.89163076923,952.680923076923,6.351206153846154,False,False,False,False,48.2620006788715,48.2620006788715,6558.805892258637,72.39300101830725,638565341.6703008,5868176.662543985,0.011037527593818984,0.8720150617796029
25-1061.00,"Anthropology and Archeology Teachers, Postsecondary",83755.38461538461,1114.6153846153845,15.923076923076923,3.921538461538461,90.91653846153847,5260.0,70.0,25,Educational Instruction and Library Occupations,95770.0,46.04326923076923,75520.0,36.30769230769231,44025.066537435894,585.8849158974359,8.495758358974358,False,False,False,False,52.563864090177134,52.563864090177134,2764.859251143317,36.794704863124,264790570.4819955,2778736.1112631243,0.013307984790874526,1.0513915440696278
25-1062.00,"Area, Ethnic, and Cultural Studies Teachers, Postsecondary",229752.31984615384,3216.1304615384615,20.100815384615384,3.8104347826086955,87.81695652173913,11430.0,160.0,25,Educational Instruction and Library Occupations,84290.0,40.52403846153846,64890.0,31.197115384615383,115908.6669923077,1622.5185230769232,10.140740769230769,False,False,False,False,50.44940006260749,50.44940006260749,5766.366427156036,80.71904010017198,486047026.1449822,5237858.51210016,0.01399825021872266,1.1059256636532917
25-1063.00,"Economics Teachers, Postsecondary",235807.92567692307,3037.7832615384614,18.986145384615384,3.6731818181818183,89.98454545454545,12420.0,160.0,25,Educational Instruction and Library Occupations,119980.0,57.68269230769231,102590.0,49.32211538461539,118335.52917692307,1524.4512615384615,9.527820384615385,False,False,False,False,50.18301604461456,50.18301604461456,6232.730592741128,80.2928256713833,747803016.5170805,8237240.985627213,0.01288244766505636,1.0177721687244061
25-1064.00,"Geography Teachers, Postsecondary",47107.08299230769,1002.2783615384615,14.318262307692306,3.6431999999999998,89.3984,3290.0,70.0,25,Educational Instruction and Library Occupations,86730.0,41.69711538461539,81940.0,39.39423076923077,27269.36113461538,580.199173076923,8.288559615384615,False,False,False,False,57.88802745240733,57.88802745240733,1904.516103184201,40.52161921668513,165178681.62916577,3320341.4786151797,0.02127659574468085,1.6809481829198303
25-1065.00,"Political Science Teachers, Postsecondary",242042.12864230768,1409.680423076923,14.09680423076923,3.8245454545454547,91.44772727272726,17170.0,100.0,25,Educational Instruction and Library Occupations,94680.0,45.51923076923077,70820.0,34.04807692307692,112929.03813461539,657.7113461538462,6.577113461538461,False,False,False,False,46.65676953349847,46.65676953349847,8010.967328901686,46.656769533498476,758478386.7004117,3304232.4183623623,0.005824111822947,0.46013141873751906
25-1066.00,"Psychology Teachers, Postsecondary",959735.2741500001,5766.25375,23.065015,3.6558620689655172,84.29379310344828,41610.0,250.0,25,Educational Instruction and Library Occupations,80330.0,38.62019230769231,81370.0,39.12019230769231,486447.0822923077,2922.6573076923078,11.85361,False,False,False,False,50.68554792081961,50.68554792081961,21090.25648985304,126.71386980204903,1694180303.8298948,10310707.58579273,0.006008171112713291,0.4746729427855806
25-1067.00,"Sociology Teachers, Postsecondary",144958.9675,936.73,11.709125,3.6804166666666664,87.93624999999999,12380.0,80.0,25,Educational Instruction and Library Occupations,82540.0,39.68269230769231,86810.0,41.73557692307692,74525.48587692306,481.58633846153845,6.01982923076923,False,False,False,False,51.411435361474325,51.411435361474325,6364.7356977505215,41.129148289179454,525345284.49232805,3570421.362983668,0.006462035541195478,0.5105303043439874
25-1071.00,"Health Specialties Teachers, Postsecondary",2407803.3767538457,34169.59345384615,10.481470384615383,3.8786363636363634,81.94590909090908,229720.0,3260.0,25,Educational Instruction and Library Occupations,105620.0,50.77884615384616,136030.0,65.39903846153847,1002268.4483538461,14223.381253846152,4.363000384615384,False,False,False,False,41.625842792241826,41.625842792241826,95622.88606233793,1357.0024750270834,10099689225.904133,184593046.67793414,0.014191189273898657,1.1211687297012727
25-1072.00,"Nursing Instructors and Teachers, Postsecondary",1330937.5326923076,13264.562615384615,17.925084615384613,4.056206896551724,81.42758620689655,74250.0,740.0,25,Educational Instruction and Library Occupations,79940.0,38.43269230769231,75380.0,36.24038461538461,492617.9933653846,4909.593469230769,8.617903846153846,False,False,False,False,37.012856070629,37.012856070629,27482.04563244203,273.89513492265456,2196914727.8574157,20646215.270469703,0.009966329966329967,0.7873855596222451
25-1081.00,"Education Teachers, Postsecondary",677157.6274846154,3437.9300769230767,11.459766923076922,3.62375,84.70041666666667,59090.0,300.0,25,Educational Instruction and Library Occupations,72090.0,34.65865384615385,67580.0,32.49038461538461,318545.2128653846,1617.254423076923,5.390848076923077,False,False,False,False,47.04151587993768,47.04151587993769,27796.831733455172,141.12454763981302,2003873599.6647832,9537196.929498564,0.00507700118463361,0.40110626805160954
25-1082.00,"Library Science Teachers, Postsecondary",81016.23653846154,1383.2040384615386,19.760057692307694,3.9528,85.5784,4100.0,70.0,25,Educational Instruction and Library Occupations,78630.0,37.80288461538461,79880.0,38.40384615384615,45479.166423076924,776.4735730769231,11.178512307692309,False,False,False,False,56.13586654507977,56.13586654507976,2301.5705283482707,39.29510658155584,180972490.64402452,3138893.1137346807,0.01707317073170732,1.348858419952742
25-1111.00,"Criminal Justice and Law Enforcement Teachers, Postsecondary",210125.31669230768,1239.6773846153844,15.495967307692306,3.795217391304348,80.38130434782609,13560.0,80.0,25,Educational Instruction and Library Occupations,71470.0,34.36057692307692,79700.0,38.31730769230769,97287.05446153846,573.964923076923,7.282666923076922,False,False,False,False,46.29953971895666,46.29953971895666,6278.217585890522,37.039631775165326,448704210.8635956,2952058.6524806763,0.0058997050147492625,0.4661036259423718
25-1112.00,"Law Teachers, Postsecondary",369527.95707692305,1620.7366538461538,16.20736653846154,3.7673913043478264,81.01565217391304,22800.0,100.0,25,Educational Instruction and Library Occupations,126650.0,60.88942307692309,138020.0,66.35576923076923,196719.99599999998,862.807,8.62807,False,False,False,False,53.23548387410635,53.23548387410635,12137.690323296247,53.23548387410635,1537238479.4454696,7347561.484304158,0.004385964912280702,0.34651124823347385
25-1113.00,"Social Work Teachers, Postsecondary",239689.51476923077,2693.1406153846156,17.95427076923077,3.92,87.87166666666667,13350.0,150.0,25,Educational Instruction and Library Occupations,76210.0,36.63942307692308,64140.0,30.836538461538463,116408.71898076923,1307.9631346153847,8.719754230769231,False,False,False,False,48.56646278117159,48.56646278117158,6483.622781286407,72.84969417175738,494116892.1618371,4672579.384176518,0.011235955056179775,0.8876917370475508
25-1121.00,"Art, Drama, and Music Teachers, Postsecondary",2733515.41215,24852.67868846154,27.924358076923077,3.8785714285714286,83.10214285714287,97890.0,890.0,25,Educational Instruction and Library Occupations,80190.0,38.552884615384606,63500.0,30.528846153846157,1293121.44075,11756.850365384615,13.209944230769231,False,False,False,False,47.306169740338774,47.30616974033877,46308.00955881763,421.0249106890151,3713439286.5215855,26735081.828752458,0.00909183777709674,0.7182966849681938
25-1122.00,"Communications Teachers, Postsecondary",588625.2656307692,4224.583246153847,20.117063076923078,3.899545454545455,84.25636363636363,29260.0,210.0,25,Educational Instruction and Library Occupations,77800.0,37.40384615384615,62810.0,30.197115384615383,271376.92297692306,1947.6812653846152,9.274672692307693,False,False,False,False,46.103512509969526,46.103512509969526,13489.887760417085,96.817376270936,1049513267.7604492,6081099.40357749,0.007177033492822967,0.5670184062002298
25-1123.00,"English Language and Literature Teachers, Postsecondary",1342732.7148538462,10139.783884615385,22.532853076923075,3.6827272727272726,80.4718181818182,59590.0,450.0,25,Educational Instruction and Library Occupations,78270.0,37.62980769230769,62780.0,30.182692307692307,895091.6493269231,6759.376442307693,15.227102692307692,False,False,False,False,66.66193795869135,66.66193795869137,39723.848829584174,299.97872081411106,3109185647.8915534,18832664.09270989,0.007551602617888908,0.5966110768376307
25-1124.00,"Foreign Language and Literature Teachers, Postsecondary",334494.52499615384,1738.044296153846,15.800402692307692,3.875,86.30583333333334,21170.0,110.0,25,Educational Instruction and Library Occupations,77010.0,37.02403846153846,65040.0,31.26923076923077,189656.76192692306,985.4626269230769,9.106638846153846,False,False,False,False,56.6995115776869,56.69951157768691,12003.286600996316,62.36946273545559,924373101.1427263,4056509.856314032,0.0051960321209258385,0.41051025534697794
25-1125.00,"History Teachers, Postsecondary",262716.7191,2116.5496,13.228435,3.7836000000000003,91.8752,19860.0,160.0,25,Educational Instruction and Library Occupations,81500.0,39.18269230769231,78110.0,37.55288461538461,146671.87467692306,1181.646523076923,7.385290769230769,False,False,False,False,55.82890772212109,55.82890772212109,11087.621073613249,89.32625235539373,903641117.4994798,6977273.571479805,0.008056394763343404,0.6364919605013658
25-1126.00,"Philosophy and Religion Teachers, Postsecondary",308601.6376,1036.5698,14.80814,3.9263636363636363,87.80681818181819,20840.0,70.0,25,Educational Instruction and Library Occupations,78050.0,37.52403846153846,87240.0,41.94230769230769,163672.31832307694,549.7630653846154,7.853758076923077,False,False,False,False,53.036762732679975,53.036762732679975,11052.861353490507,37.12573391287598,862675828.6399341,3238849.0265593003,0.0033589251439539347,0.2653704185127755
25-1192.00,"Family and Consumer Sciences Teachers, Postsecondary",44027.08813076923,3013.2607846153846,16.74033769230769,4.086956521739131,84.3004347826087,2630.0,180.0,25,Educational Instruction and Library Occupations,77280.0,37.15384615384615,74790.0,35.95673076923077,36981.53886948052,2531.055892207792,14.061421623376624,False,True,True,False,83.99723997107867,83.99723997107866,2209.127411239369,151.1950319479416,170721366.34057844,11307876.439386552,0.06844106463878326,5.4071565123580845
25-1193.00,"Recreation and Fitness Studies Teachers, Postsecondary",271735.6382769231,4071.748523076923,21.430255384615386,3.857391304347826,84.46478260869566,12680.0,190.0,25,Educational Instruction and Library Occupations,75890.0,36.48557692307692,55770.0,26.8125,139682.09481538463,2093.0282346153845,11.015938076923076,False,False,False,False,51.40367148788779,51.40367148788779,6517.985544664171,97.6669758269868,494649922.98456395,5446887.241871054,0.014984227129337536,1.183822340179344
25-1194.00,"Career/Technical Education Teachers, Postsecondary",2801498.2155,70573.05446153846,25.204662307692306,4.0515,89.0005,111150.0,2800.0,25,Educational Instruction and Library Occupations,61490.0,29.559999999999995,49850.0,23.97,1586836.5659999999,39974.29046153846,16.200508846153845,False,True,True,False,56.64242644240941,56.64242644240942,62958.056990738056,1585.9879403874634,3871290924.360483,79061498.82831505,0.02519118308591993,1.9902184513922598
25-2011.00,"Preschool Teachers, Except Special Education",27926988.99526154,265415.5734923077,62.74599846153846,4.195,88.985,445080.0,4230.0,25,Educational Instruction and Library Occupations,37120.0,17.85,34210.0,16.45,7515080.450169231,71422.64380384615,16.88478576923077,False,False,False,False,26.90974115198863,26.90974115198863,119769.875919271,1138.282050729119,4445857794.12334,38940628.95544316,0.009503909409544351,0.750852224872588
25-2012.00,"Kindergarten Teachers, Except Special Education",11955403.201384615,54337.992,104.49613846153846,4.173513513513513,97.21486486486486,114410.0,520.0,25,Educational Instruction and Library Occupations,61430.0,19.27,60420.0,29.048076923076923,4753966.388180769,21607.0494,41.98087923076923,False,False,False,False,39.76416611051803,39.76416611051803,45494.182447043684,206.77366377469377,2794707627.7218933,12493264.765266998,0.004545057250240364,0.35908026912473257
25-2021.00,"Elementary School Teachers, Except Special Education",141818567.9799269,1608208.7791538462,101.78536576923076,4.135526315789474,94.36578947368422,1393310.0,15800.0,25,Educational Instruction and Library Occupations,62340.0,29.971153846153847,61710.0,29.66826923076923,58140736.335,659310.3,42.07583538461539,False,False,False,False,40.996561425743124,40.99656142574312,571209.1900010216,6477.456705267413,35609180904.66369,399723853.28205204,0.011339902821339114,0.8959040849748197
25-2022.00,"Middle School Teachers, Except Special and Career/Technical Education",43775572.027707696,375398.6220923077,70.56365076923078,3.8017142857142856,91.218,620370.0,5320.0,25,Educational Instruction and Library Occupations,62970.0,30.274038461538463,75490.0,36.29326923076923,20794398.205084614,178322.93381538463,33.51934846153846,False,False,False,False,47.50228778717689,47.5022877871769,294689.94274530926,2527.1217102778105,18556625694.672123,190772417.90887192,0.008575527507777618,0.6775058169435569
25-2023.00,"Career/Technical Education Teachers, Middle School",1041120.0511538462,12464.113288461538,73.31831346153847,4.067096774193549,98.81838709677419,14200.0,170.0,25,Educational Instruction and Library Occupations,63620.0,30.58653846153846,71910.0,34.57211538461539,404229.2481538461,4839.364238461538,28.46684846153846,False,False,False,False,38.826382001369524,38.826382001369524,5513.346244194473,66.00484940232819,350759088.0556524,4746408.72052142,0.011971830985915493,0.9458292944739045
25-2031.00,"Secondary School Teachers, Except Special and Career/Technical Education",86618501.18136923,915820.205676923,80.76015923076923,3.9459375,93.9715625,1072540.0,11340.0,25,Educational Instruction and Library Occupations,64580.0,31.048076923076923,74280.0,35.71153846153846,38363532.691884615,405618.86803846154,35.76885961538461,False,False,False,False,44.29022918736006,44.29022918736006,475030.42412611167,5022.511989846631,30677464790.064293,373072190.6058077,0.010573032241221773,0.8353178086902224
25-2032.00,"Career/Technical Education Teachers, Secondary School",7054440.917115384,58758.86642307692,67.53892692307691,4.005151515151515,95.36121212121212,104450.0,870.0,25,Educational Instruction and Library Occupations,63910.0,30.72596153846154,65240.0,31.365384615384617,2821194.7008653847,23498.70167307692,27.01000192307692,False,False,False,False,39.991754612624824,39.99175461262482,41771.38769288663,347.928265129836,2669609387.4523845,22698840.017070502,0.008329344183820009,0.6580562106231868
25-2051.00,"Special Education Teachers, Preschool",2590541.0143846152,13779.473480769231,91.86315653846154,4.2444444444444445,87.14416666666666,28200.0,150.0,25,Educational Instruction and Library Occupations,62190.0,29.89903846153846,56040.0,26.942307692307693,618093.3701538462,3287.7306923076926,21.918204615384617,False,False,False,False,23.8596249479059,23.859624947905896,6728.414235309464,35.78943742185885,418440081.29389554,2005640.07312097,0.005319148936170213,0.42023704572995757
25-2057.00,"Special Education Teachers, Middle School",7693687.177219231,64564.667384615386,80.70583423076923,4.0455,90.17025,95330.0,800.0,25,Educational Instruction and Library Occupations,64880.0,31.19230769230769,73640.0,35.40384615384615,2863793.9371769233,24032.67753846154,30.040846923076924,True,False,True,False,37.22264593310381,37.22264593310381,35484.348368027866,297.7811674648305,2302224522.117648,21928605.172110118,0.008391901814748767,0.6629985490169477
25-2058.00,"Special Education Teachers, Secondary School",12717758.106507692,107036.05237692308,78.12850538461538,4.078,89.31725,162780.0,1370.0,25,Educational Instruction and Library Occupations,69590.0,33.45673076923077,60080.0,28.88461538461538,4312841.950661538,36298.03091538462,26.494913076923076,True,False,True,False,33.91196714501632,33.91196714501633,55201.90011865756,464.5939498867236,3841500229.2573795,27912804.50919435,0.008416267354711881,0.6649235378929099
25-2059.01,Adapted Physical Education Specialists,2042089.3627884616,6746.41975,51.895536538461535,4.2245,96.42999999999999,39350.0,130.0,25,Educational Instruction and Library Occupations,67430.0,32.41826923076923,65030.0,31.26442307692308,198173.84948076922,654.70395,14.790533846153846,False,False,False,False,9.704465097950656,9.704465097950656,3818.7070160435833,12.615804627335853,257495414.0918188,820405.7749156505,0.003303684879288437,0.261006185454642
25-3011.00,"Adult Basic Education, Adult Secondary Education, and English as a Second Language Instructors",1530023.2642692307,6751.3436923076915,42.19589807692307,3.6772972972972973,80.04702702702703,36260.0,160.0,25,Educational Instruction and Library Occupations,59950.0,28.82,49060.0,23.59,650685.7801903846,2871.200353846154,19.000590576923077,False,True,True,False,42.52783571243049,42.527835712430495,15420.593229327294,68.04453713988877,924464564.0981714,3338264.992082943,0.00441257584114727,0.3486136330821049
25-3021.00,Self-Enrichment Teachers,15895244.799276922,280273.9910153846,51.520954230769235,3.759666666666667,73.59233333333333,308520.0,5440.0,25,Educational Instruction and Library Occupations,45590.0,21.92,38010.0,18.280000000000005,6254966.5186153855,110291.12492307692,21.62571076923077,False,True,True,False,39.351180794019136,39.35118079401912,121406.26298570784,2140.704235194641,5534911529.51842,81368167.97974831,0.01763256839102813,1.3930533884640934
25-3041.00,Tutors,9250088.58816923,103273.06049999999,52.96054384615384,3.9363157894736847,90.43052631578948,174660.0,1950.0,25,Educational Instruction and Library Occupations,40090.0,19.27,35460.0,17.05,7355803.145746154,82124.21925,42.11498423076923,True,False,True,False,79.52143458554713,79.52143458554713,138892.13764711661,1550.6679744181688,5568185798.272905,54986686.37286826,0.011164548265200962,0.8820502746169842
25-4011.00,Archivists,152766.82961538463,2166.9053846153847,21.669053846153847,4.220769230769231,98.01384615384616,7050.0,100.0,25,Educational Instruction and Library Occupations,61570.0,29.6,51250.0,24.64,148459.47484615384,2105.808153846154,21.058081538461536,False,False,False,False,97.18043846293384,97.18043846293384,6851.220911636836,97.18043846293384,421829671.52948,4980497.4712253595,0.014184397163120567,1.1206321219465536
25-4012.00,Curators,79565.5395076923,583.1350615384615,6.4792784615384615,3.6573333333333333,81.81333333333333,12280.0,90.0,25,Educational Instruction and Library Occupations,61770.0,29.7,50040.0,24.06,55291.691846153844,405.23226923076925,5.224908846153846,False,False,False,False,69.49200896301132,69.49200896301132,8533.61870065779,62.54280806671019,527121627.1396316,3129642.1156581775,0.00732899022801303,0.5790236819015376
25-4013.00,Museum Technicians and Conservators,258732.68445384616,1385.714453846154,19.79592076923077,3.8037500000000004,64.87958333333334,13070.0,70.0,25,Educational Instruction and Library Occupations,47460.0,22.820000000000004,43230.0,20.78,126530.20249615384,677.6674961538462,15.791063461538462,False,False,False,False,48.90383399501459,48.90383399501459,6391.731103148407,34.23268379651021,303351558.1554234,1479878.9205231364,0.005355776587605203,0.42313079738379816
25-4022.00,Librarians and Media Collections Specialists,4863107.241603846,60129.44552692308,36.88923038461539,3.807142857142857,83.28821428571429,131830.0,1630.0,25,Educational Instruction and Library Occupations,64320.0,30.92,49760.0,23.92,4257127.834943461,52636.86847423077,33.526231961538464,True,True,True,True,87.53925470784944,87.53925470784942,115402.99948135791,1426.889851737946,7422720926.640941,71002039.02248019,0.012364408708184784,0.9768447264923629
25-4031.00,Library Technicians,4318637.4384,29856.3792,58.54192,3.6703225806451614,65.68741935483871,73770.0,510.0,25,Educational Instruction and Library Occupations,39970.0,19.22,36630.0,17.61,3604435.368126923,24918.829303846152,50.979345384615385,False,False,False,False,83.46232855940599,83.46232855940599,61570.159778273795,425.6578756529705,2460959286.3376036,15591847.98516831,0.006913379422529483,0.5461885311724052
25-9021.00,Farm and Home Management Educators,61005.585115384616,671.8938711538461,5.945963461538462,3.7733333333333334,86.34533333333334,10260.0,113.0,25,Educational Instruction and Library Occupations,58120.0,27.94,58120.0,27.94,46077.214084615385,507.4780888461538,4.8980334615384615,False,True,True,False,75.52950110627734,75.52950110627734,7749.326813504054,85.3483362500934,450390874.40085566,4960445.302855428,0.01101364522417154,0.8701282455640564
25-9031.00,Instructional Coordinators,1641903.3040192307,25541.583292307692,7.7870680769230765,3.8461538461538463,80.13153846153847,210850.0,3280.0,25,Educational Instruction and Library Occupations,74720.0,35.92,59690.0,28.7,731097.8839615382,11373.019015384612,4.028946923076921,False,False,False,False,44.52746286409661,44.52746286409661,93886.15544894771,1460.5007819423688,7015173535.145373,87177291.67413999,0.015556082523120704,1.2290015265777618
25-9042.00,"Teaching Assistants, Preschool, Elementary, Middle, and Secondary School, Except Special Education",17096834.767641347,188317.56104538462,44.688552692307695,3.964642857142857,75.10857142857142,382577.5,4214.0,25,Educational Instruction and Library Occupations,35550.0,17.091346153846153,35550.0,17.091346153846153,35491064.64639846,390925.6200898462,25.919608000000007,True,True,True,True,207.58851055618385,207.58851055618385,794186.9339730842,8747.779834837587,28233345502.743145,310983573.1284762,0.011014761714946645,0.8702164534316204
25-9044.00,"Teaching Assistants, Postsecondary",1532042.050430769,20656.524646153845,9.883504615384615,3.7405,71.233,155010.0,2090.0,25,Educational Instruction and Library Occupations,44930.0,21.60096153846154,30010.0,14.427884615384617,1277635.8824192306,17226.366003846153,8.500621923076922,True,True,True,True,83.39430905698664,83.39430905698664,129269.518469235,1742.9410592910208,5808079464.822728,52305661.18932354,0.013483001096703438,1.065218631109057
27-1011.00,Art Directors,1417871.445623077,11259.650153846154,28.149125384615385,4.1293750000000005,80.50875,50370.0,400.0,27,"Arts, Design, Entertainment, Sports, and Media Occupations",111040.0,53.38,91020.0,43.76,1084005.2532461537,8608.340307692308,25.5641,False,False,False,False,76.45299978305104,76.45299978305106,38509.37599072281,305.81199913220416,4276081110.0098605,27835008.161013223,0.007941234862021045,0.6273938026383326
27-1012.00,Craft Artists,83272.08119230768,914.6590153846154,19.055396153846154,3.7199999999999998,94.93333333333334,4370.0,48.0,27,"Arts, Design, Entertainment, Sports, and Media Occupations",38480.0,18.5,20030.0,9.63,72532.95289945054,796.7006268131868,17.96456126373626,False,False,False,False,87.10356683885885,87.10356683885885,3806.4258708581315,41.80971208265225,146471267.5106209,837448.5330155245,0.010983981693363846,0.8677846912281779
27-1013.00,"Fine Artists, Including Painters, Sculptors, and Illustrators",355191.3807692308,4972.679330769231,35.51913807692308,3.6310714285714285,55.799642857142864,10000.0,140.0,27,"Arts, Design, Entertainment, Sports, and Media Occupations",60560.0,29.12,43680.0,21.0,286759.2653846154,4014.6297153846153,31.64548269230769,False,False,False,False,80.73373423746564,80.73373423746564,8073.373423746563,113.0272279324519,488923494.54209185,4937029.316089499,0.013999999999999999,1.1060639043612481
27-1014.00,Special Effects Artists and Animators,570138.9244923077,5090.526111538462,26.792242692307692,3.7,65.96769230769232,21280.0,190.0,27,"Arts, Design, Entertainment, Sports, and Media Occupations",99800.0,47.98,62820.0,30.2,481923.4129230769,4302.887615384616,22.646776923076924,False,True,True,False,84.52736556308899,84.527365563089,17987.423391825338,160.6019945698691,1795144854.5041687,10089017.298879176,0.00892857142857143,0.7053978981895718
27-1021.00,Commercial and Industrial Designers,727500.1440384616,11062.812107692307,24.049591538461538,3.5288235294117647,78.85823529411765,30250.0,460.0,27,"Arts, Design, Entertainment, Sports, and Media Occupations",79450.0,38.2,66040.0,31.75,650451.1136538462,9891.157430769232,22.646935,False,False,False,False,89.40907008527795,89.40907008527796,27046.24370079658,411.28172239227854,2148824062.0282884,27161044.946786076,0.015206611570247934,1.201391726106669
27-1022.00,Fashion Designers,397647.4403653846,6275.641096153846,19.01709423076923,3.8325000000000005,73.712,20910.0,330.0,27,"Arts, Design, Entertainment, Sports, and Media Occupations",80690.0,38.79,58490.0,28.12,367751.76193846157,5803.829815384615,17.680735000000002,False,False,False,False,92.48186323054087,92.48186323054087,19337.957601506096,305.19014866078487,1560379798.865527,17850571.79516931,0.015781922525107604,1.2468439176033748
27-1023.00,Floral Designers,1454594.9683076923,36219.99423076923,36.21999423076923,4.149333333333334,91.432,40160.0,1000.0,27,"Arts, Design, Entertainment, Sports, and Media Occupations",36120.0,17.37,34910.0,16.79,985352.816123077,24535.67769230769,28.94539230769231,False,False,False,False,67.74070016682775,67.74070016682774,27204.665186998023,677.4070016682775,982632506.5543686,23648278.42823957,0.0249003984063745,1.9672451343932276
27-1024.00,Graphic Designers,9723598.907215385,139323.47916153847,45.38224076923077,4.057894736842105,96.3157894736842,214260.0,3070.0,27,"Arts, Design, Entertainment, Sports, and Media Occupations",61300.0,29.47,59010.0,28.37,9723598.907215385,139323.47916153847,45.38224076923077,False,False,False,False,100.0,100.0,214260.0,3070.0,13134138000.0,181160700.0,0.014328386072995428,1.132007903078047
27-1025.00,Interior Designers,880038.0720384615,14418.559961538462,12.647859615384615,4.15,95.5,69580.0,1140.0,27,"Arts, Design, Entertainment, Sports, and Media Occupations",63490.0,30.52,60170.0,28.93,709737.2219,11628.347699999998,12.017366923076922,False,False,False,False,80.64846788457824,80.64846788457821,56115.203954089535,919.392533884192,3562754299.0451446,55319848.76381183,0.016384018396090827,1.2944122397361955
27-1026.00,Merchandise Displayers and Window Trimmers,5439882.863446154,55111.03275,28.262068076923075,3.84375,74.54041666666667,192480.0,1950.0,27,"Arts, Design, Entertainment, Sports, and Media Occupations",37350.0,17.96,43260.0,20.8,5014637.835876924,50802.90825,27.101573076923078,False,False,False,False,92.18282749382884,92.18282749382881,177433.50636012174,1797.5651361296623,6627141462.550547,77762667.78896919,0.010130922693266832,0.8003891363497633
27-1027.00,Set and Exhibit Designers,87264.58865384615,3056.2713076923073,8.04281923076923,3.9125925925925924,82.38962962962962,10850.0,380.0,27,"Arts, Design, Entertainment, Sports, and Media Occupations",66280.0,31.87,35230.0,16.94,58798.69557692307,2059.3091538461535,6.856881923076922,False,False,False,False,67.37978885130693,67.37978885130693,7310.707090366802,256.0431976349663,484553665.94951165,9020401.852679864,0.035023041474654376,2.7669801425758678
27-2011.00,Actors,1167558.2286153848,22267.863123076924,30.091706923076924,3.9305555555555554,78.18055555555556,38800.0,740.0,27,"Arts, Design, Entertainment, Sports, and Media Occupations",78000.0,23.33,41288.0,19.85,460409.84338461544,8781.012476923079,29.720106923076926,False,False,False,False,39.433565889952966,39.43356588995297,15300.22356530175,291.80838758565193,1193417438.0935366,12048184.706636397,0.01907216494845361,1.5067880876791675
27-2012.00,Producers and Directors,7416706.323592308,65349.92836923077,51.054631538461535,3.8433333333333333,68.21407407407408,145270.0,1280.0,27,"Arts, Design, Entertainment, Sports, and Media Occupations",83480.0,40.13,71500.0,34.38,538059.3130396762,18961.774493927125,43.115547449392714,False,False,False,False,7.254693519792291,29.01575405988516,10538.89327620226,92.86007705334131,879786810.6973647,6639495.509313904,0.0352410487736115,2.784203714308994
27-2012.03,Media Programming Directors,4257913.371165385,37517.23766153846,29.310341923076923,3.707826086956522,78.23391304347825,145270.0,1280.0,27,"Arts, Design, Entertainment, Sports, and Media Occupations",83480.0,40.13,71500.0,34.38,216966.31364461538,7650.676378076923,23.24680153846154,False,True,True,False,5.095601876588486,20.392429866765397,7402.380846120093,65.22370402033262,617950753.0341054,4663494.837453783,0.03526204713330989,2.7858626805742213
27-2012.04,Talent Directors,2529586.0071423077,22288.63556923077,17.412996538461538,3.854,77.14666666666668,145270.0,1280.0,27,"Arts, Design, Entertainment, Sports, and Media Occupations",83480.0,40.13,71500.0,34.38,19438.438673076926,687.217528846154,8.483137692307693,False,False,False,False,0.7684434772406366,3.083264234419314,1116.3178393874728,9.836076508680149,93190213.23206623,703279.4703706306,0.03535353535353536,2.7930906675789102
27-2012.05,Media Technical Directors/Managers,6180512.094126923,54457.599507692306,42.54499961538462,4.006666666666667,74.58266666666667,145270.0,1280.0,27,"Arts, Design, Entertainment, Sports, and Media Occupations",83480.0,40.13,71500.0,34.38,209015.38346,7354.59292,29.66620653846154,False,True,True,False,3.381845715642534,13.505172806893812,4912.807271113909,43.28762516022444,410121150.9925892,3095065.198956047,0.035186849878001795,2.7799217541596986
27-2021.00,Athletes and Sports Competitors,279605.63462307694,5642.702438461539,19.457594615384618,3.9311111111111114,93.73222222222222,14370.0,290.0,27,"Arts, Design, Entertainment, Sports, and Media Occupations",62360.0,29.980769230769237,178920.0,86.01923076923077,36931.8561576923,745.3192961538462,14.319794615384616,False,False,False,False,13.208552183677694,13.208552183677696,1898.0689487944846,38.30480133266531,118363579.64682406,6853495.054440478,0.02018093249826027,1.5943857851911825
27-2022.00,Coaches and Scouts,8799725.527,94330.3645,35.06705,4.0381481481481485,76.58666666666667,250940.0,2690.0,27,"Arts, Design, Entertainment, Sports, and Media Occupations",45920.0,22.07692307692308,39920.0,19.192307692307693,6436788.298761538,69000.40058846153,31.934852692307693,False,False,False,False,73.14760305888728,73.1476030588873,183556.59511597175,1967.670522284068,8428918847.725423,78549407.24958,0.010719693950745197,0.8469047531942062
27-2023.00,"Umpires, Referees, and Other Sports Officials",312561.9942,19897.845784615383,20.726922692307692,4.23,70.23875,15080.0,960.0,27,"Arts, Design, Entertainment, Sports, and Media Occupations",38820.0,18.66346153846154,29920.0,14.384615384615383,289648.0792,18439.135015384614,19.419338846153845,False,False,False,False,92.6690015340323,92.66900153403232,13974.485431332072,889.6224147267101,542489524.444311,26617502.648623165,0.0636604774535809,5.029468303272065
27-2031.00,Dancers,345363.0289153846,8005.103319230769,38.11953961538462,3.994285714285714,81.19928571428571,9060.0,210.0,27,"Arts, Design, Entertainment, Sports, and Media Occupations",51020.0,23.97,35547.2,17.09,26790.88693846154,620.9808230769231,18.72122115384615,False,False,False,False,7.75731178366096,7.7573117836609615,702.812447599683,16.290354745688017,35857491.07653583,579076.498215921,0.023178807947019868,1.8312316297371662
27-2032.00,Choreographers,107873.95777307692,5032.021353846154,31.45013346153846,3.8905555555555558,94.61666666666666,3430.0,160.0,27,"Arts, Design, Entertainment, Sports, and Media Occupations",55600.0,26.73,37710.0,18.13,41795.205657692306,1949.6305846153846,20.247867692307693,False,False,False,False,38.74448154170117,38.74448154170118,1328.9357168803501,61.99117046672187,73888825.85854746,2337687.0383000816,0.04664723032069971,3.68534412115368
27-2041.00,Music Directors and Composers,464103.12063461536,4893.22025,37.640155769230766,3.927857142857143,89.15392857142857,12330.0,130.0,27,"Arts, Design, Entertainment, Sports, and Media Occupations",63670.0,30.61,78010.0,37.51,363750.94582721894,3835.168123076923,38.34256979289941,False,False,False,False,78.37718163364757,78.37718163364755,9663.906495428746,101.89033612374183,615300926.5639483,7948465.1210131,0.010543390105433901,0.8329759446585696
27-2042.00,Musicians and Singers,1557057.3769999999,11368.345907692308,40.601235384615386,3.903703703703704,78.53999999999999,38350.0,280.0,27,"Arts, Design, Entertainment, Sports, and Media Occupations",88296.0,42.45,38979.2,18.74,893486.67623,6523.501156307692,43.5377376,False,False,False,False,57.383028360296585,57.38302836029657,22006.39137617374,160.67247940883044,1943076332.9506364,6262884.709372683,0.007301173402868318,0.5768260257425024
27-3011.00,Broadcast Announcers and Radio Disc Jockeys,1854899.7113076923,13204.897442307692,77.67586730769231,4.08,74.65791666666667,23880.0,170.0,27,"Arts, Design, Entertainment, Sports, and Media Occupations",45680.0,21.96,49050.0,23.58,1811170.113415385,12893.589584615384,75.84464461538461,False,True,True,False,97.6424818212151,97.64248182121507,23317.024658906168,165.99221909606567,1065121686.4188337,8141918.346662021,0.007118927973199328,0.5624278049216683
27-3023.00,"News Analysts, Reporters, and Journalists",2918964.862903846,15455.409623076923,70.25186192307692,4.088333333333334,91.34466666666667,41550.0,220.0,27,"Arts, Design, Entertainment, Sports, and Media Occupations",60280.0,28.98,53630.0,25.79,2772035.4332884615,14677.443930769232,66.71565423076923,True,True,True,True,94.96638580742571,94.96638580742572,39458.53330298539,208.9260487763366,2378560387.503959,11204703.99587493,0.00529482551143201,0.4183153841490023
27-3031.00,Public Relations Specialists,3007429.774488461,28081.777715384615,10.718235769230768,3.8449999999999998,91.16055555555556,280590.0,2620.0,27,"Arts, Design, Entertainment, Sports, and Media Occupations",69780.0,33.55,75700.0,36.39,2889056.947430769,26976.47529230769,10.39969,False,False,False,False,96.0639869944153,96.0639869944153,269545.9411076299,2516.876459253681,18808915770.490414,190527547.96550363,0.009337467479240172,0.7377025526381834
27-3041.00,Editors,5149079.004892308,29660.593346153848,53.92835153846154,3.9147619047619044,74.8352380952381,95480.0,550.0,27,"Arts, Design, Entertainment, Sports, and Media Occupations",75260.0,36.18,59860.0,28.78,4455824.871723077,25667.19396153846,48.748339615384616,False,False,False,False,86.53634693679108,86.53634693679108,82624.90405524812,475.94990815235093,6218350279.197973,28490361.50199973,0.005760368663594469,0.45509541818682037
27-3042.00,Technical Writers,1746883.1579538463,19504.18796923077,31.458367692307693,3.8986666666666663,84.32,55530.0,620.0,27,"Arts, Design, Entertainment, Sports, and Media Occupations",91670.0,44.07,74940.0,36.03,1689755.0259115384,18866.34460769231,30.42958807692308,False,False,False,False,96.72971075471224,96.72971075471224,53714.008382091706,599.724206679216,4923963148.386347,44943332.04854044,0.01116513596254277,0.8820967053895887
27-3043.00,Writers and Authors,574849.1794615384,7576.46408076923,12.02613346153846,3.9775,86.27,47800.0,630.0,27,"Arts, Design, Entertainment, Sports, and Media Occupations",72270.0,34.75,61020.0,29.34,383656.7506430769,10105.168952307691,30.211483846153847,False,False,False,False,66.7404189395292,133.37579172264384,31901.920253094962,420.464639319034,2305551776.691173,25656752.291247454,0.02633908809207614,2.0809081866026142
27-3043.05,"Poets, Lyricists and Creative Writers",607025.8413846154,8000.549792307692,12.699285384615385,3.996875,81.60125,47800.0,630.0,27,"Arts, Design, Entertainment, Sports, and Media Occupations",72270.0,34.75,61020.0,29.34,116647.21719358973,3077.971225,11.27461987179487,False,False,False,False,19.21618640279291,38.47199636154235,9185.33710053501,121.06197433759533,663824312.2556652,7387201.674080067,0.02638700947225981,2.0846941943789234
27-3091.00,Interpreters and Translators,2716131.725630769,35122.393003846155,50.90201884615385,4.187647058823529,70.44529411764705,53360.0,690.0,27,"Arts, Design, Entertainment, Sports, and Media Occupations",59440.0,28.58,65990.0,31.72,2716131.725630769,35122.393003846155,50.90201884615385,False,False,False,False,100.0,100.0,53360.0,690.0,3171718400.0,45533100.0,0.012931034482758622,1.0216107491021384
27-3092.00,Court Reporters and Simultaneous Captioners,585477.98505,6443.502765,46.356135,4.707142857142857,81.50285714285714,12630.0,139.0,27,"Arts, Design, Entertainment, Sports, and Media Occupations",67310.0,32.36,84510.0,40.63,462749.83648846153,5092.812927307692,38.84179538461538,True,True,True,True,79.0379567301651,79.0379567301651,9982.493935019853,109.8627598549295,671921666.7661862,9284501.835340092,0.0110055423594616,0.8694880822656573
27-4011.00,Audio and Video Technicians,2097721.755692308,57771.161365384614,29.93324423076923,3.3513793103448277,65.14896551724138,70080.0,1930.0,27,"Arts, Design, Entertainment, Sports, and Media Occupations",54830.0,26.36,41600.0,20.0,1616142.8850461538,44508.50125769231,24.26495423076923,False,True,True,False,77.0427670238268,77.04276702382681,53991.571130297816,1486.9254035598572,2960357845.0742292,61856096.78809006,0.027539954337899547,2.175782101493405
27-4012.00,Broadcast Technicians,1068053.3063076923,14186.666307692309,50.666665384615385,3.923333333333333,65.03407407407407,21080.0,280.0,27,"Arts, Design, Entertainment, Sports, and Media Occupations",53920.0,25.92,34570.0,16.62,989167.2195230769,13138.843523076923,46.92444115384615,False,False,False,False,92.61403093658986,92.61403093658984,19523.037721433142,259.31928662245156,1052682193.939675,8964667.73853815,0.013282732447817837,1.0493964937013742
27-4014.00,Sound Engineering Technicians,437435.0312884615,10726.376246153846,33.51992576923077,4.074285714285714,93.91571428571429,13050.0,320.0,27,"Arts, Design, Entertainment, Sports, and Media Occupations",66430.0,31.94,32880.0,15.81,379864.05784615385,9314.674215384615,32.35548769230769,False,False,False,False,86.83896594364361,86.8389659436436,11332.485055645493,277.8846910196596,752816982.24653,9136848.640726408,0.024521072796934867,1.9372766797788696
27-4021.00,Photographers,2563535.072342308,32525.82075,50.03972423076923,3.972142857142857,83.75071428571428,51230.0,650.0,27,"Arts, Design, Entertainment, Sports, and Media Occupations",42520.0,20.44,47610.0,22.890000000000004,2445820.256130769,31032.2695,48.31108038461539,False,False,False,False,95.40810588154028,95.40810588154028,48877.57264311309,620.1526882300118,2078274388.7851686,29525469.48663086,0.012687878196369316,1.0024002925668714
27-4031.00,"Camera Operators, Television, Video, and Film",1252807.5769076922,20487.45015384615,51.218625384615386,4.123333333333333,68.41952380952381,24460.0,400.0,27,"Arts, Design, Entertainment, Sports, and Media Occupations",68810.0,33.08,46600.0,22.41,876652.6843384615,14336.102769230769,44.079233461538465,False,True,True,False,69.97504648737082,69.97504648737082,17115.8963708109,279.9001859494833,1177744829.2754982,13043348.66524592,0.016353229762878167,1.2919797971746856
27-4032.00,Film and Video Editors,3147208.1748,57796.96232307692,109.05087230769232,4.173181818181818,72.13636363636364,28860.0,530.0,27,"Arts, Design, Entertainment, Sports, and Media Occupations",70980.0,34.12,62860.0,30.219999999999995,2446348.3251,44926.00874230769,101.94171615384616,False,False,False,False,77.7307438601662,77.7307438601662,22433.092678043962,411.9729424588809,1592300918.2875605,25896619.162965253,0.018364518364518363,1.4508807774266448
29-1011.00,Chiropractors,2504130.4377076924,29945.753307692306,66.54611846153846,4.585454545454545,98.91818181818181,37630.0,450.0,29,Healthcare Practitioners and Technical Occupations,79000.0,37.98,59920.0,28.81,1308713.5366384615,15650.308038461539,34.77846230769231,False,False,False,False,52.26219516889351,52.26219516889351,19666.26404205463,235.1798782600208,1553634859.3223157,14091978.305340447,0.011958543715120914,0.9447795394300933
29-1021.00,"Dentists, General",10363999.11975,67577.40196153846,91.32081346153846,4.2985,91.54400000000001,113490.0,740.0,29,Healthcare Practitioners and Technical Occupations,172790.0,83.07,132270.0,63.59000000000001,2672800.8075,17427.72576923077,37.64182923076923,False,False,False,False,25.789280533675623,25.789280533675623,29268.254477668466,190.8406759491996,5057261691.196334,25242496.20780063,0.006520398272975592,0.5151412265569802
29-1022.00,Oral and Maxillofacial Surgeons,167975.67775,1859.3930557692306,31.515136538461537,4.021428571428571,84.66214285714285,5330.0,59.0,29,Healthcare Practitioners and Technical Occupations,179210.0,86.16,179210.0,86.16,33362.653249999996,369.3051673076922,6.727921153846153,False,False,False,False,19.861597641328757,19.861597641328757,1058.6231542828227,11.718342608383967,189715855.47902465,2100044.1788484906,0.011069418386491555,0.8745345799693599
29-1023.00,Orthodontists,346163.2279615385,6721.616076923076,67.21616076923077,4.8,99.16363636363636,5150.0,100.0,29,Healthcare Practitioners and Technical Occupations,179210.0,86.16,124830.0,60.02,55824.08261538462,1083.9627692307693,18.824731923076925,False,False,False,False,16.126520122925108,16.126520122925108,830.515786330643,16.126520122925108,148836734.06831452,2013073.5069447411,0.019417475728155338,1.5340692154802333
29-1024.00,Prosthodontists,24369.172,256.5176,32.0647,4.381666666666667,94.665,760.0,8.0,29,Healthcare Practitioners and Technical Occupations,179210.0,86.16000000000001,179210.0,86.16000000000001,0.0,0.0,7.472989615384615,False,False,False,False,0.0,0.0,0.0,0.0,0.0,0.0,,
29-1031.00,Dietitians and Nutritionists,2230557.04765,31752.738434615385,29.130952692307694,3.498571428571428,75.11107142857144,76570.0,1090.0,29,Healthcare Practitioners and Technical Occupations,73850.0,35.5,61170.0,29.41,1830109.08235,26052.225411538464,23.90112423076923,False,False,False,False,82.04717670315173,82.04717670315175,62823.52320160328,894.3142260643539,4639517188.438402,54705201.20835653,0.014235340211571112,1.1246568553086445
29-1041.00,Optometrists,2040292.4227269231,19969.441234615384,48.70595423076923,4.642,100.0,41890.0,410.0,29,Healthcare Practitioners and Technical Occupations,134830.0,64.82,124830.0,60.02,408925.99100000004,4002.3790000000004,9.7619,False,False,False,False,20.042518731381453,20.042518731381453,8395.811096575691,82.17432679866396,1132007210.1513004,10257821.21427722,0.00978753879207448,0.7732602407463626
29-1051.00,Pharmacists,30149563.783915386,286029.8568,91.67623615384616,4.049,73.33500000000001,328870.0,3120.0,29,Healthcare Practitioners and Technical Occupations,137480.0,66.1,136230.0,65.5,15519953.984711539,147238.29,47.19175961538461,False,False,False,False,51.4765457170274,51.4765457170274,169290.91589958803,1606.0682263712547,23274115117.875362,218794674.47855604,0.009487031349773467,0.7495187811091432
29-1071.00,Physician Assistants,13963759.279292308,149925.92256923078,89.77600153846154,4.5475,93.91833333333334,155540.0,1670.0,29,Healthcare Practitioners and Technical Occupations,133260.0,64.07,134390.0,64.61,2365960.3964730767,50824.74641538461,47.67196,False,False,False,False,16.943577650910242,33.89990572972158,26354.040678225792,282.957746770201,3511939460.7803693,38026691.58844732,0.021481655606386634,1.6971488480102643
29-1071.01,Anesthesiologist Assistants,8131873.962046154,87310.20648461538,52.281560769230765,4.38375,70.791875,155540.0,1670.0,29,Healthcare Practitioners and Technical Occupations,133260.0,64.07,134390.0,64.61,344027.12997923075,7380.650583076924,34.543680384615385,False,False,False,False,4.230600862542958,8.453365167997216,6580.276581599316,70.6510344044674,876887657.2639248,9494792.513616374,0.02145368763074732,1.6949392502722145
29-1081.00,Podiatrists,546839.9347384615,5169.705265384615,57.44116961538461,4.2309090909090905,93.8,9520.0,90.0,29,Healthcare Practitioners and Technical Occupations,152800.0,73.46,146330.0,70.35,115805.78003076922,1094.8025423076922,15.805086923076923,False,False,False,False,21.177271935370985,21.177271935370985,2016.0762882473177,19.059544741833886,308056456.8441901,2788983.1820725524,0.009453781512605041,0.7468918922007228
29-1122.00,Occupational Therapists,8061842.5362,51352.68755,52.940915000000004,4.148823529411764,96.79058823529412,152280.0,970.0,29,Healthcare Practitioners and Technical Occupations,98340.0,47.28,93310.0,44.86,1454037.639106154,18522.976945384617,32.25828038461538,False,False,False,False,18.03604613433102,36.07012179713001,27465.291053359277,174.94964750301088,2700936722.187351,16324551.608505946,0.012738994127257474,1.0064386844306725
29-1122.01,"Low Vision Therapists, Orientation and Mobility Specialists, and Vision Rehabilitation Therapists",3278645.8564153844,20884.465988461536,21.530377307692305,4.1657142857142855,90.88952380952381,152280.0,970.0,29,Healthcare Practitioners and Technical Occupations,98340.0,47.28,93310.0,44.86,159012.01978846153,2025.9263365384613,6.382135769230769,False,False,False,False,4.849929719531003,9.700637486530734,7385.472976901812,47.04431827945073,726287412.5485243,4389705.338655547,0.012740711923750243,1.0065743981946504
29-1123.00,Physical Therapists,21100812.31413846,197743.20352307693,84.8683276923077,4.27125,94.36375,248630.0,2330.0,29,Healthcare Practitioners and Technical Occupations,101020.0,48.57,97580.0,46.91,11514828.348046156,107909.5445076923,51.371781923076924,False,False,False,False,54.570545326023876,54.570545326023854,135678.74684409317,1271.4937060963564,13706267006.190292,124072355.84088245,0.009371355025539957,0.7403798234788664
29-1124.00,Radiation Therapists,2046201.8216538462,9848.030157692308,109.4225573076923,4.492272727272727,85.23590909090909,18700.0,90.0,29,Healthcare Practitioners and Technical Occupations,101990.0,49.03,104040.0,50.02,603998.2405769231,2906.9434038461536,62.07461461538462,False,False,False,False,29.518018906304196,29.51801890630419,5519.869535478884,26.56621701567378,562971493.9234914,2763949.2183107,0.00481283422459893,0.38023587239309525
29-1125.00,Recreational Therapists,298476.3352846154,5152.9779,19.81914576923077,4.443636363636364,95.93454545454546,15060.0,260.0,29,Healthcare Practitioners and Technical Occupations,60280.0,28.980000000000004,51490.0,24.75,174896.77876153844,3019.4663,13.771521153846153,False,False,False,False,58.59653114367131,58.596531143671314,8824.637590236898,152.3509809735454,531949153.93948025,7844552.010327853,0.017264276228419657,1.363956626512638
29-1126.00,Respiratory Therapists,8382616.582623078,62676.06593076923,61.44712346153846,4.460909090909091,90.67090909090909,136420.0,1020.0,29,Healthcare Practitioners and Technical Occupations,80450.0,38.68,78990.0,37.98,1219712.383546154,9119.679161538463,29.74736576923077,False,False,False,False,14.550497109394012,14.550497109394012,19849.788156635313,148.4150705158189,1596915457.2013109,11723306.420044536,0.007476909544055124,0.5907099830609637
29-1127.00,Speech-Language Pathologists,7659674.763365385,62120.52355769231,42.841740384615385,4.336086956521739,87.18173913043479,178790.0,1450.0,29,Healthcare Practitioners and Technical Occupations,95410.0,45.87,85320.0,41.02,3728066.847326923,30234.89528846154,27.72494230769231,False,False,False,False,48.67134653232907,48.671346532329075,87019.50046515114,705.7345247187715,8302530539.380071,60213269.649005584,0.008110073270317132,0.6407328075730546
29-1128.00,Exercise Physiologists,488170.3455384615,12640.66246153846,60.193630769230765,4.072,93.4104,8110.0,210.0,29,Healthcare Practitioners and Technical Occupations,58160.0,27.96,33540.0,16.13,283513.01078461536,7341.274015384615,42.37018961538461,False,False,False,False,58.076655695235836,58.076655695235836,4710.016776883626,121.96097695999526,273934575.74355173,4090571.167238241,0.02589395807644883,2.0457408835288198
29-1129.01,Art Therapists,772345.7793692307,5196.94365,39.976489615384615,3.9336,94.62639999999999,19320.0,130.0,29,Healthcare Practitioners and Technical Occupations,65010.0,31.26,59660.0,28.68,285363.17686153844,3840.2912,33.507801538461536,True,False,True,False,36.94759322626098,73.89518645252195,7138.275011313621,48.03187119413926,464059258.4854985,2865581.4354423485,0.013457556935817808,1.0632084262567458
29-1129.02,Music Therapists,1344922.9742307693,9049.68875,69.61299038461539,4.171666666666667,97.69133333333335,19320.0,130.0,29,Healthcare Practitioners and Technical Occupations,65010.0,31.26,59660.0,28.68,571033.3559538461,7684.7139,64.51332346153846,True,False,True,False,42.45844311496348,84.91688622992697,8202.971209810945,55.19597604945252,533275158.3498095,3292991.9311103374,0.013457556935817806,1.0632084262567456
29-1131.00,Veterinarians,4548638.2436,34976.5064,56.41372,4.175238095238096,80.99095238095238,80630.0,620.0,29,Healthcare Practitioners and Technical Occupations,125510.0,60.34,121850.0,58.580000000000005,1334676.8871615385,10262.925338461539,19.804982692307693,False,False,False,False,29.342339743976087,29.342339743976087,23658.72853556792,181.92250641265176,2969407018.49913,22167257.40638162,0.007689445615775766,0.607501302868459
29-1141.00,Registered Nurses,235801173.82881537,1852204.6737538462,71.84657384615385,4.264074074074074,69.25703703703704,3282010.0,25780.0,29,Healthcare Practitioners and Technical Occupations,93600.0,45.0,82270.0,39.55,3556330.891482692,139662.33862846153,42.34846884615384,False,False,False,False,1.5081904952960423,7.5403296734701115,49498.962874665645,388.8115096873197,4633102925.068705,31987522.901975792,0.039271469075880625,3.1026253154336105
29-1141.01,Acute Care Nurses,180622652.10079613,1418780.5555615383,55.03415653846154,4.318846153846154,88.01923076923077,3282010.0,25780.0,29,Healthcare Practitioners and Technical Occupations,93600.0,45.0,82270.0,39.55,4062493.181868077,159547.46884961537,36.15720287179487,False,False,False,False,2.2491604096262576,11.245394379292728,73817.66955997473,579.8335536016492,6909333870.813635,47702906.454807684,0.03927328901417377,3.1027690988660543
29-1141.02,Advanced Practice Psychiatric Nurses,332808312.1465423,2614190.1722230767,101.40380807692308,4.182916666666666,91.04041666666666,3282010.0,25780.0,29,Healthcare Practitioners and Technical Occupations,93600.0,45.0,82270.0,39.55,9054743.901383078,355616.16271846154,68.02145423076924,False,False,False,False,2.7207084591673567,13.603301186617564,89293.92370071856,701.3986407733445,8357911258.387257,57704066.17642305,0.03927401664713483,3.1028265851913295
29-1141.03,Critical Care Nurses,335421361.4090462,2634715.5240615383,102.19998153846154,4.2027586206896554,97.13172413793104,3282010.0,25780.0,29,Healthcare Practitioners and Technical Occupations,93600.0,45.0,82270.0,39.55,3892449.913144231,152859.07970538462,75.09879833333333,False,False,False,False,1.1604657189371401,5.801729951844863,38086.60094208883,299.16806234199476,3564905848.1795144,24612556.488875907,0.039270660667771726,3.1025614475029504
29-1141.04,Clinical Nurse Specialists,75492050.51850384,592985.7198384615,23.001773461538463,3.951,96.31733333333334,3282010.0,25780.0,29,Healthcare Practitioners and Technical Occupations,93600.0,45.0,82270.0,39.55,1683000.7349399999,66100.54185,10.376851153846154,False,False,False,False,2.229374779702771,11.14707144516175,73168.30320732291,574.7328182073744,6848553180.205424,47283268.95392069,0.03927540878486695,3.102936570426715
29-1151.00,Nurse Anesthetists,3970795.0411538463,43769.43888461538,78.86385384615384,4.474166666666666,99.07458333333334,50350.0,555.0,29,Healthcare Practitioners and Technical Occupations,223210.0,107.31,122040.0,58.68,1477416.0994615385,16285.321453846154,48.194975,False,False,False,False,37.20706015166741,37.20706015166742,18733.754786364545,206.49918384175413,4181561405.86443,25201160.396047674,0.01102284011916584,0.8708546842395983
29-1161.00,Nurse Midwives,820111.8955846154,9904.733038461538,99.04733038461538,4.5561904761904755,96.68142857142857,8280.0,100.0,29,Healthcare Practitioners and Technical Occupations,128790.0,61.92,138020.0,66.36,402716.3376461539,4863.723884615385,56.82619807692308,False,False,False,False,49.10504771535818,49.10504771535818,4065.8979508316575,49.105047715358175,523646997.0876092,6777478.685673735,0.012077294685990338,0.9541614081791308
29-1171.00,Nurse Practitioners,37060865.97175384,344819.5344,120.56627076923077,4.53,98.06666666666668,307390.0,2860.0,29,Healthcare Practitioners and Technical Occupations,129210.0,62.12,125700.0,60.43,19104320.303042307,177749.2959,66.29937615384615,False,False,False,False,51.54849948083452,51.54849948083452,158454.93255413725,1474.2870851518674,20473961835.320076,185317886.6035897,0.009304141318845766,0.7350696338465259
29-1181.00,Audiologists,902729.2397307693,9192.762115384616,61.28508076923077,4.264545454545455,97.31318181818182,14730.0,150.0,29,Healthcare Practitioners and Technical Occupations,92120.0,44.29,96520.0,46.4,325132.7915653846,3310.924557692308,38.36180115384615,False,False,False,False,36.016645662474886,36.016645662474886,5305.251906082551,54.02496849371233,488719805.58832455,5214489.959013114,0.010183299389002039,0.8045271343913649
29-1211.00,Anesthesiologists,2789186.4239846156,47940.18203076923,66.58358615384616,4.318888888888889,91.81333333333333,41890.0,720.0,29,Healthcare Practitioners and Technical Occupations,257920.0,124.0,257920.0,124.0,554461.8079307692,9530.01913846154,25.458148076923074,True,False,True,False,19.878979876098356,19.878979876098363,8327.304670097601,143.12865510790817,2147778420.5115733,36915742.72543167,0.017187873000716166,1.3579204227741006
29-1213.00,Dermatologists,866560.5415384616,9542.482153846153,85.96830769230769,4.286666666666666,91.38111111111111,10080.0,111.0,29,Healthcare Practitioners and Technical Occupations,249103.6,119.76134615384616,249103.6,119.76134615384616,311799.6775384615,3433.508353846154,30.932507692307695,True,False,True,False,35.981291853527416,35.98129185352742,3626.9142188355636,39.93923395741543,903477388.8031267,9949006.960034432,0.011011904761904763,0.8699907411004718
29-1215.00,Family Medicine Physicians,8936731.469519231,53810.79625,82.78584038461538,4.508333333333334,89.08083333333333,107950.0,650.0,29,Healthcare Practitioners and Technical Occupations,238380.0,114.61,238380.0,114.61,2018217.4359582083,12152.30507987805,22.531544415103188,True,True,True,True,22.5833957621061,22.583395762106104,24378.775725193536,146.79207245368966,5811412557.371635,34992294.23151054,0.006021306160259379,0.47571067149792323
29-1216.00,General Internal Medicine Physicians,5927426.798461539,10673.637692307693,88.94698076923076,4.106842105263158,87.01368421052632,66640.0,120.0,29,Healthcare Practitioners and Technical Occupations,236350.0,113.63,236350.0,113.63,1528839.6382358973,2753.0125538461534,26.219167179487176,True,True,True,True,25.79263633644041,25.792636336440406,17188.21285460389,30.951163603728492,4062434108.18563,7315307.517741229,0.001800720288115246,0.14226512232394722
29-1217.00,Neurologists,663262.3038461539,5168.277692307693,86.13796153846154,4.377916666666667,94.18041666666666,7700.0,60.0,29,Healthcare Practitioners and Technical Occupations,249103.6,119.76134615384616,249103.6,119.76134615384616,273514.61415384617,2131.2827076923077,41.959352307692306,True,False,True,False,41.23777464327128,41.23777464327128,3175.3086475318887,24.74266478596277,790980815.2113246,6163486.871776556,0.007792207792207791,0.6156199838745352
29-1218.00,Obstetricians and Gynecologists,1347258.2809615384,12863.27001923077,67.70142115384616,4.42,89.84400000000001,19900.0,190.0,29,Healthcare Practitioners and Technical Occupations,257920.0,124.0,257920.0,124.0,480377.8103846154,4586.521807692307,30.56058846153846,True,False,True,False,35.65595529624577,35.655955296245764,7095.535103952908,67.74631506286697,1830080414.011534,17473129.581014648,0.009547738693467336,0.7543149383655318
29-1221.00,"Pediatricians, General",4179698.0105538466,24323.19605769231,97.29278423076924,4.201764705882353,78.97411764705882,42960.0,250.0,29,Healthcare Practitioners and Technical Occupations,210130.0,101.03,194160.0,93.35,1027471.098,5979.231250000001,29.568225,True,False,True,False,24.582424266193602,24.582424266193605,10560.609464756772,61.456060665484,2219100866.8293405,11932308.738810373,0.005819366852886407,0.45975654444385494
29-1222.00,"Physicians, Pathologists",819454.4991538461,9027.88855,69.44529653846153,4.099473684210526,79.38052631578948,11800.0,130.0,29,Healthcare Practitioners and Technical Occupations,266020.0,127.89423076923076,266020.0,127.89423076923076,534495.0238461539,5888.5045,57.938465,True,True,True,True,65.22571105510603,65.22571105510602,7696.6339045025115,84.79342437163785,2047458551.275758,22556746.7513431,0.011016949152542373,0.8703892709864545
29-1223.00,Psychiatrists,874342.5713846154,4583.24735,35.25574884615385,4.090833333333333,93.935,24800.0,130.0,29,Healthcare Practitioners and Technical Occupations,257920.0,124.0,257920.0,124.0,347434.5889230769,1821.2296999999999,21.188356153846154,True,False,True,False,39.736666187130396,39.736666187130396,9854.693214408338,51.65766604326952,2541722473.8601985,13323545.225880075,0.005241935483870967,0.41413683055000655
29-1224.00,Radiologists,2132022.3235807694,19463.117446153847,81.0963226923077,4.628235294117647,87.97529411764705,26290.0,240.0,29,Healthcare Practitioners and Technical Occupations,249103.6,119.76134615384616,249103.6,119.76134615384616,1743310.686434066,15914.589758241758,79.57294879120879,True,True,True,True,81.76793775339766,81.76793775339767,21496.790835368247,196.24305060815436,5354927985.537238,48884850.381473444,0.009128946367440091,0.7212284329910873
29-1229.01,Allergists and Immunologists,26908317.967569232,298640.0078846154,85.32571653846153,4.4175,93.426875,315360.0,3500.0,29,Healthcare Practitioners and Technical Occupations,249103.6,119.76134615384616,232740.0,111.89,2173298.3659384614,144721.1621153846,43.67285192307692,True,False,True,False,8.076678626132598,48.46007175679558,25470.61371537176,282.68375191464094,6344821570.708481,65791816.420613535,0.06659056316590563,5.260958449206851
29-1229.02,Hospitalists,17098597.35636923,189767.5378846154,54.219296538461535,4.503571428571428,97.42857142857143,315360.0,3500.0,29,Healthcare Practitioners and Technical Occupations,249103.6,119.76134615384616,232740.0,111.89,1401078.9417230769,93298.63576923076,30.800152307692308,True,False,True,False,8.19411623375747,49.164697402544824,25840.964954777555,286.7940681815114,6437077397.708926,66748451.428564966,0.06659056316590563,5.260958449206851
29-1229.03,Urologists,12950300.124553846,143727.96307692307,41.06513230769231,4.5928571428571425,97.90714285714286,315360.0,3500.0,29,Healthcare Practitioners and Technical Occupations,249103.6,119.76134615384616,232740.0,111.89,1102851.5610461538,73439.50653846154,24.170016153846156,True,False,True,False,8.516030906149739,51.096185436898445,26856.15506563382,298.06108171524085,6689964909.007621,69370736.15840515,0.06659056316590564,5.260958449206852
29-1229.04,Physical Medicine and Rehabilitation Physicians,19568533.627938464,217179.94576923078,62.051413076923076,4.3406666666666665,93.234,315360.0,3500.0,29,Healthcare Practitioners and Technical Occupations,249103.6,119.76134615384616,232740.0,111.89,750140.7067384615,49952.29211538461,25.52946,True,False,True,False,3.8334027526082366,23.000416515649423,12089.018920625334,134.16909634128828,3011418133.5958853,31226515.482471436,0.06659056316590563,5.260958449206851
29-1229.05,Preventive Medicine Physicians,5224033.857046153,57978.55942307692,16.565302692307693,4.066,96.842,315360.0,3500.0,29,Healthcare Practitioners and Technical Occupations,249103.6,119.76134615384616,232740.0,111.89,535631.6218153846,35668.01134615385,10.190860384615386,True,False,True,False,10.253218805098804,61.51931283059283,32334.55082375959,358.86265817845816,8054653014.581479,83521695.06445435,0.06659056316590564,5.260958449206852
29-1229.06,Sports Medicine Physicians,17578218.676984616,195090.58019230768,55.74016576923077,3.854074074074074,94.62444444444445,315360.0,3500.0,29,Healthcare Practitioners and Technical Occupations,249103.6,119.76134615384616,232740.0,111.89,1240347.6303800906,82595.44722850679,31.28919613122172,True,False,True,False,7.056162249273264,42.33697349563958,22252.313269308164,246.96567872456424,5543131343.712434,57478792.06635508,0.06659056316590563,5.260958449206851
29-1241.00,"Ophthalmologists, Except Pediatric",1082915.2454346153,5365.3934538461535,89.42322423076924,4.405555555555555,91.53666666666668,12110.0,60.0,29,Healthcare Practitioners and Technical Occupations,301500.0,144.95192307692307,168530.0,81.02,614515.0705884616,3044.665915384616,50.744431923076924,True,True,True,True,56.74636802641311,56.74636802641311,6871.985167998628,34.047820815847864,2071903528.1515863,5738079.242094841,0.004954582989265071,0.3914346718277392
29-1291.00,Acupuncturists,868517.356,9570.1557,102.9049,4.512222222222222,99.89722222222223,8440.0,93.0,29,Healthcare Practitioners and Technical Occupations,78140.0,37.57,78140.0,37.57,262731.48027692304,2895.0269746153845,47.55556153846154,True,False,True,False,30.250573400967596,30.2505734009676,2553.148395041665,28.13303326289986,199503015.5885557,2198315.219162995,0.011018957345971565,0.8705479274339548
29-1292.00,Dental Hygienists,18496249.963507693,332657.25501538464,84.43077538461539,4.2875,88.12625,219070.0,3940.0,29,Healthcare Practitioners and Technical Occupations,94260.0,45.32,82610.0,39.72,8127420.746788462,146172.62857692307,46.362651923076925,True,False,True,False,43.9409110648024,43.94091106480239,96261.35386966262,1731.2718959532147,9073595215.754398,143020371.32469505,0.017985118911763364,1.420906488853308
29-1299.01,Naturopathic Physicians,2239202.075573077,16683.39738846154,72.53651038461538,4.168,91.975,30870.0,230.0,29,Healthcare Practitioners and Technical Occupations,113730.0,54.67999999999999,113730.0,54.67999999999999,537908.0165307692,8015.474169230769,34.84988769230769,True,False,True,False,24.022307874696967,48.044615749393934,7415.686440918953,55.25130811180303,843386018.9257125,6283731.271555359,0.014901198574667963,1.177262705368537
29-1299.02,Orthoptists,2453309.331092308,18278.624753846154,79.47228153846154,4.27875,93.750625,30870.0,230.0,29,Healthcare Practitioners and Technical Occupations,113730.0,54.68,113730.0,54.68,409953.94431923074,6108.805130769231,33.25972423076924,True,False,True,False,16.710242737172628,33.42048547434526,5158.45193296519,38.43355829549704,586670738.3361311,4371048.584946879,0.014901198574667965,1.177262705368537
29-2011.00,Medical and Clinical Laboratory Technologists,12574163.327015383,138482.94382423075,73.3101873076923,4.586666666666667,82.60066666666667,171520.0,1889.0,29,Healthcare Practitioners and Technical Occupations,61890.0,29.75,61890.0,29.75,2224644.0036923075,24487.685861538463,54.67851846153846,False,False,False,False,17.692183136453274,17.68281723749274,30345.632515644655,334.2053394476023,1878091196.3932476,20683968.458412107,0.011007462686567165,0.8696397968725168
29-2011.01,Cytogenetic Technologists,16711070.369476922,184043.91282615386,97.42928153846154,4.625333333333333,93.49266666666668,171520.0,1889.0,29,Healthcare Practitioners and Technical Occupations,61890.0,29.75,61890.0,29.75,1245614.8694153845,13711.059196923077,65.03700538461538,False,False,False,False,7.453830555884218,7.4498846424083665,12784.81016945261,140.80285920065288,791251901.3874221,8714288.955928406,0.011007462686567165,0.8696397968725168
29-2011.02,Cytotechnologists,10731611.969969232,118190.38602653846,62.56770038461539,4.409230769230769,95.00461538461538,171520.0,1889.0,29,Healthcare Practitioners and Technical Occupations,61890.0,29.75,61890.0,29.75,527310.7638153846,5804.353556923077,47.646965,False,False,False,False,4.913621227556334,4.911020051681503,8427.843129504623,92.81830498853915,521599211.2850411,5744524.895740688,0.011007462686567165,0.8696397968725168
29-2011.04,Histotechnologists,7950070.480738461,87556.45486307691,46.350690769230766,4.271875,92.2625,171520.0,1889.0,29,Healthcare Practitioners and Technical Occupations,61890.0,29.75,61890.0,29.75,140945.70927179488,1551.7534520192307,9.687569903846153,True,True,True,True,1.7728862858924344,1.7722890384791203,3040.854557562703,33.48982194050809,188198488.5675557,2072685.0798980454,0.011009582767978289,0.8698072929813133
29-2012.00,Medical and Clinical Laboratory Technicians,9284982.99963077,102258.23744346153,54.13352961538462,4.536153846153846,60.41230769230769,171520.0,1889.0,29,Healthcare Practitioners and Technical Occupations,61890.0,29.75,61890.0,29.75,2615090.1691076923,28816.00058076923,33.47820615384615,False,False,False,False,28.164727595211374,28.179637456299368,48308.14077130655,532.0317042735428,2989790832.336162,32927442.177489564,0.011019123134328358,0.8705610254708985
29-2031.00,Cardiovascular Technologists and Technicians,8072176.475623077,98956.06990384616,131.94142653846154,4.497619047619048,66.77904761904762,61180.0,750.0,29,Healthcare Practitioners and Technical Occupations,67260.0,32.34,89420.0,42.99,2550289.8295,31263.76875,98.31145615384615,False,False,False,False,31.59358367847313,31.593583678473124,19328.954494489863,236.95187758854848,1300065479.2993882,21188236.893968005,0.012258908139915004,0.9685097000314484
29-2032.00,Diagnostic Medical Sonographers,11504387.086753845,87819.74875384616,133.0602253846154,4.433,88.42,86460.0,660.0,29,Healthcare Practitioners and Technical Occupations,89340.0,42.95,91140.0,43.82,6867483.049730769,52423.534730769235,117.38076730769231,False,False,False,False,59.6944713172768,59.694471317276786,51611.83990091752,393.9835106940269,4611001776.747972,35907657.164653614,0.0076335877862595426,0.6030882793681834
29-2033.00,Nuclear Medicine Technologists,1455359.1392,9439.2397,85.81127,4.554117647058824,84.23235294117647,16960.0,110.0,29,Healthcare Practitioners and Technical Occupations,97020.0,46.64,106720.0,51.31,780274.1016615385,5060.740046153846,57.26347384615384,False,False,False,False,53.61385246053075,53.613852460530765,9092.909377306016,58.97523770658383,882194067.7862296,6293837.368046626,0.006485849056603774,0.5124116807603493
29-2034.00,Radiologic Technologists and Technicians,44056765.530961536,311508.5005769231,197.15727884615384,4.567407407407408,92.21000000000001,223460.0,1580.0,29,Healthcare Practitioners and Technical Occupations,77660.0,37.34,80080.0,38.5,27170162.898811333,192109.80658785425,152.09154979757085,False,True,True,False,61.670807131125194,61.670807131125194,137809.58561521236,974.3987526717781,10702292418.877392,78029852.11395599,0.007070616665174976,0.5586109910660817
29-2035.00,Magnetic Resonance Imaging Technologists,5230142.749161539,39040.314284615386,125.9364976923077,4.4425,88.75916666666666,41530.0,310.0,29,Healthcare Practitioners and Technical Occupations,88180.0,42.4,86680.0,41.67,2742122.330569231,20468.526907692307,80.36407307692308,False,False,False,False,52.429206277569186,52.42920627756917,21773.849367074483,162.53053946046447,1920018037.188628,14088147.16043306,0.007464483505899349,0.5897282693267981
29-2036.00,Medical Dosimetrists,247894.7338923077,2747.447932307692,62.44199846153846,4.165263157894737,85.9278947368421,3970.0,44.0,29,Healthcare Practitioners and Technical Occupations,138110.0,66.4,138110.0,66.4,75009.05784615385,831.3346461538462,26.52930576923077,True,True,True,True,30.258431338335672,30.258431338335672,1201.2597241319263,13.313709788867696,165905980.49986035,1838756.4589405174,0.011083123425692695,0.875617340624234
29-2051.00,Dietetic Technicians,481862.3937307692,10457.781500000001,16.088894615384618,4.229230769230769,78.5576923076923,29950.0,650.0,29,Healthcare Practitioners and Technical Occupations,37040.0,17.81,39180.0,18.84,300782.88521153847,6527.842250000001,11.14253576923077,False,False,False,False,62.420908774963415,62.420908774963415,18695.062178101543,405.7359070372622,692465103.0768812,15896732.837719934,0.02170283806343907,1.714623271726238
29-2052.00,Pharmacy Technicians,68474530.28510769,753624.0113769231,140.33966692307692,4.446666666666666,70.90523809523809,487920.0,5370.0,29,Healthcare Practitioners and Technical Occupations,43460.0,20.9,46760.0,22.48,60566829.4236,666592.62585,131.18306615384614,False,False,False,False,88.45161722383146,88.45161722383145,431573.1307585185,4749.851844919749,18756168262.765217,222103072.26844746,0.01100590260698475,0.869516543464371
29-2053.00,Psychiatric Technicians,4618900.796807692,63708.97650769231,33.88775346153846,4.24,79.203125,136300.0,1880.0,29,Healthcare Practitioners and Technical Occupations,42590.0,20.47,39340.0,18.91,1382135.8909230768,19063.94332307692,17.46478076923077,False,False,False,False,29.923480752787036,29.923480752787036,40785.70426604873,562.5614381523962,1737063144.6910152,22131166.97691527,0.013793103448275862,1.0897181323756142
29-2055.00,Surgical Technologists,10411336.087976923,95072.3464,91.4157176923077,4.644375,86.790625,113890.0,1040.0,29,Healthcare Practitioners and Technical Occupations,62830.0,30.21,63380.0,30.47,2486246.2088153847,22703.4512,39.706356538461534,False,False,False,False,23.880183943792936,23.880183943792936,27197.141493585776,248.35391301544652,1708796400.0419943,15740671.006919,0.009131618228114848,0.7214395221803609
29-2056.00,Veterinary Technologists and Technicians,12683812.769707693,153573.42601153845,96.58706038461538,4.352258064516128,94.22290322580645,131320.0,1590.0,29,Healthcare Practitioners and Technical Occupations,45980.0,22.11,39400.0,18.94,4581876.321507692,55476.57136153846,41.97892576923077,False,False,False,False,36.12380917865981,36.12380917865981,47437.78621341607,574.368565940691,2181189410.0928707,22630121.498063225,0.012107828205909228,0.9565736956259435
29-2057.00,Ophthalmic Medical Technicians,7125207.330692308,69836.71586538461,93.11562115384615,4.3625,91.2325,76520.0,750.0,29,Healthcare Practitioners and Technical Occupations,44080.0,21.19,36000.0,17.31,807286.0,7912.500000000001,33.268641153846154,False,False,False,False,11.330000132382976,11.330000132382978,8669.716101299453,84.97500099287232,382161085.7452799,3059100.0357434037,0.009801359121798223,0.7743521098787771
29-2061.00,Licensed Practical and Licensed Vocational Nurses,31443231.118084617,84023.6241,49.71812076923077,4.185,79.43272727272728,632430.0,1690.0,29,Healthcare Practitioners and Technical Occupations,62340.0,29.969999999999995,61710.0,29.67,15378961.093165385,41096.15965,26.093837692307694,False,False,False,False,48.91024410121819,48.9102441012182,309323.0567693342,826.5831253105873,19283199359.000294,51008444.66291634,0.0026722325000395303,0.2111185651681959
29-2081.00,"Opticians, Dispensing",7610661.2259,64942.27172307692,95.50334076923076,4.458571428571428,95.77285714285715,79690.0,680.0,29,Healthcare Practitioners and Technical Occupations,46560.0,22.38,39760.0,19.12,2184145.88005,18637.460138461538,39.178629615384615,False,False,False,False,28.698503523151015,28.698503523151018,22869.837457599046,195.1498239574269,1064819632.0258116,7759157.000547294,0.00853306562931359,0.6741511347235258
29-2091.00,Orthotists and Prosthetists,479682.29993076925,4830.637461538461,48.30637461538461,4.241333333333333,96.19066666666666,9930.0,100.0,29,Healthcare Practitioners and Technical Occupations,78310.0,37.65,92070.0,44.26,102053.06194615384,1027.7246923076923,25.07993923076923,False,False,False,False,21.275136055860884,21.275136055860887,2112.6210103469857,21.275136055860884,165439351.32027245,1958801.7766631115,0.010070493454179255,0.7956149506267072
29-2092.00,Hearing Aid Specialists,388114.2052153846,9170.940576923078,36.683762307692305,4.469090909090909,83.32636363636364,10580.0,250.0,29,Healthcare Practitioners and Technical Occupations,61560.0,29.6,47710.0,22.94,86940.44195384614,2054.358269230769,19.246706538461538,False,False,False,False,22.400736892791233,22.400736892791233,2369.997963257312,56.00184223197808,145897074.61812013,2671847.8928876743,0.023629489603024578,1.8668375377417779
29-2099.01,Neurodiagnostic Technologists,9168466.565769231,75850.80923076923,52.674173076923076,4.6425,96.77374999999999,174060.0,1440.0,29,Healthcare Practitioners and Technical Occupations,48790.0,23.46,44360.0,21.33,1082271.941653846,26860.937538461538,29.61254576923077,False,False,False,False,11.804285197423784,35.412855592271356,20546.53881463584,169.9817068429025,1002465628.7660825,7540388.5155511545,0.024819027921406413,1.9608164946572582
29-2099.05,Ophthalmic Medical Technologists,22901740.715907693,189466.31409230767,131.57382923076923,4.204516129032259,91.53645161290324,174060.0,1440.0,29,Healthcare Practitioners and Technical Occupations,48790.0,23.46,44360.0,21.33,1818811.2947307692,45141.12830769231,59.662515,False,False,False,False,7.9418037139308435,23.825411141792532,13823.503544468025,114.36197348060414,674448737.934595,5073097.1435996,0.02481902792140641,1.960816494657258
29-2099.08,Patient Representatives,4858475.725107692,40194.21489230769,27.91264923076923,3.8576923076923078,74.70846153846153,174060.0,1440.0,29,Healthcare Practitioners and Technical Occupations,48790.0,23.46,44360.0,21.33,960303.1902692307,23833.791692307692,19.210285384615386,True,False,True,False,19.765524098567866,59.2965722957036,34403.87124596723,284.62354701937727,1678564878.0907412,12625900.545779577,0.02481902792140641,1.960816494657258
29-9091.00,Athletic Trainers,1247761.9134807691,15516.210323076923,43.10058423076923,3.866521739130435,90.05,28950.0,360.0,29,Healthcare Practitioners and Technical Occupations,60250.0,29.76,63190.0,30.37980769230769,691495.1459423077,8598.90336923077,32.60272961538462,False,False,False,False,55.418837397697594,55.41883739769761,16043.753426633453,199.50781463171134,966636143.9546655,12606898.806577839,0.012435233160621763,0.9824401815199838
29-9092.00,Genetic Counselors,112125.94829999999,1597.2357307692307,31.944714615384616,4.189473684210526,96.79578947368421,3510.0,50.0,29,Healthcare Practitioners and Technical Occupations,98910.0,47.55,91620.0,44.05,62837.59409999999,895.1224230769232,17.902448461538462,False,False,False,False,56.04197338146392,56.041973381463926,1967.0732656893836,28.02098669073196,194563216.70933694,2567282.800604862,0.014245014245014249,1.1254211481087186
29-9093.00,Surgical Assistants,2103065.760253846,30359.21701153846,91.99762730769231,4.3525,80.23285714285714,22860.0,330.0,29,Healthcare Practitioners and Technical Occupations,60290.0,28.99,44720.0,21.5,180189.44833846152,2601.160015384615,31.490645769230767,True,False,True,False,8.567941704148716,8.567941704148714,1958.6314735683964,28.274207623690764,118085891.54143861,1264422.5649314509,0.01443569553805774,1.140485840642457
29-9099.01,Midwives,1863258.1822730768,8567.86288846154,50.39919346153846,4.206388888888889,95.08111111111111,36970.0,170.0,29,Healthcare Practitioners and Technical Occupations,64030.0,30.78,62110.0,29.86,1044497.6124346154,4802.937357692308,36.98264076923077,False,False,False,False,56.05758892524402,56.05758892524402,20724.490625662715,95.29790117291482,1326989134.7611835,5918952.6418497395,0.004598322964565865,0.3632885036929793
31-1121.00,Home Health Aides,33793837.91325,372227.5827461539,16.947167307692308,3.953333333333333,76.62066666666666,1994070.0,21964.0,31,Healthcare Support Occupations,34900.0,16.78,34900.0,16.78,3151624.9506750004,34714.07243307693,3.160997307692308,True,False,True,False,9.326034405341398,9.326034405341398,185967.6542665912,2048.370196789185,6490271133.904034,71488119.86794254,0.011014658462340841,0.8702082960044554
31-1122.00,Personal Care Aides,59606573.2449,656546.046403077,29.891916153846154,4.337272727272727,81.1590909090909,1994070.0,21964.0,31,Healthcare Support Occupations,34900.0,16.78,34900.0,16.78,60819454.0512,669905.5142399999,22.16354653846154,True,False,True,False,102.03481049198508,102.03481049198506,2034645.545577527,22410.925776459604,71009129540.6557,782141309.5984402,0.01101465846234084,0.8702082960044552
31-1131.00,Nursing Assistants,125412376.97866154,1115535.429,90.32675538461538,4.266666666666667,78.1590909090909,1388430.0,12350.0,31,Healthcare Support Occupations,39530.0,19.01,38500.0,18.51,28693581.67820769,255227.6555,23.073528461538462,True,False,True,False,22.879385886362556,22.879385886362556,317664.25746202364,2825.604156965776,12557268097.473795,108785760.04318237,0.008894938887808531,0.7027407739503003
31-1132.00,Orderlies,3836191.2979076924,42254.54013538462,72.35366461538462,4.123181818181818,60.05227272727273,53020.0,584.0,31,Healthcare Support Occupations,37700.0,18.12,37700.0,18.12,368326.5752692308,4057.010938461539,7.516705384615385,True,False,True,False,9.601361002776915,9.601361002776915,5090.64160367232,56.07194825621718,191917188.45844647,2113912.449259388,0.01101471142964919,0.8702124806635892
31-1133.00,Psychiatric Aides,1670925.7433076925,6224.0787,47.87752846153846,4.208235294117648,85.20882352941176,34900.0,130.0,31,Healthcare Support Occupations,41590.0,20.0,35390.0,17.02,682996.6108076924,2544.11345,27.094994615384614,True,False,True,False,40.875341920082086,40.87534192008208,14265.494330108648,53.13794449610671,593301909.1892186,1880551.8557172166,0.003724928366762177,0.29428634377192436
31-2011.00,Occupational Therapy Assistants,3643796.72685,17492.658050000002,76.055035,4.462727272727272,94.48363636363636,47910.0,230.0,31,Healthcare Support Occupations,68340.0,32.86,61280.0,29.46,698582.8965,3353.6645000000003,38.237756153846156,False,False,False,False,19.17184049681918,19.17184049681918,9185.22878202607,44.09523314268411,627718534.9636617,2702155.886983682,0.00480066791901482,0.37927467871766574
31-2012.00,Occupational Therapy Aides,276751.11346153845,3044.2622480769232,55.35022269230769,4.003333333333333,78.128,5000.0,55.0,31,Healthcare Support Occupations,37370.0,17.969999999999995,37370.0,17.969999999999995,115341.5923076923,1268.7575153846155,35.19785923076923,False,False,False,False,41.677011111184534,41.67701111118454,2083.850555559227,22.922356111151494,77873495.2612483,856608.4478737314,0.011000000000000001,0.8690502105695523
31-2021.00,Physical Therapist Assistants,10524578.689342307,76003.8087,97.44078038461538,4.143809523809524,90.6252380952381,108010.0,780.0,31,Healthcare Support Occupations,65510.0,31.5,61110.0,29.380000000000003,2329088.9225692307,16819.640399999997,37.18977115384615,False,False,False,False,22.129996756333608,22.129996756333608,23902.60949651593,172.61397469940212,1565859948.1167583,10548439.993880464,0.007221553559855568,0.5705356947119801
31-2022.00,Physical Therapist Aides,3875116.3004423077,73962.6833076923,88.05081346153847,4.0063157894736845,76.97,44010.0,840.0,31,Healthcare Support Occupations,34520.0,16.59,27860.0,13.39,749249.2775423076,14300.599707692309,29.469481538461537,False,False,False,False,19.334884928661054,19.334884928661058,8509.28285710373,162.41303340075285,293740444.2272208,4524827.110544975,0.0190865712338105,1.507926249981252
31-9011.00,Massage Therapists,5095316.207261538,96558.47039999999,53.05410461538462,3.9650000000000003,92.85642857142857,96040.0,1820.0,31,Healthcare Support Occupations,57950.0,27.86,61010.0,29.33,433642.76307692303,8217.72,4.871538461538461,False,False,False,False,8.510615346284524,8.510615346284526,8173.5949785716575,154.89319930237835,473659829.0082275,9450034.089438103,0.018950437317784258,1.4971710492186827
31-9091.00,Dental Assistants,27627779.482642308,464350.9803038462,73.58969576923077,4.30625,85.090625,375430.0,6310.0,31,Healthcare Support Occupations,47300.0,22.74,37320.0,17.94,7254405.155165385,121927.64704230771,24.875472692307692,False,False,False,False,26.25764824756585,26.25764824756585,98579.08881583648,1656.857604421405,4662790900.989066,61833925.79700684,0.016807394187997763,1.3278608598368113
31-9092.00,Medical Assistants,76086946.97365385,926322.5717307692,95.89260576923077,4.4079999999999995,86.29350000000001,793460.0,9660.0,31,Healthcare Support Occupations,44200.0,21.25,43040.0,20.69,39227902.814638466,477581.1524076923,56.85455653846154,False,False,False,False,51.556678740469984,51.55667874046998,409081.6231341332,4980.375166329401,18081407742.528687,214355347.1588174,0.012174526756232196,0.9618431855534763
31-9093.00,Medical Equipment Preparers,4564384.713584615,42030.48045769231,62.73206038461539,4.469333333333333,79.91333333333334,72760.0,670.0,31,Healthcare Support Occupations,46490.0,22.35,45250.0,21.76,887741.5137846154,8174.640107692308,23.517235,False,False,False,False,19.449313970895158,19.449313970895155,14151.320845223316,130.31040360499756,657894906.094432,5896545.7631261395,0.009208356239692139,0.7275021753730821
31-9094.00,Medical Transcriptionists,3632645.9365807693,20242.280584615386,84.34283576923077,4.559333333333333,82.484,43070.0,240.0,31,Healthcare Support Occupations,37550.0,18.05,38900.0,18.7,3632645.9365807693,20242.280584615386,84.34283576923077,False,False,False,False,100.0,100.0,43070.0,240.0,1617278500.0,9336000.0,0.0055723241235198515,0.44023904117333845
31-9095.00,Pharmacy Aides,2514387.4093846157,15906.1004,61.17730923076923,4.148571428571429,72.48428571428572,41100.0,260.0,31,Healthcare Support Occupations,37000.0,17.79,38970.0,18.73,2248915.4591538464,14226.7158,54.71813769230769,False,False,False,False,89.44188356814345,89.44188356814345,36760.61414650696,232.54889727717298,1360142723.4207575,9062430.52689143,0.00632603406326034,0.4997855667951417
31-9096.00,Veterinary Assistants and Laboratory Animal Caretakers,10163161.481515385,64081.58566153846,89.00220230769231,4.205357142857143,85.04714285714286,114190.0,720.0,31,Healthcare Support Occupations,37320.0,17.94,35730.0,17.18,3737530.6229499998,23566.1796,35.98111115384615,False,False,False,False,36.775275387956476,36.775275387956476,41993.6869655075,264.7819827932866,1567204397.5527399,9460660.24520413,0.006305280672563272,0.49814595419920366
31-9097.00,Phlebotomists,14549494.306953847,147715.92002307693,104.76306384615386,4.449565217391305,79.09782608695652,138880.0,1410.0,31,Healthcare Support Occupations,43660.0,20.99,38730.0,18.62,3868937.842215385,39279.9708923077,43.66578538461539,False,False,False,False,26.591562294823184,26.591562294823184,36930.361715050436,374.94102835700687,1612379592.4791021,14521466.028266877,0.010152649769585255,0.8021056745542711
31-9099.01,Speech-Language Pathology Assistants,4012075.190423077,26708.46002307692,38.70791307692308,4.1499999999999995,82.08909090909091,103650.0,690.0,31,Healthcare Support Occupations,46050.0,22.14,45760.0,22.0,1010335.5898546153,13450.569738461538,20.304774615384616,False,False,False,False,25.182369270304587,50.36070865500982,26101.525748670705,173.75834796510165,1201975260.726286,7951182.0028830515,0.013312972316848743,1.0517855813876382
31-9099.02,Endoscopy Technicians,5436763.376480769,36192.63608076923,52.45309576923077,4.5675,93.88416666666667,103650.0,690.0,31,Healthcare Support Occupations,46050.0,22.14,45760.0,22.0,1082.463909230769,14.490815384615383,8.719569230769231,False,False,False,False,0.019910079476945175,0.04003802141484522,20.63679737785367,0.1373795483909217,950324.5192501616,6286.488134368577,0.013386880856760375,1.0576246934033737
33-1011.00,First-Line Supervisors of Correctional Officers,2832667.1913923076,13794.5958,53.05613769230769,4.301304347826087,93.52695652173912,53390.0,260.0,33,Protective Service Occupations,76310.0,36.69,97430.0,46.84000000000001,674049.2017615384,3282.5022,15.452636923076923,False,False,False,False,23.795566376798078,23.79556637679808,12704.452888572494,61.868472579675,969476799.926967,6027845.283437735,0.004869825810076793,0.3847384677894798
33-1012.00,First-Line Supervisors of Police and Detectives,1916414.0579153844,16144.283515384615,12.514948461538461,3.864,81.76050000000001,153130.0,1290.0,33,Protective Service Occupations,105980.0,50.95,109760.0,52.77,946451.8278192307,7973.113419230769,6.8873346153846144,False,False,False,False,49.38660431497521,49.3866043149752,75625.70718752155,637.0871956631802,8014812447.733534,69926690.59599066,0.008424214719519364,0.6655514159892204
33-1021.00,First-Line Supervisors of Firefighting and Prevention Workers,2096150.135353846,17229.24428076923,22.375641923076923,4.1196,84.5008,93680.0,770.0,33,Protective Service Occupations,92430.0,44.44,102070.0,49.07,754067.3334265734,6198.034230769231,9.942091363636363,False,True,True,False,35.973918122963134,35.97391812296313,33700.366497591865,276.9991695468161,3114924875.372416,28273305.23564352,0.008219470538001709,0.6493756910746015
33-2011.00,Firefighters,8514144.526461538,67910.19442307693,25.62648846153846,4.357777777777778,95.61148148148149,332240.0,2650.0,33,Protective Service Occupations,59530.0,28.62,49270.0,23.69,1720284.7948923076,13721.269884615383,16.74934153846154,False,False,False,False,20.20502223735747,20.20502223735747,67129.16588139646,535.4330892899729,3996199244.9195313,26380788.309316967,0.007976161810739225,0.6301531910145223
33-2021.00,Fire Inspectors and Investigators,285448.38130769227,1218.996646153846,20.316610769230767,4.332333333333334,79.80466666666666,14050.0,60.0,33,Protective Service Occupations,78060.0,37.53,72550.0,34.88,100819.3685576923,430.54534615384614,10.95127423076923,False,False,False,False,35.31964977199029,35.319649771990285,4962.410792964636,21.191789863194177,387365786.4988195,1537464.3545747376,0.004270462633451958,0.33738604098462077
33-2022.00,Forest Fire Inspectors and Prevention Specialists,33710.456423076925,727.5638076923077,12.126063461538461,3.97875,93.74875,2780.0,60.0,33,Protective Service Occupations,52380.0,25.19,77480.0,37.25,27668.7701,597.1677,10.127389615384615,False,False,False,False,82.0777083310536,82.07770833105359,2281.76029160329,49.24662499863216,119518604.07418033,3815628.5048940196,0.021582733812949638,1.7051344877100436
33-3011.00,Bailiffs,547235.5080038462,1294.4660153846155,32.36165038461538,4.234,79.898,16910.0,40.0,33,Protective Service Occupations,57050.0,27.43,57860.0,27.82,187991.37721923075,444.6868769230769,14.948867692307692,False,False,False,False,34.35292017233456,34.35292017233456,5809.0788011417735,13.741168068933824,331407945.6051382,795063.9844685111,0.002365464222353637,0.18688247095737914
33-3012.00,Correctional Officers and Jailers,22759338.212653846,123333.21380769231,62.28950192307693,4.1866666666666665,81.7274074074074,365380.0,1980.0,33,Protective Service Occupations,57970.0,27.87,61340.0,29.489999999999995,10938542.108261539,59276.132723076924,34.336288461538466,False,False,False,False,48.06177581288315,48.06177581288315,175608.11646511246,951.6231610950864,10180002511.482569,58372564.7015726,0.005419015819147189,0.42812698533723637
33-3021.00,Detectives and Criminal Investigators,2832603.6384692304,14317.700492307691,25.567322307692304,4.36,93.87133333333333,110790.0,560.0,33,Protective Service Occupations,93580.0,44.99,74530.0,35.83,608373.8546307692,9225.273723076923,21.13704269230769,False,False,False,False,21.47754971322218,64.43264913966654,23794.97732727886,120.27427839404422,2226733978.2867556,8964041.968708115,0.015163823449769836,1.1980112692783627
33-3021.02,Police Identification and Records Officers,1819288.68345,9195.790799999999,16.421055,4.389333333333334,77.70466666666667,110790.0,560.0,33,Protective Service Occupations,93580.0,44.99,74530.0,35.83,300805.4460692308,4561.360676923076,14.56767986013986,False,False,False,False,16.53423389073139,49.60270167219416,18318.277727541306,92.59170978809578,1714224429.7433155,6900860.130506779,0.015163823449769832,1.1980112692783624
33-3021.06,Intelligence Analysts,3566038.764911538,18024.927415384613,32.187370384615384,3.8738095238095234,81.98761904761905,110790.0,560.0,33,Protective Service Occupations,93580.0,44.99,74530.0,35.83,1127041.017853846,17090.251015384616,32.055214615384614,False,False,False,False,31.604844819509538,94.81453445852863,35015.00757553461,176.98713098925342,3276704408.918529,13190850.872629058,0.015163823449769836,1.1980112692783627
33-3031.00,Fish and Game Wardens,83383.17729230771,922.1504030769232,12.988033846153849,3.8266666666666667,86.29166666666667,6420.0,71.0,33,Protective Service Occupations,68180.0,32.78,68180.0,32.78,9337.638138461538,103.26671461538461,4.701328076923077,False,False,False,False,11.19846765460562,11.198467654605622,718.9416234256809,7.95091203476999,49017439.88516292,542093.1825306179,0.011059190031152648,0.8737264932092639
33-3041.00,Parking Enforcement Workers,264712.55281153845,1703.4269807692308,34.068539615384616,3.929090909090909,78.7159090909091,7770.0,50.0,33,Protective Service Occupations,47150.0,22.67,53020.0,25.49,169449.90825,1090.4112499999999,23.755463846153845,False,False,False,False,64.01279669220655,64.01279669220654,4973.794302984449,32.006398346103275,234514401.38571677,1696979.2403103956,0.006435006435006434,0.5083948815780696
33-3051.00,Police and Sheriff's Patrol Officers,42193594.48596923,339704.64683076926,63.25971076923077,4.119666666666666,89.00733333333334,666990.0,5370.0,33,Protective Service Occupations,76290.0,36.68,77210.0,37.12,5945510.764609615,95735.74658076924,33.982857307692306,False,False,False,False,14.091026936770449,28.182053873540898,93985.74056556521,756.6881465045731,7170172147.74697,58423891.79161809,0.016102190437637748,1.2721465445872833
33-3051.04,Customs and Border Protection Officers,19976733.506180767,160834.58361923078,29.95057423076923,4.234545454545454,84.47454545454546,666990.0,5370.0,33,Protective Service Occupations,76290.0,36.68,77210.0,37.12,4727957.460594231,76130.47141153847,18.250232307692308,True,True,True,True,23.667320080790034,47.334640161580054,157858.65820686144,1270.9350883384247,12043037034.60146,98128898.17060977,0.016102190437637744,1.272146544587283
33-3052.00,Transit and Railroad Police,66237.17307692308,728.6089038461539,22.079057692307693,3.9508333333333336,79.55083333333333,3000.0,33.0,33,Protective Service Occupations,82320.0,39.58,82320.0,39.58,26940.238846153843,296.3426273076923,11.363058076923076,False,False,False,False,40.67238620656016,40.67238620656016,1220.1715861968048,13.421887448164853,100444524.97572097,1104889.7747329306,0.011000000000000001,0.8690502105695523
33-9011.00,Animal Control Workers,310175.6550923077,4735.506184615385,26.308367692307694,4.408666666666666,90.82199999999999,11790.0,180.0,33,Protective Service Occupations,45830.0,22.030000000000005,46690.0,22.45,159030.64841538464,2427.948830769231,14.807434615384617,False,False,False,False,51.27115742467196,51.27115742467196,6044.869460368825,92.28808336440954,277036367.36870325,4308930.612284281,0.015267175572519082,1.2061765587363666
33-9021.00,Private Detectives and Investigators,559848.2957307692,5207.891123076923,14.46636423076923,4.187142857142857,72.825,38700.0,360.0,33,Protective Service Occupations,52370.0,25.18,51130.0,24.58,448927.05530769227,4176.065630769231,13.417285384615385,False,False,False,False,80.1872683602097,80.1872683602097,31032.472855401156,288.6741660967549,1625170603.4373586,14759910.112527078,0.009302325581395349,0.7349261822998328
33-9031.00,Gambling Surveillance Officers and Gambling Investigators,583744.1,6421.185100000001,58.374410000000005,4.6075,94.845,10000.0,110.0,33,Protective Service Occupations,43900.0,21.11,43900.0,21.11,423287.9,4656.1669,50.87735692307693,False,True,True,False,72.51257871385766,72.51257871385765,7251.2578713857665,79.76383658524344,318330220.55383515,3501632.426092187,0.011,0.8690502105695522
33-9032.00,Security Guards,61619366.458057694,347355.4403846154,49.622205769230774,4.406428571428571,86.41285714285713,1241770.0,7000.0,33,Protective Service Occupations,38370.0,18.45,42440.0,20.4,39457639.1164,222427.24,34.63546769230769,False,False,False,False,64.0344771205292,64.0344771205292,795160.9265395955,4482.413398437045,30510324751.32428,190233624.62966818,0.005637114763603565,0.4453577974831282
33-9091.00,Crossing Guards and Flaggers,2564739.4211307694,48063.97895,28.440224230769232,4.285833333333334,69.36416666666666,90180.0,1690.0,33,Protective Service Occupations,37700.0,18.13,34480.0,16.58,960528.2682461538,18000.5852,20.25880923076923,False,True,True,False,37.45130052325807,37.45130052325808,33773.58281187413,632.9269788430614,1273264072.0076547,21823322.23050876,0.018740297183410956,1.4805690193981162
33-9092.00,"Lifeguards, Ski Patrol, and Other Recreational Protective Service Workers",5726443.8668,83350.2868,39.880520000000004,4.101333333333334,80.50133333333333,143590.0,2090.0,33,Protective Service Occupations,33720.0,16.21,28400.0,13.65,1962002.0518923076,28557.589584615384,14.406067307692307,False,False,False,False,34.26213715753571,34.26213715753571,49197.002744505524,716.0786665924963,1658922932.5447264,20336634.131226897,0.014555331151194372,1.1499376001686394
33-9093.00,Transportation Security Screeners,6318464.810323076,65448.06018461538,136.35012538461538,4.3076923076923075,84.31461538461538,46340.0,480.0,33,Protective Service Occupations,63360.0,30.46,59950.0,28.82,3359866.3365076925,34802.24086153846,81.12742653846153,False,False,False,False,53.17535884695218,53.17535884695218,24641.461289677638,255.2417224653705,1561282987.313975,15301741.261798961,0.010358221838584376,0.8183468063588988
33-9099.02,Retail Loss Prevention Specialists,2255613.8388615386,18998.071076923075,27.140101538461536,4.3100000000000005,93.49190476190476,83110.0,700.0,33,Protective Service Occupations,41600.0,20.0,49000.0,23.56,1590296.8400884615,13394.390423076922,23.889193846153844,False,False,False,False,70.5039494211971,70.5039494211971,58595.83236395691,493.5276459483797,2437586626.3406076,24182854.651470605,0.008422572494284682,0.6654216726995839
35-1011.00,Chefs and Head Cooks,8802565.764092308,90768.01029230769,48.28085653846154,4.314285714285714,98.01714285714286,182320.0,1880.0,35,Food Preparation and Serving Related Occupations,60990.0,29.32,44490.0,21.39,2095088.0659076923,21603.584707692306,22.490718461538464,False,False,False,False,23.80087944874026,23.80087944874026,43393.76341094324,447.45653363631686,2646585630.4334283,19907341.181479737,0.01031154014918824,0.8146587398134938
35-1012.00,First-Line Supervisors of Food Preparation and Serving Workers,81716568.43091539,791387.109423077,68.81627038461538,4.163846153846154,76.39192307692308,1187460.0,11500.0,35,Food Preparation and Serving Related Occupations,42010.0,20.2,38070.0,18.31,57594817.470807694,557779.1259615384,48.502532692307696,False,False,False,False,70.48119931700187,70.48119931700185,836936.0494096704,8105.337921455215,35159683435.70026,308570214.66980004,0.009684536742290265,0.7651226086505382
35-2011.00,"Cooks, Fast Food",93300652.26983461,872647.2572115385,139.62356115384614,4.5405263157894735,95.14999999999999,668230.0,6250.0,35,Food Preparation and Serving Related Occupations,30160.0,14.5,29960.0,14.410000000000002,13686588.681592308,128011.58173076923,20.481853076923077,False,False,False,False,14.669338690161945,14.669338690161945,98024.92192926917,916.8336681351216,2956431645.3867583,27468336.697328243,0.009353067057749577,0.7389349905462194
35-2012.00,"Cooks, Institution and Cafeteria",13192633.684453845,161280.57955384615,29.43076269230769,4.3623529411764705,76.22529411764705,448260.0,5480.0,35,Food Preparation and Serving Related Occupations,36450.0,17.53,37740.0,18.15,3834859.127769231,46881.336769230766,12.099975384615384,False,False,False,False,29.068184711959493,29.06818471195949,130301.04478982963,1592.9365222153801,4749473082.58929,60117424.348408446,0.01222504796323562,0.9658345915157084
35-2013.00,"Cooks, Private Household",14374.382192307694,159.7153576923077,15.971535769230771,4.083846153846154,95.1,900.0,10.0,35,Food Preparation and Serving Related Occupations,44530.0,21.41,44530.0,21.41,1975.1721923076925,21.946357692307693,2.194635769230769,False,False,False,False,13.740918850513701,13.740918850513701,123.66826965462332,1.3740918850513701,5506948.047720376,61188.31164133751,0.01111111111111111,0.8778284955248001
35-2014.00,"Cooks, Restaurant",105328071.355,843564.605,72.5335,4.2025,83.8955,1452130.0,11630.0,35,Food Preparation and Serving Related Occupations,36830.0,17.71,36510.0,17.55,21190414.79129231,169712.43898461538,14.592643076923077,False,False,False,False,20.118487425704092,20.11848742570409,292146.5914548768,2339.780087609386,10759758963.283113,85425370.99861869,0.008008924820780508,0.6327416183577286
35-2015.00,"Cooks, Short Order",8924950.681823077,30853.4394,59.33353730769231,4.442727272727272,87.17727272727274,150420.0,520.0,35,Food Preparation and Serving Related Occupations,35620.0,17.12,36680.0,17.64,3060377.573146154,10579.685800000001,20.34554961538462,False,False,False,False,34.29013427916241,34.29013427916241,51579.219982716095,178.30869825164453,1837251815.7843473,6540363.051870321,0.0034569871027788856,0.2731177608732924
35-2021.00,Food Preparation Workers,60910793.288196154,642161.7888884615,68.53380884615385,4.230645161290322,80.4874193548387,888770.0,9370.0,35,Food Preparation and Serving Related Occupations,34220.0,16.45,32090.0,15.43,8007101.898315384,84416.15354615384,20.319616153846155,False,False,False,False,13.145620777634942,13.145620777634944,116834.33378538609,1231.744666864394,3998070902.135912,39526686.3596784,0.010542660080785806,0.8329182693791016
35-3011.00,Bartenders,63054530.82664616,280764.79975384613,84.56771076923077,4.277,85.589,745610.0,3320.0,35,Food Preparation and Serving Related Occupations,33530.0,16.12,34120.0,16.41,19601675.95418077,87280.97016923077,27.781373076923074,False,False,False,False,31.086863540498054,31.086863540498054,231786.7632443075,1032.0838695445354,7771810171.581631,35214701.62885955,0.004452729979479889,0.3517859932978505
35-3023.00,Fast Food and Counter Workers,666727470.0600346,8989789.92566923,176.33954346153845,4.348888888888889,73.97259259259259,3780930.0,50980.0,35,Food Preparation and Serving Related Occupations,30480.0,14.65,28670.0,13.79,79321477.06276155,2139055.1534461537,41.95871230769231,True,True,True,True,11.897136480010213,23.79427296002042,449822.4023136501,6065.160177509206,13710586822.520056,173888142.28918892,0.026966910257529227,2.1305090034287266
35-3023.01,Baristas,422036291.7855,5690507.403,111.62235,4.092631578947368,92.35578947368421,3780930.0,50980.0,35,Food Preparation and Serving Related Occupations,30480.0,14.65,28670.0,13.79,78242391.64264038,2109955.553761538,43.78651038461538,True,False,True,False,18.53925673349606,37.07851346699211,700956.3196137727,9451.313082736291,21365148621.82779,270969146.0820495,0.026966910257529227,2.1305090034287266
35-3031.00,Waiters and Waitresses,376361987.3642,2946904.113092308,163.4444876923077,4.3404,91.088,2302690.0,18030.0,35,Food Preparation and Serving Related Occupations,33760.0,16.23,29860.0,14.35,188632917.85020003,1476990.6104769232,85.95672615384616,False,False,False,False,50.120076995890315,50.12007699589031,1154110.0009766666,9036.649882359025,38962753632.97227,269834365.4872405,0.007829972770976553,0.6186035895791849
35-3041.00,"Food Servers, Nonrestaurant",16030611.51933846,136252.53002307692,58.98377923076923,4.506428571428572,88.53785714285713,271780.0,2310.0,35,Food Preparation and Serving Related Occupations,34460.0,16.57,28280.0,13.6,4974501.606046154,42280.88420769231,27.043118461538462,False,False,False,False,31.03126540148007,31.03126540148007,84336.77310814254,716.8222307741896,2906245201.306592,20271732.686294083,0.008499521671940541,0.6715010089764
35-9011.00,Dining Room and Cafeteria Attendants and Bartender Helpers,72624660.12266923,527283.8870230769,139.12503615384617,4.17,76.00652173913043,522010.0,3790.0,35,Food Preparation and Serving Related Occupations,32670.0,15.710000000000004,27760.0,13.34,15817058.799907692,114838.13116923076,30.300298461538464,False,False,False,False,21.779184609182796,21.779184609182796,113689.5215783951,825.4310966880279,3714236669.966168,22913967.244059652,0.007260397310396353,0.5736045283107783
35-9021.00,Dishwashers,19074172.799496155,132642.07344615384,40.43965653846154,3.9815384615384612,73.50923076923077,471670.0,3280.0,35,Food Preparation and Serving Related Occupations,33670.0,16.19,30130.0,14.48,0.0,0.0,5.063316153846155,False,False,False,False,0.0,0.0,0.0,0.0,0.0,0.0,,
35-9031.00,"Hosts and Hostesses, Restaurant, Lounge, and Coffee Shop",49017052.976596154,500326.2342923077,114.75372346153847,4.172857142857143,70.73095238095237,427150.0,4360.0,35,Food Preparation and Serving Related Occupations,30380.0,14.61,28790.0,13.84,27079464.219134614,276405.15976923076,80.84093884615385,False,False,False,False,55.24498633580453,55.24498633580453,235978.95913338906,2408.6814042410774,7169040778.47236,69345937.62810062,0.010207187170783097,0.8064143781901711
37-1011.00,First-Line Supervisors of Housekeeping and Janitorial Workers,7934771.6894307695,102217.08634615385,45.429816153846154,4.137307692307692,80.21423076923078,174660.0,2250.0,37,Building and Grounds Cleaning and Maintenance Occupations,47520.0,22.85,49770.0,23.93,2953840.3137,38051.87625,22.536673846153846,False,False,False,False,37.2265318942265,37.2265318942265,65019.860606456,837.5969676200962,3089743776.0187893,41687201.078452185,0.012882171075231881,1.0177503168657511
37-1012.00,"First-Line Supervisors of Landscaping, Lawn Service, and Groundskeeping Workers",3616901.2767846156,59732.922076923074,29.138010769230767,3.858571428571429,91.74,124130.0,2050.0,37,Building and Grounds Cleaning and Maintenance Occupations,56170.0,27.01,54600.0,26.25,1406247.4769307692,23224.098346153845,16.931695769230767,False,False,False,False,38.879896610860975,38.87989661086098,48261.615663061726,797.03788052265,2710854951.794177,43518268.27653669,0.01651494401031177,1.3047559608823462
37-2011.00,"Janitors and Cleaners, Except Maids and Housekeeping Cleaners",47943230.43242308,537642.3904576923,21.793368076923077,3.6966666666666663,68.64619047619047,2199900.0,24670.0,37,Building and Grounds Cleaning and Maintenance Occupations,35930.0,17.27,30390.0,14.61,3155914.773576923,35390.889342307695,5.990311923076923,False,False,False,False,6.582607690621196,6.582607690621196,144810.7865859757,1623.929317276249,5203051562.034107,49351211.95202521,0.01121414609754989,0.8859687297666776
37-2012.00,Maids and Housekeeping Cleaners,45174509.74938461,447036.9424615385,52.84124615384615,3.9939999999999998,65.285,854910.0,8460.0,37,Building and Grounds Cleaning and Maintenance Occupations,34660.0,16.66,34660.0,16.67,11241097.492396154,111239.41091538461,23.837778846153846,False,False,False,False,24.883717730991613,24.88371773099161,212733.39125402042,2105.1625200418903,7373339340.864347,72964932.94465192,0.009895778503000316,0.7818116719801885
37-2021.00,Pest Control Workers,3260015.232680769,29849.27067692308,33.91962576923077,3.896153846153846,74.06076923076922,96110.0,880.0,37,Building and Grounds Cleaning and Maintenance Occupations,44730.0,21.51,42460.0,20.41,1135851.1942615386,10400.052553846153,19.971283846153845,False,False,False,False,34.84189837136152,34.841898371361516,33486.54852471556,306.60870566798144,1497853315.510527,13018605.642662492,0.00915617521589845,0.7233796363080239
37-3011.00,Landscaping and Groundskeeping Workers,24364777.8882,322563.4926,25.82574,3.5384615384615383,70.73038461538462,943430.0,12490.0,37,Building and Grounds Cleaning and Maintenance Occupations,38090.0,18.31,38940.0,18.72,5696370.8313384615,75413.83216923077,11.987492692307692,False,False,False,False,23.379531130867587,23.379531130867587,220569.51054794408,2920.1034382453618,8401492656.77119,113708827.88527438,0.013238926046447537,1.045935588034542
37-3012.00,"Pesticide Handlers, Sprayers, and Applicators, Vegetation",688662.8764615385,6558.694061538461,27.327891923076923,4.029,84.85,25200.0,240.0,37,Building and Grounds Cleaning and Maintenance Occupations,45200.0,21.73,38180.0,18.36,0.0,0.0,5.419928461538461,False,False,False,False,0.0,0.0,0.0,0.0,0.0,0.0,,
37-3013.00,Tree Trimmers and Pruners,2117396.1872846154,19462.175107692306,44.23221615384615,3.813333333333333,69.73541666666667,47870.0,440.0,37,Building and Grounds Cleaning and Maintenance Occupations,50430.0,24.25,53900.0,25.91,90778.14561923075,834.3928153846152,5.020824999999999,False,False,False,False,4.2872536639279675,4.2872536639279675,2052.3083289223177,18.863916121283058,103497909.02755249,1016765.0789371568,0.009191560476289952,0.7261752333984143
39-1013.00,First-Line Supervisors of Gambling Services Workers,3090549.143965385,34016.62003346154,121.0555873076923,4.26,83.05892857142858,25530.0,281.0,39,Personal Care and Service Occupations,61590.0,29.61,61590.0,29.61,1921696.3744949396,21151.456374190286,99.808084048583,True,True,True,True,62.17977081022153,62.17977081022153,15874.495487849556,174.72515597672248,977710177.0966542,10761322.356606338,0.011006658832745788,0.8695762887513591
39-1022.00,First-Line Supervisors of Personal Service Workers,1870216.2339538462,14848.531653846154,17.46886076923077,4.08,90.02764705882353,107060.0,850.0,39,Personal Care and Service Occupations,47080.0,22.64,43660.0,20.99,3793902.9840617287,24929.665566595442,15.34690623931624,True,False,True,False,202.85905528907713,167.89313682836791,217180.90459248598,1724.3019699571555,10224876988.21424,75283024.0083294,0.006570981301136461,0.5191375166728392
39-2011.00,Animal Trainers,919591.1396423077,11889.2937,45.72805269230769,4.217333333333333,66.61999999999999,20110.0,260.0,39,Personal Care and Service Occupations,38750.0,18.63,35380.0,17.01,212776.53117692308,2750.9646000000002,15.068709615384616,False,False,False,False,23.138166735674133,23.138166735674133,4653.085330544068,60.15923351275274,180307056.55858263,2128433.681681192,0.012928891098955744,1.0214414119980273
39-2021.00,Animal Caretakers,15583167.864615384,133184.66584615383,56.196061538461535,4.084090909090909,63.691818181818185,277300.0,2370.0,39,Personal Care and Service Occupations,33470.0,16.09,31550.0,15.17,8859180.4,75716.76,33.850185384615386,False,True,True,False,56.850959169325854,56.850959169325854,157647.70977654058,1347.3677323130228,5276468846.220813,42509451.954475865,0.008546700324558239,0.6752283378847452
39-3011.00,Gambling Dealers,11882998.472123077,130887.6910523077,143.2031630769231,4.567142857142857,80.55857142857143,82980.0,914.0,39,Personal Care and Service Occupations,33280.0,16.0,33280.0,16.0,10070256.392723078,110920.8766323077,133.5629825721154,False,True,True,False,84.74507857884016,84.74507857884016,70321.46620472157,774.5700182105991,2340298395.2931337,25777690.20604874,0.01101470233791275,0.8702117623749104
39-3012.00,Gambling and Sports Book Writers and Runners,888152.7872307693,9816.425543076923,116.86220884615385,4.351111111111111,52.64555555555555,7600.0,84.0,39,Personal Care and Service Occupations,30460.0,14.65,30460.0,14.65,751418.5272307693,8305.152143076924,111.09467610256411,False,True,True,False,84.60464663671969,84.60464663671972,6429.953144390697,71.06790317484455,195856372.77814063,2164728.3307057647,0.01105263157894737,0.873208345548354
39-3021.00,Motion Picture Projectionists,38922.90675,419.16976500000004,19.960465,4.003529411764706,71.64647058823529,1950.0,21.0,39,Personal Care and Service Occupations,38180.0,18.35,38180.0,18.35,32828.23425,353.5348303846154,17.411633076923078,False,False,False,False,84.34168203534799,84.34168203534799,1644.6627996892857,17.711753227423078,62793225.69213693,676234.7382230131,0.01076923076923077,0.8508183879701912
39-3031.00,"Ushers, Lobby Attendants, and Ticket Takers",10102084.0998,119486.10503076923,84.74191846153846,3.8317391304347823,64.79304347826087,119210.0,1410.0,39,Personal Care and Service Occupations,31150.0,14.98,25570.0,12.289999999999996,7609113.4112,89999.57981538463,74.86710961538462,False,False,False,False,75.32221407017038,75.32221407017038,89791.6113930501,1062.0432183894022,2797008694.893511,27156445.094217014,0.011827866789698853,0.9344554658342183
39-3091.00,Amusement and Recreation Attendants,16974595.929876924,272258.64996923076,45.68098153846154,3.5011764705882356,59.572941176470586,371590.0,5960.0,39,Personal Care and Service Occupations,30490.0,14.66,27170.0,13.06,12980660.5725,208199.19,37.51507307692307,False,False,False,False,76.4711020287251,76.4711020287251,284158.9680285396,4557.6776809120165,8664006935.190172,123832102.59037949,0.016039182970478214,1.2671686670779698
39-3092.00,Costume Attendants,138036.82485769232,2633.4529384615385,21.945441153846154,3.552380952380952,72.67333333333333,6290.0,120.0,39,Personal Care and Service Occupations,54810.0,26.35,39940.0,19.2,89846.9430346154,1714.0911230769232,15.084448846153848,False,False,False,False,65.08911163904429,65.08911163904429,4094.105122095886,78.10693396685315,224397901.74207553,3119590.9426361145,0.019077901430842606,1.50724129597263
39-3093.00,"Locker Room, Coatroom, and Dressing Room Attendants",982317.0760615385,9849.435923076922,65.66290615384615,3.9460869565217394,60.09478260869565,14960.0,150.0,39,Personal Care and Service Occupations,34800.0,16.73,22880.0,11.0,443641.4582769231,4448.276653846154,40.305999615384614,False,False,False,False,45.16275539621492,45.16275539621492,6756.348207273752,67.74413309432238,235120917.61312658,1549985.765198096,0.010026737967914437,0.7921580674856151
39-4011.00,Embalmers,77291.56986923076,858.7952207692308,22.59987423076923,4.3769230769230765,90.8673076923077,3420.0,38.0,39,Personal Care and Service Occupations,56280.0,27.06,56280.0,27.06,11863.687984615386,131.8187553846154,4.846448846153846,False,False,False,False,15.349265132908418,15.349265132908416,524.9448675454679,5.8327207505051994,29543897.145458933,328265.5238384326,0.011111111111111112,0.8778284955248004
39-4021.00,Funeral Attendants,649961.3284307692,4040.9899346153843,21.268368076923075,4.211666666666667,70.24208333333333,30560.0,190.0,39,Personal Care and Service Occupations,34610.0,16.64,38360.0,18.44,395017.56092307693,2455.9337884615384,12.925967307692307,False,False,False,False,60.77554827404664,60.77554827404663,18573.007552548654,115.47354172068863,642811791.393709,4429565.060405616,0.006217277486910994,0.49119330083357604
39-4031.00,"Morticians, Undertakers, and Funeral Arrangers",332977.4141153846,4146.022276923077,12.956319615384615,4.278181818181818,93.95136363636362,25700.0,320.0,39,Personal Care and Service Occupations,49800.0,23.94,61190.0,29.42,159501.68375213677,1986.0131829059828,6.206291196581197,False,True,True,False,47.90165248171026,47.90165248171025,12310.724687799537,153.2852879414728,613074089.4524169,9379526.76913872,0.012451361867704278,0.9837144230005542
39-5011.00,Barbers,1280029.8488846153,20508.765534615384,70.71988115384616,3.928333333333333,80.11388888888888,18100.0,290.0,39,Personal Care and Service Occupations,38960.0,18.73,25290.0,12.16,341463.1343461539,5470.956296153847,18.86536653846154,False,False,False,False,26.676185297061313,26.676185297061313,4828.389538768098,77.36093736147781,188114056.43040508,1956458.1058717738,0.016022099447513812,1.2658189907843804
39-5012.00,"Hairdressers, Hairstylists, and Cosmetologists",25339382.568076923,310460.1803846154,85.76248076923076,4.137272727272727,78.01863636363636,295460.0,3620.0,39,Personal Care and Service Occupations,35250.0,16.95,34960.0,16.81,7248111.877007692,88804.45743846154,28.418174999999998,False,False,False,False,28.604137679893643,28.604137679893643,84513.78518901375,1035.4697840121498,2979110927.912735,36200023.64906476,0.012252081500033846,0.9679703643199754
39-5091.00,"Makeup Artists, Theatrical and Performance",63831.61096923077,711.3763873076923,19.226388846153846,4.103809523809524,91.28428571428572,3320.0,37.0,39,Personal Care and Service Occupations,50280.0,24.17,50280.0,24.17,2398.7038307692305,26.732542692307693,2.3097757692307694,False,False,False,False,3.757861965798569,3.7578619657985692,124.76101726451249,1.3904089273454705,6272983.948059688,69909.76086693026,0.011144578313253013,0.8804725572583088
39-5092.00,Manicurists and Pedicurists,18185338.716284614,110721.18011538462,123.02353346153846,4.147777777777778,91.40277777777777,147820.0,900.0,39,Personal Care and Service Occupations,34660.0,16.66,38390.0,18.46,2574303.0384,15673.608,17.41512,False,False,False,False,14.155925707860268,14.155925707860268,20925.28938135905,127.40333137074242,725270529.9579047,4891013.891322802,0.006088485996482209,0.48101818520842127
39-5093.00,Shampooers,118744.19501538461,1308.9911261538462,13.357052307692307,4.5600000000000005,79.1125,8890.0,98.0,39,Personal Care and Service Occupations,31470.0,15.13,31470.0,15.13,18528.052469230766,204.24624769230766,2.0841453846153843,False,False,False,False,15.603333255011123,15.603333255011123,1387.1363263704886,15.291266589910899,43653180.19087928,481216.159584496,0.011023622047244094,0.8709164601269672
39-5094.00,Skincare Specialists,4845245.917661538,55874.846146153846,68.98129153846153,4.049444444444444,88.45555555555556,70240.0,810.0,39,Personal Care and Service Occupations,41560.0,19.98,44960.0,21.62,335355.23378461535,3867.279888461538,10.716919615384615,False,False,False,False,6.9213253461955935,6.9213253461955935,4861.538923167785,56.06273530418431,202045557.64685312,2520580.5792761263,0.011531890660592256,0.9110720006229776
39-6011.00,Baggage Porters and Bellhops,1684373.2507538463,10790.34753846154,53.951737692307695,4.128823529411765,74.9535294117647,31220.0,200.0,39,Personal Care and Service Occupations,36020.0,17.32,32530.0,15.64,830734.4929692307,5321.809692307693,27.748584230769232,False,False,False,False,49.32009532907466,49.32009532907466,15397.733761737109,98.64019065814934,554626370.0977707,3208765.402109598,0.006406149903907752,0.5061150839028318
39-6012.00,Concierges,1647653.192,13047.027538461538,37.27722153846154,3.886875,87.3775,44200.0,350.0,39,Personal Care and Service Occupations,37320.0,17.94,35350.0,16.99,1536044.52,12163.248461538462,34.75213846153846,False,False,False,False,93.2262036366692,93.2262036366692,41205.98200740779,326.2917127283422,1537807248.5164585,11534412.044946896,0.007918552036199095,0.6256017558604345
39-7011.00,Tour Guides and Escorts,1563492.203975,17226.806573076923,63.802987307692305,3.9489473684210528,58.7321052631579,24505.0,270.0,39,Personal Care and Service Occupations,36660.0,17.63,36660.0,17.63,918110.767275,10115.890926923077,40.07434192307692,False,False,False,False,58.721800143346314,58.721800143346314,14389.777125127015,158.54886038703506,527529229.40715635,5812401.221788705,0.011018159559273618,0.8704848986432421
39-7012.00,Travel Guides,820294.3849749999,9038.13441923077,33.47457192307692,4.219411764705883,64.4835294117647,24505.0,270.0,39,Personal Care and Service Occupations,36660.0,17.63,36660.0,17.63,559338.0481,6162.875861538461,26.48473423076923,False,False,False,False,68.18747736729259,68.18747736729257,16709.341328855047,184.10618889169,612564453.115826,6749332.884769356,0.011018159559273617,0.870484898643242
39-9011.00,Childcare Workers,35321845.761876926,265501.2052153846,67.90312153846153,4.14375,78.65083333333332,520180.0,3910.0,39,Personal Care and Service Occupations,32050.0,15.410000000000002,30860.0,14.839999999999998,2038371.71268,30645.752203846154,40.560723461538466,False,False,False,False,5.770852764665052,11.542603800606164,30018.821911234663,225.64034309840355,962103242.2550709,6963260.988016734,0.015034427731315936,1.1877884168811663
39-9011.01,Nannies,26951677.198423076,202585.75463461538,51.81221346153846,4.379473684210526,97.89473684210526,520180.0,3910.0,39,Personal Care and Service Occupations,32050.0,15.410000000000002,30860.0,14.839999999999998,2189153.470024615,32907.32884615385,41.38664269230769,False,False,False,False,8.12251294755304,16.24365390622142,42251.68785058141,317.5902562493239,1354166595.611134,9800835.307854135,0.01503198807061427,1.1875956725496661
39-9031.00,Exercise Trainers and Group Fitness Instructors,16647981.83613846,308702.1202076923,54.831637692307694,3.6614285714285715,75.5104761904762,303620.0,5630.0,39,Personal Care and Service Occupations,46180.0,22.2,48730.0,23.43,8064987.409961538,149548.37994230769,35.81036384615385,False,True,True,False,48.44423479880629,48.444234798806285,147086.38569613567,2727.4104191727943,6792449291.447545,132906709.72629027,0.018542915486463342,1.4649749643713073
39-9032.00,Recreation Workers,6889752.598538462,132392.54605769232,22.250848076923077,3.9479166666666665,76.7625,309640.0,5950.0,39,Personal Care and Service Occupations,35380.0,17.01,31060.0,14.93,4936303.864815384,94855.34167307692,16.58694576923077,False,False,False,False,71.64704093819759,71.64704093819759,221847.897561035,4262.998935822757,7848978615.709418,132408746.94665483,0.019215863583516343,1.5181409357755153
39-9041.00,Residential Advisors,2862143.33405,38364.67939615385,34.56277423076923,3.826,74.77066666666666,82810.0,1110.0,39,Personal Care and Service Occupations,39180.0,18.84,39520.0,19.0,1627124.6446,21810.268753846154,19.648890769230768,False,False,False,False,56.849865806600974,56.84986580660096,47077.37387444627,631.0335104532708,1844491508.4008048,24938444.33311326,0.013404178239343074,1.0589912655829916
41-1011.00,First-Line Supervisors of Retail Sales Workers,56869491.416738465,480741.2359692308,51.08833538461539,4.189047619047619,81.6252380952381,1113160.0,9410.0,41,Sales and Related Occupations,47320.0,22.75,46900.0,22.55,40904899.20144615,345785.96202307695,36.74664846153846,False,False,False,False,71.92766839023737,71.92766839023739,800670.0334527664,6768.393595521337,37887705982.9849,317437659.6299507,0.008453411908440836,0.6678581271874244
41-1012.00,First-Line Supervisors of Non-Retail Sales Workers,4413389.112338462,41310.660153846155,20.15154153846154,3.869444444444445,65.87777777777778,219010.0,2050.0,41,Sales and Related Occupations,84130.0,40.45,77110.0,37.07,3753927.5477967034,35137.89997252748,17.140439010989013,False,False,False,False,85.05770627162447,85.05770627162448,186284.88250548474,1743.6829785683015,15672147165.186432,134455394.47740173,0.009360303182503082,0.7395066774317413
41-2011.00,Cashiers,335380479.4909423,2962783.4342884617,106.53662115384616,4.351071428571428,65.97714285714285,3148030.0,27810.0,41,Sales and Related Occupations,31190.0,14.99,30290.0,14.56,288091316.47150767,2545026.416861539,99.58575307692308,False,False,False,False,85.89984632044997,85.89984632044998,2704152.9321216615,23888.747261717137,84342529952.87462,723590154.557412,0.008834096244317876,0.6979339273923765
41-2012.00,Gambling Change Persons and Booth Cashiers,1475125.7347846155,16278.177283076922,67.26519538461538,4.5976923076923075,72.30153846153846,21930.0,242.0,41,Sales and Related Occupations,34810.0,16.74,34810.0,16.74,1320635.8652723078,14573.364313538463,60.22051369230769,False,True,True,False,89.52700330084981,89.52700330084983,19633.271823876366,216.65534798805658,683434192.1891363,7541772.663464249,0.011035111719106247,0.8718241966498016
41-2021.00,Counter and Rental Clerks,34984445.664684616,295764.3417038462,87.76389961538462,4.175625,80.68,398620.0,3370.0,41,Sales and Related Occupations,38540.0,18.53,37300.0,17.94,29241568.56652308,247213.1003692308,73.35700307692308,False,False,False,False,83.5844845071856,83.58448450718559,333184.4721425433,2816.797127892155,12840929556.37362,105066532.87037738,0.008454166875721238,0.6679177730486978
41-2022.00,Parts Salespersons,23277127.263423078,281896.8479423077,87.81833269230769,4.196315789473684,91.28684210526316,265060.0,3210.0,41,Sales and Related Occupations,37440.0,18.0,37220.0,17.89,20186441.518923078,244467.20469230769,78.84878807692309,False,False,False,False,86.72222001657136,86.72222001657136,229865.91637592405,2783.7832625319406,8606179909.114595,103612413.03143883,0.012110465554968685,0.9567820582400768
41-2031.00,Retail Salespersons,409196967.23596156,4261829.080507692,107.67632846153846,4.190833333333333,71.34708333333333,3800250.0,39580.0,41,Sales and Related Occupations,34580.0,16.62,34300.0,16.49,287877172.34942305,2998270.7668153844,75.75216692307693,False,False,False,False,70.35173654730926,70.35173654730926,2673541.86813912,27845.217325425005,92451077800.25076,955090954.2620777,0.010415104269455957,0.8228407780431403
41-3011.00,Advertising Sales Agents,3465029.6338846153,29861.75123076923,35.54970384615385,4.1615,91.8895,97470.0,840.0,41,Sales and Related Occupations,61460.0,29.55,70790.0,34.04,3318370.2362423074,28597.835215384614,35.54970384615385,False,False,False,False,95.76744174975816,95.76744174975816,93344.52547348928,804.4465106979686,5736954535.600651,56946768.4923092,0.008618036318867345,0.6808642070552469
41-3021.00,Insurance Sales Agents,10178141.677676924,102544.53892692308,21.679606538461538,3.9499999999999997,74.94684210526316,469480.0,4730.0,41,Sales and Related Occupations,60370.0,29.02,52440.0,25.21,9857344.368553847,99312.51355384615,20.996303076923077,False,False,False,False,96.84817406475426,96.84817406475426,454682.80759920826,4580.918633262877,27449201094.764202,240223373.12830526,0.010074976569821929,0.7959691372260956
41-3031.00,"Securities, Commodities, and Financial Services Sales Agents",45601353.559346154,306068.7926807692,96.55166961538461,4.191923076923077,81.99923076923076,472300.0,3170.0,41,Sales and Related Occupations,78140.0,37.57,63480.0,30.52,52616946.414630175,353156.2992470414,111.4057726331361,False,False,False,False,115.38461538461537,115.38461538461537,544961.5384615384,3657.6923076923076,42583294615.384605,232190307.69230768,0.006711835697649799,0.5302656569409814
41-3041.00,Travel Agents,1348756.20425,10489.05923846154,22.80230269230769,4.445,96.6725,59150.0,460.0,41,Sales and Related Occupations,48450.0,23.29,41040.0,19.73,1348756.20425,10489.05923846154,22.80230269230769,False,False,False,False,100.0,100.0,59150.0,460.0,2865817500.0,18878400.0,0.007776838546069316,0.6144057432751773
41-4011.00,"Sales Representatives, Wholesale and Manufacturing, Technical and Scientific Products",15070293.268099999,183039.9992076923,51.27170846153846,3.758787878787879,71.42272727272727,293930.0,3570.0,41,Sales and Related Occupations,100070.0,48.11,84340.0,40.55,4989742.905594342,170500.5137300248,47.759247543424316,False,False,False,False,33.109793000222275,93.14931953018686,97319.61456555333,1182.0196101079353,9738773829.574923,99691533.91650327,0.03417020013974367,2.6996017842407256
41-4011.07,Solar Sales Representatives and Assessors,7614757.57455,92486.93410384616,25.90670423076923,4.323846153846154,91.00923076923078,293930.0,3570.0,41,Sales and Related Occupations,100070.0,48.11,84340.0,40.55,1041634.6314092308,87522.02113846155,25.906704230769233,False,False,False,False,13.679156837383456,94.6317682454368,40207.145692121194,488.3458990945894,4023529069.4105678,41187093.12963767,0.08402372434569763,6.6382577577696855
41-4012.00,"Sales Representatives, Wholesale and Manufacturing, Except Technical and Scientific Products",63420590.30246154,697353.1589230769,50.061246153846156,4.122222222222223,73.40388888888889,1266860.0,13930.0,41,Sales and Related Occupations,66780.0,32.11,61080.0,29.37,63420590.30246154,697353.1589230769,50.061246153846156,False,False,False,False,100.0,100.0,1266860.0,13930.0,84600910800.0,850844400.0,0.010995690131506244,0.8687097112857317
41-9011.00,Demonstrators and Product Promoters,4006248.654023077,37730.61106923077,61.85346076923077,4.055238095238095,71.55904761904762,64770.0,610.0,41,Sales and Related Occupations,37960.0,18.25,37300.0,17.93,2728013.62575,25692.26975,49.721325769230766,False,False,False,False,68.09396673395516,68.09396673395514,44104.46225358276,415.37319707712646,1674205387.1460016,15493420.250976818,0.00941794040450826,0.7440602810608543
41-9012.00,Models,84659.7663076923,632.9702153846154,15.824255384615384,3.6149999999999998,48.544,5350.0,40.0,41,Sales and Related Occupations,89990.0,43.26,89990.0,43.26,16615.16576923077,124.22553846153846,4.284176153846154,False,False,False,False,19.625811048005566,19.625811048005566,1049.9808910682978,7.850324419202227,94487780.38723612,706450.6944840085,0.007476635514018691,0.5906883334372487
41-9021.00,Real Estate Brokers,920140.2375230769,7421.982153846154,18.554955384615386,3.927058823529412,81.55588235294118,49590.0,400.0,41,Sales and Related Occupations,72280.0,34.75,81230.0,39.05,657929.9654653847,5306.956769230769,13.88573923076923,False,False,False,False,71.50322729462029,71.50322729462027,35458.4504154022,286.01290917848115,2562936796.025271,23232828.612568025,0.008066142367412784,0.6372620657167334
41-9022.00,Real Estate Sales Agents,7431746.105153846,199245.6589576923,38.99132269230769,3.8621212121212123,82.49636363636364,190600.0,5110.0,41,Sales and Related Occupations,56320.0,27.08,55380.0,26.63,7173089.882692308,192311.0666346154,37.88484730769231,False,False,False,False,96.51957670779197,96.51957670779197,183966.3132050515,4932.150369768169,10360982759.7085,273142487.4777612,0.02681007345225603,2.118118179915297
41-9031.00,Sales Engineers,1047134.2031307692,7757.9178923076925,18.471233076923077,3.8244,75.5672,56690.0,420.0,41,Sales and Related Occupations,121520.0,58.42,110400.0,53.08,1031017.8466384615,7638.516415384615,18.261494615384613,False,False,False,False,98.4609082155733,98.4609082155733,55817.4888674085,413.5358145054078,6782941247.167481,45654353.92139702,0.007408714058916917,0.5853222284501226
41-9041.00,Telemarketers,5437613.98075,71213.67098076922,81.85479423076923,4.3275,76.20833333333333,66430.0,870.0,41,Sales and Related Occupations,34410.0,16.54,32090.0,15.43,5437613.98075,71213.67098076922,81.85479423076923,False,False,False,False,100.0,100.0,66430.0,870.0,2285856300.0,27918300.0,0.01309649254854734,1.0346826915488763
41-9091.00,"Door-to-Door Sales Workers, News and Street Vendors, and Related Workers",76230.61584230768,8968.307746153845,16.607977307692305,3.9958333333333336,87.84750000000001,4590.0,540.0,41,Sales and Related Occupations,34530.0,16.6,33230.0,15.98,72686.41909615384,8551.343423076924,16.281231153846154,False,True,True,False,95.35069117966272,95.35069117966273,4376.596725146519,514.8937323701787,151123884.9193093,17109918.726661038,0.11764705882352942,9.294654658497887
43-1011.00,First-Line Supervisors of Office and Administrative Support Workers,38738608.64703077,486181.7383923077,25.902063846153847,3.7764285714285717,75.82392857142858,1495580.0,18770.0,43,Office and Administrative Support Occupations,66140.0,31.8,63970.0,30.76,23375414.3807,293368.81205,16.183123846153848,False,False,False,False,60.341388596804116,60.34138859680412,902453.739576083,11326.078639620133,59688290335.56213,724529250.5764999,0.012550314927987805,0.9915321664438179
43-2011.00,"Switchboard Operators, Including Answering Service",3402863.648203846,10476.210503846154,95.2382773076923,4.269473684210527,70.56368421052632,35730.0,110.0,43,Office and Administrative Support Occupations,38370.0,18.45,41290.0,19.85,3378377.123376923,10400.825176923077,94.55295615384615,False,False,False,False,99.28041416411592,99.28041416411592,35472.89198083862,109.20845558052751,1361094865.3047779,4509217.130919981,0.0030786453960257487,0.24322703906228724
43-2021.00,Telephone Operators,262013.29296153848,2918.6290861538464,66.33247923076924,4.097857142857143,60.71357142857143,3950.0,44.0,43,Office and Administrative Support Occupations,39130.0,18.81,39130.0,18.81,235338.9490384616,2621.497153846154,66.33247923076924,False,False,False,False,89.81946922555855,89.81946922555852,3547.8690344095626,39.520566459245764,138828115.3164462,1546439.7655502867,0.011139240506329112,0.880050846146382
43-3011.00,Bill and Account Collectors,9111713.600892307,174481.97175384616,55.21581384615385,4.1546666666666665,86.72866666666667,165020.0,3160.0,43,Office and Administrative Support Occupations,46040.0,22.14,44640.0,21.46,7349232.596569231,140731.88101538463,45.23401307692308,False,False,False,False,80.65697538879539,80.65697538879539,133100.14078659014,2548.7604222859345,6127930481.8146105,113776665.25084412,0.019149194037086415,1.512873737287924
43-3021.00,Billing and Posting Clerks,22336201.9875,232189.5009,53.499885,4.180434782608696,65.63956521739131,417500.0,4340.0,43,Office and Administrative Support Occupations,47170.0,22.68,44780.0,21.53,24381694.57424089,253452.8250352227,62.00418218623482,False,False,False,False,109.15774574337036,109.15774574337038,455733.58847857127,4737.446165262273,21496953368.534206,212142839.2804446,0.010395209580838324,0.8212690068311066
43-3031.00,"Bookkeeping, Accounting, and Auditing Clerks",88562468.39933461,850480.0265307692,60.83548115384615,4.2942857142857145,64.5425,1455770.0,13980.0,43,Office and Administrative Support Occupations,49210.0,23.66,48210.0,23.18,85241217.05044615,818585.5007076924,58.55404153846153,False,False,False,False,96.24982070970212,96.24982070970212,1401176.0149456304,13455.724935216356,68951871695.47447,648700499.1267805,0.009603165335183444,0.7586938960613997
43-3041.00,Gambling Cage Workers,1318084.4585307692,14558.531083846154,97.70826230769231,4.635882352941176,80.79823529411765,13490.0,149.0,43,Office and Administrative Support Occupations,36990.0,17.78,36990.0,17.78,1035709.2792887574,11439.635479171597,86.18162704142011,False,True,True,False,78.5768523849551,78.5768523849551,10600.017386730444,117.0795100535831,392094643.13515913,4330771.076882039,0.011045218680504076,0.8726226927344382
43-3051.00,Payroll and Timekeeping Clerks,2923872.9813076924,28502.87136923077,18.629327692307694,4.3376190476190475,75.65190476190476,156950.0,1530.0,43,Office and Administrative Support Occupations,55290.0,26.58,54790.0,26.34,2438822.990423077,23774.445207692308,16.52492,False,False,False,False,83.41070238052275,83.41070238052276,130913.09738623045,1276.183746421998,7238185154.484682,69922107.46646127,0.009748327492832113,0.7701623691224275
43-3061.00,Procurement Clerks,2010692.7201153846,20140.494692307693,33.567491153846156,4.123684210526316,83.48526315789474,59900.0,600.0,43,Office and Administrative Support Occupations,48510.0,23.32,49000.0,23.56,1437076.5891923078,14394.757153846154,27.844805,False,False,False,False,71.4717159323002,71.4717159323002,42811.55784344782,428.8302955938012,2076788670.9856539,21012684.48409626,0.01001669449081803,0.7913645869505712
43-3071.00,Tellers,37789590.99916923,474402.2445230769,111.36202923076924,4.275714285714286,76.36857142857143,339340.0,4260.0,43,Office and Administrative Support Occupations,39340.0,18.91,38000.0,18.27,35738937.97464616,448658.7958153846,105.31896615384616,False,False,False,False,94.57349770054894,94.57349770054891,320925.70709704276,4028.831002043385,12625217317.197662,153095578.07764864,0.01255378086874521,0.9918059915842765
43-4011.00,Brokerage Clerks,1266729.9131115384,10111.089353846155,31.59715423076923,3.9850000000000003,62.011,40090.0,320.0,43,Office and Administrative Support Occupations,62940.0,30.26,59140.0,28.43,1266729.9131115384,10111.089353846153,31.59715423076923,False,False,False,False,100.0,99.99999999999997,40090.0,320.0,2523264600.0,18924800.0,0.007982040409079572,0.6306176271168433
43-4021.00,Correspondence Clerks,172550.59425384615,2480.7593423076924,27.563992692307693,3.725882352941176,65.38882352941175,6260.0,90.0,43,Office and Administrative Support Occupations,46740.0,22.47,45900.0,22.07,151679.41476923076,2180.6944615384614,24.22993846153846,False,False,False,False,87.90431318137858,87.90431318137858,5502.810005154299,79.11388186324072,257201339.64091194,3631327.177522749,0.01437699680511182,1.1358483728036552
43-4031.00,"Court, Municipal, and License Clerks",13927584.067615384,108956.45438461538,81.92214615384616,4.368888888888889,81.09629629629629,170010.0,1330.0,43,Office and Administrative Support Occupations,47700.0,22.93,47330.0,22.760000000000005,15132973.341773078,118386.29812692308,89.01225423076923,False,False,False,False,108.65469034906408,108.65469034906405,184723.83906244385,1445.1073816425521,8811327123.278572,68396932.37314199,0.007823069231221693,0.6180581784266725
43-4041.00,"Credit Authorizers, Checkers, and Clerks",273809.2592,4120.875138461538,22.893750769230767,3.9545454545454546,61.89545454545455,11960.0,180.0,43,Office and Administrative Support Occupations,49130.0,23.62,49800.0,23.94,373376.26254545455,5619.375188811188,31.21875104895105,False,False,False,False,136.36363636363637,136.36363636363637,16309.09090909091,245.45454545454547,801265636.3636364,12223636.363636365,0.015050167224080266,1.1890319086539936
43-4051.00,Customer Service Representatives,142807148.95564616,2554982.943276923,52.388413846153846,4.053846153846154,67.59538461538462,2725930.0,48770.0,43,Office and Administrative Support Occupations,42830.0,20.59,40150.0,19.3,134584956.70125,2407878.53625,49.372125,False,False,False,False,94.24245052539361,94.24245052539362,2568983.231606862,45962.043121234456,110029551809.72191,1845376031.3175633,0.01789114173878273,1.4134818632198942
43-4061.00,"Eligibility Interviewers, Government Programs",6132944.1059,82029.01050384615,39.248330384615386,4.205294117647059,69.24352941176471,156260.0,2090.0,43,Office and Administrative Support Occupations,51500.0,24.76,49000.0,23.56,5227241.4331,69915.1068423077,34.75226730769231,False,False,False,False,85.23217141456257,85.23217141456259,133183.79105239548,1781.3523825643579,6858965239.198367,87286266.74565354,0.01337514399078459,1.056697427417221
43-4071.00,File Clerks,3278874.6576384613,24078.846561538463,41.51525269230769,3.9157894736842107,80.73947368421052,78980.0,580.0,43,Office and Administrative Support Occupations,41270.0,19.84,38670.0,18.59,2751329.965153846,20204.752846153846,38.11964384615385,False,False,False,False,83.91080027241516,83.91080027241516,66272.75005515349,486.6826415800079,2735076394.7761846,18820017.749898907,0.0073436312990630545,0.580180393345082
43-4081.00,"Hotel, Motel, and Resort Desk Clerks",24055810.4496,325737.55495384615,92.01625846153847,4.441,89.80449999999999,261430.0,3540.0,43,Office and Administrative Support Occupations,34270.0,16.48,34270.0,16.48,20704504.187650003,280357.8197769231,82.46385884615385,False,False,False,False,86.06862043176051,86.06862043176051,225009.19439475148,3046.829163284322,7711065091.9081335,104414835.42575371,0.013540909612515778,1.0697936681872828
43-4111.00,"Interviewers, Except Eligibility and Loan",9244608.877726924,42312.11233846154,58.76682269230769,4.06125,76.28812500000001,157310.0,720.0,43,Office and Administrative Support Occupations,43830.0,21.07,41030.0,19.73,9030992.96993077,41334.40301538462,57.40889307692308,False,False,False,False,97.689292098546,97.689292098546,153675.02540022272,703.3629031095312,6735576363.291761,28858979.914584067,0.004576949971394063,0.3615999396733015
43-4121.00,"Library Assistants, Clerical",5747966.704696153,59583.01941923077,71.78677038461538,3.8578125,77.878125,80070.0,830.0,43,Office and Administrative Support Occupations,36010.0,17.31,33450.0,16.08,4818358.100584615,49946.761876923076,63.17367846153846,False,False,False,False,83.82717486251204,83.82717486251204,67120.41891241338,695.76555135885,2417006285.036006,23273357.69295353,0.010365929811415013,0.8189557713963106
43-4131.00,Loan Interviewers and Clerks,5640092.733115384,86018.74532307693,32.582858076923074,4.349444444444444,79.50555555555555,173100.0,2640.0,43,Office and Administrative Support Occupations,48950.0,23.53,47120.0,22.66,5257453.052653846,80182.99283076923,30.37234576923077,False,False,False,False,93.21572004986908,93.21572004986906,161356.41140632337,2460.8950093165436,7898396338.339529,115957372.83899553,0.015251299826689775,1.204922302349466
43-4141.00,New Accounts Clerks,1391566.0566076923,5488.690730769231,36.59127153846154,4.082666666666666,77.24933333333334,38030.0,150.0,43,Office and Administrative Support Occupations,46610.0,22.41,38480.0,18.5,1285364.1221923078,5069.80326923077,33.79868846153846,False,False,False,False,92.36817153514943,92.36817153514943,35127.615634817324,138.55225730272414,1637298164.7388356,5331490.861008825,0.003944254535892716,0.3116141122688615
43-4151.00,Order Clerks,4634810.226884616,46670.34992307692,55.55994038461539,4.126315789473685,68.35157894736842,83420.0,840.0,43,Office and Administrative Support Occupations,44660.0,21.47,41960.0,20.17,3826162.1579,38527.6458,46.74460461538462,False,False,False,False,82.55272536739513,82.55272536739513,68865.48350148101,693.442893086119,3075532493.1761417,29096863.793893557,0.01006952769120115,0.7955386509431179
43-4161.00,"Human Resources Assistants, Except Payroll and Timekeeping",2650453.128946154,16318.408765384616,28.62878730769231,3.7263157894736842,68.50631578947369,92580.0,570.0,43,Office and Administrative Support Occupations,49440.0,23.77,47120.0,22.65,2569783.8308076924,15821.741019230769,27.757440384615386,False,False,False,False,96.95639597405231,96.95639597405231,89762.23139277764,552.6514570520982,4437844720.058927,26040936.656294867,0.006156837329876863,0.48641825254290616
43-4171.00,Receptionists and Information Clerks,74812123.07148461,937740.2133,77.56329307692307,3.9883333333333337,69.14777777777778,964530.0,12090.0,43,Office and Administrative Support Occupations,37230.0,17.9,36090.0,17.35,71927123.32405384,901577.8886999999,74.57219923076923,False,False,False,False,96.14367347298233,96.14367347298233,927334.5737489564,11623.770122883565,34524666180.673645,419501863.7348679,0.012534602345183665,0.9902908006806789
43-4181.00,Reservation and Transportation Ticket Agents and Travel Clerks,16674512.812615385,461872.4908076923,130.84206538461538,4.259047619047619,71.39571428571428,127440.0,3530.0,43,Office and Administrative Support Occupations,41460.0,19.94,37540.0,18.05,15372073.071692308,425795.80934615387,127.97751500000001,False,False,False,False,92.18903871099793,92.18903871099793,117485.71093329576,3254.273066498227,4870957575.294442,122165410.91634344,0.027699309478970497,2.1883718850300458
43-5011.00,Cargo and Freight Agents,3079296.4947692305,20780.52849230769,31.48564923076923,3.171666666666667,62.88625,97800.0,660.0,43,Office and Administrative Support Occupations,49900.0,23.99,55220.0,26.55,523759.0370096154,7077.478296923076,27.485135384615383,False,False,False,False,17.00904858948528,34.058220894348,16634.849520516604,112.25972069060285,830078991.0737785,6198981.776535089,0.01351285189718482,1.0675769806039674
43-5011.01,Freight Forwarders,12434049.117461538,83910.76091538461,127.13751653846154,4.2945161290322575,77.40709677419355,97800.0,660.0,43,Office and Administrative Support Occupations,49900.0,23.99,55220.0,26.55,3158909.8282692307,42599.52147692307,110.93625384615385,False,False,False,False,25.40531888227039,50.767650075155814,24846.40186686044,167.67510462298458,1239835453.156336,9259019.277281208,0.013485513608428446,1.0654171310039366
43-5021.00,Couriers and Messengers,3492582.4700307692,50504.5296,48.562047692307694,4.294666666666667,79.57400000000001,71920.0,1040.0,43,Office and Administrative Support Occupations,38340.0,18.43,41600.0,20.0,1740098.0931692307,25162.7088,34.30886076923077,False,False,False,False,49.822677291107766,49.822677291107766,35832.469507764705,518.1558438275207,1373816880.9276989,21555283.103224862,0.01446051167964405,1.1424464291034666
43-5031.00,Public Safety Telecommunicators,11248012.799999999,93418.33846153846,111.21230769230769,4.562777777777778,88.74,101140.0,840.0,43,Office and Administrative Support Occupations,50730.0,24.39,51760.0,24.88,10398004.893299999,86358.75133846153,109.79448384615384,False,True,True,False,92.44303930112882,92.44303930112882,93496.88994916169,776.5215301294821,4743097227.120973,40192754.399501994,0.008305319359303936,0.6561581398227695
43-5032.00,"Dispatchers, Except Police, Fire, and Ambulance",13565174.905384615,135651.74905384614,64.28992846153847,4.355833333333334,79.05916666666667,211000.0,2110.0,43,Office and Administrative Support Occupations,48880.0,23.5,49660.0,23.87,13030631.319615385,130306.31319615385,64.28992846153847,False,False,False,False,96.05944199394698,96.05944199394698,202685.42260722813,2026.8542260722813,9907263457.041311,100653580.8667495,0.01,0.7900456459723203
43-5041.00,"Meter Readers, Utilities",451446.1938,4831.9929,23.00949,4.058333333333334,83.40583333333333,19620.0,210.0,43,Office and Administrative Support Occupations,49180.0,23.64,53650.0,25.790000000000003,309974.1086076923,3317.7656884615385,21.455852307692307,False,False,False,False,68.66247027104568,68.66247027104568,13471.576667179163,144.1911875691959,662532140.4918712,7735857.21308736,0.01070336391437309,0.845614605780771
43-5051.00,Postal Service Clerks,6591046.388653846,54038.81230769231,84.43564423076923,4.278421052631579,63.823684210526324,78060.0,640.0,43,Office and Administrative Support Occupations,61630.0,29.630000000000003,59550.0,28.630000000000003,5446999.719184616,44658.97796923077,69.77965307692308,False,False,False,False,82.64241211473417,82.64241211473417,64510.6668967615,528.9114375342987,3975792400.847411,31496676.105167486,0.008198821419420958,0.6477443164518126
43-5052.00,Postal Service Mail Carriers,11173709.337461539,80800.24309615385,33.25112884615385,4.247142857142857,87.46285714285715,336040.0,2430.0,43,Office and Administrative Support Occupations,57490.0,27.640000000000004,58390.0,28.07,8996604.792276923,65056.98620769231,29.47215153846154,False,False,False,False,80.51582979802825,80.51582979802826,270565.3944532941,1956.5346640920866,15554804527.119879,114242059.03633693,0.007231281990239258,0.571304285118658
43-5053.00,"Postal Service Mail Sorters, Processors, and Processing Machine Operators",6161782.61895,48444.28396923077,55.050322692307695,4.217142857142857,48.58571428571429,111930.0,880.0,43,Office and Administrative Support Occupations,56530.0,27.18,55410.0,26.640000000000004,4501676.46495,35392.43535384615,43.88603576923077,False,False,False,False,73.05802140934841,73.05802140934841,81773.84336348368,642.9105884022661,4622675365.337732,35623675.703369565,0.007862056642544447,0.6211383618829999
43-5061.00,"Production, Planning, and Expediting Clerks",8126480.936538462,105327.63603461538,21.107742692307692,3.7570588235294116,65.12235294117647,385000.0,4990.0,43,Office and Administrative Support Occupations,57770.0,27.78,53110.0,25.53,6354781.569230769,82364.57150769231,18.43705153846154,False,False,False,False,78.19844307587385,78.19844307587385,301064.00584211433,3902.1023094861052,17392467617.498943,207240653.65680704,0.012961038961038961,1.0239812398446437
43-5071.00,"Shipping, Receiving, and Inventory Clerks",21930113.678,388673.12,25.5706,3.919090909090909,74.1509090909091,857630.0,15200.0,43,Office and Administrative Support Occupations,43190.0,20.77,38110.0,18.32,17318246.61649231,306935.7981538462,20.193144615384615,False,True,True,False,78.97016345093434,78.97016345093434,677271.8128042482,12003.46484454202,29251369595.01548,457452045.2254964,0.017723260613551298,1.4002184880168915
43-5111.00,"Weighers, Measurers, Checkers, and Samplers, Recordkeeping",3261974.5708,15745.6536,65.60688999999999,4.027222222222222,62.29555555555555,49720.0,240.0,43,Office and Administrative Support Occupations,45650.0,21.95,46530.0,22.37,2016335.6818,9732.9156,44.461964615384616,False,False,False,False,61.81334765296754,61.81334765296755,30733.596453055463,148.35203436712212,1402988678.081982,6902820.159102192,0.004827031375703943,0.3813575121346679
43-6011.00,Executive Secretaries and Executive Administrative Assistants,19341519.47235,284740.9428,40.911055,3.8595454545454544,74.64999999999999,472770.0,6960.0,43,Office and Administrative Support Occupations,74260.0,35.7,55900.0,26.88,16823391.892926924,247669.70741538462,35.58472807692308,False,False,False,False,86.9807148139374,86.9807148139374,411218.72542585176,6053.857751050044,30537102550.123753,338410648.2836974,0.014721746303699473,1.1630851568346867
43-6012.00,Legal Secretaries and Administrative Assistants,6852306.631361539,47000.42079230769,44.34001961538462,3.9692857142857143,74.58714285714287,154540.0,1060.0,43,Office and Administrative Support Occupations,54140.0,26.03,46050.0,22.140000000000004,6519806.688746154,44719.78186923077,44.34001961538462,False,True,True,False,95.14762020290213,95.14762020290213,147041.13226156496,1008.5647741507626,7960806900.641127,46444407.84964262,0.006859065614080497,0.5418974923842755
43-6013.00,Medical Secretaries and Administrative Assistants,70196644.32447693,435159.03301923076,84.49689961538462,4.354,75.61466666666666,830760.0,5150.0,43,Office and Administrative Support Occupations,44640.0,21.46,40470.0,19.46,68798758.66144615,426493.33996153844,82.81424076923076,False,True,True,False,98.00861469022766,98.00861469022766,814216.3674005354,5047.443656546724,36346618640.7599,204270044.78044593,0.006199142953440223,0.4897605899125438
43-6014.00,"Secretaries and Administrative Assistants, Except Legal, Medical, and Executive",106276655.47245385,911823.3954576923,61.155157307692306,3.7761290322580647,72.94709677419355,1737820.0,14910.0,43,Office and Administrative Support Occupations,46290.0,22.26,45150.0,21.71,99933453.3950846,857400.5306192307,57.50506576923077,False,False,False,False,94.03142482309921,94.03142482309921,1634096.9068607828,14020.085441124093,75642345818.58563,633006857.6667528,0.008579714815113187,0.6778366333364384
43-9021.00,Data Entry Keyers,6299847.295846154,113162.54382692308,46.56894807692308,4.275555555555555,75.48333333333333,135280.0,2430.0,43,Office and Administrative Support Occupations,39850.0,19.16,41600.0,20.0,6299847.295846154,113162.54382692308,46.56894807692308,False,False,False,False,100.0,100.0,135280.0,2430.0,5390908000.0,101088000.0,0.017962743938497932,1.4191387638325978
43-9022.00,Word Processors and Typists,1939683.0043153847,2153.408830769231,53.83522076923077,3.91421052631579,84.50421052631579,36030.0,40.0,43,Office and Administrative Support Occupations,47850.0,23.01,39520.0,19.0,1939683.0043153847,2153.408830769231,53.83522076923077,False,False,False,False,100.0,100.0,36030.0,40.0,1724035500.0,1580800.0,0.0011101859561476548,0.08770975808740719
43-9031.00,Desktop Publishers,272076.3538461538,2992.839892307692,68.01908846153846,4.098888888888889,74.3138888888889,4000.0,44.0,43,Office and Administrative Support Occupations,53620.0,25.78,53620.0,25.78,259797.15538461538,2857.768709230769,64.94928884615385,False,False,False,False,95.48685569769076,95.48685569769076,3819.4742279076304,42.01421650698393,204800208.10040715,2252802.2891044784,0.011,0.8690502105695522
43-9041.00,Insurance Claims and Policy Processing Clerks,19259989.83368077,163954.16325,84.07905807692308,4.281428571428571,74.64666666666666,229070.0,1950.0,43,Office and Administrative Support Occupations,48450.0,23.29,43480.0,20.91,22762144.464106593,193766.89092857143,100.09411675824175,False,False,False,False,118.18357465745622,118.18357465745623,270723.114467835,2304.579705820396,13116534895.966606,100203125.60907082,0.00851268171301349,0.67254071229145
43-9051.00,"Mail Clerks and Mail Machine Operators, Except Postal Service",5204385.595419231,65542.23848846155,82.96485884615385,3.981923076923077,55.45730769230769,62730.0,790.0,43,Office and Administrative Support Occupations,38150.0,18.34,41170.0,19.79,3569920.5096346154,44958.34851923077,62.22324346153846,False,False,False,False,68.59446603604408,68.59446603604408,43029.30854441045,541.8962816847483,1641568120.9692588,22309869.916961085,0.012593655348318189,0.994956257481481
43-9061.00,"Office Clerks, General",125023837.32138462,1840087.147846154,49.79938153846154,3.7920000000000003,71.62,2510550.0,36950.0,43,Office and Administrative Support Occupations,43630.0,20.97,41530.0,19.97,110214190.74063462,1622120.391096154,46.39572961538462,False,False,False,False,88.15454164738159,88.1545416473816,2213163.8453283384,32573.103138707498,96560338571.6754,1352760973.3505223,0.014717890502081218,1.1627805309066632
43-9071.00,"Office Machine Operators, Except Computer",1608114.1303461539,11050.097096153846,65.00057115384615,3.993333333333333,81.65277777777777,24740.0,170.0,43,Office and Administrative Support Occupations,39020.0,18.76,38270.0,18.4,1084206.454623077,7450.084773076924,48.2178826923077,False,False,False,False,67.4209892297692,67.4209892297692,16679.952735444902,114.61568169060766,650851755.7370601,4386342.1382995555,0.0068714632174616,0.5428769596414488
43-9081.00,Proofreaders and Copy Markers,232392.726,2567.12895,45.03735,4.180909090909091,80.63909090909091,5160.0,57.0,43,Office and Administrative Support Occupations,49210.0,23.66,49210.0,23.66,226180.50673846152,2498.5055976923077,43.83343153846154,False,False,False,False,97.32684436020666,97.32684436020668,5022.065168986664,55.476301285317795,247135826.96583372,2729988.786250489,0.011046511627906977,0.8727248414810514
43-9111.00,Statistical Assistants,112455.41826923077,953.0120192307693,19.060240384615383,4.1850000000000005,74.61142857142856,5900.0,50.0,43,Office and Administrative Support Occupations,51440.0,24.73,51430.0,24.73,112455.41826923077,953.0120192307692,19.060240384615383,False,False,False,False,100.0,99.99999999999999,5900.0,50.0,303496000.0,2571500.0,0.00847457627118644,0.6695302084511189
45-1011.00,"First-Line Supervisors of Farming, Fishing, and Forestry Workers",988615.6641423077,4352.18545,33.478349615384616,3.924074074074074,88.49851851851852,29530.0,130.0,45,"Farming, Fishing, and Forestry Occupations",59330.0,28.53,57190.0,27.5,365237.9221835898,1607.8879066666666,23.222880461538463,False,False,False,False,36.94437944198051,36.9443794419805,10909.675249216845,48.02769327457466,647271032.5360354,2746703.778372925,0.004402302742973247,0.3478020114338016
45-2011.00,Agricultural Inspectors,670705.7886,6102.368630769231,55.476078461538464,4.264375,48.215625,12090.0,110.0,45,"Farming, Fishing, and Forestry Occupations",50990.0,24.51,51330.0,24.68,175200.7191,1594.0512076923078,50.247975000000004,False,False,False,False,26.121843896070406,26.121843896070413,3158.130927034912,28.734028285677446,161033095.96951017,1474917.6719038233,0.009098428453267164,0.7188173784694395
45-2021.00,Animal Breeders,29110.52701923077,319.7109903846154,16.82689423076923,3.9780952380952384,60.857619047619046,1730.0,19.0,45,"Farming, Fishing, and Forestry Occupations",52000.0,25.0,52000.0,25.0,8460.644180769232,92.92036961538462,8.40672,False,False,False,False,29.063864680910882,29.06386468091088,502.8048589797583,5.522134289373067,26145852.66694743,287150.9830473995,0.01098265895953757,0.867680189218155
45-2041.00,"Graders and Sorters, Agricultural Products",856949.0463653846,3508.1650576923075,31.892409615384615,4.434,79.6,26870.0,110.0,45,"Farming, Fishing, and Forestry Occupations",35430.0,17.03,42660.0,20.51,287130.1226653846,1175.4489576923077,10.685899615384615,False,False,False,False,33.50609045931052,33.50609045931052,9003.086506416737,36.85669950524157,318979354.922345,1572306.8008936055,0.004093784890212133,0.32342769280593686
45-2091.00,Agricultural Equipment Operators,1243667.4411,2411.7662076923075,40.19610346153846,4.152352941176471,64.75470588235294,30940.0,60.0,45,"Farming, Fishing, and Forestry Occupations",42580.0,20.47,42060.0,20.22,86589.7907,167.91814615384615,13.074253461538461,False,False,False,False,6.962455383041386,6.962455383041386,2154.1836955130047,4.177473229824831,91725141.75494374,175704.5240464324,0.0019392372333548805,0.15320859327194317
45-2092.00,"Farmworkers and Laborers, Crop, Nursery, and Greenhouse",9849089.54535,29356.4517,37.63647653846154,3.6076923076923078,60.689230769230775,261690.0,780.0,45,"Farming, Fishing, and Forestry Occupations",35690.0,17.16,33200.0,15.96,2330751.94935,6947.0997,9.670256923076924,False,False,False,False,23.664643707604483,23.664643707604483,61928.00611843017,184.584220919315,2210210538.3667727,6128196.134521257,0.0029806259314456036,0.23548305394107905
45-2093.00,"Farmworkers, Farm, Ranch, and Aquacultural Animals",458327.0076,2329.1603999999998,12.939779999999999,4.072631578947369,69.9042105263158,35420.0,180.0,45,"Farming, Fishing, and Forestry Occupations",36150.0,17.38,42120.0,20.25,45332.913661538456,230.3761846153846,1.7539865384615383,False,False,False,False,9.890954037145082,9.890954037145086,3503.3759199567885,17.80371726686115,126647039.5064379,749892.5712801917,0.005081874647092039,0.4014912938312187
45-4011.00,Forest and Conservation Workers,62362.700146153846,686.7650815384616,11.076856153846153,3.3182352941176467,54.188235294117646,5630.0,62.0,45,"Farming, Fishing, and Forestry Occupations",43680.0,21.0,43680.0,21.0,9316.6929,102.59946000000001,4.113018846153846,False,False,False,False,14.93952775964688,14.93952775964688,841.0954128681193,9.262507210981067,36739047.63407945,404586.314975653,0.011012433392539966,0.8700325053336387
45-4021.00,Fallers,399324.0179769231,4372.160780769231,97.15912846153847,4.198333333333334,82.89055555555555,4110.0,45.0,45,"Farming, Fishing, and Forestry Occupations",53900.0,25.92,53900.0,25.92,39538.258488461535,432.9006403846153,23.024639999999998,False,False,False,False,9.901297369682995,9.901297369682995,406.9433218939711,4.455583816357348,21934245.05008504,240155.96770166105,0.01094890510948905,0.8650134809915914
45-4022.00,Logging Equipment Operators,1034312.3838153846,11390.296233846153,45.928613846153844,3.968888888888889,78.44666666666666,22520.0,248.0,45,"Farming, Fishing, and Forestry Occupations",49210.0,23.66,49210.0,23.66,209052.22455384617,2302.1736984615386,11.856291923076922,False,False,False,False,20.211710487569693,20.211710487569693,4551.677201800695,50.12504200917284,223988035.1006122,2466653.317271395,0.011012433392539964,0.8700325053336386
45-4023.00,Log Graders and Scalers,195706.00843846155,2128.524563076923,59.12568230769231,4.275833333333334,64.65083333333334,3310.0,36.0,45,"Farming, Fishing, and Forestry Occupations",46710.0,22.46,46710.0,22.46,130560.9359923077,1419.9980953846155,46.03159153846154,False,False,False,False,66.7127887559782,66.7127887559782,2208.193307822878,24.01660395215215,103144709.40840663,1121815.5706050268,0.010876132930513595,0.8592641466768438
47-1011.00,First-Line Supervisors of Construction Trades and Extraction Workers,21333744.593107693,350675.01471153845,26.466038846153847,4.024666666666667,95.12466666666666,806080.0,13250.0,47,Construction and Extraction Occupations,78690.0,37.83,76080.0,36.58,3186842.1589200003,104769.15548615385,13.78924076923077,False,False,False,False,14.938034647464447,29.876424350430508,120412.5096862814,1979.2895907890393,9475260387.213484,150584352.0672301,0.03287553956599451,2.5973176893104704
47-1011.03,Solar Energy Installation Managers,11264566.200123077,185162.14538461537,13.974501538461539,3.8666666666666667,85.71933333333332,806080.0,13250.0,47,Construction and Extraction Occupations,78690.0,37.83,76080.0,36.58,482947.2974288462,15876.369040384616,4.9784788461538465,False,False,False,False,4.2873137664508505,8.57430605343577,34559.178808607016,568.0690740547377,2719461780.449286,43218695.154084444,0.03287391631531745,2.5971894450974973
47-2011.00,Boilermakers,215728.63335000002,2375.77256,21.212255,3.8823529411764706,82.10764705882353,10170.0,112.0,47,Construction and Extraction Occupations,73340.0,35.26,73340.0,35.26,49839.496087499996,548.8715400000001,8.936214903846153,False,False,False,False,23.102865536926647,23.102865536926654,2349.56142510544,25.875209401357843,172316834.91723296,1897687.8574955843,0.011012782694198626,0.8700601017590943
47-2021.00,Brickmasons and Blockmasons,2446317.0056307693,82732.3202576923,45.70846423076923,3.9378571428571427,89.02785714285713,53520.0,1810.0,47,Construction and Extraction Occupations,60800.0,29.23,56340.0,27.09,499073.4442153846,16878.231203846153,12.801593846153846,False,False,False,False,20.40101274964163,20.40101274964163,10918.6220236082,369.2583307685135,663852219.0353786,20804014.35549805,0.033819133034379674,2.6718658804370325
47-2022.00,Stonemasons,320578.1822115385,12090.377157692308,36.63750653846154,3.9741176470588235,80.62941176470588,8750.0,330.0,47,Construction and Extraction Occupations,51990.0,25.0,50630.0,24.34,2250.708653846153,84.8838692307692,0.2572238461538461,False,False,False,False,0.7020779263016059,0.702077926301606,61.43181855139051,2.3168571567952996,3193840.246486793,117302.47784854601,0.037714285714285714,2.9796007219527505
47-2031.00,Carpenters,36436207.4186077,733173.3197999999,52.220321923076924,3.8075862068965516,70.00586206896551,697740.0,14040.0,47,Construction and Extraction Occupations,59310.0,28.51,51720.0,24.86,7364946.264923077,148198.248,20.131238461538462,False,False,False,False,20.2132625393988,20.213262539398805,141036.0180424012,2837.942060531592,8364846230.094815,146778363.37069392,0.02012210852179895,1.5897384225429783
47-2041.00,Carpet Installers,457156.4365846154,10681.225153846153,30.517786153846156,4.1606250000000005,94.120625,14980.0,350.0,47,Construction and Extraction Occupations,49850.0,23.97,43270.0,20.81,125107.15236923078,2923.064307692308,10.562204615384616,False,False,False,False,27.366376661761084,27.366376661761084,4099.48322393181,95.7823183161638,204359238.71300074,4144500.9135404075,0.02336448598130841,1.8459010419914024
47-2042.00,"Floor Layers, Except Carpet, Wood, and Hard Tiles",492227.1082884615,5150.0623,19.80793192307692,3.919285714285714,88.86642857142859,24850.0,260.0,47,Construction and Extraction Occupations,54340.0,26.13,43930.0,21.12,62262.02863461537,651.4336999999998,3.0838807692307686,False,False,False,False,12.649045041649302,12.649045041649298,3143.2876928498513,32.887517108288186,170806253.22946092,1444748.6265671,0.010462776659959757,0.8266071144982021
47-2043.00,Floor Sanders and Finishers,54870.24316153847,609.6693684615385,13.253681923076925,4.3757142857142854,98.85142857142857,4140.0,46.0,47,Construction and Extraction Occupations,49150.0,23.63,49150.0,23.63,0.0,0.0,3.454294615384616,False,False,False,False,0.0,0.0,0.0,0.0,0.0,0.0,,
47-2044.00,Tile and Stone Setters,2043779.9709,102874.83075,52.756323461538464,4.0856,82.2688,38740.0,1950.0,47,Construction and Extraction Occupations,52240.0,25.11,48790.0,23.46,192317.44390000004,9680.40825,7.459883461538462,False,True,True,False,9.40988984324526,9.409889843245258,3645.3913252732136,183.49285194328257,190435242.83227268,8952616.246312756,0.05033557046979865,3.9767398287197318
47-2051.00,Cement Masons and Concrete Finishers,7562715.1595653845,210044.7128076923,36.84994961538462,3.506153846153846,76.86999999999999,205230.0,5700.0,47,Construction and Extraction Occupations,54660.0,26.28,55540.0,26.7,0.0,0.0,4.467445769230769,False,False,False,False,0.0,0.0,0.0,0.0,0.0,0.0,,
47-2053.00,Terrazzo Workers and Finishers,46764.425153846154,516.021243076923,32.25132769230769,3.7911538461538465,79.07538461538462,1450.0,16.0,47,Construction and Extraction Occupations,57260.0,27.53,57260.0,27.53,2926.3002115384616,32.29020923076923,6.097018461538461,False,False,False,False,6.257534871671115,6.257534871671115,90.73425563923118,1.0012055794673784,5195443.477902377,57329.03148030209,0.011034482758620689,0.8717745059004912
47-2061.00,Construction Laborers,49743555.551053844,1045514.8534499999,47.03170730769231,3.6237037037037036,55.64888888888889,1057660.0,22230.0,47,Construction and Extraction Occupations,46730.0,22.47,46100.0,22.16,537471.0822000001,11296.6191,11.263110384615384,False,False,False,False,1.0804838460901163,1.080483846090116,11427.845446556723,240.19155898583284,534023217.71759564,11072830.869246894,0.02101809655276743,1.660525566813974
47-2071.00,"Paving, Surfacing, and Tamping Equipment Operators",2486537.126,29394.2655,54.433825,3.6915,74.20750000000001,45680.0,540.0,47,Construction and Extraction Occupations,51650.0,24.83,47890.0,23.02,0.0,0.0,8.951925,False,False,False,False,0.0,0.0,0.0,0.0,0.0,0.0,,
47-2072.00,Pile Driver Operators,63741.94363076922,691.9355723076923,20.967744615384614,4.516,97.92999999999999,3040.0,33.0,47,Construction and Extraction Occupations,70510.0,33.9,70510.0,33.9,21247.50356923077,230.64724269230769,6.989310384615385,False,True,True,False,33.333629881618904,33.333629881618904,1013.3423484012147,11.000097860934238,71450768.98576964,775616.9001744731,0.010855263157894738,0.8576153393778477
47-2073.00,Operating Engineers and Other Construction Equipment Operators,26309389.178419232,354327.65701538464,56.06450269230769,4.098076923076923,75.92769230769231,469270.0,6320.0,47,Construction and Extraction Occupations,58710.0,28.23,59760.0,28.73,4029515.182296154,54268.40827692308,10.866396538461538,False,False,False,False,15.315882687240185,15.315882687240185,71872.84268641201,967.9637858335798,4219654594.1192493,57845515.84141473,0.013467726468770643,1.0640118657798419
47-2081.00,Drywall and Ceiling Tile Installers,3987861.870269231,88031.20895769232,48.10448576923077,3.566153846153846,81.29307692307692,82900.0,1830.0,47,Construction and Extraction Occupations,58140.0,27.95,50860.0,24.45,917767.4388076924,20259.522473076926,14.65739576923077,False,False,False,False,23.01402276869062,23.01402276869062,19078.624875244524,421.15661666703835,1109231250.2467167,21420025.52368557,0.02207478890229192,1.7440090858013826
47-2082.00,Tapers,538785.7211538461,17241.143076923076,43.102857692307694,4.016875,94.646875,12500.0,400.0,47,Construction and Extraction Occupations,64700.0,31.11,54580.0,26.24,0.0,0.0,0.0,False,False,False,False,0.0,0.0,0.0,0.0,0.0,0.0,,
47-2111.00,Electricians,37731727.338130765,577220.531876923,50.81166653846154,4.097619047619047,92.97857142857143,742580.0,11360.0,47,Construction and Extraction Occupations,62350.0,29.98,61430.0,29.53,16540937.226330765,253043.50627692306,25.608549230769228,False,False,False,False,43.838271908678024,43.83827190867803,325534.23953946127,4980.027688825824,20297059835.28541,305923100.9245704,0.015298015028683781,1.2086130165430742
47-2121.00,Glaziers,1609170.135,20890.9807,28.231055,3.8777777777777778,81.92629629629629,57000.0,740.0,47,Construction and Extraction Occupations,55440.0,26.65,50640.0,24.35,301210.3176923077,3910.449738461539,9.127597307692309,False,False,False,False,18.718363654711233,18.718363654711233,10669.467283185404,138.51589104486314,591515266.1797988,7014444.722511869,0.012982456140350878,1.0256732947710825
47-2131.00,"Insulation Workers, Floor, Ceiling, and Wall",982334.4943499999,8904.871096153845,25.442488846153847,3.754,84.46900000000001,38610.0,350.0,47,Construction and Extraction Occupations,48680.0,23.41,48330.0,23.23,216358.69365,1961.293519230769,7.427906153846154,False,False,False,False,22.02495126603105,22.024951266031046,8503.833683814588,77.08732943110867,413966623.72809416,3725630.631405482,0.009065009065009065,0.7161770942510025
47-2132.00,"Insulation Workers, Mechanical",925927.0146923077,12639.409326923078,36.11259807692308,4.32,95.58777777777777,25640.0,350.0,47,Construction and Extraction Occupations,57250.0,27.52,45800.0,22.02,225288.424,3075.31,10.554392692307692,False,False,False,False,24.331121181820684,24.331121181820684,6238.499471018823,85.15892413637239,357154094.71582764,3900278.7254458554,0.013650546021840874,1.0784554449700159
47-2141.00,"Painters, Construction and Maintenance",5070780.792084616,75774.44755769231,22.619238076923075,3.7915789473684205,83.41947368421053,224180.0,3350.0,47,Construction and Extraction Occupations,48660.0,23.4,45900.0,22.07,240176.10523076923,3589.0353846153844,3.449241153846154,False,False,False,False,4.736471858647078,4.736471858647078,10618.222612715019,158.6718072646771,516682712.3347128,7283035.953448679,0.014943349094477651,1.1805927888336483
47-2142.00,Paperhangers,80791.51236923077,903.5892830769232,53.15231076923077,4.074,77.949,1520.0,17.0,47,Construction and Extraction Occupations,48260.0,23.2,48260.0,23.2,6526.772430769231,72.99679692307693,12.819873846153847,False,False,False,False,8.078537261365755,8.078537261365755,122.79376637275948,1.3733513344321784,5926027.165149372,66277.93539969693,0.011184210526315791,0.8836036829953583
47-2151.00,Pipelayers,1206918.9409153846,25518.536273076923,35.941600384615384,4.226428571428571,95.25071428571428,33580.0,710.0,47,Construction and Extraction Occupations,48710.0,23.42,51180.0,24.61,111633.13243846153,2360.3193576923077,3.3243934615384614,False,False,False,False,9.249430815444297,9.249430815444297,3105.9588678261953,65.67095878965452,151291256.45181397,3361039.670854518,0.021143537820131033,1.6704359995245606
47-2152.00,"Plumbers, Pipefitters, and Steamfitters",21044260.370907694,312474.5420692308,46.155766923076925,3.7613333333333334,83.83933333333333,455940.0,6770.0,47,Construction and Extraction Occupations,62970.0,30.27,61680.0,29.65,2254357.276546154,66947.39993076923,12.579623461538462,False,False,False,False,10.712456683261031,21.424913366522063,48842.375001660344,725.2333174567717,3075604353.854552,44732391.02073368,0.029696889941658984,2.346189859732687
47-2152.04,Solar Thermal Installers and Technicians,8654437.034584615,128504.93206153846,18.981526153846154,4.198095238095238,84.58809523809524,455940.0,6770.0,47,Construction and Extraction Occupations,62970.0,30.27,61680.0,29.65,1179121.8658153848,35016.25227692308,6.116284230769231,True,False,True,False,13.624477953949071,27.248955907898143,62119.4447832354,922.3771574823522,3911661438.000333,56892223.07351149,0.029696889941658988,2.3461898597326876
47-2161.00,Plasterers and Stucco Masons,317491.2335076923,18246.622615384615,15.205518846153847,3.948,80.27066666666666,20880.0,1200.0,47,Construction and Extraction Occupations,56020.0,26.93,53170.0,25.56,0.0,0.0,0.5322107692307692,False,False,False,False,0.0,0.0,0.0,0.0,0.0,0.0,,
47-2171.00,Reinforcing Iron and Rebar Workers,371916.15353846154,7364.676307692307,26.302415384615387,4.022857142857143,97.61571428571428,14140.0,280.0,47,Construction and Extraction Occupations,59280.0,28.5,49990.0,24.04,0.0,0.0,5.76105,False,False,False,False,0.0,0.0,0.0,0.0,0.0,0.0,,
47-2181.00,Roofers,3311164.411823077,71192.2142076923,24.215038846153845,3.8714814814814815,81.03407407407407,136740.0,2940.0,47,Construction and Extraction Occupations,50970.0,24.510000000000005,49800.0,23.94,0.0,0.0,0.9777457692307692,False,False,False,False,0.0,0.0,0.0,0.0,0.0,0.0,,
47-2211.00,Sheet Metal Workers,3517478.9841730767,55994.60032692308,29.943636538461536,3.82,80.26263157894736,117470.0,1870.0,47,Construction and Extraction Occupations,60850.0,29.26,60490.0,29.08,293213.4784423077,4667.653057692309,11.441487692307692,False,False,False,False,8.335898516000348,8.33589851600035,9792.179986745608,155.8813022492065,595854152.1934702,9429259.9730545,0.01591895803183792,1.2576703481469647
47-2221.00,Structural Iron and Steel Workers,3669836.630092308,68043.94246153846,56.703285384615384,3.9457894736842105,81.87052631578948,64720.0,1200.0,47,Construction and Extraction Occupations,62700.0,30.14,47840.0,23.0,555294.0404,10295.934000000001,17.370911923076925,False,False,False,False,15.131301373108608,15.131301373108608,9792.97824867589,181.5756164773033,614019736.1919783,8686577.49227419,0.018541409147095178,1.4648559566853898
47-2231.00,Solar Photovoltaic Installers,1161272.5495538462,22174.228315384615,41.06338576923077,4.242692307692308,93.41269230769231,28280.0,540.0,47,Construction and Extraction Occupations,51860.0,24.93,47960.0,23.06,348856.40224615386,6661.331584615385,18.143375384615386,False,False,False,False,30.040872177696986,30.040872177696993,8495.558651852707,162.22070975956373,440579671.68508136,7780105.240068677,0.019094766619519095,1.508573722860866
47-3011.00,"Helpers--Brickmasons, Blockmasons, Stonemasons, and Tile and Marble Setters",857437.0213153847,20806.262330769234,54.753321923076925,3.9833333333333334,88.44533333333334,15660.0,380.0,47,Construction and Extraction Occupations,46480.0,22.35,48090.0,23.12,45791.38793076923,1111.1575615384616,13.64264653846154,False,False,False,False,5.340495778981082,5.340495778981081,836.3216389884375,20.293883960128113,38872229.78018258,975932.879642561,0.024265644955300127,1.9170967143645063
47-3012.00,Helpers--Carpenters,839415.277376923,21147.39829230769,34.10870692307692,3.6566666666666663,86.01666666666667,24610.0,620.0,47,Construction and Extraction Occupations,41600.0,20.0,43090.0,20.72,56039.64870384614,1411.8074846153843,2.5416280769230766,False,False,False,False,6.676033926730956,6.676033926730956,1642.9719493684884,41.39141034573193,68347633.09372912,1783555.8717975887,0.02519301097114994,1.9903628626689904
47-3013.00,Helpers--Electricians,3448048.1341846157,16587.44446923077,53.507885384615385,3.6608,81.1696,64440.0,310.0,47,Construction and Extraction Occupations,39890.0,19.18,42120.0,20.25,415306.95189230767,1997.9074346153843,22.899644615384616,False,False,False,False,12.044697049756186,12.044697049756186,7761.602778862886,37.33856085424418,309610334.84884053,1572700.1831807648,0.004810676598386095,0.38006541007358663
47-3014.00,"Helpers--Painters, Paperhangers, Plasterers, and Stucco Masons",143089.16734615384,2972.7666346153846,19.81844423076923,3.53,66.43454545454546,7220.0,150.0,47,Construction and Extraction Occupations,38140.0,18.34,40620.0,19.53,5333.736123076924,110.81169230769231,2.0091615384615387,False,False,False,False,3.7275610879570134,3.7275610879570134,269.12991055049633,5.59134163193552,10264614.78839593,227120.2970892208,0.02077562326869806,1.6413690705796127
47-3015.00,"Helpers--Pipelayers, Plumbers, Pipefitters, and Steamfitters",1232517.5040307692,6778.281415384616,28.24283923076923,3.7386666666666666,80.97733333333333,43640.0,240.0,47,Construction and Extraction Occupations,39270.0,18.88,44810.0,21.55,148875.7787076923,818.7485538461539,4.630531153846154,False,False,False,False,12.078999139632154,12.078999139632153,5271.275224535472,28.98959793511717,207002978.06750798,1299023.8834726005,0.005499541704857928,0.4344888978766197
47-3016.00,Helpers--Roofers,197015.98378846154,2172.129801923077,38.10754038461538,3.9838888888888895,88.50944444444445,5170.0,57.0,47,Construction and Extraction Occupations,40590.0,19.51,40590.0,19.51,0.0,0.0,6.315148461538462,False,False,False,False,0.0,0.0,0.0,0.0,0.0,0.0,,
47-4011.00,Construction and Building Inspectors,3201034.0983653846,29395.109423076923,23.329451923076924,3.5678947368421055,71.14894736842105,137210.0,1260.0,47,Construction and Extraction Occupations,72120.0,34.67,71040.0,34.15,950426.5974115385,17455.542784615383,16.683723846153846,False,False,False,False,29.691236275704654,59.38247255140931,40739.34529389435,374.1095770738786,2938121582.5956607,26576744.355328336,0.018366008308432328,1.450998489796842
47-4011.01,Energy Auditors,2540406.314392308,23328.56173846154,18.51473153846154,3.965238095238095,91.86571428571429,137210.0,1260.0,47,Construction and Extraction Occupations,72120.0,34.67,71040.0,34.15,1021917.0181653847,18768.536446153845,16.22557653846154,True,False,True,False,40.22651858389189,80.45303716778376,55194.80614895806,506.8541341570378,3980649419.4628553,36006917.690515965,0.018366008308432328,1.450998489796842
47-4021.00,Elevator and Escalator Installers and Repairers,684034.0786384615,6740.695719230769,29.30737269230769,4.3185,82.471,23340.0,230.0,47,Construction and Extraction Occupations,106580.0,51.24,78680.0,37.83,148864.84502307692,1466.9629115384614,13.075545769230768,False,True,True,False,21.76278195369821,21.76278195369821,5079.433307993162,50.05439849350588,541366001.9659113,3938280.0734690423,0.009854327335047128,0.7785368405040002
47-4031.00,Fence Erectors,862436.2827076924,9485.27537076923,38.09347538461539,4.0375,92.57000000000001,22640.0,249.0,47,Construction and Extraction Occupations,46940.0,22.57,57430.0,27.610000000000003,110442.19547692308,1214.6690226923074,6.906750769230769,False,False,False,False,12.8058382620662,12.805838262066196,2899.241782531788,31.88653727254484,136090409.27204213,1831243.83556225,0.0109982332155477,0.8689106265331612
47-4041.00,Hazardous Materials Removal Workers,1441134.0961,6269.517523076923,28.497806923076922,4.027142857142858,63.49428571428571,50570.0,220.0,47,Construction and Extraction Occupations,48490.0,23.31,45740.0,21.99,226187.18145,984.0059307692308,6.767296153846154,False,False,False,False,15.695082231563893,15.695082231563893,7937.00308450186,34.52918090944056,384865279.56749517,1579364.7347978114,0.004350405378683014,0.3437018827643078
47-4051.00,Highway Maintenance Workers,2088216.6333653845,16513.080461538462,13.760900384615384,3.896315789473684,67.97105263157896,151750.0,1200.0,47,Construction and Extraction Occupations,49070.0,23.59,52470.0,25.23,0.0,0.0,0.4450384615384615,False,False,False,False,0.0,0.0,0.0,0.0,0.0,0.0,,
47-4061.00,Rail-Track Laying and Maintenance Equipment Operators,405040.1156923077,2703.5444615384613,24.577676923076922,3.821923076923077,70.86884615384615,16480.0,110.0,47,Construction and Extraction Occupations,67370.0,32.39,61520.0,29.58,15411.487507692309,102.86793846153847,0.935163076923077,False,False,False,False,3.8049286751141906,3.8049286751141915,627.0522456588186,4.18542154262561,42244509.79003461,257487.13330232754,0.0066747572815533986,0.5273362928213303
47-4071.00,Septic Tank Servicers and Sewer Pipe Cleaners,1180427.4764423077,11377.614230769232,40.63433653846154,3.630909090909091,63.61181818181819,29050.0,280.0,47,Construction and Extraction Occupations,49140.0,23.62,48720.0,23.42,155551.63278846155,1499.292846153846,12.646826923076924,False,False,False,False,13.177567948289282,13.177567948289278,3828.0834889780363,36.89719025520999,188112022.6483807,1797631.1092338308,0.009638554216867469,0.761489779250429
47-4091.00,Segmental Pavers,310780.35569807695,3429.4283211538464,18.537450384615386,3.97,85.365,16765.0,185.0,47,Construction and Extraction Occupations,48120.0,23.14,48120.0,23.14,29264.364984615382,322.9291692307692,1.745563076923077,False,False,False,False,9.416414019760538,9.416414019760538,1578.6618104128543,17.420365936556994,75965206.31706655,838268.0088671226,0.01103489412466448,0.871807005695671
47-4099.03,Weatherization Installers and Technicians,325117.2549557692,3587.6344865384613,19.392618846153844,4.022,94.09,16765.0,185.0,47,Construction and Extraction Occupations,48120.0,23.14,48120.0,23.14,137162.24138076924,1513.5708115384614,9.737918076923076,False,False,False,False,42.18854560623968,42.18854560623967,7072.909670886082,78.0488093715434,340348413.36303824,3755708.7069586683,0.011034894124664478,0.8718070056956709
47-5011.00,"Derrick Operators, Oil and Gas",367819.97723076923,4064.677284615385,33.317026923076924,4.221333333333333,90.29133333333333,11040.0,122.0,47,Construction and Extraction Occupations,62740.0,30.16,62740.0,30.16,26707.564615384617,295.13794230769236,14.54029923076923,False,False,False,False,7.26104243071832,7.26104243071832,801.6190843513026,8.85847176547635,50293581.352200724,555780.5185659862,0.011050724637681161,0.8730576884839047
47-5012.00,"Rotary Drill Operators, Oil and Gas",831995.9040884615,12711.931307692308,63.55965653846154,4.1705,79.6965,13090.0,200.0,47,Construction and Extraction Occupations,65010.0,31.26,68660.0,33.01,155530.72801538464,2376.3289230769233,25.648963846153848,False,False,False,False,18.693689145715783,18.693689145715783,2447.003909174196,37.38737829143157,159079724.13541448,2567017.3934896914,0.015278838808250572,1.2070980075971278
47-5013.00,"Service Unit Operators, Oil and Gas",661144.4955846153,19480.6855,14.98514269230769,4.003684210526315,71.01947368421052,44120.0,1300.0,47,Construction and Extraction Occupations,57980.0,27.880000000000003,55570.0,26.72,130363.0100153846,3841.158499999999,7.699122692307691,False,True,True,False,19.717778925182074,19.71777892518207,8699.484061790332,256.33112602736696,504396085.90260345,14244320.673340783,0.029465095194922936,2.32787701669088
47-5022.00,"Excavating and Loading Machine and Dragline Operators, Surface Mining",1610321.7649115385,30596.58425,47.071668076923075,4.019375,75.551875,34210.0,650.0,47,Construction and Extraction Occupations,52550.0,25.26,52240.0,25.12,35852.46815192309,681.2073750000002,3.6549561538461544,True,True,True,True,2.226416417708458,2.2264164177084576,761.6570564980634,14.471706715104977,40025078.318973236,756001.958797084,0.01900029231218942,1.5011098213446599
47-5023.00,"Earth Drillers, Except Oil and Gas",1223958.998523077,35151.03384615385,70.30206769230769,3.988571428571429,66.76142857142857,17410.0,500.0,47,Construction and Extraction Occupations,59600.0,28.65,57850.0,27.81,179962.49917764423,4755.237781033654,22.91452094017094,True,False,True,False,14.70331109087811,13.52801684822696,2559.846460921879,73.51655545439054,152566849.07094398,4252932.733036493,0.02642349268743858,2.0875765349092292
47-5032.00,"Explosives Workers, Ordnance Handling Experts, and Blasters",251987.79307692306,2794.9350288461537,44.364048076923076,4.2704545454545455,81.08727272727273,5680.0,63.0,47,Construction and Extraction Occupations,59110.0,28.42,59110.0,28.42,179962.49917764423,4755.237781033654,22.91452094017094,True,True,True,True,71.41714960879393,170.13768591954644,4056.494097779496,44.99280425354018,239779366.119746,2659524.65942676,0.02642349268743858,2.0875765349092292
47-5041.00,Continuous Mining Machine Operators,1353177.1126153846,132109.34153846154,94.36381538461538,4.36,74.68533333333333,14340.0,1400.0,47,Construction and Extraction Occupations,63380.0,30.469999999999995,67870.0,32.63,337599.87468461535,32959.54146153846,39.546781153846155,False,False,False,False,24.94868347515214,24.94868347515214,3577.6412103368166,349.2815686521299,226750899.91114745,23705740.06442006,0.09762900976290098,7.713137408376906
47-5043.00,"Roof Bolters, Mining",240507.62536153846,2696.2738269230767,107.85095307692308,4.787857142857143,97.00285714285714,2230.0,25.0,47,Construction and Extraction Occupations,76640.0,36.85,76640.0,36.85,20501.278569230763,229.83496153846147,40.458346538461534,True,False,True,False,8.524169883766724,8.524169883766726,190.08898840799796,2.131042470941681,14568420.071588963,163323.09497297043,0.011210762331838566,0.8857013968299555
47-5044.00,"Loading and Moving Machine Operators, Underground Mining",864376.6587307692,9588.517584615385,141.00761153846153,4.0312,68.3156,6130.0,68.0,47,Construction and Extraction Occupations,68860.0,33.11,68860.0,33.11,199584.10011538462,2213.9834923076924,54.85673153846154,True,True,True,True,23.089945580951866,23.089945580951863,1415.4136641123496,15.701162995047268,97465384.91077639,1081182.0838389548,0.011092985318107667,0.8763964751405836
47-5051.00,"Rock Splitters, Quarry",66773.93089230769,737.1148215384616,21.679847692307693,3.678888888888889,69.92444444444443,3080.0,34.0,47,Construction and Extraction Occupations,47460.0,22.82,47460.0,22.82,0.0,0.0,0.8417715384615385,False,False,False,False,0.0,0.0,0.0,0.0,0.0,0.0,,
47-5071.00,"Roustabouts, Oil and Gas",386379.70456153847,4091.380061538461,8.523708461538462,3.366153846153846,69.2476923076923,45330.0,480.0,47,Construction and Extraction Occupations,47510.0,22.84,47680.0,22.93,20831.66301923077,220.58676923076925,1.8228257692307692,False,False,False,False,5.391500322945385,5.391500322945386,2443.967096391143,25.879201550137847,116112876.7495432,1233920.3299105726,0.010589013898080741,0.8365804325319076
47-5081.00,Helpers--Extraction Workers,155266.09107692307,5083.116076923077,23.105073076923077,3.850714285714286,69.4042857142857,6720.0,220.0,47,Construction and Extraction Occupations,48400.0,23.27,54100.0,26.01,0.0,0.0,3.353880769230769,False,False,False,False,0.0,0.0,0.0,0.0,0.0,0.0,,
49-1011.00,"First-Line Supervisors of Mechanics, Installers, and Repairers",17087454.08903077,182344.31096538462,28.446850384615384,3.6427272727272726,76.7390909090909,600680.0,6410.0,49,"Installation, Maintenance, and Repair Occupations",78300.0,37.64,77380.0,37.2,6785226.525707692,72406.77570384616,17.54797269230769,False,False,False,False,39.708820812946286,39.70882081294629,238522.94485920575,2545.335414109857,18676346582.47581,196958054.34382075,0.010671239262169542,0.8430766116205922
49-2011.00,"Computer, Automated Teller, and Office Machine Repairers",4512823.693430769,50066.938661538465,61.81103538461539,3.9248000000000003,84.258,73010.0,810.0,49,"Installation, Maintenance, and Repair Occupations",46860.0,22.53,45310.0,21.78,2327305.679946154,25819.991792307694,36.68478961538462,False,False,False,False,51.5709417882637,51.5709417882637,37651.94459961133,417.724628484936,1764370123.9377868,18927102.91665245,0.011094370634159705,0.8765059214321044
49-2021.00,"Radio, Cellular, and Tower Equipment Installers and Repairers",107589.75807692307,377.5079230769231,9.437698076923077,4.0616666666666665,73.3111111111111,11400.0,40.0,49,"Installation, Maintenance, and Repair Occupations",64190.0,30.86,86040.0,41.36,67745.90985314685,237.70494685314685,9.175982097902098,False,False,False,False,62.96687627525921,62.96687627525921,7178.22389537955,25.186750510103685,460770191.84441334,2167068.013889321,0.0035087719298245615,0.27720899858677905
49-2022.00,"Telecommunications Equipment Installers and Repairers, Except Line Installers",8730161.58833077,127074.93636923078,56.72988230769231,3.7279487179487174,73.48769230769231,153890.0,2240.0,49,"Installation, Maintenance, and Repair Occupations",62630.0,30.11,62380.0,29.99,3824058.7178115384,55662.43113846154,40.80352923076923,False,False,False,False,43.80284006338431,43.802840063384316,67408.1905735421,981.1836174198086,4221774975.6209416,61206234.05464766,0.014555851582299046,1.149978716601467
49-2091.00,Avionics Technicians,745593.2397692308,7848.349892307693,35.674317692307696,4.015384615384615,84.2023076923077,20900.0,220.0,49,"Installation, Maintenance, and Repair Occupations",81390.0,39.13,59510.0,28.61,375880.75250000006,3956.6395,28.461431923076926,False,False,False,False,50.41364814631892,50.41364814631892,10536.452462580653,110.91002592190162,857561865.9294394,6600255.642612365,0.010526315789473684,0.831626995760337
49-2092.00,"Electric Motor, Power Tool, and Related Repairers",1089172.2933461538,3943.894846153846,65.73158076923077,3.843225806451613,64.76290322580645,16570.0,60.0,49,"Installation, Maintenance, and Repair Occupations",53990.0,25.96,41460.0,19.93,288893.68641153845,1046.0845615384615,27.67187,False,False,False,False,26.524149409272944,26.524149409272944,4395.051557116527,15.914489645563767,237288833.5687213,659814.7407050738,0.003621001810500905,0.28607567144441287
49-2093.00,"Electrical and Electronics Installers and Repairers, Transportation Equipment",182951.07841923076,2027.228091923077,25.02750730769231,3.6473333333333335,73.70466666666667,7310.0,81.0,49,"Installation, Maintenance, and Repair Occupations",82730.0,39.77,82730.0,39.77,81521.79476923076,903.3194769230769,17.61879923076923,False,False,False,False,44.559340930707336,44.55934093070733,3257.2878220347066,36.09306615387294,269475421.5169313,2985979.3629099084,0.011080711354309165,0.8754267759748008
49-2094.00,"Electrical and Electronics Repairers, Commercial and Industrial Equipment",1452773.307676923,18889.2012,24.216924615384617,3.9085,85.8235,59990.0,780.0,49,"Installation, Maintenance, and Repair Occupations",71300.0,34.28,70970.0,34.12,733632.1076,9538.8072,16.0481,False,False,False,False,50.49873257742631,50.498732577426296,30294.18967319804,393.8901141039252,2159975723.6990204,27954381.397955574,0.013002167027837972,1.0272305448548253
49-2095.00,"Electrical and Electronics Repairers, Powerhouse, Substation, and Relay",308833.5832615385,1072.3388307692308,13.404235384615385,4.051333333333333,74.32,23040.0,80.0,49,"Installation, Maintenance, and Repair Occupations",100940.0,48.53,104730.0,50.35,282017.29181538464,979.2267076923076,12.675956153846153,False,False,False,False,91.31691211721486,91.31691211721484,21039.416551806302,73.05352969377189,2123718706.7393281,7650896.164828731,0.0034722222222222216,0.27432140485150003
49-2096.00,"Electronic Equipment Installers and Repairers, Motor Vehicles",314098.0284,3469.3273353846153,30.976136923076922,4.1875,88.47583333333334,10140.0,112.0,49,"Installation, Maintenance, and Repair Occupations",47940.0,23.05,47940.0,23.05,179759.4552,1985.5087753846153,20.29587076923077,False,False,False,False,57.23036725689934,57.23036725689934,5803.159239849594,64.09801132772726,278203453.9583895,3072858.663051245,0.011045364891518738,0.8726342440719908
49-2097.00,Audiovisual Equipment Installers and Repairers,701724.8058923077,12027.759415384615,31.65199846153846,3.956363636363636,84.09181818181818,22170.0,380.0,49,"Installation, Maintenance, and Repair Occupations",50620.0,24.34,53600.0,25.77,409734.9402692308,7022.971461538462,24.818600384615387,False,True,True,False,58.389690207433254,58.389690207433254,12944.994318987952,221.88082278824638,655275612.4271702,11892812.101450006,0.017140279657194408,1.3541603313914377
49-2098.00,Security and Fire Alarm Systems Installers,1460720.646,14874.225692307691,17.920753846153847,4.16375,89.683125,81510.0,830.0,49,"Installation, Maintenance, and Repair Occupations",59300.0,28.51,58860.0,28.3,390549.45930000005,3976.8869000000004,9.124907692307692,False,False,False,False,26.73676588124298,26.73676588124298,21793.137869801154,221.91515681431673,1292333075.6792085,13061926.130090684,0.010182799656483867,0.8044876532413517
49-3011.00,Aircraft Mechanics and Service Technicians,5847270.848253846,86172.11236153846,42.87169769230769,4.170263157894737,78.09342105263158,136390.0,2010.0,49,"Installation, Maintenance, and Repair Occupations",78680.0,37.83,65980.0,31.72,1286198.774373077,18954.90531923077,17.17953384615385,False,False,False,False,21.996565709918688,21.996565709918688,30001.1159717581,442.1309707693656,2360487804.657927,29171801.451362744,0.014737150817508614,1.16430218374101
49-3021.00,Automotive Body and Related Repairers,7878710.1318,82736.10046923076,50.75834384615384,4.0612,82.7148,155220.0,1630.0,49,"Installation, Maintenance, and Repair Occupations",51680.0,24.85,51080.0,24.56,558120.0765,5860.943980769231,10.68878423076923,False,False,False,False,7.083901643332697,7.083901643332699,10995.632130781012,115.46759678632297,568254268.5187627,5898084.843845378,0.010501224069063265,0.8296446353143165
49-3022.00,Automotive Glass Installers and Repairers,1055640.386346154,5573.602884615385,55.73602884615385,4.234444444444445,91.01333333333334,18940.0,100.0,49,"Installation, Maintenance, and Repair Occupations",47260.0,22.72,39300.0,18.89,0.0,0.0,4.4354000000000005,False,False,False,False,0.0,0.0,0.0,0.0,0.0,0.0,,
49-3023.00,Automotive Service Technicians and Mechanics,38230869.30709231,494508.22473461536,55.50036192307692,4.033571428571428,85.28571428571429,688840.0,8910.0,49,"Installation, Maintenance, and Repair Occupations",49670.0,23.88,46990.0,22.59,19043496.84036923,246323.61193846152,33.31153,False,False,False,False,49.8118331743935,49.811833174393506,343123.8316384922,4438.2343358384605,17042960717.483906,208552631.44104925,0.012934788920504037,1.0219073668215222
49-3031.00,Bus and Truck Mechanics and Diesel Engine Specialists,8010950.091315385,81718.77508461538,27.890366923076922,3.9396153846153843,87.04923076923077,287230.0,2930.0,49,"Installation, Maintenance, and Repair Occupations",60640.0,29.15,62970.0,30.28,1971836.3804076924,20114.47479230769,18.028385769230766,False,False,False,False,24.614263700698203,24.614263700698203,70699.54962751544,721.1979264304573,4287220689.4125366,45413833.4273259,0.01020088430874212,0.8059164233189074
49-3041.00,Farm Equipment Mechanics and Service Technicians,893917.5254153846,4362.938030769231,24.238544615384615,3.880714285714286,88.18142857142857,36880.0,180.0,49,"Installation, Maintenance, and Repair Occupations",52080.0,25.04,57100.0,27.45,226229.33855384614,1104.1562076923076,12.065547692307693,False,False,False,False,25.307629856425756,25.307629856425752,9333.45389104982,45.553733741566354,486086278.6458746,2601118.1966434387,0.004880694143167028,0.3855971157131715
49-3042.00,"Mobile Heavy Equipment Mechanics, Except Engines",5722558.273246154,66663.18507692308,31.74437384615385,4.0255,93.2355,180270.0,2100.0,49,"Installation, Maintenance, and Repair Occupations",63980.0,30.76,63890.0,30.72,1630996.6384038462,18999.79442307692,13.260741153846155,False,False,False,False,28.50118007585887,28.501180075858862,51379.07732275078,598.5247815930362,3287233367.109595,38239748.29597908,0.01164919287735064,0.9203394111842638
49-3043.00,Rail Car Repairers,544791.2393076923,2381.6010461538463,29.770013076923075,3.626,66.7525,18300.0,80.0,49,"Installation, Maintenance, and Repair Occupations",65680.0,31.579999999999995,75280.0,36.19,67371.9426923077,294.5221538461538,12.627626923076923,False,False,False,False,12.366561323181767,12.366561323181763,2263.0807221422633,9.893249058545415,148639141.83030385,744763.7891272989,0.004371584699453551,0.3453751457802492
49-3051.00,Motorboat Mechanics and Service Technicians,639305.8465384615,1581.7876615384616,26.363127692307692,3.94,96.42307692307692,24250.0,60.0,49,"Installation, Maintenance, and Repair Occupations",54950.0,26.42,45290.0,21.77,78543.33432692308,194.3340230769231,11.106741153846155,False,False,False,False,12.285721263491967,12.285721263491965,2979.287406396802,7.371432758095179,163711842.98150426,333852.18961413065,0.0024742268041237116,0.19547521137459473
49-3052.00,Motorcycle Mechanics,416697.67336153844,7138.289907692308,29.742874615384615,4.368461538461538,94.06692307692308,14010.0,240.0,49,"Installation, Maintenance, and Repair Occupations",47200.0,22.69,42120.0,20.25,45402.648853846156,777.7755692307693,11.169898846153846,False,False,False,False,10.89582490047972,10.89582490047972,1526.505068557209,26.14997976115133,72051039.23590027,1101437.1475396939,0.017130620985010708,1.353397252200977
49-3053.00,Outdoor Power Equipment and Other Small Engine Mechanics,947052.3380923077,9957.325984615383,27.659238846153844,4.331428571428572,96.92928571428571,34240.0,360.0,49,"Installation, Maintenance, and Repair Occupations",46560.0,22.38,44140.0,21.22,317729.3820307692,3340.612661538461,14.444276923076922,False,False,False,False,33.54929492817541,33.549294928175414,11487.27858340726,120.77746174143147,534847690.843442,5331117.161266785,0.010514018691588784,0.8306554688961311
49-3091.00,Bicycle Repairers,367066.65548076923,12536.827788461538,29.155413461538462,4.272142857142857,93.72357142857143,12590.0,430.0,49,"Installation, Maintenance, and Repair Occupations",40360.0,19.4,43760.0,21.04,93877.52384999998,3206.3014499999995,10.352514999999999,False,False,False,False,25.575061762840583,25.575061762840583,3219.90027594163,109.97276558021451,129955175.13700418,4812408.221790187,0.03415409054805401,2.698329052963445
49-3092.00,Recreational Vehicle Service Technicians,571291.650926923,8244.187373076922,30.534027307692305,3.9035294117647057,90.65176470588234,18710.0,270.0,49,"Installation, Maintenance, and Repair Occupations",50540.0,24.3,51300.0,24.66,185800.13714230768,2681.2419576923076,19.342946538461536,False,False,False,False,32.52281682059351,32.52281682059351,6085.019027133047,87.81160541560249,307536861.6313042,4504735.3578204075,0.014430785676109033,1.1400979391369668
49-3093.00,Tire Repairers and Changers,11285527.98966923,207462.34158461538,105.84813346153847,4.170416666666667,83.34958333333334,106620.0,1960.0,49,"Installation, Maintenance, and Repair Occupations",37120.0,17.85,36060.0,17.34,629988.8746153846,11581.112307692307,23.466708846153846,False,False,False,False,5.582272049584887,5.582272049584886,5951.818459267407,109.41253217186379,220931501.20800614,3945415.9101174083,0.018383042581129244,1.4523442750944924
49-9011.00,Mechanical Door Repairers,725280.0868615385,3630.2900307692307,25.930643076923076,3.7032,82.5284,27970.0,140.0,49,"Installation, Maintenance, and Repair Occupations",51050.0,24.54,49410.0,23.75,151624.90741923076,758.9376846153846,7.067147692307692,False,False,False,False,20.905703901970924,20.905703901970927,5847.325381381267,29.26798546275929,298505960.7195137,1446131.1617149366,0.0050053628888094386,0.39544651568153316
49-9012.00,"Control and Valve Installers and Repairers, Except Mechanical Door",1019441.3067692308,7387.2558461538465,21.727223076923075,3.743125,48.1321875,46920.0,340.0,49,"Installation, Maintenance, and Repair Occupations",74690.0,35.91,69450.0,33.39,280345.75481538463,2031.490976923077,8.583858846153847,False,False,False,False,27.499940698287407,27.4999406982874,12902.972175636452,93.49979837417719,963722991.7982867,6493560.997086606,0.007246376811594202,0.5724968449074783
49-9021.00,"Heating, Air Conditioning, and Refrigeration Mechanics and Installers",15469515.745430768,209316.14773846153,38.97879846153846,4.008214285714286,87.6842857142857,396870.0,5370.0,49,"Installation, Maintenance, and Repair Occupations",59810.0,28.75,56200.0,27.02,9354625.314038461,126576.30442307692,24.054810256410256,False,False,False,False,60.47135196718448,60.471351967184475,239992.65455216504,3247.311600637807,14353960668.764992,182498911.95584473,0.01353087912918588,1.0690012142191045
49-9031.00,Home Appliance Repairers,1962645.0292230768,15361.96798076923,61.447871923076924,4.069310344827587,84.27413793103447,31940.0,250.0,49,"Installation, Maintenance, and Repair Occupations",49410.0,23.76,34920.0,16.79,757991.7018923077,5932.934423076924,38.232058076923074,False,False,False,False,38.62092689233583,38.62092689233583,12335.524049412063,96.55231723083958,609498243.28145,3371606.917700918,0.007827175954915467,0.6183826283440202
49-9041.00,Industrial Machinery Mechanics,8708288.8586,80903.6648,20.63869,3.930625,85.16125,421940.0,3920.0,49,"Installation, Maintenance, and Repair Occupations",63760.0,30.65,69670.0,33.49,3172481.6605769233,29473.688461538462,10.073439615384615,False,False,False,False,36.430597469718656,36.430597469718656,153715.2629637309,1428.0794208129714,9800885166.567482,99494293.24803972,0.009290420438924965,0.733985621702492
49-9043.00,"Maintenance Workers, Machinery",1812666.0066307692,47128.033776923075,32.059886923076924,3.876111111111111,91.93555555555555,56540.0,1470.0,49,"Installation, Maintenance, and Repair Occupations",60500.0,29.09,63820.0,30.68,511015.15257692314,13286.032442307695,15.134414230769233,False,False,False,False,28.191357409893453,28.19135740989346,15939.393479553759,414.4129539254338,964333305.5130024,26447834.719521184,0.025999292536257518,2.0540627866630894
49-9044.00,Millwrights,1492237.3413307692,8808.090553846154,36.70037730769231,4.182608695652174,95.25608695652173,40660.0,240.0,49,"Installation, Maintenance, and Repair Occupations",65170.0,31.329999999999995,62480.0,30.04,169894.7605,1002.8219999999999,4.702235769230769,False,False,False,False,11.385237173363372,11.38523717336337,4629.237434689547,27.324569216072092,301687403.61871773,1707239.0846201843,0.0059026069847515975,0.4663328948188805
49-9045.00,"Refractory Materials Repairers, Except Brickmasons",14785.802730769232,161.29966615384618,13.441638846153847,3.746,58.787,1100.0,12.0,49,"Installation, Maintenance, and Repair Occupations",58540.0,28.15,58540.0,28.15,0.0,0.0,0.9368569230769233,False,False,False,False,0.0,0.0,0.0,0.0,0.0,0.0,,
49-9051.00,Electrical Power-Line Installers and Repairers,6774723.745846154,48750.84196153846,54.77622692307692,4.17,93.62869565217392,123680.0,890.0,49,"Installation, Maintenance, and Repair Occupations",92560.0,44.5,81380.0,39.12,2301771.8992615384,16563.526765384617,23.05118346153846,False,False,False,False,33.97587836216708,33.97587836216708,42021.36635832825,302.385317423287,3889497670.1268625,24608117.131907098,0.007195989650711514,0.5685160292006509
49-9052.00,Telecommunications Line Installers and Repairers,4834759.029092307,32932.986473076926,49.15371115384615,3.847368421052632,72.37210526315789,98360.0,670.0,49,"Installation, Maintenance, and Repair Occupations",70500.0,33.9,55980.0,26.91,2497971.7830615384,17015.464565384616,25.396215769230768,False,False,False,False,51.66693454690161,51.66693454690161,50819.596820332416,346.16846146424075,3582781575.833435,19378510.4727682,0.006811712078080521,0.5381563468904581
49-9061.00,Camera and Photographic Equipment Repairers,78452.70426923077,858.6863153846153,39.03119615384615,3.8546666666666667,77.18666666666667,2010.0,22.0,49,"Installation, Maintenance, and Repair Occupations",49300.0,23.7,49300.0,23.7,6692.193726923077,73.24789153846154,13.447703461538461,False,False,False,False,8.530226955538819,8.53022695553882,171.45756180633026,1.87664993021854,8452857.797052082,92518.84155977402,0.010945273631840797,0.8647265776811466
49-9062.00,Medical Equipment Repairers,1680269.118042308,12153.845338461539,27.62237576923077,3.9735,83.81,60830.0,440.0,49,"Installation, Maintenance, and Repair Occupations",62630.0,30.110000000000003,59980.0,28.84,429753.3281461538,3108.523169230769,8.996479615384615,False,False,False,False,25.576458171585166,25.576458171585166,15558.159505775257,112.53641595497473,974407529.8467044,6749934.2289793845,0.007233273056057866,0.5714615884067415
49-9063.00,Musical Instrument Repairers and Tuners,287549.2974346154,5018.312346153846,50.18312346153846,3.602413793103448,63.41137931034483,5730.0,100.0,49,"Installation, Maintenance, and Repair Occupations",45320.0,21.79,41440.0,19.92,0.0,0.0,20.661444835164836,False,False,False,False,0.0,0.0,0.0,0.0,0.0,0.0,,
49-9064.00,Watch and Clock Repairers,63475.560000000005,683.5829538461538,48.82735384615385,4.338666666666667,96.48,1300.0,14.0,49,"Installation, Maintenance, and Repair Occupations",60690.0,29.18,60690.0,29.18,5996.79,64.58081538461539,17.108723461538464,False,True,True,False,9.447399912659296,9.447399912659298,122.81619886457085,1.3226359877723015,7453715.109090805,80270.77809790098,0.01076923076923077,0.8508183879701912
49-9071.00,"Maintenance and Repair Workers, General",43127326.367,444591.2929,28.15651,3.6377777777777776,74.16185185185185,1531700.0,15790.0,49,"Installation, Maintenance, and Repair Occupations",48620.0,23.38,49070.0,23.59,7052338.561730769,72701.19859615384,12.017928461538462,False,False,False,False,16.352366714592005,16.352366714592005,250469.20096740575,2582.0387042340776,12177812551.035267,126700639.2167662,0.010308807207677743,0.8144428249593874
49-9081.00,Wind Turbine Service Technicians,230967.3982846154,2552.580872307692,20.585329615384616,4.160833333333334,88.53750000000001,11220.0,124.0,49,"Installation, Maintenance, and Repair Occupations",62580.0,30.09,62580.0,30.09,118597.18656923078,1310.6997446153846,13.056997307692308,False,False,False,False,51.348020305050326,51.34802030505033,5761.247878226647,63.671545178262406,360538892.2194236,3984565.2972556613,0.01105169340463458,0.8731342254952559
49-9091.00,"Coin, Vending, and Amusement Machine Servicers and Repairers",1063696.5633461538,9033.516461538462,37.639651923076926,3.955,65.02777777777777,28260.0,240.0,49,"Installation, Maintenance, and Repair Occupations",47350.0,22.77,50280.0,24.17,509768.8578,4329.2472,20.75969076923077,False,False,False,False,47.924274211846665,47.92427421184666,13543.399892267866,115.01825810843201,641279984.8988835,5783118.0176919615,0.008492569002123142,0.6709517163246881
49-9092.00,Commercial Divers,66020.34713076922,731.4207553846153,19.247914615384616,3.880434782608696,84.49347826086957,3430.0,38.0,49,"Installation, Maintenance, and Repair Occupations",61130.0,29.39,61130.0,29.39,3555.698946153846,39.392583076923074,3.4163969230769227,False,False,False,False,5.385762269790746,5.385762269790746,184.73164585382258,2.0465896625204834,11292645.511044174,125108.02606987715,0.011078717201166181,0.8752692287739992
49-9094.00,Locksmiths and Safe Repairers,395909.2917692308,3819.060692307692,25.460404615384615,3.975714285714286,83.675,15550.0,150.0,49,"Installation, Maintenance, and Repair Occupations",50490.0,24.27,47690.0,22.93,57440.30648076923,554.0865576923077,5.4398430769230774,False,False,False,False,14.508451222268928,14.508451222268931,2256.064165062818,21.762676833403393,113908679.69402169,1037862.0581850078,0.00964630225080386,0.7621019092980582
49-9095.00,Manufactured Building and Mobile Home Installers,33832.96622307692,375.9218469230769,12.962822307692306,3.777857142857143,76.11214285714286,2610.0,29.0,49,"Installation, Maintenance, and Repair Occupations",41080.0,19.75,41080.0,19.75,5309.152580769231,58.99058423076923,5.253846923076923,False,False,False,False,15.692246862907172,15.692246862907172,409.5676431218772,4.55075159024308,16825038.779446717,186944.87532718573,0.011111111111111112,0.8778284955248004
49-9096.00,Riggers,1060446.169646154,21042.338215384614,43.83820461538461,4.147142857142858,85.03642857142857,24190.0,480.0,49,"Installation, Maintenance, and Repair Occupations",62060.0,29.84,91070.0,43.79,129296.46177692308,2565.6180923076927,20.102142692307694,False,False,False,False,12.192647347678788,12.192647347678792,2949.401393403499,58.52470726885818,183039850.47462115,5329845.090974915,0.01984291029350972,1.5676804880806687
49-9097.00,Signal and Track Switch Repairers,92194.64023461539,1010.6598807692308,11.229554230769232,3.953333333333333,86.09916666666668,8210.0,90.0,49,"Installation, Maintenance, and Repair Occupations",83600.0,40.19,83600.0,40.19,26302.05491538462,288.3294692307693,3.9212350000000002,False,False,False,False,28.528832965182776,28.528832965182783,2342.217186441506,25.675949668664497,195809356.7865099,2146509.392300352,0.010962241169305725,0.8660670905908505
49-9098.00,"Helpers--Installation, Maintenance, and Repair Workers",3486857.5565307694,26453.50206923077,35.74797576923077,3.724375,81.98125,97540.0,740.0,49,"Installation, Maintenance, and Repair Occupations",38860.0,18.68,41760.0,20.08,234526.52655384614,1779.266246153846,7.167314230769231,False,False,False,False,6.726013975379799,6.726013975379799,6560.554031585456,49.77250341781051,254943129.66741082,2078499.742727767,0.0075866311256920236,0.5993784888451066
49-9099.01,Geothermal Technicians,8236785.85155,95959.07083846154,44.840687307692306,3.79625,56.65416666666667,183690.0,2140.0,49,"Installation, Maintenance, and Repair Occupations",48640.0,23.39,50080.0,24.08,2786111.92845,32458.37839230769,23.662629615384617,False,False,False,False,33.825232058518424,33.82523205851842,62133.56876829249,723.8599660522943,3022176784.8897467,36250907.0998989,0.011650062605476618,0.9204081236761746
51-1011.00,First-Line Supervisors of Production and Operating Workers,25538464.113946155,332491.3154923077,37.27481115384615,3.9549999999999996,88.658,685140.0,8920.0,51,Production Occupations,71190.0,34.23,67050.0,32.23,13528863.244684616,176135.47616923077,24.139303461538464,False,False,False,False,52.97445916998868,52.97445916998868,362949.20955726044,4725.32175796299,25838354228.38137,316832823.8714185,0.013019236944274162,1.0285791461705778
51-2011.00,"Aircraft Structure, Surfaces, Rigging, and Systems Assemblers",1336626.26075,9753.429692307693,40.639290384615386,4.128888888888889,56.53370370370371,32890.0,240.0,51,Production Occupations,61680.0,29.65,59810.0,28.75,50159.9571,366.0197538461539,10.891901923076924,False,False,False,False,3.752728685119095,3.752728685119095,1234.2724645356705,9.006548844285827,76129925.61256015,538681.6863767353,0.007297050775311646,0.576500319347391
51-2021.00,"Coil Winders, Tapers, and Finishers",421844.70326153847,4644.797883076923,34.66267076923077,4.191818181818181,72.31090909090909,12170.0,134.0,51,Production Occupations,47260.0,22.72,47260.0,22.72,144819.9996269231,1594.566963846154,21.589900384615387,False,False,False,False,34.330169018890466,34.330169018890466,4177.98156959897,46.00242648531323,197451408.97924733,2174074.675695903,0.011010682004930156,0.8698941377180848
51-2022.00,Electrical and Electronic Equipment Assemblers,4016720.0578846154,44223.60283269231,44.09132884615384,3.9125,71.128125,91100.0,1003.0,51,Production Occupations,44210.0,21.26,44210.0,21.26,1798810.6351538463,19804.687893076924,31.415269230769233,False,False,False,False,44.783071989865796,44.78307198986579,40797.37858276774,449.17421205835393,1803652107.144162,19857991.915099826,0.011009879253567507,0.8698307166961988
51-2023.00,Electromechanical Equipment Assemblers,2965947.3250769232,32654.72192153846,32.55705076923077,3.7964285714285713,71.99357142857143,91100.0,1003.0,51,Production Occupations,44210.0,21.26,44210.0,21.26,539263.3315769231,5937.224166538463,13.834465,False,False,False,False,18.181824303401513,18.181824303401516,16563.64194039878,182.36369776311716,732278610.18503,8062299.078107409,0.01100987925356751,0.8698307166961989
51-2031.00,Engine and Other Machine Assemblers,1657448.8926384614,6039.6367769230765,43.140262692307694,4.229166666666667,79.05666666666666,38420.0,140.0,51,Production Occupations,52540.0,25.26,46060.0,22.149999999999995,181438.16923846156,661.148976923077,7.845394230769232,False,False,False,False,10.94683341636155,10.946833416361551,4205.773398566107,15.325566782906169,220971334.36066326,705895.6060206582,0.0036439354502863096,0.2878875336702885
51-2041.00,Structural Metal Fabricators and Fitters,3475440.012992308,57945.702726923075,65.10753115384615,3.87,72.49391304347826,53380.0,890.0,51,Production Occupations,49900.0,23.99,50440.0,24.25,222261.57039230768,3705.747426923077,21.377168076923077,False,False,False,False,6.395206637473895,6.395206637473897,3413.761303083565,56.91733907351767,170346689.0238699,2870910.582868231,0.016672911202697642,1.3172360901374394
51-2051.00,Fiberglass Laminators and Fabricators,964792.4193846154,5730.408538461538,52.09462307692308,4.171875,73.981875,18520.0,110.0,51,Production Occupations,45760.0,22.0,46870.0,22.53,0.0,0.0,5.038352692307692,True,False,True,False,0.0,0.0,0.0,0.0,0.0,0.0,,
51-2061.00,Timing Device Assemblers and Adjusters,17710.874,231.0114,77.0038,4.13470588235294,66.25411764705882,230.0,3.0,51,Production Occupations,40790.0,19.61,40790.0,19.61,3386.337946153846,44.16962538461539,28.482766153846153,True,False,True,False,19.12010636038541,19.12010636038541,43.97624462888644,0.5736031908115623,1793791.018412278,23397.274153203627,0.013043478260869566,1.0304943208334614
51-2092.00,Team Assemblers,22722879.70657692,250297.71047346154,31.174207307692306,4.0600000000000005,70.81272727272727,728900.0,8029.0,51,Production Occupations,42210.0,20.29,42210.0,20.29,3877134.182096154,42702.199497692316,20.545185384615387,False,False,False,False,17.06268849794577,17.060563365488683,124369.93646152673,1369.963259500066,5249655018.041043,57826149.18349779,0.01101385649609,0.870144937009986
51-3011.00,Bakers,14606320.141353846,250062.9219076923,62.98814153846154,4.307222222222222,81.40666666666667,231890.0,3970.0,51,Production Occupations,36650.0,17.62,35490.0,17.06,6667747.3114961535,114153.07614230769,32.309122307692306,False,False,False,False,45.649740981770144,45.64974098177015,105857.18436262678,1812.2947169762747,3879665806.8902717,64318339.505487986,0.017120186295226186,1.3525728640778436
51-3021.00,Butchers and Meat Cutters,4600621.333938462,45336.028569230766,32.85219461538461,4.297272727272727,76.5409090909091,140040.0,1380.0,51,Production Occupations,38960.0,18.73,41680.0,20.04,1299912.8437384614,12809.766669230768,10.687551923076922,False,False,False,False,28.255158366307942,28.25515836630795,39568.523776177644,389.9211854550496,1541589686.319881,16251915.009766469,0.00985432733504713,0.7785368405040003
51-3022.00,"Meat, Poultry, and Fish Cutters and Trimmers",6610284.646846154,65592.16461538462,46.85154615384616,4.23,66.21083333333333,141090.0,1400.0,51,Production Occupations,37700.0,18.13,42760.0,20.56,1271453.9698269232,12616.312692307692,12.004081923076923,False,False,False,False,19.234481383998332,19.234481383998325,27137.929784683245,269.2827393759767,1023099952.8825583,11514529.935716763,0.009922744347579558,0.7839420967901681
51-3023.00,Slaughterers and Meat Packers,3007995.2826923076,34759.0566,44.56289307692308,4.377142857142857,54.63285714285714,67500.0,780.0,51,Production Occupations,39790.0,19.13,40470.0,19.46,0.0,0.0,0.0,False,False,False,False,0.0,0.0,0.0,0.0,0.0,0.0,,
51-3091.00,"Food and Tobacco Roasting, Baking, and Drying Machine Operators and Tenders",2122325.355,16325.579653846155,108.8371976923077,4.206315789473685,67.49421052631578,19500.0,150.0,51,Production Occupations,42730.0,20.54,40500.0,19.47,964810.62,7421.620153846154,68.67488653846154,False,False,False,False,45.46007131880116,45.46007131880116,8864.713907166228,68.19010697820175,378789225.2532129,2761699.332617171,0.007692307692307692,0.6077274199787078
51-3092.00,Food Batchmakers,27201661.79016923,495987.4251615385,158.46243615384617,4.4796,68.9008,171660.0,3130.0,51,Production Occupations,40790.0,19.61,38790.0,18.65,10204873.918569231,186072.79136153846,86.94954038461539,False,False,False,False,37.515626792541426,37.515626792541426,64399.32495207661,1174.2391186065468,2626848464.795205,45548735.410747945,0.01823371781428405,1.4405469369063046
51-3093.00,Food Cooking Machine Operators and Tenders,2008503.6442615385,37759.287599999996,72.61401461538462,4.388823529411765,80.87823529411764,27660.0,520.0,51,Production Occupations,40550.0,19.49,37610.0,18.08,857073.6855461538,16112.7374,52.06078576923077,False,False,False,False,42.67224946267259,42.6722494626726,11803.144201375238,221.89569720589745,478617497.3657659,8345497.171913803,0.018799710773680405,1.4852629642285125
51-4021.00,"Extruding and Drawing Machine Setters, Operators, and Tenders, Metal and Plastic",4114219.763769231,45713.552930769234,62.62130538461538,3.92875,65.83125,65700.0,730.0,51,Production Occupations,46980.0,22.59,44910.0,21.59,1412267.515269231,15691.861280769232,46.52418115384616,False,False,False,False,34.326496793048946,34.326496793048946,22552.508393033157,250.58342658925733,1059516844.3046978,11253701.688123547,0.01111111111111111,0.8778284955248001
51-4022.00,"Forging Machine Setters, Operators, and Tenders, Metal and Plastic",424521.26764615386,4652.287864615385,48.461331923076926,4.171538461538462,76.61461538461539,8760.0,96.0,51,Production Occupations,49240.0,23.67,49240.0,23.67,110604.93249230768,1212.108849230769,31.106838461538462,False,False,False,False,26.0540380239557,26.0540380239557,2282.3337308985197,25.011876502997474,112382112.90944311,1231584.7990075955,0.010958904109589041,0.8658034476408989
51-4023.00,"Rolling Machine Setters, Operators, and Tenders, Metal and Plastic",2165090.7988846153,8718.48643846154,96.87207153846154,4.092631578947368,77.33,22350.0,90.0,51,Production Occupations,48630.0,23.38,46050.0,22.14,941328.7898076924,3790.5857307692313,64.8182226923077,False,False,False,False,43.47756640472697,43.47756640472697,9717.236091456478,39.129809764254276,472549191.12752855,1801927.7396439095,0.004026845637583893,0.31813918629757865
51-4031.00,"Cutting, Punching, and Press Machine Setters, Operators, and Tenders, Metal and Plastic",15279083.34265,98981.62115,87.59435500000001,3.9553125000000002,67.359375,174430.0,1130.0,51,Production Occupations,45590.0,21.92,44940.0,21.61,3244472.4681923077,21018.482423076923,44.576335,False,False,False,False,21.234732447173023,21.23473244717302,37039.7438076039,239.95247665305516,1688641920.188662,10783464.300788298,0.0064782434214298,0.511810800864944
51-4032.00,"Drilling and Boring Machine Tool Setters, Operators, and Tenders, Metal and Plastic",377547.84581538464,4123.8747753846155,71.10128923076923,4.202941176470588,86.86352941176472,5310.0,58.0,51,Production Occupations,46630.0,22.42,46630.0,22.42,81704.95570384615,892.4458438461538,35.075429615384614,False,False,False,False,21.640954016672808,21.64095401667281,1149.1346582853262,12.551753329670227,53584149.11584476,585288.2577625227,0.010922787193973636,0.8629500464481088
51-4033.00,"Grinding, Lapping, Polishing, and Buffing Machine Tool Setters, Operators, and Tenders, Metal and Plastic",5344077.448557693,37349.84951923077,76.22418269230769,4.053888888888888,75.11666666666666,70110.0,490.0,51,Production Occupations,45190.0,21.73,42920.0,20.64,950198.6458038463,6640.954734615386,36.84121384615385,False,False,False,False,17.780405597607768,17.780405597607768,12465.842364482805,87.12398742827807,563331416.4509779,3739361.540421695,0.006989017258593639,0.5521642654777306
51-4034.00,"Lathe and Turning Machine Tool Setters, Operators, and Tenders, Metal and Plastic",1025834.3861230769,2703.8333846153846,54.07666769230769,3.9694444444444446,92.28722222222223,18970.0,50.0,51,Production Occupations,48620.0,23.38,57500.0,27.65,114609.13011153846,302.07994230769236,29.544060769230768,False,False,False,False,11.172283914626737,11.172283914626739,2119.382258604692,5.586141957313369,103044365.41336013,321203.1625455187,0.0026357406431207174,0.2082355419009806
51-4035.00,"Milling and Planing Machine Setters, Operators, and Tenders, Metal and Plastic",1002449.474273077,6532.979919230769,72.58866576923077,4.156666666666667,82.25066666666666,13810.0,90.0,51,Production Occupations,48310.0,23.219999999999995,45000.0,21.64,265120.8425153846,1727.7969461538462,45.213441153846155,False,False,False,False,26.447302265047934,26.447302265047938,3652.3724428031196,23.80257203854314,176446112.7118187,1071115.7417344414,0.0065170166545981175,0.514874063269434
51-4041.00,Machinists,27890362.933269233,343507.2646153846,93.34436538461539,4.200689655172414,75.81758620689655,298790.0,3680.0,51,Production Occupations,56150.0,27.0,60450.0,29.06,9870365.843723077,121566.80713846153,61.12517346153846,False,False,False,False,35.38987953415671,35.38987953415671,105741.42106010685,1302.347566856967,5937380792.525,78726910.41650365,0.012316342581746376,0.973047283101221
51-4051.00,Metal-Refining Furnace Operators and Tenders,1388530.8445423075,35515.7914,68.29959884615384,4.36,73.27066666666666,20330.0,520.0,51,Production Occupations,55770.0,26.81,70450.0,33.87,523822.0137153846,13398.3004,44.881911153846154,False,False,False,False,37.724910164890765,37.724910164890765,7669.474236522293,196.169532857432,427726578.17084825,13820143.589806084,0.025577963600590264,2.0207758775484828
51-4052.00,"Pourers and Casters, Metal",248742.1925153846,1706.6359692307692,42.66589923076923,4.405625,74.1275,5830.0,40.0,51,Production Occupations,48940.0,23.53,44450.0,21.37,44124.15991923077,302.73866153846154,28.21826576923077,False,False,False,False,17.738912515415617,17.738912515415617,1034.1785996487304,7.095565006166247,50612700.666808866,315397.8645240897,0.00686106346483705,0.5420553317134272
51-4061.00,"Model Makers, Metal and Plastic",146181.22062307692,3168.014069230769,45.257343846153844,4.360625,88.87375,3230.0,70.0,51,Production Occupations,62700.0,30.14,51960.0,24.98,44496.544599999994,964.3213999999999,24.51369192307692,False,False,False,False,30.43930294899695,30.439302948996954,983.1894852526015,21.307512064297867,61645980.72533811,1107138.3268609173,0.021671826625386997,1.7121732265654
51-4062.00,"Patternmakers, Metal and Plastic",59666.48832692307,646.0702557692307,38.00413269230769,3.6993333333333336,69.58933333333333,1570.0,17.0,51,Production Occupations,54540.0,26.219999999999995,54540.0,26.219999999999995,36208.815196153846,392.06997346153844,23.42342346153846,False,False,False,False,60.685346517729435,60.68534651772942,952.7599403283521,10.316508908014004,51963527.14550832,562662.3958430837,0.010828025477707006,0.8554634383139773
51-4071.00,Foundry Mold and Coremakers,872549.4271384615,6173.698776923076,68.59665307692308,4.490769230769231,70.60307692307693,12720.0,90.0,51,Production Occupations,45700.0,21.97,45630.0,21.94,74900.09086153845,529.953473076923,12.206162692307691,False,False,False,False,8.584051347918981,8.584051347918981,1091.8913314552944,7.725646213127083,49899433.847506955,352521.2367049888,0.007075471698113208,0.5589945608294719
51-4072.00,"Molding, Coremaking, and Casting Machine Setters, Operators, and Tenders, Metal and Plastic",11377993.80683077,207981.6720923077,73.49175692307692,3.7955172413793106,58.65551724137931,154820.0,2830.0,51,Production Occupations,41230.0,19.82,45820.0,22.03,3414339.423830769,62411.70759230769,32.79899730769231,False,False,False,False,30.008272827332473,30.008272827332473,46458.80799127613,849.234121013509,1915496653.480315,38911907.42483898,0.01827929208112647,1.444147512015028
51-4081.00,"Multiple Machine Tool Setters, Operators, and Tenders, Metal and Plastic",8397106.388596155,97001.61403846154,64.6677426923077,3.9776190476190476,77.82000000000001,129850.0,1500.0,51,Production Occupations,46060.0,22.14,40180.0,19.32,1918382.125153846,22160.74846153846,35.14469192307692,False,False,False,False,22.84575229104088,22.84575229104088,29665.209349916582,342.68628436561323,1366379542.6571577,13769134.90581034,0.011551790527531768,0.9126441809460766
51-4111.00,Tool and Die Makers,1991305.6082153847,5056.825415384616,36.12018153846154,3.9905882352941178,87.6029411764706,55130.0,140.0,51,Production Occupations,63180.0,30.380000000000003,66660.0,32.05,457371.8596269231,1161.4739769230769,9.020020384615385,False,False,False,False,22.968441294996474,22.968441294996474,12662.501685931556,32.15581781299507,800016856.5171558,2143506.8154142513,0.0025394522038817337,0.20062831568315767
51-4121.00,"Welders, Cutters, Solderers, and Brazers",35776332.921215385,356885.87929615384,84.37018423076923,3.886896551724138,73.2948275862069,424040.0,4230.0,51,Production Occupations,51000.0,24.520000000000003,56050.0,26.95,2760518.992523077,27537.485469230767,18.71948423076923,False,False,False,False,7.716047920847941,7.716047920847941,32719.129603563608,326.3888270518679,1668675609.781744,18294093.756257195,0.009975474011885671,0.7881079809600308
51-4122.00,"Welding, Soldering, and Brazing Machine Setters, Operators, and Tenders",3165948.532923077,7851.622153846154,87.24024615384616,3.8113793103448277,70.88793103448276,36290.0,90.0,51,Production Occupations,47060.0,22.62,47320.0,22.75,875181.7273615384,2170.469976923077,44.854216538461536,False,False,False,False,27.64358669322698,27.64358669322698,10031.85761097207,24.87922802390428,472099219.17234564,1177285.0700911505,0.002480022044640397,0.19593306182835168
51-4191.00,"Heat Treating Equipment Setters, Operators, and Tenders, Metal and Plastic",1324609.1980461539,9986.77256923077,90.78884153846154,4.279565217391304,57.54565217391304,14590.0,110.0,51,Production Occupations,47450.0,22.81,46360.0,22.29,645727.2670653847,4868.402973076923,58.84000692307692,False,False,False,False,48.74851148684877,48.74851148684876,7112.407825931235,53.62336263553365,337483751.34043705,2485979.09178334,0.0075394105551747775,0.5956478482313586
51-4192.00,"Layout Workers, Metal and Plastic",256008.8178576923,2829.3309638461537,45.63437038461539,4.094285714285714,73.33285714285715,5610.0,62.0,51,Production Occupations,61870.0,29.74,61870.0,29.74,85388.26293461538,943.6849023076923,20.88811346153846,False,False,False,False,33.35364135077573,33.35364135077573,1871.1392797785186,20.679257637480955,115767387.23989694,1279425.6700309466,0.01105169340463458,0.8731342254952559
51-4193.00,"Plating Machine Setters, Operators, and Tenders, Metal and Plastic",4636232.321342308,26484.348392307693,147.13526884615385,3.9927272727272722,59.75575757575758,31510.0,180.0,51,Production Occupations,41600.0,20.0,46280.0,22.25,906496.9135461538,5178.338446153846,57.22028115384615,False,True,True,False,19.55244799474802,19.55244799474802,6160.9763631451015,35.19440639054644,256296616.70683622,1628797.1277544892,0.005712472231037766,0.4513113813869173
51-4194.00,"Tool Grinders, Filers, and Sharpeners",344972.46598846157,3792.8909873076923,60.20461884615385,4.171666666666667,73.17833333333334,5730.0,63.0,51,Production Occupations,48970.0,23.54,48970.0,23.54,105670.16524615386,1161.818570769231,39.32320923076923,False,False,False,False,30.631478064016925,30.63147806401693,1755.1836930681698,19.297831180330665,85951345.44954827,945014.7929007927,0.01099476439790576,0.8686365741056924
51-5111.00,Prepress Technicians and Workers,1390924.2395192308,16881.61192307692,60.29147115384615,4.243333333333333,61.93333333333333,23070.0,280.0,51,Production Occupations,47300.0,22.74,37590.0,18.07,1142074.0856076924,13861.323969230769,53.92595923076923,False,False,False,False,82.10900731749756,82.10900731749756,18942.547988146685,229.90522048899314,895982519.8393382,8642137.238181252,0.01213697442566103,0.95887638002709
51-5112.00,Printing Press Operators,13499339.347765384,164660.12435769232,93.02831884615385,4.318695652173913,76.92391304347827,145110.0,1770.0,51,Production Occupations,45160.0,21.71,39740.0,19.11,6046504.705257692,73753.10680384615,54.91271038461538,False,False,False,False,44.791115694551394,44.79111569455139,64996.38798436353,792.8027477935597,2935236881.373857,31505981.19731606,0.012197643167252428,0.9636694875411803
51-5113.00,Print Binding and Finishing Workers,1925655.9627038462,42768.88757307692,52.80109576923077,4.2536000000000005,66.74680000000001,36470.0,810.0,51,Production Occupations,39820.0,19.14,38330.0,18.43,699638.7266346153,15539.001057692309,37.24271269230769,False,False,False,False,36.33248826297304,36.332488262973044,13250.458469506268,294.2931549300816,527633256.25573957,11280256.628470028,0.022210035645736224,1.7546941958803934
51-6011.00,Laundry and Dry-Cleaning Workers,16240529.86633846,122203.0042153846,83.13129538461538,3.9517391304347824,53.67652173913043,195360.0,1470.0,51,Production Occupations,33800.0,16.25,33690.0,16.2,2825102.988738461,21257.68526538461,27.409803846153842,False,False,False,False,17.39538680073497,17.39538680073497,33983.627653915835,255.71218597080403,1148646614.7023551,8614943.545356387,0.007524570024570024,0.5944753785725383
51-6021.00,"Pressers, Textile, Garment, and Related Materials",3722999.515757692,33303.01467692308,138.76256115384615,4.238571428571428,74.46678571428572,26830.0,240.0,51,Production Occupations,33880.0,16.29,34450.0,16.56,394005.04079615383,3524.458061538461,29.863235384615383,False,False,False,False,10.583000054889002,10.583000054889,2839.4189147267193,25.399200131733604,96199512.83094124,875002.4445382226,0.008945210585165859,0.7067124675115798
51-6031.00,Sewing Machine Operators,12330838.89495,129395.60844230768,112.51792038461538,4.039615384615384,70.22423076923077,109590.0,1150.0,51,Production Occupations,36000.0,17.31,37480.0,18.02,2431078.8903,25510.910884615387,48.614241923076925,False,False,False,False,19.715437943931207,19.71543794393121,21606.14844275421,226.72753635520885,777821343.9391515,8497748.062593227,0.010493658180490922,0.8290468955818673
51-6041.00,Shoe and Leather Workers and Repairers,795604.0941538461,7289.566307692308,104.13666153846154,4.284230769230769,60.49230769230769,7640.0,70.0,51,Production Occupations,35950.0,17.29,36500.0,17.55,64518.598169230776,591.1389884615385,15.33634576923077,False,False,False,False,8.10938488669401,8.10938488669401,619.5570053434222,5.676569420685806,22273074.34209603,207194.7838550319,0.009162303664921465,0.7238638117547436
51-6042.00,Shoe Machine Operators and Tenders,334881.80676923075,3686.7721846153845,102.41033846153846,4.252631578947368,66.02631578947368,3270.0,36.0,51,Production Occupations,38160.0,18.35,38160.0,18.35,21900.9885,241.1118,35.71381846153846,False,False,False,False,6.539915891905144,6.539915891905144,213.8552496652982,2.354369721085852,8160716.32722778,89842.74855663611,0.011009174311926604,0.8697750230887928
51-6051.00,"Sewers, Hand",146506.1187692308,1635.1129326923078,65.40451730769232,4.491818181818181,65.60636363636364,2240.0,25.0,51,Production Occupations,33760.0,16.23,33760.0,16.23,1977.9449846153848,22.075278846153847,15.459763076923078,False,False,False,False,1.3500767075339333,1.3500767075339333,30.241718248760108,0.33751917688348326,1020960.4080781413,11394.647411586395,0.011160714285714284,0.8817473727369645
51-6052.00,"Tailors, Dressmakers, and Custom Sewers",1318075.019273077,17800.89037692308,80.91313807692308,4.086818181818182,85.78909090909092,16290.0,220.0,51,Production Occupations,40860.0,19.64,40570.0,19.5,287520.0350192308,3883.020730769231,28.684675769230772,False,False,False,False,21.813632063052005,21.813632063052,3553.440663071172,47.98999053871441,145193585.4930881,1946953.9161556435,0.013505217925107426,1.0669738619638456
51-6061.00,Textile Bleaching and Dyeing Machine Operators and Tenders,503287.63384615385,5534.434461538462,86.47553846153846,4.324347826086957,67.58869565217391,5820.0,64.0,51,Production Occupations,37320.0,17.94,37320.0,17.94,168190.4049,1849.51648,47.23194115384615,False,False,False,False,33.41834640654271,33.41834640654272,1944.9477608607858,21.387741700187334,72585450.43532452,798190.5202509913,0.010996563573883162,0.868778717220421
51-6062.00,"Textile Cutting Machine Setters, Operators, and Tenders",479232.5646769231,5295.091953461539,53.48577730769231,4.122222222222223,72.76444444444445,8960.0,99.0,51,Production Occupations,37940.0,18.24,37940.0,18.24,151744.54744615383,1676.6417630769229,26.875919615384614,False,False,False,False,31.66407265091702,31.66407265091702,2837.1009095221652,31.34743192440785,107639608.50727095,1189321.5672120338,0.011049107142857144,0.872929899009595
51-6063.00,"Textile Knitting and Weaving Machine Setters, Operators, and Tenders",1196356.9397192309,13173.92363076923,82.33702269230768,4.273157894736842,72.04894736842105,14530.0,160.0,51,Production Occupations,38260.0,18.4,38260.0,18.4,234925.54988846154,2586.9296615384615,18.71851346153846,False,False,False,False,19.636744025875373,19.636744025875377,2853.2189069596916,31.418790441400596,109164155.3802778,1202082.9222879868,0.011011699931176875,0.8699745585379989
51-6064.00,"Textile Winding, Twisting, and Drawing Out Machine Setters, Operators, and Tenders",1769284.457,19496.484065,85.887595,4.135217391304348,64.08695652173913,20600.0,227.0,51,Production Occupations,37660.0,18.11,37660.0,18.11,569069.1210769231,6270.810217692308,29.57506923076923,False,False,False,False,32.163800389782274,32.16380038978227,6625.742880295148,73.01182688480576,249525476.87191528,2749625.4004817847,0.011019417475728155,0.8705842797850325
51-6091.00,"Extruding and Forming Machine Setters, Operators, and Tenders, Synthetic and Glass Fibers",803260.9026153847,8841.260941538461,53.91012769230769,3.9452941176470584,69.87176470588236,14900.0,164.0,51,Production Occupations,44980.0,21.63,44980.0,21.63,258824.37557692308,2848.8052076923077,31.564005769230768,False,False,False,False,32.22170713577637,32.22170713577637,4801.034363230679,52.843599702673245,215950525.65811595,2376905.114626243,0.011006711409395973,0.8695804425467148
51-6092.00,Fabric and Apparel Patternmakers,117453.49,1314.164923076923,41.067653846153846,4.296250000000001,85.69,2860.0,32.0,51,Production Occupations,67670.0,32.54,67670.0,32.54,92683.40179999999,1037.017083076923,36.86319730769231,False,False,False,False,78.91072610954343,78.91072610954343,2256.8467667329423,25.251432355053897,152720820.70481822,1708764.4274664973,0.011188811188811189,0.883967156332666
51-6093.00,Upholsterers,1450327.3004615386,8982.494,69.0961076923077,4.084545454545455,68.19181818181818,20990.0,130.0,51,Production Occupations,46190.0,22.21,43150.0,20.74,262240.5186846154,1624.1671000000001,17.61563,False,False,False,False,18.08147158239126,18.08147158239126,3795.3008851439254,23.505913057108636,175304947.8847979,1014280.1484142377,0.006193425440686041,0.48930888030682057
51-7011.00,Cabinetmakers and Bench Carpenters,4395318.787092308,112728.81978461538,55.259225384615384,4.136,75.9675,79540.0,2040.0,51,Production Occupations,46020.0,22.12,46750.0,22.48,433988.07531538466,11130.69743076923,18.010041153846153,False,False,False,False,9.873870277393154,9.873870277393154,7853.676418638514,201.42695365882034,361426188.7857444,9416710.083549852,0.025647472969575053,2.0262674349805545
51-7021.00,Furniture Finishers,912994.7257038462,10265.576676923078,64.15985423076923,4.012727272727273,66.36136363636363,14230.0,160.0,51,Production Occupations,42530.0,20.45,46380.0,22.3,26537.45585,298.3832,8.899088461538462,False,False,False,False,2.906638461634237,2.906638461634237,413.61465309055194,4.65062153861478,17591031.195941173,215695.82696095348,0.011243851018973999,0.8883155541501844
51-7031.00,"Model Makers, Wood",13926.532153846154,154.73924615384615,38.68481153846154,3.952142857142857,85.17142857142858,360.0,4.0,51,Production Occupations,51850.0,24.93,51850.0,24.93,4687.355769230769,52.08173076923077,20.345215384615383,False,False,False,False,33.65773846245162,33.65773846245162,121.16785846482583,1.3463095384980648,6282553.4614012195,69806.14957112465,0.011111111111111112,0.8778284955248004
51-7032.00,"Patternmakers, Wood",8909.641176923076,98.99601307692308,49.49800653846154,4.101,89.1755,180.0,2.0,51,Production Occupations,52520.0,25.25,52520.0,25.25,4269.182053846154,47.43535615384616,33.80667076923077,False,False,False,False,47.91643085362172,47.91643085362172,86.2495755365191,0.9583286170724343,4529827.707177984,50331.41896864425,0.011111111111111112,0.8778284955248004
51-7041.00,"Sawing Machine Setters, Operators, and Tenders, Wood",3925008.0137538463,24565.418723076924,90.98303230769231,4.209545454545455,64.91227272727272,43140.0,270.0,51,Production Occupations,39950.0,19.21,38170.0,18.35,1173458.5235769232,7344.316211538462,50.04727269230769,False,False,False,False,29.896971406553558,29.896971406553558,12897.553464787205,80.7218227976946,515257260.91824883,3081151.976188003,0.006258692628650904,0.4944652860744702
51-7042.00,"Woodworking Machine Setters, Operators, and Tenders, Except Sawing",6385542.652326923,77614.33058076924,100.79783192307693,4.0888,75.83359999999999,63350.0,770.0,51,Production Occupations,40440.0,19.44,37880.0,18.21,1268254.208173077,15415.244519230771,50.58979923076924,False,False,False,False,19.861337982151277,19.861337982151273,12582.157611692834,152.93230246256482,508822453.8168582,5793075.617281956,0.012154696132596685,0.960276475767461
51-8011.00,Nuclear Power Reactor Operators,313129.7466,3448.8066496153847,54.74296269230769,4.416315789473684,81.15157894736842,5720.0,63.0,51,Production Occupations,122610.0,58.95,122610.0,58.95,196929.1786,2168.975218846154,34.42817807692308,False,False,False,False,62.890600697723684,62.890600697723684,3597.3423599097946,39.62107843956592,441070146.7485399,4857940.427475178,0.011013986013986014,0.8701551695149681
51-8012.00,Power Distributors and Dispatchers,668161.4875615385,2911.3790307692307,72.78447576923077,4.454285714285715,82.98571428571428,9180.0,40.0,51,Production Occupations,107240.0,51.56,100620.0,48.38,343439.97445384617,1496.470476923077,37.411761923076924,False,False,False,False,51.40074380928981,51.400743809289814,4718.588281692804,20.56029752371592,506021407.3287363,2068777.136836296,0.004357298474945534,0.34424646883325505
51-8013.00,Power Plant Operators,2329510.4315076927,25782.342015384616,75.83041769230769,4.288181818181818,73.76227272727273,30720.0,340.0,51,Production Occupations,99670.0,47.92,103760.0,49.88,337769.7258119658,11215.010427350428,42.583874358974356,False,False,False,False,14.499601342989324,43.49880402896798,4454.277532566321,49.2986445661637,443957841.67088515,5115227.360185145,0.033203125,2.6231984338924694
51-8013.03,Biomass Plant Technicians,2538744.552369231,28098.08423846154,82.64142423076923,4.165,84.36277777777778,30720.0,340.0,51,Production Occupations,99670.0,47.92,103760.0,49.88,313439.9094153846,10407.184492307693,32.74329615384615,True,False,True,False,12.346256306995253,37.038768920985774,3792.7699375089414,41.977271443783856,378025379.6715162,4355561.685007012,0.03320312500000001,2.6231984338924703
51-8013.04,Hydroelectric Plant Technicians,626707.2354461539,6936.2128923076925,20.400626153846154,4.109523809523809,89.34857142857143,30720.0,340.0,51,Production Occupations,99670.0,47.92,103760.0,49.88,66449.13624615385,2206.3189769230767,7.590866153846154,True,False,True,False,10.602899166920995,31.80869750076298,3257.21062407813,36.04985716753138,324646182.9018672,3740533.179703056,0.03320312499999999,2.623198433892469
51-8021.00,Stationary Engineers and Boiler Operators,1815840.2566384615,6489.357642307693,58.994160384615384,4.0484,81.11,30780.0,110.0,51,Production Occupations,75190.0,36.15,69450.0,33.39,850714.4151,3040.23995,37.67023269230769,False,False,False,False,46.84962853917934,46.849628539179335,14420.315664359401,51.53459139309728,1084263534.8031833,3579077.3722506063,0.0035737491877842757,0.2823424985606083
51-8031.00,Water and Wastewater Treatment Plant and System Operators,3171588.9074999997,43789.19596153846,25.022397692307692,4.2162500000000005,92.08125,126750.0,1750.0,51,Production Occupations,58260.0,28.01,59120.0,28.42,508845.5775,7025.481346153846,9.282603076923078,False,False,False,False,16.04386925104669,16.043869251046686,20335.60427570168,280.7677118933171,1184752305.1023798,16598987.127132906,0.013806706114398421,1.0907928050899884
51-8091.00,Chemical Plant and System Operators,1034096.0254153847,19128.45786923077,57.96502384615385,4.440526315789474,82.32052631578946,17840.0,330.0,51,Production Occupations,73540.0,35.35,53420.0,25.68,219220.3284,4055.08455,15.820365384615386,False,False,False,False,21.199223574226743,21.199223574226743,3781.941485642051,69.95743779494825,278123976.85411644,3737126.3270061356,0.018497757847533634,1.4614073047694265
51-8092.00,Gas Plant Operators,658406.2102230769,6621.306953846154,41.38316846153846,4.163157894736842,79.37,15910.0,160.0,51,Production Occupations,83400.0,40.1,95690.0,46.01,267567.66108461533,2690.8124307692306,20.65132653846154,False,False,False,False,40.63869036015924,40.63869036015924,6465.615636301335,65.02190457625478,539232344.0675313,6221946.048901821,0.01005656819610308,0.7945147916754949
51-8093.00,"Petroleum Pump System Operators, Refinery Operators, and Gaugers",1972452.542307692,37344.196153846155,56.582115384615385,3.877916666666667,76.74249999999999,34860.0,660.0,51,Production Occupations,97540.0,46.9,101920.0,49.0,947369.6257846154,17936.43009230769,33.273973846153844,False,False,False,False,48.03003395337614,48.03003395337613,16743.269836146923,316.9982240922825,1633138539.817771,32308458.999485433,0.0189328743545611,1.4957834949562
51-8099.01,Biofuels Processing Technicians,1243630.560826923,6237.645446153846,77.97056807692307,4.316842105263158,85.5278947368421,15950.0,80.0,51,Production Occupations,61710.0,29.67,63380.0,30.47,516212.3824423077,2589.153015384615,33.940570384615384,False,False,False,False,41.508499284471135,41.50849928447113,6620.605635873146,33.206799427576904,408557573.7897318,2104646.947719824,0.005015673981191222,0.39626113904567783
51-9011.00,Chemical Equipment Operators and Tenders,13060689.821423076,153763.71346153846,102.50914230769231,4.324347826086957,91.0004347826087,127410.0,1500.0,51,Production Occupations,57090.0,27.45,39110.0,18.81,3189353.7290884615,37548.31326923077,46.14210038461539,False,False,False,False,24.419489113485078,24.419489113485078,31112.87107949134,366.29233670227615,1776233809.9281604,14325693.28842602,0.01177301624676242,0.9301220225716037
51-9012.00,"Separating, Filtering, Clarifying, Precipitating, and Still Machine Setters, Operators, and Tenders",4069499.1003076923,36790.67452307692,75.08300923076924,3.9685,74.48949999999999,54200.0,490.0,51,Production Occupations,49500.0,23.8,45620.0,21.94,667307.9401538462,6032.857761538462,40.92963,False,False,False,False,16.397790580747184,16.397790580747184,8887.602494764975,80.3491738456612,439936323.49086624,3665529.310839064,0.00904059040590406,0.7142479087203634
51-9021.00,"Crushing, Grinding, and Polishing Machine Setters, Operators, and Tenders",1812560.5812115385,15871.808942307693,63.48723576923077,3.8319047619047617,74.96095238095238,28550.0,250.0,51,Production Occupations,46890.0,22.54,50440.0,24.25,511698.35576923075,4480.721153846153,34.69361961538461,False,False,False,False,28.23068983587876,28.23068983587876,8059.861948143386,70.5767245896969,377926926.74844337,3559889.9883043114,0.008756567425569177,0.6918087968233978
51-9022.00,"Grinding and Polishing Workers, Hand",945992.0539615385,6386.4442461538465,79.83055307692308,3.949411764705882,74.42117647058824,11850.0,80.0,51,Production Occupations,41690.0,20.04,35710.0,17.17,229271.75359615384,1547.8261846153846,45.104940769230765,False,False,False,False,24.23611833059598,24.23611833059598,2871.9800221756236,19.388894664476783,119732847.12450175,692377.4284684659,0.006751054852320675,0.5333641491796255
51-9023.00,"Mixing and Blending Machine Setters, Operators, and Tenders",8208823.264184616,132689.22967692307,81.40443538461538,4.342499999999999,86.6,100840.0,1630.0,51,Production Occupations,47680.0,22.92,44920.0,21.6,1439953.3514,23275.72355,47.71080038461538,False,False,False,False,17.541531898762727,17.541531898762727,17688.880766712333,285.9269699498325,843405834.956844,12843839.490146475,0.016164220547401822,1.2770472064011125
51-9031.00,"Cutters and Trimmers, Hand",528295.438676923,5828.43624,74.72354153846155,4.054444444444445,67.02333333333334,7070.0,78.0,51,Production Occupations,38800.0,18.65,38800.0,18.65,144926.18969230767,1598.9027999999998,46.81760653846154,False,False,False,False,27.432792161761725,27.432792161761725,1939.498405836554,21.397577886174144,75252538.1464583,830226.0219835568,0.011032531824611034,0.8716203732085005
51-9032.00,"Cutting and Slicing Machine Setters, Operators, and Tenders",5621717.998923076,73316.47369230769,118.25237692307692,4.098400000000001,70.9344,47540.0,620.0,51,Production Occupations,45700.0,21.97,44830.0,21.55,2602966.0126384613,33946.96945384615,93.867325,False,False,False,False,46.30196699900454,46.30196699900454,22011.955111326755,287.07219539382817,1005946348.5876328,12869446.519505316,0.013041649137568362,1.0303498117434549
51-9041.00,"Extruding, Forming, Pressing, and Compacting Machine Setters, Operators, and Tenders",5994482.306196154,82632.01922692308,104.5974926923077,4.176153846153846,63.95692307692308,57310.0,790.0,51,Production Occupations,45130.0,21.7,38940.0,18.72,2325560.227269231,32057.10311538462,60.03012961538462,False,False,False,False,38.79501362220107,38.795013622201076,22233.422306883433,306.4806076153884,1003394348.7096493,11934354.860543225,0.013784679811551214,1.089052626623858
51-9051.00,"Furnace, Kiln, Oven, Drier, and Kettle Operators and Tenders",1080851.6429538461,10701.501415384615,66.88438384615385,3.998823529411765,61.52117647058823,16160.0,160.0,51,Production Occupations,47010.0,22.6,37180.0,17.88,426869.7128,4226.4328,48.657749230769234,False,False,False,False,39.49383022015982,39.493830220159815,6382.202963577827,63.19012835225571,300027361.31779367,2349408.972136867,0.009900990099009901,0.7822234118537824
51-9061.00,"Inspectors, Testers, Sorters, Samplers, and Weighers",68537629.96816154,806897.9068615384,115.93360730769231,4.124516129032258,65.03483870967742,591180.0,6960.0,51,Production Occupations,47460.0,22.82,48000.0,23.08,27322204.53069231,321666.0636923077,68.14038923076923,False,False,False,False,39.864530686842485,39.864530686842485,235671.1325144754,2774.571335804237,11184951949.137003,133179424.11860338,0.011773064041408708,0.9301257985668238
51-9071.00,Jewelers and Precious Stone and Metal Workers,1485717.3654923076,30450.227815384616,63.43797461538461,3.943793103448276,82.91862068965517,23420.0,480.0,51,Production Occupations,49140.0,23.63,46200.0,22.21,65938.801275,2699.249175,14.250426153846153,False,False,False,False,4.438179347331685,8.864462989785043,1039.4216031450806,21.30326086719209,51077177.57854926,984210.6520642745,0.04093567251461988,3.234104983512422
51-9071.06,Gem and Diamond Workers,965553.0222461538,19789.30190769231,41.22771230769231,4.175714285714286,55.50214285714286,23420.0,480.0,51,Production Occupations,49140.0,23.63,46200.0,22.21,26532.827919230767,1090.3901884615384,16.800333076923074,False,False,False,False,2.7479410563604043,5.509998248284304,643.5677953996067,13.190117070529942,31624921.465936672,609383.4086584833,0.0410958904109589,3.2467629286533706
51-9081.00,Dental Laboratory Technicians,2736965.3092923076,94405.93785,80.68883576923076,4.4541176470588235,65.29294117647059,33920.0,1170.0,51,Production Occupations,48310.0,23.23,45770.0,22.0,123229.8336,4250.55735,21.769356538461537,False,False,False,False,4.502425850324838,4.502425850324837,1527.2228484301852,52.678382448800605,73780135.80766225,2411089.5646816036,0.03449292452830189,2.7250984840436754
51-9082.00,Medical Appliance Technicians,457609.06141153845,8363.612088461537,39.82672423076923,4.183333333333334,85.45466666666667,11490.0,210.0,51,Production Occupations,47060.0,22.63,40600.0,19.52,0.0,0.0,10.32946,False,False,False,False,0.0,0.0,0.0,0.0,0.0,0.0,,
51-9083.00,Ophthalmic Laboratory Technicians,2122233.1681384617,23328.710386153845,113.24616692307691,4.417222222222223,76.83055555555556,18740.0,206.0,51,Production Occupations,38420.0,18.47,38420.0,18.47,149786.91716923076,1646.537083076923,31.975242692307692,False,False,False,False,7.057985871581579,7.057985871581579,1322.666552334388,14.539450895458053,50816848.94068719,558605.7034034984,0.010992529348986126,0.8684599950389432
51-9111.00,Packaging and Filling Machine Operators and Tenders,34366853.66357692,472716.5824615385,89.52965576923077,4.284000000000001,86.549,383860.0,5280.0,51,Production Occupations,40900.0,19.67,40430.0,19.44,14296216.976599999,196644.67680000002,69.19481884615385,False,False,False,False,41.59885311744898,41.59885311744899,159681.35757663968,2196.419444601306,6530967524.884563,88801238.14523081,0.01375501484916376,1.086708959186644
51-9123.00,"Painting, Coating, and Decorating Workers",224983.7462653846,3984.3638653846156,26.562425769230767,4.2155555555555555,70.86444444444444,8470.0,150.0,51,Production Occupations,40860.0,19.64,42020.0,20.2,0.0,0.0,4.892685769230769,False,False,False,False,0.0,0.0,0.0,0.0,0.0,0.0,,
51-9124.00,"Coating, Painting, and Spraying Machine Setters, Operators, and Tenders",13147922.649230769,146729.16812307693,82.43211692307692,4.099130434782609,72.37652173913044,159500.0,1780.0,51,Production Occupations,47590.0,22.88,45720.0,21.98,2048049.3825,22855.9743,44.60584699300699,True,False,True,False,15.576980768287552,15.576980768287552,24845.284325418645,277.2702576755184,1182387081.0466733,12676796.1809247,0.011159874608150471,0.8816810343766334
51-9141.00,Semiconductor Processing Technicians,3008713.8776153848,13101.708953846155,93.58363538461539,4.1745,58.0955,32150.0,140.0,51,Production Occupations,51180.0,24.6,39090.0,18.8,1055084.4674423076,4594.4580230769225,52.965938076923074,False,True,True,False,35.067623920375425,35.06762392037542,11274.2410904007,49.09467348852559,577015659.0067078,1919110.7866664655,0.004354587869362363,0.3440323186193618
51-9151.00,Photographic Process Workers and Processing Machine Operators,497345.72907692305,9857.302738461538,89.61184307692308,3.998518518518519,72.92888888888889,5550.0,110.0,51,Production Occupations,40100.0,19.28,40250.0,19.35,379445.82178846153,7520.547819230769,82.17983653846153,False,False,False,False,76.29417517924915,76.29417517924915,4234.326722448328,83.92359269717406,169796501.57017794,3377924.606061256,0.01981981981981982,1.5658562352604544
51-9161.00,Computer Numerically Controlled Tool Operators,19552548.48244231,106077.68603076923,110.49758961538461,4.262962962962963,83.08666666666667,176950.0,960.0,51,Production Occupations,49970.0,24.02,45880.0,22.06,11679166.943826923,63362.53329230769,78.54864961538462,True,True,True,True,59.73219784783819,59.7321978478382,105696.12409174968,573.4290993392466,5281635320.864732,26308927.077684633,0.005425261373269285,0.42862041262132095
51-9162.00,Computer Numerically Controlled Tool Programmers,844453.4579076923,4487.000307692308,29.913335384615387,4.048,77.03933333333333,28230.0,150.0,51,Production Occupations,65670.0,31.57,69590.0,33.46,779548.1468866864,4142.126178994083,30.24107174556213,True,True,True,True,92.31392678741322,92.31392678741321,26060.221532086754,138.47089018111984,1711374748.0121372,9636189.24770413,0.005313496280552603,0.41979046013407023
51-9191.00,Adhesive Bonding Machine Operators and Tenders,867845.9765384615,4991.718846153846,71.31026923076922,4.23,82.640625,12170.0,70.0,51,Production Occupations,45210.0,21.74,54640.0,26.27,315016.11092692305,1811.9250423076921,40.21775384615385,False,False,False,False,36.29861973704294,36.29861973704294,4417.542021998126,25.409033815930062,199717074.8145353,1388349.6077024187,0.005751848808545604,0.45442231074825323
51-9192.00,"Cleaning, Washing, and Metal Pickling Equipment Operators and Tenders",405145.9454076923,5541.953176923077,29.168174615384615,3.960909090909091,71.74545454545455,13890.0,190.0,51,Production Occupations,41460.0,19.93,43730.0,21.02,88649.32428461539,1212.6257461538462,20.245027307692308,False,False,False,False,21.88083708832601,21.88083708832601,3039.248271568483,41.57359046781942,126007233.3392293,1818013.1111577433,0.013678905687544997,1.0806959880110931
51-9193.00,Cooling and Freezing Equipment Operators and Tenders,395275.6543038462,4378.62257423077,59.98113115384616,3.8955555555555557,56.053333333333335,6590.0,73.0,51,Production Occupations,40160.0,19.31,40160.0,19.31,87887.84168846154,973.5678973076924,35.83040576923077,False,False,False,False,22.234569908750984,22.234569908750984,1465.2581569866898,16.231236033388218,58844767.58458546,651846.4391008709,0.011077389984825494,0.8751643726248768
51-9194.00,Etchers and Engravers,1144383.631203846,10911.882061538461,136.39852576923076,4.17576923076923,46.301153846153845,8390.0,80.0,51,Production Occupations,40450.0,19.45,39190.0,18.84,432191.1883576923,4121.012523076923,98.38004923076923,False,False,False,False,37.76628541104213,37.766285411042126,3168.591345986435,30.21302832883371,128169519.9451513,1184048.580206993,0.009535160905840284,0.7533212357304602
51-9195.00,"Molders, Shapers, and Casters, Except Metal and Plastic",2615499.5277884617,38385.74846538462,75.26617346153846,3.8240909090909088,48.28409090909091,34750.0,510.0,51,Production Occupations,45690.0,21.97,39260.0,18.87,1190.5281,2353.3695,25.631326153846153,False,False,False,False,0.045518192121665274,6.13084176832507,15.817571762278682,0.2321427798204929,722704.853818513,9113.92553575255,1.9767441860465114,156.17181373871443
51-9195.03,"Stone Cutters and Carvers, Manufacturing",1545986.6420192309,22689.300357692307,44.48882423076923,3.94125,67.443125,34750.0,510.0,51,Production Occupations,45690.0,21.97,39260.0,18.87,893.0665092307692,1603.746196153846,26.11380423076923,False,False,False,False,0.057766767509991206,7.068292855535898,20.073951709721943,0.29461051430095514,917178.8536171955,11566.408791455498,1.795774647887324,141.87439417108567
51-9195.04,"Glass Blowers, Molders, Benders, and Finishers",3154935.82,46302.6552,90.78952,4.14375,47.724375,34750.0,510.0,51,Production Occupations,45690.0,21.97,39260.0,18.87,20727.51376076923,4608.122065384616,30.713026153846155,False,False,False,False,0.6569868594274362,9.95217670667106,228.30293365103407,3.3506329830799246,10431161.038515747,131545.85091571783,0.22231909328683525,17.56422316677783
51-9195.05,"Potters, Manufacturing",2156722.2758653844,31652.614696153847,62.06395038461538,4.186521739130435,75.88521739130434,34750.0,510.0,51,Production Occupations,45690.0,21.97,39260.0,18.87,50494.193572307704,4400.553438461539,28.046726923076925,False,False,False,False,2.341246906815896,13.9026537956002,813.5833001185239,11.940359224761071,37172620.982415356,468778.50316411967,0.08714969241285031,6.885223503859934
51-9196.00,"Paper Goods Machine Setters, Operators, and Tenders",6154645.676846154,58404.06418461539,63.48267846153846,4.192857142857142,58.62357142857143,96950.0,920.0,51,Production Occupations,49390.0,23.75,59100.0,28.42,2935261.9661346157,27853.95573846154,40.61296115384616,False,False,False,False,47.691810711006546,47.691810711006546,46237.21048432085,438.7646585412602,2283655825.8206067,25930991.31978848,0.009489427539969056,0.7497080910722378
51-9197.00,Tire Builders,3167911.1067923075,34896.87485307692,151.06872230769233,4.396,50.7365,20970.0,231.0,51,Production Occupations,55580.0,26.72,55580.0,26.72,0.0,0.0,38.627588076923075,False,False,False,False,0.0,0.0,0.0,0.0,0.0,0.0,,
51-9198.00,Helpers--Production Workers,15836644.606846156,121027.55446153847,94.55277692307693,3.7243333333333335,56.074666666666666,167490.0,1280.0,51,Production Occupations,38220.0,18.38,35940.0,17.280000000000005,7092202.100053847,54200.36233846154,60.60145846153846,False,False,False,False,44.783489660353304,44.783489660353304,75007.86683212574,573.2286676525223,2866800670.323846,20601838.31543165,0.007642247298346169,0.6037724203502118
53-1041.00,Aircraft Cargo Handling Supervisors,178738.66286153847,879.6194038461538,17.592388076923076,4.498333333333333,72.11166666666666,10160.0,50.0,53,Transportation and Material Moving Occupations,63940.0,30.74,78990.0,37.98,69876.05258461538,343.8782115384615,9.778256153846153,True,False,True,False,39.09397746739635,39.09397746739636,3971.948110687469,19.546988733698175,253966362.1973568,1544016.6400748189,0.004921259842519686,0.3888019911281104
53-1042.00,"First-Line Supervisors of Helpers, Laborers, and Material Movers, Hand",6507501.0368,71661.99491538461,52.84807884615385,3.9945833333333334,79.10666666666667,123136.0,1356.0,53,Transportation and Material Moving Occupations,61900.0,29.76,61900.0,29.76,6137379.137598077,67595.67265192307,35.98381807692307,True,False,True,False,94.31238048048122,94.32569206556018,116132.49282844536,1278.8758793153254,7188601306.080768,79162416.92961864,0.011013768440314622,0.8701379802017919
53-1042.01,Recycling Coordinators,3852470.02624,42424.22488615385,31.286301538461537,3.66,59.20086956521739,123136.0,1356.0,53,Transportation and Material Moving Occupations,61900.0,29.76,61900.0,29.76,1810197.133715769,19946.121895384615,22.65551,True,False,True,False,46.987961525621955,47.015878189667305,57859.09630418985,637.1567582874337,3581478061.2293515,39440003.33799215,0.011018756755205694,0.870532079847835
53-1043.00,First-Line Supervisors of Material-Moving Machine and Vehicle Operators,4035866.65344,44443.827816923076,32.77568423076923,3.9463157894736844,86.13684210526316,123136.0,1356.0,53,Transportation and Material Moving Occupations,61900.0,29.76,61900.0,29.76,3230666.540412122,35582.039063368306,8.289057902097902,True,True,True,True,80.04889204301237,80.06069866425766,98569.0037060837,1085.4629761032477,6101421329.406581,67190158.22079103,0.011013838357588358,0.8701435039855613
53-2011.00,"Airline Pilots, Copilots, and Flight Engineers",8067072.610961539,144606.13542307692,81.23940192307693,4.28375,78.83291666666666,99300.0,1780.0,53,Transportation and Material Moving Occupations,226600.0,108.9423076923077,133230.0,64.05288461538461,5875249.185230769,105316.65206153847,64.85760346153846,False,False,False,False,72.83000251228036,72.83000251228037,72320.19249469439,1296.3740447185905,16387755619.297749,172715913.97785783,0.017925478348439074,1.4161946121155389
53-2012.00,Commercial Pilots,2811212.5928692305,36882.58852307692,54.23910076923077,4.40875,83.19208333333333,51830.0,680.0,53,Transportation and Material Moving Occupations,122670.0,58.97596153846154,101160.0,48.63461538461539,1854432.3876384615,24329.809446153846,37.06192115384616,False,False,False,False,65.9655691761738,65.9655691761738,34189.95450401088,448.5658703979818,4194081719.0070143,45376923.44945984,0.013119814779085472,1.0365252542179775
53-2021.00,Air Traffic Controllers,3444597.9766153847,53821.843384615386,153.77669538461538,4.473478260869565,83.81739130434782,22400.0,350.0,53,Transportation and Material Moving Occupations,144580.0,69.51,156120.0,75.06,2093339.6873846154,32708.432615384616,93.45266461538462,False,False,False,False,60.771669193207345,60.771669193207345,13612.853899278445,212.7008421762257,1968146416.7576776,33206855.480552357,0.015625,1.2344463218317503
53-2022.00,Airfield Operations Specialists,1163714.9696,20281.090215384615,69.93479384615385,4.045925925925926,67.87296296296296,16640.0,290.0,53,Transportation and Material Moving Occupations,56750.0,27.28,61400.0,29.52,652262.944,11367.563326923077,43.086014999999996,False,False,False,False,56.05006045631606,56.050060456316054,9326.730059930993,162.54517532331658,529291930.9010838,9980273.764851639,0.017427884615384616,1.3768824358892602
53-2031.00,Flight Attendants,13289143.002796154,146363.39960807693,102.13775269230769,4.0308,93.4604,130110.0,1433.0,53,Transportation and Material Moving Occupations,67130.0,32.27403846153846,49330.0,23.716346153846157,4254948.196915384,46862.96799769231,76.24304923076923,False,False,False,False,32.01822868502585,32.01822868502585,41658.91734208714,458.8212170564205,2796563121.1743097,22633650.63739322,0.011013757589731766,0.8701371229562178
53-3011.00,"Ambulance Drivers and Attendants, Except Emergency Medical Technicians",155773.41664615384,1715.0550011538462,12.895150384615384,4.087272727272727,88.04909090909092,12080.0,133.0,53,Transportation and Material Moving Occupations,34330.0,16.51,34330.0,16.51,13310.041353846154,146.54267384615386,1.1018246153846154,False,False,False,False,8.544488296151647,8.544488296151647,1032.1741861751188,11.364169433881692,35434539.81139183,390131.9366651585,0.011009933774834437,0.8698350241251539
53-3031.00,Driver/Sales Workers,19890317.144561537,161059.05789999999,47.650608846153844,3.880909090909091,63.86181818181819,417420.0,3380.0,53,Transportation and Material Moving Occupations,37130.0,17.85,26310.0,12.65,14535899.983453846,117702.4147,44.519309615384614,False,False,False,False,73.08028262097515,73.08028262097514,305051.7157164745,2470.1135525889604,11326570204.552698,64988687.56861555,0.008097359973168511,0.6397283990672327
53-3032.00,Heavy and Tractor-Trailer Truck Drivers,106982890.53332308,1254561.5423230769,51.67057423076923,4.340344827586207,78.19413793103449,2070480.0,24280.0,53,Transportation and Material Moving Occupations,57440.0,27.62,59580.0,28.64,41926091.5884,491656.7674,24.903088461538463,False,False,False,False,39.189529633564014,39.18952963356402,811411.3731570162,9515.217795029343,46607469274.139015,566916676.2278483,0.011726749352807079,0.9264667267593957
53-3033.00,Light Truck Drivers,36082699.24181538,358138.23424615385,36.285535384615386,4.41,78.43153846153847,994410.0,9870.0,53,Transportation and Material Moving Occupations,44140.0,21.22,43760.0,21.04,17823650.70645,176908.35014999998,22.04848076923077,False,True,True,False,49.39666677096761,49.3966667709676,491205.39403717907,4875.451010294503,21681806092.801083,213349736.21048746,0.00992548345249947,0.784158498581752
53-3052.00,"Bus Drivers, Transit and Intercity",8474634.1875,63710.5,56.884375,4.2542857142857144,84.59285714285714,148980.0,1120.0,53,Transportation and Material Moving Occupations,57440.0,27.61,49500.0,23.8,4021908.7166999998,30235.85556923077,32.405720384615385,True,False,True,False,47.45819852179902,47.45819852179903,70703.22415777617,531.531823444149,4061193195.6226635,26310825.260485377,0.007517787622499665,0.5939395378500462
53-4011.00,Locomotive Engineers,2331473.328369231,25508.460923076924,72.88131692307692,4.5878571428571435,90.2242857142857,31990.0,350.0,53,Transportation and Material Moving Occupations,77400.0,37.21,79800.0,38.37,1369332.9097,14981.7605,42.80503,False,False,False,False,58.73251445933511,58.73251445933511,18788.5313755413,205.5638006076729,1454232328.4668968,16403991.288492298,0.010940919037199126,0.864382544827484
53-4013.00,"Rail Yard Engineers, Dinkey Operators, and Hostlers",228229.50276923075,2489.7763938461535,69.16045538461537,4.204782608695653,76.55434782608695,3300.0,36.0,53,Transportation and Material Moving Occupations,58030.0,27.9,58030.0,27.9,62030.53661538461,676.696763076923,21.80336846153846,False,False,False,False,27.17901755151499,27.17901755151499,896.9075791999946,9.784446318545395,52047546.82097569,567791.4198651892,0.01090909090909091,0.8618679774243494
53-4022.00,"Railroad Brake, Signal, and Switch Operators and Locomotive Firers",1375156.7274307692,15120.102059230769,110.36570846153846,4.226,80.89920000000001,12460.0,137.0,53,Transportation and Material Moving Occupations,65480.0,31.48,65480.0,31.48,392089.35732615384,4311.094859846154,38.917845692307694,True,True,True,True,28.512339684997336,28.512339684997336,3552.637524750668,39.061905368446354,232626705.12067375,2557773.563525867,0.010995184590690208,0.8686697712536747
53-4031.00,Railroad Conductors and Yardmasters,2202948.946153846,24242.23846153846,51.57923076923077,4.0745,73.827,42710.0,470.0,53,Transportation and Material Moving Occupations,74080.0,35.62,74080.0,35.62,782216.1553269231,8607.857480769231,29.097885,False,False,False,False,35.50768421994542,35.50768421994542,15165.331930338687,166.88611583374347,1123447789.3994899,12362923.460963717,0.011004448606883634,0.869401670819458
53-4041.00,Subway and Streetcar Operators,511841.54353846156,50071.455346153845,55.63495038461538,4.564,96.20599999999999,9200.0,900.0,53,Transportation and Material Moving Occupations,84830.0,40.78,57200.0,27.5,241638.1910769231,23638.518692307694,26.26502076923077,False,False,False,False,47.20956986149085,47.20956986149085,4343.2804272571575,424.88612875341767,368440478.64422464,24303486.56469549,0.09782608695652174,7.728707406250959
53-5011.00,Sailors and Marine Oilers,1298434.252553846,14284.432944230768,41.40415346153846,3.7621428571428575,73.96857142857142,31360.0,345.0,53,Transportation and Material Moving Occupations,49610.0,23.85,49610.0,23.85,307054.6372923077,3377.992661538461,15.545869615384614,False,False,False,False,23.648069718460707,23.648069718460704,7416.034663709277,81.58584052868945,367909479.6666172,4047473.548628283,0.01100127551020408,0.869150981697865
53-5021.00,"Captains, Mates, and Pilots of Water Vessels",3721240.573603846,41008.30245,105.14949346153846,4.3389655172413795,84.44413793103449,35390.0,390.0,53,Transportation and Material Moving Occupations,85540.0,41.13,49120.0,23.62,2212337.805919231,24380.10015,79.19853653846154,False,False,False,False,59.451620021886576,59.45162002188656,21039.92832574566,231.86131808535762,1799755468.9842837,11389027.944352766,0.011020062164453235,0.8706352131370582
53-5022.00,Motorboat Operators,127878.91953846153,1396.9966,53.73063846153846,4.254375,75.67375,2380.0,26.0,53,Transportation and Material Moving Occupations,51880.0,24.94,51880.0,24.94,21405.263223076923,233.83900999999997,21.258763846153848,False,False,False,False,16.73869571336108,16.738695713361075,398.38095797799366,4.352060885473881,20668004.099898312,225784.91873838493,0.010924369747899159,0.8630750754319464
53-5031.00,Ship Engineers,254523.951,2818.1556346153843,29.664796153846154,4.333529411764706,88.21411764705883,8580.0,95.0,53,Transportation and Material Moving Occupations,101320.0,48.71,101320.0,48.71,58914.92969999999,652.3214826923077,13.317369615384614,False,False,False,False,23.147106379784272,23.147106379784272,1986.0217273854907,21.98975106079506,201223721.41869792,2228001.5774797555,0.011072261072261072,0.8747591651208674
53-6011.00,Bridge and Lock Tenders,255078.64984615386,2813.3674615384616,93.77891538461539,4.566111111111111,74.32722222222223,2720.0,30.0,53,Transportation and Material Moving Occupations,58490.0,28.12,58490.0,28.12,149733.7716923077,1651.475423076923,55.04918076923077,False,False,False,False,58.70102095279904,58.701020952799055,1596.667769916134,17.610306285839712,93389097.86239468,1030026.8146587647,0.011029411764705883,0.8713738742341768
53-6021.00,Parking Attendants,8423641.491326923,26900.600380769232,62.55953576923077,3.95,66.38133333333333,134650.0,430.0,53,Transportation and Material Moving Occupations,34600.0,16.63,34590.0,16.63,2618873.673134615,8363.280203846154,34.16623615384616,False,True,True,False,31.089567093175052,31.089567093175052,41862.10209096021,133.68513850065273,1448428732.3472233,4624168.940737578,0.0031934645376903085,0.2522982753569237
53-6031.00,Automotive and Watercraft Service Attendants,5508444.193007693,94731.5629,56.054179230769236,3.9314285714285715,65.79714285714286,98270.0,1690.0,53,Transportation and Material Moving Occupations,34850.0,16.76,34350.0,16.51,1623157.9057115386,27914.285750000003,22.300322692307695,False,False,False,False,29.46672143419266,29.46672143419266,28956.947153381127,497.98759223785595,1009149608.2953323,17105873.79337035,0.017197517044876362,1.3586823462839333
53-6041.00,Traffic Technicians,157279.8106153846,1722.1931769230769,20.749315384615382,3.7939130434782613,53.59608695652174,7580.0,83.0,53,Transportation and Material Moving Occupations,58480.0,28.12,58480.0,28.12,124863.39252307692,1367.2376753846154,16.640893846153848,False,False,False,False,79.38933295667587,79.38933295667586,6017.711438116031,65.89314635404098,351915764.9010255,3853431.1987843164,0.010949868073878629,0.8650895595739128
53-6051.00,Transportation Inspectors,339442.78973846155,3493.4077846153846,14.555865769230769,4.094285714285714,75.64428571428572,23320.0,240.0,53,Transportation and Material Moving Occupations,85750.0,41.23,62960.0,30.27,59316.316778754575,526.5213367582418,9.320641318681318,False,False,False,False,17.47461385892374,15.071854453321729,4075.079951901016,41.93907326141697,349438105.8755121,2640484.0525388126,0.008876500857632934,0.7012840854042466
53-6051.01,Aviation Inspectors,354741.8308923077,3650.8593230769234,15.211913846153847,4.2846153846153845,78.90153846153846,23320.0,240.0,53,Transportation and Material Moving Occupations,85750.0,41.23,62960.0,30.27,37287.90266666667,594.8156,6.552465384615385,False,False,False,False,10.511278744002004,16.292482053203102,2451.2302031012673,25.22706898560481,210192989.91593367,1588296.2633336787,0.015951972555746142,1.2602786462337185
53-6051.07,"Transportation Vehicle, Equipment and Systems Inspectors, Except Aviation",961234.7845692307,9892.639292307693,41.21933038461538,3.8392857142857144,54.53357142857143,23320.0,240.0,53,Transportation and Material Moving Occupations,85750.0,41.23,62960.0,30.27,31308.248061538456,189.2994415384615,6.680162692307692,False,False,False,False,3.2570864646319455,1.9135382979712678,759.5525635521698,7.817007515116669,65131632.32459856,492158.79315174546,0.00604631217838765,0.47768626107245776
53-6061.00,Passenger Attendants,774002.0937384615,1832.6805692307692,30.544676153846154,4.185,59.73083333333333,25340.0,60.0,53,Transportation and Material Moving Occupations,37560.0,18.06,33780.0,16.24,409557.97416153847,969.7505307692307,20.174645769230768,False,True,True,False,52.914323808008945,52.914323808008945,13408.489652949467,31.748594284805367,503622871.364782,1072467.5149407254,0.002367797947908445,0.18706684592872616
53-7011.00,Conveyor Operators and Tenders,1707166.7751461538,15067.089726923077,65.50908576923077,4.308,56.552499999999995,26060.0,230.0,53,Transportation and Material Moving Occupations,41230.0,19.82,40680.0,19.56,677072.4775384616,5975.69723076923,34.25875307692308,False,False,False,False,39.66059364531014,39.660593645310136,10335.550703967823,91.21936538421332,426134755.52459335,3710803.783829798,0.008825786646201074,0.6972774312111806
53-7021.00,Crane and Tower Operators,1117087.569230769,13564.634769230768,26.597323076923075,4.134545454545454,76.08545454545455,42000.0,510.0,53,Transportation and Material Moving Occupations,66370.0,31.91,69020.0,33.18,320102.48307692306,3886.958723076923,16.180288846153847,False,False,False,False,28.65509310942802,28.65509310942802,12035.139105959768,146.1409748580829,798772182.4625498,10086650.084704882,0.012142857142857143,0.9593411415378175
53-7031.00,Dredge Operators,33738.22521538461,360.31114307692303,32.755558461538456,4.276666666666666,91.56833333333333,1030.0,11.0,53,Transportation and Material Moving Occupations,48430.0,23.28,48430.0,23.28,13264.362976923076,141.65824538461538,12.878022307692307,False,False,False,False,39.31553272954777,39.315532729547776,404.949987114342,4.324708600250254,19611727.875947583,209445.63751011982,0.010679611650485438,0.8437380685141286
53-7041.00,Hoist and Winch Operators,121793.91027692308,1325.9820876923077,49.110447692307694,4.202307692307692,69.09461538461538,2480.0,27.0,53,Transportation and Material Moving Occupations,52310.0,25.15,52310.0,25.15,93186.87276923077,1014.534501923077,39.53571576923077,False,False,False,False,76.51193114446492,76.51193114446492,1897.49589238273,20.658221409005527,99258010.13054061,1080631.561905079,0.010887096774193548,0.8601303403730906
53-7051.00,Industrial Truck and Tractor Operators,33152652.325315382,284716.9218153846,41.14406384615384,4.276666666666667,69.55666666666667,805770.0,6920.0,53,Transportation and Material Moving Occupations,46390.0,22.3,47500.0,22.84,19420644.986723077,166785.6377230769,32.98274307692307,False,False,False,False,58.57946084118725,58.57946084118725,472015.7216200345,4053.6986902101576,21896809325.9534,192550687.78498247,0.008588058627151668,0.6784958325736198
53-7061.00,Cleaners of Vehicles and Equipment,17763444.0432,211379.094,47.50092,3.6670000000000003,74.3255,373960.0,4450.0,53,Transportation and Material Moving Occupations,35270.0,16.96,34170.0,16.43,2283474.120507692,27172.584865384615,8.058274230769232,False,False,False,False,12.854906486345621,12.854906486345625,48072.20829633809,572.0433386423801,1695506786.6118443,19546720.88141013,0.01189966841373409,0.9401281218784965
53-7062.00,"Laborers and Freight, Stock, and Material Movers, Hand",104293614.92297308,1040303.0460576924,34.96816961538462,3.82,53.29923076923077,2982530.0,29750.0,53,Transportation and Material Moving Occupations,38940.0,18.72,39570.0,19.02,20305871.243790384,405092.0993269231,13.616541153846153,False,False,False,False,19.469908353246222,38.939816706492444,580695.8576080746,5792.29773509075,22612296695.258423,229201221.377541,0.019949505956352493,1.5761020320115156
53-7062.04,Recycling and Reclamation Workers,121318984.78642309,1210126.9048076924,40.67653461538462,3.992857142857143,54.92785714285714,2982530.0,29750.0,53,Transportation and Material Moving Occupations,38940.0,18.72,39570.0,19.02,11483795.856769232,229096.05384615384,7.700707692307693,True,False,True,False,9.465786312823147,18.93157262564629,282319.9165158442,2816.0714280648863,10993537549.126972,111431946.40852755,0.01994950595635249,1.5761020320115153
53-7063.00,Machine Feeders and Offbearers,3046065.1355346153,10438.432676923077,65.24020423076924,4.075384615384616,72.78307692307693,46690.0,160.0,53,Transportation and Material Moving Occupations,39700.0,19.09,39440.0,18.96,494630.41212307697,1695.0281846153848,16.47918307692308,False,False,False,False,16.2383399603917,16.2383399603917,7581.6809275068845,25.98134393662672,300992732.82202333,1024704.2048605578,0.0034268579995716426,0.27073742419269914
53-7064.00,"Packers and Packagers, Hand",29866163.405723076,348597.4779,49.657760384615386,4.128333333333333,72.48166666666667,601440.0,7020.0,53,Transportation and Material Moving Occupations,35580.0,17.1,35430.0,17.03,4851501.649292309,56626.66530000001,12.669730000000001,False,False,False,False,16.244140847239336,16.244140847239333,97698.76071163626,1140.3386874762014,3476121906.1200185,40402199.697281815,0.011671987230646448,0.9221402691416747
53-7065.00,Stockers and Order Fillers,200687368.488,1948729.4886153846,72.20190769230769,3.9113333333333333,81.50099999999999,2779530.0,26990.0,53,Transportation and Material Moving Occupations,37090.0,17.83,37800.0,18.17,132693018.57945,1288485.6689653846,47.73937269230769,True,True,True,True,66.11926778410286,66.11926778410287,1837804.8838394743,17845.59037492936,68164183141.6061,674563316.1723299,0.009710274758682223,0.7671560294291813
53-7071.00,Gas Compressor and Gas Pumping Station Operators,153588.00549615384,1683.1562246153846,30.056361153846154,3.9853846153846155,91.80461538461539,5110.0,56.0,53,Transportation and Material Moving Occupations,71510.0,34.38,71510.0,34.38,145651.3755846154,1596.1794584615384,28.503204615384615,False,False,False,False,94.83251971018193,94.83251971018191,4845.941757190296,53.106211037701875,346533295.05667806,3797625.151306061,0.01095890410958904,0.8658034476408988
53-7072.00,"Pump Operators, Except Wellhead Pumpers",310134.70384615386,4922.773076923077,24.613865384615387,4.162142857142857,76.58714285714287,12600.0,200.0,53,Transportation and Material Moving Occupations,60020.0,28.86,73840.0,35.5,181156.71323076924,2875.5033846153847,19.405186153846152,False,False,False,False,58.41226763214292,58.41226763214292,7359.945721650009,116.82453526428584,441743942.2134335,8626323.683914866,0.015873015873015872,1.2540407078925717
53-7073.00,Wellhead Pumpers,353158.5493269231,3663.8927307692306,20.354959615384615,4.058571428571429,70.29571428571428,17350.0,180.0,53,Transportation and Material Moving Occupations,70010.0,33.66,66890.0,32.16,221884.4988653846,2301.971746153846,12.788731923076924,False,False,False,False,62.82857919998518,62.82857919998519,10900.758491197428,113.09144255997333,763162101.968732,7564686.592836616,0.01037463976945245,0.8196438978387184
53-7081.00,Refuse and Recyclable Material Collectors,5067620.027815385,24759.17243076923,36.410547692307695,3.975,82.45785714285715,139180.0,680.0,53,Transportation and Material Moving Occupations,48350.0,23.24,50720.0,24.38,2245953.8160384614,10973.190076923076,22.10393346153846,False,False,False,False,44.31969649876603,44.31969649876603,61684.15358698255,301.373936191609,2982428825.9306064,15285686.043638408,0.00488575944819658,0.3859972979315834
53-7121.00,"Tank Car, Truck, and Ship Loaders",715618.2726,2621.312353846154,65.53280884615384,4.287894736842105,67.15578947368421,10920.0,40.0,53,Transportation and Material Moving Occupations,58070.0,27.92,47540.0,22.86,332466.1452,1217.8247076923076,39.83031692307692,False,False,False,False,46.45858803913387,46.45858803913386,5073.277813873419,18.583435215653548,294605242.65162945,883456.5101521696,0.0036630036630036626,0.2893940095136704
