soc_code_2019,title,task_comp_nat,task_comp_ut,freq_sum_eco,importance,relevance,tot_emp_nat,tot_emp_ut,major_group_code,major_occ_category,a_med_nat,h_med_nat,a_med_ut,h_med_ut,ai_task_comp_nat,ai_task_comp_ut,freq_sum_ai,code_changed,title_changed,code_or_title_changed,code_and_title_changed,pct_automated_nat,pct_automated_ut,people_automated_nat,people_automated_ut,eco_value_nat,eco_value_ut,ut_share_of_nat,ut_concentration_index
11-1011.00,Chief Executives,3761657.2440192304,70669.79386923077,17.756229615384616,3.950967741935484,72.6974193548387,211850.0,3980.0,11,Management Occupations,206420.0,99.24,163980.0,78.84,201330.4920430769,7564.61653076923,15.507808461538461,False,False,False,False,5.352175357368835,10.704172343797966,11338.583494585875,213.01657922327962,2340510404.9524164,34930458.66103339,0.037573128908614084,2.912508697030835
11-1011.03,Chief Sustainability Officers,1618392.793826923,30404.547176923075,7.639333461538461,3.757222222222222,96.50277777777778,211850.0,3980.0,11,Management Occupations,206420.0,99.24,163980.0,78.84,47693.90451115384,1792.1280769230766,3.695580769230769,False,False,False,False,2.946991897954188,5.894276492574421,6243.202335815948,117.29027753857669,1288721826.159128,19233259.710775804,0.037575620937135984,2.9127018684529156
11-1021.00,General and Operations Managers,69870293.94412307,894913.3179076923,19.492775384615385,3.6958823529411764,69.39117647058823,3584420.0,45910.0,11,Management Occupations,102950.0,49.5,91230.0,43.86,21697433.102315385,277905.25488846155,18.68142423076923,False,False,False,False,31.053874082263537,31.053874082263537,1113101.2733794707,14256.83359116719,114593776094.4165,1300650928.5221827,0.012808208859452854,0.9928377215343236
11-2011.00,Advertising and Promotions Managers,372525.7100769231,4096.017286153846,17.655246923076923,3.691904761904762,72.79380952380953,21100.0,232.0,11,Management Occupations,126960.0,61.04,108370.0,52.10000000000001,300048.9381764706,3299.116287058823,20.210278371040722,False,False,False,False,80.54449130893899,80.54449130893899,16994.88766618613,186.86321983673847,2157670938.098991,20250367.13370735,0.010995260663507108,0.8523057099256819
11-2021.00,Marketing Managers,3934261.3544769227,67039.20849230769,10.219391538461538,3.4295,73.021,384980.0,6560.0,11,Management Occupations,161030.0,77.42,135190.0,65.0,2876482.9030153845,49014.826338461535,8.788786153846154,False,False,False,False,73.11367100058419,73.11367100058418,281473.010618049,4796.256817638323,45325598899.82443,648405959.1765249,0.017039846225777963,1.3208562014985237
11-2022.00,Sales Managers,6808787.663576922,97669.57838461538,11.278242307692308,3.584705882352941,82.30588235294118,603710.0,8660.0,11,Management Occupations,138060.0,66.38,130430.0,62.71,1619816.855157692,23235.682638461534,9.739890769230769,False,False,False,False,23.790092086771566,23.790092086771566,143623.1649370486,2060.2219747144177,19828614151.20893,268714752.1620015,0.01434463566944394,1.1119349747158245
11-3012.00,Administrative Services Managers,1594059.623069231,11352.98621923077,6.272368076923077,3.655,74.9975,254140.0,1810.0,11,Management Occupations,108390.0,52.11,105800.0,50.86,1888236.8889353804,18510.39300989011,13.710562403846154,True,False,True,False,118.45459615241589,163.04426564471154,301040.51066174975,2144.0281903587274,32629780950.627056,226838182.53995335,0.009803003594706055,0.7598870271371037
11-3013.00,Facilities Managers,1464904.6937076922,16612.428307692306,10.382767692307691,3.921818181818182,82.02363636363636,141090.0,1600.0,11,Management Occupations,104690.0,50.33,94310.0,45.34,1888236.8889353804,18510.39300989011,13.710562403846154,True,True,True,True,128.89827557014846,111.42496850577204,181862.57700192247,2062.3724091223753,19039193186.331264,194502341.9043312,0.009803003594706055,0.7598870271371037
11-3021.00,Computer and Information Systems Managers,8508774.72885,106562.20498846154,13.172089615384616,3.84,89.90588235294118,645970.0,8090.0,11,Management Occupations,171200.0,82.31,162400.0,78.08,4453807.6203000005,55778.60217692307,11.883718846153846,False,False,False,False,52.343701205284496,52.34370120528449,338124.60667577625,4234.605427507516,57886932662.89289,687699921.4272206,0.012523801414926388,0.970791669482115
11-3031.00,Financial Managers,15301560.974023078,162058.7496576923,18.691897307692308,3.904705882352941,57.60529411764706,818620.0,8670.0,11,Management Occupations,161700.0,77.74,137760.0,66.23,1761490.188605,55962.327335384616,18.636154230769232,False,False,False,False,11.511833280247814,34.5321233525439,94238.16959876465,998.0759453974855,15238312024.120245,137494942.2379576,0.03176987740119268,2.4626653920579784
11-3031.01,Treasurers and Controllers,9755610.406215385,103321.61713846153,11.917141538461538,4.113181818181818,79.08318181818181,818620.0,8670.0,11,Management Occupations,161700.0,77.74,137760.0,66.23,734779.0240788462,23348.909734615387,9.639302307692308,False,False,False,False,7.531861087961365,22.59828134835081,61657.32123826933,653.0123563262504,9969988844.228151,89958982.20750426,0.03177677773788751,2.463200276727419
11-3031.03,Investment Fund Managers,30074163.70826154,318515.3054538461,36.737636153846154,4.047,78.4505,818620.0,8670.0,11,Management Occupations,161700.0,77.74,137760.0,66.23,6744996.820523076,214308.67472307693,30.05474576923077,True,False,True,False,22.427878247767165,67.28363474330152,183599.09691187157,1944.4970440814132,29687973970.64963,267873912.79265547,0.03177298380200826,2.46290618699986
11-3051.00,Industrial Production Managers,3881767.2143153846,37926.64442692308,16.561853461538462,3.6976923076923076,84.13461538461539,234380.0,2290.0,11,Management Occupations,121440.0,58.39,108370.0,52.10000000000001,79942.95743,4691.170889999999,23.254660384615384,False,False,False,False,2.0594474891534498,12.369063915050356,4826.933025077856,47.161347501614,586182746.5654548,5110875.228749909,0.058681477903887946,4.54873788034494
11-3051.01,Quality Control Systems Managers,6802797.196561539,66466.4458576923,29.024648846153845,3.8985185185185185,85.9774074074074,234380.0,2290.0,11,Management Occupations,121440.0,58.39,108370.0,52.1,66908.85855692308,3923.1462761538464,17.799539615384617,False,False,False,False,0.983549216941849,5.902446302835993,2305.242654668306,22.523277067968344,279948667.9829191,2440847.5358557296,0.05863418328704873,4.545071803367375
11-3051.02,Geothermal Production Managers,5157451.309338462,50390.66259230769,22.004656153846156,3.9629411764705886,79.54529411764706,234380.0,2290.0,11,Management Occupations,121440.0,58.39,108370.0,52.1,26331.256749230768,1541.3833996153846,11.571617307692307,False,False,False,False,0.5105478495076328,3.0588671002128915,1196.6220496759897,11.69154575372479,145317781.7126522,1267012.8133311556,0.058538163001293664,4.537628720358952
11-3051.03,Biofuels Production Managers,6401449.12143077,62545.091253846156,27.312266923076923,4.057142857142857,90.90785714285714,234380.0,2290.0,11,Management Occupations,121440.0,58.39,108370.0,52.1,4649.706446538462,274.9061915384616,8.276351153846155,False,False,False,False,0.07263521678196544,0.4395328010998089,170.24242109357058,1.6633464643070084,20674239.617603213,180256.8563369505,0.05912334352701326,4.582989418815466
11-3051.04,Biomass Power Plant Managers,6470586.0831,63220.59105,27.607245,3.856842105263158,82.88631578947368,234380.0,2290.0,11,Management Occupations,121440.0,58.39000000000001,108370.0,52.1,45940.76896076924,2695.2059550000004,12.794472692307693,False,False,False,False,0.7099939382733538,4.263177408240951,1664.0837925250867,16.2588611864598,202086335.76424652,1761972.7867766486,0.058666975237213606,4.547613695480755
11-3051.06,Hydroelectric Production Managers,4036669.0464615384,39440.10630769231,17.222753846153847,3.967777777777778,85.05777777777777,234380.0,2290.0,11,Management Occupations,121440.0,58.39,108370.0,52.1,8004.126104999999,468.07755,6.2228903846153845,False,False,False,False,0.19828541832073782,1.1868060049034583,464.7413634601453,4.540736079544896,56438191.17860004,492079.56894028035,0.058479532163742694,4.533083907902775
11-3061.00,Purchasing Managers,1297151.7996461538,7983.4551923076915,15.966910384615383,4.051666666666667,93.56722222222223,81240.0,500.0,11,Management Occupations,139510.0,67.07,123360.0,59.31,408917.3530153846,2516.7242307692304,12.990409615384614,False,False,False,False,31.524248212655753,31.524248212655753,25610.299247961535,157.62124106327875,3572892848.0831137,19444156.297566067,0.006154603643525357,0.47707862398533635
11-3071.00,"Transportation, Storage, and Distribution Managers",5219563.607307692,63712.983,24.50499346153846,3.914615384615385,92.16576923076923,213000.0,2600.0,11,Management Occupations,102010.0,49.05,97980.0,47.11,1098599.1466483516,26820.260857142857,19.550869505494504,False,False,False,False,21.0477202559664,42.0954405119328,44831.64414520843,547.2407266551264,4573276019.252712,53618646.397669286,0.024413145539906107,1.8924029159188487
11-3071.04,Supply Chain Managers,2135131.006153846,26062.631999999998,10.02408923076923,3.627666666666667,86.03133333333334,213000.0,2600.0,11,Management Occupations,102010.0,49.05,97980.0,47.11,364702.12269230763,8903.525999999998,8.409562692307691,True,False,True,False,17.081018524913365,34.162037049826736,36382.56945806547,444.1064816477475,3711385910.4172583,43513553.0718463,0.024413145539906103,1.8924029159188485
11-3111.00,Compensation and Benefits Managers,144427.84978846152,1223.3549807692307,7.196205769230768,3.875,74.67545454545454,20070.0,170.0,11,Management Occupations,140360.0,67.48,132920.0,63.91,15972.16915384615,135.28992307692303,6.588759615384615,False,False,False,False,11.058926084712908,11.058926084712908,2219.526465201881,18.800174344011943,311532734.655736,2498919.1738060676,0.008470353761833582,0.6565856960773974
11-3121.00,Human Resources Managers,3016879.0499076922,28976.149003846152,13.998139615384614,3.9057692307692307,94.71076923076923,215520.0,2070.0,11,Management Occupations,140030.0,67.32,131070.0,63.02,209690.59846153844,2014.0104807692305,11.251087692307692,False,False,False,False,6.950580218585639,6.950580218585639,14979.89048709577,143.87701052472272,2097634064.9080207,18857959.769475408,0.00960467706013363,0.7445136000743992
11-3131.00,Training and Development Managers,225863.96110769227,2511.8323076923075,5.023664615384615,3.9616666666666664,92.47166666666668,44960.0,500.0,11,Management Occupations,127090.0,61.1,109980.0,52.88,139894.71735384615,1555.7686538461537,4.192748461538461,False,False,False,False,61.937600256264055,61.93760025626405,27847.145075216322,309.6880012813203,3539093667.6092424,34059486.380919605,0.011120996441281138,0.8620522111336459
11-9013.00,"Farmers, Ranchers, and Other Agricultural Managers",111296.43807692306,1224.0725,18.831884615384613,3.8590000000000004,84.1375,5910.0,65.0,11,Management Occupations,87980.0,42.3,87980.0,42.3,10999.180970979021,120.97237954545454,12.061807552447553,False,False,False,False,9.88277896492688,9.882778964926876,584.0722368271786,6.423806327202471,51386675.39605517,565166.4806672734,0.010998307952622672,0.8525419227806994
11-9021.00,Construction Managers,3542852.23845,50549.69605,10.170964999999999,3.6260000000000003,92.7368,348330.0,4970.0,11,Management Occupations,106980.0,51.43,99900.0,48.03,1369159.3983639053,19535.274624260353,6.535414142011834,False,False,False,False,38.64568167717074,38.64568167717074,134614.50298608883,1920.6903793553859,14401059529.451784,191876968.89760303,0.014268079120374358,1.106000637559019
11-9031.00,"Education and Childcare Administrators, Preschool and Daycare",1319669.5139846154,10134.295346153845,18.42599153846154,3.928235294117647,85.17294117647059,71620.0,550.0,11,Management Occupations,56270.0,27.05,59400.0,28.56,374899.5751416667,2879.010979166667,15.223460416666667,False,True,True,False,28.40859557403076,28.408595574030766,20346.23615012083,156.24727565716918,1144882708.167299,9281088.174035849,0.007679419156660151,0.5952758189587489
11-9032.00,"Education Administrators, Kindergarten through Secondary",5998869.808296153,52738.554457692306,18.768168846153845,3.776875,81.05875,319630.0,2810.0,11,Management Occupations,104070.0,48.39,124650.0,59.92788461538461,1615478.509332923,14202.342118153845,12.2582512,False,True,True,False,26.929714445524265,26.92971444552426,86075.4462822292,756.7249759192318,8957871694.591593,94325768.24833225,0.008791415073678942,0.6814729995890131
11-9033.00,"Education Administrators, Postsecondary",3399529.7362076924,47210.338134615384,19.269525769230768,3.6974074074074075,66.34962962962963,176420.0,2450.0,11,Management Occupations,103960.0,49.97999999999999,100110.0,48.13,1294835.3363923077,17981.785365384614,11.973419999999999,False,False,False,False,38.088660399151166,38.08866039915117,67196.01467618249,933.1721797792036,6985697685.735931,93419866.91769607,0.013887314363450856,1.076485377630579
11-9041.00,Architectural and Engineering Managers,2924808.6847,34484.76532307693,13.905147307692308,3.346315789473684,80.61105263157894,210340.0,2480.0,11,Management Occupations,167740.0,80.64,149990.0,72.11,648462.8460384615,15293.935048076923,13.775273846153846,False,False,False,False,22.171120095158457,44.3498307289983,46634.7340081563,549.8437783599297,7822510282.528138,82471068.31620586,0.023584905660377357,1.8282012930456943
11-9041.01,Biofuels/Biodiesel Technology and Product Development Managers,4531095.1737,53423.58101538462,21.541766538461538,3.548888888888889,65.62444444444445,210340.0,2480.0,11,Management Occupations,167740.0,80.64,149990.0,72.11,25282.929274615384,595.9512865384615,5.397771923076923,False,False,False,False,0.557987159955633,1.1155210399820312,1173.6701922506784,13.838081566899698,196871438.04812878,2075573.8542192858,0.02357129112949779,1.8271459526802651
11-9051.00,Food Service Managers,15459950.063007694,127867.58026153847,63.30078230769231,4.3246153846153845,77.12461538461538,244230.0,2020.0,11,Management Occupations,65310.0,31.4,57450.0,27.62,3361373.961350405,27801.56165060729,44.41716971659919,False,False,False,False,21.742463252798235,21.742463252798235,53101.61800230913,439.1977577065243,3468066671.730809,25231911.180239823,0.00827089219178643,0.6411242859058168
11-9071.00,Gambling Managers,208125.23921538462,2297.486406923077,45.04875307692308,4.254736842105263,70.18,4620.0,51.0,11,Management Occupations,85580.0,41.14,85580.0,41.14,30046.74572307692,331.6848553846154,40.60835547337278,False,True,True,False,14.436858228416089,14.436858228416089,666.9828501528232,7.362797696492205,57080392.31607861,630108.2268658029,0.01103896103896104,0.8556931766411277
11-9081.00,Lodging Managers,1749823.7902307692,19254.4093,42.31738307692308,4.142083333333333,84.895,41350.0,455.0,11,Management Occupations,68130.0,32.76,64160.0,30.850000000000005,377345.86605769227,4152.173374999999,39.80442923076923,False,False,False,False,21.56479230448269,21.56479230448269,8917.041617903593,98.11980498539624,607518045.4277718,6295366.687863023,0.011003627569528416,0.8529542767941364
11-9111.00,Medical and Health Services Managers,10661587.530676924,93833.42623846153,18.84205346153846,3.9766666666666666,87.50055555555555,565840.0,4980.0,11,Management Occupations,117960.0,56.71,107980.0,51.91,4583626.31116923,40340.83668461538,14.972551923076923,False,False,False,False,42.991968109632985,42.99196810963299,243265.7523515473,2141.0000118597227,28695628147.38852,231185181.28061286,0.008801074508695036,0.6822217577922813
11-9121.00,Natural Sciences Managers,1200077.1593461537,13681.855192307692,11.897265384615384,3.795,83.3125,100870.0,1150.0,11,Management Occupations,161180.0,77.49,117190.0,56.34,38341.95262615385,1312.879463076923,11.897265384615384,False,False,False,False,3.194957284833581,9.59577078271563,3222.7534132116334,36.742008775586186,519443395.14145106,4305796.008410946,0.03424133027021113,2.654241877285638
11-9121.01,Clinical Research Coordinators,2941782.8445923077,33538.71588461538,29.164100769230767,3.9381818181818184,75.16272727272727,100870.0,1150.0,11,Management Occupations,161180.0,77.49,117190.0,56.34,143993.6890576923,4922.982423076923,27.554781923076924,False,False,False,False,4.894776285829076,14.678505998898887,4937.36083951579,56.28992728703438,795803820.113155,6596616.5787675595,0.034188876299325086,2.65017586918791
11-9121.02,Water Resource Specialists,996863.9141999999,11365.059,9.88266,3.505714285714286,93.07190476190476,100870.0,1150.0,11,Management Occupations,161180.0,77.49,117190.0,56.34,6424.2082523076915,219.67043999999999,4.454530384615384,False,False,False,False,0.6444418501660005,1.9328578936545777,650.0484942624447,7.411081276909005,104774816.30522084,868504.6148409663,0.034194165471066476,2.65058586322206
11-9131.00,Postmasters and Mail Superintendents,301335.21450384613,2400.208080769231,21.820073461538463,4.1269230769230765,70.48692307692308,13810.0,110.0,11,Management Occupations,92730.0,44.58,94720.0,45.54,56858.558557692304,452.8922115384615,20.837306153846153,False,False,False,False,18.868872876776432,18.868872876776425,2605.7913442828253,20.755760164454077,241635031.35534638,1965985.6027770902,0.007965242577842143,0.6174316314819058
11-9141.00,"Property, Real Estate, and Community Association Managers",4577611.797415385,49535.24093076923,15.43153923076923,3.9722222222222223,77.22222222222223,296640.0,3210.0,11,Management Occupations,66700.0,32.07,59100.0,28.42,1441747.9827692308,15601.439538461538,13.296620769230769,False,False,False,False,31.495636733181957,31.495636733181957,93428.65680531095,1011.0099391351409,6231691408.914241,59750687.40288683,0.010821197411003236,0.8388130690017908
11-9151.00,Social and Community Service Managers,3901607.0141,40315.341799999995,19.95809,3.915625,77.901875,195490.0,2020.0,11,Management Occupations,78240.0,37.61,77600.0,37.31,999621.7991038462,10329.10140769231,15.217308846153845,False,False,False,False,25.620771017975862,25.62077101797587,50086.045263041015,517.5395745631124,3918732181.380329,40161070.98609752,0.01033300936109264,0.80097081358012
11-9161.00,Emergency Management Directors,52149.507092307686,746.7709846153845,4.148727692307691,3.8552173913043477,94.66347826086958,12570.0,180.0,11,Management Occupations,86130.0,41.41,79750.0,38.34,17704.5936,253.52639999999997,3.2195180769230762,False,False,False,False,33.94968540864985,33.94968540864984,4267.475455867286,61.10943373556973,367557661.0138493,4873477.340411686,0.014319809069212408,1.1100105225556673
11-9171.00,Funeral Home Managers,206782.37723076923,2679.3448269230767,15.760851923076922,3.978695652173913,90.83826086956523,13120.0,170.0,11,Management Occupations,76830.0,36.94,89060.0,42.82,58006.79495384616,751.6124346153846,12.40103751923077,True,True,True,True,28.05209792569052,28.052097925690518,3680.435247850596,47.68856647367389,282767840.09236133,4247143.730145397,0.01295731707317073,1.0043959542891283
11-9179.01,Fitness and Wellness Coordinators,204348.30261923076,2259.7143092307692,19.480295769230768,3.82625,91.34541666666667,10490.0,116.0,11,Management Occupations,61340.0,29.49,59840.0,28.77,42482.43024230768,469.7771123076923,15.351188076923076,True,False,True,False,20.789225894117973,20.789225894117976,2180.7897962929756,24.11550203717685,133769646.10461111,1443071.6419046626,0.011058150619637752,0.8571806710882693
11-9179.02,Spa Managers,427354.80108846154,4725.753758461538,40.73925653846154,4.081428571428571,90.75333333333333,10490.0,116.0,11,Management Occupations,61340.0,29.49,59840.0,28.77,142828.61029038462,1579.4202853846155,37.723969230769235,True,False,True,False,33.42155275349753,33.42155275349754,3505.920883841891,38.76900119405713,215053187.01486158,2319937.0314523787,0.01105815061963775,0.8571806710882692
11-9199.01,Regulatory Affairs Managers,6081092.562353846,58692.595176923074,9.637536153846153,3.867037037037037,92.75296296296295,630980.0,6090.0,11,Management Occupations,136550.0,65.65,136550.0,65.65,341844.1740179486,19796.16805384615,7.382571538461538,False,False,False,False,5.621426914863945,33.728561489183676,35470.079547408524,342.3448991152143,4843439362.198634,46747195.97418251,0.057909917905480376,4.488929840106696
11-9199.02,Compliance Managers,14167251.726815384,136737.3974076923,22.452774615384616,3.949655172413793,72.49206896551723,630980.0,6090.0,11,Management Occupations,136550.0,65.65,136550.0,65.65,1121695.2152056678,64957.277827530364,18.272118259109313,False,False,False,False,7.917521597237903,47.505129583427426,49957.977774251725,482.1770652717883,6821761865.074073,65841278.26286269,0.057909917905480376,4.488929840106696
11-9199.08,Loss Prevention Managers,9764933.631653845,94247.75082692307,15.475821153846153,3.8,90.90777777777777,630980.0,6090.0,11,Management Occupations,136550.0,65.65,136550.0,65.65,320868.29555128195,18581.45665384615,13.175476923076921,False,False,False,False,3.2859239771088733,19.71554386265324,20733.52311076157,200.1127702059304,2831162580.7744923,27325398.771619793,0.057909917905480376,4.488929840106696
11-9199.09,Wind Energy Operations Managers,10660457.09303077,102891.03251538462,16.89507923076923,3.983125,96.07625,630980.0,6090.0,11,Management Occupations,136550.0,65.65,136550.0,65.65,1116530.111702564,64658.16710769231,10.762739230769231,False,False,False,False,10.473566958329497,62.84140174997699,66086.11279366746,637.8402277622664,9024058701.975292,87097083.10093747,0.057909917905480376,4.488929840106696
11-9199.10,Wind Energy Development Managers,3776027.004615384,36444.902307692304,5.984384615384615,3.720666666666667,92.466,630980.0,6090.0,11,Management Occupations,136550.0,65.65,136550.0,65.65,310138.76378333324,17960.11035,4.330817692307692,False,True,True,False,8.213361911984608,49.28017147190766,51824.67099224048,500.1937404398626,7076658823.9904375,68301455.25706324,0.057909917905480376,4.488929840106696
11-9199.11,Brownfield Redevelopment Specialists and Site Managers,3289709.8477384606,31751.137869230763,5.213651538461537,3.6208695652173915,87.46347826086956,630980.0,6090.0,11,Management Occupations,136550.0,65.65,136550.0,65.65,187832.3510089743,10877.356026923075,3.637158461538461,False,False,False,False,5.709693550575631,34.25816130345379,36027.02436542211,347.720337230056,4919490177.09839,47481212.04876415,0.05790991790548037,4.488929840106695
13-1011.00,"Agents and Business Managers of Artists, Performers, and Athletes",376402.44835384615,3441.0913,26.469933076923077,3.7214285714285715,77.18785714285715,14220.0,130.0,13,Business and Financial Operations Occupations,96310.0,46.3,60470.0,29.07,194546.7569769231,1778.55685,19.483113461538462,False,False,False,False,51.6858372807487,51.68583728074869,7349.726061322465,67.19158846497331,707852116.9659666,4063075.3544769357,0.009142053445850912,0.7086529906658133
13-1021.00,"Buyers and Purchasing Agents, Farm Products",4561914.542076923,50256.9513323077,28.107914615384615,3.6875,68.82583333333334,162300.0,1788.0,13,Business and Financial Operations Occupations,75650.0,36.37,75650.0,36.37,1159690.3050000002,12775.885800000002,25.99956,False,False,False,False,25.4211317266812,25.4211317266812,41258.49679240359,454.52983527305986,3121205282.3453317,34385182.038406976,0.011016635859519409,0.8539626239516067
13-1022.00,"Wholesale and Retail Buyers, Except Farm Products",3254423.4324230766,35852.79788769231,20.051900384615383,3.5869999999999997,69.869,162300.0,1788.0,13,Business and Financial Operations Occupations,75650.0,36.37,75650.0,36.37,1528033.8379615385,16833.792373846154,17.793492307692308,False,False,False,False,46.95252076721445,46.95252076721445,76203.94120518905,839.5110713177944,5764828152.172552,63509012.54519115,0.011016635859519409,0.8539626239516067
13-1023.00,"Purchasing Agents, Except Wholesale, Retail, and Farm Products",4360544.437615384,48038.530218461536,26.867186923076922,3.858421052631579,96.05631578947369,162300.0,1788.0,13,Business and Financial Operations Occupations,75650.0,36.37,75650.0,36.37,2578256.9128846154,28403.717561538462,25.570251538461537,False,False,False,False,59.12694962224868,59.12694962224868,95963.03923690962,1057.1898592458065,7259603918.272213,79976412.85194527,0.011016635859519409,0.8539626239516067
13-1031.00,"Claims Adjusters, Examiners, and Investigators",20123297.739369232,137885.0313923077,65.97369923076923,4.271481481481481,80.82925925925926,305020.0,2090.0,13,Business and Financial Operations Occupations,76790.0,36.92,66240.0,31.84,4065773.475230769,27858.719307692307,65.95209230769231,False,False,False,False,20.20431008818444,20.204310088184442,61627.18663098018,422.27008084305476,4732351661.392968,27971170.15504395,0.006852009704281687,0.5311385672563677
13-1032.00,"Insurance Appraisers, Auto Damage",182667.22162692307,1875.9149846153846,23.448937307692308,4.428571428571429,92.83857142857143,7790.0,80.0,13,Business and Financial Operations Occupations,76650.0,36.85,66080.0,31.77,0.0,0.0,14.311342692307692,False,False,False,False,0.0,0.0,0.0,0.0,0.0,0.0,,
13-1041.00,Compliance Officers,14583969.62616923,140424.37506153845,36.664327692307694,4.315,64.13333333333334,397770.0,3830.0,13,Business and Financial Operations Occupations,78420.0,37.7,64730.0,31.12,1423576.9588462538,95950.16785244756,48.77912937062937,False,False,False,False,9.761244677113227,68.32871273979259,38827.30295215328,373.8556711334366,3044837097.50786,24199677.592467353,0.06740075923272243,5.224619379696646
13-1041.01,Environmental Compliance Inspectors,6045848.662257692,58213.541434615385,15.199358076923076,3.9584615384615387,70.0,397770.0,3830.0,13,Business and Financial Operations Occupations,78420.0,37.7,64730.0,31.12,300440.9263186813,20249.94653846154,11.906415769230769,False,False,False,False,4.969375568300912,34.785628978106395,19766.68519803054,190.32708426592492,1550103453.229555,12319872.16453332,0.06740075923272244,5.224619379696647
13-1041.03,Equal Opportunity Representatives and Officers,10563055.434403846,101708.2794423077,26.55568653846154,4.054444444444445,70.97222222222223,397770.0,3830.0,13,Business and Financial Operations Occupations,78420.0,37.7,64730.0,31.12,736832.6230236264,49663.078219230774,16.588825,False,False,False,False,6.975563345277583,48.828943416943076,27746.698318510644,267.16407612413144,2175896082.1376047,17293530.64751503,0.06740075923272243,5.224619379696646
13-1041.04,Government Property Inspectors and Investigators,3278084.836303846,31563.629542307688,8.241156538461537,3.743846153846154,54.159230769230774,397770.0,3830.0,13,Business and Financial Operations Occupations,78420.0,37.7,64730.0,31.12,94640.5418802198,6378.844376923076,6.561143461538461,False,False,False,False,2.8870681085523793,20.20947675986665,11483.8908153888,110.57470855755614,900566717.7427897,7157500.884930609,0.0674007592327224,5.2246193796966445
13-1041.06,Coroners,12729691.18371923,122570.12151153845,32.002642692307695,4.592499999999999,94.421,397770.0,3830.0,13,Business and Financial Operations Occupations,78420.0,37.7,64730.0,31.12,125013.42857142857,8426.0,28.673855,False,False,False,False,0.9820617544227292,6.874432280959105,3906.3470405672906,37.61296519439053,306335734.92128694,2434687.237032899,0.06740075923272243,5.224619379696646
13-1041.07,Regulatory Affairs Specialists,7165845.826546154,68997.63560769231,18.015048461538463,3.799,84.16666666666667,397770.0,3830.0,13,Business and Financial Operations Occupations,78420.0,37.7,64730.0,31.12,664256.5141763737,44771.39338076924,15.959502307692308,False,False,False,False,9.269757265996564,64.88830086197595,36872.31347695453,355.03170328766845,2891526822.862774,22981202.15381078,0.06740075923272243,5.224619379696646
13-1041.08,Customs Brokers,26179455.607176926,252073.59774615386,65.81556076923077,3.9743478260869565,95.0,397770.0,3830.0,13,Business and Financial Operations Occupations,78420.0,37.7,64730.0,31.12,1270698.885436813,85646.06963461539,64.32279538461539,True,False,True,False,4.853801792152085,33.9766125450646,19306.96738864335,185.90060863942486,1514052382.6174114,12033346.397229971,0.06740075923272243,5.224619379696646
13-1051.00,Cost Estimators,1355131.3331846152,15432.18846153846,6.172875384615384,3.869285714285714,91.88214285714285,219530.0,2500.0,13,Business and Financial Operations Occupations,77070.0,37.05,79150.0,38.05,271218.84510769224,3088.6307692307687,5.4384830769230765,False,False,False,False,20.014211055862503,20.014211055862507,43937.19753093495,500.3552763965626,3386239813.7091565,39603120.12678793,0.011387965198378355,0.8827464905153903
13-1071.00,Human Resources Specialists,23671072.81786154,269616.8889615385,25.80065923076923,4.067692307692308,75.9326923076923,917460.0,10450.0,13,Business and Financial Operations Occupations,72910.0,35.05,67620.0,32.51,20299558.698761538,231214.86321153847,25.067432692307694,False,False,False,False,85.75681742419403,85.75681742419401,786784.4971400105,8961.587420828277,57364457686.478165,605982541.3964081,0.011390142349530225,0.882915253986753
13-1074.00,Farm Labor Contractors,4117.635834615385,50.215071153846154,10.04301423076923,4.227142857142857,88.15142857142857,410.0,5.0,13,Business and Financial Operations Occupations,48690.0,23.41,48690.0,23.41,511.40892692307693,6.236694230769231,6.115556153846153,False,False,False,False,12.419964937740687,12.419964937740689,50.921856244736816,0.6209982468870343,2479385.1805562354,30236.4046409297,0.012195121951219513,0.9453138393309445
13-1075.00,Labor Relations Specialists,468818.8635692307,1524.2601230769228,7.2583815384615376,3.6592857142857143,76.82785714285714,64590.0,210.0,13,Business and Financial Operations Occupations,93500.0,44.95,91730.0,44.1,40706.50601538461,132.34813846153844,1.6552203846153843,False,False,False,False,8.682779038683767,8.682779038683767,5608.206981085845,18.233835981235913,524367352.7315265,1672589.7745587702,0.0032512772875058055,0.25202514806129217
13-1081.00,Logisticians,4886196.8722,82321.34435,20.735855,3.804090909090909,93.18045454545454,235640.0,3970.0,13,Business and Financial Operations Occupations,80880.0,38.89,84000.0,40.38,101703.48755346153,30003.926996153845,17.51077769230769,False,False,False,False,2.0814447353135352,36.44732387822557,4904.716374292814,82.63335599194735,396693460.3528028,6941201.903323578,0.2950137474920116,22.86820742036083
13-1081.01,Logistics Engineers,2383244.833846153,40152.27461538461,10.113923076923076,3.566333333333333,84.307,235640.0,3970.0,13,Business and Financial Operations Occupations,80880.0,38.89,84000.0,40.38,84801.63774923077,14615.893976923076,6.598853846153845,False,False,False,False,3.55824280178446,36.40116062396849,8384.643338124903,141.26223923084305,678149953.1875421,11866028.095390817,0.17235391160892594,13.360140108352681
13-1081.02,Logistics Analysts,10086125.83733846,169928.36349615385,42.80311423076923,3.7638709677419353,78.88516129032259,235640.0,3970.0,13,Business and Financial Operations Occupations,80880.0,38.89,84000.0,40.38,1342925.7865476923,126769.43533846154,40.75765346153846,False,False,False,False,13.314584888245506,74.60169257813799,31374.487830661707,528.5890200633465,2537568575.743919,44401477.68532111,0.09439794559634773,7.3173261188842424
13-1111.00,Management Analysts,4840301.409461538,39907.172376923074,5.4148130769230765,3.950909090909091,93.01,893900.0,7370.0,13,Business and Financial Operations Occupations,101190.0,48.65,101190.0,48.65,3820533.0694999993,31499.416849999994,5.099259615384614,False,False,False,False,78.93171821969278,78.93171821969278,705570.6291658337,5817.267632791358,71396691965.29071,588649311.7621574,0.008244770108513256,0.6390994134257333
13-1121.00,"Meeting, Convention, and Event Planners",3809366.884823077,54593.28794615385,28.28667769230769,3.958571428571428,76.91809523809523,134670.0,1930.0,13,Business and Financial Operations Occupations,59440.0,28.58,49400.0,23.75,1215053.082519231,17413.324788461538,25.709365384615385,False,False,False,False,31.896457318409833,31.896457318409826,42954.95907070252,615.6016262453098,2553242767.1625576,30410720.336518306,0.01433132843246454,1.110903454462874
13-1131.00,Fundraisers,2346779.698026923,14621.68036153846,22.15406115384615,3.7889285714285714,85.91,105930.0,660.0,13,Business and Financial Operations Occupations,66490.0,31.97,60610.0,29.140000000000004,1047323.8917791209,6525.382503296702,21.50155095238095,False,False,False,False,44.62812988622956,44.62812988622955,47274.577988482975,294.5456572491151,3143286690.454233,17852412.285868865,0.006230529595015575,0.48296407990739837
13-1141.00,"Compensation, Benefits, and Job Analysis Specialists",906916.3433730769,9479.344411538461,8.859200384615384,3.433636363636364,56.49409090909091,102370.0,1070.0,13,Business and Financial Operations Occupations,77020.0,37.03,68030.0,32.71,329974.10326153843,3448.9820307692303,8.843669615384615,False,False,False,False,36.38418313581956,36.38418313581956,37246.48827613849,389.3107595532693,2868724527.0281863,26484810.97240891,0.010452280941682133,0.8102162377932701
13-1151.00,Training and Development Specialists,3766936.234680769,58668.299846153845,8.627691153846154,3.8549999999999995,90.17699999999999,436610.0,6800.0,13,Business and Financial Operations Occupations,65850.0,31.660000000000004,60510.0,29.09,1537302.9703653846,23942.78692307692,4.94195423076923,False,False,False,False,40.810432526359556,40.810432526359556,178182.42945333847,2775.1094117924495,11733312979.502338,167921870.50756112,0.015574540207507844,1.207271928748619
13-1161.00,Market Research Analysts and Marketing Specialists,7355767.129092307,113692.61733076922,8.541894615384615,3.986923076923077,95.22538461538463,861140.0,13310.0,13,Business and Financial Operations Occupations,76950.0,37.0,64900.0,31.2,3387953.458911538,104730.1496576923,8.167652307692308,False,False,False,False,46.05846541160973,92.11693082321946,396627.8690455361,6130.381746285255,30520514523.054,397861775.333913,0.030912511322200804,2.3962060304307764
13-1161.01,Search Marketing Strategists,17069857.230299998,263836.07745,19.822394999999997,3.516111111111111,88.40555555555555,861140.0,13310.0,13,Business and Financial Operations Occupations,76950.0,37.0,64900.0,31.200000000000003,6092753.7915730765,188342.32056538458,15.744631538461537,True,False,True,False,35.69305653452145,71.3861130690429,307367.18704137806,4750.745824744806,23651905042.83404,308323404.0259379,0.0309125113222008,2.3962060304307764
13-1199.04,Business Continuity Planners,4376459.1996153835,35998.52984615384,3.8791519230769222,4.022380952380952,89.60904761904762,1128200.0,9280.0,13,Business and Financial Operations Occupations,81270.0,39.07,79790.0,38.36,156301.91280769225,5142.640492307692,2.671055769230769,False,False,False,False,3.5714239680659774,14.285695872263911,40292.805207720354,331.4281442365227,3274596279.231433,26444651.628632147,0.03290196773621699,2.550420206265824
13-1199.05,Sustainability Specialists,5708399.101923076,46954.39076923076,5.059740384615385,3.834285714285714,98.75714285714285,1128200.0,9280.0,13,Business and Financial Operations Occupations,81270.0,39.07,79790.0,38.36,524321.8376153846,17251.220184615384,3.7426746153846153,False,False,False,False,9.185094248906813,36.74037699562725,103626.23331616666,852.3767462985521,8421703981.604864,68011140.58716147,0.03290196773621698,2.5504202062658234
13-1199.06,Online Merchants,73865434.46346153,607579.5353846154,65.47193269230769,3.9535294117647055,73.16647058823528,1128200.0,9280.0,13,Business and Financial Operations Occupations,81270.0,39.07,79790.0,38.36,13849968.268192308,455691.2091076923,64.91954538461539,False,False,False,False,18.750269823490132,75.00107929396052,211540.54414861568,1740.0250396198844,17191900022.957996,138836597.9112706,0.03290196773621698,2.5504202062658234
13-2011.00,Accountants and Auditors,14161886.521499999,161733.90899999999,9.77835,4.1476,82.08879999999999,1448290.0,16540.0,13,Business and Financial Operations Occupations,81680.0,39.27,75100.0,36.11,6171975.491992656,70486.21107482517,9.755888986013986,False,False,False,False,43.58159121401386,43.58159121401386,631187.8273934413,7208.395186797893,51555421741.49629,541350478.5285218,0.011420364705963587,0.8852579621538322
13-2023.00,Appraisers and Assessors of Real Estate,1099536.0570403845,12099.177875,37.22823961538462,4.167241379310345,86.71344827586208,29535.0,325.0,13,Business and Financial Operations Occupations,65420.0,31.45,65420.0,31.45,433062.2083615385,4772.701839230769,19.188985692307693,True,False,True,False,39.38590331700533,39.44649701441611,11632.626544677525,128.00418578026733,761006428.5528036,8374033.833745089,0.011020822752666328,0.8542871740505245
13-2031.00,Budget Analysts,651969.1173,5252.242200000001,13.82169,3.9676923076923076,87.18692307692308,47170.0,380.0,13,Business and Financial Operations Occupations,87930.0,42.27,80420.0,38.66,389754.9697538462,3139.853476923077,12.232047692307692,False,False,False,False,59.781201196758914,59.781201196758914,28198.79260451118,227.1685645476839,2479519833.7146683,18268895.96092474,0.008055967776128894,0.6244642618942596
13-2041.00,Credit Analysts,1596081.7668038462,20374.503776923077,23.69128346153846,4.0627272727272725,80.45454545454545,67370.0,860.0,13,Business and Financial Operations Occupations,80970.0,38.93,72500.0,34.86,1061348.6383384615,13548.46116923077,22.05088423076923,False,False,False,False,66.4971344459258,66.49713444592581,44799.11947622021,571.8753562349618,3627384703.98955,41460963.327034734,0.012765325812676266,0.9895136106518956
13-2052.00,Personal Financial Advisors,2334375.1432615384,22611.885815384616,8.630490769230768,3.8352380952380956,90.05047619047619,270480.0,2620.0,13,Business and Financial Operations Occupations,102140.0,49.11,67210.0,32.31,1477685.2956923076,14313.573923076923,8.177010384615384,False,False,False,False,63.30110650628835,63.30110650628835,171216.83287820872,1658.4889904647548,17488087310.180237,111467045.04913618,0.009686483288967762,0.7508548700157502
13-2053.00,Insurance Underwriters,2530888.469030769,10797.706323076922,23.473274615384614,4.197142857142857,95.71428571428571,107820.0,460.0,13,Business and Financial Operations Occupations,79880.0,38.4,63410.0,30.49,528354.0367615385,2254.153746153846,23.473274615384614,False,False,False,False,20.876227586744562,20.87622758674456,22508.748584027988,96.03064689902497,1797998836.8921556,6089303.319867173,0.00426636987571879,0.33071079595217234
13-2061.00,Financial Examiners,286857.8562692307,2739.371538461538,4.56561923076923,3.918823529411765,89.76941176470588,62830.0,600.0,13,Business and Financial Operations Occupations,90400.0,43.46,80030.0,38.48,133886.1869076923,1278.5566153846153,3.501137307692307,False,False,False,False,46.67335545519565,46.673355455195654,29324.869232499426,280.04013273117386,2650968178.617948,22411611.822475843,0.009549578226961643,0.740242573533065
13-2071.00,Credit Counselors,2370648.4061884615,22770.368896153846,84.33469961538462,4.326086956521739,92.8395652173913,28110.0,270.0,13,Business and Financial Operations Occupations,50480.0,24.270000000000003,49250.0,23.68,1470908.6076115386,14128.257703846155,71.18267192307692,False,False,False,False,62.04667903396404,62.046679033964026,17441.32147644729,167.52603339170292,880437908.1310592,8250657.144541369,0.0096051227321238,0.7445481466662082
13-2072.00,Loan Officers,5378415.729188462,103484.47295,18.512428076923076,3.988235294117647,82.49,290530.0,5590.0,13,Business and Financial Operations Occupations,74180.0,35.66,60870.0,29.27,3294459.3994579883,63387.69849230769,23.598313136094674,True,True,True,True,61.25334234724698,61.25334234724698,177959.33552145664,3424.061837211106,13201023508.981653,208422644.03104004,0.019240698034626372,1.491456846702641
13-2081.00,"Tax Examiners and Collectors, and Revenue Agents",3186899.0175423077,189916.0819346154,59.534821923076926,4.215714285714286,54.46619047619048,53530.0,3190.0,13,Business and Financial Operations Occupations,59740.0,28.72,48530.0,23.33,1280424.1969115385,76304.00127307692,51.93473115384616,False,False,False,False,40.17774613702645,40.177746137026446,21507.14750715026,1281.670101771144,1284836992.0771565,62199450.03895361,0.05959275172800299,4.619375940448132
13-2082.00,Tax Preparers,3289218.747742308,65721.78278076922,44.708695769230765,4.453333333333333,100.0,73570.0,1470.0,13,Business and Financial Operations Occupations,50560.0,24.31,58660.0,28.2,2118200.983096154,42323.71136538462,34.16556423076923,False,False,False,False,64.398300798634,64.39830079863401,47377.82989755503,946.6550217399198,2395423079.6203823,55530783.575263694,0.019980970504281638,1.5488396111587883
13-2099.01,Financial Quantitative Analysts,1005153.9346538461,16640.83799230769,7.886653076923077,3.2952380952380955,88.80952380952381,127450.0,2110.0,13,Business and Financial Operations Occupations,80190.0,38.55,77940.0,37.47,263780.19175,8735.879515384615,7.744105384615384,False,False,False,False,26.242765675571906,52.49663219738584,33446.4048535164,553.7223557545673,2682067205.20348,43157120.40751097,0.03311802701115678,2.567168199728568
13-2099.04,"Fraud Examiners, Investigators and Analysts",2120057.172134615,35098.63188076923,16.63442269230769,4.211304347826087,87.55782608695652,127450.0,2110.0,13,Business and Financial Operations Occupations,80190.0,38.55,77940.0,37.47,58559.90036538462,1938.152730769231,13.577775769230769,False,False,False,False,2.762184960626444,5.522017887629283,3520.404732318403,58.28210266921798,282301255.48461276,4542507.08203885,0.03309692671394799,2.5655325946854
15-1211.00,Computer Systems Analysts,11835830.269384615,66811.3359923077,23.776276153846155,3.494090909090909,81.31,497800.0,2810.0,15,Computer and Mathematical Occupations,103790.0,49.9,93330.0,44.87,2557116.10242,28874.19687,23.776276153846155,True,False,True,False,21.604873035687362,43.217511581155065,107549.05797165168,607.0969323028149,11162516726.877728,56660356.69182172,0.011291703510323242,0.87528469503029
15-1211.01,Health Informatics Specialists,7412360.131769231,41841.56683461538,14.890237307692306,3.9811764705882355,97.75941176470589,497800.0,2810.0,15,Computer and Mathematical Occupations,103790.0,49.9,93330.0,44.87,427365.37511538464,4823.654826923077,14.890237307692306,True,True,True,True,5.7655775963138245,11.528380010216262,28701.04527445022,162.01273045641847,2978881489.0351887,15120648.133497536,0.01128695750239648,0.8749168047383612
15-1212.00,Information Security Analysts,2389953.011873077,22909.876723076923,13.31969576923077,4.047272727272728,89.25272727272727,179430.0,1720.0,15,Computer and Mathematical Occupations,124910.0,60.05,97180.0,46.72,1545349.4324307693,14813.58203076923,13.31969576923077,True,False,True,False,64.660243308283,64.660243308283,116019.87456805218,1112.1561849024677,14492042532.295399,108079338.0488218,0.00958591094019952,0.74305893049789
15-1221.00,Computer and Information Research Scientists,769683.2944,17401.883215384616,20.002164615384615,3.4686666666666666,78.06266666666667,38480.0,870.0,15,Computer and Mathematical Occupations,140910.0,67.74,94830.0,45.59,324614.7492,7339.2627807692315,20.002164615384615,True,False,True,False,42.17510650962623,42.17510650962623,16228.980984904174,366.92342663374825,2286825710.582847,34795348.547678344,0.02260914760914761,1.7525646906930765
15-1231.00,Computer Network Support Specialists,4510489.3294230765,30798.834615384614,30.798834615384614,3.7973076923076925,86.64307692307692,146450.0,1000.0,15,Computer and Mathematical Occupations,73340.0,35.26,69280.0,33.31,3970730.224096154,27113.21423076923,30.798834615384614,True,False,True,False,88.03324726197808,88.03324726197808,128924.6906151669,880.3324726197808,9455336809.716341,60989433.70309842,0.006828269033799931,0.529298291738733
15-1232.00,Computer User Support Specialists,17634547.81498846,271899.98567307694,25.29302192307692,3.469375,88.588125,697210.0,10750.0,15,Computer and Mathematical Occupations,60340.0,29.01,57560.0,27.67,8477022.690003846,130703.79644230768,25.044843461538463,True,False,True,False,48.07054186441238,48.07054186441237,335152.6249328695,5167.583250424331,20223109388.449345,297446091.8944245,0.01541859697938928,1.1951838748300045
15-1241.00,Computer Network Architects,2869741.87815,27398.81235,16.212315,3.597272727272727,93.48484848484848,177010.0,1690.0,15,Computer and Mathematical Occupations,130390.0,62.69,128990.0,62.01,463110.3069476923,8843.99612,14.822916153846153,True,False,True,False,16.13769902003311,32.27875722138737,28565.34103536061,272.72711343855957,3724634817.60067,35179070.3624398,0.01909695376526983,1.4803144040365663
15-1241.01,Telecommunications Engineering Specialists,1917793.1272346152,18310.09765,10.834377307692307,3.866153846153846,86.05346153846153,177010.0,1690.0,15,Computer and Mathematical Occupations,130390.0,62.690000000000005,128990.0,62.01,220789.48712346153,4215.3504299999995,10.834377307692307,True,False,True,False,11.51268528330955,23.021998629264544,20378.60421998623,194.56438128793138,2657166204.2440047,25096859.54233027,0.019092170034539963,1.479943589633835
15-1242.00,Database Administrators,627585.7130153846,6860.734769230769,8.575918461538462,3.373333333333333,89.315,73180.0,800.0,15,Computer and Mathematical Occupations,104620.0,50.3,97890.0,47.06,580957.9687569767,8235.540458855097,17.07921923076923,True,False,True,False,92.57029863946809,120.03875293051844,67742.94454436275,740.5623891157447,7087266858.231231,72493652.27054025,0.014175793950250721,1.0988470847834226
15-1243.00,Database Architects,973730.0834653846,9471.205073076922,15.033658846153845,3.7864,97.5244,64770.0,630.0,15,Computer and Mathematical Occupations,135980.0,65.37,127770.0,61.43,580957.9687569767,8235.540458855097,17.07921923076923,True,True,True,True,59.663142653395205,86.95345940999255,38643.817496604075,375.8777987163898,5254786303.188222,48025906.34199312,0.014175793950250721,1.0988470847834226
15-1243.01,Data Warehousing Specialists,435725.875776923,4238.185915384615,6.727279230769231,3.839444444444444,97.10055555555556,64770.0,630.0,15,Computer and Mathematical Occupations,135980.0,65.37,127770.0,61.43,203017.54178653844,3949.3917346153844,6.727279230769231,True,False,True,False,46.5929505390395,93.185901078079,30178.254064135883,293.5355883959488,4103638987.641197,37505042.12935038,0.019453450671607225,1.5079485236941976
15-1244.00,Network and Computer Systems Administrators,6655998.797942308,51815.54138461538,20.893363461538463,3.5725000000000002,86.69800000000001,318570.0,2480.0,15,Computer and Mathematical Occupations,96800.0,46.54,88330.0,42.47,5438729.717561538,42339.359323076926,20.893363461538463,True,False,True,False,81.71169921549435,81.71169921549436,260308.96019080037,2026.45014054426,25197907346.469475,178996340.91427448,0.007784788272593151,0.6034435834081705
15-1251.00,Computer Programmers,3363296.492,36733.92,30.6116,3.621176470588235,81.01176470588236,109870.0,1200.0,15,Computer and Mathematical Occupations,98670.0,47.44,88410.0,42.51,2537343.6115615387,27712.863692307692,30.6116,True,False,True,False,75.4421626995096,75.44216269950958,82888.30415795119,905.3059523941151,8178588971.265044,80038099.25116372,0.010921998725766815,0.8466267569870295
15-1253.00,Software Quality Assurance Analysts and Testers,7881601.509,169624.0565,39.447455,3.9307407407407404,95.53407407407407,199800.0,4300.0,15,Computer and Mathematical Occupations,102610.0,49.32999999999999,107170.0,51.52000000000001,20360552.5836492,373507.3388703084,35.06440444444444,True,True,True,True,258.33014470979646,220.19715043797953,516143.6291301733,11108.196222521248,52961497785.04708,1190465389.167602,0.0183446562825735,1.4219995118582591
15-1254.00,Web Developers,1719424.8592615386,38592.21406153846,21.80351076923077,3.631111111111111,93.20962962962962,78860.0,1770.0,15,Computer and Mathematical Occupations,90930.0,43.72,80350.0,38.63,1133459.1145100591,24512.2326339497,19.49580065088757,True,False,True,False,65.92082860758795,63.51600505444681,51985.165439943856,1166.7986663543068,4727011093.454095,93752272.84156854,0.021626040428061828,1.6763584151393427
15-1255.01,Video Game Designers,1931472.4379230768,19765.51686923077,17.33817269230769,3.93625,97.08333333333333,111400.0,1140.0,15,Computer and Mathematical Occupations,98090.0,47.16,99300.0,47.74,111864.88076923077,2289.5146153846154,17.33817269230769,True,False,True,False,5.791689209374363,11.583378418748723,6451.94177924304,66.02525698686773,632870969.1259499,6556308.018795966,0.02046678635547576,1.5864979838538003
15-1299.01,Web Administrators,11516474.26523077,130267.37015384616,26.21073846153846,3.898285714285714,91.24799999999999,439380.0,4970.0,15,Computer and Mathematical Occupations,108970.0,52.39,95640.0,45.98,1504456.216130769,102104.97602307692,25.832797692307693,True,False,True,False,13.06351389741609,78.38108338449655,57398.46736246682,649.2566407015797,6254710988.488009,62094905.116699085,0.06786835996176431,5.260865793813098
15-1299.02,Geographic Information Systems Technologists and Technicians,16014978.181246154,181151.71733076923,36.44903769230769,3.832692307692308,93.44500000000001,439380.0,4970.0,15,Computer and Mathematical Occupations,108970.0,52.39,95640.0,45.98,1681452.2746695266,114117.40823579882,40.654695887573965,True,True,True,True,10.499247989226356,62.99548793535815,46131.59581506276,521.8126250645499,5026959995.967389,49906159.46117356,0.06786835996176431,5.260865793813098
15-1299.03,Document Management Specialists,8183849.46293077,92570.74020384616,18.62590346153846,3.8330434782608696,88.08434782608695,439380.0,4970.0,15,Computer and Mathematical Occupations,108970.0,52.39,95640.0,45.98,873601.4253115385,59289.89599615385,18.62590346153846,True,False,True,False,10.67470057053918,64.04820342323508,46902.49936683505,530.5326183557972,5110965356.004016,50740139.61954845,0.06786835996176431,5.260865793813098
15-1299.08,Computer Systems Engineers/Architects,9242391.084507693,104544.32083846153,21.035074615384612,3.7175000000000002,93.28964285714287,439380.0,4970.0,15,Computer and Mathematical Occupations,108970.0,52.39,95640.0,45.98,762737.8241769229,51765.7652076923,21.035074615384612,True,False,True,False,8.25260278647418,49.51561671884508,36260.28612321025,410.15435848776673,3951283378.846221,39227162.84577001,0.06786835996176431,5.260865793813098
15-1299.09,Information Technology Project Managers,10682897.400553845,120838.45436923076,24.313572307692304,4.055238095238095,98.39047619047618,439380.0,4970.0,15,Computer and Mathematical Occupations,108970.0,52.39,95640.0,45.98,950720.4171230769,64523.83549230769,20.30835823076923,True,False,True,False,8.899462210259435,53.3967732615566,39102.457059437904,442.30327184989386,4260994745.766948,42301884.919723846,0.06786835996176431,5.260865793813098
15-2011.00,Actuaries,281908.5639,3183.1595076923077,9.947373461538461,3.5493333333333337,84.62933333333334,28340.0,320.0,15,Computer and Mathematical Occupations,125770.0,60.47,128860.0,61.95,0.0,0.0,6.175029615384616,False,False,False,False,0.0,0.0,0.0,0.0,0.0,0.0,,
15-2021.00,Mathematicians,25071.91239230769,271.0477015384615,11.29365423076923,3.8927272727272726,89.77181818181818,2220.0,24.0,15,Computer and Mathematical Occupations,121680.0,58.5,121680.0,58.5,4579.953069230769,49.51300615384615,11.874923499999998,False,False,False,False,18.26726656334338,18.26726656334338,405.53331770622304,4.384143975202411,49345294.09849322,533462.6389026294,0.01081081081081081,0.8380079440555399
15-2031.00,Operations Research Analysts,1050814.1382461537,10629.05911923077,9.751430384615384,4.143529411764706,98.04,107760.0,1090.0,15,Computer and Mathematical Occupations,91290.0,43.89,82230.0,39.54,449351.90547692304,4545.226215384615,9.40734076923077,False,False,False,False,42.76226300370372,42.762263003703715,46080.61461279113,466.1086667403706,4206699308.001702,38328115.66606068,0.010115070527097253,0.784077124716034
15-2041.00,Statisticians,757381.4071538461,8336.278575384615,25.41548346153846,4.084210526315789,94.98842105263158,29800.0,328.0,15,Computer and Mathematical Occupations,103300.0,49.66,88060.0,42.34,243704.35415384616,2682.3834953846153,22.48573769230769,False,False,False,False,32.17722957705809,32.17722957705809,9588.814413963311,105.54131301275055,990524528.9624101,9293968.023902813,0.011006711409395973,0.8531933229075531
15-2041.01,Biostatisticians,211187.32769230765,2324.477969230769,7.086823076923076,3.9812,90.66680000000001,29800.0,328.0,15,Computer and Mathematical Occupations,103300.0,49.66,88060.0,42.34,45277.518269230764,498.3565769230769,6.5635988461538455,False,False,False,False,21.439505279028147,21.439505279028147,6388.972573150389,70.32157731521232,659980866.8064351,6192518.0983775975,0.011006711409395974,0.8531933229075532
15-2051.01,Business Intelligence Analysts,4104048.035384615,84914.9760576923,17.580740384615385,3.732941176470588,96.21823529411765,233440.0,4830.0,15,Computer and Mathematical Occupations,112590.0,54.13,116420.0,55.97,951322.4693333333,59050.131,15.213753461538461,True,False,True,False,23.180100747631215,69.54030224289365,54111.627185270314,1119.5988661105878,6092428104.789585,130343699.99259463,0.06207162440027416,4.811527577177183
15-2051.02,Clinical Data Managers,2772919.0152615383,57373.19586923077,11.87850846153846,3.7285714285714286,93.0952380952381,233440.0,4830.0,15,Computer and Mathematical Occupations,112590.0,54.13,116420.0,55.96999999999999,377035.4384205128,23403.202119230766,10.884151923076923,True,False,True,False,13.597059140400148,40.791177421200445,31740.97485735011,656.7379564813272,3573716359.189049,76457432.8935561,0.06207162440027416,4.811527577177183
15-2099.01,Bioinformatics Technicians,85406.93682307692,934.7111111538461,18.327668846153845,3.6231578947368424,73.98315789473685,4660.0,51.0,15,Computer and Mathematical Occupations,71490.0,34.37,71490.0,34.37,81308.45965384615,889.8565326923077,17.623518076923077,True,False,True,False,95.20123619733502,95.20123619733502,4436.377606795812,48.552630460640856,317156635.10983264,3471027.5516312146,0.010944206008583693,0.8483481708330495
17-1011.00,"Architects, Except Landscape and Naval",2800991.1880692304,32763.078499999996,25.202368076923076,3.73375,94.04791666666667,111140.0,1300.0,17,Architecture and Engineering Occupations,96690.0,46.49,81710.0,39.29,1362461.028130769,15936.650499999998,21.50462923076923,False,False,False,False,48.64210333592431,48.64210333592431,54060.833647546286,632.347343367016,5227142005.38125,51669101.42651888,0.011696958790714414,0.906698355881579
17-1012.00,Landscape Architects,263769.7183,1751.28005,13.471385000000001,3.8063157894736848,98.12105263157895,19580.0,130.0,17,Architecture and Engineering Occupations,79660.0,38.3,82180.0,39.51,70051.47143076923,465.10170000000005,9.42459423076923,False,False,False,False,26.557814097179943,26.55781409717995,5200.0200002278325,34.52515832633392,414233593.2181491,2837277.5112581216,0.006639427987742595,0.5146601392884509
17-1021.00,Cartographers and Photogrammetrists,505202.9437615385,7899.967846153846,39.49983923076923,4.03,77.66071428571429,12790.0,200.0,17,Architecture and Engineering Occupations,78380.0,37.68,65250.0,31.37,278322.8308961539,4352.1943846153845,39.49983923076923,False,False,False,False,55.091292387149146,55.091292387149146,7046.176296316376,110.18258477429828,552279298.1052775,7189413.656522962,0.01563721657544957,1.2121303334657927
17-1022.00,Surveyors,1303777.602076923,16211.251269230768,24.562501923076923,4.0216666666666665,87.76333333333334,53080.0,660.0,17,Architecture and Engineering Occupations,72740.0,34.97,64260.0,30.899999999999995,306975.7266153846,4881.075984615384,24.50256,False,False,False,False,23.545098959084054,30.10918715373779,12497.738527481817,155.39765312995476,909085500.4890274,9985853.190130893,0.015900527505651844,1.2325410737079125
17-1022.01,Geodetic Surveyors,615536.5241076923,7653.619176923077,11.596392692307692,4.13875,94.44624999999999,53080.0,660.0,17,Architecture and Engineering Occupations,72740.0,34.97,64260.0,30.9,161927.37915384615,1452.0993307692306,11.248080384615385,False,False,False,False,26.306705258243273,18.97271470139969,13963.599151075528,173.62425470440562,1015712202.249234,11157094.607305104,0.008967596081386586,0.6951297998637043
17-2011.00,Aerospace Engineers,756699.2263076924,11056.388461538461,11.05638846153846,3.5485714285714285,72.725,68440.0,1000.0,17,Architecture and Engineering Occupations,134830.0,64.82,130670.0,62.82,207994.76681538462,3039.081923076923,10.160256538461539,False,False,False,False,27.48711239342656,27.487112393426568,18812.179722061137,274.8711239342656,2536446191.9255033,35917409.764490485,0.014611338398597311,1.1326086327460176
17-2021.00,Agricultural Engineers,15541.845415384614,175.77087076923075,9.251098461538461,3.612142857142857,84.47357142857143,1680.0,19.0,17,Architecture and Engineering Occupations,84630.0,40.69,84630.0,40.69,1653.5555076923074,18.70092538461538,6.509010384615384,False,False,False,False,10.639376878986843,10.639376878986843,178.74153156697895,2.0214816070075003,15126895.816513428,171077.98840104474,0.01130952380952381,0.8766660486176259
17-2031.00,Bioengineers and Biomedical Engineers,305259.06831538456,5585.710307692307,13.964275769230769,3.496666666666667,82.75366666666667,21860.0,400.0,17,Architecture and Engineering Occupations,106950.0,51.42,86140.0,41.41,121812.97508461538,2228.9656923076927,10.492827307692307,False,True,True,False,39.9047850590836,39.90478505908361,8723.186013915674,159.6191402363344,932944744.1882814,13749592.739957845,0.018298261665141816,1.418403198996111
17-2041.00,Chemical Engineers,240688.33219615382,2651.9521107692303,11.839071923076922,4.043846153846154,96.15153846153846,20330.0,224.0,17,Architecture and Engineering Occupations,121860.0,58.59,80820.0,38.85,20466.26999965035,225.50145006993006,10.416662517482516,False,False,False,False,8.503224818962538,8.503224818962536,1728.7056056950842,19.047223594476087,210660065.11000296,1539396.6109055574,0.01101819970486965,0.8540838465730834
17-2051.00,Civil Engineers,4120917.3000346157,53452.150342307694,11.59482653846154,3.59125,73.5125,355410.0,4610.0,17,Architecture and Engineering Occupations,99590.0,47.88,92000.0,44.23,190744.2165623077,7423.203156923077,7.557979615384615,False,False,False,False,4.628683438046802,13.887566934884502,16450.80380716214,213.38230649395757,1638335551.1552777,19631172.197444096,0.03891705494776165,3.0166841115059957
17-2051.01,Transportation Engineers,4595191.987396154,59603.936473076916,12.929270384615384,3.661153846153846,89.85961538461538,355410.0,4610.0,17,Architecture and Engineering Occupations,99590.0,47.88,92000.0,44.23,446976.8290434615,17391.79530076923,10.78064769230769,False,False,False,False,9.727054501083838,29.178937382139345,34570.92440230207,448.41721249996493,3442918361.2252636,41254383.54999677,0.03890983641811587,3.0161245618761456
17-2051.02,Water/Wastewater Engineers,2404722.513980769,31191.49936538461,6.7660519230769225,3.75,82.29035714285715,355410.0,4610.0,17,Architecture and Engineering Occupations,99590.0,47.88,92000.0,44.23,121157.08186153843,4714.561892307691,6.0112753846153835,True,False,True,False,5.038297814286083,15.114893442858248,17906.614261754166,232.2655292385884,1783319714.3280973,21368428.689950135,0.03891280492951802,3.01635466821882
17-2061.00,Computer Hardware Engineers,641360.4632038461,3642.649573076923,8.471278076923078,3.6205555555555557,94.93,75710.0,430.0,17,Architecture and Engineering Occupations,155020.0,74.53,104080.0,50.04,143996.40154615382,817.8371769230769,6.327629704142011,False,False,False,False,22.451711604864997,22.451711604865,16998.19085604329,96.5423599009195,2635059546.503831,10048128.8184877,0.005679566767930261,0.440255791504545
17-2071.00,Electrical Engineers,3008797.784192308,30599.56430769231,15.937273076923079,3.6295454545454544,71.88409090909092,188790.0,1920.0,17,Architecture and Engineering Occupations,111910.0,53.8,107520.0,51.68999999999999,291203.2017461539,2961.5453538461534,13.802644615384617,False,False,False,False,9.678390594279351,9.678390594279348,18271.833602939987,185.82509941016352,2044800898.505014,19979914.68858078,0.01017003019227713,0.7883373635481956
17-2072.00,"Electronics Engineers, Except Computer",1396058.9962846152,16495.90681153846,14.861177307692307,3.339,78.1875,93940.0,1110.0,17,Architecture and Engineering Occupations,127590.0,61.34000000000001,110390.0,53.07000000000001,12919.647720000003,305.24240000000003,12.274989230769231,False,False,False,False,0.925437087858289,1.8504129750932568,869.3556003340767,10.272351675227007,110921081.04662485,1133964.9014283093,0.023626216953847406,1.831403568315602
17-2072.01,Radio Frequency Identification Device Specialists,1895338.4260461538,22395.418915384616,20.176053076923075,3.765238095238095,89.95380952380953,93940.0,1110.0,17,Architecture and Engineering Occupations,127590.0,61.34,110390.0,53.07,56678.08901730769,1339.7880192307694,18.13029730769231,False,False,False,False,2.9903941290075187,5.982419995325013,2809.176244789663,33.193374831983455,358422797.07271314,3664216.6477026534,0.02363855314214353,1.8323598170163173
17-2081.00,Environmental Engineers,377388.5641730769,4276.075957692307,9.944362692307692,3.7551724137931037,91.9548275862069,37950.0,430.0,17,Architecture and Engineering Occupations,104170.0,50.08,99180.0,47.68,50603.741480769226,573.3757269230769,5.542563076923076,False,False,False,False,13.408922867509435,13.408922867509435,5088.686228219831,57.65836833029057,530088444.3936598,5718556.970998219,0.011330698287220026,0.8783074038157865
17-2111.00,"Health and Safety Engineers, Except Mining Safety Engineers and Inspectors",282958.5984923077,2924.6366769230767,12.185986153846153,3.8468,88.79,23220.0,240.0,17,Architecture and Engineering Occupations,109660.0,52.72,102980.0,49.51,2775.014907692307,57.25152115384615,8.59832946745562,False,False,False,False,0.980714112410246,1.9575601169742143,227.7218169016591,2.3537138697845905,24971974.441435937,242385.45431041712,0.02063106796116505,1.5992323932370591
17-2111.02,Fire-Prevention and Protection Engineers,326258.9419153846,3372.185446153846,14.05077269230769,3.87,91.15384615384616,23220.0,240.0,17,Architecture and Engineering Occupations,109660.0,52.72,102980.0,49.51,4126.511792307691,85.39510384615383,8.98562564102564,False,False,False,False,1.264796534949195,2.53233712112575,293.68575541520306,3.035511683878068,32205579.93883117,312596.99320576346,0.020694259012016023,1.604130693978145
17-2112.00,Industrial Engineers,5602449.210957692,73263.90482307693,15.99648576923077,3.5355,79.7645,350230.0,4580.0,17,Architecture and Engineering Occupations,101140.0,48.63,100710.0,48.42,109603.93025576923,5733.938319999999,11.513182307692308,False,False,False,False,1.9563574095664733,7.826416478683106,6851.75055552466,89.60116935814447,692986051.1857641,9023733.76605873,0.052315079455813415,4.0552418264528285
17-2112.01,Human Factors Engineers and Ergonomists,3511624.7390461536,45921.94073846153,10.026624615384614,4.014230769230769,92.11538461538461,350230.0,4580.0,17,Architecture and Engineering Occupations,101140.0,48.63,100710.0,48.42,13404.76214384615,701.1025246153845,4.221133846153846,False,False,False,False,0.381725359056652,1.5267266873766552,1336.9167250241123,17.483021444794662,135215757.56893873,1760715.0897052705,0.05230249646296381,4.054266446515792
17-2112.02,Validation Engineers,5973837.817592308,78120.59847692307,17.05689923076923,3.8566666666666665,94.88714285714286,350230.0,4580.0,17,Architecture and Engineering Occupations,101140.0,48.63,100710.0,48.42,312218.02268173074,16331.65113076923,13.772813461538462,True,False,True,False,5.226422815870266,20.905691263481067,18304.500628022433,239.37016496685817,1851317193.518189,24106969.313812286,0.05230848299688776,4.054730497091962
17-2112.03,Manufacturing Engineers,5687453.803665385,74375.52014615384,16.239196538461538,3.682916666666667,92.5,350230.0,4580.0,17,Architecture and Engineering Occupations,101140.0,48.63,100710.0,48.42,321528.8911936086,16818.68853800905,12.929414660633483,True,False,True,False,5.653301148334486,22.613204593337947,19799.55661181187,258.92119259371947,2002527155.7186525,26075953.30611349,0.05230848299688776,4.054730497091962
17-2121.00,Marine Engineers and Naval Architects,100139.02236923076,1103.427616153846,11.864813076923076,3.6910714285714286,84.02035714285715,8440.0,93.0,17,Architecture and Engineering Occupations,105670.0,50.8,105670.0,50.8,15974.809999999998,176.02575,10.109208534798533,False,False,False,False,15.952632272659875,15.952632272659878,1346.4021638124934,14.835948013573685,142274316.65006617,1567714.6265943313,0.011018957345971565,0.8541425756798321
17-2131.00,Materials Engineers,534227.7344884615,11496.336842307692,23.461911923076922,3.776666666666667,90.93095238095238,22770.0,490.0,17,Architecture and Engineering Occupations,108310.0,52.07,85720.0,41.21,103549.82410384616,2228.3449192307694,16.23061978021978,False,False,False,False,19.383086541360136,19.38308654136014,4413.528805467703,94.97712405266466,478029304.9202069,8141439.073794415,0.021519543258673696,1.6681032087974244
17-2141.00,Mechanical Engineers,11712176.841138462,144584.69109230768,40.843133076923074,3.5475,66.93285714285715,286760.0,3540.0,17,Architecture and Engineering Occupations,102320.0,49.19,99050.0,47.62,976836.1019589745,36176.59158461539,35.462885,False,False,False,False,8.340346249963408,25.021038749890227,23916.77690639507,295.24825724870465,2447164613.0623436,29244339.880484194,0.03703445389873064,2.870752907807782
17-2141.01,Fuel Cell Engineers,5955371.4604,73517.9766,20.767789999999998,3.623076923076923,95.62884615384615,286760.0,3540.0,17,Architecture and Engineering Occupations,102320.0,49.190000000000005,99050.0,47.62,394844.1821641026,14622.838661538462,16.62915269230769,False,False,False,False,6.6300512871380555,19.890153861414166,19012.335070997087,234.70381556468718,1945342124.464422,23247412.931682266,0.03703445389873064,2.870752907807782
17-2141.02,Automotive Engineers,3215837.9249384613,39698.93379230769,11.214388076923075,3.7004,89.714,286760.0,3540.0,17,Architecture and Engineering Occupations,102320.0,49.19,99050.0,47.62,290185.3482,10746.855899999999,9.127132307692307,False,False,False,False,9.02363100918878,27.07089302756634,25876.164281949747,319.4365377252828,2647649129.329098,31640189.06168926,0.03703445389873064,2.870752907807782
17-2151.00,"Mining and Geological Engineers, Including Mining Safety Engineers",53346.31890769231,1733.5583692307694,7.879810769230769,3.7344444444444442,66.77833333333334,6770.0,220.0,17,Architecture and Engineering Occupations,101020.0,48.57,110960.0,53.35,5586.374861538461,181.53655384615385,5.678666538461538,False,False,False,False,10.471903171435002,10.471903171435002,708.9478447061497,23.038186977157007,71617911.27221525,2556317.2269853414,0.03249630723781389,2.518975134642576
17-2161.00,Nuclear Engineers,103004.7754153846,1132.0741938461538,6.988112307692307,3.8939999999999997,87.618,14740.0,162.0,17,Architecture and Engineering Occupations,127520.0,61.31,127520.0,61.31,35296.88021538462,387.93043384615385,4.630421153846154,False,False,False,False,34.267227002868395,34.26722700286839,5050.989260222801,55.5129077446468,644102150.4636116,7079005.995597361,0.010990502035278153,0.8519368413617547
17-2171.00,Petroleum Engineers,286276.12407692306,5734.577076923077,15.090992307692307,3.744782608695652,68.10565217391304,18970.0,380.0,17,Architecture and Engineering Occupations,141280.0,67.92,166580.0,80.09,54663.26616153846,1094.9942615384614,10.596074999999999,False,False,False,False,19.094594890788137,19.094594890788137,3622.24465078251,72.55946058499492,511750724.262553,12086954.944248455,0.020031628887717447,1.5527664329758686
17-2199.03,"Energy Engineers, Except Wind and Solar",1233751.7994230767,12439.819138461537,8.184091538461537,3.7304761904761907,91.77238095238096,150750.0,1520.0,17,Architecture and Engineering Occupations,117750.0,56.61,113290.0,54.46999999999999,65973.79514423077,5321.667323076923,5.094756153846153,False,True,True,False,5.347412273285538,42.7792981862843,8061.224001977947,81.28066655394018,949209126.2329034,9208286.713895883,0.08066334991708125,6.252678842279743
17-2199.05,Mechatronics Engineers,3568334.1369230766,35979.22313846154,23.67054153846154,3.6030434782608696,68.74826086956521,150750.0,1520.0,17,Architecture and Engineering Occupations,117750.0,56.61,113290.0,54.47,251039.82937499997,20249.713599999995,23.39662269230769,False,False,False,False,7.035210822254107,56.281686578032854,10605.580314548068,106.93520449826242,1248807082.038035,12114689.31760815,0.08066334991708125,6.252678842279743
17-2199.06,Microsystems Engineers,1062922.5951923076,10717.362153846152,7.050896153846153,3.5112,63.5576,150750.0,1520.0,17,Architecture and Engineering Occupations,117750.0,56.61,113290.0,54.47,52184.80860576923,4209.401476923076,6.523961057692307,False,False,False,False,4.9095586867572205,39.276469494057764,7401.1597202865105,74.62529203870974,871486557.0637366,8454299.335065426,0.08066334991708125,6.252678842279743
17-2199.07,Photonics Engineers,1300952.7285576921,13117.400646153845,8.629868846153846,3.3123076923076926,82.44,150750.0,1520.0,17,Architecture and Engineering Occupations,117750.0,56.61,113290.0,54.47,21005.61700830419,1694.3834349650347,7.747704405594404,False,False,False,False,1.614633379614967,12.917067036919736,2434.0598197695626,24.542427370147497,286610543.777866,2780411.59676401,0.08066334991708127,6.252678842279744
17-2199.08,Robotics Engineers,2461721.8725,24821.3416,16.329829999999998,3.6304166666666666,81.25,150750.0,1520.0,17,Architecture and Engineering Occupations,117750.0,56.60999999999999,113290.0,54.47,122090.27971153846,9848.210953846154,14.04095423076923,False,False,False,False,4.959548073867084,39.67638459093667,7476.51872135463,75.38513072277968,880360079.4395076,8540381.459583709,0.08066334991708125,6.252678842279743
17-2199.09,Nanosystems Engineers,3266502.834807692,32935.88264615384,21.668343846153846,3.3731999999999998,84.7616,150750.0,1520.0,17,Architecture and Engineering Occupations,117750.0,56.61,113290.0,54.47,23331.823918269227,1882.0230769230766,13.261518846153846,False,False,False,False,0.7142753304741226,5.714202643792982,1076.77006068974,10.856985023206665,126789674.64621687,1229987.833279083,0.08066334991708125,6.252678842279743
17-2199.10,Wind Energy Engineers,1588832.9299038462,16020.073323076924,10.539521923076924,3.3475,53.694375,150750.0,1520.0,17,Architecture and Engineering Occupations,117750.0,56.61,113290.0,54.47,46486.13971153846,3749.727753846154,4.656749230769231,False,False,False,False,2.9258041444515963,23.40643315561277,4410.649747760781,44.47222299566426,519354007.79883194,5038258.143178804,0.08066334991708127,6.252678842279744
17-2199.11,Solar Energy Systems Engineers,1638306.5287499998,16518.9116,10.867704999999999,3.7507692307692304,88.18769230769232,150750.0,1520.0,17,Architecture and Engineering Occupations,117750.0,56.61,113290.0,54.47,89676.44956730769,7233.60283076923,9.978449615384616,False,False,False,False,5.4737283892611535,43.78982711408923,8251.645546811189,83.20067151676953,971631263.1370175,9425804.07613482,0.08066334991708125,6.252678842279743
17-3011.00,Architectural and Civil Drafters,4427743.655865384,64668.09538461538,40.41755961538461,3.7256,83.39119999999998,109550.0,1600.0,17,Architecture and Engineering Occupations,64280.0,30.9,62350.0,29.97,3000164.7408653847,43818.015384615384,40.88739043478261,False,False,False,False,67.75832058143426,67.75832058143426,74229.24019696123,1084.1331293029482,4771455559.860667,67595700.61203882,0.01460520310360566,1.1321330508463707
17-3012.00,Electrical and Electronics Drafters,1087911.0781,11411.654665384614,54.34121269230769,3.7340740740740737,70.83111111111111,20020.0,210.0,17,Architecture and Engineering Occupations,73720.0,35.44,64200.0,30.87,532099.4745956522,5581.463020234114,51.91182566889632,False,False,False,False,48.910199124449214,48.910199124449214,9791.821864714733,102.71141816134336,721853107.8667701,6594073.045958243,0.01048951048951049,0.8131021135503929
17-3013.00,Mechanical Drafters,1513709.3038846154,23141.921688461538,37.93757653846154,3.8973333333333335,84.99600000000001,39900.0,610.0,17,Architecture and Engineering Occupations,68510.0,32.94,68520.0,32.94,921996.7389230769,14095.689492307692,34.81238153846154,False,False,False,False,60.9097623009231,60.9097623009231,24302.995158068316,371.5495500356309,1664998198.2792604,25458575.16844143,0.015288220551378446,1.1850776502088682
17-3021.00,Aerospace Engineering and Operations Technologists and Technicians,115342.08293076923,3182.7285576923077,12.730914230769232,4.329090909090909,73.27454545454545,9060.0,250.0,17,Architecture and Engineering Occupations,79830.0,38.38,78610.0,37.79,0.0,0.0,11.411500384615385,False,True,True,False,0.0,0.0,0.0,0.0,0.0,0.0,,
17-3022.00,Civil Engineering Technologists and Technicians,796294.2348807693,11663.08955,12.816581923076923,3.8757142857142854,68.12214285714286,62130.0,910.0,17,Architecture and Engineering Occupations,64200.0,30.86,61770.0,29.7,344249.59335,5042.123449999999,11.821466153846155,False,True,True,False,43.23145619678449,43.231456196784485,26859.703735062205,393.40625139073893,1724392979.7909935,24300704.148405943,0.014646708514405278,1.1353503732637225
17-3023.00,Electrical and Electronic Engineering Technologists and Technicians,2698829.213319231,34641.42771923077,29.110443461538463,3.7119230769230773,84.31692307692308,92710.0,1190.0,17,Architecture and Engineering Occupations,77180.0,37.11,65830.0,31.65,1111383.8236681318,14265.416353846154,25.60685119047619,False,True,True,False,41.18022060022336,41.18022060022336,38178.182518467074,490.044625142658,2946592126.7752886,32259637.673141174,0.01283572430158559,0.9949706012502811
17-3024.00,Electro-Mechanical and Mechatronics Technologists and Technicians,677929.0511692308,18472.18123076923,46.18045307692308,3.799615384615385,65.01615384615386,14680.0,400.0,17,Architecture and Engineering Occupations,70760.0,34.02,69770.0,33.54,73663.18491807693,7122.377076923078,48.36227,False,True,True,False,10.865913592437042,38.55731485061054,1595.1161153697578,43.46365436974818,112870416.32356407,3032459.1653773305,0.09668842156151801,7.494874046423732
17-3024.01,Robotics Technicians,182286.92949230768,4966.9463076923075,12.417365769230768,3.7240909090909096,76.03272727272727,14680.0,400.0,17,Architecture and Engineering Occupations,70760.0,34.02,69770.0,33.54,23779.31099307692,2969.6298461538463,9.70339,False,False,False,False,13.044989599257242,59.787838687822784,1915.0044731709631,52.17995839702897,135505716.52157736,3640595.697360711,0.12488292226038092,9.680391486123941
17-3025.00,Environmental Engineering Technologists and Technicians,254267.83173076922,1830.7283884615385,20.341426538461537,3.6915384615384617,65.345,12500.0,90.0,17,Architecture and Engineering Occupations,58890.0,28.31,50100.0,24.09,41452.04326923077,298.45471153846154,18.858493846153845,False,True,True,False,16.30251179910251,16.302511799102508,2037.8139748878139,14.67226061919226,120006864.98114336,735080.2570215322,0.007199999999999999,0.5581132907409896
17-3026.00,Industrial Engineering Technologists and Technicians,470368.53279230767,8457.791353846154,6.407417692307693,3.4514285714285715,70.76571428571428,73410.0,1320.0,17,Architecture and Engineering Occupations,64790.0,31.15,65330.0,31.41,208302.3940223077,7491.054627692308,16.64963676923077,False,True,True,False,44.28493394014606,88.56986788029211,32509.570005461224,584.561128009928,2106295040.6538327,38189378.49288859,0.03596240294237842,2.7876520901561483
17-3026.01,Nanotechnology Engineering Technologists and Technicians,1770427.3041576922,31834.410046153844,24.116977307692306,3.8286956521739133,88.91434782608695,73410.0,1320.0,17,Architecture and Engineering Occupations,64790.0,31.15,65330.0,31.41,142314.51771923076,5117.9720307692305,15.896585934065932,True,True,True,True,8.038427637498454,16.07685527499691,5901.009728687615,106.10724481497961,382326420.3216706,6931986.3037626175,0.03596240294237842,2.7876520901561483
17-3027.00,Mechanical Engineering Technologists and Technicians,744793.5727884616,23467.461038461537,19.887678846153847,3.496923076923077,74.40038461538461,37450.0,1180.0,17,Architecture and Engineering Occupations,68730.0,33.04,60830.0,29.25,49117.28026,3093.547211538462,22.01682,False,True,True,False,6.594750821507215,13.18228336021674,2469.734182654452,77.81805969378513,169744830.37384048,4733672.57117295,0.06298286865972456,4.8821633455536695
17-3027.01,Automotive Engineering Technicians,851540.4766346153,26830.914884615384,22.73806346153846,3.7994444444444446,95.26888888888888,37450.0,1180.0,17,Architecture and Engineering Occupations,68730.0,33.04,60830.0,29.25,8231.45933,519.2207,20.722400384615383,False,False,False,False,0.9666550863831702,1.9351583881238303,362.0123298504973,11.406530019321409,24881107.43062468,693859.2210753213,0.06307760011735367,4.8895065241028455
17-3029.01,Non-Destructive Testing Specialists,4593976.18928077,77743.1151423077,71.32395884615384,4.469375,90.218125,64410.0,1090.0,17,Architecture and Engineering Occupations,77390.0,37.21,64680.0,31.09,0.0,0.0,66.71962192307693,False,False,False,False,0.0,0.0,0.0,0.0,0.0,0.0,,
17-3029.08,Photonics Technicians,1672910.5500807692,28310.394342307693,25.972838846153845,3.6183333333333336,64.83666666666666,64410.0,1090.0,17,Architecture and Engineering Occupations,77390.0,37.21,64680.0,31.09,60394.12320576923,2044.0799346153847,16.981273846153847,False,False,False,False,3.610122681266692,7.220245362533384,2325.2800190038765,39.350337225806946,179953420.67071,2545179.8117651935,0.03384567613724577,2.623572456432225
17-3031.00,Surveying and Mapping Technicians,2410532.8086153846,19974.443230769233,42.49881538461538,3.895263157894737,82.2421052631579,56720.0,470.0,17,Architecture and Engineering Occupations,51940.0,24.97,48720.0,23.42,1642020.2177862348,13606.302932995952,64.86661295546558,False,False,False,False,68.11855917984434,68.11855917984434,38636.846766807714,320.1572281452684,2006797821.0679927,15598060.155237475,0.008286318758815234,0.6423200875848837
19-1011.00,Animal Scientists,25326.5193,276.8485915384615,10.253651538461538,4.017777777777777,87.92333333333333,2470.0,27.0,19,"Life, Physical, and Social Science Occupations",79120.0,38.04,79120.0,38.04,2532.178449999999,27.67968346153845,2.529197307692307,False,False,False,False,9.998130497150468,9.998130497150468,246.95382327961656,2.6994952342306267,19538986.49788326,213584.0629323272,0.010931174089068825,0.8473379920156725
19-1012.00,Food Scientists and Technologists,103610.32528846154,937.32375,7.210182692307692,3.7707692307692304,86.95538461538462,14370.0,130.0,19,"Life, Physical, and Social Science Occupations",85310.0,41.02,69170.0,33.26,11170.055238461537,101.05129999999997,4.191033846153846,False,False,False,False,10.78083212977373,10.780832129773728,1549.2055770484849,14.01508176870585,132162727.77800624,969423.2059413836,0.00904662491301322,0.7012557778196149
19-1013.00,Soil and Plant Scientists,219194.8979230769,924.3158346153846,13.204511923076922,3.3622222222222224,75.40518518518519,16600.0,70.0,19,"Life, Physical, and Social Science Occupations",71410.0,34.33,72550.0,34.88,83917.45007692308,353.86876538461536,7.71481423076923,False,False,False,False,38.28439935055999,38.28439935055998,6355.210292192958,26.79907954539199,453825566.96549916,1944273.2210181889,0.004216867469879517,0.3268735805879289
19-1021.00,Biochemists and Biophysicists,1057233.5910615386,11331.878003846154,30.626697307692307,3.8562499999999997,82.25875,34520.0,370.0,19,"Life, Physical, and Social Science Occupations",103650.0,49.830000000000005,78260.0,37.63,222820.51916923077,2388.284823076923,18.373212307692306,False,False,False,False,21.07580775460444,21.075807754604448,7275.368836889454,77.98048869203643,754091979.9435918,6102753.045038771,0.010718424101969872,0.8308465204316586
19-1022.00,Microbiologists,634060.628,4492.332384615384,32.08808846153846,3.9435714285714285,83.44142857142857,19760.0,140.0,19,"Life, Physical, and Social Science Occupations",87330.0,41.98,67780.0,32.59,11654.599999999999,82.57307692307691,24.85775730769231,False,False,False,False,1.8380892118726535,1.8380892118726537,363.2064282660363,2.573324896621715,31718817.38047295,174419.96149301986,0.00708502024291498,0.5492005503805285
19-1023.00,Zoologists and Wildlife Biologists,147778.64224615385,3056.8868076923077,8.733962307692307,3.525714285714286,76.48642857142856,16920.0,350.0,19,"Life, Physical, and Social Science Occupations",72860.0,35.03,69990.0,33.65,4141.215553846154,85.6634423076923,5.023724615384616,False,False,False,False,2.8023099217193783,2.8023099217193783,474.1508387549188,9.808084726017825,34546630.11168338,686467.8499739876,0.020685579196217493,1.603457871678375
19-1029.01,Bioinformatics Scientists,762580.6844115384,6513.417334615385,12.771406538461537,3.5395000000000003,76.7255,59710.0,510.0,19,"Life, Physical, and Social Science Occupations",93330.0,44.87,89860.0,43.2,62101.78870076923,2123.0036653846155,9.731213846153846,False,False,False,False,8.143635154972669,32.5943134965722,4862.564551034181,41.53253929036061,453823149.5480201,3732113.9806318046,0.03418586984046594,2.649942821320222
19-1029.02,Molecular and Cellular Biologists,853749.5639076923,7292.116523076923,14.298267692307691,3.7681818181818185,94.05636363636363,59710.0,510.0,19,"Life, Physical, and Social Science Occupations",93330.0,44.87,89860.0,43.2,16331.8,556.164,8.902693076923077,False,False,False,False,1.9129497326180536,7.62692146018157,1142.22228534624,9.756043636352073,106603605.89136457,876678.0811625973,0.03405405405405405,2.6397250237749508
19-1029.03,Geneticists,684223.6188576923,5844.147473076923,11.459112692307691,3.7412500000000004,87.01375,59710.0,510.0,19,"Life, Physical, and Social Science Occupations",93330.0,44.87,89860.0,43.20000000000001,14110.438961923077,483.2051792307692,7.046461538461538,False,False,False,False,2.062255463422964,8.26818935450928,1231.3727372098517,10.517502863457116,114924017.56379546,945102.8073102564,0.0342445178732352,2.6544889666763796
19-1029.04,Biologists,1823733.7371076923,15577.025723076924,30.543187692307693,3.6699999999999995,68.20904761904762,59710.0,510.0,19,"Life, Physical, and Social Science Occupations",93330.0,44.87,89860.0,43.2,100055.19153942307,3418.398773076923,24.059725264423076,True,False,True,False,5.4862828659463885,21.945131463785554,3275.8594992565886,27.980042616326582,305735967.06561744,2514286.6295031067,0.0341651314687657,2.6483352711988006
19-1031.00,Conservation Scientists,240474.48579230768,2819.1616153846153,9.397205384615384,3.8676666666666666,83.61566666666666,25590.0,300.0,19,"Life, Physical, and Social Science Occupations",67950.0,32.67,77380.0,37.2,3677.381246153846,129.51989230769232,2.9322853846153847,False,False,False,False,1.529218883258125,4.594269856714903,391.32711222575415,4.587656649774375,26590677.275739994,354992.8715595411,0.03522068658047259,2.7301574013311902
19-1031.02,Range Managers,156557.73027692307,1835.3778461538461,6.117926153846153,3.669375,84.485625,25590.0,300.0,19,"Life, Physical, and Social Science Occupations",67950.0,32.67,77380.0,37.2,418.33194461538454,14.97012923076923,1.984001923076923,False,False,False,False,0.2672061889728658,0.8156429076519645,68.37806375815636,0.8016185669185973,4646289.432366724,62029.24470816106,0.03578528827037774,2.7739229162077024
19-1031.03,Park Naturalists,457363.82013461535,5361.82673076923,17.872755769230768,3.6119999999999997,86.2145,25590.0,300.0,19,"Life, Physical, and Social Science Occupations",67950.0,32.67,77380.0,37.2,13990.083369230768,491.00742115384617,15.90564423076923,False,False,False,False,3.058852220779747,9.157465278319506,782.7602832975373,9.176556662339241,53188561.25006766,710081.9545318105,0.035096818810511764,2.7205557001215257
19-1032.00,Foresters,68150.40444230768,282.48872307692307,7.062218076923076,3.2895999999999996,68.5616,9650.0,40.0,19,"Life, Physical, and Social Science Occupations",70660.0,33.97,68930.0,33.14,1652.0725769230762,6.847969230769228,2.3515215384615384,False,False,False,False,2.4241566729389383,2.424156672938938,233.93111893860754,0.9696626691755753,16529572.86420201,66838.84778627241,0.004145077720207254,0.32130874538917076
19-1041.00,Epidemiologists,159844.44583846154,2510.645746153846,13.948031923076925,3.8449999999999998,90.46124999999999,11460.0,180.0,19,"Life, Physical, and Social Science Occupations",83980.0,40.38,72160.0,34.69,39543.853961538465,621.1076538461539,7.299305,False,False,False,False,24.738960277357023,24.738960277357023,2835.084847785115,44.530128499242636,238090425.51699397,3213294.072505349,0.015706806282722512,1.217524630761321
19-1042.00,"Medical Scientists, Except Epidemiologists",2370289.019076923,25022.244923076923,15.164996923076922,4.117142857142857,67.44785714285715,156300.0,1650.0,19,"Life, Physical, and Social Science Occupations",100590.0,48.36,78570.0,37.77,105774.58223076923,1116.6222692307692,10.236486923076923,False,False,False,False,4.46251834183334,4.46251834183334,6974.916168285509,73.6315526402501,701606817.3678393,5785231.090944451,0.01055662188099808,0.8183043023766909
19-2011.00,Astronomers,8418.5448,91.7405523076923,5.396503076923076,3.9105882352941177,92.83764705882353,1560.0,17.0,19,"Life, Physical, and Social Science Occupations",132170.0,63.540000000000006,132170.0,63.540000000000006,2037.4548,22.203033076923074,3.4428788461538455,False,False,False,False,24.201983221613315,24.201983221613315,377.55093825716773,4.114337147674264,49900907.50944986,543791.9408081075,0.010897435897435895,0.8447227512995745
19-2012.00,Physicists,299754.27984615386,842.7955384615385,14.046592307692308,3.943,77.899,21340.0,60.0,19,"Life, Physical, and Social Science Occupations",166290.0,79.95,133900.0,64.37,126050.75086153847,354.4069846153846,11.825375000000001,False,False,False,False,42.051359842545985,42.051359842545985,8973.760190399313,25.230815905527592,1492246582.0615017,3378406.249750145,0.002811621368322399,0.2179448964155692
19-2021.00,Atmospheric and Space Scientists,328318.0772923077,3627.204270769231,37.39385846153846,3.764074074074074,76.29629629629629,8780.0,97.0,19,"Life, Physical, and Social Science Occupations",97450.0,46.85,59640.0,28.67,169172.30383076923,1868.9878669230768,35.30954153846154,False,False,False,False,51.5269537474027,51.52695374740269,4524.0665390219565,49.981145134980615,440870284.2276897,2980875.495850244,0.011047835990888382,0.8563811250613135
19-2031.00,Chemists,1125829.3577884615,10007.372069230769,13.52347576923077,3.855,89.64666666666666,83250.0,740.0,19,"Life, Physical, and Social Science Occupations",84150.0,40.46,77270.0,37.15,174086.0601923077,1547.431646153846,10.490594615384616,False,False,False,False,15.46291709200727,15.46291709200727,12872.878479096054,114.4255864808538,1083252724.015933,8841665.067375572,0.008888888888888889,0.6890287540012218
19-2032.00,Materials Scientists,107384.16376153845,1031.3004923076921,12.891256153846154,3.94375,89.285625,8330.0,80.0,19,"Life, Physical, and Social Science Occupations",104160.0,50.08,118720.0,57.08,6498.329115384615,62.40892307692307,10.731302307692307,False,False,False,False,6.051478065066524,6.051478065066524,504.08812282004146,4.84118245205322,52505818.87293552,574745.1807077582,0.009603841536614645,0.7444488338548614
19-2041.00,"Environmental Scientists and Specialists, Including Health",945298.4042538462,9572.078507692308,11.130323846153846,3.4513636363636366,70.89999999999999,84930.0,860.0,19,"Life, Physical, and Social Science Occupations",80060.0,38.49,81480.0,39.17,13573.23561,2633.201584615385,6.835961923076923,False,False,False,False,1.4358678221522845,27.509193353348422,1219.4825413539352,12.348463270509647,97631772.26079606,1006152.787281126,0.19399954883825854,15.03801758394275
19-2041.01,Climate Change Policy Analysts,308323.76357307687,3122.0821461538458,3.6303280769230764,4.090714285714285,97.515,84930.0,860.0,19,"Life, Physical, and Social Science Occupations",80060.0,38.49,81480.0,39.17,5556.491705384615,940.4807846153844,2.507630769230769,False,True,True,False,1.8021613517531065,30.123511829244503,1530.5756360439132,15.498587625076716,122537885.42167568,1262824.919691251,0.1692580200747884,13.120159801145089
19-2041.02,Environmental Restoration Planners,702091.516973077,7109.368946153847,8.266708076923077,3.8865217391304347,94.66260869565217,84930.0,860.0,19,"Life, Physical, and Social Science Occupations",80060.0,38.49,81480.0,39.17,1235.7941376923072,248.83703076923067,1.3990399999999996,False,False,False,False,0.17601610442755086,3.5001282484270417,149.49047749031897,1.5137384980769375,11968207.627874937,123339.41282330887,0.20135799578553032,15.608413006232311
19-2041.03,Industrial Ecologists,1104303.5009538461,11182.161907692307,13.002513846153844,3.4678947368421054,89.70184210526315,84930.0,860.0,19,"Life, Physical, and Social Science Occupations",80060.0,38.49,81480.0,39.17,26077.466372692306,3011.4973923076923,7.157304999999999,False,False,False,False,2.3614401611665454,26.931262641046693,2005.571128878747,20.308385386032292,160566024.5780325,1654727.241253911,0.11548274472942124,8.951729817324857
19-2042.00,"Geoscientists, Except Hydrologists and Geographers",360298.6529423077,5442.094269230769,16.006159615384615,3.6296875,60.8021875,22510.0,340.0,19,"Life, Physical, and Social Science Occupations",99240.0,47.71,104000.0,50.0,125778.46901538462,1899.8080615384615,14.210235,False,False,False,False,34.909502988212594,34.909502988212594,7858.129122646655,118.69231015992281,779840734.131454,12344000.256631972,0.015104398045313194,1.170828513573822
19-2043.00,Hydrologists,54864.48879999999,959.1693846153845,9.591693846153845,3.536,88.6156,5720.0,100.0,19,"Life, Physical, and Social Science Occupations",92060.0,44.26,89310.0,42.94,12580.624787499997,219.9409927884615,5.801026466346153,False,False,False,False,22.93035998815321,22.93035998815321,1311.6165913223635,22.93035998815321,120747423.39713679,2047910.450541963,0.017482517482517484,1.3551701892506547
19-2099.01,Remote Sensing Scientists and Technologists,697420.3051461538,3706.396661538461,30.886638846153843,3.8633333333333333,95.16666666666667,22580.0,120.0,19,"Life, Physical, and Social Science Occupations",117960.0,56.71,106850.0,51.37,429957.20026923076,2284.980692307692,26.224391153846152,False,False,False,False,61.6496533147436,61.6496533147436,13920.491718469106,73.97958397769233,1642061203.1106157,7904718.548016425,0.005314437555358724,0.4119525322859386
19-3011.00,Economists,170846.61075384615,753.1021884615385,10.758602692307692,3.8042857142857143,91.66571428571429,15880.0,70.0,19,"Life, Physical, and Social Science Occupations",115440.0,55.5,115440.0,55.5,11843.182869230768,105.10786153846153,6.072227692307692,False,False,False,False,6.932056080582301,13.95665331330125,1100.8105055964695,4.85243925640761,127077564.76605643,560165.5877596946,0.008874967371443488,0.6879496173465606
19-3011.01,Environmental Economists,84846.30863076923,374.00765769230765,5.342966538461538,3.5770000000000004,96.29650000000001,15880.0,70.0,19,"Life, Physical, and Social Science Occupations",115440.0,55.5,115440.0,55.5,2330.387742307692,20.417123076923072,4.447756153846154,False,False,False,False,2.7465988561140358,5.459012043469986,436.15989835090886,1.922619199279825,50350298.66562892,221947.160364863,0.008761255779995132,0.6791351797773054
19-3022.00,Survey Researchers,136239.62936923077,705.9048153846154,17.647620384615383,4.344375,96.091875,7720.0,40.0,19,"Life, Physical, and Social Science Occupations",63380.0,30.47,50150.0,24.11,19212.26516923077,99.54541538461537,11.463431923076923,False,False,False,False,14.101818434313646,14.101818434313639,1088.6603831290136,5.640727373725458,68999295.08271688,282882.4777923317,0.005181347150259067,0.4016359317364634
19-3032.00,Industrial-Organizational Psychologists,14685.993403846154,167.8399246153846,13.986660384615384,3.906,94.7692,1050.0,12.0,19,"Life, Physical, and Social Science Occupations",109840.0,52.81,109840.0,52.81,3591.369923076923,41.044227692307686,6.345472692307692,False,False,False,False,24.454388779286592,24.454388779286592,256.77108218250925,2.934526653514391,28203735.666926816,322328.4076220207,0.011428571428571427,0.885894112287285
19-3033.00,Clinical and Counseling Psychologists,3333402.625776923,46175.406923076924,46.17540692307692,3.8853333333333335,95.589,72190.0,1000.0,19,"Life, Physical, and Social Science Occupations",95830.0,46.07,88990.0,42.79,1140093.8101653846,15792.960384615384,28.702335,True,True,True,True,34.20210332076704,34.20210332076704,24690.498387261723,342.0210332076704,2366090460.451291,30436451.745150592,0.013852334118298934,1.0737738582232643
19-3034.00,School Psychologists,1181815.07685,13330.82963076923,18.515041153846155,4.002105263157895,92.55315789473684,63830.0,720.0,19,"Life, Physical, and Social Science Occupations",86930.0,41.79,75870.0,36.48,359370.97695000004,4053.691107692308,10.177533076923078,True,False,True,False,30.408393325617777,30.408393325617777,19409.677459741826,218.940431944448,1687283261.575357,16611010.57162527,0.011279962400125331,0.8743745742456361
19-3039.02,Neuropsychologists,336768.68222307693,3710.3238738461537,18.930223846153844,4.24,98.0,17790.0,196.0,19,"Life, Physical, and Social Science Occupations",117580.0,56.53000000000001,90270.0,43.4,0.0,0.0,2.8585326923076924,True,True,True,True,0.0,0.0,0.0,0.0,0.0,0.0,,
19-3039.03,Clinical Neuropsychologists,303654.38306538464,3345.489549230769,17.06882423076923,4.388333333333333,95.37055555555555,17790.0,196.0,19,"Life, Physical, and Social Science Occupations",117580.0,56.53,90270.0,43.4,0.0,0.0,2.8585326923076924,True,True,True,True,0.0,0.0,0.0,0.0,0.0,0.0,,
19-3041.00,Sociologists,35741.37286538461,387.7030276923077,12.115719615384617,3.8973333333333335,98.33333333333333,2950.0,32.0,19,"Life, Physical, and Social Science Occupations",101690.0,48.89,101690.0,48.89,10693.182692307691,115.99384615384615,6.049934230769231,False,False,False,False,29.918220356510144,29.91822035651014,882.5875005170492,9.573830514083246,89750322.92757873,973562.8249771253,0.010847457627118645,0.8408486489506436
19-3051.00,Urban and Regional Planners,310070.6551384615,3962.334115384615,7.204243846153846,4.1078947368421055,98.52631578947368,43040.0,550.0,19,"Life, Physical, and Social Science Occupations",83720.0,40.25,75480.0,36.29,130015.40084923076,1661.4421576923075,6.017096538461538,False,False,False,False,41.93089500558272,41.93089500558271,18047.057210402803,230.61992253070497,1510899629.6549227,17407191.752617612,0.012778810408921933,0.9905588790386988
19-3091.00,Anthropologists and Archeologists,50161.34149615384,683.7357576923075,6.215779615384615,3.7056666666666667,78.16666666666667,8070.0,110.0,19,"Life, Physical, and Social Science Occupations",64910.0,31.21,72550.0,34.88,13980.08933076923,190.55883846153844,2.696815769230769,False,False,False,False,27.87024611740331,27.87024611740331,2249.128861674447,30.657270729143637,145990954.41128835,2224184.991399371,0.013630731102850062,1.0565961376412787
19-3092.00,Geographers,14354.796623076923,156.03039807692306,10.402026538461538,3.8708333333333336,90.41666666666667,1380.0,15.0,19,"Life, Physical, and Social Science Occupations",97200.0,46.73,97200.0,46.73,6377.256,69.31799999999998,9.556641923076924,False,False,False,False,44.42595856598801,44.425958565988005,613.0782282106345,6.663893784898201,59591203.78207368,647730.4758921051,0.0108695652173913,0.8425623350558415
19-3093.00,Historians,60186.98740769231,1725.1047346153846,19.167830384615385,3.723809523809524,82.60380952380953,3140.0,90.0,19,"Life, Physical, and Social Science Occupations",74050.0,35.6,32000.0,15.39,7673.068246153846,219.92870769230768,11.903506538461539,False,False,False,False,12.748716253528874,12.748716253528874,400.30969036080666,11.473844628175987,29642932.571217734,367163.0281016316,0.028662420382165602,2.2217885777905635
19-3094.00,Political Scientists,32556.509730769223,361.13103230769224,5.471682307692307,3.5964285714285715,97.52785714285714,5950.0,66.0,19,"Life, Physical, and Social Science Occupations",139380.0,67.01,139380.0,67.01,3469.660115384614,38.48698615384614,1.1382080769230767,False,False,False,False,10.657346699868848,10.657346699868848,634.1121286421965,7.03384882191344,88382548.49014935,980377.8487982954,0.011092436974789916,0.8598384031023649
19-3099.01,Transportation Planners,277024.82685384614,1723.4436076923075,7.493233076923076,3.8350000000000004,94.0909090909091,36970.0,230.0,19,"Life, Physical, and Social Science Occupations",100340.0,48.24,84640.0,40.69,59689.671773076916,371.34499615384607,7.166356923076923,False,False,False,False,21.546686790122326,21.546686790122326,7965.810106308224,49.55737961728135,799289386.0669672,4194536.610806693,0.006221260481471463,0.48224557775984883
19-4012.00,Agricultural Technicians,261256.97427692305,546.5627076923076,18.21875692307692,3.6107692307692307,58.606923076923074,14340.0,30.0,19,"Life, Physical, and Social Science Occupations",46790.0,22.49,47840.0,23.0,70135.67879118588,388.0647798076923,21.92811673076923,True,True,True,True,26.84547617735348,71.0009618925843,3849.6412838324886,8.053642853206044,180124715.67052215,385286.27409737714,0.005533058016919931,0.4288990580116663
19-4012.01,Precision Agriculture Technicians,268272.59866153845,561.2397461538461,18.707991538461535,3.7763636363636364,96.44136363636363,14340.0,30.0,19,"Life, Physical, and Social Science Occupations",46790.0,22.49,47840.0,23.0,70293.32597307692,294.11433461538456,16.120068076923076,True,False,True,False,26.202201165450106,52.40440233090021,3757.395647125545,7.860660349635031,175808542.32900426,376053.9911265399,0.0041841004184100415,0.3243336185152194
19-4013.00,Food Science Technicians,732549.5344615384,4642.919584615384,51.58799538461538,4.15375,82.92625,14200.0,90.0,19,"Life, Physical, and Social Science Occupations",49430.0,23.76,48790.0,23.46,70135.67879118588,388.0647798076923,21.92811673076923,True,True,True,True,9.57418925161685,8.358205924857499,1359.5348737295926,8.616770326455166,67201808.80845377,420412.22422774753,0.005533058016919931,0.4288990580116663
19-4021.00,Biological Technicians,2381918.3583384613,27198.700246153847,31.262873846153845,3.935294117647059,73.10058823529413,76190.0,870.0,19,"Life, Physical, and Social Science Occupations",52000.0,25.0,50690.0,24.37,774866.7467961537,8848.064965384616,27.444161923076923,False,False,False,False,32.53120511387604,32.53120511387604,24785.525176262156,283.02148449072155,1288847309.165632,14346359.048834676,0.01141882136763355,0.8851383291490955
19-4031.00,Chemical Technicians,1981411.9616,27064.577476923077,35.61128615384616,3.99375,76.60375,55640.0,760.0,19,"Life, Physical, and Social Science Occupations",57790.0,27.78,52890.0,25.43,98119.06420000001,1340.2316461538462,22.074167692307693,False,False,False,False,4.951976979121917,4.951976979121917,2755.2799911834345,37.63502504132657,159227630.6904907,1990516.4744357623,0.013659237958303379,1.0588058674892966
19-4042.00,"Environmental Science and Protection Technicians, Including Health",667351.0309499999,5421.485907692308,16.94214346153846,3.4972,77.9128,39390.0,320.0,19,"Life, Physical, and Social Science Occupations",49490.0,23.79,54060.0,25.99,144343.06425,1172.6270769230769,9.225930769230768,True,False,True,False,21.62925620187056,21.629256201870557,8519.764017916814,69.21361984598579,421643121.2467031,3741688.288873992,0.008123889312008123,0.62972924965839
19-4043.00,"Geological Technicians, Except Hydrologic Technicians",185693.78604615387,2294.8768615384615,19.12397384615385,3.6134782608695653,68.82391304347826,9710.0,120.0,19,"Life, Physical, and Social Science Occupations",48390.0,23.270000000000003,61150.0,29.4,24605.228509615383,308.2813815384615,10.493724307692307,True,True,True,True,13.250431817626787,13.433460710035346,1286.616929491561,15.900518181152144,62259393.218096636,972316.6867774536,0.012529100529100529,0.9712024342112459
19-4051.00,Nuclear Technicians,249923.39177692306,2753.7468876923076,41.72343769230769,4.27125,65.023125,5990.0,66.0,19,"Life, Physical, and Social Science Occupations",104240.0,50.11,104240.0,50.11,1731.7417384615383,19.12017692307692,25.954825384615386,False,False,False,False,0.6929090255014059,0.694333128746629,41.50525062753422,0.4573199568309279,4326507.325414167,47671.03230005592,0.011041009463722396,0.8558519617917383
19-4051.02,Nuclear Monitoring Technicians,157000.24761923077,1729.885866923077,26.210391923076923,4.278125,88.815,5990.0,66.0,19,"Life, Physical, and Social Science Occupations",104240.0,50.11,104240.0,50.11,8964.578750384615,98.42172461538462,13.078198846153846,False,False,False,False,5.709913765312147,5.689492381971183,342.02383454219756,3.768543085106017,35652564.512678675,392832.9311914512,0.010978956999085087,0.8510419193976664
19-4061.00,Social Science Research Assistants,792843.6415153847,35381.91114230769,24.06932730769231,3.9272727272727277,63.55181818181818,32940.0,1470.0,19,"Life, Physical, and Social Science Occupations",58040.0,27.9,58040.0,27.9,420623.42787692306,18770.990861538463,17.757923076923078,False,False,False,False,53.05250693225886,53.05250693225888,17475.49578348607,779.8718519042053,1014277775.2735314,45263762.284520075,0.04462659380692168,3.459263211686462
19-4071.00,Forest and Conservation Technicians,532563.4863230769,21761.76408076923,17.135247307692307,3.461,53.133500000000005,31080.0,1270.0,19,"Life, Physical, and Social Science Occupations",54310.0,26.110000000000003,44780.0,21.53,87411.35243076923,3571.8281076923076,5.740965,True,False,True,False,16.413320604135745,16.413320604135745,5101.26004376539,208.44917167252396,277049432.9768983,9334353.907495623,0.040862290862290866,3.1674705028289756
19-4092.00,Forensic Science Technicians,394072.0363461538,4254.762346153846,20.260773076923076,4.06625,70.63,19450.0,210.0,19,"Life, Physical, and Social Science Occupations",67440.0,32.42,64430.0,30.98,119929.42563461539,1294.8678346153847,18.013786153846155,False,False,False,False,30.433376279779743,30.433376279779743,5919.29168641716,63.91009018753746,399197031.3319733,4117727.1107830387,0.010796915167095116,0.8369308130220496
19-4099.01,Quality Control Analysts,3116666.2137692305,61984.11797692307,43.650787307692305,3.8492307692307692,82.86576923076925,71400.0,1420.0,19,"Life, Physical, and Social Science Occupations",60130.0,28.91,52400.0,25.19,426959.3539615384,16982.69699230769,30.417108846153845,False,False,False,False,13.699232599091282,27.398465198182564,9781.252075751174,194.52910290709622,588146687.314918,10193324.992331842,0.039775910364145656,3.083258920215551
19-4099.03,Remote Sensing Technicians,2361481.7326153843,46965.04286153846,33.07397384615384,3.7338888888888886,68.55000000000001,71400.0,1420.0,19,"Life, Physical, and Social Science Occupations",60130.0,28.91,52400.0,25.19,940405.006153846,37405.46523076923,34.51181235576923,False,False,False,False,39.82266697919066,79.64533395838131,28433.38422314213,565.4818711045073,1709699393.3375363,29631250.04587618,0.03977591036414566,3.0832589202155516
19-5011.00,Occupational Health and Safety Specialists,617026.6715884614,5284.819269230768,4.804381153846153,3.821818181818182,89.92045454545455,128430.0,1100.0,19,"Life, Physical, and Social Science Occupations",83910.0,40.34,87000.0,41.83,178068.19499999995,1525.1499999999996,2.152038461538461,True,False,True,False,28.859075822700607,28.859075822700607,37063.71107909439,317.4498340497067,3110015996.6468105,27618135.562324483,0.008564977030288873,0.6639204882632656
19-5012.00,Occupational Health and Safety Technicians,280403.50669230765,1961.4871692307688,8.915850769230769,3.5603846153846153,79.85384615384615,31450.0,220.0,19,"Life, Physical, and Social Science Occupations",58440.0,28.1,63510.0,30.54,55153.45373076922,385.811123076923,4.910706923076922,True,False,True,False,19.66931668628888,19.66931668628888,6186.000097837853,43.27249670983554,361509845.71764416,2748236.2660416556,0.0069952305246422895,0.5422404343888788
21-1011.00,Substance Abuse and Behavioral Disorder Counselors,6344164.329108974,69867.03163846154,39.20708846153846,4.357826086956522,90.22130434782609,161811.66666666666,1782.0,21,Community and Social Service Occupations,60200.0,28.94,60200.0,28.94,963818.6209782049,10614.344552307692,13.53108769230769,False,False,False,False,15.192207688503734,15.192207688503734,24582.764464229364,270.7251410091365,1479882420.7466078,16297653.488750018,0.011012802949931507,0.8536655131483821
21-1012.00,"Educational, Guidance, and Career Counselors and Advisors",11810169.48425,126950.2664,34.497355,3.816857142857143,73.76657142857142,342350.0,3680.0,21,Community and Social Service Occupations,65140.0,31.32,62500.0,30.05,3710464.5877393163,39884.649285470085,24.236324209401708,False,True,True,False,31.41753886502288,31.41753886502288,107557.94430440583,1156.165430232842,7006324491.988996,72260339.38955262,0.010749233240835402,0.8332347134701499
21-1013.00,Marriage and Family Therapists,2789126.696326923,83838.93819230769,42.34289807692308,3.9953333333333334,82.914,65870.0,1980.0,21,Community and Social Service Occupations,63780.0,30.66,81170.0,39.02,1747124.7074346154,52517.18416153846,40.575608461538465,False,False,False,False,62.64056450843382,62.640564508433826,41261.339841705354,1240.2831772669897,2631648255.1039677,100673785.49876155,0.0300592075299833,2.33006155994796
21-1014.00,Mental Health Counselors,7721003.246197435,85029.88732615384,47.71598615384615,4.0488888888888885,90.93518518518519,161811.66666666666,1782.0,21,Community and Social Service Occupations,60200.0,28.94,60200.0,28.94,3246383.9036538457,35751.786230769234,38.60188,False,False,False,False,42.04614089823984,42.046140898239855,68035.56135645686,749.2622308066341,4095740793.6587033,45105586.294559374,0.011012802949931507,0.8536655131483821
21-1015.00,Rehabilitation Counselors,1763044.843253846,11895.05123076923,19.825085384615384,4.1135294117647065,84.63117647058823,88930.0,600.0,21,Community and Social Service Occupations,46110.0,22.17,46700.0,22.45,541750.238526923,3655.1236153846153,14.011710384615384,False,False,False,False,30.728103178991056,30.728103178991063,27326.502157076746,184.36861907394632,1260025014.4628088,8610014.510753293,0.0067468795681997085,0.5229893275057065
21-1021.00,"Child, Family, and School Social Workers",11087600.20436923,52982.83991538461,28.952371538461538,4.158095238095238,64.96190476190476,382960.0,1830.0,21,Community and Social Service Occupations,58570.0,28.16,49070.0,23.59,2837316.7627692306,13558.308115384616,23.316736153846154,False,False,False,False,25.589998831768344,25.589998831768344,97999.45952614005,468.29697862136067,5739828344.446023,22979332.740950167,0.004778566952162106,0.37041412870796303
21-1022.00,Healthcare Social Workers,5973536.545546154,62003.471726923075,32.12615115384615,4.055294117647058,87.64470588235294,185940.0,1930.0,21,Community and Social Service Occupations,68090.0,32.74,72370.0,34.79,1296086.4027,13452.97815,15.527030384615385,False,False,False,False,21.697136910736024,21.697136910736024,40343.65637182256,418.7547423772053,2746999562.357398,30305280.705838345,0.01037969237388405,0.8045894816204974
21-1023.00,Mental Health and Substance Abuse Social Workers,2956789.4217576925,39452.038984615385,23.48335653846154,3.9784615384615383,89.82153846153847,125910.0,1680.0,21,Community and Social Service Occupations,60060.0,28.88,60060.0,28.88,1336067.3301923077,17826.964615384615,15.404776153846154,False,False,False,False,45.18642147326371,45.18642147326371,56894.22327698633,759.1318807508303,3417067050.015799,45593460.757894866,0.01334286395044079,1.0342819037902542
21-1091.00,Health Education Specialists,434178.6438461538,3265.5032307692304,6.664292307692308,3.816875,77.09125,65150.0,490.0,21,Community and Social Service Occupations,63000.0,30.29,61660.0,29.64,120764.3453076923,908.2813384615384,2.543433076923077,False,True,True,False,27.81443698794263,27.81443698794263,18121.105697644627,136.2907412409189,1141629658.9516115,8403687.104915058,0.007521105141980046,0.583003991777703
21-1092.00,Probation Officers and Correctional Treatment Specialists,2696388.5416384614,25777.499303846154,31.057228076923078,4.1519047619047615,79.69714285714285,86820.0,830.0,21,Community and Social Service Occupations,64520.0,31.02,74860.0,35.99,624562.3767692307,5970.822076923077,17.840380384615386,False,False,False,False,23.16292207612317,23.162922076123166,20110.048946490137,192.25225323182232,1297500358.0275435,14392003.67693422,0.009560009214466713,0.7410511391944723
21-1093.00,Social and Human Service Assistants,5969506.526853846,88088.98886923077,14.071723461538461,3.4921052631578946,59.93578947368421,424220.0,6260.0,21,Community and Social Service Occupations,45120.0,21.69,40500.0,19.47,1345993.2797846154,19862.142123076923,10.868746153846153,False,False,False,False,22.547814860904495,22.547814860904495,95652.34020292904,1411.4932102926216,4315833589.956159,57165475.01685117,0.014756494271840084,1.1438604969246156
21-1094.00,Community Health Workers,2005652.1157461538,19154.91893846154,33.025722307692305,3.7275,54.091071428571425,60730.0,580.0,21,Community and Social Service Occupations,51030.0,24.54,55520.0,26.69,1279228.2119846155,12217.229753846153,30.401640384615387,False,False,False,False,63.78116134605477,63.78116134605476,38734.29928545906,369.9307358071177,1976611292.536976,20538554.452011175,0.009550469290301332,0.7403116449626167
21-2011.00,Clergy,1572777.8291076922,17330.88516923077,27.079508076923076,4.173333333333334,97.01380952380953,58080.0,640.0,21,Community and Social Service Occupations,60820.0,29.24,60820.0,29.24,241659.35335384618,2662.9129846153846,23.056205384615385,False,False,False,False,15.365129701182934,15.36512970118293,8924.067330447047,98.33683008757077,542761775.0377895,5980846.005926055,0.011019283746556472,0.8541678768610186
21-2021.00,"Directors, Religious Activities and Education",93101.63479999999,260.3028,4.33838,3.6468421052631577,89.15157894736842,21460.0,60.0,21,Community and Social Service Occupations,54840.0,26.37,31200.0,15.0,14710.664923076922,41.12953846153846,2.274685,False,False,False,False,15.800651572529556,15.800651572529553,3390.819827464843,9.480390943517735,185952559.338172,295788.1974377533,0.0027958993476234857,0.2167261924281569
23-1011.00,Lawyers,21959794.8825,171801.8055,29.36783,4.082272727272727,75.10954545454545,747750.0,5850.0,23,Legal Occupations,151160.0,72.67,125710.0,60.43999999999999,8371465.035,65493.909,12.716056538461538,False,False,False,False,38.121781554851005,38.12178155485101,285055.6215763984,2230.1242209587836,43089007757.48838,280348915.81672865,0.0078234704112337,0.6064420578095006
23-1012.00,Judicial Law Clerks,350767.6481,15654.53195,26.533105,3.6127777777777776,74.4,13220.0,590.0,23,Legal Occupations,60400.0,29.040000000000003,50490.0,24.28,110160.59224615384,4916.39556923077,20.991511538461538,False,False,False,False,31.405573701810795,31.405573701810802,4151.816843379387,185.29288484068368,250769737.34011498,9355437.755606119,0.04462934947049925,3.459476818973608
23-1021.00,"Administrative Law Judges, Adjudicators, and Hearing Officers",688821.4375615384,7639.424446153846,42.441246923076925,4.311428571428571,78.3157142857143,16230.0,180.0,23,Legal Occupations,115230.0,55.4,103790.0,49.9,140802.4224115385,1561.5795461538462,16.75287269230769,False,False,False,False,20.441062768020977,20.441062768020974,3317.5844872498046,36.79391298243776,382285260.465795,3818840.228447215,0.011090573012939,0.8596939167298052
23-1022.00,"Arbitrators, Mediators, and Conciliators",196371.51016153846,999.3461076923077,24.983652692307693,3.8560000000000003,79.7105,7860.0,40.0,23,Legal Occupations,67710.0,32.55,55890.0,26.87,46628.53400769231,237.29533846153845,9.145680769230768,False,False,False,False,23.7450605585988,23.7450605585988,1866.3617599058657,9.49802422343952,126371354.76322617,530844.5738480348,0.0050890585241730275,0.39448211106940173
23-1023.00,"Judges, Magistrate Judges, and Magistrates",739956.8118307692,2892.7162307692306,28.927162307692306,4.286190476190477,83.36476190476189,25580.0,100.0,23,Legal Occupations,156210.0,75.1,123640.0,59.44,12671.033323076921,49.53492307692307,5.412258461538461,False,False,False,False,1.7124017402754625,1.7124017402754625,438.0323651624633,1.7124017402754625,68425035.7620284,211721.3511676582,0.003909304143862393,0.3030325833664482
23-2011.00,Paralegals and Legal Assistants,8293004.963815385,65265.465784615386,22.583206153846156,3.61,62.82,367220.0,2890.0,23,Legal Occupations,61010.0,29.33,55630.0,26.75,5641192.822084615,44395.85876538462,21.255015721153846,False,False,False,False,68.02350712074404,68.02350712074406,249795.9228487963,1965.8793557895028,15240049253.005062,109361868.56257004,0.007869941724306957,0.610044315790663
23-2093.00,"Title Examiners, Abstractors, and Searchers",3115143.2284923075,86010.80535384615,64.66977846153846,4.160625,76.46,48170.0,1330.0,23,Legal Occupations,54980.0,26.43,59310.0,28.51,334801.1941192308,9244.043765384615,61.19565192307692,False,False,False,False,10.747537739421073,10.747537739421071,5177.088929079131,142.9422519343003,284636349.3207706,8477904.96222335,0.027610545982976954,2.1402517607937055
25-1011.00,"Business Teachers, Postsecondary",969677.6955461538,5098.574334615384,11.857149615384614,3.9108,81.048,81780.0,430.0,25,Educational Instruction and Library Occupations,97270.0,46.76442307692307,124620.0,59.91346153846154,451103.51261538453,2371.9064615384614,7.344058076923076,False,False,False,False,46.52097441112208,46.5209744111221,38044.85287341564,200.04018996782494,3700622838.9971395,24929008.473790344,0.0052580092932257285,0.40757845408179394
25-1021.00,"Computer Science Teachers, Postsecondary",607802.2822153847,7044.066184615384,16.771586153846155,3.8784615384615386,78.19346153846153,36240.0,420.0,25,Educational Instruction and Library Occupations,96690.0,46.48557692307692,100340.0,48.24038461538461,238347.5947384615,2762.306561538461,8.401086923076923,False,False,False,False,39.21465939050211,39.21465939050212,14211.392563117966,164.70156944010887,1374099546.9278762,16526155.477620523,0.011589403973509934,0.8983611651919903
25-1022.00,"Mathematical Science Teachers, Postsecondary",589155.4976384615,4223.769442307693,12.067912692307694,3.6743478260869566,76.39304347826086,48820.0,350.0,25,Educational Instruction and Library Occupations,79350.0,38.14903846153846,79780.0,38.35576923076923,311156.18524615385,2230.738730769231,7.6856184615384615,False,False,False,False,52.813932228991355,52.813932228991355,25783.761714193577,184.84876280146975,2045941492.0212603,14747234.296301257,0.007169192953707498,0.5557252599098343
25-1031.00,"Architecture Teachers, Postsecondary",131915.63316923077,1735.7320153846154,14.46443346153846,3.9136363636363636,88.78863636363636,9120.0,120.0,25,Educational Instruction and Library Occupations,101480.0,48.78846153846154,61530.0,29.58173076923077,53178.709476923075,699.7198615384615,7.111324230769231,False,False,False,False,40.31266666377717,40.31266666377717,3676.515199736478,48.37519999653261,373092762.4692578,2976526.0557866516,0.013157894736842105,1.0199438792781244
25-1032.00,"Engineering Teachers, Postsecondary",790830.465,7727.985,19.815346153846153,3.67125,89.47666666666667,39910.0,390.0,25,Educational Instruction and Library Occupations,106120.0,51.01923076923077,102870.0,49.45673076923077,375032.38195,3664.8115499999994,10.390797692307691,False,False,False,False,47.4226017519444,47.422601751944384,18926.36035920101,184.94814683258315,2008465361.3184114,19025615.86466783,0.009771986970684036,0.757482750734242
25-1041.00,"Agricultural Sciences Teachers, Postsecondary",140455.57730769232,1614.431923076923,16.14431923076923,3.8443478260869566,87.96826086956521,8700.0,100.0,25,Educational Instruction and Library Occupations,86350.0,41.51442307692308,62170.0,29.889423076923077,56936.51757692308,654.4427307692307,7.60482,False,False,False,False,40.53702862378598,40.53702862378598,3526.72149026938,40.53702862378598,304532400.684761,2520187.0695407744,0.011494252873563216,0.8909854577602004
25-1042.00,"Biological Science Teachers, Postsecondary",844850.839326923,9678.10351153846,15.865743461538461,3.7177777777777776,89.56296296296296,53250.0,610.0,25,Educational Instruction and Library Occupations,83460.0,40.125,103830.0,49.91826923076923,387625.10076923075,4440.400215384615,8.058831153846153,False,False,False,False,45.88089195461349,45.88089195461349,24431.574965831685,279.8734409231423,2039059246.6483126,29059259.371049866,0.011455399061032863,0.8879736759311518
25-1043.00,"Forestry and Conservation Science Teachers, Postsecondary",25550.873334615386,273.0627684615385,19.504483461538463,3.8207999999999998,89.814,1310.0,14.0,25,Educational Instruction and Library Occupations,100830.0,48.47596153846154,100830.0,48.47596153846154,9843.593938461538,105.19871384615385,9.791337692307692,False,False,False,False,38.52546959765088,38.52546959765088,504.68365172922654,5.3935657436711235,50887252.60385791,543833.2339343594,0.01068702290076336,0.8284124332457439
25-1051.00,"Atmospheric, Earth, Marine, and Space Sciences Teachers, Postsecondary",142386.54596923076,2356.5717538461536,12.40300923076923,3.5276923076923077,81.78307692307693,11480.0,190.0,25,Educational Instruction and Library Occupations,101390.0,48.74519230769231,77900.0,37.45192307692308,67220.27458461538,1112.5306769230767,6.758954615384615,False,False,False,False,47.20970940550904,47.20970940550903,5419.6746397524375,89.69844787046718,549500811.7244996,6987509.089109393,0.01655052264808362,1.2829259248062814
25-1052.00,"Chemistry Teachers, Postsecondary",394897.7099076923,5422.822892307692,19.367224615384615,3.812857142857143,89.57892857142858,20390.0,280.0,25,Educational Instruction and Library Occupations,86220.0,41.45192307692308,105090.0,50.52403846153846,174386.6042923077,2394.7155076923077,10.39967923076923,False,False,False,False,44.15994317441616,44.15994317441616,9004.212413263456,123.64784088836527,776343194.2715752,12994151.598958306,0.01373222167729279,1.0644632540970322
25-1053.00,"Environmental Science Teachers, Postsecondary",94363.91832692307,1045.5469211538461,13.234771153846154,3.696,90.1648,7130.0,79.0,25,Educational Instruction and Library Occupations,87710.0,42.16826923076924,87710.0,42.16826923076924,39751.22810384615,440.4413773076923,6.713771153846153,False,False,False,False,42.12545304247364,42.12545304247363,3003.5448019283704,33.27910790355417,263440914.57713735,2918910.554220736,0.011079943899018233,0.8588699931536968
25-1054.00,"Physics Teachers, Postsecondary",178842.3405923077,1973.9772692307693,13.159848461538461,3.6962500000000005,87.13666666666667,13590.0,150.0,25,Educational Instruction and Library Occupations,97360.0,46.8076923076923,81060.0,38.97115384615385,73533.34173461539,811.6262884615385,6.351206153846154,False,False,False,False,41.11629354160789,41.11629354160789,5587.704292304512,61.67444031241183,544018889.8987672,4999330.131724103,0.011037527593818984,0.8555820620876097
25-1061.00,"Anthropology and Archeology Teachers, Postsecondary",83755.38461538461,1114.6153846153845,15.923076923076923,3.921538461538461,90.91653846153847,5260.0,70.0,25,Educational Instruction and Library Occupations,95770.0,46.04326923076923,75520.0,36.30769230769231,34187.232430769225,454.9631692307692,8.495758358974358,False,False,False,False,40.81795169082125,40.81795169082126,2147.024258937198,28.572566183574878,205620513.27841544,2157800.1981835747,0.013307984790874526,1.0315782201063919
25-1062.00,"Area, Ethnic, and Cultural Studies Teachers, Postsecondary",229752.31984615384,3216.1304615384615,20.100815384615384,3.8104347826086955,87.81695652173913,11430.0,160.0,25,Educational Instruction and Library Occupations,84290.0,40.52403846153846,64890.0,31.197115384615383,99568.1016,1393.7792000000002,10.140740769230769,False,False,False,False,43.33714744063195,43.33714744063196,4953.435952464232,69.33943590501113,417525116.43321013,4499435.995876173,0.013998250218722662,1.085084651970428
25-1063.00,"Economics Teachers, Postsecondary",235807.92567692307,3037.7832615384614,18.986145384615384,3.6731818181818183,89.98454545454545,12420.0,160.0,25,Educational Instruction and Library Occupations,119980.0,57.68269230769231,102590.0,49.32211538461539,101538.07151538461,1308.0588923076923,9.527820384615385,False,False,False,False,43.05965171607523,43.05965171607524,5348.008743136544,68.89544274572036,641654089.0015225,7067983.471283452,0.01288244766505636,0.9985923971032199
25-1064.00,"Geography Teachers, Postsecondary",47107.08299230769,1002.2783615384615,14.318262307692306,3.6431999999999998,89.3984,3290.0,70.0,25,Educational Instruction and Library Occupations,86730.0,41.69711538461539,81940.0,39.39423076923077,23604.11512307692,502.2152153846153,8.288559615384615,False,False,False,False,50.107358859242744,50.107358859242744,1648.532106469086,35.07515120146992,142977189.59406385,2874057.8894484453,0.02127659574468085,1.6492709537263286
25-1065.00,"Political Science Teachers, Postsecondary",242042.12864230768,1409.680423076923,14.09680423076923,3.8245454545454547,91.44772727272726,17170.0,100.0,25,Educational Instruction and Library Occupations,94680.0,45.51923076923077,70820.0,34.04807692307692,102543.65136923076,597.2256923076923,6.577113461538461,False,False,False,False,42.36603435295796,42.36603435295795,7274.248098402882,42.36603435295796,688725809.9567848,3000362.5528764827,0.005824111822947,0.45146030765950756
25-1066.00,"Psychology Teachers, Postsecondary",959735.2741500001,5766.25375,23.065015,3.6558620689655172,84.29379310344828,41610.0,250.0,25,Educational Instruction and Library Occupations,80330.0,38.62019230769231,81370.0,39.12019230769231,289276.0808076923,1738.0201923076922,11.85361,False,False,False,False,30.141236713831614,30.141236713831614,12541.768596625336,75.35309178457904,1007480271.3669132,6131481.078511196,0.00600817111271329,0.4657277987571344
25-1067.00,"Sociology Teachers, Postsecondary",144958.9675,936.73,11.709125,3.6804166666666664,87.93624999999999,12380.0,80.0,25,Educational Instruction and Library Occupations,82540.0,39.68269230769231,86810.0,41.73557692307692,61998.935246153844,400.63932307692306,6.01982923076923,False,False,False,False,42.76998954628581,42.76998954628581,5294.924705830183,34.215991637028644,437043085.21922326,2970290.2340104566,0.006462035541195477,0.5009094334419222
25-1071.00,"Health Specialties Teachers, Postsecondary",2407803.3767538457,34169.59345384615,10.481470384615383,3.8786363636363634,81.94590909090908,229720.0,3260.0,25,Educational Instruction and Library Occupations,105620.0,50.77884615384616,136030.0,65.39903846153847,796485.6257692307,11303.078269230768,4.363000384615384,False,False,False,False,33.07934665508432,33.07934665508432,75989.87513605971,1078.386700955749,8026050611.870626,146692942.9310105,0.014191189273898659,1.1000404646088633
25-1072.00,"Nursing Instructors and Teachers, Postsecondary",1330937.5326923076,13264.562615384615,17.925084615384613,4.056206896551724,81.42758620689655,74250.0,740.0,25,Educational Instruction and Library Occupations,79940.0,38.43269230769231,75380.0,36.24038461538461,389716.9174038461,3884.047392307692,8.617903846153846,False,False,False,False,29.281383072539942,29.281383072539942,21741.426931360907,216.68223473679558,1738009668.8929908,16333506.85445965,0.009966329966329967,0.7725473908498547
25-1081.00,"Education Teachers, Postsecondary",677157.6274846154,3437.9300769230767,11.459766923076922,3.62375,84.70041666666667,59090.0,300.0,25,Educational Instruction and Library Occupations,72090.0,34.65865384615385,67580.0,32.49038461538461,222605.71160769227,1130.1694615384615,5.390848076923077,False,False,False,False,32.873544145783065,32.87354414578307,19424.977235743212,98.6206324373492,1400346608.9247282,6664782.340116059,0.005077001184633611,0.39354747753496766
25-1082.00,"Library Science Teachers, Postsecondary",81016.23653846154,1383.2040384615386,19.760057692307694,3.9528,85.5784,4100.0,70.0,25,Educational Instruction and Library Occupations,78630.0,37.80288461538461,79880.0,38.40384615384615,34750.190230769236,593.2959307692308,11.178512307692309,False,False,False,False,42.89287149776697,42.89287149776696,1758.6077314084457,30.02501004843688,138279325.9206461,2398397.8026691377,0.017073170731707315,1.3234393750633222
25-1111.00,"Criminal Justice and Law Enforcement Teachers, Postsecondary",210125.31669230768,1239.6773846153844,15.495967307692306,3.795217391304348,80.38130434782609,13560.0,80.0,25,Educational Instruction and Library Occupations,71470.0,34.36057692307692,79700.0,38.31730769230769,85943.99972307692,507.0442461538461,7.282666923076922,False,False,False,False,40.90130645653094,40.90130645653093,5546.217155505596,32.72104516522475,396388140.1039849,2607867.2996684127,0.005899705014749262,0.4573199694698374
25-1112.00,"Law Teachers, Postsecondary",369527.95707692305,1620.7366538461538,16.20736653846154,3.7673913043478264,81.01565217391304,22800.0,100.0,25,Educational Instruction and Library Occupations,126650.0,60.88942307692309,138020.0,66.35576923076923,180202.7289230769,790.3628461538461,8.62807,False,False,False,False,48.765655066678725,48.765655066678725,11118.56935520275,48.765655066678725,1408166808.8364282,6730635.712302998,0.004385964912280702,0.33998129309270814
25-1113.00,"Social Work Teachers, Postsecondary",239689.51476923077,2693.1406153846156,17.95427076923077,3.92,87.87166666666667,13350.0,150.0,25,Educational Instruction and Library Occupations,76210.0,36.63942307692308,64140.0,30.836538461538463,91879.75246153846,1032.3567692307693,8.719754230769231,False,False,False,False,38.33282092043067,38.33282092043067,5117.431592877494,57.49923138064601,389999461.6931938,3688000.700754635,0.011235955056179775,0.8709633126419938
25-1121.00,"Art, Drama, and Music Teachers, Postsecondary",2733515.41215,24852.67868846154,27.924358076923077,3.8785714285714286,83.10214285714287,97890.0,890.0,25,Educational Instruction and Library Occupations,80190.0,38.552884615384606,63500.0,30.528846153846157,1154990.9325,10500.990192307692,13.209944230769231,False,False,False,False,42.25295117657894,42.25295117657893,41361.41390675312,376.05126547155254,3316771781.182533,23879255.357443586,0.00909183777709674,0.704760486202598
25-1122.00,"Communications Teachers, Postsecondary",588625.2656307692,4224.583246153847,20.117063076923078,3.899545454545455,84.25636363636363,29260.0,210.0,25,Educational Instruction and Library Occupations,77800.0,37.40384615384615,62810.0,30.197115384615383,214966.34389999998,1542.82065,9.274672692307693,False,False,False,False,36.52006742687857,36.52006742687856,10685.77172910467,76.692141596445,831353040.5243434,4817033.413672711,0.007177033492822967,0.5563330250607951
25-1123.00,"English Language and Literature Teachers, Postsecondary",1342732.7148538462,10139.783884615385,22.532853076923075,3.6827272727272726,80.4718181818182,59590.0,450.0,25,Educational Instruction and Library Occupations,78270.0,37.62980769230769,62780.0,30.182692307692307,812122.4295961539,6132.825865384616,15.227102692307692,False,False,False,False,60.48280648949198,60.48280648949198,36041.70438708827,272.1726292027139,2820984202.377399,17086997.66134638,0.007551602617888908,0.5853680260330903
25-1124.00,"Foreign Language and Literature Teachers, Postsecondary",334494.52499615384,1738.044296153846,15.800402692307692,3.875,86.30583333333334,21170.0,110.0,25,Educational Instruction and Library Occupations,77010.0,37.02403846153846,65040.0,31.26923076923077,178040.3188153846,925.1032153846154,9.106638846153846,False,False,False,False,53.226676525552044,53.226676525552044,11268.08742045937,58.54934417810725,867755412.249576,3808049.3453440955,0.0051960321209258385,0.4027742480285838
25-1125.00,"History Teachers, Postsecondary",262716.7191,2116.5496,13.228435,3.7836000000000003,91.8752,19860.0,160.0,25,Educational Instruction and Library Occupations,81500.0,39.18269230769231,78110.0,37.55288461538461,126739.89745384615,1021.0666461538461,7.385290769230769,False,False,False,False,48.242037236162396,48.242037236162396,9580.868595101852,77.18725957785983,780840790.500801,6029096.845626632,0.008056394763343404,0.6244973601219532
25-1126.00,"Philosophy and Religion Teachers, Postsecondary",308601.6376,1036.5698,14.80814,3.9263636363636363,87.80681818181819,20840.0,70.0,25,Educational Instruction and Library Occupations,78050.0,37.52403846153846,87240.0,41.94230769230769,136766.65998461537,459.3889730769231,7.853758076923077,False,False,False,False,44.31818996433458,44.318189964334586,9235.910788567326,31.022732975034206,720862837.0476798,2706423.224741984,0.003358925143953935,0.26036955075621987
25-1192.00,"Family and Consumer Sciences Teachers, Postsecondary",44027.08813076923,3013.2607846153846,16.74033769230769,4.086956521739131,84.3004347826087,2630.0,180.0,25,Educational Instruction and Library Occupations,77280.0,37.15384615384615,74790.0,35.95673076923077,28642.704278071928,1960.337174925075,14.061421623376624,False,True,True,False,65.05700352700453,65.05700352700453,1710.999192760219,117.10260634860815,132226017.61650974,8758103.928812403,0.06844106463878327,5.305259417690015
25-1193.00,"Recreation and Fitness Studies Teachers, Postsecondary",271735.6382769231,4071.748523076923,21.430255384615386,3.857391304347826,84.46478260869566,12680.0,190.0,25,Educational Instruction and Library Occupations,75890.0,36.48557692307692,55770.0,26.8125,128439.02167692308,1924.559473076923,11.015938076923076,False,False,False,False,47.266167401285855,47.266167401285855,5993.350026483047,89.80571806244312,454835333.50979847,5008464.896342453,0.01498422712933754,1.1615133767173593
25-1194.00,"Career/Technical Education Teachers, Postsecondary",2801498.2155,70573.05446153846,25.204662307692306,4.0515,89.0005,111150.0,2800.0,25,Educational Instruction and Library Occupations,61490.0,29.559999999999995,49850.0,23.97,792272.0700000001,19958.27076923077,16.200508846153845,False,True,True,False,28.28029893492538,28.280298934925383,31433.552266169558,791.8483701779107,1932849128.846766,39473641.25336885,0.025191183085919926,1.9527130680196567
25-2011.00,"Preschool Teachers, Except Special Education",27926988.99526154,265415.5734923077,62.74599846153846,4.195,88.985,445080.0,4230.0,25,Educational Instruction and Library Occupations,37120.0,17.85,34210.0,16.45,3591721.8194307694,34135.39879615385,16.88478576923077,False,False,False,False,12.861113742123035,12.861113742123036,57242.24504344121,544.0251112918044,2124832136.0125377,18611099.05729263,0.009503909409544353,0.7367025215923687
25-2012.00,"Kindergarten Teachers, Except Special Education",11955403.201384615,54337.992,104.49613846153846,4.173513513513513,97.21486486486486,114410.0,520.0,25,Educational Instruction and Library Occupations,61430.0,19.27,60420.0,29.048076923076923,2038678.5665923078,9265.910800000001,41.98087923076923,False,False,False,False,17.052361449057596,17.0523614490576,19509.606733866796,88.67227953509949,1198475141.6614373,5357579.129510711,0.004545057250240364,0.3523134525747004
25-2021.00,"Elementary School Teachers, Except Special Education",141818567.9799269,1608208.7791538462,101.78536576923076,4.135526315789474,94.36578947368422,1393310.0,15800.0,25,Educational Instruction and Library Occupations,62340.0,29.971153846153847,61710.0,29.66826923076923,26997698.431707695,306151.2766153847,42.07583538461539,False,False,False,False,19.03678680180226,19.03678680180226,265241.4541881911,3007.812314684757,16535152254.091833,185612097.93919635,0.011339902821339114,0.8790209000417507
25-2022.00,"Middle School Teachers, Except Special and Career/Technical Education",43775572.027707696,375398.6220923077,70.56365076923078,3.8017142857142856,91.218,620370.0,5320.0,25,Educational Instruction and Library Occupations,62970.0,30.274038461538463,75490.0,36.29326923076923,9219414.01153846,79061.33846153846,33.51934846153846,False,False,False,False,21.06063629666117,21.06063629666117,130653.86939359689,1120.4258509823742,8227274155.714796,84580947.49065943,0.008575527507777616,0.6647383162785615
25-2023.00,"Career/Technical Education Teachers, Middle School",1041120.0511538462,12464.113288461538,73.31831346153847,4.067096774193549,98.81838709677419,14200.0,170.0,25,Educational Instruction and Library Occupations,63620.0,30.58653846153846,71910.0,34.57211538461539,207610.37907692307,2485.4763692307693,28.46684846153846,False,False,False,False,19.941060480665403,19.941060480665406,2831.6305882544875,33.89980281713119,180148338.0247505,2437734.8205799037,0.011971830985915494,0.9280052760755892
25-2031.00,"Secondary School Teachers, Except Special and Career/Technical Education",86618501.18136923,915820.205676923,80.76015923076923,3.9459375,93.9715625,1072540.0,11340.0,25,Educational Instruction and Library Occupations,64580.0,31.048076923076923,74280.0,35.71153846153846,16236922.762792306,171673.50786923076,35.76885961538461,False,False,False,False,18.745328701536923,18.745328701536927,201051.14845546414,2125.720274754287,12983883167.253874,157898502.00874844,0.010573032241221773,0.8195763635081756
25-2032.00,"Career/Technical Education Teachers, Secondary School",7054440.917115384,58758.86642307692,67.53892692307691,4.005151515151515,95.36121212121212,104450.0,870.0,25,Educational Instruction and Library Occupations,63910.0,30.72596153846154,65240.0,31.365384615384617,1166020.9866153845,9712.190123076922,27.01000192307692,False,False,False,False,16.52889293872178,16.528892938721775,17264.428674494895,143.80136856687946,1103369636.5869687,9381601.285303216,0.00832934418382001,0.6456552350202928
25-2051.00,"Special Education Teachers, Preschool",2590541.0143846152,13779.473480769231,91.86315653846154,4.2444444444444445,87.14416666666666,28200.0,150.0,25,Educational Instruction and Library Occupations,62190.0,29.89903846153846,56040.0,26.942307692307693,311580.21646153845,1657.341576923077,21.918204615384617,False,False,False,False,12.027611789638257,12.027611789638256,3391.7865246779884,18.041417684457386,210935203.9697241,1011041.0470369919,0.005319148936170213,0.41231773843158215
25-2057.00,"Special Education Teachers, Middle School",7693687.177219231,64564.667384615386,80.70583423076923,4.0455,90.17025,95330.0,800.0,25,Educational Instruction and Library Occupations,64880.0,31.19230769230769,73640.0,35.40384615384615,1193182.1422192308,10013.067384615384,30.040846923076924,True,False,True,False,15.508586646883774,15.508586646883774,14784.3356504743,124.06869317507021,959207697.0027726,9136418.56541217,0.008391901814748767,0.6505044357506551
25-2058.00,"Special Education Teachers, Secondary School",12717758.106507692,107036.05237692308,78.12850538461538,4.078,89.31725,162780.0,1370.0,25,Educational Instruction and Library Occupations,69590.0,33.45673076923077,60080.0,28.88461538461538,1966981.1173615386,16554.638965384613,26.494913076923076,True,False,True,False,15.466413977122523,15.46641397712252,25176.228671960045,211.88987148657856,1752013753.2816997,12730343.478913639,0.00841626735471188,0.652393148485307
25-2059.01,Adapted Physical Education Specialists,2042089.3627884616,6746.41975,51.895536538461535,4.2245,96.42999999999999,39350.0,130.0,25,Educational Instruction and Library Occupations,67430.0,32.41826923076923,65030.0,31.26442307692308,140956.24038461538,465.67499999999995,14.790533846153846,False,False,False,False,6.902550052566769,6.902550052566769,2716.153445685024,8.9733150683368,183150226.84254116,583534.6788939422,0.003303684879288437,0.2560875610487387
25-3011.00,"Adult Basic Education, Adult Secondary Education, and English as a Second Language Instructors",1530023.2642692307,6751.3436923076915,42.19589807692307,3.6772972972972973,80.04702702702703,36260.0,160.0,25,Educational Instruction and Library Occupations,59950.0,28.82,49060.0,23.59,413889.5538346154,1826.319046153846,19.000590576923077,False,True,True,False,27.051193501446345,27.051193501446345,9808.762763624445,43.28190960231415,588035327.6792855,2123410.485089532,0.004412575841147269,0.34204405879817956
25-3021.00,Self-Enrichment Teachers,15895244.799276922,280273.9910153846,51.520954230769235,3.759666666666667,73.59233333333333,308520.0,5440.0,25,Educational Instruction and Library Occupations,45590.0,21.92,38010.0,18.280000000000005,3071599.0144615388,54160.17969230769,21.62571076923077,False,True,True,False,19.324012012707513,19.324012012707513,59618.44186160521,1051.2262534912886,2718004764.4705815,39957109.89520388,0.01763256839102813,1.3668014956850372
25-3041.00,Tutors,9250088.58816923,103273.06049999999,52.96054384615384,3.9363157894736847,90.43052631578948,174660.0,1950.0,25,Educational Instruction and Library Occupations,40090.0,19.27,35460.0,17.05,4436530.867476922,49531.863,42.11498423076923,True,False,True,False,47.96203652742527,47.96203652742527,83770.49299880098,935.2597122847927,3358359064.3219314,33164309.39761875,0.011164548265200963,0.8654281627677662
25-4011.00,Archivists,152766.82961538463,2166.9053846153847,21.669053846153847,4.220769230769231,98.01384615384616,7050.0,100.0,25,Educational Instruction and Library Occupations,61570.0,29.6,51250.0,24.64,122279.03682692308,1734.454423076923,21.058081538461536,False,False,False,False,80.04292367314324,80.04292367314322,5643.026118956598,80.04292367314324,347441118.14415777,4102199.838248591,0.014184397163120565,1.0995139691508857
25-4012.00,Curators,79565.5395076923,583.1350615384615,6.4792784615384615,3.6573333333333333,81.81333333333333,12280.0,90.0,25,Educational Instruction and Library Occupations,61770.0,29.7,50040.0,24.06,40551.08212307692,297.1984846153846,5.224908846153846,False,False,False,False,50.96563458751698,50.96563458751698,6258.579927347085,45.869071128765285,386592482.1122294,2295288.3192834146,0.007328990228013029,0.5681120630506816
25-4013.00,Museum Technicians and Conservators,258732.68445384616,1385.714453846154,19.79592076923077,3.8037500000000004,64.87958333333334,13070.0,70.0,25,Educational Instruction and Library Occupations,47460.0,22.820000000000004,43230.0,20.78,75498.62376153846,404.3537615384615,15.791063461538462,False,False,False,False,29.180164817949866,29.180164817949866,3813.8475417060477,20.426115372564908,181005204.329369,883020.967555981,0.005355776587605203,0.4151569577474844
25-4022.00,Librarians and Media Collections Specialists,4863107.241603846,60129.44552692308,36.88923038461539,3.807142857142857,83.28821428571429,131830.0,1630.0,25,Educational Instruction and Library Occupations,64320.0,30.92,49760.0,23.92,1927521.5677653847,23832.664457692306,33.526231961538464,True,True,True,True,39.63559658474015,39.635596584740135,52251.60697766294,646.0602243312644,3360823360.8032804,32147956.762723718,0.012364408708184782,0.9584362266932718
25-4031.00,Library Technicians,4318637.4384,29856.3792,58.54192,3.6703225806451614,65.68741935483871,73770.0,510.0,25,Educational Instruction and Library Occupations,39970.0,19.22,36630.0,17.61,1765812.5153538461,12207.731907692307,50.979345384615385,False,False,False,False,40.88818615919879,40.88818615919879,30163.214929640944,208.52974941191383,1205623700.7377486,7638444.720958403,0.0069133794225294835,0.5358956860623573
25-9021.00,Farm and Home Management Educators,61005.585115384616,671.8938711538461,5.945963461538462,3.7733333333333334,86.34533333333334,10260.0,113.0,25,Educational Instruction and Library Occupations,58120.0,27.94,58120.0,27.94,37273.57373076923,410.5179173076923,4.8980334615384615,False,True,True,False,61.09862508534394,61.09862508534394,6268.718933756289,69.04144634643865,364337944.4299155,4012688.861655014,0.01101364522417154,0.8537308026550225
25-9031.00,Instructional Coordinators,1641903.3040192307,25541.583292307692,7.7870680769230765,3.8461538461538463,80.13153846153847,210850.0,3280.0,25,Educational Instruction and Library Occupations,74720.0,35.92,59690.0,28.7,650192.792653846,10114.452738461536,4.028946923076921,False,False,False,False,39.599944227058494,39.599944227058494,83496.48240275284,1298.8781706475186,6238857165.133692,77530038.00595038,0.015556082523120702,1.2058411677801795
25-9042.00,"Teaching Assistants, Preschool, Elementary, Middle, and Secondary School, Except Special Education",17096834.767641347,188317.56104538462,44.688552692307695,3.964642857142857,75.10857142857142,382577.5,4214.0,25,Educational Instruction and Library Occupations,35550.0,17.091346153846153,35550.0,17.091346153846153,20163513.902560513,222096.30097271802,25.919608000000007,True,True,True,True,117.93711629431769,117.93711629431772,451200.8710908932,4969.870080642548,16040190967.281254,176678881.36684257,0.011014761714946648,0.8538173482578806
25-9044.00,"Teaching Assistants, Postsecondary",1532042.050430769,20656.524646153845,9.883504615384615,3.7405,71.233,155010.0,2090.0,25,Educational Instruction and Library Occupations,44930.0,21.60096153846154,30010.0,14.427884615384617,451173.35800384614,6083.17088076923,8.500621923076922,True,True,True,True,29.44914977216117,29.449149772161164,45649.127061827036,615.4872302381685,2051015278.8878887,18470771.779447436,0.013483001096703438,1.0451447376591012
27-1011.00,Art Directors,1417871.445623077,11259.650153846154,28.149125384615385,4.1293750000000005,80.50875,50370.0,400.0,27,"Arts, Design, Entertainment, Sports, and Media Occupations",111040.0,53.38,91020.0,43.76,626889.2503153846,4978.274769230769,25.5641,False,False,False,False,44.21340540079083,44.21340540079084,22270.292300378343,176.85362160316333,2472893257.0340114,16097216.638319926,0.007941234862021045,0.6155706557485603
27-1012.00,Craft Artists,83272.08119230768,914.6590153846154,19.055396153846154,3.7199999999999998,94.93333333333334,4370.0,48.0,27,"Arts, Design, Entertainment, Sports, and Media Occupations",38480.0,18.5,20030.0,9.63,8655.185023076921,95.06839384615384,17.96456126373626,False,False,False,False,10.393861783145214,10.393861783145214,454.21175992344587,4.989053655909703,17478068.521854196,99930.74472787135,0.010983981693363846,0.8514314122669561
27-1013.00,"Fine Artists, Including Painters, Sculptors, and Illustrators",355191.3807692308,4972.679330769231,35.51913807692308,3.6310714285714285,55.799642857142864,10000.0,140.0,27,"Arts, Design, Entertainment, Sports, and Media Occupations",60560.0,29.12,43680.0,21.0,151168.9230769231,2116.364923076923,31.64548269230769,False,False,False,False,42.55985118488507,42.55985118488506,4255.985118488507,59.5837916588391,257742458.775664,2602620.019658092,0.013999999999999997,1.0852202875519241
27-1014.00,Special Effects Artists and Animators,570138.9244923077,5090.526111538462,26.792242692307692,3.7,65.96769230769232,21280.0,190.0,27,"Arts, Design, Entertainment, Sports, and Media Occupations",99800.0,47.98,62820.0,30.2,318602.94867692306,2844.6691846153844,22.646776923076924,False,True,True,False,55.88163428073777,55.88163428073777,11891.611774940999,106.17510513340176,1186782855.1391118,6669920.104480298,0.008928571428571428,0.6921047752244415
27-1021.00,Commercial and Industrial Designers,727500.1440384616,11062.812107692307,24.049591538461538,3.5288235294117647,78.85823529411765,30250.0,460.0,27,"Arts, Design, Entertainment, Sports, and Media Occupations",79450.0,38.2,66040.0,31.75,366594.9914423077,5574.667638461539,22.646935,False,False,False,False,50.3910541388053,50.391054138805316,15243.293876988604,231.7988490385044,1211079698.5267446,15307995.990502829,0.015206611570247936,1.178751670068206
27-1022.00,Fashion Designers,397647.4403653846,6275.641096153846,19.01709423076923,3.8325000000000005,73.712,20910.0,330.0,27,"Arts, Design, Entertainment, Sports, and Media Occupations",80690.0,38.79,58490.0,28.12,63866.900826923076,1007.9424807692308,17.680735000000002,False,False,False,False,16.061187459986655,16.06118745998666,3358.3942978832097,53.001918617955965,270988835.8961962,3100082.2199642444,0.015781922525107604,1.2233473214871047
27-1023.00,Floral Designers,1454594.9683076923,36219.99423076923,36.21999423076923,4.149333333333334,91.432,40160.0,1000.0,27,"Arts, Design, Entertainment, Sports, and Media Occupations",36120.0,17.37,34910.0,16.79,47125.93735384615,1173.4546153846154,28.94539230769231,False,False,False,False,3.239797908050892,3.239797908050892,1301.1028398732383,32.39797908050892,46995834.57622137,1131013.4497005662,0.024900398406374504,1.9301726799088013
27-1024.00,Graphic Designers,9723598.907215385,139323.47916153847,45.38224076923077,4.057894736842105,96.3157894736842,214260.0,3070.0,27,"Arts, Design, Entertainment, Sports, and Media Occupations",61300.0,29.47,59010.0,28.37,7524748.734969231,107817.50497692308,45.38224076923077,False,False,False,False,77.3864574914284,77.3864574914284,165808.22382113448,2375.764244986852,10164044120.235544,140193848.09667414,0.014328386072995426,1.110675375306506
27-1025.00,Interior Designers,880038.0720384615,14418.559961538462,12.647859615384615,4.15,95.5,69580.0,1140.0,27,"Arts, Design, Entertainment, Sports, and Media Occupations",63490.0,30.52,60170.0,28.93,227736.00903846155,3731.2309615384615,12.017366923076922,False,False,False,False,25.877972359871777,25.877972359871777,18005.89316799878,295.0088849025383,1143194157.2362425,17750684.60458573,0.01638401839609083,1.2700192253615505
27-1026.00,Merchandise Displayers and Window Trimmers,5439882.863446154,55111.03275,28.262068076923075,3.84375,74.54041666666667,192480.0,1950.0,27,"Arts, Design, Entertainment, Sports, and Media Occupations",37350.0,17.96,43260.0,20.8,1383402.2501538463,14015.14125,27.101573076923078,False,False,False,False,25.43073600811809,25.43073600811809,48949.0806684257,495.8993521583027,1828248162.9656997,21452605.974368174,0.010130922693266832,0.785305917025239
27-1027.00,Set and Exhibit Designers,87264.58865384615,3056.2713076923073,8.04281923076923,3.9125925925925924,82.38962962962962,10850.0,380.0,27,"Arts, Design, Entertainment, Sports, and Media Occupations",66280.0,31.87,35230.0,16.94,22221.26321153846,778.256223076923,6.856881923076922,False,False,False,False,25.464238764344493,25.4642387643445,2762.8699059313776,96.76410730450907,183123017.3651317,3408999.5003378545,0.035023041474654376,2.7148367957190995
27-2011.00,Actors,1167558.2286153848,22267.863123076924,30.091706923076924,3.9305555555555554,78.18055555555556,38800.0,740.0,27,"Arts, Design, Entertainment, Sports, and Media Occupations",78000.0,23.33,41288.0,19.85,70000.66184615385,1335.0641692307695,29.720106923076926,False,False,False,False,5.9954750119116635,5.995475011911664,2326.2443046217254,44.36651508814631,181447055.7604946,1831804.6749593848,0.019072164948453613,1.4783928806856115
27-2012.00,Producers and Directors,7416706.323592308,65349.92836923077,51.054631538461535,3.8433333333333333,68.21407407407408,145270.0,1280.0,27,"Arts, Design, Entertainment, Sports, and Media Occupations",83480.0,40.13,71500.0,34.38,149263.8390123077,5260.214230769231,43.115547449392714,False,False,False,False,2.012535382957043,8.0493037437604,2923.6101508216966,25.760452901850154,244062975.39059523,1841872.382482286,0.035241048773611505,2.7317357916950047
27-2012.03,Media Programming Directors,4257913.371165385,37517.23766153846,29.310341923076923,3.707826086956522,78.23391304347825,145270.0,1280.0,27,"Arts, Design, Entertainment, Sports, and Media Occupations",83480.0,40.13,71500.0,34.38,37077.413136923074,1307.4254896153848,23.24680153846154,False,True,True,False,0.8707883393779579,3.4848660805209493,1264.9942206143594,11.14609074403786,105601717.53688672,796945.488198707,0.03526204713330989,2.7333634949771475
27-2012.04,Talent Directors,2529586.0071423077,22288.63556923077,17.412996538461538,3.854,77.14666666666668,145270.0,1280.0,27,"Arts, Design, Entertainment, Sports, and Media Occupations",83480.0,40.13,71500.0,34.38,5736.271707692308,202.79748461538463,8.483137692307693,False,False,False,False,0.22676721374548628,0.9098694443878138,329.4247314080679,2.9026203359422245,27500376.577945508,207537.35401986906,0.03535353535353535,2.7404552715957684
27-2012.05,Media Technical Directors/Managers,6180512.094126923,54457.599507692306,42.54499961538462,4.006666666666667,74.58266666666667,145270.0,1280.0,27,"Arts, Design, Entertainment, Sports, and Media Occupations",83480.0,40.13,71500.0,34.38,25397.51614,893.6585876923077,29.66620653846154,False,True,True,False,0.4109289934750581,1.6410172239892353,596.956548821217,5.259891116480744,49833932.6955952,376082.21482837317,0.0351868498780018,2.7275345244751077
27-2021.00,Athletes and Sports Competitors,279605.63462307694,5642.702438461539,19.457594615384618,3.9311111111111114,93.73222222222222,14370.0,290.0,27,"Arts, Design, Entertainment, Sports, and Media Occupations",62360.0,29.980769230769237,178920.0,86.01923076923077,24201.147069230763,488.40171538461533,14.319794615384616,False,False,False,False,8.655457570393809,8.65545757039381,1243.7892528655905,25.100826954142043,77562697.80869822,4491039.958635095,0.02018093249826027,1.5643398120591416
27-2022.00,Coaches and Scouts,8799725.527,94330.3645,35.06705,4.0381481481481485,76.58666666666667,250940.0,2690.0,27,"Arts, Design, Entertainment, Sports, and Media Occupations",45920.0,22.07692307692308,39920.0,19.192307692307693,3557852.8000615383,38139.09313846154,31.934852692307693,False,False,False,False,40.43140651540845,40.431406515408455,101458.57150976597,1087.6048352644873,4658977603.728454,43417185.02375833,0.010719693950745198,0.8309449536925948
27-2023.00,"Umpires, Referees, and Other Sports Officials",312561.9942,19897.845784615383,20.726922692307692,4.23,70.23875,15080.0,960.0,27,"Arts, Design, Entertainment, Sports, and Media Occupations",38820.0,18.66346153846154,29920.0,14.384615384615383,0.0,0.0,19.419338846153845,False,False,False,False,0.0,0.0,0.0,0.0,0.0,0.0,,
27-2031.00,Dancers,345363.0289153846,8005.103319230769,38.11953961538462,3.994285714285714,81.19928571428571,9060.0,210.0,27,"Arts, Design, Entertainment, Sports, and Media Occupations",51020.0,23.97,35547.2,17.09,12625.427099999999,292.64234999999996,18.72122115384615,False,False,False,False,3.655697351175734,3.655697351175734,331.20618001652144,7.676964437469041,16898139.304442924,272894.5902515995,0.023178807947019868,1.7967223303839805
27-2032.00,Choreographers,107873.95777307692,5032.021353846154,31.45013346153846,3.8905555555555558,94.61666666666666,3430.0,160.0,27,"Arts, Design, Entertainment, Sports, and Media Occupations",55600.0,26.73,37710.0,18.13,38788.18402307692,1809.3613538461539,20.247867692307693,False,False,False,False,35.95694903924035,35.95694903924035,1233.3233520459441,57.53111846278456,68572778.3737545,2169498.477231606,0.04664723032069971,3.6158943358664697
27-2041.00,Music Directors and Composers,464103.12063461536,4893.22025,37.640155769230766,3.927857142857143,89.15392857142857,12330.0,130.0,27,"Arts, Design, Entertainment, Sports, and Media Occupations",63670.0,30.61,78010.0,37.51,298195.26912692306,3143.98905,38.34256979289941,False,False,False,False,64.25194226644508,64.25194226644508,7922.264481452679,83.52752494637862,504410579.53409207,6515982.221066996,0.010543390105433903,0.8172786315707924
27-2042.00,Musicians and Singers,1557057.3769999999,11368.345907692308,40.601235384615386,3.903703703703704,78.53999999999999,38350.0,280.0,27,"Arts, Design, Entertainment, Sports, and Media Occupations",88296.0,42.45,38979.2,18.74,278102.78349999996,2030.476646153846,43.5377376,False,False,False,False,17.860792261607198,17.860792261607195,6849.61383232636,50.01021833250015,604793502.9390883,1949358.3024261899,0.007301173402868319,0.5659558214090871
27-3011.00,Broadcast Announcers and Radio Disc Jockeys,1854899.7113076923,13204.897442307692,77.67586730769231,4.08,74.65791666666667,23880.0,170.0,27,"Arts, Design, Entertainment, Sports, and Media Occupations",45680.0,21.96,49050.0,23.58,548477.0615538462,3904.568696153846,75.84464461538461,False,True,True,False,29.569095202843794,29.569095202843787,7061.099934439098,50.26746184483445,322551045.00517803,2465619.0034891297,0.007118927973199328,0.5518289330097723
27-3023.00,"News Analysts, Reporters, and Journalists",2918964.862903846,15455.409623076923,70.25186192307692,4.088333333333334,91.34466666666667,41550.0,220.0,27,"Arts, Design, Entertainment, Sports, and Media Occupations",60280.0,28.98,53630.0,25.79,2225514.7795384615,11783.712430769232,66.71565423076923,True,True,True,True,76.24328774291835,76.24328774291837,31679.08605718258,167.7352330344204,1909615307.5269659,8995640.547635965,0.00529482551143201,0.41043229028953643
27-3031.00,Public Relations Specialists,3007429.774488461,28081.777715384615,10.718235769230768,3.8449999999999998,91.16055555555556,280590.0,2620.0,27,"Arts, Design, Entertainment, Sports, and Media Occupations",69780.0,33.55,75700.0,36.39,1671633.1633499998,15608.820299999998,10.39969,False,False,False,False,55.583447950478934,55.58344795047893,155961.59660424886,1456.286336302548,10883000211.044485,110240875.65810288,0.009337467479240172,0.7238006530591258
27-3041.00,Editors,5149079.004892308,29660.593346153848,53.92835153846154,3.9147619047619044,74.8352380952381,95480.0,550.0,27,"Arts, Design, Entertainment, Sports, and Media Occupations",75260.0,36.18,59860.0,28.78,1512131.7797384616,8710.436519230769,48.748339615384616,False,False,False,False,29.367033955038092,29.367033955038092,28039.64402027037,161.5186867527095,2110263608.965548,9668508.58901719,0.005760368663594469,0.44651920982222026
27-3042.00,Technical Writers,1746883.1579538463,19504.18796923077,31.458367692307693,3.8986666666666663,84.32,55530.0,620.0,27,"Arts, Design, Entertainment, Sports, and Media Occupations",91670.0,44.07,74940.0,36.03,1205498.8050923077,13459.558061538462,30.42958807692308,False,False,False,False,69.00855386941441,69.00855386941443,38320.44996368582,427.85303399036934,3512835648.1710796,32063306.36723828,0.01116513596254277,0.8654737185590712
27-3043.00,Writers and Authors,574849.1794615384,7576.46408076923,12.02613346153846,3.9775,86.27,47800.0,630.0,27,"Arts, Design, Entertainment, Sports, and Media Occupations",72270.0,34.75,61020.0,29.34,266325.5695846154,7014.772638461538,30.211483846153847,False,False,False,False,46.32964246971401,92.58636434727657,22145.5691005233,291.8767475591983,1600460278.8948188,17810319.13606228,0.026339088092076135,2.041693768081309
27-3043.05,"Poets, Lyricists and Creative Writers",607025.8413846154,8000.549792307692,12.699285384615385,3.996875,81.60125,47800.0,630.0,27,"Arts, Design, Entertainment, Sports, and Media Occupations",72270.0,34.75,61020.0,29.34,72234.47609717949,1906.0518049999998,11.27461987179487,False,False,False,False,11.8997365799805,23.824010280301188,5688.07408523068,74.96834045387715,411077114.13962126,4574568.134495583,0.026387009472259807,2.0454084290800814
27-3091.00,Interpreters and Translators,2716131.725630769,35122.393003846155,50.90201884615385,4.187647058823529,70.44529411764705,53360.0,690.0,27,"Arts, Design, Entertainment, Sports, and Media Occupations",59440.0,28.58,65990.0,31.72,352601.36129230773,4559.500361538462,50.90201884615385,False,False,False,False,12.981747459631137,12.981747459631135,6927.0604444591745,89.57405747145485,411744472.81865335,5910992.052541305,0.01293103448275862,1.0023586399802256
27-3092.00,Court Reporters and Simultaneous Captioners,585477.98505,6443.502765,46.356135,4.707142857142857,81.50285714285714,12630.0,139.0,27,"Arts, Design, Entertainment, Sports, and Media Occupations",67310.0,32.36,84510.0,40.63,321530.66356153844,3538.6193376923075,38.84179538461538,True,True,True,True,54.91763512407382,54.91763512407382,6936.097316170523,76.3355128224626,466868710.3514379,6451114.1886263145,0.0110055423594616,0.8531027031428429
27-4011.00,Audio and Video Technicians,2097721.755692308,57771.161365384614,29.93324423076923,3.3513793103448277,65.14896551724138,70080.0,1930.0,27,"Arts, Design, Entertainment, Sports, and Media Occupations",54830.0,26.36,41600.0,20.0,573704.4483692307,15799.79431153846,24.26495423076923,False,True,True,False,27.348929704926096,27.348929704926096,19166.12993721221,527.8343433050736,1050878904.4573454,21957908.681491062,0.027539954337899544,2.1347797975530147
27-4012.00,Broadcast Technicians,1068053.3063076923,14186.666307692309,50.666665384615385,3.923333333333333,65.03407407407407,21080.0,280.0,27,"Arts, Design, Entertainment, Sports, and Media Occupations",53920.0,25.92,34570.0,16.62,452701.6590153846,6013.115015384616,46.92444115384615,False,False,False,False,42.38568022230972,42.385680222309716,8934.90139086289,118.67990462246722,481769882.995327,4102764.3027986917,0.013282732447817837,1.0296207661782963
27-4014.00,Sound Engineering Technicians,437435.0312884615,10726.376246153846,33.51992576923077,4.074285714285714,93.91571428571429,13050.0,320.0,27,"Arts, Design, Entertainment, Sports, and Media Occupations",66430.0,31.94,32880.0,15.81,198816.04228846155,4875.182646153847,32.35548769230769,False,False,False,False,45.45041619160003,45.45041619160003,5931.2793130038035,145.4413318131201,394014884.76284266,4782110.9900153885,0.024521072796934867,1.9007689765550946
27-4021.00,Photographers,2563535.072342308,32525.82075,50.03972423076923,3.972142857142857,83.75071428571428,51230.0,650.0,27,"Arts, Design, Entertainment, Sports, and Media Occupations",42520.0,20.44,47610.0,22.890000000000004,595387.8680961538,7554.20875,48.31108038461539,False,False,False,False,23.225267113359468,23.225267113359468,11898.304342174055,150.96423623683654,505915900.6292408,7187407.287235788,0.012687878196369315,0.983510201763407
27-4031.00,"Camera Operators, Television, Video, and Film",1252807.5769076922,20487.45015384615,51.218625384615386,4.123333333333333,68.41952380952381,24460.0,400.0,27,"Arts, Design, Entertainment, Sports, and Media Occupations",68810.0,33.08,46600.0,22.41,225912.5694076923,3694.400153846154,44.079233461538465,False,True,True,False,18.032503440417624,18.032503440417628,4410.750341526151,72.1300137616705,303503731.00041443,3361258.641293845,0.01635322976287817,1.2676326218338096
27-4032.00,Film and Video Editors,3147208.1748,57796.96232307692,109.05087230769232,4.173181818181818,72.13636363636364,28860.0,530.0,27,"Arts, Design, Entertainment, Sports, and Media Occupations",70980.0,34.12,62860.0,30.219999999999995,291345.9402,5350.42786923077,101.94171615384616,False,False,False,False,9.257282137636622,9.257282137636624,2671.6516249219294,49.063595329474104,189633832.33695856,3084137.602410742,0.018364518364518367,1.4235391357353726
29-1011.00,Chiropractors,2504130.4377076924,29945.753307692306,66.54611846153846,4.585454545454545,98.91818181818181,37630.0,450.0,29,Healthcare Practitioners and Technical Occupations,79000.0,37.98,59920.0,28.81,838873.8089153846,10031.709115384616,34.77846230769231,False,False,False,False,33.49960514370404,33.499605143704045,12605.901415575829,150.74822314666818,995866211.8304905,9032833.530948358,0.011958543715120916,0.9269753035161269
29-1021.00,"Dentists, General",10363999.11975,67577.40196153846,91.32081346153846,4.2985,91.54400000000001,113490.0,740.0,29,Healthcare Practitioners and Technical Occupations,172790.0,83.07,132270.0,63.59000000000001,173382.03405000002,1130.5199153846156,37.64182923076923,False,False,False,False,1.6729259820140001,1.6729259820140003,1898.6036969876886,12.379652266903602,328059732.8025027,1637456.6053433393,0.006520398272975594,0.5054334634822603
29-1022.00,Oral and Maxillofacial Surgeons,167975.67775,1859.3930557692306,31.515136538461537,4.021428571428571,84.66214285714285,5330.0,59.0,29,Healthcare Practitioners and Technical Occupations,179210.0,86.16,179210.0,86.16,0.0,0.0,6.727921153846153,False,False,False,False,0.0,0.0,0.0,0.0,0.0,0.0,,
29-1023.00,Orthodontists,346163.2279615385,6721.616076923076,67.21616076923077,4.8,99.16363636363636,5150.0,100.0,29,Healthcare Practitioners and Technical Occupations,179210.0,86.16,124830.0,60.02,28747.058346153848,558.1953076923077,18.824731923076925,False,False,False,False,8.304480668104897,8.304480668104897,427.6807544074022,8.304480668104897,76644667.99735056,1036648.3217995344,0.019417475728155338,1.505159899517232
29-1024.00,Prosthodontists,24369.172,256.5176,32.0647,4.381666666666667,94.665,760.0,8.0,29,Healthcare Practitioners and Technical Occupations,179210.0,86.16000000000001,179210.0,86.16000000000001,0.0,0.0,7.472989615384615,False,False,False,False,0.0,0.0,0.0,0.0,0.0,0.0,,
29-1031.00,Dietitians and Nutritionists,2230557.04765,31752.738434615385,29.130952692307694,3.498571428571428,75.11107142857144,76570.0,1090.0,29,Healthcare Practitioners and Technical Occupations,73850.0,35.5,61170.0,29.41,1280729.6693000002,18231.622561538465,23.90112423076923,False,False,False,False,57.41748101216738,57.41748101216738,43964.56521101656,625.8505430326244,3246783140.833573,38283277.71730563,0.014235340211571112,1.1034628569857623
29-1041.00,Optometrists,2040292.4227269231,19969.441234615384,48.70595423076923,4.642,100.0,41890.0,410.0,29,Healthcare Practitioners and Technical Occupations,134830.0,64.82,124830.0,60.02,0.0,0.0,9.7619,False,False,False,False,0.0,0.0,0.0,0.0,0.0,0.0,,
29-1051.00,Pharmacists,30149563.783915386,286029.8568,91.67623615384616,4.049,73.33500000000001,328870.0,3120.0,29,Healthcare Practitioners and Technical Occupations,137480.0,66.1,136230.0,65.5,7096950.596838461,67328.99279999999,47.19175961538461,False,False,False,False,23.539148518708064,23.53914851870806,77413.19773347522,734.4214337836916,10642766424.398172,100050231.9243523,0.009487031349773465,0.7353942063868057
29-1071.00,Physician Assistants,13963759.279292308,149925.92256923078,89.77600153846154,4.5475,93.91833333333334,155540.0,1670.0,29,Healthcare Practitioners and Technical Occupations,133260.0,64.07,134390.0,64.61,1415875.0633384613,30415.340492307692,47.67196,False,False,False,False,10.139641016571712,20.28691234383627,15771.197637175641,169.33200497674758,2101669797.1300259,22756528.14882511,0.021481655606386638,1.6651663195895938
29-1071.01,Anesthesiologist Assistants,8131873.962046154,87310.20648461538,52.281560769230765,4.38375,70.791875,155540.0,1670.0,29,Healthcare Practitioners and Technical Occupations,133260.0,64.07,134390.0,64.61,233081.8349053846,5000.464878461538,34.543680384615385,False,False,False,False,2.8662745634431377,5.72723978077254,4458.2034559794565,47.86678520950041,594100192.5438224,6432817.26430476,0.021453687630747318,1.6629983614063404
29-1081.00,Podiatrists,546839.9347384615,5169.705265384615,57.44116961538461,4.2309090909090905,93.8,9520.0,90.0,29,Healthcare Practitioners and Technical Occupations,152800.0,73.46,146330.0,70.35,0.0,0.0,15.805086923076923,False,False,False,False,0.0,0.0,0.0,0.0,0.0,0.0,,
29-1122.00,Occupational Therapists,8061842.5362,51352.68755,52.940915000000004,4.148823529411764,96.79058823529412,152280.0,970.0,29,Healthcare Practitioners and Technical Occupations,98340.0,47.28,93310.0,44.86,341783.9946,4353.9843,32.25828038461538,False,False,False,False,4.239527044410645,8.478590912619138,6455.951783228529,41.12341233078326,634878298.3626935,3837225.604585386,0.012738994127257474,0.9874724907074736
29-1122.01,"Low Vision Therapists, Orientation and Mobility Specialists, and Vision Rehabilitation Therapists",3278645.8564153844,20884.465988461536,21.530377307692305,4.1657142857142855,90.88952380952381,152280.0,970.0,29,Healthcare Practitioners and Technical Occupations,98340.0,47.28,93310.0,44.86,14058.65769230769,179.11730769230766,6.382135769230769,False,False,False,False,0.42879463986019917,0.8576580688788894,652.9684775791113,4.159308006643932,64212920.085129805,388105.03009994526,0.012740711923750243,0.9876056469648906
29-1123.00,Physical Therapists,21100812.31413846,197743.20352307693,84.8683276923077,4.27125,94.36375,248630.0,2330.0,29,Healthcare Practitioners and Technical Occupations,101020.0,48.57,97580.0,46.91,2967216.1156961536,27806.835657692303,51.371781923076924,False,False,False,False,14.062094252684243,14.062094252684243,34962.58494044884,327.64679608754284,3531920330.6841416,31971774.36222243,0.009371355025539959,0.7264274711119746
29-1124.00,Radiation Therapists,2046201.8216538462,9848.030157692308,109.4225573076923,4.492272727272727,85.23590909090909,18700.0,90.0,29,Healthcare Practitioners and Technical Occupations,101990.0,49.03,104040.0,50.02,554916.1348076924,2670.7193653846152,62.07461461538462,False,False,False,False,27.11932561760601,27.119325617606005,5071.3138904923235,24.40739305584541,517223303.6913121,2539345.1735301567,0.00481283422459893,0.37307038151135663
29-1125.00,Recreational Therapists,298476.3352846154,5152.9779,19.81914576923077,4.443636363636364,95.93454545454546,15060.0,260.0,29,Healthcare Practitioners and Technical Occupations,60280.0,28.980000000000004,51490.0,24.75,63509.688184615385,1096.4488000000001,13.771521153846153,False,False,False,False,21.277964339804367,21.27796433980437,3204.4614295745378,55.322707283491354,193164934.97475314,2848566.19802697,0.017264276228419657,1.3382530580701022
29-1126.00,Respiratory Therapists,8382616.582623078,62676.06593076923,61.44712346153846,4.460909090909091,90.67090909090909,136420.0,1020.0,29,Healthcare Practitioners and Technical Occupations,80450.0,38.68,78990.0,37.98,935988.5336000001,6998.301600000001,29.74736576923077,False,False,False,False,11.165827810140778,11.165827810140778,15232.42229859405,113.89144366343594,1225448373.9218915,8996285.134974804,0.007476909544055124,0.5795781375285164
29-1127.00,Speech-Language Pathologists,7659674.763365385,62120.52355769231,42.841740384615385,4.336086956521739,87.18173913043479,178790.0,1450.0,29,Healthcare Practitioners and Technical Occupations,95410.0,45.87,85320.0,41.02,614835.2922384616,4986.359269230768,27.72494230769231,False,False,False,False,8.02691121010894,8.026911210108938,14351.314552553773,116.39021254657962,1369258921.4591556,9930412.934474174,0.00811007327031713,0.628658289034338
29-1128.00,Exercise Physiologists,488170.3455384615,12640.66246153846,60.193630769230765,4.072,93.4104,8110.0,210.0,29,Healthcare Practitioners and Technical Occupations,58160.0,27.96,33540.0,16.13,215987.1887884615,5592.763211538461,42.37018961538461,False,False,False,False,44.24422555823692,44.244225558236934,3588.206692773014,92.91287367229754,208690101.2516785,3116297.782968859,0.02589395807644883,2.0071891878272337
29-1129.01,Art Therapists,772345.7793692307,5196.94365,39.976489615384615,3.9336,94.62639999999999,19320.0,130.0,29,Healthcare Practitioners and Technical Occupations,65010.0,31.26,59660.0,28.68,90886.38865384614,1223.1087499999999,33.507801538461536,True,False,True,False,11.767577564555658,23.535155129111317,2273.4959854721533,15.297850833922356,147799974.01554468,912669.7807518077,0.013457556935817806,1.0431724148310424
29-1129.02,Music Therapists,1344922.9742307693,9049.68875,69.61299038461539,4.171666666666667,97.69133333333335,19320.0,130.0,29,Healthcare Practitioners and Technical Occupations,65010.0,31.26,59660.0,28.68,179546.91639230767,2416.2628499999996,64.51332346153846,True,False,True,False,13.349977644258756,26.69995528851752,2579.2156808707914,17.354970937536383,167674811.41341016,1035397.5661334206,0.013457556935817804,1.0431724148310422
29-1131.00,Veterinarians,4548638.2436,34976.5064,56.41372,4.175238095238096,80.99095238095238,80630.0,620.0,29,Healthcare Practitioners and Technical Occupations,125510.0,60.34,121850.0,58.580000000000005,289141.62991153845,2223.338838461538,19.804982692307693,False,False,False,False,6.356663564493504,6.356663564493504,5125.377832051112,39.41131409985972,643286171.7007351,4802268.623067907,0.007689445615775765,0.5960530273047899
29-1141.00,Registered Nurses,235801173.82881537,1852204.6737538462,71.84657384615385,4.264074074074074,69.25703703703704,3282010.0,25780.0,29,Healthcare Practitioners and Technical Occupations,93600.0,45.0,82270.0,39.55,2441937.8707442307,95898.48757615384,42.34846884615384,False,False,False,False,1.0355919061357195,5.177531885922589,33988.229918564924,266.9755934017885,3181298320.377677,21964082.06916514,0.03927146907588063,3.0441567830795484
29-1141.01,Acute Care Nurses,180622652.10079613,1418780.5555615383,55.03415653846154,4.318846153846154,88.01923076923077,3282010.0,25780.0,29,Healthcare Practitioners and Technical Occupations,93600.0,45.0,82270.0,39.55,2201265.919634231,86450.95265884616,36.15720287179487,False,False,False,False,1.2187097764492012,6.093327986485534,39998.176734040426,314.1833803686041,3743829342.306184,25847866.70292506,0.03927328901417377,3.0442978569336776
29-1141.02,Advanced Practice Psychiatric Nurses,332808312.1465423,2614190.1722230767,101.40380807692308,4.182916666666666,91.04041666666666,3282010.0,25780.0,29,Healthcare Practitioners and Technical Occupations,93600.0,45.0,82270.0,39.55,4549410.814846154,178673.63607692308,68.02145423076924,False,False,False,False,1.366976319041862,6.834760453750047,44864.29948858581,352.406495048992,4199298432.1316323,28992482.347680572,0.03927401664713483,3.0443542599373368
29-1141.03,Critical Care Nurses,335421361.4090462,2634715.5240615383,102.19998153846154,4.2027586206896554,97.13172413793104,3282010.0,25780.0,29,Healthcare Practitioners and Technical Occupations,93600.0,45.0,82270.0,39.55,876388.6325000001,34416.3606,75.09879833333333,False,False,False,False,0.26127991038449233,1.306264766943247,8575.232786810077,67.35796089712213,802641788.8454231,5541539.443006237,0.039270660667771726,3.044094118730948
29-1141.04,Clinical Nurse Specialists,75492050.51850384,592985.7198384615,23.001773461538463,3.951,96.31733333333334,3282010.0,25780.0,29,Healthcare Practitioners and Technical Occupations,93600.0,45.0,82270.0,39.55,685177.05436,26910.6089,10.376851153846154,False,False,False,False,0.9076148411044369,4.538154629985165,29788.00984653173,233.98310603672383,2788157721.6353703,19249790.13364127,0.03927540878486695,3.04446217251662
29-1151.00,Nurse Anesthetists,3970795.0411538463,43769.43888461538,78.86385384615384,4.474166666666666,99.07458333333334,50350.0,555.0,29,Healthcare Practitioners and Technical Occupations,223210.0,107.31,122040.0,58.68,642258.558,7079.5134,48.194975,False,False,False,False,16.174558277210156,16.17455827721016,8143.890092575314,89.76879843851637,1817797707.563736,10955384.161436537,0.01102284011916584,0.8544435516971457
29-1161.00,Nurse Midwives,820111.8955846154,9904.733038461538,99.04733038461538,4.5561904761904755,96.68142857142857,8280.0,100.0,29,Healthcare Practitioners and Technical Occupations,128790.0,61.92,138020.0,66.36,210548.50227692307,2542.8563076923074,56.82619807692308,False,False,False,False,25.673143312576137,25.673143312576137,2125.7362662813043,25.673143312576133,273773573.73436916,3543407.240001758,0.012077294685990336,0.9361803722842685
29-1171.00,Nurse Practitioners,37060865.97175384,344819.5344,120.56627076923077,4.53,98.06666666666668,307390.0,2860.0,29,Healthcare Practitioners and Technical Occupations,129210.0,62.12,125700.0,60.43,12459197.923530769,115922.1382,66.29937615384615,False,False,False,False,33.61820507115678,33.61820507115678,103339.00056822883,961.4806650350839,13352432263.420847,120858119.59491006,0.009304141318845766,0.721217351247253
29-1181.00,Audiologists,902729.2397307693,9192.762115384616,61.28508076923077,4.264545454545455,97.31318181818182,14730.0,150.0,29,Healthcare Practitioners and Technical Occupations,92120.0,44.29,96520.0,46.4,159513.43615384618,1624.3730769230772,38.36180115384615,False,False,False,False,17.670130658603636,17.670130658603636,2602.8102460123155,26.505195987905452,239770879.8626545,2558281.516752634,0.010183299389002037,0.7893659350828661
29-1211.00,Anesthesiologists,2789186.4239846156,47940.18203076923,66.58358615384616,4.318888888888889,91.81333333333333,41890.0,720.0,29,Healthcare Practitioners and Technical Occupations,257920.0,124.0,257920.0,124.0,453058.20158461534,7787.10683076923,25.458148076923074,True,False,True,False,16.243381858189995,16.24338185819,6804.35266039579,116.95234937896795,1754978638.1692822,30164349.951823413,0.017187873000716163,1.3323306057316535
29-1213.00,Dermatologists,866560.5415384616,9542.482153846153,85.96830769230769,4.286666666666666,91.38111111111111,10080.0,111.0,29,Healthcare Practitioners and Technical Occupations,249103.6,119.76134615384616,249103.6,119.76134615384616,201276.80418461538,2216.4409984615386,30.932507692307695,True,False,True,False,23.22709084206344,23.227090842063447,2341.2907568799947,25.782070834690415,583223956.1855315,6422406.660376388,0.011011904761904763,0.8535958894434779
29-1215.00,Family Medicine Physicians,8936731.469519231,53810.79625,82.78584038461538,4.508333333333334,89.08083333333333,107950.0,650.0,29,Healthcare Practitioners and Technical Occupations,238380.0,114.61,238380.0,114.61,875383.1709582082,5270.950079878048,22.531544415103188,True,True,True,True,9.795339313303783,9.795339313303785,10574.068788711433,63.669705536474595,2520646517.853031,15177584.405784814,0.006021306160259379,0.4667459716196326
29-1216.00,General Internal Medicine Physicians,5927426.798461539,10673.637692307693,88.94698076923076,4.106842105263158,87.01368421052632,66640.0,120.0,29,Healthcare Practitioners and Technical Occupations,236350.0,113.63,236350.0,113.63,882359.8037333332,1588.8831999999998,26.219167179487176,True,True,True,True,14.88605146439513,14.886051464395129,9920.064695872914,17.863261757274156,2344607290.869563,4221981.916331747,0.001800720288115246,0.1395841563477865
29-1217.00,Neurologists,663262.3038461539,5168.277692307693,86.13796153846154,4.377916666666667,94.18041666666666,7700.0,60.0,29,Healthcare Practitioners and Technical Occupations,249103.6,119.76134615384616,249103.6,119.76134615384616,108644.83215384616,846.5831076923077,41.959352307692306,True,False,True,False,16.380371916786444,16.380371916786444,1261.2886375925561,9.828223150071867,314191540.2634011,2448245.7682862426,0.007792207792207792,0.6040187129231489
29-1218.00,Obstetricians and Gynecologists,1347258.2809615384,12863.27001923077,67.70142115384616,4.42,89.84400000000001,19900.0,190.0,29,Healthcare Practitioners and Technical Occupations,257920.0,124.0,257920.0,124.0,289725.76853846153,2766.2259307692307,30.56058846153846,True,False,True,False,21.504842288420317,21.504842288420317,4279.4636153956435,40.8592003479986,1103759255.6828444,10538404.9537558,0.009547738693467336,0.7400999807425183
29-1221.00,"Pediatricians, General",4179698.0105538466,24323.19605769231,97.29278423076924,4.201764705882353,78.97411764705882,42960.0,250.0,29,Healthcare Practitioners and Technical Occupations,210130.0,101.03,194160.0,93.35,938764.4315076924,5463.014615384616,29.568225,True,False,True,False,22.460101881458606,22.46010188145861,9648.859768274617,56.15025470364652,2027514903.1075451,10902133.453260008,0.005819366852886406,0.4510924978185373
29-1222.00,"Physicians, Pathologists",819454.4991538461,9027.88855,69.44529653846153,4.099473684210526,79.38052631578948,11800.0,130.0,29,Healthcare Practitioners and Technical Occupations,266020.0,127.89423076923076,266020.0,127.89423076923076,40678.848,448.1568,57.938465,True,True,True,True,4.9641374892692935,4.964137489269293,585.7682237337766,6.453378736050082,155826062.87765926,1716727.8113640428,0.011016949152542373,0.8539869090904972
29-1223.00,Psychiatrists,874342.5713846154,4583.24735,35.25574884615385,4.090833333333333,93.935,24800.0,130.0,29,Healthcare Practitioners and Technical Occupations,257920.0,124.0,257920.0,124.0,212328.70061538462,1113.0133500000002,21.188356153846154,True,False,True,False,24.284383211392683,24.284383211392687,6022.527036425385,31.569698174810487,1553330173.2348351,8142456.553247121,0.005241935483870968,0.4063324809382205
29-1224.00,Radiologists,2132022.3235807694,19463.117446153847,81.0963226923077,4.628235294117647,87.97529411764705,26290.0,240.0,29,Healthcare Practitioners and Technical Occupations,249103.6,119.76134615384616,249103.6,119.76134615384616,1059938.1681791209,9676.11869010989,79.57294879120879,True,True,True,True,49.71515337601794,49.71515337601794,13070.113822555117,119.31636810244305,3255812405.608241,29722136.833243735,0.009128946367440091,0.7076369858513879
29-1229.01,Allergists and Immunologists,26908317.967569232,298640.0078846154,85.32571653846153,4.4175,93.426875,315360.0,3500.0,29,Healthcare Practitioners and Technical Occupations,249103.6,119.76134615384616,232740.0,111.89,1711352.9935384614,113959.9596153846,43.67285192307692,True,False,True,False,6.35994043031987,38.159642581919215,20056.708141056744,222.59791506119547,4996198202.086543,51807438.75134263,0.06659056316590563,5.161816436224906
29-1229.02,Hospitalists,17098597.35636923,189767.5378846154,54.219296538461535,4.503571428571428,97.42857142857143,315360.0,3500.0,29,Healthcare Practitioners and Technical Occupations,249103.6,119.76134615384616,232740.0,111.89,486021.30923076917,32364.43269230769,30.800152307692308,True,False,True,False,2.842463034254246,17.05477820552548,8963.991424824191,99.48620619889861,2232962534.292835,23154419.630731665,0.06659056316590564,5.161816436224907
29-1229.03,Urologists,12950300.124553846,143727.96307692307,41.06513230769231,4.5928571428571425,97.90714285714286,315360.0,3500.0,29,Healthcare Practitioners and Technical Occupations,249103.6,119.76134615384616,232740.0,111.89,511803.84904615395,34081.30653846154,24.170016153846156,True,False,True,False,3.952061682924018,23.712370097544106,12463.221723269182,138.32215890234062,3104633398.8645573,32193099.262930755,0.06659056316590563,5.161816436224906
29-1229.04,Physical Medicine and Rehabilitation Physicians,19568533.627938464,217179.94576923078,62.051413076923076,4.3406666666666665,93.234,315360.0,3500.0,29,Healthcare Practitioners and Technical Occupations,249103.6,119.76134615384616,232740.0,111.89,394377.69323076925,26261.832692307693,25.52946,True,False,True,False,2.0153666121804177,12.092199673082508,6355.6601481721655,70.53783142631461,1583217823.2862198,16416974.886160463,0.06659056316590563,5.161816436224906
29-1229.05,Preventive Medicine Physicians,5224033.857046153,57978.55942307692,16.565302692307693,4.066,96.842,315360.0,3500.0,29,Healthcare Practitioners and Technical Occupations,249103.6,119.76134615384616,232740.0,111.89,79981.23932307692,5325.995769230769,10.190860384615386,True,False,True,False,1.531024520738865,9.186147124433191,4828.238928602084,53.58585822586028,1202731698.7749221,12471572.643486721,0.06659056316590563,5.161816436224906
29-1229.06,Sports Medicine Physicians,17578218.676984616,195090.58019230768,55.74016576923077,3.854074074074074,94.62444444444445,315360.0,3500.0,29,Healthcare Practitioners and Technical Occupations,249103.6,119.76134615384616,232740.0,111.89,727426.3973538462,48439.73346153847,31.28919613122172,True,False,True,False,4.138225896041871,24.829355376251232,13050.309185757644,144.83790636146549,3250878999.285298,33709574.32656748,0.06659056316590563,5.161816436224906
29-1241.00,"Ophthalmologists, Except Pediatric",1082915.2454346153,5365.3934538461535,89.42322423076924,4.405555555555555,91.53666666666668,12110.0,60.0,29,Healthcare Practitioners and Technical Occupations,301500.0,144.95192307692307,168530.0,81.02,219480.7923,1087.4358,50.744431923076924,True,True,True,True,20.26758725812508,20.26758725812508,2454.404816958947,12.160552354875046,740003052.3131225,2049417.8883670915,0.00495458298926507,0.38405814116500797
29-1291.00,Acupuncturists,868517.356,9570.1557,102.9049,4.512222222222222,99.89722222222223,8440.0,93.0,29,Healthcare Practitioners and Technical Occupations,78140.0,37.57,78140.0,37.57,120151.41799999999,1323.94335,47.55556153846154,True,False,True,False,13.83408370252534,13.834083702525342,1167.5966644931389,12.865697843348567,91236003.36349387,1005325.629479257,0.011018957345971565,0.8541425756798321
29-1292.00,Dental Hygienists,18496249.963507693,332657.25501538464,84.43077538461539,4.2875,88.12625,219070.0,3940.0,29,Healthcare Practitioners and Technical Occupations,94260.0,45.32,82610.0,39.72,4993068.043246154,89800.9224923077,46.362651923076925,True,False,True,False,26.995029009108674,26.995029009108674,59138.01005025437,1063.6041429588818,5574348827.336977,87864338.24983323,0.017985118911763364,1.3941297083628135
29-1299.01,Naturopathic Physicians,2239202.075573077,16683.39738846154,72.53651038461538,4.168,91.975,30870.0,230.0,29,Healthcare Practitioners and Technical Occupations,113730.0,54.67999999999999,113730.0,54.67999999999999,278551.0638346154,4150.744715384615,34.84988769230769,True,False,True,False,12.439746589790298,24.87949317958059,3840.1497722682648,28.611417156517685,436740233.60006976,3253976.473210756,0.01490119857466796,1.1550773572906776
29-1299.02,Orthoptists,2453309.331092308,18278.624753846154,79.47228153846154,4.27875,93.750625,30870.0,230.0,29,Healthcare Practitioners and Technical Occupations,113730.0,54.68,113730.0,54.68,721.8830769230759,10.756923076923062,33.25972423076924,True,False,True,False,0.029424869818665135,0.05884973963733027,9.083457313021928,0.06767720058292981,1033061.6002099839,7696.928022296607,0.014901198574667963,1.1550773572906778
29-2011.00,Medical and Clinical Laboratory Technologists,12574163.327015383,138482.94382423075,73.3101873076923,4.586666666666667,82.60066666666667,171520.0,1889.0,29,Healthcare Practitioners and Technical Occupations,61890.0,29.75,61890.0,29.75,2048915.7769846153,22553.363963076925,54.67851846153846,False,False,False,False,16.294648985372675,16.28602291391404,27948.581939711214,307.8059193336898,1729737736.248727,19050108.347562063,0.011007462686567165,0.8532515587095354
29-2011.01,Cytogenetic Technologists,16711070.369476922,184043.91282615386,97.42928153846154,4.625333333333333,93.49266666666668,171520.0,1889.0,29,Healthcare Practitioners and Technical Occupations,61890.0,29.75,61890.0,29.75,764207.5908923077,8411.986541538461,65.03700538461538,False,False,False,False,4.573061892481447,4.570641002120154,7843.715757984178,86.38513914897455,485447568.2616408,5346376.2619300345,0.011007462686567163,0.8532515587095353
29-2011.02,Cytotechnologists,10731611.969969232,118190.38602653846,62.56770038461539,4.409230769230769,95.00461538461538,171520.0,1889.0,29,Healthcare Practitioners and Technical Occupations,61890.0,29.75,61890.0,29.75,294311.168,3239.6192,47.646965,False,False,False,False,2.7424693403338156,2.7410175302012942,4703.883412540561,51.805245838905776,291123344.4021353,3206226.6649698783,0.011007462686567165,0.8532515587095354
29-2011.04,Histotechnologists,7950070.480738461,87556.45486307691,46.350690769230766,4.271875,92.2625,171520.0,1889.0,29,Healthcare Practitioners and Technical Occupations,61890.0,29.75,61890.0,29.75,94789.82066324787,1043.596376153846,9.687569903846153,True,True,True,True,1.192314217753238,1.1919125526334402,2045.0573462903537,22.522815573358667,126568599.16191,1393937.0558351679,0.011009582767978287,0.8534158983780077
29-2012.00,Medical and Clinical Laboratory Technicians,9284982.99963077,102258.23744346153,54.13352961538462,4.536153846153846,60.41230769230769,171520.0,1889.0,29,Healthcare Practitioners and Technical Occupations,61890.0,29.75,61890.0,29.75,1259170.2104615383,13874.951596153845,33.47820615384615,False,False,False,False,13.561362584203017,13.568541706799211,23260.449104425017,256.174139215595,1439589195.0728643,15854617.476053175,0.01101912313432836,0.8541554268861346
29-2031.00,Cardiovascular Technologists and Technicians,8072176.475623077,98956.06990384616,131.94142653846154,4.497619047619048,66.77904761904762,61180.0,750.0,29,Healthcare Practitioners and Technical Occupations,67260.0,32.34,89420.0,42.99,2051574.4944153845,25150.06326923077,98.31145615384615,False,False,False,False,25.415382091941037,25.415382091941037,15549.130763849527,190.61536568955776,1045834535.1765192,17044825.999960255,0.012258908139915006,0.9502582726193706
29-2032.00,Diagnostic Medical Sonographers,11504387.086753845,87819.74875384616,133.0602253846154,4.433,88.42,86460.0,660.0,29,Healthcare Practitioners and Technical Occupations,89340.0,42.95,91140.0,43.82,4573467.703199999,34911.9672,117.38076730769231,False,False,False,False,39.75411874367381,39.75411874367381,34371.41106578037,262.3771837082471,3070741864.616818,23913056.52316964,0.0076335877862595426,0.5917231666041027
29-2033.00,Nuclear Medicine Technologists,1455359.1392,9439.2397,85.81127,4.554117647058824,84.23235294117647,16960.0,110.0,29,Healthcare Practitioners and Technical Occupations,97020.0,46.64,106720.0,51.31,637643.9980307692,4135.662723076923,57.26347384615384,False,False,False,False,43.81351522492773,43.81351522492773,7430.772182147743,48.1948667474205,720933517.111974,5143356.179284716,0.006485849056603774,0.502755355587566
29-2034.00,Radiologic Technologists and Technicians,44056765.530961536,311508.5005769231,197.15727884615384,4.567407407407408,92.21000000000001,223460.0,1580.0,29,Healthcare Practitioners and Technical Occupations,77660.0,37.34,80080.0,38.5,19297092.594007693,136442.34448461537,152.09154979757085,False,True,True,False,43.80052044548386,43.800520445483855,97876.64298747825,692.0482230386451,7601100094.40756,55419221.7009347,0.007070616665174974,0.548084046467901
29-2035.00,Magnetic Resonance Imaging Technologists,5230142.749161539,39040.314284615386,125.9364976923077,4.4425,88.75916666666666,41530.0,310.0,29,Healthcare Practitioners and Technical Occupations,88180.0,42.4,86680.0,41.67,1371907.0036,10240.5772,80.36407307692308,False,False,False,False,26.230775514108768,26.230775514108768,10893.64107100937,81.31540409373719,960601269.6416062,7048419.22684514,0.00746448350589935,0.5786149240499063
29-2036.00,Medical Dosimetrists,247894.7338923077,2747.447932307692,62.44199846153846,4.165263157894737,85.9278947368421,3970.0,44.0,29,Healthcare Practitioners and Technical Occupations,138110.0,66.4,138110.0,66.4,8566.16825,94.93990000000001,26.52930576923077,True,True,True,True,3.4555668510979265,3.4555668510979265,137.1860039885877,1.5204494144830878,18946759.010863844,209989.26863425926,0.011083123425692695,0.8591164565002639
29-2051.00,Dietetic Technicians,481862.3937307692,10457.781500000001,16.088894615384618,4.229230769230769,78.5576923076923,29950.0,650.0,29,Healthcare Practitioners and Technical Occupations,37040.0,17.81,39180.0,18.84,240127.24671153846,5211.44275,11.14253576923077,False,False,False,False,49.83315773044216,49.83315773044216,14925.030740267428,323.91552524787403,552823138.6195055,12691010.279211704,0.021702838063439065,1.682311440278442
29-2052.00,Pharmacy Technicians,68474530.28510769,753624.0113769231,140.33966692307692,4.446666666666666,70.90523809523809,487920.0,5370.0,29,Healthcare Practitioners and Technical Occupations,43460.0,20.9,46760.0,22.48,50815003.77027693,559264.9824692308,131.18306615384614,False,False,False,False,74.21008009649469,74.21008009649468,362085.8228068169,3985.081301181765,15736249859.184263,186342401.64325932,0.01100590260698475,0.8531306279943188
29-2053.00,Psychiatric Technicians,4618900.796807692,63708.97650769231,33.88775346153846,4.24,79.203125,136300.0,1880.0,29,Healthcare Practitioners and Technical Occupations,42590.0,20.47,39340.0,18.91,697653.4896538461,9622.806753846153,17.46478076923077,False,False,False,False,15.104318545573058,15.104318545573058,20587.186177616077,283.96118865677346,876808259.3046687,11171033.161757467,0.01379310344827586,1.0691825493122404
29-2055.00,Surgical Technologists,10411336.087976923,95072.3464,91.4157176923077,4.644375,86.790625,113890.0,1040.0,29,Healthcare Practitioners and Technical Occupations,62830.0,30.21,63380.0,30.47,1659116.229076923,15150.416000000001,39.706356538461534,False,False,False,False,15.935670648389507,15.935670648389511,18149.13530145081,165.73097474325087,1140310170.9901543,10504029.17922724,0.009131618228114848,0.707844097094942
29-2056.00,Veterinary Technologists and Technicians,12683812.769707693,153573.42601153845,96.58706038461538,4.352258064516128,94.22290322580645,131320.0,1590.0,29,Healthcare Practitioners and Technical Occupations,45980.0,22.11,39400.0,18.94,4323124.353153846,52343.646980769234,41.97892576923077,False,False,False,False,34.08379192949468,34.08379192949468,44758.83556181242,541.9322916789654,2058011259.132135,21352132.292151235,0.01210782820590923,0.9385472005175796
29-2057.00,Ophthalmic Medical Technicians,7125207.330692308,69836.71586538461,93.11562115384615,4.3625,91.2325,76520.0,750.0,29,Healthcare Practitioners and Technical Occupations,44080.0,21.19,36000.0,17.31,807286.0,7912.500000000001,33.268641153846154,False,False,False,False,11.330000132382976,11.330000132382978,8669.716101299453,84.97500099287232,382161085.7452799,3059100.0357434037,0.009801359121798223,0.7597595546112531
29-2061.00,Licensed Practical and Licensed Vocational Nurses,31443231.118084617,84023.6241,49.71812076923077,4.185,79.43272727272728,632430.0,1690.0,29,Healthcare Practitioners and Technical Occupations,62340.0,29.969999999999995,61710.0,29.67,10111812.108265385,27021.11295,26.093837692307694,False,False,False,False,32.15894724778956,32.15894724778956,203382.83007919553,543.4862084876436,12678885627.137049,33538533.925772484,0.00267223250003953,0.2071400658641783
29-2081.00,"Opticians, Dispensing",7610661.2259,64942.27172307692,95.50334076923076,4.458571428571428,95.77285714285715,79690.0,680.0,29,Healthcare Practitioners and Technical Occupations,46560.0,22.38,39760.0,19.12,1294436.4234,11045.510953846153,39.178629615384615,False,False,False,False,17.008199221834712,17.008199221834712,13553.833959880083,115.65575470847604,631066509.1720166,4598472.807209007,0.00853306562931359,0.6614468525673669
29-2091.00,Orthotists and Prosthetists,479682.29993076925,4830.637461538461,48.30637461538461,4.241333333333333,96.19066666666666,9930.0,100.0,29,Healthcare Practitioners and Technical Occupations,78310.0,37.65,92070.0,44.26,97018.86130384615,977.0278076923076,25.07993923076923,False,False,False,False,20.225649626398244,20.225649626398248,2008.4070079013459,20.225649626398244,157278352.7887544,1862175.5611024864,0.010070493454179255,0.7806217001524416
29-2092.00,Hearing Aid Specialists,388114.2052153846,9170.940576923078,36.683762307692305,4.469090909090909,83.32636363636364,10580.0,250.0,29,Healthcare Practitioners and Technical Occupations,61560.0,29.6,47710.0,22.94,4534.982715384615,107.15932692307692,19.246706538461538,False,False,False,False,1.1684660479942803,1.16846604799428,123.62370787779486,2.921165119985701,7610275.4569570515,139368.78787451782,0.023629489603024575,1.8316572501213952
29-2099.01,Neurodiagnostic Technologists,9168466.565769231,75850.80923076923,52.674173076923076,4.6425,96.77374999999999,174060.0,1440.0,29,Healthcare Practitioners and Technical Occupations,48790.0,23.46,44360.0,21.33,0.0,0.0,29.61254576923077,False,False,False,False,0.0,0.0,0.0,0.0,0.0,0.0,,
29-2099.05,Ophthalmic Medical Technologists,22901740.715907693,189466.31409230767,131.57382923076923,4.204516129032259,91.53645161290324,174060.0,1440.0,29,Healthcare Practitioners and Technical Occupations,48790.0,23.46,44360.0,21.33,1603252.3558384613,39791.16498461538,59.662515,False,False,False,False,7.000569850678784,21.001709552036356,12185.19188209149,100.8082058497745,594515511.9272438,4471852.011495996,0.024819027921406413,1.9238651869734218
29-2099.08,Patient Representatives,4858475.725107692,40194.21489230769,27.91264923076923,3.8576923076923078,74.70846153846153,174060.0,1440.0,29,Healthcare Practitioners and Technical Occupations,48790.0,23.46,44360.0,21.33,389709.0930461539,9672.200861538462,19.210285384615386,True,False,True,False,8.02122136850886,24.063664105526573,13961.737914026522,115.50558770652759,681193192.825354,5123827.870661564,0.02481902792140641,1.9238651869734216
29-9091.00,Athletic Trainers,1247761.9134807691,15516.210323076923,43.10058423076923,3.866521739130435,90.05,28950.0,360.0,29,Healthcare Practitioners and Technical Occupations,60250.0,29.76,63190.0,30.37980769230769,121534.28238461539,1511.3071384615387,32.60272961538462,False,False,False,False,9.740182086948153,9.740182086948154,2819.7827141714897,35.06465551301335,169891908.52883226,2215735.5818673135,0.012435233160621763,0.9639262361675124
29-9092.00,Genetic Counselors,112125.94829999999,1597.2357307692307,31.944714615384616,4.189473684210526,96.79578947368421,3510.0,50.0,29,Healthcare Practitioners and Technical Occupations,98910.0,47.55,91620.0,44.05,18978.814349999997,270.3534807692308,17.902448461538462,False,False,False,False,16.926335641078364,16.926335641078367,594.1143810018506,8.463167820539182,58763853.424893044,775395.4357177998,0.01424501424501425,1.1042127467968301
29-9093.00,Surgical Assistants,2103065.760253846,30359.21701153846,91.99762730769231,4.3525,80.23285714285714,22860.0,330.0,29,Healthcare Practitioners and Technical Occupations,60290.0,28.99,44720.0,21.5,180189.44833846152,2601.160015384615,31.490645769230767,True,False,True,False,8.567941704148716,8.567941704148714,1958.6314735683964,28.274207623690764,118085891.54143861,1264422.5649314509,0.01443569553805774,1.1189935473445036
29-9099.01,Midwives,1863258.1822730768,8567.86288846154,50.39919346153846,4.206388888888889,95.08111111111111,36970.0,170.0,29,Healthcare Practitioners and Technical Occupations,64030.0,30.78,62110.0,29.86,637879.0007346154,2933.1736576923076,36.98264076923077,False,False,False,False,34.234600808592006,34.234600808592,12656.531918936465,58.19882137460641,810397738.7695019,3614728.7955768043,0.004598322964565864,0.3564423835616274
31-1121.00,Home Health Aides,33793837.91325,372227.5827461539,16.947167307692308,3.953333333333333,76.62066666666666,1994070.0,21964.0,31,Healthcare Support Occupations,34900.0,16.78,34900.0,16.78,3151624.9506750004,34714.07243307693,3.160997307692308,True,False,True,False,9.326034405341398,9.326034405341398,185967.6542665912,2048.370196789185,6490271133.904034,71488119.86794254,0.011014658462340841,0.8538093445562688
31-1122.00,Personal Care Aides,59606573.2449,656546.046403077,29.891916153846154,4.337272727272727,81.1590909090909,1994070.0,21964.0,31,Healthcare Support Occupations,34900.0,16.78,34900.0,16.78,12566969.665800001,138420.87877538463,22.16354653846154,True,False,True,False,21.083194321819608,21.083194321819605,420413.65301310824,4630.712800844459,14672436490.157478,161611876.7494716,0.01101465846234084,0.8538093445562687
31-1131.00,Nursing Assistants,125412376.97866154,1115535.429,90.32675538461538,4.266666666666667,78.1590909090909,1388430.0,12350.0,31,Healthcare Support Occupations,39530.0,19.01,38500.0,18.51,4676722.4625923075,41599.1605,23.073528461538462,True,False,True,False,3.7290756903427758,3.7290756903427758,51775.6056074262,460.5408477573328,2046689689.6615577,17730822.638657313,0.008894938887808531,0.6894977241131691
31-1132.00,Orderlies,3836191.2979076924,42254.54013538462,72.35366461538462,4.123181818181818,60.05227272727273,53020.0,584.0,31,Healthcare Support Occupations,37700.0,18.12,37700.0,18.12,0.0,0.0,7.516705384615385,True,False,True,False,0.0,0.0,0.0,0.0,0.0,0.0,,
31-1133.00,Psychiatric Aides,1670925.7433076925,6224.0787,47.87752846153846,4.208235294117648,85.20882352941176,34900.0,130.0,31,Healthcare Support Occupations,41590.0,20.0,35390.0,17.02,247872.6995769231,923.3080500000002,27.094994615384614,True,False,True,False,14.834453330418205,14.834453330418206,5177.224212315953,19.284789329543667,215320754.9902205,682488.6943725504,0.003724928366762178,0.2887405595205693
31-2011.00,Occupational Therapy Assistants,3643796.72685,17492.658050000002,76.055035,4.462727272727272,94.48363636363636,47910.0,230.0,31,Healthcare Support Occupations,68340.0,32.86,61280.0,29.46,264613.67425384617,1270.322376923077,38.237756153846156,False,False,False,False,7.262031723778405,7.262031723778405,3479.2393988622334,16.70267296469033,237771220.51824504,1023539.7992762234,0.004800667919014819,0.3721273013938971
31-2012.00,Occupational Therapy Aides,276751.11346153845,3044.2622480769232,55.35022269230769,4.003333333333333,78.128,5000.0,55.0,31,Healthcare Support Occupations,37370.0,17.969999999999995,37370.0,17.969999999999995,55724.44615384616,612.9689076923078,35.19785923076923,False,False,False,False,20.135220218938876,20.135220218938873,1006.7610109469439,11.07437112041638,37622658.97908729,413849.24876996013,0.011,0.8526730830765119
31-2021.00,Physical Therapist Assistants,10524578.689342307,76003.8087,97.44078038461538,4.143809523809524,90.6252380952381,108010.0,780.0,31,Healthcare Support Occupations,65510.0,31.5,61110.0,29.380000000000003,131441.85556923074,949.2143999999998,37.18977115384615,False,False,False,False,1.2489037276364807,1.2489037276364807,1348.9409162201628,9.74144907556455,88369119.42158286,595299.9530077496,0.007221553559855569,0.5597840307712917
31-2022.00,Physical Therapist Aides,3875116.3004423077,73962.6833076923,88.05081346153847,4.0063157894736845,76.97,44010.0,840.0,31,Healthcare Support Occupations,34520.0,16.59,27860.0,13.39,749249.2775423076,14300.599707692309,29.469481538461537,False,False,False,False,19.334884928661054,19.334884928661058,8509.28285710373,162.41303340075285,293740444.2272208,4524827.110544975,0.0190865712338105,1.4795095944811512
31-9011.00,Massage Therapists,5095316.207261538,96558.47039999999,53.05410461538462,3.9650000000000003,92.85642857142857,96040.0,1820.0,31,Healthcare Support Occupations,57950.0,27.86,61010.0,29.33,433642.76307692303,8217.72,4.871538461538461,False,False,False,False,8.510615346284524,8.510615346284526,8173.5949785716575,154.89319930237835,473659829.0082275,9450034.089438103,0.018950437317784258,1.4689570739457534
31-9091.00,Dental Assistants,27627779.482642308,464350.9803038462,73.58969576923077,4.30625,85.090625,375430.0,6310.0,31,Healthcare Support Occupations,47300.0,22.74,37320.0,17.94,7254405.155165385,121927.64704230771,24.875472692307692,False,False,False,False,26.25764824756585,26.25764824756585,98579.08881583648,1656.857604421405,4662790900.989066,61833925.79700684,0.016807394187997763,1.302837510978391
31-9092.00,Medical Assistants,76086946.97365385,926322.5717307692,95.89260576923077,4.4079999999999995,86.29350000000001,793460.0,9660.0,31,Healthcare Support Occupations,44200.0,21.25,43040.0,20.69,31191632.817538463,379743.3683076923,56.85455653846154,False,False,False,False,40.99472256172796,40.99472256172796,325276.7256382867,3960.090199462921,14377231273.21227,170442282.18488413,0.012174526756232196,0.9437173876576357
31-9093.00,Medical Equipment Preparers,4564384.713584615,42030.48045769231,62.73206038461539,4.469333333333333,79.91333333333334,72760.0,670.0,31,Healthcare Support Occupations,46490.0,22.35,45250.0,21.76,476743.92078461533,4390.027857692307,23.517235,False,False,False,False,10.444867177074718,10.444867177074716,7599.685358039565,69.98061008640062,353309372.29525936,3166622.606409628,0.009208356239692139,0.7137925004513757
31-9094.00,Medical Transcriptionists,3632645.9365807693,20242.280584615386,84.34283576923077,4.559333333333333,82.484,43070.0,240.0,31,Healthcare Support Occupations,37550.0,18.05,38900.0,18.7,2965911.6022115382,16527.02076923077,84.34283576923077,False,False,False,False,81.6460413150863,81.6460413150863,35164.94999440767,195.95049915620712,1320443872.2900078,7622474.417176457,0.005572324123519852,0.4319427991184813
31-9095.00,Pharmacy Aides,2514387.4093846157,15906.1004,61.17730923076923,4.148571428571429,72.48428571428572,41100.0,260.0,31,Healthcare Support Occupations,37000.0,17.79,38970.0,18.73,1949325.4504615385,12331.4992,54.71813769230769,False,False,False,False,77.52685378497924,77.52685378497925,31863.536905626468,201.569819840946,1178950865.5081794,7855175.8792016655,0.006326034063260341,0.49036717894247533
31-9096.00,Veterinary Assistants and Laboratory Animal Caretakers,10163161.481515385,64081.58566153846,89.00220230769231,4.205357142857143,85.04714285714286,114190.0,720.0,31,Healthcare Support Occupations,37320.0,17.94,35730.0,17.18,2410837.7804153846,15201.008861538461,35.98111115384615,False,False,False,False,23.721336956026747,23.721336956026747,27087.394670086942,170.79362608339258,1010901569.0876447,6102456.259959617,0.0063052806725632715,0.48875846461247885
31-9097.00,Phlebotomists,14549494.306953847,147715.92002307693,104.76306384615386,4.449565217391305,79.09782608695652,138880.0,1410.0,31,Healthcare Support Occupations,43660.0,20.99,38730.0,18.62,2681459.732430769,27223.921534615387,43.66578538461539,False,False,False,False,18.429917053193947,18.429917053193947,25595.468803475756,259.86183045003463,1117498167.9597516,10064448.69332984,0.010152649769585255,0.7869901073116634
31-9099.01,Speech-Language Pathology Assistants,4012075.190423077,26708.46002307692,38.70791307692308,4.1499999999999995,82.08909090909091,103650.0,690.0,31,Healthcare Support Occupations,46050.0,22.14,45760.0,22.0,587569.7025761539,7822.299184615385,20.304774615384616,False,False,False,False,14.645032176333519,29.287720736638057,15179.575850769694,101.05072201670127,699019467.9279444,4624081.03948425,0.01331297231684874,1.0319648318472425
31-9099.02,Endoscopy Technicians,5436763.376480769,36192.63608076923,52.45309576923077,4.5675,93.88416666666667,103650.0,690.0,31,Healthcare Support Occupations,46050.0,22.14,45760.0,22.0,1082.463909230769,14.490815384615383,8.719569230769231,False,False,False,False,0.019910079476945175,0.04003802141484522,20.63679737785367,0.1373795483909217,950324.5192501616,6286.488134368577,0.013386880856760375,1.037693906628346
33-1011.00,First-Line Supervisors of Correctional Officers,2832667.1913923076,13794.5958,53.05613769230769,4.301304347826087,93.52695652173912,53390.0,260.0,33,Protective Service Occupations,76310.0,36.69,97430.0,46.84000000000001,526499.8379807692,2563.9625,15.452636923076923,False,False,False,False,18.586717125847212,18.586717125847212,9923.448273489827,48.32546452720275,757258337.7500087,4708350.008885364,0.004869825810076793,0.3774881261385229
33-1012.00,First-Line Supervisors of Police and Detectives,1916414.0579153844,16144.283515384615,12.514948461538461,3.864,81.76050000000001,153130.0,1290.0,33,Protective Service Occupations,105980.0,50.95,109760.0,52.77,665930.6838692308,5609.943069230769,6.8873346153846144,False,False,False,False,34.74878934010792,34.74878934010792,53210.82111650726,448.25938248739214,5639282821.927439,49200949.82181616,0.008424214719519362,0.6530091943082825
33-1021.00,First-Line Supervisors of Firefighting and Prevention Workers,2096150.135353846,17229.24428076923,22.375641923076923,4.1196,84.5008,93680.0,770.0,33,Protective Service Occupations,92430.0,44.44,102070.0,49.07,533167.1092307692,4382.351346153846,9.942091363636363,False,True,True,False,25.435540147546092,25.43554014754609,23828.01401022118,195.8536591361049,2202423334.9647436,19990782.988022227,0.008219470538001707,0.6371382986267702
33-2011.00,Firefighters,8514144.526461538,67910.19442307693,25.62648846153846,4.357777777777778,95.61148148148149,332240.0,2650.0,33,Protective Service Occupations,59530.0,28.62,49270.0,23.69,453025.852,3613.4075000000003,16.74934153846154,False,False,False,False,5.320861662519566,5.320861662519565,17678.030787555006,141.0028340567685,1052373172.7831495,6947209.633976985,0.007976161810739225,0.6182780438436499
33-2021.00,Fire Inspectors and Investigators,285448.38130769227,1218.996646153846,20.316610769230767,4.332333333333334,79.80466666666666,14050.0,60.0,33,Protective Service Occupations,78060.0,37.53,72550.0,34.88,47020.281192307695,200.79835384615384,10.95127423076923,False,False,False,False,16.472428737167476,16.472428737167473,2314.3762375720307,9.883457242300485,180660209.10487273,717044.8229289002,0.004270462633451957,0.33102804907532
33-2022.00,Forest Fire Inspectors and Prevention Specialists,33710.456423076925,727.5638076923077,12.126063461538461,3.97875,93.74875,2780.0,60.0,33,Protective Service Occupations,52380.0,25.19,77480.0,37.25,18069.97326923077,389.9994230769231,10.127389615384615,False,False,False,False,53.60346665867372,53.60346665867372,1490.1763731111291,32.16207999520423,78055438.42356095,2491917.9580284236,0.02158273381294964,1.673001471046132
33-3011.00,Bailiffs,547235.5080038462,1294.4660153846155,32.36165038461538,4.234,79.898,16910.0,40.0,33,Protective Service Occupations,57050.0,27.43,57860.0,27.82,1987.0680846153841,4.70033846153846,14.948867692307692,False,False,False,False,0.36311022504070006,0.36311022504070006,61.40193905438238,0.14524409001628003,3502980.623052515,8403.823048341963,0.0023654642223536367,0.18336069739831445
33-3012.00,Correctional Officers and Jailers,22759338.212653846,123333.21380769231,62.28950192307693,4.1866666666666665,81.7274074074074,365380.0,1980.0,33,Protective Service Occupations,57970.0,27.87,61340.0,29.489999999999995,3172187.4223615387,17190.133823076925,34.336288461538466,False,False,False,False,13.93795985068604,13.937959850686038,50926.51770243665,275.97160504358357,2952210231.210253,16928098.253373414,0.005419015819147189,0.42005899325023854
33-3021.00,Detectives and Criminal Investigators,2832603.6384692304,14317.700492307691,25.567322307692304,4.36,93.87133333333333,110790.0,560.0,33,Protective Service Occupations,93580.0,44.99,74530.0,35.83,144225.44193461537,2187.0091384615384,21.13704269230769,False,False,False,False,5.091621008174528,15.274863024523583,5641.006914956559,28.513077645777358,527885427.1016348,2125079.6769397864,0.015163823449769836,1.1754349174675596
33-3021.02,Police Identification and Records Officers,1819288.68345,9195.790799999999,16.421055,4.389333333333334,77.70466666666667,110790.0,560.0,33,Protective Service Occupations,93580.0,44.99,74530.0,35.83,120435.16434230767,1826.257569230769,14.56767986013986,False,False,False,False,6.619904000827455,19.859712002482365,7334.191642516737,37.07146240463374,686333653.9067162,2762936.0930173527,0.015163823449769834,1.1754349174675593
33-3021.06,Intelligence Analysts,3566038.764911538,18024.927415384613,32.187370384615384,3.8738095238095234,81.98761904761905,110790.0,560.0,33,Protective Service Occupations,93580.0,44.99,74530.0,35.83,89910.48819230769,1363.386769230769,32.055214615384614,False,False,False,False,2.5212986767556376,7.563896030266911,2793.3468039775707,14.11927258983157,261401393.91622108,1052309.386120147,0.015163823449769832,1.1754349174675593
33-3031.00,Fish and Game Wardens,83383.17729230771,922.1504030769232,12.988033846153849,3.8266666666666667,86.29166666666667,6420.0,71.0,33,Protective Service Occupations,68180.0,32.78,68180.0,32.78,1279.1998153846152,14.146913846153847,4.701328076923077,False,False,False,False,1.5341221777868428,1.5341221777868432,98.4906438139153,1.0892267462286584,6715092.095232745,74263.47955786993,0.01105919003115265,0.8572612418356323
33-3041.00,Parking Enforcement Workers,264712.55281153845,1703.4269807692308,34.068539615384616,3.929090909090909,78.7159090909091,7770.0,50.0,33,Protective Service Occupations,47150.0,22.67,53020.0,25.49,75752.08789615385,487.46517307692307,23.755463846153845,False,False,False,False,28.616734299746412,28.616734299746405,2223.5202550902964,14.308367149873206,104838980.02750747,758629.6262862774,0.006435006435006434,0.4988142524140118
33-3051.00,Police and Sheriff's Patrol Officers,42193594.48596923,339704.64683076926,63.25971076923077,4.119666666666666,89.00733333333334,666990.0,5370.0,33,Protective Service Occupations,76290.0,36.68,77210.0,37.12,1355241.3323884618,21822.354023076925,33.982857307692306,False,False,False,False,3.2119598931992495,6.423919786398498,21423.45129164967,172.4822462647997,1634395099.0399535,13317354.234105185,0.016102190437637744,1.2481731240677914
33-3051.04,Customs and Border Protection Officers,19976733.506180767,160834.58361923078,29.95057423076923,4.234545454545454,84.47454545454546,666990.0,5370.0,33,Protective Service Occupations,76290.0,36.68,77210.0,37.12,4663120.773634615,75086.45873076924,18.250232307692308,True,True,True,True,23.342759076161546,46.68551815232309,155693.8687620899,1253.506162389875,11877885247.859838,96783210.79812226,0.016102190437637748,1.2481731240677916
33-3052.00,Transit and Railroad Police,66237.17307692308,728.6089038461539,22.079057692307693,3.9508333333333336,79.55083333333333,3000.0,33.0,33,Protective Service Occupations,82320.0,39.58,82320.0,39.58,2609.7669230769234,28.707436153846153,11.363058076923076,False,False,False,False,3.9400336727023784,3.9400336727023775,118.20101018107134,1.3002111119917847,9730307.158105792,107033.37873916372,0.010999999999999998,0.8526730830765117
33-9011.00,Animal Control Workers,310175.6550923077,4735.506184615385,26.308367692307694,4.408666666666666,90.82199999999999,11790.0,180.0,33,Protective Service Occupations,45830.0,22.030000000000005,46690.0,22.45,0.0,0.0,14.807434615384617,False,False,False,False,0.0,0.0,0.0,0.0,0.0,0.0,,
33-9021.00,Private Detectives and Investigators,559848.2957307692,5207.891123076923,14.46636423076923,4.187142857142857,72.825,38700.0,360.0,33,Protective Service Occupations,52370.0,25.18,51130.0,24.58,297488.77546153846,2767.337446153846,13.417285384615385,False,False,False,False,53.13739056278215,53.13739056278215,20564.170147796693,191.29460602601574,1076945590.6401129,9780893.206110185,0.009302325581395349,0.7210766030245344
33-9031.00,Gambling Surveillance Officers and Gambling Investigators,583744.1,6421.185100000001,58.374410000000005,4.6075,94.845,10000.0,110.0,33,Protective Service Occupations,43900.0,21.11,43900.0,21.11,230490.06923076924,2535.3907615384614,50.87735692307693,False,True,True,False,39.48477924329672,39.484779243296714,3948.477924329672,43.43325716762639,173338180.8780726,1906719.9896587983,0.011,0.8526730830765119
33-9032.00,Security Guards,61619366.458057694,347355.4403846154,49.622205769230774,4.406428571428571,86.41285714285713,1241770.0,7000.0,33,Protective Service Occupations,38370.0,18.45,42440.0,20.4,21632619.65194231,121945.55961538461,34.63546769230769,False,False,False,False,35.10685178281886,35.10685178281885,435946.35338350973,2457.47962479732,16727261579.325268,104295435.27639826,0.005637114763603565,0.43696509319436133
33-9091.00,Crossing Guards and Flaggers,2564739.4211307694,48063.97895,28.440224230769232,4.285833333333334,69.36416666666666,90180.0,1690.0,33,Protective Service Occupations,37700.0,18.13,34480.0,16.58,159307.40963076922,2985.4682,20.25880923076923,False,True,True,False,6.2114462123614915,6.211446212361492,5601.482194307593,104.9734409889092,211175878.72539625,3619484.2452975893,0.018740297183410956,1.452667907013554
33-9092.00,"Lifeguards, Ski Patrol, and Other Recreational Protective Service Workers",5726443.8668,83350.2868,39.880520000000004,4.101333333333334,80.50133333333333,143590.0,2090.0,33,Protective Service Occupations,33720.0,16.21,28400.0,13.65,994612.1429538461,14476.909107692307,14.406067307692307,False,False,False,False,17.36875740143501,17.36875740143501,24939.79875272053,363.00702968999167,840970013.9417362,10309399.643195763,0.014555331151194372,1.1282671898080456
33-9093.00,Transportation Security Screeners,6318464.810323076,65448.06018461538,136.35012538461538,4.3076923076923075,84.31461538461538,46340.0,480.0,33,Protective Service Occupations,63360.0,30.46,59950.0,28.82,1380443.5229307692,14298.940246153847,81.12742653846153,False,False,False,False,21.847767841887915,21.847767841887915,10124.25561793086,104.86928564106199,641472835.9520992,6286913.674181666,0.010358221838584376,0.8029251772996542
33-9099.02,Retail Loss Prevention Specialists,2255613.8388615386,18998.071076923075,27.140101538461536,4.3100000000000005,93.49190476190476,83110.0,700.0,33,Protective Service Occupations,41600.0,20.0,49000.0,23.56,684959.79155,5769.1235,23.889193846153844,False,False,False,False,30.366890810339914,30.366890810339918,25237.922952473502,212.56823567237942,1049897594.8228977,10415843.54794659,0.008422572494284682,0.6528818960124679
35-1011.00,Chefs and Head Cooks,8802565.764092308,90768.01029230769,48.28085653846154,4.314285714285714,98.01714285714286,182320.0,1880.0,35,Food Preparation and Serving Related Occupations,60990.0,29.32,44490.0,21.39,1499220.936276923,15459.276876923075,22.490718461538464,False,False,False,False,17.031635735032964,17.031635735032964,31052.0782721121,320.19475181861975,1893866253.816117,14245464.508410392,0.010311540149188241,0.7993066118432339
35-1012.00,First-Line Supervisors of Food Preparation and Serving Workers,81716568.43091539,791387.109423077,68.81627038461538,4.163846153846154,76.39192307692308,1187460.0,11500.0,35,Food Preparation and Serving Related Occupations,42010.0,20.2,38070.0,18.31,36371933.14022308,352245.3228846154,48.502532692307696,False,False,False,False,44.5098635914607,44.5098635914607,528536.8262031593,5118.63431301798,22203832068.794724,194866408.2965945,0.009684536742290266,0.7507039820196728
35-2011.00,"Cooks, Fast Food",93300652.26983461,872647.2572115385,139.62356115384614,4.5405263157894735,95.14999999999999,668230.0,6250.0,35,Food Preparation and Serving Related Occupations,30160.0,14.5,29960.0,14.410000000000002,13686588.681592308,128011.58173076923,20.481853076923077,False,False,False,False,14.669338690161945,14.669338690161945,98024.92192926917,916.8336681351216,2956431645.3867583,27468336.697328243,0.009353067057749577,0.7250098658502447
35-2012.00,"Cooks, Institution and Cafeteria",13192633.684453845,161280.57955384615,29.43076269230769,4.3623529411764705,76.22529411764705,448260.0,5480.0,35,Food Preparation and Serving Related Occupations,36450.0,17.53,37740.0,18.15,1656806.5448769229,20254.539476923077,12.099975384615384,False,False,False,False,12.558573098480693,12.558573098480693,56295.05977124956,688.209805796742,2051954928.6620464,25973038.07076904,0.012225047963235624,0.9476335761427593
35-2013.00,"Cooks, Private Household",14374.382192307694,159.7153576923077,15.971535769230771,4.083846153846154,95.1,900.0,10.0,35,Food Preparation and Serving Related Occupations,44530.0,21.41,44530.0,21.41,670.5986538461539,7.451096153846154,2.194635769230769,False,False,False,False,4.665234615822431,4.665234615822432,41.987111542401884,0.4665234615822431,1869686.076983156,20774.289744257287,0.011111111111111112,0.8612859425015272
35-2014.00,"Cooks, Restaurant",105328071.355,843564.605,72.5335,4.2025,83.8955,1452130.0,11630.0,35,Food Preparation and Serving Related Occupations,36830.0,17.71,36510.0,17.55,15052450.058192309,120553.94088461538,14.592643076923077,False,False,False,False,14.291014602801571,14.29101460280157,207524.11035166244,1662.0449983058227,7643112984.251728,60681262.88814559,0.008008924820780508,0.6208176926420833
35-2015.00,"Cooks, Short Order",8924950.681823077,30853.4394,59.33353730769231,4.442727272727272,87.17727272727274,150420.0,520.0,35,Food Preparation and Serving Related Occupations,35620.0,17.12,36680.0,17.64,2476378.287069231,8560.8078,20.34554961538462,False,False,False,False,27.746688753280452,27.74668875328046,41736.569222684455,144.28278151705837,1486656595.7120204,5292292.426045701,0.003456987102778886,0.2679708955529283
35-2021.00,Food Preparation Workers,60910793.288196154,642161.7888884615,68.53380884615385,4.230645161290322,80.4874193548387,888770.0,9370.0,35,Food Preparation and Serving Related Occupations,34220.0,16.45,32090.0,15.43,8007101.898315384,84416.15354615384,20.319616153846155,False,False,False,False,13.145620777634942,13.145620777634944,116834.33378538609,1231.744666864394,3998070902.135912,39526686.3596784,0.010542660080785806,0.8172220431737547
35-3011.00,Bartenders,63054530.82664616,280764.79975384613,84.56771076923077,4.277,85.589,745610.0,3320.0,35,Food Preparation and Serving Related Occupations,33530.0,16.12,34120.0,16.41,12543932.435334615,55854.74401538462,27.781373076923074,False,False,False,False,19.893784428943345,19.893784428943352,148330.04608064448,660.4736430409191,4973506445.084009,22535360.70055616,0.0044527299794798894,0.3451566363373028
35-3023.00,Fast Food and Counter Workers,666727470.0600346,8989789.92566923,176.33954346153845,4.348888888888889,73.97259259259259,3780930.0,50980.0,35,Food Preparation and Serving Related Occupations,30480.0,14.65,28670.0,13.79,79321477.06276155,2139055.1534461537,41.95871230769231,True,True,True,True,11.897136480010213,23.79427296002042,449822.4023136501,6065.160177509206,13710586822.520056,173888142.28918892,0.026966910257529227,2.0903598645759147
35-3023.01,Baristas,422036291.7855,5690507.403,111.62235,4.092631578947368,92.35578947368421,3780930.0,50980.0,35,Food Preparation and Serving Related Occupations,30480.0,14.65,28670.0,13.79,65381119.805180766,1763126.7903230768,43.78651038461538,True,False,True,False,15.491824062943557,30.983648125887107,585735.0235430519,7897.731907288626,17853203517.59222,226427973.7819649,0.02696691025752923,2.0903598645759147
35-3031.00,Waiters and Waitresses,376361987.3642,2946904.113092308,163.4444876923077,4.3404,91.088,2302690.0,18030.0,35,Food Preparation and Serving Related Occupations,33760.0,16.23,29860.0,14.35,151761365.2341,1188287.357469231,85.95672615384616,False,False,False,False,40.323244729612604,40.3232447296126,928519.3240643165,7270.2810247491525,31346812380.411324,217090591.3990097,0.007829972770976554,0.6069460930030652
35-3041.00,"Food Servers, Nonrestaurant",16030611.51933846,136252.53002307692,58.98377923076923,4.506428571428572,88.53785714285713,271780.0,2310.0,35,Food Preparation and Serving Related Occupations,34460.0,16.57,28280.0,13.6,4974501.606046154,42280.88420769231,27.043118461538462,False,False,False,False,31.03126540148007,31.03126540148007,84336.77310814254,716.8222307741896,2906245201.306592,20271732.686294083,0.008499521671940541,0.6588466680626518
35-9011.00,Dining Room and Cafeteria Attendants and Bartender Helpers,72624660.12266923,527283.8870230769,139.12503615384617,4.17,76.00652173913043,522010.0,3790.0,35,Food Preparation and Serving Related Occupations,32670.0,15.710000000000004,27760.0,13.34,3601308.843115385,26146.933038461542,30.300298461538464,False,False,False,False,4.958796140363987,4.9587961403639875,25885.41173231405,187.9383737197951,845676401.2947,5217169.254461512,0.007260397310396353,0.5627950326378248
35-9021.00,Dishwashers,19074172.799496155,132642.07344615384,40.43965653846154,3.9815384615384612,73.50923076923077,471670.0,3280.0,35,Food Preparation and Serving Related Occupations,33670.0,16.19,30130.0,14.48,0.0,0.0,5.063316153846155,False,False,False,False,0.0,0.0,0.0,0.0,0.0,0.0,,
35-9031.00,"Hosts and Hostesses, Restaurant, Lounge, and Coffee Shop",49017052.976596154,500326.2342923077,114.75372346153847,4.172857142857143,70.73095238095237,427150.0,4360.0,35,Food Preparation and Serving Related Occupations,30380.0,14.61,28790.0,13.84,10572774.084999999,107918.284,80.84093884615385,False,False,False,False,21.56958332449752,21.569583324497522,92134.47517059116,940.4338329480918,2799045355.6825595,27075090.05057556,0.010207187170783099,0.7912176140409677
37-1011.00,First-Line Supervisors of Housekeeping and Janitorial Workers,7934771.6894307695,102217.08634615385,45.429816153846154,4.137307692307692,80.21423076923078,174660.0,2250.0,37,Building and Grounds Cleaning and Maintenance Occupations,47520.0,22.85,49770.0,23.93,2685634.3658307693,34596.80134615385,22.536673846153846,False,False,False,False,33.84639748876547,33.846397488765476,59116.11785387777,761.543943497223,2809197920.4162717,37902042.06785679,0.012882171075231881,0.9985709570397302
37-1012.00,"First-Line Supervisors of Landscaping, Lawn Service, and Groundskeeping Workers",3616901.2767846156,59732.922076923074,29.138010769230767,3.858571428571429,91.74,124130.0,2050.0,37,Building and Grounds Cleaning and Maintenance Occupations,56170.0,27.01,54600.0,26.25,1258566.6739692308,20785.158153846154,16.931695769230767,False,False,False,False,34.7968213024626,34.7968213024626,43193.29428274682,713.3348367004833,2426167339.861889,38948082.08384638,0.01651494401031177,1.280168020555319
37-2011.00,"Janitors and Cleaners, Except Maids and Housekeeping Cleaners",47943230.43242308,537642.3904576923,21.793368076923077,3.6966666666666663,68.64619047619047,2199900.0,24670.0,37,Building and Grounds Cleaning and Maintenance Occupations,35930.0,17.27,30390.0,14.61,3155914.773576923,35390.889342307695,5.990311923076923,False,False,False,False,6.582607690621196,6.582607690621196,144810.7865859757,1623.929317276249,5203051562.034107,49351211.95202521,0.01121414609754989,0.8692727751880271
37-2012.00,Maids and Housekeeping Cleaners,45174509.74938461,447036.9424615385,52.84124615384615,3.9939999999999998,65.285,854910.0,8460.0,37,Building and Grounds Cleaning and Maintenance Occupations,34660.0,16.66,34660.0,16.67,7426588.702292307,73491.87683076922,23.837778846153846,False,False,False,False,16.439777085557584,16.43977708555758,140545.29828214034,1390.8051414381716,4871300038.458984,48205306.20224703,0.009895778503000316,0.7670785423268681
37-2021.00,Pest Control Workers,3260015.232680769,29849.27067692308,33.91962576923077,3.896153846153846,74.06076923076922,96110.0,880.0,37,Building and Grounds Cleaning and Maintenance Occupations,44730.0,21.51,42460.0,20.41,743288.0509923077,6805.67563076923,19.971283846153845,False,False,False,False,22.80014042698471,22.800140426984704,21913.214964375005,200.64123575746547,980178105.356494,8519226.870261984,0.00915617521589845,0.7097476500480798
37-3011.00,Landscaping and Groundskeeping Workers,24364777.8882,322563.4926,25.82574,3.5384615384615383,70.73038461538462,943430.0,12490.0,37,Building and Grounds Cleaning and Maintenance Occupations,38090.0,18.31,38940.0,18.72,5696370.8313384615,75413.83216923077,11.987492692307692,False,False,False,False,23.379531130867587,23.379531130867587,220569.51054794408,2920.1034382453618,8401492656.77119,113708827.88527438,0.013238926046447537,1.0262250807860325
37-3012.00,"Pesticide Handlers, Sprayers, and Applicators, Vegetation",688662.8764615385,6558.694061538461,27.327891923076923,4.029,84.85,25200.0,240.0,37,Building and Grounds Cleaning and Maintenance Occupations,45200.0,21.73,38180.0,18.36,0.0,0.0,5.419928461538461,False,False,False,False,0.0,0.0,0.0,0.0,0.0,0.0,,
37-3013.00,Tree Trimmers and Pruners,2117396.1872846154,19462.175107692306,44.23221615384615,3.813333333333333,69.73541666666667,47870.0,440.0,37,Building and Grounds Cleaning and Maintenance Occupations,50430.0,24.25,53900.0,25.91,90778.14561923075,834.3928153846152,5.020824999999999,False,False,False,False,4.2872536639279675,4.2872536639279675,2052.3083289223177,18.863916121283058,103497909.02755249,1016765.0789371568,0.009191560476289952,0.7124905645093059
39-1013.00,First-Line Supervisors of Gambling Services Workers,3090549.143965385,34016.62003346154,121.0555873076923,4.26,83.05892857142858,25530.0,281.0,39,Personal Care and Service Occupations,61590.0,29.61,61590.0,29.61,541398.2777757086,5958.986136113361,99.808084048583,True,True,True,True,17.517866649454334,17.517866649454334,4472.3113556056915,49.22520528496668,275449656.3917545,3031780.393501098,0.011006658832745788,0.8531892473898793
39-1022.00,First-Line Supervisors of Personal Service Workers,1870216.2339538462,14848.531653846154,17.46886076923077,4.08,90.02764705882353,107060.0,850.0,39,Personal Care and Service Occupations,47080.0,22.64,43660.0,20.99,2532085.7957703704,16638.288416880343,15.34690623931624,True,False,True,False,135.39000195807617,112.0534259195292,144948.53609631635,1150.8150166436474,6824177079.414574,50244583.62666164,0.006570981301136462,0.5093544440798307
39-2011.00,Animal Trainers,919591.1396423077,11889.2937,45.72805269230769,4.217333333333333,66.61999999999999,20110.0,260.0,39,Personal Care and Service Occupations,38750.0,18.63,35380.0,17.01,79997.11592307693,1034.2740000000001,15.068709615384616,False,False,False,False,8.699204730723407,8.699204730723407,1749.4100713484772,22.61793229988086,67789640.26475349,800222.4447697848,0.012928891098955744,1.0021924940097333
39-2021.00,Animal Caretakers,15583167.864615384,133184.66584615383,56.196061538461535,4.084090909090909,63.691818181818185,277300.0,2370.0,39,Personal Care and Service Occupations,33470.0,16.09,31550.0,15.17,3277406.3536153845,28011.009946153845,33.850185384615386,False,True,True,False,21.031707943398168,21.03170794339817,58320.926127043116,498.4514782585366,1952001397.4721332,15726144.13905683,0.00854670032455824,0.6625037559883727
39-3011.00,Gambling Dealers,11882998.472123077,130887.6910523077,143.2031630769231,4.567142857142857,80.55857142857143,82980.0,914.0,39,Personal Care and Service Occupations,33280.0,16.0,33280.0,16.0,0.0,0.0,133.5629825721154,False,True,True,False,0.0,0.0,0.0,0.0,0.0,0.0,,
39-3012.00,Gambling and Sports Book Writers and Runners,888152.7872307693,9816.425543076923,116.86220884615385,4.351111111111111,52.64555555555555,7600.0,84.0,39,Personal Care and Service Occupations,30460.0,14.65,30460.0,14.65,28946.894615384615,319.9393615384615,111.09467610256411,False,True,True,False,3.2592246549875803,3.2592246549875803,247.7010737790561,2.7377487101895674,7544974.707310049,83391.82571237422,0.011052631578947368,0.8567528585936244
39-3021.00,Motion Picture Projectionists,38922.90675,419.16976500000004,19.960465,4.003529411764706,71.64647058823529,1950.0,21.0,39,Personal Care and Service Occupations,38180.0,18.35,38180.0,18.35,1624.36875,17.493201923076924,17.411633076923078,False,False,False,False,4.173297643038954,4.173297643038954,81.37930403925961,0.8763925050381804,3107061.828218932,33460.66584235773,0.010769230769230769,0.8347848365784033
39-3031.00,"Ushers, Lobby Attendants, and Ticket Takers",10102084.0998,119486.10503076923,84.74191846153846,3.8317391304347823,64.79304347826087,119210.0,1410.0,39,Personal Care and Service Occupations,31150.0,14.98,25570.0,12.289999999999996,720872.6819,8526.386053846154,74.86710961538462,False,False,False,False,7.1358808220005985,7.1358808220005985,8506.683527906913,100.61591959020843,264983191.89430034,2572749.0639216295,0.01182786678969885,0.9168457856173459
39-3091.00,Amusement and Recreation Attendants,16974595.929876924,272258.64996923076,45.68098153846154,3.5011764705882356,59.572941176470586,371590.0,5960.0,39,Personal Care and Service Occupations,30490.0,14.66,27170.0,13.06,4273658.162111538,68545.98521538462,37.51507307692307,False,False,False,False,25.176788771681384,25.176788771681384,93554.42939669086,1500.5366107922105,2852474552.3051043,40769579.715224355,0.016039182970478214,1.2432890539514496
39-3092.00,Costume Attendants,138036.82485769232,2633.4529384615385,21.945441153846154,3.552380952380952,72.67333333333333,6290.0,120.0,39,Personal Care and Service Occupations,54810.0,26.35,39940.0,19.2,42701.351203846156,814.6521692307693,15.084448846153848,False,False,False,False,30.934753278966454,30.934753278966458,1945.7959812469899,37.12170393475974,106649077.73214751,1482640.855154304,0.01907790143084261,1.478837548333306
39-3093.00,"Locker Room, Coatroom, and Dressing Room Attendants",982317.0760615385,9849.435923076922,65.66290615384615,3.9460869565217394,60.09478260869565,14960.0,150.0,39,Personal Care and Service Occupations,34800.0,16.73,22880.0,11.0,77265.72446153847,774.7231730769231,40.305999615384614,False,False,False,False,7.865660319305907,7.865660319305909,1176.7027837681637,11.798490478958861,40949256.8751321,269949.46215857874,0.010026737967914437,0.777229961481993
39-4011.00,Embalmers,77291.56986923076,858.7952207692308,22.59987423076923,4.3769230769230765,90.8673076923077,3420.0,38.0,39,Personal Care and Service Occupations,56280.0,27.06,56280.0,27.06,0.0,0.0,4.846448846153846,False,False,False,False,0.0,0.0,0.0,0.0,0.0,0.0,,
39-4021.00,Funeral Attendants,649961.3284307692,4040.9899346153843,21.268368076923075,4.211666666666667,70.24208333333333,30560.0,190.0,39,Personal Care and Service Occupations,34610.0,16.64,38360.0,18.44,17748.013846153848,110.34432692307692,12.925967307692307,False,False,False,False,2.730626126481044,2.7306261264810434,834.479344252607,5.188189640313983,28881330.104582727,199018.95460244437,0.0062172774869109935,0.48193683300968954
39-4031.00,"Morticians, Undertakers, and Funeral Arrangers",332977.4141153846,4146.022276923077,12.956319615384615,4.278181818181818,93.95136363636362,25700.0,320.0,39,Personal Care and Service Occupations,49800.0,23.94,61190.0,29.42,48308.92261538462,601.5118769230769,6.206291196581197,False,True,True,False,14.508167992032162,14.508167992032162,3728.5991739522656,46.42613757450292,185684238.86282283,2840815.3581838333,0.01245136186770428,0.965176464748793
39-5011.00,Barbers,1280029.8488846153,20508.765534615384,70.71988115384616,3.928333333333333,80.11388888888888,18100.0,290.0,39,Personal Care and Service Occupations,38960.0,18.73,25290.0,12.16,28733.116499999996,460.36485,18.86536653846154,False,False,False,False,2.24472238089114,2.24472238089114,406.2947509412963,6.509694904584305,15829243.496672904,164630.18413693708,0.016022099447513812,1.2419648121154618
39-5012.00,"Hairdressers, Hairstylists, and Cosmetologists",25339382.568076923,310460.1803846154,85.76248076923076,4.137272727272727,78.01863636363636,295460.0,3620.0,39,Personal Care and Service Occupations,35250.0,16.95,34960.0,16.81,5601146.244776922,68625.70028461538,28.418174999999998,False,False,False,False,22.104509570147783,22.104509570147783,65309.98397595864,800.1832464393498,2302176935.152542,27974406.29551967,0.012252081500033846,0.9497291006125959
39-5091.00,"Makeup Artists, Theatrical and Performance",63831.61096923077,711.3763873076923,19.226388846153846,4.103809523809524,91.28428571428572,3320.0,37.0,39,Personal Care and Service Occupations,50280.0,24.17,50280.0,24.17,2398.7038307692305,26.732542692307693,2.3097757692307694,False,False,False,False,3.757861965798569,3.7578619657985692,124.76101726451249,1.3904089273454705,6272983.948059688,69909.76086693026,0.011144578313253013,0.8638801772680981
39-5092.00,Manicurists and Pedicurists,18185338.716284614,110721.18011538462,123.02353346153846,4.147777777777778,91.40277777777777,147820.0,900.0,39,Personal Care and Service Occupations,34660.0,16.66,38390.0,18.46,2118027.101253846,12895.578346153847,17.41512,False,False,False,False,11.646893875873724,11.646893875873724,17216.43852731654,104.82204488286352,596721759.3567913,4024118.303053131,0.006088485996482209,0.47195346598987764
39-5093.00,Shampooers,118744.19501538461,1308.9911261538462,13.357052307692307,4.5600000000000005,79.1125,8890.0,98.0,39,Personal Care and Service Occupations,31470.0,15.13,31470.0,15.13,18528.052469230766,204.24624769230766,2.0841453846153843,False,False,False,False,15.603333255011123,15.603333255011123,1387.1363263704886,15.291266589910899,43653180.19087928,481216.159584496,0.011023622047244094,0.854504163426712
39-5094.00,Skincare Specialists,4845245.917661538,55874.846146153846,68.98129153846153,4.049444444444444,88.45555555555556,70240.0,810.0,39,Personal Care and Service Occupations,41560.0,19.98,44960.0,21.62,277607.41778461536,3201.338388461538,10.716919615384615,False,False,False,False,5.729480453669049,5.729480453669048,4024.38707065714,46.408791674719296,167253526.65651074,2086539.2736953795,0.011531890660592256,0.8939029784789484
39-6011.00,Baggage Porters and Bellhops,1684373.2507538463,10790.34753846154,53.951737692307695,4.128823529411765,74.9535294117647,31220.0,200.0,39,Personal Care and Service Occupations,36020.0,17.32,32530.0,15.64,457927.3711384616,2933.5513846153844,27.748584230769232,False,False,False,False,27.186810935967713,27.18681093596771,8487.722374209121,54.37362187193543,305727759.91901255,1768773.9194940594,0.006406149903907751,0.4965774172013929
39-6012.00,Concierges,1647653.192,13047.027538461538,37.27722153846154,3.886875,87.3775,44200.0,350.0,39,Personal Care and Service Occupations,37320.0,17.94,35350.0,16.99,973582.7069999999,7709.365326923076,34.75213846153846,False,False,False,False,59.089055374463776,59.089055374463776,26117.362475512986,206.8116938106232,974699967.5861447,7310793.376205531,0.007918552036199095,0.6138123798370612
39-7011.00,Tour Guides and Escorts,1563492.203975,17226.806573076923,63.802987307692305,3.9489473684210528,58.7321052631579,24505.0,270.0,39,Personal Care and Service Occupations,36660.0,17.63,36660.0,17.63,335365.373525,3695.1091961538464,40.07434192307692,False,False,False,False,21.449763079877975,21.449763079877975,5256.2644427240975,57.914360315670535,192694654.47026542,2123140.449172482,0.011018159559273618,0.8540807346577071
39-7012.00,Travel Guides,820294.3849749999,9038.13441923077,33.47457192307692,4.219411764705883,64.4835294117647,24505.0,270.0,39,Personal Care and Service Occupations,36660.0,17.63,36660.0,17.63,125988.791175,1388.164603846154,26.48473423076923,False,False,False,False,15.35897276425216,15.35897276425216,3763.7162758799914,41.46922646348083,137977838.67376047,1520261.8421512072,0.011018159559273618,0.8540807346577071
39-9011.00,Childcare Workers,35321845.761876926,265501.2052153846,67.90312153846153,4.14375,78.65083333333332,520180.0,3910.0,39,Personal Care and Service Occupations,32050.0,15.410000000000002,30860.0,14.839999999999998,575375.76196,8650.445311538462,40.560723461538466,False,False,False,False,1.6289515724600283,3.258156701970861,8473.480289622576,63.69200648318711,271575043.2824035,1965535.320071154,0.015034427731315938,1.1654047132683791
39-9011.01,Nannies,26951677.198423076,202585.75463461538,51.81221346153846,4.379473684210526,97.89473684210526,520180.0,3910.0,39,Personal Care and Service Occupations,32050.0,15.410000000000002,30860.0,14.839999999999998,1045026.5852838461,15708.827163461538,41.38664269230769,False,False,False,False,3.8774083616027797,7.754161782892412,20169.502815385338,151.60666693866867,646432565.2331,4678581.741727315,0.015031988070614268,1.165215601176365
39-9031.00,Exercise Trainers and Group Fitness Instructors,16647981.83613846,308702.1202076923,54.831637692307694,3.6614285714285715,75.5104761904762,303620.0,5630.0,39,Personal Care and Service Occupations,46180.0,22.2,48730.0,23.43,2084547.1349,38653.58134999999,35.81036384615385,False,True,True,False,12.521320334306152,12.521320334306148,38017.23279902034,704.9503348214364,1755635810.6587594,34352229.8158486,0.01854291548646334,1.4373677197336268
39-9032.00,Recreation Workers,6889752.598538462,132392.54605769232,22.250848076923077,3.9479166666666665,76.7625,309640.0,5950.0,39,Personal Care and Service Occupations,35380.0,17.01,31060.0,14.93,1615466.0745076924,31042.575711538462,16.58694576923077,False,False,False,False,23.447374218493486,23.447374218493486,72602.44953014323,1395.1187660003625,2568674664.3764677,43332388.87197126,0.019215863583516343,1.4895317859758683
39-9041.00,Residential Advisors,2862143.33405,38364.67939615385,34.56277423076923,3.826,74.77066666666666,82810.0,1110.0,39,Personal Care and Service Occupations,39180.0,18.84,39520.0,19.0,788217.0478,10565.4018,19.648890769230768,False,False,False,False,27.53939812946594,27.53939812946594,22805.375591010743,305.68731923707196,893514615.6558009,12080762.856249085,0.013404178239343076,1.0390347259497956
41-1011.00,First-Line Supervisors of Retail Sales Workers,56869491.416738465,480741.2359692308,51.08833538461539,4.189047619047619,81.6252380952381,1113160.0,9410.0,41,Sales and Related Occupations,47320.0,22.75,46900.0,22.55,26867238.750907693,227119.83600384617,36.74664846153846,False,False,False,False,47.24367684955211,47.24367684955211,525897.7132184743,4445.6299915428535,24885479789.498203,208500046.60335982,0.008453411908440836,0.655272435862359
41-1012.00,First-Line Supervisors of Non-Retail Sales Workers,4413389.112338462,41310.660153846155,20.15154153846154,3.869444444444445,65.87777777777778,219010.0,2050.0,41,Sales and Related Occupations,84130.0,40.45,77110.0,37.07,1593018.5964846155,14911.137038461538,17.140439010989013,False,False,False,False,36.09513133639251,36.09513133639251,79051.94713983324,739.9501923960465,6650640312.87417,57057559.33565915,0.00936030318250308,0.7255707793777989
41-2011.00,Cashiers,335380479.4909423,2962783.4342884617,106.53662115384616,4.351071428571428,65.97714285714285,3148030.0,27810.0,41,Sales and Related Occupations,31190.0,14.99,30290.0,14.56,174120169.11583078,1538194.3320461542,99.58575307692308,False,False,False,False,51.91720441813409,51.91720441813409,1634369.1702441864,14438.17454868309,50975974419.916176,437332307.07961076,0.008834096244317876,0.6847814618942871
41-2012.00,Gambling Change Persons and Booth Cashiers,1475125.7347846155,16278.177283076922,67.26519538461538,4.5976923076923075,72.30153846153846,21930.0,242.0,41,Sales and Related Occupations,34810.0,16.74,34810.0,16.74,286973.61830769235,3166.7859384615385,60.22051369230769,False,True,True,False,19.454180178721757,19.454180178721757,4266.301713193681,47.079116032506654,148509962.63627204,1638824.0290915566,0.011035111719106245,0.8553947937840063
41-2021.00,Counter and Rental Clerks,34984445.664684616,295764.3417038462,87.76389961538462,4.175625,80.68,398620.0,3370.0,41,Sales and Related Occupations,38540.0,18.53,37300.0,17.94,18919624.095676925,159949.65933076924,73.35700307692308,False,False,False,False,54.08010256048025,54.080102560480235,215574.10482658635,1822.4994562881845,8308226000.016638,67979229.71954928,0.008454166875721238,0.6553309577058682
41-2022.00,Parts Salespersons,23277127.263423078,281896.8479423077,87.81833269230769,4.196315789473684,91.28684210526316,265060.0,3210.0,41,Sales and Related Occupations,37440.0,18.0,37220.0,17.89,5867521.588961538,71058.41809615385,78.84878807692309,False,False,False,False,25.207241093627434,25.20724109362744,66814.31324276888,809.1524391054407,2501527887.809267,30116653.783504505,0.012110465554968688,0.9387516365679138
41-2031.00,Retail Salespersons,409196967.23596156,4261829.080507692,107.67632846153846,4.190833333333333,71.34708333333333,3800250.0,39580.0,41,Sales and Related Occupations,34580.0,16.62,34300.0,16.49,150465619.32576925,1567115.1142461537,75.75216692307693,False,False,False,False,36.77095173557431,36.77095173557431,1397388.0933311626,14553.94269694031,48321680267.3916,499200234.5050526,0.010415104269455955,0.8073344607273047
41-3011.00,Advertising Sales Agents,3465029.6338846153,29861.75123076923,35.54970384615385,4.1615,91.8895,97470.0,840.0,41,Sales and Related Occupations,61460.0,29.55,70790.0,34.04,1845854.9948076922,15907.645384615384,35.54970384615385,False,False,False,False,53.270972829699005,53.270972829699005,51923.21721710762,447.47617176947165,3191200930.1634345,31676838.1995609,0.008618036318867343,0.6680334180067247
41-3021.00,Insurance Sales Agents,10178141.677676924,102544.53892692308,21.679606538461538,3.9499999999999997,74.94684210526316,469480.0,4730.0,41,Sales and Related Occupations,60370.0,29.02,52440.0,25.21,1052331.8360923077,10602.218592307694,20.996303076923077,False,False,False,False,10.339135270639048,10.33913527063905,48540.1722685962,489.04109830122695,2930370199.8551526,25645315.19491634,0.010074976569821932,0.7809692121557897
41-3031.00,"Securities, Commodities, and Financial Services Sales Agents",45601353.559346154,306068.7926807692,96.55166961538461,4.191923076923077,81.99923076923076,472300.0,3170.0,41,Sales and Related Occupations,78140.0,37.57,63480.0,30.52,33420455.163565088,224312.6039985207,111.4057726331361,False,False,False,False,73.28829641004253,73.28829641004253,346140.6239446309,2323.2389961983486,27047428355.03346,147479211.47867116,0.006711835697649798,0.5202728761289132
41-3041.00,Travel Agents,1348756.20425,10489.05923846154,22.80230269230769,4.445,96.6725,59150.0,460.0,41,Sales and Related Occupations,48450.0,23.29,41040.0,19.73,273844.48000000004,2129.644307692308,22.80230269230769,False,False,False,False,20.30348250759493,20.30348250759492,12009.509903242399,93.39601953493667,581860754.8120942,3832972.641713801,0.007776838546069315,0.6028273545150165
41-4011.00,"Sales Representatives, Wholesale and Manufacturing, Technical and Scientific Products",15070293.268099999,183039.9992076923,51.27170846153846,3.758787878787879,71.42272727272727,293930.0,3570.0,41,Sales and Related Occupations,100070.0,48.11,84340.0,40.55,1989453.429452804,67980.02185310173,47.759247543424316,False,False,False,False,13.201159354104766,37.139435176661024,38802.16768952014,471.2813889415401,3882932920.6902804,39747872.3433295,0.03417020013974367,2.648728172954245
41-4011.07,Solar Sales Representatives and Assessors,7614757.57455,92486.93410384616,25.90670423076923,4.323846153846154,91.00923076923078,293930.0,3570.0,41,Sales and Related Occupations,100070.0,48.11,84340.0,40.55,422322.9087446154,35485.143669230776,25.906704230769233,False,False,False,False,5.546111016798495,38.367737035576674,16301.684111675815,197.99616329970627,1631309529.0553987,16698996.412697226,0.08402372434569763,6.513160735401543
41-4012.00,"Sales Representatives, Wholesale and Manufacturing, Except Technical and Scientific Products",63420590.30246154,697353.1589230769,50.061246153846156,4.122222222222223,73.40388888888889,1266860.0,13930.0,41,Sales and Related Occupations,66780.0,32.11,61080.0,29.37,35140687.45239231,386396.1102346154,50.061246153846156,False,False,False,False,55.40895675174502,55.40895675174502,701953.909505157,7718.467675518082,46876482076.75439,471444005.62064445,0.010995690131506244,0.8523390004532188
41-9011.00,Demonstrators and Product Promoters,4006248.654023077,37730.61106923077,61.85346076923077,4.055238095238095,71.55904761904762,64770.0,610.0,41,Sales and Related Occupations,37960.0,18.25,37300.0,17.93,920993.2533576923,8673.859573076923,49.721325769230766,False,False,False,False,22.98891888382491,22.98891888382491,14889.922761053394,140.23240519133194,565221468.0095868,5230668.713636681,0.00941794040450826,0.73003857099481
41-9012.00,Models,84659.7663076923,632.9702153846154,15.824255384615384,3.6149999999999998,48.544,5350.0,40.0,41,Sales and Related Occupations,89990.0,43.26,89990.0,43.26,0.0,0.0,4.284176153846154,False,False,False,False,0.0,0.0,0.0,0.0,0.0,0.0,,
41-9021.00,Real Estate Brokers,920140.2375230769,7421.982153846154,18.554955384615386,3.927058823529412,81.55588235294118,49590.0,400.0,41,Sales and Related Occupations,72280.0,34.75,81230.0,39.05,366897.8900423077,2959.4506153846155,13.88573923076923,False,False,False,False,39.87412734280148,39.87412734280148,19773.57974929525,159.49650937120592,1429234344.2790608,12955901.456223058,0.008066142367412784,0.6252529528141758
41-9022.00,Real Estate Sales Agents,7431746.105153846,199245.6589576923,38.99132269230769,3.8621212121212123,82.49636363636364,190600.0,5110.0,41,Sales and Related Occupations,56320.0,27.08,55380.0,26.63,4471448.802846154,119879.87084230769,37.88484730769231,False,False,False,False,60.166867107384725,60.16686710738471,114678.04870667528,3074.5269091873593,6458667703.159952,170267300.23079595,0.02681007345225603,2.0782025443675356
41-9031.00,Sales Engineers,1047134.2031307692,7757.9178923076925,18.471233076923077,3.8244,75.5672,56690.0,420.0,41,Sales and Related Occupations,121520.0,58.42,110400.0,53.08,379258.04054230766,2809.814376923077,18.261494615384613,False,False,False,False,36.21866608963634,36.21866608963635,20532.36180621484,152.11839757647263,2495092606.6912274,16793871.09244258,0.007408714058916917,0.5742919143862715
41-9041.00,Telemarketers,5437613.98075,71213.67098076922,81.85479423076923,4.3275,76.20833333333333,66430.0,870.0,41,Sales and Related Occupations,34410.0,16.54,32090.0,15.43,4263285.18735,55834.08268846154,81.85479423076923,False,False,False,False,78.40360133033887,78.40360133033889,52083.512363744114,682.1113315739483,1792193660.436435,21888952.630208,0.013096492548547342,1.0151842435325844
41-9091.00,"Door-to-Door Sales Workers, News and Street Vendors, and Related Workers",76230.61584230768,8968.307746153845,16.607977307692305,3.9958333333333336,87.84750000000001,4590.0,540.0,41,Sales and Related Occupations,34530.0,16.6,33230.0,15.98,33295.858234615385,3917.1597923076924,16.281231153846154,False,True,True,False,43.67780302797491,43.67780302797491,2004.8111589840485,235.8601363510645,69226129.3197192,7837632.330945874,0.11764705882352941,9.119498214722052
43-1011.00,First-Line Supervisors of Office and Administrative Support Workers,38738608.64703077,486181.7383923077,25.902063846153847,3.7764285714285717,75.82392857142858,1495580.0,18770.0,43,Office and Administrative Support Occupations,66140.0,31.8,63970.0,30.76,15547661.404423077,195128.04701923078,16.183123846153848,False,False,False,False,40.134795614593585,40.134795614593585,600247.9762527387,7533.301136859216,39700401149.35614,481905273.72488403,0.012550314927987805,0.9728468839298666
43-2011.00,"Switchboard Operators, Including Answering Service",3402863.648203846,10476.210503846154,95.2382773076923,4.269473684210527,70.56368421052632,35730.0,110.0,43,Office and Administrative Support Occupations,38370.0,18.45,41290.0,19.85,2535514.3526884615,7805.949588461538,94.55295615384615,False,False,False,False,74.51119453542599,74.51119453542599,26622.849807507704,81.96231398896857,1021518747.1140707,3384223.9446045123,0.0030786453960257483,0.23864346013896218
43-2021.00,Telephone Operators,262013.29296153848,2918.6290861538464,66.33247923076924,4.097857142857143,60.71357142857143,3950.0,44.0,43,Office and Administrative Support Occupations,39130.0,18.81,39130.0,18.81,71452.53142307694,795.9269323076924,66.33247923076924,False,False,False,False,27.27057494505274,27.270574945052733,1077.1877103295833,11.999052975823206,42150355.105196595,469522.94294396206,0.011139240506329112,0.8634664132420372
43-3011.00,Bill and Account Collectors,9111713.600892307,174481.97175384616,55.21581384615385,4.1546666666666665,86.72866666666667,165020.0,3160.0,43,Office and Administrative Support Occupations,46040.0,22.14,44640.0,21.46,3142078.669553846,60168.27412307693,45.23401307692308,False,False,False,False,34.48394898239716,34.48394898239716,56905.41261075179,1089.6927878437502,2619925196.5990124,48643886.04934501,0.019149194037086415,1.4843638470938938
43-3021.00,Billing and Posting Clerks,22336201.9875,232189.5009,53.499885,4.180434782608696,65.63956521739131,417500.0,4340.0,43,Office and Administrative Support Occupations,47170.0,22.68,44780.0,21.53,19010794.449190285,197621.19259757086,62.00418218623482,False,False,False,False,85.11202781846838,85.11202781846836,355342.71614210546,3693.8620073215275,16761515920.423115,165411140.687858,0.010395209580838323,0.8057923093199916
43-3031.00,"Bookkeeping, Accounting, and Auditing Clerks",88562468.39933461,850480.0265307692,60.83548115384615,4.2942857142857145,64.5425,1455770.0,13980.0,43,Office and Administrative Support Occupations,49210.0,23.66,48210.0,23.18,48805826.43033461,468690.4205307693,58.55404153846153,False,False,False,False,55.10892741862794,55.10892741862794,802259.23268216,7704.228053124186,39479176840.28909,371420834.441117,0.009603165335183444,0.744396417604032
43-3041.00,Gambling Cage Workers,1318084.4585307692,14558.531083846154,97.70826230769231,4.635882352941176,80.79823529411765,13490.0,149.0,43,Office and Administrative Support Occupations,36990.0,17.78,36990.0,17.78,159139.19519230767,1757.7272115384615,86.18162704142011,False,True,True,False,12.073520339485343,12.073520339485345,1628.7178937965728,17.98954530583316,60246274.89153522,665433.2808627686,0.011045218680504077,0.8561782423236086
43-3051.00,Payroll and Timekeeping Clerks,2923872.9813076924,28502.87136923077,18.629327692307694,4.3376190476190475,75.65190476190476,156950.0,1530.0,43,Office and Administrative Support Occupations,55290.0,26.58,54790.0,26.34,1480266.5604230769,14430.123207692308,16.52492,False,False,False,False,50.626910604065735,50.626910604065735,79458.93619308117,774.5917322422058,4393284582.115458,42439881.00955046,0.009748327492832113,0.7556487689229711
43-3061.00,Procurement Clerks,2010692.7201153846,20140.494692307693,33.567491153846156,4.123684210526316,83.48526315789474,59900.0,600.0,43,Office and Administrative Support Occupations,48510.0,23.32,49000.0,23.56,988839.5673076924,9904.903846153846,27.844805,False,False,False,False,49.17904945967812,49.17904945967811,29458.250626347195,295.0742967580687,1429019737.8841023,14458640.541145368,0.010016694490818028,0.7764514339746654
43-3071.00,Tellers,37789590.99916923,474402.2445230769,111.36202923076924,4.275714285714286,76.36857142857143,339340.0,4260.0,43,Office and Administrative Support Occupations,39340.0,18.91,38000.0,18.27,16383305.18146154,205672.42315384615,105.31896615384616,False,False,False,False,43.354015611922634,43.354015611922634,147117.51657749826,1846.881065067904,5787603102.158782,70181480.47258036,0.01255378086874521,0.9731155488745373
43-4011.00,Brokerage Clerks,1266729.9131115384,10111.089353846155,31.59715423076923,3.9850000000000003,62.011,40090.0,320.0,43,Office and Administrative Support Occupations,62940.0,30.26,59140.0,28.43,966008.9329653846,7710.722338461539,31.59715423076923,False,False,False,False,76.26005535722479,76.26005535722477,30572.656192711416,244.03217714311933,1924242980.7692566,14432062.956244078,0.007982040409079572,0.6187337277137437
43-4021.00,Correspondence Clerks,172550.59425384615,2480.7593423076924,27.563992692307693,3.725882352941176,65.38882352941175,6260.0,90.0,43,Office and Administrative Support Occupations,46740.0,22.47,45900.0,22.07,97633.32676153847,1403.674026923077,24.22993846153846,False,False,False,False,56.58243437742448,56.58243437742448,3542.060392026772,50.92419093968203,165555902.72333133,2337420.364131405,0.01437699680511182,1.114443471926896
43-4031.00,"Court, Municipal, and License Clerks",13927584.067615384,108956.45438461538,81.92214615384616,4.368888888888889,81.09629629629629,170010.0,1330.0,43,Office and Administrative Support Occupations,47700.0,22.93,47330.0,22.760000000000005,9213912.50528077,72081.07541923076,89.01225423076923,False,False,False,False,66.15585632475262,66.1558563247526,112471.57133771192,879.8728891192098,5364893952.808859,41644383.842012204,0.007823069231221691,0.6064109600460725
43-4041.00,"Credit Authorizers, Checkers, and Clerks",273809.2592,4120.875138461538,22.893750769230767,3.9545454545454546,61.89545454545455,11960.0,180.0,43,Office and Administrative Support Occupations,49130.0,23.62,49800.0,23.94,152100.64763636363,2289.1401818181816,31.21875104895105,False,False,False,False,55.54985542883484,55.54985542883484,6643.762709288647,99.98973977190272,326408061.9073512,4979489.040640756,0.015050167224080266,1.166624771615781
43-4051.00,Customer Service Representatives,142807148.95564616,2554982.943276923,52.388413846153846,4.053846153846154,67.59538461538462,2725930.0,48770.0,43,Office and Administrative Support Occupations,42830.0,20.59,40150.0,19.3,114360061.6533577,2046032.0722961538,49.372125,False,False,False,False,80.08006776248736,80.08006776248735,2182926.5911579714,39055.04904776508,93494745899.29591,1568060219.2677681,0.017891141738782725,1.3868449987424303
43-4061.00,"Eligibility Interviewers, Government Programs",6132944.1059,82029.01050384615,39.248330384615386,4.205294117647059,69.24352941176471,156260.0,2090.0,43,Office and Administrative Support Occupations,51500.0,24.76,49000.0,23.56,2716816.1728,36337.807507692305,34.75226730769231,False,False,False,False,44.298727102149435,44.29872710214944,69221.19096981871,925.8433964349232,3564891334.9456635,45366326.42531124,0.013375143990784589,1.0367841148376888
43-4071.00,File Clerks,3278874.6576384613,24078.846561538463,41.51525269230769,3.9157894736842107,80.73947368421052,78980.0,580.0,43,Office and Administrative Support Occupations,41270.0,19.84,38670.0,18.59,1663100.8759538461,12213.199646153846,38.11964384615385,False,False,False,False,50.721697216436404,50.721697216436404,40059.99646154147,294.18584385533114,1653276053.9678166,11376166.581885654,0.007343631299063054,0.5692469764317513
43-4081.00,"Hotel, Motel, and Resort Desk Clerks",24055810.4496,325737.55495384615,92.01625846153847,4.441,89.80449999999999,261430.0,3540.0,43,Office and Administrative Support Occupations,34270.0,16.48,34270.0,16.48,9941514.343050001,134617.14713076924,82.46385884615385,False,False,False,False,41.32687345487172,41.32687345487172,108040.84527307116,1462.9713203024592,3702559767.5081487,50136027.14676528,0.013540909612515778,1.0496335588149277
43-4111.00,"Interviewers, Except Eligibility and Loan",9244608.877726924,42312.11233846154,58.76682269230769,4.06125,76.28812500000001,157310.0,720.0,43,Office and Administrative Support Occupations,43830.0,21.07,41030.0,19.73,6590834.737123077,30165.920861538463,57.40889307692308,False,False,False,False,71.29381917933169,71.29381917933169,112152.30695100669,513.3154980911881,4915635613.662623,21061334.88668145,0.004576949971394063,0.3547856402905026
43-4121.00,"Library Assistants, Clerical",5747966.704696153,59583.01941923077,71.78677038461538,3.8578125,77.878125,80070.0,830.0,43,Office and Administrative Support Occupations,36010.0,17.31,33450.0,16.08,2372267.858157692,24590.76211153846,63.17367846153846,False,False,False,False,41.27142657627997,41.27142657627997,33046.03125962737,342.5528405831238,1189987585.6591816,11458392.517505491,0.010365929811415013,0.8035226664776332
43-4131.00,Loan Interviewers and Clerks,5640092.733115384,86018.74532307693,32.582858076923074,4.349444444444444,79.50555555555555,173100.0,2640.0,43,Office and Administrative Support Occupations,48950.0,23.53,47120.0,22.66,2478685.9429615387,37803.18249230769,30.37234576923077,False,False,False,False,43.94760973357971,43.947609733579704,76073.31244882647,1160.2168969665045,3723788644.3700557,54669420.18506169,0.015251299826689773,1.1822157131043491
43-4141.00,New Accounts Clerks,1391566.0566076923,5488.690730769231,36.59127153846154,4.082666666666666,77.24933333333334,38030.0,150.0,43,Office and Administrative Support Occupations,46610.0,22.41,38480.0,18.5,930618.8195,3670.5975000000003,33.79868846153846,False,False,False,False,66.87564812903153,66.87564812903153,25432.80898347069,100.3134721935473,1185423226.719569,3860062.4100077,0.003944254535892717,0.3057417886871054
43-4151.00,Order Clerks,4634810.226884616,46670.34992307692,55.55994038461539,4.126315789473685,68.35157894736842,83420.0,840.0,43,Office and Administrative Support Occupations,44660.0,21.47,41960.0,20.17,2684783.536853846,27034.50216923077,46.74460461538462,False,False,False,False,57.92650411618858,57.92650411618858,48322.28973372452,486.5826345759841,2158073459.508137,20417007.346808292,0.010069527691201152,0.780546838325527
43-4161.00,"Human Resources Assistants, Except Payroll and Timekeeping",2650453.128946154,16318.408765384616,28.62878730769231,3.7263157894736842,68.50631578947369,92580.0,570.0,43,Office and Administrative Support Occupations,49440.0,23.77,47120.0,22.65,1912678.8716307692,11776.052676923078,27.757440384615386,False,False,False,False,72.16422168503954,72.16422168503954,66809.6364360096,411.3360636047253,3303068425.396315,19382155.31705466,0.006156837329876864,0.4772517698242423
43-4171.00,Receptionists and Information Clerks,74812123.07148461,937740.2133,77.56329307692307,3.9883333333333337,69.14777777777778,964530.0,12090.0,43,Office and Administrative Support Occupations,37230.0,17.9,36090.0,17.35,61329386.675388455,768739.47405,74.57219923076923,False,False,False,False,81.97787224509976,81.97787224509976,790701.1711656607,9911.124754432562,29437804602.497547,357692492.38747114,0.012534602345183665,0.971628911527803
43-4181.00,Reservation and Transportation Ticket Agents and Travel Clerks,16674512.812615385,461872.4908076923,130.84206538461538,4.259047619047619,71.39571428571428,127440.0,3530.0,43,Office and Administrative Support Occupations,41460.0,19.94,37540.0,18.05,9510062.953846155,263422.1769230769,127.97751500000001,False,False,False,False,57.03352811994097,57.033528119940954,72683.52823605276,2013.283542633916,3013459080.6667476,75578664.1904772,0.027699309478970494,2.147132328411293
43-5011.00,Cargo and Freight Agents,3079296.4947692305,20780.52849230769,31.48564923076923,3.171666666666667,62.88625,97800.0,660.0,43,Office and Administrative Support Occupations,49900.0,23.99,55220.0,26.55,363987.5461153846,4918.509803076923,27.485135384615383,False,False,False,False,11.820477395849556,23.668838859885607,11560.426893140866,78.01515081260708,576865301.9677292,4307996.6278721625,0.013512851897184822,1.047458644393534
43-5011.01,Freight Forwarders,12434049.117461538,83910.76091538461,127.13751653846154,4.2945161290322575,77.40709677419355,97800.0,660.0,43,Office and Administrative Support Occupations,49900.0,23.99,55220.0,26.55,2578773.999596154,34776.09186461538,110.93625384615385,False,False,False,False,20.739615673342467,41.444138374199106,20283.344128528934,136.88146344406027,1012138872.0135938,7558594.411381008,0.013485513608428444,1.0453394968517218
43-5021.00,Couriers and Messengers,3492582.4700307692,50504.5296,48.562047692307694,4.294666666666667,79.57400000000001,71920.0,1040.0,43,Office and Administrative Support Occupations,38340.0,18.43,41600.0,20.0,1012471.2544307692,14640.8524,34.30886076923077,False,False,False,False,28.989186744152946,28.989186744152946,20849.023106394798,301.4875421391906,799351545.8991766,12541881.75299033,0.014460511679644048,1.120917188795091
43-5031.00,Public Safety Telecommunicators,11248012.799999999,93418.33846153846,111.21230769230769,4.562777777777778,88.74,101140.0,840.0,43,Office and Administrative Support Occupations,50730.0,24.39,51760.0,24.88,5718046.138599999,47490.19929230769,109.79448384615384,False,True,True,False,50.83605646857017,50.83605646857017,51415.58751231187,427.0228743359894,2608312754.499581,22102703.975630812,0.008305319359303936,0.6437929330938843
43-5032.00,"Dispatchers, Except Police, Fire, and Ambulance",13565174.905384615,135651.74905384614,64.28992846153847,4.355833333333334,79.05916666666667,211000.0,2110.0,43,Office and Administrative Support Occupations,48880.0,23.5,49660.0,23.87,8276109.158461538,82761.09158461538,64.28992846153847,False,False,False,False,61.009970134453525,61.009970134453525,128731.03698369693,1287.3103698369694,6292373087.763106,63927832.9661039,0.01,0.7751573482513745
43-5041.00,"Meter Readers, Utilities",451446.1938,4831.9929,23.00949,4.058333333333334,83.40583333333333,19620.0,210.0,43,Office and Administrative Support Occupations,49180.0,23.64,53650.0,25.790000000000003,135579.06726923079,1451.1520961538463,21.455852307692307,False,False,False,False,30.032165323625502,30.032165323625502,5892.310836495324,63.067547179613555,289783846.93884003,3383573.9061862673,0.010703363914373088,0.8296791189234894
43-5051.00,Postal Service Clerks,6591046.388653846,54038.81230769231,84.43564423076923,4.278421052631579,63.823684210526324,78060.0,640.0,43,Office and Administrative Support Occupations,61630.0,29.630000000000003,59550.0,28.630000000000003,3383091.6078692307,27737.363938461538,69.77965307692308,False,False,False,False,51.328596528967715,51.32859652896773,40067.102450512204,328.5030177853934,2469335524.0250673,19562354.709120177,0.008198821419420958,0.6355376670264921
43-5052.00,Postal Service Mail Carriers,11173709.337461539,80800.24309615385,33.25112884615385,4.247142857142857,87.46285714285715,336040.0,2430.0,43,Office and Administrative Support Occupations,57490.0,27.640000000000004,58390.0,28.07,669335.7164153846,4840.155311538461,29.47215153846154,False,False,False,False,5.9902732047211575,5.990273204721158,20129.714077144978,145.56363887472412,1157257262.2950647,8499460.873895142,0.007231281990239258,0.5605381372011785
43-5053.00,"Postal Service Mail Sorters, Processors, and Processing Machine Operators",6161782.61895,48444.28396923077,55.050322692307695,4.217142857142857,48.58571428571429,111930.0,880.0,43,Office and Administrative Support Occupations,56530.0,27.18,55410.0,26.640000000000004,498168.09945,3916.625815384615,43.88603576923077,False,False,False,False,8.084804840695442,8.084804840695442,9049.32205819041,71.14628259811988,511558175.94950384,3942215.5187618225,0.007862056642544447,0.6094330978836858
43-5061.00,"Production, Planning, and Expediting Clerks",8126480.936538462,105327.63603461538,21.107742692307692,3.7570588235294116,65.12235294117647,385000.0,4990.0,43,Office and Administrative Support Occupations,57770.0,27.78,53110.0,25.53,3782643.8057692307,49026.99374230769,18.43705153846154,False,False,False,False,46.54713196657639,46.547131966576394,179206.4580713191,2322.701885132162,10352757082.780104,123358697.11936912,0.012961038961038961,1.004684459162171
43-5071.00,"Shipping, Receiving, and Inventory Clerks",21930113.678,388673.12,25.5706,3.919090909090909,74.1509090909091,857630.0,15200.0,43,Office and Administrative Support Occupations,43190.0,20.77,38110.0,18.32,12156994.971292308,215461.59015384616,20.193144615384615,False,True,True,False,55.435166227560615,55.435166227560615,475428.6161174281,8426.145266589214,20533761930.11172,321120396.1097149,0.017723260613551298,1.3738315699568453
43-5111.00,"Weighers, Measurers, Checkers, and Samplers, Recordkeeping",3261974.5708,15745.6536,65.60688999999999,4.027222222222222,62.29555555555555,49720.0,240.0,43,Office and Administrative Support Occupations,45650.0,21.95,46530.0,22.37,933747.2986769232,4507.227507692308,44.461964615384616,False,False,False,False,28.625216978559138,28.625216978559138,14232.457881739603,68.70052074854193,649711702.3014129,3196635.2304296563,0.004827031375703942,0.37417088411168514
43-6011.00,Executive Secretaries and Executive Administrative Assistants,19341519.47235,284740.9428,40.911055,3.8595454545454544,74.64999999999999,472770.0,6960.0,43,Office and Administrative Support Occupations,74260.0,35.7,55900.0,26.88,15248840.681492308,224489.56393846154,35.58472807692308,False,False,False,False,78.8399313884907,78.8399313884907,372731.54362536746,5487.259224638953,27679044429.61979,306737790.65731746,0.014721746303699473,1.1411669826405157
43-6012.00,Legal Secretaries and Administrative Assistants,6852306.631361539,47000.42079230769,44.34001961538462,3.9692857142857143,74.58714285714287,154540.0,1060.0,43,Office and Administrative Support Occupations,54140.0,26.03,46050.0,22.140000000000004,6109501.7999769235,41905.473715384614,44.34001961538462,False,True,True,False,89.15978412313079,89.15978412313079,137787.53038388633,945.0937117051865,7459816894.983606,43521565.42402384,0.006859065614080497,0.5316855112892823
43-6013.00,Medical Secretaries and Administrative Assistants,70196644.32447693,435159.03301923076,84.49689961538462,4.354,75.61466666666666,830760.0,5150.0,43,Office and Administrative Support Occupations,44640.0,21.46,40470.0,19.46,59394178.424215384,368193.00265384617,82.81424076923076,False,True,True,False,84.61113632394131,84.61113632394132,702915.4761247748,4357.473520682977,31378146854.209946,176346953.38204008,0.006199142953440224,0.48053112132199177
43-6014.00,"Secretaries and Administrative Assistants, Except Legal, Medical, and Executive",106276655.47245385,911823.3954576923,61.155157307692306,3.7761290322580647,72.94709677419355,1737820.0,14910.0,43,Office and Administrative Support Occupations,46290.0,22.26,45150.0,21.71,84251973.28369232,722857.9033846153,57.50506576923077,False,False,False,False,79.27608646428456,79.27608646428453,1377675.6857936298,11820.064491824829,63772607495.38712,533675911.80589104,0.008579714815113186,0.6650628984836169
43-9021.00,Data Entry Keyers,6299847.295846154,113162.54382692308,46.56894807692308,4.275555555555555,75.48333333333333,135280.0,2430.0,43,Office and Administrative Support Occupations,39850.0,19.16,41600.0,20.0,5176783.225876924,92989.23151153847,46.56894807692308,False,False,False,False,82.17315409042169,82.17315409042169,111163.84285352247,1996.807644397247,4429879137.712871,83067198.00692548,0.01796274393849793,1.3923952958684505
43-9022.00,Word Processors and Typists,1939683.0043153847,2153.408830769231,53.83522076923077,3.91421052631579,84.50421052631579,36030.0,40.0,43,Office and Administrative Support Occupations,47850.0,23.01,39520.0,19.0,1723987.6216730769,1913.9468461538463,53.83522076923077,False,False,False,False,88.87986427872848,88.87986427872848,32023.415099625872,35.55194571149139,1532320412.517098,1405012.8945181398,0.0011101859561476548,0.08605688018333328
43-9031.00,Desktop Publishers,272076.3538461538,2992.839892307692,68.01908846153846,4.098888888888889,74.3138888888889,4000.0,44.0,43,Office and Administrative Support Occupations,53620.0,25.78,53620.0,25.78,205908.03384615385,2264.9883723076923,64.94928884615385,False,False,False,False,75.68023862984616,75.68023862984616,3027.2095451938467,33.29930499713231,162318975.81329405,1785508.7339462345,0.011,0.8526730830765119
43-9041.00,Insurance Claims and Policy Processing Clerks,19259989.83368077,163954.16325,84.07905807692308,4.281428571428571,74.64666666666666,229070.0,1950.0,43,Office and Administrative Support Occupations,48450.0,23.29,43480.0,20.91,16111725.886774177,137153.9943214286,100.09411675824175,False,False,False,False,83.65386495998513,83.65386495998514,191625.90846383796,1631.25036671971,9284275265.072948,70926765.94497299,0.00851268171301349,0.6598667783167504
43-9051.00,"Mail Clerks and Mail Machine Operators, Except Postal Service",5204385.595419231,65542.23848846155,82.96485884615385,3.981923076923077,55.45730769230769,62730.0,790.0,43,Office and Administrative Support Occupations,38150.0,18.34,41170.0,19.79,1057486.4403576923,13317.619765384616,62.22324346153846,False,False,False,False,20.319140866281415,20.319140866281412,12746.197065418331,160.52121284362318,486267418.0457094,6608658.332771966,0.012593655348318189,0.9762064484594067
43-9061.00,"Office Clerks, General",125023837.32138462,1840087.147846154,49.79938153846154,3.7920000000000003,71.62,2510550.0,36950.0,43,Office and Administrative Support Occupations,43630.0,20.97,41530.0,19.97,99055635.09369232,1457889.9909230769,46.39572961538462,False,False,False,False,79.22939914175024,79.22939914175022,1989093.6801532104,29275.26298287671,86784157265.08456,1215801671.6788697,0.014717890502081216,1.1408680973447365
43-9071.00,"Office Machine Operators, Except Computer",1608114.1303461539,11050.097096153846,65.00057115384615,3.993333333333333,81.65277777777777,24740.0,170.0,43,Office and Administrative Support Occupations,39020.0,18.76,38270.0,18.4,237908.7939769231,1634.7815269230769,48.2178826923077,False,False,False,False,14.79427296156599,14.794272961565987,3660.1031306914265,25.150264034662182,142817224.15957946,962500.6046065217,0.0068714632174615995,0.5326465206254392
43-9081.00,Proofreaders and Copy Markers,232392.726,2567.12895,45.03735,4.180909090909091,80.63909090909091,5160.0,57.0,43,Office and Administrative Support Occupations,49210.0,23.66,49210.0,23.66,107679.68376923076,1189.4848788461538,43.83343153846154,False,False,False,False,46.335221253539046,46.33522125353905,2390.8974166826147,26.411076114517254,117656061.87495147,1299689.055595394,0.011046511627906978,0.8562784660916347
43-9111.00,Statistical Assistants,112455.41826923077,953.0120192307693,19.060240384615383,4.1850000000000005,74.61142857142856,5900.0,50.0,43,Office and Administrative Support Occupations,51440.0,24.73,51430.0,24.73,95010.1711923077,805.1709423076923,19.060240384615383,False,False,False,False,84.48696617253496,84.48696617253493,4984.731004179563,42.24348308626748,256414562.8549967,2172582.3351267367,0.00847457627118644,0.6569130069926903
45-1011.00,"First-Line Supervisors of Farming, Fishing, and Forestry Workers",988615.6641423077,4352.18545,33.478349615384616,3.924074074074074,88.49851851851852,29530.0,130.0,45,"Farming, Fishing, and Forestry Occupations",59330.0,28.53,57190.0,27.5,167879.16305384616,739.0549,23.222880461538463,False,False,False,False,16.981236403885315,16.981236403885315,5014.559110067334,22.07560732505091,297513792.0002949,1262503.9829196616,0.0044023027429732475,0.3412477320442895
45-2011.00,Agricultural Inspectors,670705.7886,6102.368630769231,55.476078461538464,4.264375,48.215625,12090.0,110.0,45,"Farming, Fishing, and Forestry Occupations",50990.0,24.51,51330.0,24.68,152413.8033,1386.7260846153845,50.247975000000004,False,False,False,False,22.724390618148902,22.7243906181489,2747.3788257342026,24.996829679963795,140088846.32418698,1283087.2674725417,0.009098428453267162,0.7052713673089428
45-2021.00,Animal Breeders,29110.52701923077,319.7109903846154,16.82689423076923,3.9780952380952384,60.857619047619046,1730.0,19.0,45,"Farming, Fishing, and Forestry Occupations",52000.0,25.0,52000.0,25.0,5536.015303846154,60.80016807692308,8.40672,False,False,False,False,19.017228029533765,19.017228029533765,328.99804491093414,3.613273325611415,17107898.335368574,187890.2129317936,0.010982658959537572,0.8513288795824344
45-2041.00,"Graders and Sorters, Agricultural Products",856949.0463653846,3508.1650576923075,31.892409615384615,4.434,79.6,26870.0,110.0,45,"Farming, Fishing, and Forestry Occupations",35430.0,17.03,42660.0,20.51,287130.1226653846,1175.4489576923077,10.685899615384615,False,False,False,False,33.50609045931052,33.50609045931052,9003.086506416737,36.85669950524157,318979354.922345,1572306.8008936055,0.004093784890212133,0.3173327439808381
45-2091.00,Agricultural Equipment Operators,1243667.4411,2411.7662076923075,40.19610346153846,4.152352941176471,64.75470588235294,30940.0,60.0,45,"Farming, Fishing, and Forestry Occupations",42580.0,20.47,42060.0,20.22,86589.7907,167.91814615384615,13.074253461538461,False,False,False,False,6.962455383041386,6.962455383041386,2154.1836955130047,4.177473229824831,91725141.75494374,175704.5240464324,0.0019392372333548805,0.1503213991437701
45-2092.00,"Farmworkers and Laborers, Crop, Nursery, and Greenhouse",9849089.54535,29356.4517,37.63647653846154,3.6076923076923078,60.689230769230775,261690.0,780.0,45,"Farming, Fishing, and Forestry Occupations",35690.0,17.16,33200.0,15.96,2330751.94935,6947.0997,9.670256923076924,False,False,False,False,23.664643707604483,23.664643707604483,61928.00611843017,184.584220919315,2210210538.3667727,6128196.134521257,0.0029806259314456036,0.23104540931486572
45-2093.00,"Farmworkers, Farm, Ranch, and Aquacultural Animals",458327.0076,2329.1603999999998,12.939779999999999,4.072631578947369,69.9042105263158,35420.0,180.0,45,"Farming, Fishing, and Forestry Occupations",36150.0,17.38,42120.0,20.25,45332.913661538456,230.3761846153846,1.7539865384615383,False,False,False,False,9.890954037145082,9.890954037145086,3503.3759199567885,17.80371726686115,126647039.5064379,749892.5712801917,0.005081874647092039,0.39392524755857544
45-4011.00,Forest and Conservation Workers,62362.700146153846,686.7650815384616,11.076856153846153,3.3182352941176467,54.188235294117646,5630.0,62.0,45,"Farming, Fishing, and Forestry Occupations",43680.0,21.0,43680.0,21.0,0.0,0.0,4.113018846153846,False,False,False,False,0.0,0.0,0.0,0.0,0.0,0.0,,
45-4021.00,Fallers,399324.0179769231,4372.160780769231,97.15912846153847,4.198333333333334,82.89055555555555,4110.0,45.0,45,"Farming, Fishing, and Forestry Occupations",53900.0,25.92,53900.0,25.92,9247.098484615386,101.24560384615387,23.024639999999998,False,False,False,False,2.3156880298519322,2.3156880298519327,95.17477802691441,1.0420596134333695,5129920.535650686,56167.01316405862,0.010948905109489052,0.8487124250927458
45-4022.00,Logging Equipment Operators,1034312.3838153846,11390.296233846153,45.928613846153844,3.968888888888889,78.44666666666666,22520.0,248.0,45,"Farming, Fishing, and Forestry Occupations",49210.0,23.66,49210.0,23.66,0.0,0.0,11.856291923076922,False,False,False,False,0.0,0.0,0.0,0.0,0.0,0.0,,
45-4023.00,Log Graders and Scalers,195706.00843846155,2128.524563076923,59.12568230769231,4.275833333333334,64.65083333333334,3310.0,36.0,45,"Farming, Fishing, and Forestry Occupations",46710.0,22.46,46710.0,22.46,60171.21565,654.4301399999999,46.03159153846154,False,False,False,False,30.745717073331676,30.745717073331676,1017.6832351272784,11.068458146399403,47535983.91279517,517007.6800183161,0.010876132930513595,0.8430714361646369
47-1011.00,First-Line Supervisors of Construction Trades and Extraction Workers,21333744.593107693,350675.01471153845,26.466038846153847,4.024666666666667,95.12466666666666,806080.0,13250.0,47,Construction and Extraction Occupations,78690.0,37.83,76080.0,36.58,1905835.10292,62655.35733230769,13.78924076923077,False,False,False,False,8.933429828046782,17.86707199081387,72010.5911579195,1183.6794522161986,5666513418.216685,90054332.72460839,0.03287553956599452,2.5483716072309455
47-1011.03,Solar Energy Installation Managers,11264566.200123077,185162.14538461537,13.974501538461539,3.8666666666666667,85.71933333333332,806080.0,13250.0,47,Construction and Extraction Occupations,78690.0,37.83,76080.0,36.58,287865.66077307693,9463.271642307693,4.9784788461538465,False,False,False,False,2.5554970840326874,5.110802546951895,20599.35089497069,338.6033636343311,1620962921.9252434,25760943.905299913,0.03287391631531745,2.5482457797619067
47-2011.00,Boilermakers,215728.63335000002,2375.77256,21.212255,3.8823529411764706,82.10764705882353,10170.0,112.0,47,Construction and Extraction Occupations,73340.0,35.26,73340.0,35.26,31663.234973076924,348.70032615384616,8.936214903846153,False,False,False,False,14.677344625692879,14.677344625692882,1492.6859484329657,16.438625980776024,109473587.4580737,1205608.8294301135,0.011012782694198623,0.8536639430103632
47-2021.00,Brickmasons and Blockmasons,2446317.0056307693,82732.3202576923,45.70846423076923,3.9378571428571427,89.02785714285713,53520.0,1810.0,47,Construction and Extraction Occupations,60800.0,29.23,56340.0,27.09,288425.0642769231,9754.28561923077,12.801593846153846,False,False,False,False,11.79017533758076,11.790175337580761,6310.101840673223,213.40217361021175,383654191.9129319,12023078.46119933,0.033819133034379674,2.621514948309021
47-2022.00,Stonemasons,320578.1822115385,12090.377157692308,36.63750653846154,3.9741176470588235,80.62941176470588,8750.0,330.0,47,Construction and Extraction Occupations,51990.0,25.0,50630.0,24.34,2250.708653846153,84.8838692307692,0.2572238461538461,False,False,False,False,0.7020779263016059,0.702077926301606,61.43181855139051,2.3168571567952996,3193840.246486793,117302.47784854601,0.037714285714285714,2.9234505705480407
47-2031.00,Carpenters,36436207.4186077,733173.3197999999,52.220321923076924,3.8075862068965516,70.00586206896551,697740.0,14040.0,47,Construction and Extraction Occupations,59310.0,28.51,51720.0,24.86,5523767.396423077,111149.847,20.131238461538462,False,False,False,False,15.16010525728353,15.160105257283533,105778.1184221701,2128.4787781226078,6273700203.618909,110084922.40450127,0.020122108521798947,1.5597800282984058
47-2041.00,Carpet Installers,457156.4365846154,10681.225153846153,30.517786153846156,4.1606250000000005,94.120625,14980.0,350.0,47,Construction and Extraction Occupations,49850.0,23.97,43270.0,20.81,117179.78822307693,2737.8455192307697,10.562204615384616,False,False,False,False,25.632317265074327,25.632317265074327,3839.7211263081344,89.71311042776014,191410098.1464605,3881886.2882091813,0.023364485981308414,1.8111152996527442
47-2042.00,"Floor Layers, Except Carpet, Wood, and Hard Tiles",492227.1082884615,5150.0623,19.80793192307692,3.919285714285714,88.86642857142859,24850.0,260.0,47,Construction and Extraction Occupations,54340.0,26.13,43930.0,21.12,31585.33444230769,330.47029999999995,3.0838807692307686,False,False,False,False,6.416821404276993,6.416821404276993,1594.5801189628328,16.683735651120184,86649483.66444033,732916.5071537097,0.010462776659959759,0.811029821108078
47-2043.00,Floor Sanders and Finishers,54870.24316153847,609.6693684615385,13.253681923076925,4.3757142857142854,98.85142857142857,4140.0,46.0,47,Construction and Extraction Occupations,49150.0,23.63,49150.0,23.63,0.0,0.0,3.454294615384616,False,False,False,False,0.0,0.0,0.0,0.0,0.0,0.0,,
47-2044.00,Tile and Stone Setters,2043779.9709,102874.83075,52.756323461538464,4.0856,82.2688,38740.0,1950.0,47,Construction and Extraction Occupations,52240.0,25.11,48790.0,23.46,160146.25790000003,8061.053250000002,7.459883461538462,False,True,True,False,7.835787618051563,7.8357876180515635,3035.5841232331754,152.79785855200547,158578914.59770107,7455007.518752347,0.05033557046979866,3.901798732808932
47-2051.00,Cement Masons and Concrete Finishers,7562715.1595653845,210044.7128076923,36.84994961538462,3.506153846153846,76.86999999999999,205230.0,5700.0,47,Construction and Extraction Occupations,54660.0,26.28,55540.0,26.7,0.0,0.0,4.467445769230769,False,False,False,False,0.0,0.0,0.0,0.0,0.0,0.0,,
47-2053.00,Terrazzo Workers and Finishers,46764.425153846154,516.021243076923,32.25132769230769,3.7911538461538465,79.07538461538462,1450.0,16.0,47,Construction and Extraction Occupations,57260.0,27.53,57260.0,27.53,0.0,0.0,6.097018461538461,False,False,False,False,0.0,0.0,0.0,0.0,0.0,0.0,,
47-2061.00,Construction Laborers,49743555.551053844,1045514.8534499999,47.03170730769231,3.6237037037037036,55.64888888888889,1057660.0,22230.0,47,Construction and Extraction Occupations,46730.0,22.47,46100.0,22.16,537471.0822000001,11296.6191,11.263110384615384,False,False,False,False,1.0804838460901163,1.080483846090116,11427.845446556723,240.19155898583284,534023217.71759564,11072830.869246894,0.02101809655276743,1.6292331989134556
47-2071.00,"Paving, Surfacing, and Tamping Equipment Operators",2486537.126,29394.2655,54.433825,3.6915,74.20750000000001,45680.0,540.0,47,Construction and Extraction Occupations,51650.0,24.83,47890.0,23.02,0.0,0.0,8.951925,False,False,False,False,0.0,0.0,0.0,0.0,0.0,0.0,,
47-2072.00,Pile Driver Operators,63741.94363076922,691.9355723076923,20.967744615384614,4.516,97.92999999999999,3040.0,33.0,47,Construction and Extraction Occupations,70510.0,33.9,70510.0,33.9,21247.50356923077,230.64724269230769,6.989310384615385,False,True,True,False,33.333629881618904,33.333629881618904,1013.3423484012147,11.000097860934238,71450768.98576964,775616.9001744731,0.010855263157894738,0.8414537004044527
47-2073.00,Operating Engineers and Other Construction Equipment Operators,26309389.178419232,354327.65701538464,56.06450269230769,4.098076923076923,75.92769230769231,469270.0,6320.0,47,Construction and Extraction Occupations,58710.0,28.23,59760.0,28.73,289739.57121538464,3902.1332923076925,10.866396538461538,False,False,False,False,1.1012782138364845,1.1012782138364843,5167.968274070471,69.60078311446583,303411417.37067735,4159342.7989204777,0.013467726468770643,1.0439607136507099
47-2081.00,Drywall and Ceiling Tile Installers,3987861.870269231,88031.20895769232,48.10448576923077,3.566153846153846,81.29307692307692,82900.0,1830.0,47,Construction and Extraction Occupations,58140.0,27.95,50860.0,24.45,793315.0891923078,17512.26312692308,14.65739576923077,False,False,False,False,19.893243923685578,19.893243923685578,16491.499212735343,364.04636380344607,958815764.2284329,18515398.063043267,0.02207478890229192,1.7111434828709473
47-2082.00,Tapers,538785.7211538461,17241.143076923076,43.102857692307694,4.016875,94.646875,12500.0,400.0,47,Construction and Extraction Occupations,64700.0,31.11,54580.0,26.24,0.0,0.0,0.0,False,False,False,False,0.0,0.0,0.0,0.0,0.0,0.0,,
47-2111.00,Electricians,37731727.338130765,577220.531876923,50.81166653846154,4.097619047619047,92.97857142857143,742580.0,11360.0,47,Construction and Extraction Occupations,62350.0,29.98,61430.0,29.53,5042076.5012769215,77133.76209230768,25.608549230769228,False,False,False,False,13.362962305151404,13.362962305151404,99230.6854855933,1518.0325178651995,6187033240.026743,93252737.5724592,0.01529801502868378,1.1858368763144194
47-2121.00,Glaziers,1609170.135,20890.9807,28.231055,3.8777777777777778,81.92629629629629,57000.0,740.0,47,Construction and Extraction Occupations,55440.0,26.65,50640.0,24.35,228554.25923076924,2967.195646153846,9.127597307692309,False,False,False,False,14.203237697471263,14.203237697471263,8095.845487558619,105.10395896128733,448833673.83024985,5322464.48179959,0.012982456140350877,1.006344627554416
47-2131.00,"Insulation Workers, Floor, Ceiling, and Wall",982334.4943499999,8904.871096153845,25.442488846153847,3.754,84.46900000000001,38610.0,350.0,47,Construction and Extraction Occupations,48680.0,23.41,48330.0,23.23,216358.69365,1961.293519230769,7.427906153846154,False,False,False,False,22.02495126603105,22.024951266031046,8503.833683814588,77.08732943110867,413966623.72809416,3725630.631405482,0.009065009065009065,0.7026808388707098
47-2132.00,"Insulation Workers, Mechanical",925927.0146923077,12639.409326923078,36.11259807692308,4.32,95.58777777777777,25640.0,350.0,47,Construction and Extraction Occupations,57250.0,27.52,45800.0,22.02,225288.424,3075.31,10.554392692307692,False,False,False,False,24.331121181820684,24.331121181820684,6238.499471018823,85.15892413637239,357154094.71582764,3900278.7254458554,0.013650546021840874,1.058132105647352
47-2141.00,"Painters, Construction and Maintenance",5070780.792084616,75774.44755769231,22.619238076923075,3.7915789473684205,83.41947368421053,224180.0,3350.0,47,Construction and Extraction Occupations,48660.0,23.4,45900.0,22.07,0.0,0.0,3.449241153846154,False,False,False,False,0.0,0.0,0.0,0.0,0.0,0.0,,
47-2142.00,Paperhangers,80791.51236923077,903.5892830769232,53.15231076923077,4.074,77.949,1520.0,17.0,47,Construction and Extraction Occupations,48260.0,23.2,48260.0,23.2,6526.772430769231,72.99679692307693,12.819873846153847,False,False,False,False,8.078537261365755,8.078537261365755,122.79376637275948,1.3733513344321784,5926027.165149372,66277.93539969693,0.011184210526315791,0.8669522973864058
47-2151.00,Pipelayers,1206918.9409153846,25518.536273076923,35.941600384615384,4.226428571428571,95.25071428571428,33580.0,710.0,47,Construction and Extraction Occupations,48710.0,23.42,51180.0,24.61,0.0,0.0,3.3243934615384614,False,False,False,False,0.0,0.0,0.0,0.0,0.0,0.0,,
47-2152.00,"Plumbers, Pipefitters, and Steamfitters",21044260.370907694,312474.5420692308,46.155766923076925,3.7613333333333334,83.83933333333333,455940.0,6770.0,47,Construction and Extraction Occupations,62970.0,30.27,61680.0,29.65,1054323.8103115384,31310.13815769231,12.579623461538462,False,False,False,False,5.010030249241126,10.020060498482254,22842.73191838999,339.1790478736242,1438406828.9010177,20920563.67284514,0.029696889941658994,2.30197624584893
47-2152.04,Solar Thermal Installers and Technicians,8654437.034584615,128504.93206153846,18.981526153846154,4.198095238095238,84.58809523809524,455940.0,6770.0,47,Construction and Extraction Occupations,62970.0,30.27,61680.0,29.65,770343.4226076924,22876.80383846154,6.116284230769231,True,False,True,False,8.901138451054273,17.802276902108545,40583.85065373685,602.6070731363742,2555565075.6658096,37168804.27105156,0.029696889941658988,2.3019762458489295
47-2161.00,Plasterers and Stucco Masons,317491.2335076923,18246.622615384615,15.205518846153847,3.948,80.27066666666666,20880.0,1200.0,47,Construction and Extraction Occupations,56020.0,26.93,53170.0,25.56,0.0,0.0,0.5322107692307692,False,False,False,False,0.0,0.0,0.0,0.0,0.0,0.0,,
47-2171.00,Reinforcing Iron and Rebar Workers,371916.15353846154,7364.676307692307,26.302415384615387,4.022857142857143,97.61571428571428,14140.0,280.0,47,Construction and Extraction Occupations,59280.0,28.5,49990.0,24.04,0.0,0.0,5.76105,False,False,False,False,0.0,0.0,0.0,0.0,0.0,0.0,,
47-2181.00,Roofers,3311164.411823077,71192.2142076923,24.215038846153845,3.8714814814814815,81.03407407407407,136740.0,2940.0,47,Construction and Extraction Occupations,50970.0,24.510000000000005,49800.0,23.94,0.0,0.0,0.9777457692307692,False,False,False,False,0.0,0.0,0.0,0.0,0.0,0.0,,
47-2211.00,Sheet Metal Workers,3517478.9841730767,55994.60032692308,29.943636538461536,3.82,80.26263157894736,117470.0,1870.0,47,Construction and Extraction Occupations,60850.0,29.26,60490.0,29.08,293213.4784423077,4667.653057692309,11.441487692307692,False,False,False,False,8.335898516000348,8.33589851600035,9792.179986745608,155.8813022492065,595854152.1934702,9429259.9730545,0.01591895803183792,1.2339697294884402
47-2221.00,Structural Iron and Steel Workers,3669836.630092308,68043.94246153846,56.703285384615384,3.9457894736842105,81.87052631578948,64720.0,1200.0,47,Construction and Extraction Occupations,62700.0,30.14,47840.0,23.0,555294.0404,10295.934000000001,17.370911923076925,False,False,False,False,15.131301373108608,15.131301373108608,9792.97824867589,181.5756164773033,614019736.1919783,8686577.49227419,0.018541409147095178,1.4372509547306078
47-2231.00,Solar Photovoltaic Installers,1161272.5495538462,22174.228315384615,41.06338576923077,4.242692307692308,93.41269230769231,28280.0,540.0,47,Construction and Extraction Occupations,51860.0,24.93,47960.0,23.06,277069.8193846154,5290.583538461538,18.143375384615386,False,False,False,False,23.85915515621754,23.85915515621754,6747.369078178321,128.8394378435747,349918560.3943277,6179139.438977842,0.019094766619519095,1.4801448658265284
47-3011.00,"Helpers--Brickmasons, Blockmasons, Stonemasons, and Tile and Marble Setters",857437.0213153847,20806.262330769234,54.753321923076925,3.9833333333333334,88.44533333333334,15660.0,380.0,47,Construction and Extraction Occupations,46480.0,22.35,48090.0,23.12,45791.38793076923,1111.1575615384616,13.64264653846154,False,False,False,False,5.340495778981082,5.340495778981081,836.3216389884375,20.293883960128113,38872229.78018258,975932.879642561,0.024265644955300127,1.8809692997159788
47-3012.00,Helpers--Carpenters,839415.277376923,21147.39829230769,34.10870692307692,3.6566666666666663,86.01666666666667,24610.0,620.0,47,Construction and Extraction Occupations,41600.0,20.0,43090.0,20.72,56039.64870384614,1411.8074846153843,2.5416280769230766,False,False,False,False,6.676033926730956,6.676033926730956,1642.9719493684884,41.39141034573193,68347633.09372912,1783555.8717975887,0.02519301097114994,1.9528547578864373
47-3013.00,Helpers--Electricians,3448048.1341846157,16587.44446923077,53.507885384615385,3.6608,81.1696,64440.0,310.0,47,Construction and Extraction Occupations,39890.0,19.18,42120.0,20.25,260689.81416923075,1254.0943884615383,22.899644615384616,False,False,False,False,7.560503914800422,7.560503914800422,4871.9887226973915,23.437562135881308,194343630.14839894,987190.1171633207,0.004810676598386095,0.3729031315299908
47-3014.00,"Helpers--Painters, Paperhangers, Plasterers, and Stucco Masons",143089.16734615384,2972.7666346153846,19.81844423076923,3.53,66.43454545454546,7220.0,150.0,47,Construction and Extraction Occupations,38140.0,18.34,40620.0,19.53,0.0,0.0,2.0091615384615387,False,False,False,False,0.0,0.0,0.0,0.0,0.0,0.0,,
47-3015.00,"Helpers--Pipelayers, Plumbers, Pipefitters, and Steamfitters",1232517.5040307692,6778.281415384616,28.24283923076923,3.7386666666666666,80.97733333333333,43640.0,240.0,47,Construction and Extraction Occupations,39270.0,18.88,44810.0,21.55,148875.7787076923,818.7485538461539,4.630531153846154,False,False,False,False,12.078999139632154,12.078999139632153,5271.275224535472,28.98959793511717,207002978.06750798,1299023.8834726005,0.005499541704857928,0.42630101645355145
47-3016.00,Helpers--Roofers,197015.98378846154,2172.129801923077,38.10754038461538,3.9838888888888895,88.50944444444445,5170.0,57.0,47,Construction and Extraction Occupations,40590.0,19.51,40590.0,19.51,0.0,0.0,6.315148461538462,False,False,False,False,0.0,0.0,0.0,0.0,0.0,0.0,,
47-4011.00,Construction and Building Inspectors,3201034.0983653846,29395.109423076923,23.329451923076924,3.5678947368421055,71.14894736842105,137210.0,1260.0,47,Construction and Extraction Occupations,72120.0,34.67,71040.0,34.15,414457.9244865384,7611.937684615385,16.683723846153846,False,False,False,False,12.947626040540532,25.895252081081072,17765.437690225666,163.1400881108107,1281243366.219075,11589471.859391991,0.01836600830843233,1.4236546298327117
47-4011.01,Energy Auditors,2540406.314392308,23328.56173846154,18.51473153846154,3.965238095238095,91.86571428571429,137210.0,1260.0,47,Construction and Extraction Occupations,72120.0,34.67,71040.0,34.15,396894.62230192305,7289.369930769231,16.22557653846154,True,False,True,False,15.623273334402196,31.2465466688044,21436.693342133254,196.85324401346767,1546014323.8346503,13984454.454716744,0.01836600830843233,1.4236546298327117
47-4021.00,Elevator and Escalator Installers and Repairers,684034.0786384615,6740.695719230769,29.30737269230769,4.3185,82.471,23340.0,230.0,47,Construction and Extraction Occupations,106580.0,51.24,78680.0,37.83,0.0,0.0,13.075545769230768,False,True,True,False,0.0,0.0,0.0,0.0,0.0,0.0,,
47-4031.00,Fence Erectors,862436.2827076924,9485.27537076923,38.09347538461539,4.0375,92.57000000000001,22640.0,249.0,47,Construction and Extraction Occupations,46940.0,22.57,57430.0,27.610000000000003,0.0,0.0,6.906750769230769,False,False,False,False,0.0,0.0,0.0,0.0,0.0,0.0,,
47-4041.00,Hazardous Materials Removal Workers,1441134.0961,6269.517523076923,28.497806923076922,4.027142857142858,63.49428571428571,50570.0,220.0,47,Construction and Extraction Occupations,48490.0,23.31,45740.0,21.99,138210.59135,601.2721,6.767296153846154,False,False,False,False,9.59040464895153,9.59040464895153,4849.867630974789,21.098890227693367,235170081.4259675,965063.2390146946,0.004350405378683014,0.33722486971584414
47-4051.00,Highway Maintenance Workers,2088216.6333653845,16513.080461538462,13.760900384615384,3.896315789473684,67.97105263157896,151750.0,1200.0,47,Construction and Extraction Occupations,49070.0,23.59,52470.0,25.23,0.0,0.0,0.4450384615384615,False,False,False,False,0.0,0.0,0.0,0.0,0.0,0.0,,
47-4061.00,Rail-Track Laying and Maintenance Equipment Operators,405040.1156923077,2703.5444615384613,24.577676923076922,3.821923076923077,70.86884615384615,16480.0,110.0,47,Construction and Extraction Occupations,67370.0,32.39,61520.0,29.58,15411.487507692309,102.86793846153847,0.935163076923077,False,False,False,False,3.8049286751141906,3.8049286751141915,627.0522456588186,4.18542154262561,42244509.79003461,257487.13330232754,0.0066747572815533986,0.5173987154590486
47-4071.00,Septic Tank Servicers and Sewer Pipe Cleaners,1180427.4764423077,11377.614230769232,40.63433653846154,3.630909090909091,63.61181818181819,29050.0,280.0,47,Construction and Extraction Occupations,49140.0,23.62,48720.0,23.42,0.0,0.0,12.646826923076924,False,False,False,False,0.0,0.0,0.0,0.0,0.0,0.0,,
47-4091.00,Segmental Pavers,310780.35569807695,3429.4283211538464,18.537450384615386,3.97,85.365,16765.0,185.0,47,Construction and Extraction Occupations,48120.0,23.14,48120.0,23.14,0.0,0.0,1.745563076923077,False,False,False,False,0.0,0.0,0.0,0.0,0.0,0.0,,
47-4099.03,Weatherization Installers and Technicians,325117.2549557692,3587.6344865384613,19.392618846153844,4.022,94.09,16765.0,185.0,47,Construction and Extraction Occupations,48120.0,23.14,48120.0,23.14,40385.582488461536,445.65062692307686,9.737918076923076,False,False,False,False,12.421851462161188,12.421851462161188,2082.523397631323,22.980425204998195,100211025.89401926,1105818.060864513,0.011034894124664478,0.8553779267909589
47-5011.00,"Derrick Operators, Oil and Gas",367819.97723076923,4064.677284615385,33.317026923076924,4.221333333333333,90.29133333333333,11040.0,122.0,47,Construction and Extraction Occupations,62740.0,30.16,62740.0,30.16,12378.867507692306,136.79545615384615,14.54029923076923,False,False,False,False,3.365469053880627,3.3654690538806262,371.5477835484212,4.105872245734365,23310907.939827945,257602.42469737405,0.01105072463768116,0.8566050406401058
47-5012.00,"Rotary Drill Operators, Oil and Gas",831995.9040884615,12711.931307692308,63.55965653846154,4.1705,79.6965,13090.0,200.0,47,Construction and Extraction Occupations,65010.0,31.26,68660.0,33.01,0.0,0.0,25.648963846153848,False,False,False,False,0.0,0.0,0.0,0.0,0.0,0.0,,
47-5013.00,"Service Unit Operators, Oil and Gas",661144.4955846153,19480.6855,14.98514269230769,4.003684210526315,71.01947368421052,44120.0,1300.0,47,Construction and Extraction Occupations,57980.0,27.880000000000003,55570.0,26.72,114717.12470769229,3380.1509999999994,7.699122692307691,False,True,True,False,17.351293926489394,17.35129392648939,7655.39088036712,225.56682104436211,443859563.2436856,12534748.245435202,0.029465095194922936,2.284008505727078
47-5022.00,"Excavating and Loading Machine and Dragline Operators, Surface Mining",1610321.7649115385,30596.58425,47.071668076923075,4.019375,75.551875,34210.0,650.0,47,Construction and Extraction Occupations,52550.0,25.26,52240.0,25.12,0.0,0.0,3.6549561538461544,True,True,True,True,0.0,0.0,0.0,0.0,0.0,0.0,,
47-5023.00,"Earth Drillers, Except Oil and Gas",1223958.998523077,35151.03384615385,70.30206769230769,3.988571428571429,66.76142857142857,17410.0,500.0,47,Construction and Extraction Occupations,59600.0,28.65,57850.0,27.81,23968.67819584669,633.3361930355236,22.91452094017094,True,False,True,False,1.9582909415077743,1.8017569435011709,340.93845291650354,9.791454707538872,20319931.79382361,566435.6548311238,0.02642349268743858,2.0482364523134478
47-5032.00,"Explosives Workers, Ordnance Handling Experts, and Blasters",251987.79307692306,2794.9350288461537,44.364048076923076,4.2704545454545455,81.08727272727273,5680.0,63.0,47,Construction and Extraction Occupations,59110.0,28.42,59110.0,28.42,23968.67819584669,633.3361930355236,22.91452094017094,True,True,True,True,9.511840991650692,22.66014009266565,540.2725683257593,5.992459824739935,31935511.51373563,354214.30024037755,0.02642349268743858,2.0482364523134478
47-5041.00,Continuous Mining Machine Operators,1353177.1126153846,132109.34153846154,94.36381538461538,4.36,74.68533333333333,14340.0,1400.0,47,Construction and Extraction Occupations,63380.0,30.469999999999995,67870.0,32.63,174968.24697692305,17081.97669230769,39.546781153846155,False,False,False,False,12.930180783116343,12.930180783116343,1854.1879242988837,181.0225309636288,117518430.64206325,12285999.176501486,0.09762900976290097,7.567784432021786
47-5043.00,"Roof Bolters, Mining",240507.62536153846,2696.2738269230767,107.85095307692308,4.787857142857143,97.00285714285714,2230.0,25.0,47,Construction and Extraction Occupations,76640.0,36.85,76640.0,36.85,20501.278569230763,229.83496153846147,40.458346538461534,True,False,True,False,8.524169883766724,8.524169883766726,190.08898840799796,2.131042470941681,14568420.071588963,163323.09497297043,0.011210762331838566,0.8690104801024379
47-5044.00,"Loading and Moving Machine Operators, Underground Mining",864376.6587307692,9588.517584615385,141.00761153846153,4.0312,68.3156,6130.0,68.0,47,Construction and Extraction Occupations,68860.0,33.11,68860.0,33.11,22714.60418846153,251.9727707692307,54.85673153846154,True,True,True,True,2.6278595053474874,2.6278595053474874,161.08778767780097,1.7869444636362914,11092505.059493376,123048.99576599503,0.011092985318107668,0.859880908337577
47-5051.00,"Rock Splitters, Quarry",66773.93089230769,737.1148215384616,21.679847692307693,3.678888888888889,69.92444444444443,3080.0,34.0,47,Construction and Extraction Occupations,47460.0,22.82,47460.0,22.82,0.0,0.0,0.8417715384615385,False,False,False,False,0.0,0.0,0.0,0.0,0.0,0.0,,
47-5071.00,"Roustabouts, Oil and Gas",386379.70456153847,4091.380061538461,8.523708461538462,3.366153846153846,69.2476923076923,45330.0,480.0,47,Construction and Extraction Occupations,47510.0,22.84,47680.0,22.93,20831.66301923077,220.58676923076925,1.8228257692307692,False,False,False,False,5.391500322945385,5.391500322945386,2443.967096391143,25.879201550137847,116112876.7495432,1233920.3299105726,0.010589013898080741,0.8208151933833218
47-5081.00,Helpers--Extraction Workers,155266.09107692307,5083.116076923077,23.105073076923077,3.850714285714286,69.4042857142857,6720.0,220.0,47,Construction and Extraction Occupations,48400.0,23.27,54100.0,26.01,0.0,0.0,3.353880769230769,False,False,False,False,0.0,0.0,0.0,0.0,0.0,0.0,,
49-1011.00,"First-Line Supervisors of Mechanics, Installers, and Repairers",17087454.08903077,182344.31096538462,28.446850384615384,3.6427272727272726,76.7390909090909,600680.0,6410.0,49,"Installation, Maintenance, and Repair Occupations",78300.0,37.64,77380.0,37.2,3054912.468553846,32599.70187692307,17.54797269230769,False,False,False,False,17.878101984279425,17.878101984279425,107390.18299916966,1145.986337192311,8408651328.834984,88676422.77194104,0.01067123926216954,0.8271889529019295
49-2011.00,"Computer, Automated Teller, and Office Machine Repairers",4512823.693430769,50066.938661538465,61.81103538461539,3.9248000000000003,84.258,73010.0,810.0,49,"Installation, Maintenance, and Repair Occupations",46860.0,22.53,45310.0,21.78,1386842.5004807692,15386.144711538462,36.68478961538462,False,False,False,False,30.73114738560625,30.73114738560625,22436.810706231125,248.92229382341063,1051388949.6939905,11278669.133138735,0.011094370634159705,0.8599882921293157
49-2021.00,"Radio, Cellular, and Tower Equipment Installers and Repairers",107589.75807692307,377.5079230769231,9.437698076923077,4.0616666666666665,73.3111111111111,11400.0,40.0,49,"Installation, Maintenance, and Repair Occupations",64190.0,30.86,86040.0,41.36,13282.736307692308,46.60609230769231,9.175982097902098,False,False,False,False,12.345725601683757,12.345725601683755,1407.4127185919483,4.938290240673503,90341822.40641716,424890.4923075482,0.003508771929824561,0.27198503447416644
49-2022.00,"Telecommunications Equipment Installers and Repairers, Except Line Installers",8730161.58833077,127074.93636923078,56.72988230769231,3.7279487179487174,73.48769230769231,153890.0,2240.0,49,"Installation, Maintenance, and Repair Occupations",62630.0,30.11,62380.0,29.99,1121009.278273077,16317.244676923077,40.80352923076923,False,False,False,False,12.840647529038657,12.840647529038657,19760.472482437588,287.6305046504659,1237598391.575066,17942390.880096063,0.014555851582299044,1.12830753140755
49-2091.00,Avionics Technicians,745593.2397692308,7848.349892307693,35.674317692307696,4.015384615384615,84.2023076923077,20900.0,220.0,49,"Installation, Maintenance, and Repair Occupations",81390.0,39.13,59510.0,28.61,91981.60738461542,968.2274461538465,28.461431923076926,False,False,False,False,12.33670082806608,12.33670082806608,2578.370473065811,27.14074182174538,209853572.80282634,1615145.5458120676,0.010526315789473684,0.8159551034224994
49-2092.00,"Electric Motor, Power Tool, and Related Repairers",1089172.2933461538,3943.894846153846,65.73158076923077,3.843225806451613,64.76290322580645,16570.0,60.0,49,"Installation, Maintenance, and Repair Occupations",53990.0,25.96,41460.0,19.93,212914.14375,770.9625,27.67187,False,False,False,False,19.548251920353703,19.548251920353703,3239.1453432026087,11.728951152212222,174881457.07950884,486282.31477071875,0.0036210018105009055,0.2806846161441308
49-2093.00,"Electrical and Electronics Installers and Repairers, Transportation Equipment",182951.07841923076,2027.228091923077,25.02750730769231,3.6473333333333335,73.70466666666667,7310.0,81.0,49,"Installation, Maintenance, and Repair Occupations",82730.0,39.77,82730.0,39.77,34692.91699230769,384.42219923076925,17.61879923076923,False,False,False,False,18.962947522402235,18.962947522402235,1386.1914638876033,15.35998749314581,114679619.80742142,1270731.7653079529,0.011080711354309167,0.858929483014519
49-2094.00,"Electrical and Electronics Repairers, Commercial and Industrial Equipment",1452773.307676923,18889.2012,24.216924615384617,3.9085,85.8235,59990.0,780.0,49,"Installation, Maintenance, and Repair Occupations",71300.0,34.28,70970.0,34.12,246890.18323846153,3210.1074,16.0481,False,False,False,False,16.994405247798408,16.994405247798408,10194.943708154264,132.55636093282757,726899486.391399,9407524.935402773,0.013002167027837973,1.0078725314820338
49-2095.00,"Electrical and Electronics Repairers, Powerhouse, Substation, and Relay",308833.5832615385,1072.3388307692308,13.404235384615385,4.051333333333333,74.32,23040.0,80.0,49,"Installation, Maintenance, and Repair Occupations",100940.0,48.53,104730.0,50.35,98466.2075076923,341.89655384615384,12.675956153846153,False,False,False,False,31.883257794637355,31.883257794637355,7345.902595884447,25.50660623570988,741495408.028576,2671306.871065896,0.003472222222222222,0.2691518570317272
49-2096.00,"Electronic Equipment Installers and Repairers, Motor Vehicles",314098.0284,3469.3273353846153,30.976136923076922,4.1875,88.47583333333334,10140.0,112.0,49,"Installation, Maintenance, and Repair Occupations",47940.0,23.05,47940.0,23.05,31517.0388,348.11719384615384,20.29587076923077,False,False,False,False,10.034140921083221,10.034140921083221,1017.4618893978387,11.238237831613208,48777122.97773239,538761.1216475372,0.011045364891518738,0.8561895759778495
49-2097.00,Audiovisual Equipment Installers and Repairers,701724.8058923077,12027.759415384615,31.65199846153846,3.956363636363636,84.09181818181818,22170.0,380.0,49,"Installation, Maintenance, and Repair Occupations",50620.0,24.34,53600.0,25.77,100222.49500384615,1717.8415923076923,24.818600384615387,False,True,True,False,14.282307560212871,14.282307560212871,3166.3875860991934,54.27276872880891,160282539.60834116,2909020.403864158,0.017140279657194408,1.3286413727357795
49-2098.00,Security and Fire Alarm Systems Installers,1460720.646,14874.225692307691,17.920753846153847,4.16375,89.683125,81510.0,830.0,49,"Installation, Maintenance, and Repair Occupations",59300.0,28.51,58860.0,28.3,190346.16480000003,1938.2568615384616,9.124907692307692,False,False,False,False,13.030976547174786,13.030976547174786,10621.548983602168,108.15710534155072,629857854.7276086,6366127.220403675,0.010182799656483867,0.7893271979495041
49-3011.00,Aircraft Mechanics and Service Technicians,5847270.848253846,86172.11236153846,42.87169769230769,4.170263157894737,78.09342105263158,136390.0,2010.0,49,"Installation, Maintenance, and Repair Occupations",78680.0,37.83,65980.0,31.72,611549.4687846154,9012.496753846153,17.17953384615385,False,False,False,False,10.45871629098968,10.458716290989678,14264.643149280822,210.22019744889255,1122342122.9854152,13870328.62767793,0.014737150817508614,1.1423610748480553
49-3021.00,Automotive Body and Related Repairers,7878710.1318,82736.10046923076,50.75834384615384,4.0612,82.7148,155220.0,1630.0,49,"Installation, Maintenance, and Repair Occupations",51680.0,24.85,51080.0,24.56,311537.16659999994,3271.5215923076917,10.68878423076923,False,False,False,False,3.954164595326024,3.954164595326025,6137.654284865054,64.45288290381419,317193973.441826,3292253.2587268287,0.010501224069063265,0.8140101002768589
49-3022.00,Automotive Glass Installers and Repairers,1055640.386346154,5573.602884615385,55.73602884615385,4.234444444444445,91.01333333333334,18940.0,100.0,49,"Installation, Maintenance, and Repair Occupations",47260.0,22.72,39300.0,18.89,0.0,0.0,4.4354000000000005,False,False,False,False,0.0,0.0,0.0,0.0,0.0,0.0,,
49-3023.00,Automotive Service Technicians and Mechanics,38230869.30709231,494508.22473461536,55.50036192307692,4.033571428571428,85.28571428571429,688840.0,8910.0,49,"Installation, Maintenance, and Repair Occupations",49670.0,23.88,46990.0,22.59,11415854.417569231,147661.66723846155,33.31153,False,False,False,False,29.860305623370813,29.86030562337082,205689.72925602752,2660.5532310423396,10216608852.146887,125019396.32667954,0.012934788920504037,1.0026496679809167
49-3031.00,Bus and Truck Mechanics and Diesel Engine Specialists,8010950.091315385,81718.77508461538,27.890366923076922,3.9396153846153843,87.04923076923077,287230.0,2930.0,49,"Installation, Maintenance, and Repair Occupations",60640.0,29.15,62970.0,30.28,1247539.5367153846,12726.006484615384,18.028385769230766,False,False,False,False,15.57292858518534,15.57292858518534,44730.12277522785,456.2868075459304,2712434645.089817,28732380.271167237,0.010200884308742122,0.7907290430583599
49-3041.00,Farm Equipment Mechanics and Service Technicians,893917.5254153846,4362.938030769231,24.238544615384615,3.880714285714286,88.18142857142857,36880.0,180.0,49,"Installation, Maintenance, and Repair Occupations",52080.0,25.04,57100.0,27.45,178281.90587692306,870.1394538461539,12.065547692307693,False,False,False,False,19.943887529677777,19.943887529677777,7355.3057209451645,35.89899755342,383064321.9468242,2049832.7603002822,0.004880694143167029,0.37833059296433685
49-3042.00,"Mobile Heavy Equipment Mechanics, Except Engines",5722558.273246154,66663.18507692308,31.74437384615385,4.0255,93.2355,180270.0,2100.0,49,"Installation, Maintenance, and Repair Occupations",63980.0,30.76,63890.0,30.72,562810.7748115384,6556.291269230769,13.260741153846155,False,False,False,False,9.834950522789185,9.834950522789185,17729.465307432063,206.5339609785729,1134331190.3695035,13195454.766921023,0.011649192877350641,0.9029957460075921
49-3043.00,Rail Car Repairers,544791.2393076923,2381.6010461538463,29.770013076923075,3.626,66.7525,18300.0,80.0,49,"Installation, Maintenance, and Repair Occupations",65680.0,31.579999999999995,75280.0,36.19,60105.751730769225,262.7573846153846,12.627626923076923,False,False,False,False,11.032804383409356,11.032804383409355,2019.003202163912,8.826243506727485,132608130.31812574,664439.611186445,0.004371584699453552,0.3388666003284697
49-3051.00,Motorboat Mechanics and Service Technicians,639305.8465384615,1581.7876615384616,26.363127692307692,3.94,96.42307692307692,24250.0,60.0,49,"Installation, Maintenance, and Repair Occupations",54950.0,26.42,45290.0,21.77,0.0,0.0,11.106741153846155,False,False,False,False,0.0,0.0,0.0,0.0,0.0,0.0,,
49-3052.00,Motorcycle Mechanics,416697.67336153844,7138.289907692308,29.742874615384615,4.368461538461538,94.06692307692308,14010.0,240.0,49,"Installation, Maintenance, and Repair Occupations",47200.0,22.69,42120.0,20.25,0.0,0.0,11.169898846153846,False,False,False,False,0.0,0.0,0.0,0.0,0.0,0.0,,
49-3053.00,Outdoor Power Equipment and Other Small Engine Mechanics,947052.3380923077,9957.325984615383,27.659238846153844,4.331428571428572,96.92928571428571,34240.0,360.0,49,"Installation, Maintenance, and Repair Occupations",46560.0,22.38,44140.0,21.22,211506.4983384615,2223.7832769230763,14.444276923076922,False,False,False,False,22.333137233419333,22.333137233419333,7646.866188722779,80.3992940403096,356038089.74693257,3548824.838939266,0.010514018691588784,0.8150018848437348
49-3091.00,Bicycle Repairers,367066.65548076923,12536.827788461538,29.155413461538462,4.272142857142857,93.72357142857143,12590.0,430.0,49,"Installation, Maintenance, and Repair Occupations",40360.0,19.4,43760.0,21.04,0.0,0.0,10.352514999999999,False,False,False,False,0.0,0.0,0.0,0.0,0.0,0.0,,
49-3092.00,Recreational Vehicle Service Technicians,571291.650926923,8244.187373076922,30.534027307692305,3.9035294117647057,90.65176470588234,18710.0,270.0,49,"Installation, Maintenance, and Repair Occupations",50540.0,24.3,51300.0,24.66,0.0,0.0,19.342946538461536,False,False,False,False,0.0,0.0,0.0,0.0,0.0,0.0,,
49-3093.00,Tire Repairers and Changers,11285527.98966923,207462.34158461538,105.84813346153847,4.170416666666667,83.34958333333334,106620.0,1960.0,49,"Installation, Maintenance, and Repair Occupations",37120.0,17.85,36060.0,17.34,629988.8746153846,11581.112307692307,23.466708846153846,False,False,False,False,5.582272049584887,5.582272049584886,5951.818459267407,109.41253217186379,220931501.20800614,3945415.9101174083,0.018383042581129244,1.4249750539980248
49-9011.00,Mechanical Door Repairers,725280.0868615385,3630.2900307692307,25.930643076923076,3.7032,82.5284,27970.0,140.0,49,"Installation, Maintenance, and Repair Occupations",51050.0,24.54,49410.0,23.75,0.0,0.0,7.067147692307692,False,False,False,False,0.0,0.0,0.0,0.0,0.0,0.0,,
49-9012.00,"Control and Valve Installers and Repairers, Except Mechanical Door",1019441.3067692308,7387.2558461538465,21.727223076923075,3.743125,48.1321875,46920.0,340.0,49,"Installation, Maintenance, and Repair Occupations",74690.0,35.91,69450.0,33.39,76988.66395384615,557.8888692307692,8.583858846153847,False,False,False,False,7.552044776156391,7.552044776156391,3543.419408972579,25.67695223893173,264657995.6561619,1783264.3329938087,0.007246376811594203,0.5617082233705613
49-9021.00,"Heating, Air Conditioning, and Refrigeration Mechanics and Installers",15469515.745430768,209316.14773846153,38.97879846153846,4.008214285714286,87.6842857142857,396870.0,5370.0,49,"Installation, Maintenance, and Repair Occupations",59810.0,28.75,56200.0,27.02,4795587.142088462,64888.50997307692,24.054810256410256,False,False,False,False,31.00024086730016,31.000240867300157,123030.65593005416,1664.7129345740186,7358463531.176539,93556866.92305985,0.013530879129185878,1.0488560385289591
49-9031.00,Home Appliance Repairers,1962645.0292230768,15361.96798076923,61.447871923076924,4.069310344827587,84.27413793103447,31940.0,250.0,49,"Installation, Maintenance, and Repair Occupations",49410.0,23.76,34920.0,16.79,462568.35966923076,3620.6039423076927,38.232058076923074,False,False,False,False,23.568620549399135,23.56862054939914,7527.817403478083,58.92155137349784,371949457.9058521,2057540.5739625446,0.007827175954915468,0.6067292957509194
49-9041.00,Industrial Machinery Mechanics,8708288.8586,80903.6648,20.63869,3.930625,85.16125,421940.0,3920.0,49,"Installation, Maintenance, and Repair Occupations",63760.0,30.65,69670.0,33.49,1745066.7548076923,16212.403846153846,10.073439615384615,False,False,False,False,20.03914641720142,20.03914641720142,84553.17439273966,785.5345395542956,5391110399.281081,54728191.370747775,0.009290420438924966,0.7201537671577447
49-9043.00,"Maintenance Workers, Machinery",1812666.0066307692,47128.033776923075,32.059886923076924,3.876111111111111,91.93555555555555,56540.0,1470.0,49,"Installation, Maintenance, and Repair Occupations",60500.0,29.09,63820.0,30.68,395717.95822307694,10288.386957692308,15.134414230769233,False,False,False,False,21.830715464157908,21.830715464157908,12343.08652343488,320.91151732312125,746756734.6678102,20480573.0355616,0.025999292536257518,2.015354265881713
49-9044.00,Millwrights,1492237.3413307692,8808.090553846154,36.70037730769231,4.182608695652174,95.25608695652173,40660.0,240.0,49,"Installation, Maintenance, and Repair Occupations",65170.0,31.329999999999995,62480.0,30.04,76230.91620769231,449.96113846153844,4.702235769230769,False,False,False,False,5.108498098547111,5.108498098547111,2077.115326869255,12.260395436513065,135365605.85206935,766029.5068733363,0.005902606984751598,0.457544917807009
49-9045.00,"Refractory Materials Repairers, Except Brickmasons",14785.802730769232,161.29966615384618,13.441638846153847,3.746,58.787,1100.0,12.0,49,"Installation, Maintenance, and Repair Occupations",58540.0,28.15,58540.0,28.15,0.0,0.0,0.9368569230769233,False,False,False,False,0.0,0.0,0.0,0.0,0.0,0.0,,
49-9051.00,Electrical Power-Line Installers and Repairers,6774723.745846154,48750.84196153846,54.77622692307692,4.17,93.62869565217392,123680.0,890.0,49,"Installation, Maintenance, and Repair Occupations",92560.0,44.5,81380.0,39.12,526047.0023384615,3785.4287846153843,23.05118346153846,False,False,False,False,7.764848015551945,7.764848015551945,9603.564025634645,69.10714733841232,888905886.2127428,5623939.650399994,0.007195989650711514,0.5578024255689872
49-9052.00,Telecommunications Line Installers and Repairers,4834759.029092307,32932.986473076926,49.15371115384615,3.847368421052632,72.37210526315789,98360.0,670.0,49,"Installation, Maintenance, and Repair Occupations",70500.0,33.9,55980.0,26.91,332458.3888923077,2264.6108230769228,25.396215769230768,False,False,False,False,6.87642107686853,6.876421076868527,6763.647771207886,46.07202121501915,476837167.87015593,2579111.747616772,0.00681171207808052,0.5280148671496755
49-9061.00,Camera and Photographic Equipment Repairers,78452.70426923077,858.6863153846153,39.03119615384615,3.8546666666666667,77.18666666666667,2010.0,22.0,49,"Installation, Maintenance, and Repair Occupations",49300.0,23.7,49300.0,23.7,0.0,0.0,13.447703461538461,False,False,False,False,0.0,0.0,0.0,0.0,0.0,0.0,,
49-9062.00,Medical Equipment Repairers,1680269.118042308,12153.845338461539,27.62237576923077,3.9735,83.81,60830.0,440.0,49,"Installation, Maintenance, and Repair Occupations",62630.0,30.110000000000003,59980.0,28.84,281584.64357692306,2036.7786153846153,8.996479615384615,False,False,False,False,16.758306187582566,16.758306187582566,10194.077653906475,73.7365472253633,638455083.4641626,4422718.1025772905,0.007233273056057866,0.5606924761311931
49-9063.00,Musical Instrument Repairers and Tuners,287549.2974346154,5018.312346153846,50.18312346153846,3.602413793103448,63.41137931034483,5730.0,100.0,49,"Installation, Maintenance, and Repair Occupations",45320.0,21.79,41440.0,19.92,0.0,0.0,20.661444835164836,False,False,False,False,0.0,0.0,0.0,0.0,0.0,0.0,,
49-9064.00,Watch and Clock Repairers,63475.560000000005,683.5829538461538,48.82735384615385,4.338666666666667,96.48,1300.0,14.0,49,"Installation, Maintenance, and Repair Occupations",60690.0,29.18,60690.0,29.18,2965.9835,31.94136076923077,17.108723461538464,False,True,True,False,4.6726385714438745,4.672638571443875,60.74430142877037,0.6541694000021424,3686571.653712074,39701.540886130024,0.01076923076923077,0.8347848365784034
49-9071.00,"Maintenance and Repair Workers, General",43127326.367,444591.2929,28.15651,3.6377777777777776,74.16185185185185,1531700.0,15790.0,49,"Installation, Maintenance, and Repair Occupations",48620.0,23.38,49070.0,23.59,4179906.793923077,43089.85328461538,12.017928461538462,False,False,False,False,9.692014659924391,9.692014659924391,148452.5885460619,1530.3691148020612,7217764855.109529,75095212.46333714,0.010308807207677743,0.7990947658738136
49-9081.00,Wind Turbine Service Technicians,230967.3982846154,2552.580872307692,20.585329615384616,4.160833333333334,88.53750000000001,11220.0,124.0,49,"Installation, Maintenance, and Repair Occupations",62580.0,30.09,62580.0,30.09,43420.07517692308,479.8653584615385,13.056997307692308,False,False,False,False,18.79922253071301,18.799222530713017,2109.272767946,23.31103593808413,131998289.81806068,1458804.629005305,0.011051693404634582,0.8566801353223747
49-9091.00,"Coin, Vending, and Amusement Machine Servicers and Repairers",1063696.5633461538,9033.516461538462,37.639651923076926,3.955,65.02777777777777,28260.0,240.0,49,"Installation, Maintenance, and Repair Occupations",47350.0,22.77,50280.0,24.17,67202.71476923076,570.7236923076923,20.75969076923077,False,False,False,False,6.317846375081433,6.317846375081433,1785.4233855980128,15.162831300195439,84539797.3080659,762387.1577738266,0.008492569002123144,0.6583077267527597
49-9092.00,Commercial Divers,66020.34713076922,731.4207553846153,19.247914615384616,3.880434782608696,84.49347826086957,3430.0,38.0,49,"Installation, Maintenance, and Repair Occupations",61130.0,29.39,61130.0,29.39,757.1777769230766,8.388558461538459,3.4163969230769227,False,False,False,False,1.1468854827789734,1.1468854827789734,39.33817205931879,0.4358164834560099,2404742.4579861574,26641.461633665884,0.011078717201166181,0.8587749047682867
49-9094.00,Locksmiths and Safe Repairers,395909.2917692308,3819.060692307692,25.460404615384615,3.975714285714286,83.675,15550.0,150.0,49,"Installation, Maintenance, and Repair Occupations",50490.0,24.27,47690.0,22.93,15633.850384615385,150.80884615384616,5.4398430769230774,False,False,False,False,3.948846543800772,3.948846543800773,614.04563756102,5.923269815701158,31003164.240455903,282480.7375107882,0.00964630225080386,0.7477402073164384
49-9095.00,Manufactured Building and Mobile Home Installers,33832.96622307692,375.9218469230769,12.962822307692306,3.777857142857143,76.11214285714286,2610.0,29.0,49,"Installation, Maintenance, and Repair Occupations",41080.0,19.75,41080.0,19.75,0.0,0.0,5.253846923076923,False,False,False,False,0.0,0.0,0.0,0.0,0.0,0.0,,
49-9096.00,Riggers,1060446.169646154,21042.338215384614,43.83820461538461,4.147142857142858,85.03642857142857,24190.0,480.0,49,"Installation, Maintenance, and Repair Occupations",62060.0,29.84,91070.0,43.79,129296.46177692308,2565.6180923076927,20.102142692307694,False,False,False,False,12.192647347678788,12.192647347678792,2949.401393403499,58.52470726885818,183039850.47462115,5329845.090974915,0.01984291029350972,1.5381377724706895
49-9097.00,Signal and Track Switch Repairers,92194.64023461539,1010.6598807692308,11.229554230769232,3.953333333333333,86.09916666666668,8210.0,90.0,49,"Installation, Maintenance, and Repair Occupations",83600.0,40.19,83600.0,40.19,17761.343484615387,194.7041307692308,3.9212350000000002,False,False,False,False,19.26504994153306,19.26504994153306,1581.6606001998643,17.338544947379756,132226826.17670865,1449502.3576009476,0.010962241169305725,0.8497461795691073
49-9098.00,"Helpers--Installation, Maintenance, and Repair Workers",3486857.5565307694,26453.50206923077,35.74797576923077,3.724375,81.98125,97540.0,740.0,49,"Installation, Maintenance, and Repair Occupations",38860.0,18.68,41760.0,20.08,0.0,0.0,7.167314230769231,False,False,False,False,0.0,0.0,0.0,0.0,0.0,0.0,,
49-9099.01,Geothermal Technicians,8236785.85155,95959.07083846154,44.840687307692306,3.79625,56.65416666666667,183690.0,2140.0,49,"Installation, Maintenance, and Repair Occupations",48640.0,23.39,50080.0,24.08,1505358.2015999998,17537.51729230769,23.662629615384617,False,False,False,False,18.276039085278892,18.276039085278892,33571.2561957488,391.1072364249683,1632905901.3612216,19586650.40016241,0.011650062605476618,0.9030631636223754
51-1011.00,First-Line Supervisors of Production and Operating Workers,25538464.113946155,332491.3154923077,37.27481115384615,3.9549999999999996,88.658,685140.0,8920.0,51,Production Occupations,71190.0,34.23,67050.0,32.23,8802028.36403077,114595.69286153847,24.139303461538464,False,False,False,False,34.46577023879882,34.46577023879882,236138.77821410622,3074.3467053008544,16810719621.062222,206134946.5904223,0.013019236944274164,1.009195718597989
51-2011.00,"Aircraft Structure, Surfaces, Rigging, and Systems Assemblers",1336626.26075,9753.429692307693,40.639290384615386,4.128888888888889,56.53370370370371,32890.0,240.0,51,Production Occupations,61680.0,29.65,59810.0,28.75,18771.65125,136.9776923076923,10.891901923076924,False,False,False,False,1.4044053899903897,1.4044053899903894,461.90893276783913,3.370572935976935,28490542.973120317,201593.9673007805,0.007297050775311645,0.565636252904621
51-2021.00,"Coil Winders, Tapers, and Finishers",421844.70326153847,4644.797883076923,34.66267076923077,4.191818181818181,72.31090909090909,12170.0,134.0,51,Production Occupations,47260.0,22.72,47260.0,22.72,113454.72670384616,1249.2139176923079,21.589900384615387,False,False,False,False,26.894903699550692,26.894903699550692,3273.1097802353192,36.03917095739793,154687168.2139212,1703211.219446626,0.011010682004930158,0.8535011065380789
51-2022.00,Electrical and Electronic Equipment Assemblers,4016720.0578846154,44223.60283269231,44.09132884615384,3.9125,71.128125,91100.0,1003.0,51,Production Occupations,44210.0,21.26,44210.0,21.26,1104902.8111153848,12164.846537307694,31.415269230769233,False,False,False,False,27.50758816130383,27.507588161303826,25059.41281494779,275.9011092578774,1107876640.548842,12197588.04029076,0.011009879253567507,0.8534388806763211
51-2023.00,Electromechanical Equipment Assemblers,2965947.3250769232,32654.72192153846,32.55705076923077,3.7964285714285713,71.99357142857143,91100.0,1003.0,51,Production Occupations,44210.0,21.26,44210.0,21.26,539263.3315769231,5937.224166538463,13.834465,False,False,False,False,18.181824303401513,18.181824303401516,16563.64194039878,182.36369776311716,732278610.18503,8062299.078107409,0.01100987925356751,0.8534388806763212
51-2031.00,Engine and Other Machine Assemblers,1657448.8926384614,6039.6367769230765,43.140262692307694,4.229166666666667,79.05666666666666,38420.0,140.0,51,Production Occupations,52540.0,25.26,46060.0,22.149999999999995,0.0,0.0,7.845394230769232,False,False,False,False,0.0,0.0,0.0,0.0,0.0,0.0,,
51-2041.00,Structural Metal Fabricators and Fitters,3475440.012992308,57945.702726923075,65.10753115384615,3.87,72.49391304347826,53380.0,890.0,51,Production Occupations,49900.0,23.99,50440.0,24.25,180805.8616923077,3014.560076923077,21.377168076923077,False,False,False,False,5.2023876405979514,5.202387640597952,2777.0345225511865,46.30125000132177,138574022.6753042,2335435.05006667,0.01667291120269764,1.2924129635513737
51-2051.00,Fiberglass Laminators and Fabricators,964792.4193846154,5730.408538461538,52.09462307692308,4.171875,73.981875,18520.0,110.0,51,Production Occupations,45760.0,22.0,46870.0,22.53,0.0,0.0,5.038352692307692,True,False,True,False,0.0,0.0,0.0,0.0,0.0,0.0,,
51-2061.00,Timing Device Assemblers and Adjusters,17710.874,231.0114,77.0038,4.13470588235294,66.25411764705882,230.0,3.0,51,Production Occupations,40790.0,19.61,40790.0,19.61,0.0,0.0,28.482766153846153,True,False,True,False,0.0,0.0,0.0,0.0,0.0,0.0,,
51-2092.00,Team Assemblers,22722879.70657692,250297.71047346154,31.174207307692306,4.0600000000000005,70.81272727272727,728900.0,8029.0,51,Production Occupations,42210.0,20.29,42210.0,20.29,2977862.2174807694,32797.74712846154,20.545185384615387,False,False,False,False,13.105126885034979,13.103494660986522,95523.26986501996,1052.2106375994583,4032037221.0024924,44413811.01307314,0.011013856496089998,0.8537471795530297
51-3011.00,Bakers,14606320.141353846,250062.9219076923,62.98814153846154,4.307222222222222,81.40666666666667,231890.0,3970.0,51,Production Occupations,36650.0,17.62,35490.0,17.06,4653114.193976923,79662.18185384615,32.309122307692306,False,False,False,False,31.85685476523884,31.85685476523884,73872.86051511235,1264.717134179982,2707440337.8788676,44884811.09204756,0.017120186295226186,1.3270838210177054
51-3021.00,Butchers and Meat Cutters,4600621.333938462,45336.028569230766,32.85219461538461,4.297272727272727,76.5409090909091,140040.0,1380.0,51,Production Occupations,38960.0,18.73,41680.0,20.04,397908.2017384615,3921.117669230769,10.687551923076922,False,False,False,False,8.649010054427226,8.649010054427226,12112.073680219888,119.35633875109572,471886390.58136684,4974772.19914567,0.00985432733504713,0.7638654245836167
51-3022.00,"Meat, Poultry, and Fish Cutters and Trimmers",6610284.646846154,65592.16461538462,46.85154615384616,4.23,66.21083333333333,141090.0,1400.0,51,Production Occupations,37700.0,18.13,42760.0,20.56,668367.6951576923,6632.041769230769,12.004081923076923,False,False,False,False,10.111027449878101,10.111027449878101,14265.648629033014,141.5543842982934,537814953.3145447,6052865.472595026,0.00992274434757956,0.7691688195846086
51-3023.00,Slaughterers and Meat Packers,3007995.2826923076,34759.0566,44.56289307692308,4.377142857142857,54.63285714285714,67500.0,780.0,51,Production Occupations,39790.0,19.13,40470.0,19.46,0.0,0.0,0.0,False,False,False,False,0.0,0.0,0.0,0.0,0.0,0.0,,
51-3091.00,"Food and Tobacco Roasting, Baking, and Drying Machine Operators and Tenders",2122325.355,16325.579653846155,108.8371976923077,4.206315789473685,67.49421052631578,19500.0,150.0,51,Production Occupations,42730.0,20.54,40500.0,19.47,690665.97,5312.815153846153,68.67488653846154,False,False,False,False,32.54288831695176,32.54288831695176,6345.863221805593,48.81433247542763,271158735.467753,1976980.4652548193,0.007692307692307692,0.596274883270288
51-3092.00,Food Batchmakers,27201661.79016923,495987.4251615385,158.46243615384617,4.4796,68.9008,171660.0,3130.0,51,Production Occupations,40790.0,19.61,38790.0,18.65,6963139.125046154,126963.9139076923,86.94954038461539,False,False,False,False,25.598212266438274,25.598212266438274,43941.891176567944,801.224043939518,1792389741.0922065,31079480.664413903,0.01823371781428405,1.4134000349684273
51-3093.00,Food Cooking Machine Operators and Tenders,2008503.6442615385,37759.287599999996,72.61401461538462,4.388823529411765,80.87823529411764,27660.0,520.0,51,Production Occupations,40550.0,19.49,37610.0,18.08,748067.3808923077,14063.4504,52.06078576923077,False,False,False,False,37.245009887315774,37.245009887315774,10301.969734831544,193.67405141404205,417744872.7474191,7284081.073682122,0.018799710773680405,1.45727339512189
51-4021.00,"Extruding and Drawing Machine Setters, Operators, and Tenders, Metal and Plastic",4114219.763769231,45713.552930769234,62.62130538461538,3.92875,65.83125,65700.0,730.0,51,Production Occupations,46980.0,22.59,44910.0,21.59,995921.6372307693,11065.79596923077,46.52418115384616,False,False,False,False,24.20681670923574,24.20681670923574,15903.87857796788,176.7097619774209,747164215.592931,7936035.410405972,0.011111111111111112,0.8612859425015272
51-4022.00,"Forging Machine Setters, Operators, and Tenders, Metal and Plastic",424521.26764615386,4652.287864615385,48.461331923076926,4.171538461538462,76.61461538461539,8760.0,96.0,51,Production Occupations,49240.0,23.67,49240.0,23.67,0.0,0.0,31.106838461538462,False,False,False,False,0.0,0.0,0.0,0.0,0.0,0.0,,
51-4023.00,"Rolling Machine Setters, Operators, and Tenders, Metal and Plastic",2165090.7988846153,8718.48643846154,96.87207153846154,4.092631578947368,77.33,22350.0,90.0,51,Production Occupations,48630.0,23.38,46050.0,22.14,691376.6450192308,2784.0670269230773,64.8182226923077,False,False,False,False,31.932916872373468,31.93291687237346,7137.00692097547,28.73962518513612,347072646.5670371,1323459.7397755184,0.004026845637583893,0.3121438986247146
51-4031.00,"Cutting, Punching, and Press Machine Setters, Operators, and Tenders, Metal and Plastic",15279083.34265,98981.62115,87.59435500000001,3.9553125000000002,67.359375,174430.0,1130.0,51,Production Occupations,45590.0,21.92,44940.0,21.61,2299542.691196154,14896.997311538462,44.576335,False,False,False,False,15.050266037735494,15.050266037735494,26252.17904962202,170.0680062264111,1196836842.872268,7642856.199814914,0.0064782434214298,0.5021657991882434
51-4032.00,"Drilling and Boring Machine Tool Setters, Operators, and Tenders, Metal and Plastic",377547.84581538464,4123.8747753846155,71.10128923076923,4.202941176470588,86.86352941176472,5310.0,58.0,51,Production Occupations,46630.0,22.42,46630.0,22.42,31047.204426923076,339.12200692307687,35.075429615384614,False,False,False,False,8.223382750303045,8.223382750303044,436.6616240410917,4.769561995175766,20361531.52903611,222404.675835046,0.010922787193973634,0.8466878756794673
51-4033.00,"Grinding, Lapping, Polishing, and Buffing Machine Tool Setters, Operators, and Tenders, Metal and Plastic",5344077.448557693,37349.84951923077,76.22418269230769,4.053888888888888,75.11666666666666,70110.0,490.0,51,Production Occupations,45190.0,21.73,42920.0,20.64,950198.6458038463,6640.954734615386,36.84121384615385,False,False,False,False,17.780405597607768,17.780405597607768,12465.842364482805,87.12398742827807,563331416.4509779,3739361.540421695,0.006989017258593639,0.5417588085054535
51-4034.00,"Lathe and Turning Machine Tool Setters, Operators, and Tenders, Metal and Plastic",1025834.3861230769,2703.8333846153846,54.07666769230769,3.9694444444444446,92.28722222222223,18970.0,50.0,51,Production Occupations,48620.0,23.38,57500.0,27.65,114609.13011153846,302.07994230769236,29.544060769230768,False,False,False,False,11.172283914626737,11.172283914626739,2119.382258604692,5.586141957313369,103044365.41336013,321203.1625455187,0.0026357406431207174,0.20431137275998276
51-4035.00,"Milling and Planing Machine Setters, Operators, and Tenders, Metal and Plastic",1002449.474273077,6532.979919230769,72.58866576923077,4.156666666666667,82.25066666666666,13810.0,90.0,51,Production Occupations,48310.0,23.219999999999995,45000.0,21.64,229029.18831153846,1492.5870346153847,45.213441153846155,False,False,False,False,22.8469558007019,22.846955800701902,3155.1645960769324,20.56226022063171,152426001.6364766,925301.709928427,0.0065170166545981175,0.505171334848832
51-4041.00,Machinists,27890362.933269233,343507.2646153846,93.34436538461539,4.200689655172414,75.81758620689655,298790.0,3680.0,51,Production Occupations,56150.0,27.0,60450.0,29.06,3965062.011565384,48835.06209230769,61.12517346153846,False,False,False,False,14.216602419453029,14.21660241945303,42477.786369083704,523.1709690358715,2385127704.62405,31625685.078218434,0.01231634258174638,0.9547103455822011
51-4051.00,Metal-Refining Furnace Operators and Tenders,1388530.8445423075,35515.7914,68.29959884615384,4.36,73.27066666666666,20330.0,520.0,51,Production Occupations,55770.0,26.81,70450.0,33.87,346021.03350384615,8850.5134,44.881911153846154,False,False,False,False,24.919938571325208,24.919938571325204,5066.2235115504145,129.5836805708911,282543285.2391666,9129170.296219278,0.02557796360059026,1.9826946438303725
51-4052.00,"Pourers and Casters, Metal",248742.1925153846,1706.6359692307692,42.66589923076923,4.405625,74.1275,5830.0,40.0,51,Production Occupations,48940.0,23.53,44450.0,21.37,8417.766584615385,57.75483076923077,28.21826576923077,False,False,False,False,3.3841329850362034,3.3841329850362034,197.29495302761063,1.3536531940144814,9655615.001171265,60169.8844739437,0.00686106346483705,0.5318403761587475
51-4061.00,"Model Makers, Metal and Plastic",146181.22062307692,3168.014069230769,45.257343846153844,4.360625,88.87375,3230.0,70.0,51,Production Occupations,62700.0,30.14,51960.0,24.98,38370.64337692307,831.5619307692307,24.51369192307692,False,False,False,False,26.24868174815725,26.24868174815725,847.8324204654792,18.374077223710074,53159092.763185546,954717.0525439754,0.021671826625386997,1.679907565869852
51-4062.00,"Patternmakers, Metal and Plastic",59666.48832692307,646.0702557692307,38.00413269230769,3.6993333333333336,69.58933333333333,1570.0,17.0,51,Production Occupations,54540.0,26.219999999999995,54540.0,26.219999999999995,27476.542826923072,297.5167057692307,23.42342346153846,False,False,False,False,46.050209418014205,46.050209418014205,722.9882878628231,7.828535601062415,39431781.22003837,426968.33168194414,0.010828025477707006,0.8393423516097684
51-4071.00,Foundry Mold and Coremakers,872549.4271384615,6173.698776923076,68.59665307692308,4.490769230769231,70.60307692307693,12720.0,90.0,51,Production Occupations,45700.0,21.97,45630.0,21.94,0.0,0.0,12.206162692307691,False,False,False,False,0.0,0.0,0.0,0.0,0.0,0.0,,
51-4072.00,"Molding, Coremaking, and Casting Machine Setters, Operators, and Tenders, Metal and Plastic",11377993.80683077,207981.6720923077,73.49175692307692,3.7955172413793106,58.65551724137931,154820.0,2830.0,51,Production Occupations,41230.0,19.82,45820.0,22.03,2239772.9608153845,40941.46414615384,32.79899730769231,False,False,False,False,19.685130778246148,19.685130778246148,30476.519470880685,557.0892010243659,1256546897.7844107,25525827.190936446,0.01827929208112647,1.4169327577518342
51-4081.00,"Multiple Machine Tool Setters, Operators, and Tenders, Metal and Plastic",8397106.388596155,97001.61403846154,64.6677426923077,3.9776190476190476,77.82000000000001,129850.0,1500.0,51,Production Occupations,46060.0,22.14,40180.0,19.32,1859633.5402884616,21482.097115384615,35.14469192307692,False,False,False,False,22.14612336952133,22.14612336952133,28756.741195323448,332.19185054281996,1324535499.456598,13347468.554810505,0.011551790527531768,0.8954455312876871
51-4111.00,Tool and Die Makers,1991305.6082153847,5056.825415384616,36.12018153846154,3.9905882352941178,87.6029411764706,55130.0,140.0,51,Production Occupations,63180.0,30.380000000000003,66660.0,32.05,457371.8596269231,1161.4739769230769,9.020020384615385,False,False,False,False,22.968441294996474,22.968441294996474,12662.501685931556,32.15581781299507,800016856.5171558,2143506.8154142513,0.0025394522038817337,0.19684750363720735
51-4121.00,"Welders, Cutters, Solderers, and Brazers",35776332.921215385,356885.87929615384,84.37018423076923,3.886896551724138,73.2948275862069,424040.0,4230.0,51,Production Occupations,51000.0,24.520000000000003,56050.0,26.95,1074852.6777846154,10722.164953846155,18.71948423076923,False,False,False,False,3.0043679438907143,3.0043679438907147,12739.721829274185,127.08476402657722,649725813.2929834,7123101.023689653,0.009975474011885673,0.7732561982603798
51-4122.00,"Welding, Soldering, and Brazing Machine Setters, Operators, and Tenders",3165948.532923077,7851.622153846154,87.24024615384616,3.8113793103448277,70.88793103448276,36290.0,90.0,51,Production Occupations,47060.0,22.62,47320.0,22.75,467783.7528653846,1160.1140192307694,44.854216538461536,False,False,False,False,14.77546927882262,14.77546927882262,5362.017801284728,13.297922350940357,252336557.7284593,629257.6856464978,0.002480022044640397,0.19224073117284018
51-4191.00,"Heat Treating Equipment Setters, Operators, and Tenders, Metal and Plastic",1324609.1980461539,9986.77256923077,90.78884153846154,4.279565217391304,57.54565217391304,14590.0,110.0,51,Production Occupations,47450.0,22.81,46360.0,22.29,430489.2909192307,3245.635503846154,58.84000692307692,False,False,False,False,32.4993433198424,32.4993433198424,4741.654190365007,35.749277651826645,224991491.33281958,1657336.5119386832,0.0075394105551747775,0.5844229493327704
51-4192.00,"Layout Workers, Metal and Plastic",256008.8178576923,2829.3309638461537,45.63437038461539,4.094285714285714,73.33285714285715,5610.0,62.0,51,Production Occupations,61870.0,29.74,61870.0,29.74,32034.250050000002,354.03270999999995,20.88811346153846,False,False,False,False,12.512947920335654,12.512947920335652,701.9763783308302,7.758027710608105,43431278.52732847,479989.17445532343,0.011051693404634579,0.8566801353223745
51-4193.00,"Plating Machine Setters, Operators, and Tenders, Metal and Plastic",4636232.321342308,26484.348392307693,147.13526884615385,3.9927272727272722,59.75575757575758,31510.0,180.0,51,Production Occupations,41600.0,20.0,46280.0,22.25,617880.2202,3529.6236,57.22028115384615,False,True,True,False,13.327205743242562,13.327205743242562,4199.402529695732,23.988970337836612,174695145.23534244,1110209.5472350784,0.005712472231037766,0.4428064826570848
51-4194.00,"Tool Grinders, Filers, and Sharpeners",344972.46598846157,3792.8909873076923,60.20461884615385,4.171666666666667,73.17833333333334,5730.0,63.0,51,Production Occupations,48970.0,23.54,48970.0,23.54,63587.0948423077,699.1251265384617,39.32320923076923,False,False,False,False,18.43251305871887,18.43251305871888,1056.1829982645913,11.61248322699289,51721281.42501704,568663.3036258417,0.010994764397905761,0.852267241532925
51-5111.00,Prepress Technicians and Workers,1390924.2395192308,16881.61192307692,60.29147115384615,4.243333333333333,61.93333333333333,23070.0,280.0,51,Production Occupations,47300.0,22.74,37590.0,18.07,859980.9844961539,10437.567215384615,53.92595923076923,False,False,False,False,61.828024852985806,61.828024852985806,14263.725333583825,173.11846958836023,674674208.2785149,6507523.271826461,0.01213697442566103,0.9408064911590154
51-5112.00,Printing Press Operators,13499339.347765384,164660.12435769232,93.02831884615385,4.318695652173913,76.92391304347827,145110.0,1770.0,51,Production Occupations,45160.0,21.71,39740.0,19.11,1983641.5330846154,24195.751592307693,54.91271038461538,False,False,False,False,14.694360086688077,14.694360086688077,21322.985921793068,260.09017353437895,962946044.2281749,10335983.49625622,0.01219764316725243,0.945509273244389
51-5113.00,Print Binding and Finishing Workers,1925655.9627038462,42768.88757307692,52.80109576923077,4.2536000000000005,66.74680000000001,36470.0,810.0,51,Production Occupations,39820.0,19.14,38330.0,18.43,248336.98047307692,5515.573188461539,37.24271269230769,False,False,False,False,12.896227845621123,12.896227845621125,4703.254295298024,104.4594455495311,187283586.0387673,4003930.547913527,0.022210035645736224,1.7216272335717395
51-6011.00,Laundry and Dry-Cleaning Workers,16240529.86633846,122203.0042153846,83.13129538461538,3.9517391304347824,53.67652173913043,195360.0,1470.0,51,Production Occupations,33800.0,16.25,33690.0,16.2,1765187.076738461,13282.273765384612,27.409803846153842,False,False,False,False,10.869023925119228,10.86902392511923,21233.72514011292,159.77465169925264,717699909.7358167,5382808.015747822,0.007524570024570025,0.5832725746977481
51-6021.00,"Pressers, Textile, Garment, and Related Materials",3722999.515757692,33303.01467692308,138.76256115384615,4.238571428571428,74.46678571428572,26830.0,240.0,51,Production Occupations,33880.0,16.29,34450.0,16.56,201439.75351153847,1801.9210153846154,29.863235384615383,False,False,False,False,5.410684386579678,5.410684386579677,1451.6866209193279,12.985642527791228,49183142.71674683,447355.3850824078,0.008945210585165859,0.6933945716747293
51-6031.00,Sewing Machine Operators,12330838.89495,129395.60844230768,112.51792038461538,4.039615384615384,70.22423076923077,109590.0,1150.0,51,Production Occupations,36000.0,17.31,37480.0,18.02,2004238.3588500002,21031.792250000002,48.614241923076925,False,False,False,False,16.253868661529754,16.253868661529758,17812.614666170455,186.9194896075922,641254127.9821364,7005742.470492556,0.01049365818049092,0.8134236248645685
51-6041.00,Shoe and Leather Workers and Repairers,795604.0941538461,7289.566307692308,104.13666153846154,4.284230769230769,60.49230769230769,7640.0,70.0,51,Production Occupations,35950.0,17.29,36500.0,17.55,17128.09836923077,156.93283846153847,15.33634576923077,False,False,False,False,2.1528419090712605,2.15284190907126,164.4771218530443,1.5069893363498823,5912952.530616943,55005.11077677071,0.009162303664921465,0.7102227012774373
51-6042.00,Shoe Machine Operators and Tenders,334881.80676923075,3686.7721846153845,102.41033846153846,4.252631578947368,66.02631578947368,3270.0,36.0,51,Production Occupations,38160.0,18.35,38160.0,18.35,21900.9885,241.1118,35.71381846153846,False,False,False,False,6.539915891905144,6.539915891905144,213.8552496652982,2.354369721085852,8160716.32722778,89842.74855663611,0.011009174311926604,0.8533842366070177
51-6051.00,"Sewers, Hand",146506.1187692308,1635.1129326923078,65.40451730769232,4.491818181818181,65.60636363636364,2240.0,25.0,51,Production Occupations,33760.0,16.23,33760.0,16.23,0.0,0.0,15.459763076923078,False,False,False,False,0.0,0.0,0.0,0.0,0.0,0.0,,
51-6052.00,"Tailors, Dressmakers, and Custom Sewers",1318075.019273077,17800.89037692308,80.91313807692308,4.086818181818182,85.78909090909092,16290.0,220.0,51,Production Occupations,40860.0,19.64,40570.0,19.5,117709.42856538462,1589.6914846153845,28.684675769230772,False,False,False,False,8.930404327843327,8.930404327843325,1454.7628650056781,19.646889521255318,59441610.66413201,797074.3078773282,0.013505217925107426,1.0468668914383201
51-6061.00,Textile Bleaching and Dyeing Machine Operators and Tenders,503287.63384615385,5534.434461538462,86.47553846153846,4.324347826086957,67.58869565217391,5820.0,64.0,51,Production Occupations,37320.0,17.94,37320.0,17.94,69035.8908923077,759.1575630769231,47.23194115384615,False,False,False,False,13.716985327998493,13.71698532799849,798.3285460895124,8.778870609919036,29793621.340060603,327627.4511621784,0.01099656357388316,0.8524067059808929
51-6062.00,"Textile Cutting Machine Setters, Operators, and Tenders",479232.5646769231,5295.091953461539,53.48577730769231,4.122222222222223,72.76444444444445,8960.0,99.0,51,Production Occupations,37940.0,18.24,37940.0,18.24,43615.064123076925,481.90751653846155,26.875919615384614,False,False,False,False,9.101022621966482,9.101022621966482,815.4516269281968,9.010012395746818,30938234.725655787,341839.87029463425,0.011049107142857142,0.8564796593402463
51-6063.00,"Textile Knitting and Weaving Machine Setters, Operators, and Tenders",1196356.9397192309,13173.92363076923,82.33702269230768,4.273157894736842,72.04894736842105,14530.0,160.0,51,Production Occupations,38260.0,18.4,38260.0,18.4,97549.45744615383,1074.1853538461537,18.71851346153846,False,False,False,False,8.153875671005629,8.153875671005629,1184.7581349971178,13.046201073609007,45328846.24498973,499147.6530762806,0.011011699931176877,0.853580011839091
51-6064.00,"Textile Winding, Twisting, and Drawing Out Machine Setters, Operators, and Tenders",1769284.457,19496.484065,85.887595,4.135217391304348,64.08695652173913,20600.0,227.0,51,Production Occupations,37660.0,18.11,37660.0,18.11,411819.31423076923,4538.008948076923,29.57506923076923,False,False,False,False,23.276037530395218,23.276037530395215,4794.863731261415,52.836605193997144,180574568.11930487,1989826.5516059324,0.011019417475728155,0.8541782429760291
51-6091.00,"Extruding and Forming Machine Setters, Operators, and Tenders, Synthetic and Glass Fibers",803260.9026153847,8841.260941538461,53.91012769230769,3.9452941176470584,69.87176470588236,14900.0,164.0,51,Production Occupations,44980.0,21.63,44980.0,21.63,82693.80799999999,910.18688,31.564005769230768,False,False,False,False,10.294763224595188,10.29476322459519,1533.9197204646832,16.88341168833611,68995709.02650145,759415.8577413582,0.011006711409395974,0.8531933229075532
51-6092.00,Fabric and Apparel Patternmakers,117453.49,1314.164923076923,41.067653846153846,4.296250000000001,85.69,2860.0,32.0,51,Production Occupations,67670.0,32.54,67670.0,32.54,35725.3765,399.7244923076923,36.86319730769231,False,False,False,False,30.41661554714125,30.416615547141255,869.9152046482398,9.7333169750852,58867161.89854638,658653.5597040155,0.011188811188811189,0.867308921120419
51-6093.00,Upholsterers,1450327.3004615386,8982.494,69.0961076923077,4.084545454545455,68.19181818181818,20990.0,130.0,51,Production Occupations,46190.0,22.21,43150.0,20.74,137443.27886923077,851.2447000000001,17.61563,False,False,False,False,9.476707693876554,9.476707693876556,1989.1609449446885,12.319720002039519,91879344.04699516,531595.9180880053,0.006193425440686041,0.4800879241194792
51-7011.00,Cabinetmakers and Bench Carpenters,4395318.787092308,112728.81978461538,55.259225384615384,4.136,75.9675,79540.0,2040.0,51,Production Occupations,46020.0,22.12,46750.0,22.48,0.0,0.0,18.010041153846153,False,False,False,False,0.0,0.0,0.0,0.0,0.0,0.0,,
51-7021.00,Furniture Finishers,912994.7257038462,10265.576676923078,64.15985423076923,4.012727272727273,66.36136363636363,14230.0,160.0,51,Production Occupations,42530.0,20.45,46380.0,22.3,0.0,0.0,8.899088461538462,False,False,False,False,0.0,0.0,0.0,0.0,0.0,0.0,,
51-7031.00,"Model Makers, Wood",13926.532153846154,154.73924615384615,38.68481153846154,3.952142857142857,85.17142857142858,360.0,4.0,51,Production Occupations,51850.0,24.93,51850.0,24.93,1927.651569230769,21.41835076923077,20.345215384615383,False,False,False,False,13.841576265620445,13.841576265620448,49.829674556233606,0.5536630506248178,2583668.6257407125,28707.429174896803,0.011111111111111113,0.8612859425015273
51-7032.00,"Patternmakers, Wood",8909.641176923076,98.99601307692308,49.49800653846154,4.101,89.1755,180.0,2.0,51,Production Occupations,52520.0,25.25,52520.0,25.25,1583.126723076923,17.590296923076924,33.80667076923077,False,False,False,False,17.76869226986818,17.76869226986818,31.98364608576272,0.3553738453973636,1679781.0924242581,18664.234360269536,0.011111111111111112,0.8612859425015272
51-7041.00,"Sawing Machine Setters, Operators, and Tenders, Wood",3925008.0137538463,24565.418723076924,90.98303230769231,4.209545454545455,64.91227272727272,43140.0,270.0,51,Production Occupations,39950.0,19.21,38170.0,18.35,458386.2933692308,2868.8989153846155,50.04727269230769,False,False,False,False,11.678607833741308,11.678607833741307,5038.151419476,31.532241151101534,201274149.2080662,1203585.6447375456,0.006258692628650904,0.4851471581545459
51-7042.00,"Woodworking Machine Setters, Operators, and Tenders, Except Sawing",6385542.652326923,77614.33058076924,100.79783192307693,4.0888,75.83359999999999,63350.0,770.0,51,Production Occupations,40440.0,19.44,37880.0,18.21,517932.8366153846,6295.316246153847,50.58979923076924,False,False,False,False,8.111023053407173,8.111023053407173,5138.333104333445,62.45487751123524,207794190.7392445,2365790.760125591,0.012154696132596687,0.9421802022944884
51-8011.00,Nuclear Power Reactor Operators,313129.7466,3448.8066496153847,54.74296269230769,4.416315789473684,81.15157894736842,5720.0,63.0,51,Production Occupations,122610.0,58.95,122610.0,58.95,4026.9988,44.35330846153846,34.42817807692308,False,False,False,False,1.2860479860906322,1.2860479860906322,73.56194480438417,0.8102102312370982,9019430.052465543,99339.87645198061,0.011013986013986014,0.8537572192279124
51-8012.00,Power Distributors and Dispatchers,668161.4875615385,2911.3790307692307,72.78447576923077,4.454285714285715,82.98571428571428,9180.0,40.0,51,Production Occupations,107240.0,51.56,100620.0,48.38,224707.99056923078,979.1197846153846,37.411761923076924,False,False,False,False,33.630790572695936,33.63079057269593,3087.306574573487,13.452316229078374,331082757.05726075,1353572.058969866,0.004357298474945533,0.33775919313785374
51-8013.00,Power Plant Operators,2329510.4315076927,25782.342015384616,75.83041769230769,4.288181818181818,73.76227272727273,30720.0,340.0,51,Production Occupations,99670.0,47.92,103760.0,49.88,159724.93303247864,5303.3669170940175,42.583874358974356,False,False,False,False,6.856588014036166,20.569764042108503,2106.34383791191,23.312399247722965,209939290.3246801,2418894.5459437347,0.033203125,2.573764632865892
51-8013.03,Biomass Plant Technicians,2538744.552369231,28098.08423846154,82.64142423076923,4.165,84.36277777777778,30720.0,340.0,51,Production Occupations,99670.0,47.92,103760.0,49.88,228515.62732307691,7587.4329384615385,32.74329615384615,True,False,True,False,9.001127234712111,27.003381704136338,2765.146286503561,30.603832598021178,275602130.3758099,3175453.6703706775,0.033203125,2.573764632865892
51-8013.04,Hydroelectric Plant Technicians,626707.2354461539,6936.2128923076925,20.400626153846154,4.109523809523809,89.34857142857143,30720.0,340.0,51,Production Occupations,99670.0,47.92,103760.0,49.88,40001.62658461539,1328.1790076923078,7.590866153846154,True,False,True,False,6.38282507718906,19.14847523156718,1960.8038637124794,21.701605262442804,195433321.09622282,2251758.5620310656,0.033203125,2.573764632865892
51-8021.00,Stationary Engineers and Boiler Operators,1815840.2566384615,6489.357642307693,58.994160384615384,4.0484,81.11,30780.0,110.0,51,Production Occupations,75190.0,36.15,69450.0,33.39,350330.9753076923,1251.9950384615386,37.67023269230769,False,False,False,False,19.293050367560173,19.293050367560173,5938.4009031350215,21.22235540431619,446508363.90672225,1473892.5828297595,0.0035737491877842757,0.27702179437183627
51-8031.00,Water and Wastewater Treatment Plant and System Operators,3171588.9074999997,43789.19596153846,25.022397692307692,4.2162500000000005,92.08125,126750.0,1750.0,51,Production Occupations,58260.0,28.01,59120.0,28.42,508845.5775,7025.481346153846,9.282603076923078,False,False,False,False,16.04386925104669,16.043869251046686,20335.60427570168,280.7677118933171,1184752305.1023798,16598987.127132906,0.013806706114398421,1.0702369699723118
51-8091.00,Chemical Plant and System Operators,1034096.0254153847,19128.45786923077,57.96502384615385,4.440526315789474,82.32052631578946,17840.0,330.0,51,Production Occupations,73540.0,35.35,53420.0,25.68,103628.05196923076,1916.8866115384615,15.820365384615386,False,False,False,False,10.021124675303199,10.0211246753032,1787.7686420740906,33.069711428500554,131472505.93812862,1766583.9845104995,0.018497757847533634,1.4338672921690223
51-8092.00,Gas Plant Operators,658406.2102230769,6621.306953846154,41.38316846153846,4.163157894736842,79.37,15910.0,160.0,51,Production Occupations,83400.0,40.1,95690.0,46.01,96407.94227692306,969.533046153846,20.65132653846154,False,False,False,False,14.64262347164963,14.64262347164963,2329.6413943394564,23.42819755463941,194292092.28791067,2241844.2240034454,0.01005656819610308,0.7795422735400372
51-8093.00,"Petroleum Pump System Operators, Refinery Operators, and Gaugers",1972452.542307692,37344.196153846155,56.582115384615385,3.877916666666667,76.74249999999999,34860.0,660.0,51,Production Occupations,97540.0,46.9,101920.0,49.0,452977.0075384616,8576.15676923077,33.273973846153844,False,False,False,False,22.96516635115065,22.965166351150646,8005.656990011117,151.5700979175943,780871782.8056843,15448024.379761212,0.0189328743545611,1.4675956679458038
51-8099.01,Biofuels Processing Technicians,1243630.560826923,6237.645446153846,77.97056807692307,4.316842105263158,85.5278947368421,15950.0,80.0,51,Production Occupations,61710.0,29.67,63380.0,30.47,468428.31115384615,2349.4836923076923,33.940570384615384,False,False,False,False,37.66619492225856,37.66619492225856,6007.75809010024,30.13295593780685,370738751.74008584,1909826.7473381984,0.005015673981191223,0.3887936542953603
51-9011.00,Chemical Equipment Operators and Tenders,13060689.821423076,153763.71346153846,102.50914230769231,4.324347826086957,91.0004347826087,127410.0,1500.0,51,Production Occupations,57090.0,27.45,39110.0,18.81,1752753.2999538463,20635.19307692308,46.14210038461539,False,False,False,False,13.42006681055127,13.42006681055127,17098.507123323376,201.30100215826909,976153771.6705315,7872882.194409904,0.01177301624676242,0.9125940054760707
51-9012.00,"Separating, Filtering, Clarifying, Precipitating, and Still Machine Setters, Operators, and Tenders",4069499.1003076923,36790.67452307692,75.08300923076924,3.9685,74.48949999999999,54200.0,490.0,51,Production Occupations,49500.0,23.8,45620.0,21.94,316721.20215384616,2863.3466615384614,40.92963,False,False,False,False,7.782805557811748,7.782805557811748,4218.280612333967,38.13574723327756,208804890.31053138,1739752.7887821223,0.009040590405904058,0.7007880085667407
51-9021.00,"Crushing, Grinding, and Polishing Machine Setters, Operators, and Tenders",1812560.5812115385,15871.808942307693,63.48723576923077,3.8319047619047617,74.96095238095238,28550.0,250.0,51,Production Occupations,46890.0,22.54,50440.0,24.25,271709.91076923074,2379.246153846154,34.69361961538461,False,False,False,False,14.990390588082656,14.990390588082658,4279.756512897598,37.47597647020664,200677782.8897684,1890288.2531572229,0.008756567425569179,0.678771758538857
51-9022.00,"Grinding and Polishing Workers, Hand",945992.0539615385,6386.4442461538465,79.83055307692308,3.949411764705882,74.42117647058824,11850.0,80.0,51,Production Occupations,41690.0,20.04,35710.0,17.17,151288.5990576923,1021.3576307692308,45.104940769230765,False,False,False,False,15.992586663295938,15.992586663295938,1895.1215196005685,12.79406933063675,79007616.1521477,456876.21579703834,0.006751054852320675,0.5233129777224469
51-9023.00,"Mixing and Blending Machine Setters, Operators, and Tenders",8208823.264184616,132689.22967692307,81.40443538461538,4.342499999999999,86.6,100840.0,1630.0,51,Production Occupations,47680.0,22.92,44920.0,21.6,903580.3494,14605.67205,47.71080038461538,False,False,False,False,11.007428474460557,11.007428474460559,11099.890873646025,179.42108413370707,529242796.85544246,8059595.099286121,0.016164220547401825,1.2529814336074379
51-9031.00,"Cutters and Trimmers, Hand",528295.438676923,5828.43624,74.72354153846155,4.054444444444445,67.02333333333334,7070.0,78.0,51,Production Occupations,38800.0,18.65,38800.0,18.65,100011.16493846153,1103.37636,46.81760653846154,False,False,False,False,18.930915850595287,18.930915850595287,1338.4157506370868,14.766114363464323,51930531.12471897,572925.2373024158,0.011032531824611034,0.8551948113664387
51-9032.00,"Cutting and Slicing Machine Setters, Operators, and Tenders",5621717.998923076,73316.47369230769,118.25237692307692,4.098400000000001,70.9344,47540.0,620.0,51,Production Occupations,45700.0,21.97,44830.0,21.55,2156165.619523077,28119.955492307687,93.867325,False,False,False,False,38.35421164733134,38.35421164733133,18233.59221714132,237.79611221345434,833275164.3233583,10660399.710529158,0.013041649137568362,1.0109330162302317
51-9041.00,"Extruding, Forming, Pressing, and Compacting Machine Setters, Operators, and Tenders",5994482.306196154,82632.01922692308,104.5974926923077,4.176153846153846,63.95692307692308,57310.0,790.0,51,Production Occupations,45130.0,21.7,38940.0,18.72,1289958.2335115387,17781.661219230773,60.03012961538462,False,False,False,False,21.519093186382126,21.519093186382126,12332.592305115597,170.0008361724188,556569890.7298669,6619832.5605539875,0.013784679811551213,1.0685295849216294
51-9051.00,"Furnace, Kiln, Oven, Drier, and Kettle Operators and Tenders",1080851.6429538461,10701.501415384615,66.88438384615385,3.998823529411765,61.52117647058823,16160.0,160.0,51,Production Occupations,47010.0,22.6,37180.0,17.88,302832.5202461538,2998.3417846153843,48.657749230769234,False,False,False,False,28.017954380727637,28.017954380727645,4527.701427925586,44.828727009164226,212847244.12678182,1666732.070200726,0.009900990099009901,0.7674825230211628
51-9061.00,"Inspectors, Testers, Sorters, Samplers, and Weighers",68537629.96816154,806897.9068615384,115.93360730769231,4.124516129032258,65.03483870967742,591180.0,6960.0,51,Production Occupations,47460.0,22.82,48000.0,23.08,4941828.918438463,58180.468338461535,68.14038923076923,False,False,False,False,7.210387812846957,7.210387812846954,42626.37067198864,501.8429917741482,2023047552.0925808,24088463.60515911,0.011773064041408704,0.9125977103131981
51-9071.00,Jewelers and Precious Stone and Metal Workers,1485717.3654923076,30450.227815384616,63.43797461538461,3.943793103448276,82.91862068965517,23420.0,480.0,51,Production Occupations,49140.0,23.63,46200.0,22.21,27293.283034615386,1117.268896153846,14.250426153846153,False,False,False,False,1.837044088501414,3.669164325888423,430.23572552703115,8.817811624806787,21141783.55239831,407382.89706607355,0.04093567251461988,3.173158735531942
51-9071.06,Gem and Diamond Workers,965553.0222461538,19789.30190769231,41.22771230769231,4.175714285714286,55.50214285714286,23420.0,480.0,51,Production Occupations,49140.0,23.63,46200.0,22.21,0.0,0.0,16.800333076923074,False,False,False,False,0.0,0.0,0.0,0.0,0.0,0.0,,
51-9081.00,Dental Laboratory Technicians,2736965.3092923076,94405.93785,80.68883576923076,4.4541176470588235,65.29294117647059,33920.0,1170.0,51,Production Occupations,48310.0,23.23,45770.0,22.0,123229.8336,4250.55735,21.769356538461537,False,False,False,False,4.502425850324838,4.502425850324837,1527.2228484301852,52.678382448800605,73780135.80766225,2411089.5646816036,0.03449292452830189,2.6737443910793286
51-9082.00,Medical Appliance Technicians,457609.06141153845,8363.612088461537,39.82672423076923,4.183333333333334,85.45466666666667,11490.0,210.0,51,Production Occupations,47060.0,22.63,40600.0,19.52,0.0,0.0,10.32946,False,False,False,False,0.0,0.0,0.0,0.0,0.0,0.0,,
51-9083.00,Ophthalmic Laboratory Technicians,2122233.1681384617,23328.710386153845,113.24616692307691,4.417222222222223,76.83055555555556,18740.0,206.0,51,Production Occupations,38420.0,18.47,38420.0,18.47,0.0,0.0,31.975242692307692,False,False,False,False,0.0,0.0,0.0,0.0,0.0,0.0,,
51-9111.00,Packaging and Filling Machine Operators and Tenders,34366853.66357692,472716.5824615385,89.52965576923077,4.284000000000001,86.549,383860.0,5280.0,51,Production Occupations,40900.0,19.67,40430.0,19.44,11840858.701176923,162871.18726153846,69.19481884615385,False,False,False,False,34.45429953259364,34.45429953259364,132256.27418581393,1819.1870153209443,5409281614.19979,73549731.02942577,0.013755014849163758,1.0662300835636058
51-9123.00,"Painting, Coating, and Decorating Workers",224983.7462653846,3984.3638653846156,26.562425769230767,4.2155555555555555,70.86444444444444,8470.0,150.0,51,Production Occupations,40860.0,19.64,42020.0,20.2,0.0,0.0,4.892685769230769,False,False,False,False,0.0,0.0,0.0,0.0,0.0,0.0,,
51-9124.00,"Coating, Painting, and Spraying Machine Setters, Operators, and Tenders",13147922.649230769,146729.16812307693,82.43211692307692,4.099130434782609,72.37652173913044,159500.0,1780.0,51,Production Occupations,47590.0,22.88,45720.0,21.98,1499208.4101923078,16730.97786923077,44.60584699300699,True,False,True,False,11.402625724148297,11.402625724148296,18187.188030016536,202.9667378898397,865528278.3484869,9279639.25632347,0.01115987460815047,0.8650658808071765
51-9141.00,Semiconductor Processing Technicians,3008713.8776153848,13101.708953846155,93.58363538461539,4.1745,58.0955,32150.0,140.0,51,Production Occupations,51180.0,24.6,39090.0,18.8,603786.9170384615,2629.2431846153845,52.965938076923074,False,True,True,False,20.06794070817411,20.067940708174106,6451.842937677977,28.095116991443753,330205321.55035883,1098238.1231955362,0.004354587869362363,0.33754907855425326
51-9151.00,Photographic Process Workers and Processing Machine Operators,497345.72907692305,9857.302738461538,89.61184307692308,3.998518518518519,72.92888888888889,5550.0,110.0,51,Production Occupations,40100.0,19.28,40250.0,19.35,309857.98142307694,6141.329361538461,82.17983653846153,False,False,False,False,62.30233081485898,62.30233081485898,3457.7793602246734,68.53256389634488,138656952.34500942,2758435.6968278815,0.019819819819819815,1.5363478974351563
51-9161.00,Computer Numerically Controlled Tool Operators,19552548.48244231,106077.68603076923,110.49758961538461,4.262962962962963,83.08666666666667,176950.0,960.0,51,Production Occupations,49970.0,24.02,45880.0,22.06,9404969.881596154,51024.41981538462,78.54864961538462,True,True,True,True,48.10099251277437,48.10099251277438,85114.70625135423,461.7695281226339,4253181871.380171,21185985.950266443,0.005425261373269286,0.420543121967403
51-9162.00,Computer Numerically Controlled Tool Programmers,844453.4579076923,4487.000307692308,29.913335384615387,4.048,77.03933333333333,28230.0,150.0,51,Production Occupations,65670.0,31.57,69590.0,33.46,390599.6501884615,2075.4497884615384,30.24107174556213,True,True,True,True,46.25472801736791,46.25472801736792,13057.709719302962,69.38209202605186,857499797.2666255,4828299.78409295,0.005313496280552604,0.4118795686776698
51-9191.00,Adhesive Bonding Machine Operators and Tenders,867845.9765384615,4991.718846153846,71.31026923076922,4.23,82.640625,12170.0,70.0,51,Production Occupations,45210.0,21.74,54640.0,26.27,262152.6078961538,1507.8621653846153,40.21775384615385,False,False,False,False,30.207273523556587,30.207273523556587,3676.2251878168363,21.14509146648961,166202140.74119917,1155367.7977289923,0.005751848808545604,0.4458587869975038
51-9192.00,"Cleaning, Washing, and Metal Pickling Equipment Operators and Tenders",405145.9454076923,5541.953176923077,29.168174615384615,3.960909090909091,71.74545454545455,13890.0,190.0,51,Production Occupations,41460.0,19.93,43730.0,21.02,88649.32428461539,1212.6257461538462,20.245027307692308,False,False,False,False,21.88083708832601,21.88083708832601,3039.248271568483,41.57359046781942,126007233.3392293,1818013.1111577433,0.013678905687544997,1.0603304259738024
51-9193.00,Cooling and Freezing Equipment Operators and Tenders,395275.6543038462,4378.62257423077,59.98113115384616,3.8955555555555557,56.053333333333335,6590.0,73.0,51,Production Occupations,40160.0,19.31,40160.0,19.31,65164.254380769235,721.8498588461539,35.83040576923077,False,False,False,False,16.48577484376962,16.48577484376962,1086.412562204418,12.034615635951823,43630328.49812943,483310.1639398252,0.011077389984825494,0.8586720246183663
51-9194.00,Etchers and Engravers,1144383.631203846,10911.882061538461,136.39852576923076,4.17576923076923,46.301153846153845,8390.0,80.0,51,Production Occupations,40450.0,19.45,39190.0,18.84,347400.3704269231,3312.5184307692307,98.38004923076923,False,False,False,False,30.356985276123854,30.356985276123854,2546.9510646667914,24.285588220899086,103024170.56577171,951752.2023770352,0.009535160905840286,0.7391250042921329
51-9195.00,"Molders, Shapers, and Casters, Except Metal and Plastic",2615499.5277884617,38385.74846538462,75.26617346153846,3.8240909090909088,48.28409090909091,34750.0,510.0,51,Production Occupations,45690.0,21.97,39260.0,18.87,1190.5281,2353.3695,25.631326153846153,False,False,False,False,0.045518192121665274,6.13084176832507,15.817571762278682,0.2321427798204929,722704.853818513,9113.92553575255,1.9767441860465114,153.22877814271354
51-9195.03,"Stone Cutters and Carvers, Manufacturing",1545986.6420192309,22689.300357692307,44.48882423076923,3.94125,67.443125,34750.0,510.0,51,Production Occupations,45690.0,21.97,39260.0,18.87,893.0665092307692,1603.746196153846,26.11380423076923,False,False,False,False,0.057766767509991206,7.068292855535898,20.073951709721943,0.29461051430095514,917178.8536171955,11566.408791455498,1.795774647887324,139.20079141133837
51-9195.04,"Glass Blowers, Molders, Benders, and Finishers",3154935.82,46302.6552,90.78952,4.14375,47.724375,34750.0,510.0,51,Production Occupations,45690.0,21.97,39260.0,18.87,12695.919776153847,2822.5453730769236,30.713026153846155,False,False,False,False,0.40241451809165,6.095860725233147,139.83904503684838,2.0523140422674153,6389245.967733602,80573.84929941873,0.22231909328683525,17.233227881787315
51-9195.05,"Potters, Manufacturing",2156722.2758653844,31652.614696153847,62.06395038461538,4.186521739130435,75.88521739130434,34750.0,510.0,51,Production Occupations,45690.0,21.97,39260.0,18.87,39141.24830000001,3411.1477500000005,28.046726923076925,False,False,False,False,1.8148487980120014,10.776827705214805,630.6599573091705,9.255728869861207,28814853.449456003,363379.915430751,0.08714969241285031,6.755472447166798
51-9196.00,"Paper Goods Machine Setters, Operators, and Tenders",6154645.676846154,58404.06418461539,63.48267846153846,4.192857142857142,58.62357142857143,96950.0,920.0,51,Production Occupations,49390.0,23.75,59100.0,28.42,2226606.873346154,21129.224584615386,40.61296115384616,False,False,False,False,36.17766140011397,36.17766140011396,35074.24272741049,332.83448488104847,1732316848.3068042,19670518.056469966,0.009489427539969056,0.7355799488305977
51-9197.00,Tire Builders,3167911.1067923075,34896.87485307692,151.06872230769233,4.396,50.7365,20970.0,231.0,51,Production Occupations,55580.0,26.72,55580.0,26.72,0.0,0.0,38.627588076923075,False,False,False,False,0.0,0.0,0.0,0.0,0.0,0.0,,
51-9198.00,Helpers--Production Workers,15836644.606846156,121027.55446153847,94.55277692307693,3.7243333333333335,56.074666666666666,167490.0,1280.0,51,Production Occupations,38220.0,18.38,35940.0,17.280000000000005,4715129.199288461,36034.18338461539,60.60145846153846,False,False,False,False,29.773536732965006,29.773536732965013,49867.69667404309,381.10127018195203,1905943366.8819268,13696779.650339356,0.007642247298346171,0.5923944150467249
53-1041.00,Aircraft Cargo Handling Supervisors,178738.66286153847,879.6194038461538,17.592388076923076,4.498333333333333,72.11166666666666,10160.0,50.0,53,Transportation and Material Moving Occupations,63940.0,30.74,78990.0,37.98,69876.05258461538,343.8782115384615,9.778256153846153,True,False,True,False,39.09397746739635,39.09397746739636,3971.948110687469,19.546988733698175,253966362.1973568,1544016.6400748189,0.004921259842519686,0.38147507295835364
53-1042.00,"First-Line Supervisors of Helpers, Laborers, and Material Movers, Hand",6507501.0368,71661.99491538461,52.84807884615385,3.9945833333333334,79.10666666666667,123136.0,1356.0,53,Transportation and Material Moving Occupations,61900.0,29.76,61900.0,29.76,3166658.0428365385,34876.83841346153,35.98381807692307,True,False,True,False,48.661660212254255,48.66852849218418,59920.0219189614,659.8521124781677,3709049356.7837105,40844845.76239858,0.011013768440314622,0.8537403538448959
53-1042.01,Recycling Coordinators,3852470.02624,42424.22488615385,31.286301538461537,3.66,59.20086956521739,123136.0,1356.0,53,Transportation and Material Moving Occupations,61900.0,29.76,61900.0,29.76,1047842.875245,11545.92576,22.65551,True,False,True,False,27.19924796579642,27.215407685075437,33492.06597516308,368.82180241619943,2073158883.8625946,22830069.569562744,0.011018756755205692,0.8541270267392164
53-1043.00,First-Line Supervisors of Material-Moving Machine and Vehicle Operators,4035866.65344,44443.827816923076,32.77568423076923,3.9463157894736844,86.13684210526316,123136.0,1356.0,53,Transportation and Material Moving Occupations,61900.0,29.76,61900.0,29.76,2463709.9388121213,27134.90302606061,8.289057902097902,True,True,True,True,61.04537514172229,61.054378884368575,75168.83313451117,827.7752869217543,4652950771.026241,51239290.26045659,0.011013838357588358,0.8537457735337465
53-2011.00,"Airline Pilots, Copilots, and Flight Engineers",8067072.610961539,144606.13542307692,81.23940192307693,4.28375,78.83291666666666,99300.0,1780.0,53,Transportation and Material Moving Occupations,226600.0,108.9423076923077,133230.0,64.05288461538461,2087887.5670384616,37426.38337692308,64.85760346153846,False,False,False,False,25.881601266380567,25.88160126638057,25700.430057515903,460.6925025415741,5823717451.033104,61378062.11361391,0.017925478348439074,1.389506626271346
53-2012.00,Commercial Pilots,2811212.5928692305,36882.58852307692,54.23910076923077,4.40875,83.19208333333333,51830.0,680.0,53,Transportation and Material Moving Occupations,122670.0,58.97596153846154,101160.0,48.63461538461539,302995.78784615383,3975.2486153846157,37.06192115384616,False,False,False,False,10.778117194505905,10.778117194505906,5586.298141912411,73.29119692264015,685271193.0683954,7414137.480694278,0.013119814779085474,1.0169920833705088
53-2021.00,Air Traffic Controllers,3444597.9766153847,53821.843384615386,153.77669538461538,4.473478260869565,83.81739130434782,22400.0,350.0,53,Transportation and Material Moving Occupations,144580.0,69.51,156120.0,75.06,422772.81846153847,6605.825288461539,93.45266461538462,False,False,False,False,12.273502490904594,12.273502490904594,2749.2645579626287,42.957258718166074,397488669.79023683,6706487.231080088,0.015625,1.2111833566427725
53-2022.00,Airfield Operations Specialists,1163714.9696,20281.090215384615,69.93479384615385,4.045925925925926,67.87296296296296,16640.0,290.0,53,Transportation and Material Moving Occupations,56750.0,27.28,61400.0,29.52,55431.4112,966.0522384615384,43.086014999999996,False,False,False,False,4.763315128536438,4.763315128536437,792.6156373884633,13.81361387275567,44980937.421795286,848155.8917871981,0.017427884615384612,1.3509352824092462
53-2031.00,Flight Attendants,13289143.002796154,146363.39960807693,102.13775269230769,4.0308,93.4604,130110.0,1433.0,53,Transportation and Material Moving Occupations,67130.0,32.27403846153846,49330.0,23.716346153846157,610931.3548730769,6728.649846538462,76.24304923076923,False,False,False,False,4.597221617259529,4.59722161725953,5981.445046216373,65.87818577532904,401534405.9525051,3249770.9042969816,0.011013757589731766,0.8537395127539925
53-3011.00,"Ambulance Drivers and Attendants, Except Emergency Medical Technicians",155773.41664615384,1715.0550011538462,12.895150384615384,4.087272727272727,88.04909090909092,12080.0,133.0,53,Transportation and Material Moving Occupations,34330.0,16.51,34330.0,16.51,13310.041353846154,146.54267384615386,1.1018246153846154,False,False,False,False,8.544488296151647,8.544488296151647,1032.1741861751188,11.364169433881692,35434539.81139183,390131.9366651585,0.011009933774834437,0.8534431069323908
53-3031.00,Driver/Sales Workers,19890317.144561537,161059.05789999999,47.650608846153844,3.880909090909091,63.86181818181819,417420.0,3380.0,53,Transportation and Material Moving Occupations,37130.0,17.85,26310.0,12.65,0.0,0.0,44.519309615384614,False,False,False,False,0.0,0.0,0.0,0.0,0.0,0.0,,
53-3032.00,Heavy and Tractor-Trailer Truck Drivers,106982890.53332308,1254561.5423230769,51.67057423076923,4.340344827586207,78.19413793103449,2070480.0,24280.0,53,Transportation and Material Moving Occupations,57440.0,27.62,59580.0,28.64,18280408.07556923,214369.76356923077,24.903088461538463,False,False,False,False,17.087225802592464,17.087225802592464,353787.59279751644,4148.778424869451,20321559330.289345,247184218.55372187,0.011726749352807079,0.9090075931930457
53-3033.00,Light Truck Drivers,36082699.24181538,358138.23424615385,36.285535384615386,4.41,78.43153846153847,994410.0,9870.0,53,Transportation and Material Moving Occupations,44140.0,21.22,43760.0,21.04,6786862.783684615,67362.89425384614,22.04848076923077,False,True,True,False,18.809188132520532,18.80918813252053,187040.4477085974,1856.4668686797763,8255965361.85749,81238990.17342702,0.00992548345249947,0.7693811433152387
53-3052.00,"Bus Drivers, Transit and Intercity",8474634.1875,63710.5,56.884375,4.2542857142857144,84.59285714285714,148980.0,1120.0,53,Transportation and Material Moving Occupations,57440.0,27.61,49500.0,23.8,1414001.0961,10630.159938461538,32.405720384615385,True,False,True,False,16.685098905928438,16.685098905928438,24857.460350052188,186.8731077463985,1427812522.5069976,9250218.833446724,0.007517787622499664,0.5827468318173845
53-4011.00,Locomotive Engineers,2331473.328369231,25508.460923076924,72.88131692307692,4.5878571428571435,90.2242857142857,31990.0,350.0,53,Transportation and Material Moving Occupations,77400.0,37.21,79800.0,38.37,0.0,0.0,42.80503,False,False,False,False,0.0,0.0,0.0,0.0,0.0,0.0,,
53-4013.00,"Rail Yard Engineers, Dinkey Operators, and Hostlers",228229.50276923075,2489.7763938461535,69.16045538461537,4.204782608695653,76.55434782608695,3300.0,36.0,53,Transportation and Material Moving Occupations,58030.0,27.9,58030.0,27.9,0.0,0.0,21.80336846153846,False,False,False,False,0.0,0.0,0.0,0.0,0.0,0.0,,
53-4022.00,"Railroad Brake, Signal, and Switch Operators and Locomotive Firers",1375156.7274307692,15120.102059230769,110.36570846153846,4.226,80.89920000000001,12460.0,137.0,53,Transportation and Material Moving Occupations,65480.0,31.48,65480.0,31.48,0.0,0.0,38.917845692307694,True,True,True,True,0.0,0.0,0.0,0.0,0.0,0.0,,
53-4031.00,Railroad Conductors and Yardmasters,2202948.946153846,24242.23846153846,51.57923076923077,4.0745,73.827,42710.0,470.0,53,Transportation and Material Moving Occupations,74080.0,35.62,74080.0,35.62,0.0,0.0,29.097885,False,False,False,False,0.0,0.0,0.0,0.0,0.0,0.0,,
53-4041.00,Subway and Streetcar Operators,511841.54353846156,50071.455346153845,55.63495038461538,4.564,96.20599999999999,9200.0,900.0,53,Transportation and Material Moving Occupations,84830.0,40.78,57200.0,27.5,91284.44876923077,8930.000423076923,26.26502076923077,False,False,False,False,17.83451341955625,17.83451341955625,1640.7752345991748,160.51062077600625,139186963.151048,9181207.508387558,0.09782608695652173,7.583061015502576
53-5011.00,Sailors and Marine Oilers,1298434.252553846,14284.432944230768,41.40415346153846,3.7621428571428575,73.96857142857142,31360.0,345.0,53,Transportation and Material Moving Occupations,49610.0,23.85,49610.0,23.85,20890.958523076923,229.82719038461536,15.545869615384614,False,False,False,False,1.6089346443215902,1.6089346443215902,504.5619044592506,5.550824522909486,25031316.080223422,275376.4045815396,0.011001275510204082,0.8527719551872582
53-5021.00,"Captains, Mates, and Pilots of Water Vessels",3721240.573603846,41008.30245,105.14949346153846,4.3389655172413795,84.44413793103449,35390.0,390.0,53,Transportation and Material Moving Occupations,85540.0,41.13,49120.0,23.62,936370.4801307692,10318.8609,79.19853653846154,False,False,False,False,25.162857966582326,25.162857966582326,8905.135434373486,98.13514606967107,761745285.0563079,4820398.374942243,0.011020062164453235,0.8542282164962871
53-5022.00,Motorboat Operators,127878.91953846153,1396.9966,53.73063846153846,4.254375,75.67375,2380.0,26.0,53,Transportation and Material Moving Occupations,51880.0,24.94,51880.0,24.94,9973.076023076921,108.94956999999998,21.258763846153848,False,False,False,False,7.798842889095075,7.798842889095075,185.6124607604628,2.0276991511647195,9629574.464252809,105197.03196242565,0.01092436974789916,0.846810548509905
53-5031.00,Ship Engineers,254523.951,2818.1556346153843,29.664796153846154,4.333529411764706,88.21411764705883,8580.0,95.0,53,Transportation and Material Moving Occupations,101320.0,48.71,101320.0,48.71,24973.8324,276.5167923076923,13.317369615384614,False,False,False,False,9.811977341181539,9.811977341181539,841.8676558733761,9.321378474122461,85298030.89309046,944442.0669980878,0.011072261072261072,0.8582744531920813
53-6011.00,Bridge and Lock Tenders,255078.64984615386,2813.3674615384616,93.77891538461539,4.566111111111111,74.32722222222223,2720.0,30.0,53,Transportation and Material Moving Occupations,58490.0,28.12,58490.0,28.12,37831.934953846154,417.2639884615385,55.04918076923077,False,False,False,False,14.831478438773221,14.831478438773225,403.4162135346316,4.4494435316319665,23595814.3296406,260247.95216515372,0.011029411764705883,0.8549529576301925
53-6021.00,Parking Attendants,8423641.491326923,26900.600380769232,62.55953576923077,3.95,66.38133333333333,134650.0,430.0,53,Transportation and Material Moving Occupations,34600.0,16.63,34590.0,16.63,1106876.2903269231,3534.770180769231,34.16623615384616,False,True,True,False,13.140116319843093,13.140116319843093,17693.166624668724,56.5025001753253,612183565.2135378,1954421.4810645021,0.003193464537690308,0.2475437502770821
53-6031.00,Automotive and Watercraft Service Attendants,5508444.193007693,94731.5629,56.054179230769236,3.9314285714285715,65.79714285714286,98270.0,1690.0,53,Transportation and Material Moving Occupations,34850.0,16.76,34350.0,16.51,68864.21434615385,1184.2935,22.300322692307695,False,False,False,False,1.2501572482765404,1.2501572482765404,1228.5295278813562,21.12765749587353,42814254.046665266,725735.0349832558,0.01719751704487636,1.3330781709014172
53-6041.00,Traffic Technicians,157279.8106153846,1722.1931769230769,20.749315384615382,3.7939130434782613,53.59608695652174,7580.0,83.0,53,Transportation and Material Moving Occupations,58480.0,28.12,58480.0,28.12,34115.05819230769,373.55538653846156,16.640893846153848,False,False,False,False,21.690678580312753,21.690678580312753,1644.1534363877065,18.003263221659587,96150092.95995307,1052830.8332026526,0.010949868073878629,0.8487870699850143
53-6051.00,Transportation Inspectors,339442.78973846155,3493.4077846153846,14.555865769230769,4.094285714285714,75.64428571428572,23320.0,240.0,53,Transportation and Material Moving Occupations,85750.0,41.23,62960.0,30.27,14305.799643223443,126.9854428021978,9.320641318681318,False,False,False,False,4.214495071244839,3.6350019989486735,982.8202506142964,10.114788170987612,84276836.49017592,636827.0632453801,0.008876500857632932,0.6880684866553796
53-6051.01,Aviation Inspectors,354741.8308923077,3650.8593230769234,15.211913846153847,4.2846153846153845,78.90153846153846,23320.0,240.0,53,Transportation and Material Moving Occupations,85750.0,41.23,62960.0,30.27,0.0,0.0,6.552465384615385,False,False,False,False,0.0,0.0,0.0,0.0,0.0,0.0,,
53-6051.07,"Transportation Vehicle, Equipment and Systems Inspectors, Except Aviation",961234.7845692307,9892.639292307693,41.21933038461538,3.8392857142857144,54.53357142857143,23320.0,240.0,53,Transportation and Material Moving Occupations,85750.0,41.23,62960.0,30.27,0.0,0.0,6.680162692307692,False,False,False,False,0.0,0.0,0.0,0.0,0.0,0.0,,
53-6061.00,Passenger Attendants,774002.0937384615,1832.6805692307692,30.544676153846154,4.185,59.73083333333333,25340.0,60.0,53,Transportation and Material Moving Occupations,37560.0,18.06,33780.0,16.24,148783.99517692308,352.2904384615385,20.174645769230768,False,True,True,False,19.222686395884324,19.222686395884324,4871.028732717088,11.533611837530593,182955839.20085382,389605.4078717834,0.0023677979479084454,0.18354159784957566
53-7011.00,Conveyor Operators and Tenders,1707166.7751461538,15067.089726923077,65.50908576923077,4.308,56.552499999999995,26060.0,230.0,53,Transportation and Material Moving Occupations,41230.0,19.82,40680.0,19.56,300207.5616230769,2649.5678884615386,34.25875307692308,False,False,False,False,17.58513380143399,17.58513380143399,4582.685868653698,40.445807743298175,188944138.36459196,1645335.4589973697,0.008825786646201076,0.6841373372901618
53-7021.00,Crane and Tower Operators,1117087.569230769,13564.634769230768,26.597323076923075,4.134545454545454,76.08545454545455,42000.0,510.0,53,Transportation and Material Moving Occupations,66370.0,31.91,69020.0,33.18,273932.3676923077,3326.3216076923077,16.180288846153847,False,False,False,False,24.522013782763565,24.522013782763565,10299.245788760698,125.06227029209418,683560943.0000476,8631797.895560341,0.012142857142857143,0.9412624943052404
53-7031.00,Dredge Operators,33738.22521538461,360.31114307692303,32.755558461538456,4.276666666666666,91.56833333333333,1030.0,11.0,53,Transportation and Material Moving Occupations,48430.0,23.28,48430.0,23.28,8581.757169230768,91.64983384615384,12.878022307692307,False,False,False,False,25.43630293071104,25.436302930711047,261.9939201863237,2.7979933223782143,12688365.554623656,135506.81660277693,0.010679611650485437,0.8278379447344776
53-7041.00,Hoist and Winch Operators,121793.91027692308,1325.9820876923077,49.110447692307694,4.202307692307692,69.09461538461538,2480.0,27.0,53,Transportation and Material Moving Occupations,52310.0,25.15,52310.0,25.15,79356.86375384615,863.9658553846153,39.53571576923077,False,False,False,False,65.15667620278573,65.15667620278573,1615.885569829086,17.592302574752146,84526974.15775949,920253.3476852848,0.010887096774193548,0.8439213065639964
53-7051.00,Industrial Truck and Tractor Operators,33152652.325315382,284716.9218153846,41.14406384615384,4.276666666666667,69.55666666666667,805770.0,6920.0,53,Transportation and Material Moving Occupations,46390.0,22.3,47500.0,22.84,15643869.594230767,134350.4692307692,32.98274307692307,False,False,False,False,47.187384709744926,47.187384709744926,380221.78977571166,3265.3670219143487,17638488827.695263,155104933.54093155,0.008588058627151668,0.6657096752050227
53-7061.00,Cleaners of Vehicles and Equipment,17763444.0432,211379.094,47.50092,3.6670000000000003,74.3255,373960.0,4450.0,53,Transportation and Material Moving Occupations,35270.0,16.96,34170.0,16.43,547525.3356461538,6515.369942307692,8.058274230769232,False,False,False,False,3.082315199206829,3.08231519920683,11526.62591895386,137.16302636470388,406544096.1615026,4686860.610881932,0.01189966841373409,0.9224115412660757
53-7062.00,"Laborers and Freight, Stock, and Material Movers, Hand",104293614.92297308,1040303.0460576924,34.96816961538462,3.82,53.29923076923077,2982530.0,29750.0,53,Transportation and Material Moving Occupations,38940.0,18.72,39570.0,19.02,15415617.550001923,307533.9541346154,13.616541153846153,False,False,False,False,14.780979220431908,29.561958440863815,440847.13954314776,4397.341318078493,17166587613.810173,174002795.95636597,0.019949505956352493,1.5464006136051198
53-7062.04,Recycling and Reclamation Workers,121318984.78642309,1210126.9048076924,40.67653461538462,3.992857142857143,54.92785714285714,2982530.0,29750.0,53,Transportation and Material Moving Occupations,38940.0,18.72,39570.0,19.02,11483795.856769232,229096.05384615384,7.700707692307693,True,False,True,False,9.465786312823147,18.93157262564629,282319.9165158442,2816.0714280648863,10993537549.126972,111431946.40852755,0.01994950595635249,1.5464006136051196
53-7063.00,Machine Feeders and Offbearers,3046065.1355346153,10438.432676923077,65.24020423076924,4.075384615384616,72.78307692307693,46690.0,160.0,53,Transportation and Material Moving Occupations,39700.0,19.09,39440.0,18.96,494630.41212307697,1695.0281846153848,16.47918307692308,False,False,False,False,16.2383399603917,16.2383399603917,7581.6809275068845,25.98134393662672,300992732.82202333,1024704.2048605578,0.0034268579995716426,0.26563541597819645
53-7064.00,"Packers and Packagers, Hand",29866163.405723076,348597.4779,49.657760384615386,4.128333333333333,72.48166666666667,601440.0,7020.0,53,Transportation and Material Moving Occupations,35580.0,17.1,35430.0,17.03,2629083.924923077,30686.634000000002,12.669730000000001,False,False,False,False,8.802884686619244,8.802884686619244,52944.06965920278,617.962505000671,1883749998.4744349,21894411.55217377,0.011671987230646448,0.9047626670531804
53-7065.00,Stockers and Order Fillers,200687368.488,1948729.4886153846,72.20190769230769,3.9113333333333333,81.50099999999999,2779530.0,26990.0,53,Transportation and Material Moving Occupations,37090.0,17.83,37800.0,18.17,89650292.46375,870528.9720192308,47.73937269230769,True,True,True,True,44.67161692297071,44.67161692297071,1241660.993859048,12056.869407509796,46053206262.23209,455749663.6038703,0.009710274758682223,0.7526990832732366
53-7071.00,Gas Compressor and Gas Pumping Station Operators,153588.00549615384,1683.1562246153846,30.056361153846154,3.9853846153846155,91.80461538461539,5110.0,56.0,53,Transportation and Material Moving Occupations,71510.0,34.38,71510.0,34.38,97221.48226538462,1065.4409015384615,28.503204615384615,False,False,False,False,63.3001789113143,63.30017891131428,3234.6391423681607,35.44810019033601,231309045.07074717,2534893.644610928,0.01095890410958904,0.849487504933013
53-7072.00,"Pump Operators, Except Wellhead Pumpers",310134.70384615386,4922.773076923077,24.613865384615387,4.162142857142857,76.58714285714287,12600.0,200.0,53,Transportation and Material Moving Occupations,60020.0,28.86,73840.0,35.5,68390.42053846153,1085.5622307692308,19.405186153846152,False,False,False,False,22.051843824736057,22.05184382473606,2778.532321916743,44.103687649472114,166767509.96144292,3256616.296037021,0.015873015873015876,1.2304084892878961
53-7073.00,Wellhead Pumpers,353158.5493269231,3663.8927307692306,20.354959615384615,4.058571428571429,70.29571428571428,17350.0,180.0,53,Transportation and Material Moving Occupations,70010.0,33.66,66890.0,32.16,80064.70467307692,830.6424692307693,12.788731923076924,False,False,False,False,22.67103679796806,22.671036797968064,3933.424884447458,40.80786623634251,275379076.16016656,2729638.1725489506,0.010374639769452451,0.8041978252752013
53-7081.00,Refuse and Recyclable Material Collectors,5067620.027815385,24759.17243076923,36.410547692307695,3.975,82.45785714285715,139180.0,680.0,53,Transportation and Material Moving Occupations,48350.0,23.24,50720.0,24.38,1327035.1029461538,6483.574292307691,22.10393346153846,False,False,False,False,26.186554944180163,26.186554944180163,36446.44717130995,178.06857362042513,1762185720.732836,9031638.054027962,0.00488575944819658,0.3787232338058159
53-7121.00,"Tank Car, Truck, and Ship Loaders",715618.2726,2621.312353846154,65.53280884615384,4.287894736842105,67.15578947368421,10920.0,40.0,53,Transportation and Material Moving Occupations,58070.0,27.92,47540.0,22.86,165042.8136,604.5524307692308,39.83031692307692,False,False,False,False,23.062968054234112,23.062968054234112,2518.476111522365,9.225187221693645,146247907.79610375,438565.40051931585,0.0036630036630036634,0.2839404206048991
