soc_code_2019,title,task_comp_nat,task_comp_ut,freq_sum_eco,importance,relevance,tot_emp_nat,tot_emp_ut,major_group_code,major_occ_category,a_med_nat,h_med_nat,a_med_ut,h_med_ut,ai_task_comp_nat,ai_task_comp_ut,freq_sum_ai,code_changed,title_changed,code_or_title_changed,code_and_title_changed,pct_automated_nat,pct_automated_ut,people_automated_nat,people_automated_ut,eco_value_nat,eco_value_ut,ut_share_of_nat,ut_concentration_index
11-1011.00,Chief Executives,3761657.2440192304,70669.79386923077,17.756229615384616,3.950967741935484,72.6974193548387,211850.0,3980.0,11,Management Occupations,206420.0,99.24,163980.0,78.84,368189.76204923075,13834.041392307692,15.507808461538461,False,False,False,False,9.78796679667257,19.57560739161991,20735.80765875084,389.5610785075683,4280285416.9193482,63880225.65367105,0.037573128908614084,3.019945367808351
11-1011.03,Chief Sustainability Officers,1618392.793826923,30404.547176923075,7.639333461538461,3.757222222222222,96.50277777777778,211850.0,3980.0,11,Management Occupations,206420.0,99.24,163980.0,78.84,12688.167416538461,476.7657692307692,3.695580769230769,False,False,False,False,0.7839980173500068,1.5680739017637217,1660.8997997559895,31.20312109053027,342842936.66563135,5116687.7964251535,0.037575620937135984,3.020145664941163
11-1021.00,General and Operations Managers,69870293.94412307,894913.3179076923,19.492775384615385,3.6958823529411764,69.39117647058823,3584420.0,45910.0,11,Management Occupations,102950.0,49.5,91230.0,43.86,21414663.72300769,274283.4856192308,18.68142423076923,False,False,False,False,30.64916792840961,30.64916792840961,1098594.9050594997,14071.032995932852,113100345475.87549,1283700340.218954,0.012808208859452856,1.0294615364375115
11-2011.00,Advertising and Promotions Managers,372525.7100769231,4096.017286153846,17.655246923076923,3.691904761904762,72.79380952380953,21100.0,232.0,11,Management Occupations,126960.0,61.04,108370.0,52.10000000000001,239672.59475339364,2635.2626532126696,20.210278371040722,False,False,False,False,64.33719560024555,64.33719560024555,13575.148271651811,149.26229379256966,1723500824.568914,16175554.778300775,0.01099526066350711,0.8837455775739511
11-2021.00,Marketing Managers,3934261.3544769227,67039.20849230769,10.219391538461538,3.4295,73.021,384980.0,6560.0,11,Management Occupations,161030.0,77.42,135190.0,65.0,2227717.5683999998,37959.9648,8.788786153846154,False,False,False,False,56.62352771416693,56.62352771416694,217989.25699399985,3714.503418049351,35102810053.7438,502163717.08609176,0.017039846225777967,1.3695799677174905
11-2022.00,Sales Managers,6808787.663576922,97669.57838461538,11.278242307692308,3.584705882352941,82.30588235294118,603710.0,8660.0,11,Management Occupations,138060.0,66.38,130430.0,62.71,255667.23766538454,3667.453376923076,9.739890769230769,False,False,False,False,3.754959771077257,3.7549597710772575,22669.06763397051,325.1795161752905,3129691477.5459685,42413164.294743136,0.01434463566944394,1.1529520511373765
11-3012.00,Administrative Services Managers,1594059.623069231,11352.98621923077,6.272368076923077,3.655,74.9975,254140.0,1810.0,11,Management Occupations,108390.0,52.11,105800.0,50.86,1434038.0646538753,14057.880302747253,13.710562403846154,True,False,True,False,89.96138186429644,123.8253974001543,228627.85586992296,1628.3010117437655,24780973297.74095,172274247.0424904,0.009803003594706055,0.7879177528293092
11-3013.00,Facilities Managers,1464904.6937076922,16612.428307692306,10.382767692307691,3.921818181818182,82.02363636363636,141090.0,1600.0,11,Management Occupations,104690.0,50.33,94310.0,45.34,1434038.0646538753,14057.880302747253,13.710562403846154,True,True,True,True,97.89292578647604,84.62266950002618,138117.12899213904,1566.2868125836167,14459482234.187037,147716509.29476088,0.009803003594706055,0.7879177528293092
11-3021.00,Computer and Information Systems Managers,8508774.72885,106562.20498846154,13.172089615384616,3.84,89.90588235294118,645970.0,8090.0,11,Management Occupations,171200.0,82.31,162400.0,78.08,6886445.1735,86244.4718076923,11.883718846153846,False,False,False,False,80.93345273498308,80.93345273498308,522805.8246321702,6547.516326260131,89504357177.02754,1063316651.3846452,0.01252380141492639,1.0066022492390212
11-3031.00,Financial Managers,15301560.974023078,162058.7496576923,18.691897307692308,3.904705882352941,57.60529411764706,818620.0,8670.0,11,Management Occupations,161700.0,77.74,137760.0,66.23,1478915.6182,46984.967876923074,18.636154230769232,False,False,False,False,9.665129072195333,28.99255237755864,79120.67961080544,837.9666905593353,12793813893.06724,115438291.29145403,0.03176987740119268,2.553508235285002
11-3031.01,Treasurers and Controllers,9755610.406215385,103321.61713846153,11.917141538461538,4.113181818181818,79.08318181818181,818620.0,8670.0,11,Management Occupations,161700.0,77.74,137760.0,66.23,747370.2528369231,23749.01841230769,9.639302307692308,False,False,False,False,7.660927627458011,22.9855272014196,62713.88574389677,664.2024253006097,10140835324.788107,91500526.10941198,0.0317767777378875,2.554062850789304
11-3031.03,Investment Fund Managers,30074163.70826154,318515.3054538461,36.737636153846154,4.047,78.4505,818620.0,8670.0,11,Management Occupations,161700.0,77.74,137760.0,66.23,6569402.200815383,208729.5097153846,30.05474576923077,True,False,True,False,21.844006252485528,65.53201875745658,178819.403984097,1893.8753420904955,28915097624.228485,260900267.12638664,0.03177298380200826,2.5537579126748304
11-3051.00,Industrial Production Managers,3881767.2143153846,37926.64442692308,16.561853461538462,3.6976923076923076,84.13461538461539,234380.0,2290.0,11,Management Occupations,121440.0,58.39,108370.0,52.10000000000001,73035.20880230768,4285.813991538462,23.254660384615384,False,False,False,False,1.8814937828565457,11.30027202853749,4409.845128259171,43.08620762741489,535531592.37579376,4669252.320582952,0.05868147790388796,4.7165318013045745
11-3051.01,Quality Control Systems Managers,6802797.196561539,66466.4458576923,29.024648846153845,3.8985185185185185,85.9774074074074,234380.0,2290.0,11,Management Occupations,121440.0,58.39,108370.0,52.1,129531.07416307693,7594.948743846154,17.799539615384617,False,False,False,False,1.9040854874895898,11.426741186232954,4462.795565578101,43.60355766351161,541961893.4838046,4725317.543994753,0.05863418328704872,4.71273049001657
11-3051.02,Geothermal Production Managers,5157451.309338462,50390.66259230769,22.004656153846156,3.9629411764705886,79.54529411764706,234380.0,2290.0,11,Management Occupations,121440.0,58.39,108370.0,52.1,19600.72791076923,1147.3906053846154,11.571617307692307,False,False,False,False,0.38004678542051784,2.2769905104597066,890.7536556686097,8.703071386129858,108173123.94439596,943151.8461148927,0.058538163001293664,4.705012846434453
11-3051.03,Biofuels Production Managers,6401449.12143077,62545.091253846156,27.312266923076923,4.057142857142857,90.90785714285714,234380.0,2290.0,11,Management Occupations,121440.0,58.39,108370.0,52.1,4649.706446538462,274.9061915384616,8.276351153846155,False,False,False,False,0.07263521678196544,0.4395328010998089,170.24242109357058,1.6633464643070084,20674239.617603213,180256.8563369505,0.05912334352701326,4.752046811113754
11-3051.04,Biomass Power Plant Managers,6470586.0831,63220.59105,27.607245,3.856842105263158,82.88631578947368,234380.0,2290.0,11,Management Occupations,121440.0,58.39000000000001,108370.0,52.1,83615.19569000001,4905.450615,12.794472692307693,False,False,False,False,1.2922352722945416,7.759260920418111,3028.7410312039465,29.592187735545004,367810310.8294073,3206905.384901012,0.0586669752372136,4.715366147489832
11-3051.06,Hydroelectric Production Managers,4036669.0464615384,39440.10630769231,17.222753846153847,3.967777777777778,85.05777777777777,234380.0,2290.0,11,Management Occupations,121440.0,58.39,108370.0,52.1,3931.55505,229.91549999999998,6.2228903846153845,False,False,False,False,0.09739602144115135,0.582948479414108,228.27679505377054,2.230368891002366,27721933.991329893,241705.0767179264,0.05847953216374269,4.700300384858431
11-3061.00,Purchasing Managers,1297151.7996461538,7983.4551923076915,15.966910384615383,4.051666666666667,93.56722222222223,81240.0,500.0,11,Management Occupations,139510.0,67.07,123360.0,59.31,632255.2681384614,3891.2805769230763,12.990409615384614,False,False,False,False,48.74181019607207,48.74181019607208,39597.846603288956,243.70905098036036,5524295579.624843,30063948.528937254,0.006154603643525357,0.4946771084507581
11-3071.00,"Transportation, Storage, and Distribution Managers",5219563.607307692,63712.983,24.50499346153846,3.914615384615385,92.16576923076923,213000.0,2600.0,11,Management Occupations,102010.0,49.05,97980.0,47.11,574950.4201648352,14036.348285714286,19.550869505494504,False,False,False,False,11.015296745495567,22.030593490991134,23462.582067905558,286.39771538288477,2393417996.747046,28061248.15321505,0.024413145539906103,1.9622099071437167
11-3071.04,Supply Chain Managers,2135131.006153846,26062.631999999998,10.02408923076923,3.627666666666667,86.03133333333334,213000.0,2600.0,11,Management Occupations,102010.0,49.05,97980.0,47.11,435288.19269230764,10626.753999999999,8.409562692307691,True,False,True,False,20.38695477878059,40.77390955756118,43424.21367880266,530.0608242482954,4429704037.37466,51935359.55984798,0.024413145539906103,1.9622099071437167
11-3111.00,Compensation and Benefits Managers,144427.84978846152,1223.3549807692307,7.196205769230768,3.875,74.67545454545454,20070.0,170.0,11,Management Occupations,140360.0,67.48,132920.0,63.91,5471.792169230767,46.348015384615366,6.588759615384615,False,False,False,False,3.7885990667624783,3.7885990667624783,760.3718326992295,6.440618413496213,106725790.43766385,856086.9995219166,0.008470353761833582,0.6808058404974319
11-3121.00,Human Resources Managers,3016879.0499076922,28976.149003846152,13.998139615384614,3.9057692307692307,94.71076923076923,215520.0,2070.0,11,Management Occupations,140030.0,67.32,131070.0,63.02,329022.2817230769,3160.152761538461,11.251087692307692,False,False,False,False,10.906048147112294,10.906048147112296,23504.71496665642,225.7551966452245,3291365236.780898,29589733.624289572,0.00960467706013363,0.7719772305253985
11-3131.00,Training and Development Managers,225863.96110769227,2511.8323076923075,5.023664615384615,3.9616666666666664,92.47166666666668,44960.0,500.0,11,Management Occupations,127090.0,61.1,109980.0,52.88,82955.83433846154,922.5515384615385,4.192748461538461,False,False,False,False,36.72822965276345,36.72822965276345,16513.012051882448,183.64114826381726,2098638701.6737404,20196853.48605462,0.011120996441281138,0.8938516078856669
11-9013.00,"Farmers, Ranchers, and Other Agricultural Managers",111296.43807692306,1224.0725,18.831884615384613,3.8590000000000004,84.1375,5910.0,65.0,11,Management Occupations,87980.0,42.3,87980.0,42.3,12263.35228846154,134.876125,12.061807552447553,False,False,False,False,11.018638601880202,11.0186386018802,651.2015413711199,7.162115091222131,57292711.60983113,630122.8857257231,0.010998307952622672,0.8839905038528165
11-9021.00,Construction Managers,3542852.23845,50549.69605,10.170964999999999,3.6260000000000003,92.7368,348330.0,4970.0,11,Management Occupations,106980.0,51.43,99900.0,48.03,1147113.7604023668,16367.109893491124,6.535414142011834,False,False,False,False,32.37825580059274,32.37825580059274,112783.17843020469,1609.199313289459,12065544428.463297,160759011.39761695,0.01426807912037436,1.146798808049733
11-9031.00,"Education and Childcare Administrators, Preschool and Daycare",1319669.5139846154,10134.295346153845,18.42599153846154,3.928235294117647,85.17294117647059,71620.0,550.0,11,Management Occupations,56270.0,27.05,59400.0,28.56,283907.1639801282,2180.242113782051,15.223460416666667,False,True,True,False,21.513504780670257,21.51350478067026,15407.972123916037,118.32427629368641,867006591.4127554,7028462.011844973,0.007679419156660151,0.6172343635799155
11-9032.00,"Education Administrators, Kindergarten through Secondary",5998869.808296153,52738.554457692306,18.768168846153845,3.776875,81.05875,319630.0,2810.0,11,Management Occupations,104070.0,48.39,124650.0,59.92788461538461,567637.693156,4990.338572,12.2582512,False,True,True,False,9.4624106089281,9.4624106089281,30244.703029316883,265.8937381108796,3147566244.261008,33143654.455521144,0.00879141507367894,0.706611187287903
11-9033.00,"Education Administrators, Postsecondary",3399529.7362076924,47210.338134615384,19.269525769230768,3.6974074074074075,66.34962962962963,176420.0,2450.0,11,Management Occupations,103960.0,49.97999999999999,100110.0,48.13,1195483.5991461538,16602.056557692307,11.973419999999999,False,False,False,False,35.16614625879879,35.16614625879879,62040.115229772826,861.5705833405704,6449690379.287183,86251831.09822449,0.013887314363450856,1.116194788706745
11-9041.00,Architectural and Engineering Managers,2924808.6847,34484.76532307693,13.905147307692308,3.346315789473684,80.61105263157894,210340.0,2480.0,11,Management Occupations,167740.0,80.64,149990.0,72.11,145997.84544923078,3443.3454115384616,13.775273846153846,False,False,False,False,4.9917058238018015,9.985120615665616,10499.554029784711,123.79430443028468,1761195192.9560874,18567907.7214984,0.023584905660377357,1.8956400137046971
11-9041.01,Biofuels/Biodiesel Technology and Product Development Managers,4531095.1737,53423.58101538462,21.541766538461538,3.548888888888889,65.62444444444445,210340.0,2480.0,11,Management Occupations,167740.0,80.64,149990.0,72.11,0.0,0.0,5.397771923076923,False,False,False,False,0.0,0.0,0.0,0.0,0.0,0.0,,
11-9051.00,Food Service Managers,15459950.063007694,127867.58026153847,63.30078230769231,4.3246153846153845,77.12461538461538,244230.0,2020.0,11,Management Occupations,65310.0,31.4,57450.0,27.62,4375713.56686579,36191.05517368421,44.41716971659919,False,False,False,False,28.303542696013768,28.30354269601376,69125.74232647443,571.731562459478,4514602231.342045,32845978.263297014,0.00827089219178643,0.6647740895622156
11-9071.00,Gambling Managers,208125.23921538462,2297.486406923077,45.04875307692308,4.254736842105263,70.18,4620.0,51.0,11,Management Occupations,85580.0,41.14,85580.0,41.14,48762.99653076923,538.2928188461539,40.60835547337278,False,True,True,False,23.429641073135485,23.429641073135482,1082.4494175788595,11.949116947299098,92636021.1563988,1022605.4283498568,0.01103896103896104,0.8872580012197051
11-9081.00,Lodging Managers,1749823.7902307692,19254.4093,42.31738307692308,4.142083333333333,84.895,41350.0,455.0,11,Management Occupations,68130.0,32.76,64160.0,30.850000000000005,1086909.035173077,11959.942225,39.80442923076923,False,False,False,False,62.11534219852697,62.11534219852697,25684.6939990909,282.62480700329775,1749898202.1580632,18133207.617331583,0.011003627569528416,0.8844180687881746
11-9111.00,Medical and Health Services Managers,10661587.530676924,93833.42623846153,18.84205346153846,3.9766666666666666,87.50055555555555,565840.0,4980.0,11,Management Occupations,117960.0,56.71,107980.0,51.91,5133054.992492307,45176.399446153846,14.972551923076923,False,False,False,False,48.14531586147753,48.14531586147754,272425.45527058444,2397.636729901581,32135306703.71814,258896814.09477273,0.008801074508695038,0.707387565696618
11-9121.00,Natural Sciences Managers,1200077.1593461537,13681.855192307692,11.897265384615384,3.795,83.3125,100870.0,1150.0,11,Management Occupations,161180.0,77.49,117190.0,56.34,41175.546605769225,1409.9054903846154,11.897265384615384,False,False,False,False,3.4310749342319937,10.304929196862881,3460.9252861598125,39.45736174366793,557831937.6232386,4624008.222740445,0.034241330270211146,2.752151597186061
11-9121.01,Clinical Research Coordinators,2941782.8445923077,33538.71588461538,29.164100769230767,3.9381818181818184,75.16272727272727,100870.0,1150.0,11,Management Occupations,161180.0,77.49,117190.0,56.34,94862.6999226923,3243.249113076923,27.554781923076924,False,False,False,False,3.2246669769344933,9.670164845412705,3252.7215796338237,37.08367023474668,524273664.2053797,4345835.314809963,0.03418887629932509,2.7479356021118746
11-9121.02,Water Resource Specialists,996863.9141999999,11365.059,9.88266,3.505714285714286,93.07190476190476,100870.0,1150.0,11,Management Occupations,161180.0,77.49,117190.0,56.34,7438.544309999999,254.35481499999997,4.454530384615384,False,False,False,False,0.746194561167314,2.2380421870225224,752.6864538494696,8.58123745342411,121318002.63145751,1005635.2171667715,0.034194165471066476,2.748360720012989
11-9131.00,Postmasters and Mail Superintendents,301335.21450384613,2400.208080769231,21.820073461538463,4.1269230769230765,70.48692307692308,13810.0,110.0,11,Management Occupations,92730.0,44.58,94720.0,45.54,183422.5450269231,1461.0050653846154,20.837306153846153,False,False,False,False,60.86993361493831,60.8699336149383,8406.137832222981,66.95692697643214,779501161.182037,6342160.123207653,0.007965242577842143,0.6402074600954893
11-9141.00,"Property, Real Estate, and Community Association Managers",4577611.797415385,49535.24093076923,15.43153923076923,3.9722222222222223,77.22222222222223,296640.0,3210.0,11,Management Occupations,66700.0,32.07,59100.0,28.42,1567342.8487384615,16960.526376923077,13.296620769230769,False,False,False,False,34.23931338221856,34.23931338221857,101567.49921701314,1099.0819595692158,6774552197.774776,64955743.810540654,0.010821197411003236,0.8697552198802054
11-9151.00,Social and Community Service Managers,3901607.0141,40315.341799999995,19.95809,3.915625,77.901875,195490.0,2020.0,11,Management Occupations,78240.0,37.61,77600.0,37.31,142091.75612307692,1468.235446153846,15.217308846153845,False,False,False,False,3.641877708584493,3.641877708584493,7119.506732511825,73.56592971340676,557030206.7517252,5708716.145760365,0.010333009361092637,0.8305170386913903
11-9161.00,Emergency Management Directors,52149.507092307686,746.7709846153845,4.148727692307691,3.8552173913043477,94.66347826086958,12570.0,180.0,11,Management Occupations,86130.0,41.41,79750.0,38.34,103.59613846153768,1.4834769230769118,3.2195180769230762,False,False,False,False,0.19865219105171297,0.19865219105171297,24.97058041520032,0.3575739438930834,2150716.0911612036,28516.5220254734,0.01431980906921241,1.1509566097529236
11-9171.00,Funeral Home Managers,206782.37723076923,2679.3448269230767,15.760851923076922,3.978695652173913,90.83826086956523,13120.0,170.0,11,Management Occupations,76830.0,36.94,89060.0,42.82,60190.57353846154,779.9083461538461,12.40103751923077,True,True,True,True,29.108173696682492,29.108173696682492,3818.9923890047426,49.48389528436023,293413185.24723434,4407035.714025122,0.01295731707317073,1.0414461294804465
11-9179.01,Fitness and Wellness Coordinators,204348.30261923076,2259.7143092307692,19.480295769230768,3.82625,91.34541666666667,10490.0,116.0,11,Management Occupations,61340.0,29.49,59840.0,28.77,20216.356242307687,223.55551230769228,15.351188076923076,True,False,True,False,9.893087431206865,9.893087431206867,1037.7848715336002,11.475981420199965,63657724.019871034,686722.7281847659,0.011058150619637752,0.8888003663875296
11-9179.02,Spa Managers,427354.80108846154,4725.753758461538,40.73925653846154,4.081428571428571,90.75333333333333,10490.0,116.0,11,Management Occupations,61340.0,29.49,59840.0,28.77,139309.10232115386,1540.5010361538461,37.723969230769235,True,False,True,False,32.59799631742459,32.59799631742458,3419.5298136978395,37.81367572821252,209753958.77222547,2262770.355576237,0.01105815061963775,0.8888003663875294
11-9199.01,Regulatory Affairs Managers,6081092.562353846,58692.595176923074,9.637536153846153,3.867037037037037,92.75296296296295,630980.0,6090.0,11,Management Occupations,136550.0,65.65,136550.0,65.65,174981.2703333333,10133.151,7.382571538461538,False,False,False,False,2.8774643460714273,17.264786076428567,18156.224530841493,175.23757867574994,2479232459.6864057,23928691.368173655,0.057909917905480376,4.654517561052067
11-9199.02,Compliance Managers,14167251.726815384,136737.3974076923,22.452774615384616,3.949655172413793,72.49206896551723,630980.0,6090.0,11,Management Occupations,136550.0,65.65,136550.0,65.65,917944.4117723345,53158.08552753036,18.272118259109313,False,False,False,False,6.479340026371343,38.876040158228065,40883.3396983979,394.59180760601475,5582620035.816233,53881511.328601316,0.057909917905480376,4.654517561052067
11-9199.08,Loss Prevention Managers,9764933.631653845,94247.75082692307,15.475821153846153,3.8,90.90777777777777,630980.0,6090.0,11,Management Occupations,136550.0,65.65,136550.0,65.65,93033.87536153843,5387.584084615384,13.175476923076921,False,False,False,False,0.9527343335950731,5.71640600157044,6011.563098118192,58.02152091593995,820878941.0480391,7922838.681071601,0.057909917905480376,4.654517561052067
11-9199.09,Wind Energy Operations Managers,10660457.09303077,102891.03251538462,16.89507923076923,3.983125,96.07625,630980.0,6090.0,11,Management Occupations,136550.0,65.65,136550.0,65.65,642365.5487307692,37199.336192307695,10.762739230769231,False,False,False,False,6.025684856897112,36.154109141382676,38020.8663100494,366.96420778503415,5191749294.637246,50108962.573046416,0.05790991790548037,4.654517561052066
11-9199.10,Wind Energy Development Managers,3776027.004615384,36444.902307692304,5.984384615384615,3.720666666666667,92.466,630980.0,6090.0,11,Management Occupations,136550.0,65.65,136550.0,65.65,60230.802611538435,3487.9608346153836,4.330817692307692,False,True,True,False,1.5950840006684057,9.570504004010436,10064.661027417507,97.1406156407059,1374329463.2938607,13264551.065738391,0.057909917905480376,4.654517561052067
11-9199.11,Brownfield Redevelopment Specialists and Site Managers,3289709.8477384606,31751.137869230763,5.213651538461537,3.6208695652173915,87.46347826086956,630980.0,6090.0,11,Management Occupations,136550.0,65.65,136550.0,65.65,124986.9856935897,7237.98608076923,3.637158461538461,False,False,False,False,3.7993315969647923,22.79598958178876,23973.022510528448,231.37929425515583,3273516223.8126597,31594842.63054153,0.05790991790548038,4.654517561052068
13-1011.00,"Agents and Business Managers of Artists, Performers, and Athletes",376402.44835384615,3441.0913,26.469933076923077,3.7214285714285715,77.18785714285715,14220.0,130.0,13,Business and Financial Operations Occupations,96310.0,46.3,60470.0,29.07,136464.7567846154,1247.5681,19.483113461538462,False,False,False,False,36.2550130535624,36.255013053562394,5155.4628562165735,47.13151696963112,496522627.6822182,2850042.831153594,0.009142053445850912,0.7347937943417925
13-1021.00,"Buyers and Purchasing Agents, Farm Products",4561914.542076923,50256.9513323077,28.107914615384615,3.6875,68.82583333333334,162300.0,1788.0,13,Business and Financial Operations Occupations,75650.0,36.37,75650.0,36.37,2867682.008423077,31592.20844769231,25.99956,False,False,False,False,62.86137063666902,62.86137063666901,102024.00454331383,1123.961306983642,7718115943.701692,85027672.87331252,0.011016635859519409,0.885463611872887
13-1022.00,"Wholesale and Retail Buyers, Except Farm Products",3254423.4324230766,35852.79788769231,20.051900384615383,3.5869999999999997,69.869,162300.0,1788.0,13,Business and Financial Operations Occupations,75650.0,36.37,75650.0,36.37,1164311.6102307693,12826.797036923077,17.793492307692308,False,False,False,False,35.77627909850325,35.77627909850325,58064.90097687078,639.6798702812382,4392609758.900274,48391782.18677567,0.011016635859519409,0.885463611872887
13-1023.00,"Purchasing Agents, Except Wholesale, Retail, and Farm Products",4360544.437615384,48038.530218461536,26.867186923076922,3.858421052631579,96.05631578947369,162300.0,1788.0,13,Business and Financial Operations Occupations,75650.0,36.37,75650.0,36.37,3014884.9248461537,33213.88937538461,25.570251538461537,False,False,False,False,69.14010321369135,69.14010321369135,112214.38751582104,1236.2250454608013,8489018415.571862,93520424.68910962,0.011016635859519409,0.885463611872887
13-1031.00,"Claims Adjusters, Examiners, and Investigators",20123297.739369232,137885.0313923077,65.97369923076923,4.271481481481481,80.82925925925926,305020.0,2090.0,13,Business and Financial Operations Occupations,76790.0,36.92,66240.0,31.84,4194931.026715384,28743.708103846155,65.95209230769231,False,False,False,False,20.846141030395916,20.846141030395927,63584.89937091363,435.68434753527464,4882684422.692457,28859731.180736594,0.006852009704281688,0.5507312158365205
13-1032.00,"Insurance Appraisers, Auto Damage",182667.22162692307,1875.9149846153846,23.448937307692308,4.428571428571429,92.83857142857143,7790.0,80.0,13,Business and Financial Operations Occupations,76650.0,36.85,66080.0,31.77,37111.392215384614,381.1182769230769,14.311342692307692,False,False,False,False,20.316393869054618,20.316393869054618,1582.6470823993548,16.253115095243697,121309898.86591054,1074005.8454937034,0.010269576379974325,0.825418604170261
13-1041.00,Compliance Officers,14583969.62616923,140424.37506153845,36.664327692307694,4.315,64.13333333333334,397770.0,3830.0,13,Business and Financial Operations Occupations,78420.0,37.7,64730.0,31.12,774419.2892066435,52196.44805699301,48.77912937062937,False,False,False,False,5.310072010963589,37.17050407674512,21121.873438009865,203.37575801990545,1656377315.0087335,13164512.81662848,0.06740075923272242,5.417345228998497
13-1041.01,Environmental Compliance Inspectors,6045848.662257692,58213.541434615385,15.199358076923076,3.9584615384615387,70.0,397770.0,3830.0,13,Business and Financial Operations Occupations,78420.0,37.7,64730.0,31.12,220444.2869884615,14858.112311538462,11.906415769230769,False,False,False,False,3.6462091478509047,25.523464034956334,14503.526127406543,139.64981036268964,1137366518.911221,9039532.2247769,0.06740075923272244,5.417345228998499
13-1041.03,Equal Opportunity Representatives and Officers,10563055.434403846,101708.2794423077,26.55568653846154,4.054444444444445,70.97222222222223,397770.0,3830.0,13,Business and Financial Operations Occupations,78420.0,37.7,64730.0,31.12,450728.9885225275,30379.476034615393,16.588825,False,False,False,False,4.267032312019345,29.869226184135417,16972.974427519348,163.4273375503409,1331020654.6060672,10578651.559633566,0.06740075923272244,5.417345228998499
13-1041.04,Government Property Inspectors and Investigators,3278084.836303846,31563.629542307688,8.241156538461537,3.743846153846154,54.159230769230774,397770.0,3830.0,13,Business and Financial Operations Occupations,78420.0,37.7,64730.0,31.12,0.0,0.0,6.561143461538461,False,False,False,False,0.0,0.0,0.0,0.0,0.0,0.0,,
13-1041.06,Coroners,12729691.18371923,122570.12151153845,32.002642692307695,4.592499999999999,94.421,397770.0,3830.0,13,Business and Financial Operations Occupations,78420.0,37.7,64730.0,31.12,0.0,0.0,28.673855,False,False,False,False,0.0,0.0,0.0,0.0,0.0,0.0,,
13-1041.07,Regulatory Affairs Specialists,7165845.826546154,68997.63560769231,18.015048461538463,3.799,84.16666666666667,397770.0,3830.0,13,Business and Financial Operations Occupations,78420.0,37.7,64730.0,31.12,402545.2069945055,27131.852576923084,15.959502307692308,False,False,False,False,5.617553276170987,39.322872933196926,22344.94166662534,215.15229047734883,1752290325.496759,13926807.76259879,0.06740075923272244,5.417345228998499
13-1041.08,Customs Brokers,26179455.607176926,252073.59774615386,65.81556076923077,3.9743478260869565,95.0,397770.0,3830.0,13,Business and Financial Operations Occupations,78420.0,37.7,64730.0,31.12,1462023.3049450552,98541.48076923078,64.32279538461539,True,False,True,False,5.5846207304030075,39.09234511282105,22213.94587932404,213.89097397443518,1742017635.8565912,13845162.74536519,0.06740075923272243,5.417345228998498
13-1051.00,Cost Estimators,1355131.3331846152,15432.18846153846,6.172875384615384,3.869285714285714,91.88214285714285,219530.0,2500.0,13,Business and Financial Operations Occupations,77070.0,37.05,79150.0,38.05,897741.3380961538,10223.447115384615,5.4384830769230765,False,False,False,False,66.24755225653473,66.24755225653473,145433.2514687707,1656.1888064133684,11208540690.698158,131087344.02761811,0.011387965198378354,0.9153092582002365
13-1071.00,Human Resources Specialists,23671072.81786154,269616.8889615385,25.80065923076923,4.067692307692308,75.9326923076923,917460.0,10450.0,13,Business and Financial Operations Occupations,72910.0,35.05,67620.0,32.51,15996602.842130769,182203.58348076924,25.067432692307694,False,False,False,False,67.57869812330675,67.57869812330675,620007.5238020901,7061.973953885556,45204748560.410385,477530678.7617413,0.011390142349530225,0.9154842470214258
13-1074.00,Farm Labor Contractors,4117.635834615385,50.215071153846154,10.04301423076923,4.227142857142857,88.15142857142857,410.0,5.0,13,Business and Financial Operations Occupations,48690.0,23.41,48690.0,23.41,1359.7985884615387,16.582909615384615,6.115556153846153,False,False,False,False,33.02377002429971,33.02377002429971,135.3974570996288,1.6511885012149856,6592502.186180927,80396.36812415766,0.012195121951219511,0.9801845924521849
13-1075.00,Labor Relations Specialists,468818.8635692307,1524.2601230769228,7.2583815384615376,3.6592857142857143,76.82785714285714,64590.0,210.0,13,Business and Financial Operations Occupations,93500.0,44.95,91730.0,44.1,3390.9749999999935,11.024999999999979,1.6552203846153843,False,False,False,False,0.7233017405024375,0.7233017405024376,467.18059419052435,1.5189336550551187,43681385.55681403,139331.78417820603,0.003251277287505806,0.26132185604623975
13-1081.00,Logisticians,4886196.8722,82321.34435,20.735855,3.804090909090909,93.18045454545454,235640.0,3970.0,13,Business and Financial Operations Occupations,80880.0,38.89,84000.0,40.38,65830.03433576922,19420.765126923077,17.51077769230769,False,False,False,False,1.34726528745309,23.591409105703068,3174.695923354461,53.486431911887664,256769406.2809088,4492860.280598564,0.29501374749201165,23.711770247966438
13-1081.01,Logistics Engineers,2383244.833846153,40152.27461538461,10.113923076923076,3.566333333333333,84.307,235640.0,3970.0,13,Business and Financial Operations Occupations,80880.0,38.89,84000.0,40.38,108792.68273076921,18750.84442307692,6.598853846153845,False,False,False,False,4.564897453493952,46.6993329834729,10756.724359413149,181.2264289037099,870003866.1893355,15223020.027911631,0.17235391160892594,13.852969185850668
13-1081.02,Logistics Analysts,10086125.83733846,169928.36349615385,42.80311423076923,3.7638709677419353,78.88516129032259,235640.0,3970.0,13,Business and Financial Operations Occupations,80880.0,38.89,84000.0,40.38,1368285.5060215385,129163.3407576923,40.75765346153846,False,False,False,False,13.566016606259232,76.01046588118045,31966.961530989254,538.5708592684915,2585487848.626411,45239952.17855329,0.09439794559634772,7.5872477702797285
13-1111.00,Management Analysts,4840301.409461538,39907.172376923074,5.4148130769230765,3.950909090909091,93.01,893900.0,7370.0,13,Business and Financial Operations Occupations,101190.0,48.65,101190.0,48.65,2587524.884538461,21333.547823076922,5.099259615384614,False,False,False,False,53.45792886948153,53.45792886948154,477860.42616429535,3939.849357680788,48354696523.56505,398673356.503719,0.008244770108513258,0.662674523551352
13-1121.00,"Meeting, Convention, and Event Planners",3809366.884823077,54593.28794615385,28.28667769230769,3.958571428571428,76.91809523809523,134670.0,1930.0,13,Business and Financial Operations Occupations,59440.0,28.58,49400.0,23.75,667754.7204807692,9569.812211538461,25.709365384615385,False,False,False,False,17.529283491731267,17.529283491731267,23606.6860783145,338.31517139041347,1403181420.4950137,16712769.466686426,0.014331328432464544,1.151882480147641
13-1131.00,Fundraisers,2346779.698026923,14621.68036153846,22.15406115384615,3.7889285714285714,85.91,105930.0,660.0,13,Business and Financial Operations Occupations,66490.0,31.97,60610.0,29.140000000000004,890317.0455263737,5547.146701098901,21.50155095238095,False,False,False,False,37.93781948407497,37.93781948407497,40187.53217948062,250.3896085948948,2672069014.6136665,15176114.176936574,0.006230529595015576,0.5007796671718329
13-1141.00,"Compensation, Benefits, and Job Analysis Specialists",906916.3433730769,9479.344411538461,8.859200384615384,3.433636363636364,56.49409090909091,102370.0,1070.0,13,Business and Financial Operations Occupations,77020.0,37.03,68030.0,32.71,81340.95773461537,850.1985423076922,8.843669615384615,False,False,False,False,8.968959301371223,8.968959301371223,9181.523636813721,95.96786452467208,707160950.5073928,6528693.823613442,0.010452280941682133,0.8401035082715123
13-1151.00,Training and Development Specialists,3766936.234680769,58668.299846153845,8.627691153846154,3.8549999999999995,90.17699999999999,436610.0,6800.0,13,Business and Financial Operations Occupations,65850.0,31.660000000000004,60510.0,29.09,368430.3258153846,5738.132923076923,4.94195423076923,False,False,False,False,9.780636115455971,9.780636115455971,42703.235343692315,665.0832558510061,2812008047.3821387,40244187.81154438,0.015574540207507846,1.2518057963659521
13-1161.00,Market Research Analysts and Marketing Specialists,7355767.129092307,113692.61733076922,8.541894615384615,3.986923076923077,95.22538461538463,861140.0,13310.0,13,Business and Financial Operations Occupations,76950.0,37.0,64900.0,31.2,2632638.622303846,81381.47121923076,8.167652307692308,False,False,False,False,35.79013005851791,71.58026011703582,308203.1259859211,4763.666310788734,23716230544.61663,309161943.5701889,0.030912511322200804,2.484597319586046
13-1161.01,Search Marketing Strategists,17069857.230299998,263836.07745,19.822394999999997,3.516111111111111,88.40555555555555,861140.0,13310.0,13,Business and Financial Operations Occupations,76950.0,37.0,64900.0,31.200000000000003,5425512.876484615,167716.2282230769,15.744631538461537,True,False,True,False,31.784172552152405,63.56834510430481,273706.2235156052,4230.473366691485,21061693899.52582,274557721.4982774,0.030912511322200804,2.484597319586046
13-1199.04,Business Continuity Planners,4376459.1996153835,35998.52984615384,3.8791519230769222,4.022380952380952,89.60904761904762,1128200.0,9280.0,13,Business and Financial Operations Occupations,81270.0,39.07,79790.0,38.36,262366.27290384605,8632.366646153843,2.671055769230769,False,False,False,False,5.9949438789902025,23.97977551596081,67634.95684276747,556.3307919702908,5496692942.611712,44389633.8913095,0.03290196773621699,2.6445001505847006
13-1199.05,Sustainability Specialists,5708399.101923076,46954.39076923076,5.059740384615385,3.834285714285714,98.75714285714285,1128200.0,9280.0,13,Business and Financial Operations Occupations,81270.0,39.07,79790.0,38.36,310486.93188461533,10215.631015384613,3.7426746153846153,False,False,False,False,5.439124461007235,21.75649784402894,61364.20216908362,504.75074998147136,4987068710.281425,40274062.3410216,0.03290196773621698,2.6445001505847
13-1199.06,Online Merchants,73865434.46346153,607579.5353846154,65.47193269230769,3.9535294117647055,73.16647058823528,1128200.0,9280.0,13,Business and Financial Operations Occupations,81270.0,39.07,79790.0,38.36,17785550.12269231,585179.5963076924,64.91954538461539,False,False,False,False,24.07831247711696,96.31324990846782,271651.52136683353,2234.4673978764536,22077119141.482563,178288153.67656222,0.03290196773621698,2.6445001505847
13-2011.00,Accountants and Auditors,14161886.521499999,161733.90899999999,9.77835,4.1476,82.08879999999999,1448290.0,16540.0,13,Business and Financial Operations Occupations,81680.0,39.27,75100.0,36.11,5641966.525042657,64433.31537482517,9.755888986013986,False,False,False,False,39.83908864456196,39.83908864456196,576985.5369303265,6589.385261810548,47128178656.46907,494862833.16197217,0.011420364705963585,0.9179133730475592
13-2023.00,Appraisers and Assessors of Real Estate,1099536.0570403845,12099.177875,37.22823961538462,4.167241379310345,86.71344827586208,29535.0,325.0,13,Business and Financial Operations Occupations,65420.0,31.45,65420.0,31.45,488306.90331923077,5381.543830384615,19.188985692307693,True,False,True,False,44.41026742075234,44.478590909091956,13116.572482719204,144.3333691174451,858086171.8194903,9442289.00766326,0.011020822752666326,0.8858001339814209
13-2031.00,Budget Analysts,651969.1173,5252.242200000001,13.82169,3.9676923076923076,87.18692307692308,47170.0,380.0,13,Business and Financial Operations Occupations,87930.0,42.27,80420.0,38.66,290436.13996923075,2339.7441846153847,12.232047692307692,False,False,False,False,44.54753028364504,44.54753028364504,21013.070034795368,169.28061507785114,1847679248.1595566,13613547.064560788,0.008055967776128896,0.6474995102991327
13-2041.00,Credit Analysts,1596081.7668038462,20374.503776923077,23.69128346153846,4.0627272727272725,80.45454545454545,67370.0,860.0,13,Business and Financial Operations Occupations,80970.0,38.93,72500.0,34.86,1049452.8065000002,13396.607,22.05088423076923,False,False,False,False,65.7518197580522,65.75181975805219,44297.000970999776,565.465649919249,3586728168.621852,40996259.61914556,0.012765325812676262,1.02601480569583
13-2052.00,Personal Financial Advisors,2334375.1432615384,22611.885815384616,8.630490769230768,3.8352380952380956,90.05047619047619,270480.0,2620.0,13,Business and Financial Operations Occupations,102140.0,49.11,67210.0,32.31,1383557.3194153847,13401.804853846153,8.177010384615384,False,False,False,False,59.268850741886695,59.26885074188668,160310.38748665515,1552.8438894374312,16374102977.886957,104366637.80908975,0.00968648328896776,0.7785524173411247
13-2053.00,Insurance Underwriters,2530888.469030769,10797.706323076922,23.473274615384614,4.197142857142857,95.71428571428571,107820.0,460.0,13,Business and Financial Operations Occupations,79880.0,38.4,63410.0,30.49,584664.6490615385,2494.3956461538464,23.473274615384614,False,False,False,False,23.10116214980592,23.10116214980592,24907.67302992074,106.26534588910722,1989624921.6300688,6738285.582828289,0.004266369875718791,0.34291006146629954
13-2061.00,Financial Examiners,286857.8562692307,2739.371538461538,4.56561923076923,3.918823529411765,89.76941176470588,62830.0,600.0,13,Business and Financial Operations Occupations,90400.0,43.46,80030.0,38.48,57772.93412692307,551.7071538461539,3.501137307692307,False,False,False,False,20.13991698825924,20.139916988259245,12653.90984372328,120.83950192955544,1143913449.8725846,9670785.339422321,0.009549578226961645,0.7675486542837421
13-2071.00,Credit Counselors,2370648.4061884615,22770.368896153846,84.33469961538462,4.326086956521739,92.8395652173913,28110.0,270.0,13,Business and Financial Operations Occupations,50480.0,24.270000000000003,49250.0,23.68,1484898.6518884616,14262.633796153847,71.18267192307692,False,False,False,False,62.63681480611829,62.63681480611829,17607.208641999852,169.1193999765194,888811892.2481525,8329130.44884358,0.0096051227321238,0.7720130514724787
13-2072.00,Loan Officers,5378415.729188462,103484.47295,18.512428076923076,3.988235294117647,82.49,290530.0,5590.0,13,Business and Financial Operations Occupations,74180.0,35.66,60870.0,29.27,3432647.544222781,66046.5348576923,23.598313136094674,True,True,True,True,63.82265181908365,63.82265181908365,185423.95032998372,3567.6862366867763,13754748635.478193,217165061.22712407,0.019240698034626372,1.5464737324483961
13-2081.00,"Tax Examiners and Collectors, and Revenue Agents",3186899.0175423077,189916.0819346154,59.534821923076926,4.215714285714286,54.46619047619048,53530.0,3190.0,13,Business and Financial Operations Occupations,59740.0,28.72,48530.0,23.33,1413388.7639269233,84227.72570384615,51.93473115384616,False,False,False,False,44.34997017937861,44.3499701793786,23740.53903702137,1414.7640487221777,1418259802.0716567,68658499.28448728,0.059592751728002984,4.7897755593805815
13-2082.00,Tax Preparers,3289218.747742308,65721.78278076922,44.708695769230765,4.453333333333333,100.0,73570.0,1470.0,13,Business and Financial Operations Occupations,50560.0,24.31,58660.0,28.2,2118200.983096154,42323.71136538462,34.16556423076923,False,False,False,False,64.398300798634,64.39830079863401,47377.82989755503,946.6550217399198,2395423079.6203823,55530783.575263694,0.019980970504281638,1.605973233304151
13-2099.01,Financial Quantitative Analysts,1005153.9346538461,16640.83799230769,7.886653076923077,3.2952380952380955,88.80952380952381,127450.0,2110.0,13,Business and Financial Operations Occupations,80190.0,38.55,77940.0,37.47,264942.522,8774.373599999999,7.744105384615384,False,False,False,False,26.358402714828017,52.72795519105466,33593.784260048305,556.1622972828711,2693885559.8132734,43347289.45022698,0.03311802701115678,2.661865944317595
13-2099.04,"Fraud Examiners, Investigators and Analysts",2120057.172134615,35098.63188076923,16.63442269230769,4.211304347826087,87.55782608695652,127450.0,2110.0,13,Business and Financial Operations Occupations,80190.0,38.55,77940.0,37.47,65166.84311538462,2156.8222307692313,13.577775769230769,False,False,False,False,3.0738247992515357,6.145032199819071,3917.5897066460825,64.8577032642074,314151518.5759494,5055009.392412324,0.033096926713948,2.660170005047538
15-1211.00,Computer Systems Analysts,11835830.269384615,66811.3359923077,23.776276153846155,3.494090909090909,81.31,497800.0,2810.0,15,Computer and Mathematical Occupations,103790.0,49.9,93330.0,44.87,3019896.4968784614,34099.775874615385,23.776276153846155,True,False,True,False,25.51486822762182,51.038907347312225,127013.01403710144,716.9677971961733,13182680726.910759,66914604.51231885,0.011291703510323242,0.9075722118752817
15-1211.01,Health Informatics Specialists,7412360.131769231,41841.56683461538,14.890237307692306,3.9811764705882355,97.75941176470589,497800.0,2810.0,15,Computer and Mathematical Occupations,103790.0,49.9,93330.0,44.87,932485.4614169231,10524.923774615385,14.890237307692306,True,True,True,True,12.580142422118815,25.154229563669574,62623.94897730746,353.50200206153875,6499739664.354741,32992341.85240341,0.011286957502396482,0.9071907508399535
15-1212.00,Information Security Analysts,2389953.011873077,22909.876723076923,13.31969576923077,4.047272727272728,89.25272727272727,179430.0,1720.0,15,Computer and Mathematical Occupations,124910.0,60.05,97180.0,46.72,2195738.877023077,21048.157323076925,13.31969576923077,True,False,True,False,91.87372580610743,91.87372580610744,164849.02621389856,1580.2280838650477,20591291864.378067,153566565.19000533,0.00958591094019952,0.7704689010725975
15-1221.00,Computer and Information Research Scientists,769683.2944,17401.883215384616,20.002164615384615,3.4686666666666666,78.06266666666667,38480.0,870.0,15,Computer and Mathematical Occupations,140910.0,67.74,94830.0,45.59,475104.0056,10741.696592307691,20.002164615384615,True,False,True,False,61.727207678368956,61.727207678368956,23752.629514636374,537.02670680181,3346983024.9074116,50926242.60601564,0.022609147609147607,1.8172133270670185
15-1231.00,Computer Network Support Specialists,4510489.3294230765,30798.834615384614,30.798834615384614,3.7973076923076925,86.64307692307692,146450.0,1000.0,15,Computer and Mathematical Occupations,73340.0,35.26,69280.0,33.31,4238288.45976923,28940.173846153844,30.798834615384614,True,False,True,False,93.96515877161686,93.96515877161686,137611.97502103288,939.6515877161686,10092462248.042551,65099061.99697616,0.006828269033799932,0.548823056204023
15-1232.00,Computer User Support Specialists,17634547.81498846,271899.98567307694,25.29302192307692,3.469375,88.588125,697210.0,10750.0,15,Computer and Mathematical Occupations,60340.0,29.01,57560.0,27.67,13297248.651007691,205024.91788461537,25.044843461538463,True,False,True,False,75.40453427280802,75.40453427280801,525727.9534034448,8105.987434326862,31722424708.36386,466580636.7198542,0.01541859697938928,1.239271838107028
15-1241.00,Computer Network Architects,2869741.87815,27398.81235,16.212315,3.597272727272727,93.48484848484848,177010.0,1690.0,15,Computer and Mathematical Occupations,130390.0,62.69,128990.0,62.01,467026.44356923073,8918.7824,14.822916153846153,True,False,True,False,16.274162046598516,32.551711680305736,28806.89423868403,275.0333385875149,3756130939.782011,35476550.34440354,0.019096953765269833,1.5349202671661168
15-1241.01,Telecommunications Engineering Specialists,1917793.1272346152,18310.09765,10.834377307692307,3.866153846153846,86.05346153846153,177010.0,1690.0,15,Computer and Mathematical Occupations,130390.0,62.690000000000005,128990.0,62.01,250295.46412769228,4778.6835599999995,10.834377307692307,True,False,True,False,13.05122333442757,26.09862411083318,23101.970424270243,220.56567435182595,3012265923.620597,28450766.33464203,0.019092170034539967,1.5345357741553367
15-1242.00,Database Administrators,627585.7130153846,6860.734769230769,8.575918461538462,3.373333333333333,89.315,73180.0,800.0,15,Computer and Mathematical Occupations,104620.0,50.3,97890.0,47.06,645744.4263505813,9153.939932468693,17.07921923076923,True,False,True,False,102.89342363259814,133.4250665617123,75297.40741433532,823.1473890607853,7877614763.687761,80577897.91516027,0.014175793950250721,1.1393813748966375
15-1243.00,Database Architects,973730.0834653846,9471.205073076922,15.033658846153845,3.7864,97.5244,64770.0,630.0,15,Computer and Mathematical Occupations,135980.0,65.37,127770.0,61.43,645744.4263505813,9153.939932468693,17.07921923076923,True,True,True,True,66.31657348538079,96.65021358781371,42953.24464648114,417.79441295789894,5840782207.028505,53381592.14363075,0.014175793950250721,1.1393813748966375
15-1243.01,Data Warehousing Specialists,435725.875776923,4238.185915384615,6.727279230769231,3.839444444444444,97.10055555555556,64770.0,630.0,15,Computer and Mathematical Occupations,135980.0,65.37,127770.0,61.43,201290.74867499998,3915.79965,6.727279230769231,True,False,True,False,46.19664790760649,92.39329581521298,29921.56884975672,291.03888181792087,4068734932.189919,37186037.92987575,0.01945345067160723,1.5635737547037172
15-1244.00,Network and Computer Systems Administrators,6655998.797942308,51815.54138461538,20.893363461538463,3.5725000000000002,86.69800000000001,318570.0,2480.0,15,Computer and Mathematical Occupations,96800.0,46.54,88330.0,42.47,5711601.953803847,44463.61190769231,20.893363461538463,True,False,True,False,85.81134292827066,85.81134292827068,273369.19516659185,2128.1213046211124,26462138092.12609,187976954.83718285,0.007784788272593151,0.6257034206644579
15-1251.00,Computer Programmers,3363296.492,36733.92,30.6116,3.621176470588235,81.01176470588236,109870.0,1200.0,15,Computer and Mathematical Occupations,98670.0,47.44,88410.0,42.51,2708007.09125,29576.85,30.6116,True,False,True,False,80.51645454664245,80.51645454664245,88463.42861039606,966.1974545597094,8728686500.98778,85421516.95762391,0.010921998725766815,0.8778571393218804
15-1253.00,Software Quality Assurance Analysts and Testers,7881601.509,169624.0565,39.447455,3.9307407407407404,95.53407407407407,199800.0,4300.0,15,Computer and Mathematical Occupations,102610.0,49.32999999999999,107170.0,51.52000000000001,19784543.858425677,362940.6567903196,35.06440444444444,True,True,True,True,251.02187462578144,213.96767904222335,501541.7055023113,10793.940608908602,51463194401.59216,1156786615.0567348,0.018344656282573504,1.4744542542447974
15-1254.00,Web Developers,1719424.8592615386,38592.21406153846,21.80351076923077,3.631111111111111,93.20962962962962,78860.0,1770.0,15,Computer and Mathematical Occupations,90930.0,43.72,80350.0,38.63,1164190.7105846154,25176.83537307692,19.49580065088757,True,False,True,False,67.70814696052574,65.23812117369162,53394.64469307059,1198.4342012013055,4855175041.940909,96294188.0665249,0.021626040428061828,1.7381959531134092
15-1255.01,Video Game Designers,1931472.4379230768,19765.51686923077,17.33817269230769,3.93625,97.08333333333333,111400.0,1140.0,15,Computer and Mathematical Occupations,98090.0,47.16,99300.0,47.74,449518.9020384615,9200.20733076923,17.33817269230769,True,False,True,False,23.27337906627504,46.54675813255007,25926.544279830396,265.3165213555355,2543134728.4085636,26345930.570604675,0.02046678635547576,1.6450207486971318
15-1299.01,Web Administrators,11516474.26523077,130267.37015384616,26.21073846153846,3.898285714285714,91.24799999999999,439380.0,4970.0,15,Computer and Mathematical Occupations,108970.0,52.39,95640.0,45.98,1547735.4277846152,105042.26513846155,25.832797692307693,True,False,True,False,13.439316514233546,80.63589908540129,59049.668900239354,667.9340307574073,6434642420.059082,63881210.70163844,0.06786835996176431,5.454928701460651
15-1299.02,Geographic Information Systems Technologists and Technicians,16014978.181246154,181151.71733076923,36.44903769230769,3.832692307692308,93.44500000000001,439380.0,4970.0,15,Computer and Mathematical Occupations,108970.0,52.39,95640.0,45.98,2623155.671735503,178029.27336508877,40.654695887573965,True,True,True,True,16.379389606707477,98.27633764024488,71967.76205395132,814.0556634533616,7842327031.019074,77856283.6526795,0.06786835996176431,5.454928701460651
15-1299.03,Document Management Specialists,8183849.46293077,92570.74020384616,18.62590346153846,3.8330434782608696,88.08434782608695,439380.0,4970.0,15,Computer and Mathematical Occupations,108970.0,52.39,95640.0,45.98,1302544.432223077,88401.55439230769,18.62590346153846,True,False,True,False,15.916036067415817,95.4962164044949,69931.87927301163,791.0269925505661,7620476884.380076,75653821.56753615,0.0678683599617643,5.45492870146065
15-1299.08,Computer Systems Engineers/Architects,9242391.084507693,104544.32083846153,21.035074615384612,3.7175000000000002,93.28964285714287,439380.0,4970.0,15,Computer and Mathematical Occupations,108970.0,52.39,95640.0,45.98,894192.4620346153,60687.37588846153,21.035074615384612,True,False,True,False,9.67490397082938,58.04942382497629,42509.59306703013,480.8427273502202,4632270356.514274,45987798.44377506,0.0678683599617643,5.45492870146065
15-1299.09,Information Technology Project Managers,10682897.400553845,120838.45436923076,24.313572307692304,4.055238095238095,98.39047619047618,439380.0,4970.0,15,Computer and Mathematical Occupations,108970.0,52.39,95640.0,45.98,1250016.5588561539,84836.57377461538,20.30835823076923,True,False,True,False,11.70110047852138,70.20660287112825,51412.29528252724,581.5446937825126,5602397816.936993,55618934.5133595,0.0678683599617643,5.45492870146065
15-2011.00,Actuaries,281908.5639,3183.1595076923077,9.947373461538461,3.5493333333333337,84.62933333333334,28340.0,320.0,15,Computer and Mathematical Occupations,125770.0,60.47,128860.0,61.95,66672.1063,752.8254769230771,6.175029615384616,False,False,False,False,23.650259281818148,23.650259281818155,6702.483480467263,75.68082970181807,842971347.3383676,9752231.715376277,0.011291460832745239,0.9075527066318045
15-2021.00,Mathematicians,25071.91239230769,271.0477015384615,11.29365423076923,3.8927272727272726,89.77181818181818,2220.0,24.0,15,Computer and Mathematical Occupations,121680.0,58.5,121680.0,58.5,9501.522299999999,102.71915999999999,11.874923499999998,False,False,False,False,37.89707841718192,37.89707841718193,841.3151408614387,9.095298820123663,102371226.34001987,1106715.9604326473,0.010810810810810811,0.8689203954711262
15-2031.00,Operations Research Analysts,1050814.1382461537,10629.05911923077,9.751430384615384,4.143529411764706,98.04,107760.0,1090.0,15,Computer and Mathematical Occupations,91290.0,43.89,82230.0,39.54,575477.8981846154,5820.999526923077,9.40734076923077,False,False,False,False,54.76495578419877,54.764955784198754,59014.716353052594,596.9380180477666,5387453455.870172,49086213.224067844,0.010115070527097252,0.8130001751426901
15-2041.00,Statisticians,757381.4071538461,8336.278575384615,25.41548346153846,4.084210526315789,94.98842105263158,29800.0,328.0,15,Computer and Mathematical Occupations,103300.0,49.66,88060.0,42.34,302976.68596153846,3334.776946153846,22.48573769230769,False,False,False,False,40.00318506630506,40.00318506630505,11920.949149758906,131.2104470174806,1231434047.170095,11554391.964359341,0.011006711409395973,0.8846659328387236
15-2041.01,Biostatisticians,211187.32769230765,2324.477969230769,7.086823076923076,3.9812,90.66680000000001,29800.0,328.0,15,Computer and Mathematical Occupations,103300.0,49.66,88060.0,42.34,78000.77219230769,858.5319892307691,6.5635988461538455,False,False,False,False,36.93439992098011,36.93439992098011,11006.451176452074,121.14483174081477,1136966406.5274992,10668013.88309615,0.011006711409395973,0.8846659328387236
15-2051.01,Business Intelligence Analysts,4104048.035384615,84914.9760576923,17.580740384615385,3.732941176470588,96.21823529411765,233440.0,4830.0,15,Computer and Mathematical Occupations,112590.0,54.13,116420.0,55.97,1137773.3616615385,70623.44075769231,15.213753461538461,True,False,True,False,27.723197970681422,83.16959391204428,64717.03334275872,1339.0304619839126,7286490784.061204,155889926.3841671,0.06207162440027416,4.989015288981482
15-2051.02,Clinical Data Managers,2772919.0152615383,57373.19586923077,11.87850846153846,3.7285714285714286,93.0952380952381,233440.0,4830.0,15,Computer and Mathematical Occupations,112590.0,54.13,116420.0,55.96999999999999,656870.7405743588,40773.033888461534,10.884151923076923,True,False,True,False,23.688782000451017,71.06634600135305,55299.09270185285,1144.1681706217842,6226124847.301613,133204058.42378812,0.06207162440027417,4.9890152889814825
15-2099.01,Bioinformatics Technicians,85406.93682307692,934.7111111538461,18.327668846153845,3.6231578947368424,73.98315789473685,4660.0,51.0,15,Computer and Mathematical Occupations,71490.0,34.37,71490.0,34.37,77240.38898461538,845.3347292307692,17.623518076923077,True,False,True,False,90.43807430375497,90.43807430375499,4214.414262554982,46.123417894915036,301288475.63005567,3297363.145307476,0.010944206008583693,0.8796420527113816
17-1011.00,"Architects, Except Landscape and Naval",2800991.1880692304,32763.078499999996,25.202368076923076,3.73375,94.04791666666667,111140.0,1300.0,17,Architecture and Engineering Occupations,96690.0,46.49,81710.0,39.29,1558396.4452769228,18228.498999999996,21.50462923076923,False,False,False,False,55.63732052835022,55.63732052835022,61835.31803520843,723.2851668685529,5978856900.824304,59099630.984829456,0.011696958790714414,0.9401446603869257
17-1012.00,Landscape Architects,263769.7183,1751.28005,13.471385000000001,3.8063157894736848,98.12105263157895,19580.0,130.0,17,Architecture and Engineering Occupations,79660.0,38.3,82180.0,39.51,64934.11793846154,431.1254,9.42459423076923,False,False,False,False,24.61773032816767,24.61773032816767,4820.15159825523,32.00304942661797,383973276.31701165,2630010.601879465,0.006639427987742595,0.5336449313350508
17-1021.00,Cartographers and Photogrammetrists,505202.9437615385,7899.967846153846,39.49983923076923,4.03,77.66071428571429,12790.0,200.0,17,Architecture and Engineering Occupations,78380.0,37.68,65250.0,31.37,225657.1675,3528.65,39.49983923076923,False,False,False,False,44.66663749420129,44.6666374942013,5712.862935508345,89.33327498840258,447774196.88514405,5828996.192993268,0.01563721657544957,1.2568434179996741
17-1022.00,Surveyors,1303777.602076923,16211.251269230768,24.562501923076923,4.0216666666666665,87.76333333333334,53080.0,660.0,17,Architecture and Engineering Occupations,72740.0,34.97,64260.0,30.899999999999995,256625.40644615382,4080.4793338461536,24.50256,False,False,False,False,19.683219441517366,25.17066243733433,10447.852879557417,129.90924831401463,759976818.4590064,8347968.29665858,0.015900527505651848,1.2780070699779733
17-1022.01,Geodetic Surveyors,615536.5241076923,7653.619176923077,11.596392692307692,4.13875,94.44624999999999,53080.0,660.0,17,Architecture and Engineering Occupations,72740.0,34.97,64260.0,30.9,189029.36365384614,1695.1389807692308,11.248080384615385,False,False,False,False,30.70969085512368,22.14820128339223,16300.703905899649,202.68395964381628,1185713202.1151404,13024471.246711634,0.008967596081386586,0.7207717598453972
17-2011.00,Aerospace Engineers,756699.2263076924,11056.388461538461,11.05638846153846,3.5485714285714285,72.725,68440.0,1000.0,17,Architecture and Engineering Occupations,134830.0,64.82,130670.0,62.82,154265.49732307694,2254.0253846153846,10.160256538461539,False,False,False,False,20.386633415209655,20.386633415209655,13952.611909369489,203.86633415209653,1881230663.7402883,26639213.883654453,0.01461133839859731,1.1743883194196254
17-2021.00,Agricultural Engineers,15541.845415384614,175.77087076923075,9.251098461538461,3.612142857142857,84.47357142857143,1680.0,19.0,17,Architecture and Engineering Occupations,84630.0,40.69,84630.0,40.69,3435.185815384615,38.85031576923077,6.509010384615384,False,False,False,False,22.102818060358402,22.102818060358405,371.3273434140212,4.199535431468096,31425433.073128615,355406.68356514495,0.01130952380952381,0.909004520857443
17-2031.00,Bioengineers and Biomedical Engineers,305259.06831538456,5585.710307692307,13.964275769230769,3.496666666666667,82.75366666666667,21860.0,400.0,17,Architecture and Engineering Occupations,106950.0,51.42,86140.0,41.41,118297.38262307692,2164.636461538462,10.492827307692307,False,True,True,False,38.75311003074136,38.75311003074137,8471.42985272006,155.01244012296544,906019422.7484105,13352771.592192244,0.018298261665141816,1.4707252805320987
17-2041.00,Chemical Engineers,240688.33219615382,2651.9521107692303,11.839071923076922,4.043846153846154,96.15153846153846,20330.0,224.0,17,Architecture and Engineering Occupations,121860.0,58.59,80820.0,38.85,61365.43681118881,676.1366377622377,10.416662517482516,False,False,False,False,25.495808729597165,25.495808729597165,5183.2979147271035,57.11061155429765,631636683.8886448,4615679.625818336,0.01101819970486965,0.8855893061565043
17-2051.00,Civil Engineers,4120917.3000346157,53452.150342307694,11.59482653846154,3.59125,73.5125,355410.0,4610.0,17,Architecture and Engineering Occupations,99590.0,47.88,92000.0,44.23,177935.2606773077,6924.716316923077,7.557979615384615,False,False,False,False,4.317855654997324,12.954981740822733,15346.090783425989,199.05314569537663,1528317181.1213942,18312889.40397465,0.03891705494776165,3.127963606759706
17-2051.01,Transportation Engineers,4595191.987396154,59603.936473076916,12.929270384615384,3.661153846153846,89.85961538461538,355410.0,4610.0,17,Architecture and Engineering Occupations,99590.0,47.88,92000.0,44.23,128713.2104203846,5008.209962307692,10.78064769230769,False,False,False,False,2.801040974423343,8.402481880655483,9955.179727198003,129.1279889209161,991436349.0316491,11879774.98072428,0.03890983641811587,3.1273834164535113
17-2051.02,Water/Wastewater Engineers,2404722.513980769,31191.49936538461,6.7660519230769225,3.75,82.29035714285715,355410.0,4610.0,17,Architecture and Engineering Occupations,99590.0,47.88,92000.0,44.23,135175.9103538461,5260.073830769229,6.0112753846153835,True,False,True,False,5.621268548364708,16.86380564509413,19978.55054774301,259.14048007961304,1989663849.0497262,23840924.1673244,0.03891280492951803,3.1276220109629023
17-2061.00,Computer Hardware Engineers,641360.4632038461,3642.649573076923,8.471278076923078,3.6205555555555557,94.93,75710.0,430.0,17,Architecture and Engineering Occupations,155020.0,74.53,104080.0,50.04,46690.24052307692,265.18033846153844,6.327629704142011,False,False,False,False,7.279875078335968,7.279875078335968,5511.593421808161,31.30346283684466,854407212.2487011,3258064.412058792,0.00567956676793026,0.456495954693753
17-2071.00,Electrical Engineers,3008797.784192308,30599.56430769231,15.937273076923079,3.6295454545454544,71.88409090909092,188790.0,1920.0,17,Architecture and Engineering Occupations,111910.0,53.8,107520.0,51.68999999999999,1276824.6006115389,12985.34473846154,13.802644615384617,False,False,False,False,42.43637134139588,42.43637134139587,80115.62545542128,814.7783297548009,8965739644.716196,87604966.0152362,0.01017003019227713,0.8174175657379732
17-2072.00,"Electronics Engineers, Except Computer",1396058.9962846152,16495.90681153846,14.861177307692307,3.339,78.1875,93940.0,1110.0,17,Architecture and Engineering Occupations,127590.0,61.34000000000001,110390.0,53.07000000000001,97014.18281423078,2292.078130769231,12.274989230769231,False,False,False,False,6.94914635215405,13.894829529262262,6528.028083213514,77.13552450890995,832911103.1372123,8514990.55053857,0.023626216953847406,1.8989604145596934
17-2072.01,Radio Frequency Identification Device Specialists,1895338.4260461538,22395.418915384616,20.176053076923075,3.765238095238095,89.95380952380953,93940.0,1110.0,17,Architecture and Engineering Occupations,127590.0,61.34,110390.0,53.07,204103.7009226923,4824.716180769231,18.13029730769231,False,False,False,False,10.768720673725324,21.54331740343055,10116.13620089757,119.5327994783511,1290717817.872521,13195225.734415177,0.023638553142143526,1.899951937378884
17-2081.00,Environmental Engineers,377388.5641730769,4276.075957692307,9.944362692307692,3.7551724137931037,91.9548275862069,37950.0,430.0,17,Architecture and Engineering Occupations,104170.0,50.08,99180.0,47.68,46147.05403846154,522.8783461538461,5.542563076923076,False,False,False,False,12.227994809428752,12.22799480942875,4640.524030178211,52.580377680543634,483403388.2236643,5214921.8583563175,0.011330698287220026,0.9107064223943093
17-2111.00,"Health and Safety Engineers, Except Mining Safety Engineers and Inspectors",282958.5984923077,2924.6366769230767,12.185986153846153,3.8468,88.79,23220.0,240.0,17,Architecture and Engineering Occupations,109660.0,52.72,102980.0,49.51,10976.748030769231,226.46203461538462,8.59832946745562,False,False,False,False,3.879277070658673,7.743253594618754,900.7681358069439,9.310264969580816,98778233.77258946,958771.0865674324,0.02063106796116505,1.6582249051921674
17-2111.02,Fire-Prevention and Protection Engineers,326258.9419153846,3372.185446153846,14.05077269230769,3.87,91.15384615384616,23220.0,240.0,17,Architecture and Engineering Occupations,109660.0,52.72,102980.0,49.51,19414.22403846154,401.76298076923075,8.98562564102564,False,False,False,False,5.950556917914797,11.914023922600771,1381.7193163398158,14.281336602995514,151519340.22982422,1470692.0433764781,0.02069425901201602,1.663303894535016
17-2112.00,Industrial Engineers,5602449.210957692,73263.90482307693,15.99648576923077,3.5355,79.7645,350230.0,4580.0,17,Architecture and Engineering Occupations,101140.0,48.63,100710.0,48.42,208769.34210192307,10921.78472,11.513182307692308,False,False,False,False,3.726394193696505,14.907456470378872,13050.950384583271,170.66885407129993,1319973121.896752,17188060.293520615,0.05231507945581342,4.204831656511013
17-2112.01,Human Factors Engineers and Ergonomists,3511624.7390461536,45921.94073846153,10.026624615384614,4.014230769230769,92.11538461538461,350230.0,4580.0,17,Architecture and Engineering Occupations,101140.0,48.63,100710.0,48.42,33155.37125307692,1734.1086876923073,4.221133846153846,False,False,False,False,0.9441604304816112,3.776209497696423,3306.7330756757474,43.2425477160578,334442983.2738451,4354956.980484181,0.0523024964629638,4.203820296742125
17-2112.02,Validation Engineers,5973837.817592308,78120.59847692307,17.05689923076923,3.8566666666666665,94.88714285714286,350230.0,4580.0,17,Architecture and Engineering Occupations,101140.0,48.63,100710.0,48.42,701186.2557865385,36677.98933846154,13.772813461538462,True,False,True,False,11.737617879776057,46.950471519104234,41108.65910033968,537.5828988937434,4157729781.4083557,54139973.747588895,0.05230848299688776,4.204301465223911
17-2112.03,Manufacturing Engineers,5687453.803665385,74375.52014615384,16.239196538461538,3.682916666666667,92.5,350230.0,4580.0,17,Architecture and Engineering Occupations,101140.0,48.63,100710.0,48.42,472902.2669951923,24736.80019230769,12.929414660633483,True,False,True,False,8.314832670648185,33.25933068259275,29121.038462411136,380.8193363156869,2945301830.088262,38352315.36035283,0.05230848299688776,4.204301465223911
17-2121.00,Marine Engineers and Naval Architects,100139.02236923076,1103.427616153846,11.864813076923076,3.6910714285714286,84.02035714285715,8440.0,93.0,17,Architecture and Engineering Occupations,105670.0,50.8,105670.0,50.8,29647.197738461535,326.68120730769226,10.109208534798533,False,False,False,False,29.606038721994842,29.606038721994842,2498.7496681363646,27.5336160114552,264042877.43196964,2909477.203930471,0.011018957345971563,0.88565020166355
17-2131.00,Materials Engineers,534227.7344884615,11496.336842307692,23.461911923076922,3.776666666666667,90.93095238095238,22770.0,490.0,17,Architecture and Engineering Occupations,108310.0,52.07,85720.0,41.21,129121.94409230769,2778.6452615384615,16.23061978021978,False,False,False,False,24.16983165726985,24.16983165726985,5503.470668360345,118.43217512062228,596080908.090109,10152006.051339742,0.021519543258673692,1.7296362285783395
17-2141.00,Mechanical Engineers,11712176.841138462,144584.69109230768,40.843133076923074,3.5475,66.93285714285715,286760.0,3540.0,17,Architecture and Engineering Occupations,102320.0,49.19,99050.0,47.62,266258.86584615393,9860.751692307693,35.462885,False,False,False,False,2.273350799408462,6.820052398225383,6519.060752383706,80.47661829905955,667030296.1839008,7971209.042521848,0.037034453898730633,2.9766492903161548
17-2141.01,Fuel Cell Engineers,5955371.4604,73517.9766,20.767789999999998,3.623076923076923,95.62884615384615,286760.0,3540.0,17,Architecture and Engineering Occupations,102320.0,49.190000000000005,99050.0,47.62,383861.8991538462,14216.11580769231,16.62915269230769,False,False,False,False,6.445641580988193,19.33692474296458,18483.52179764174,228.17571196698202,1891233950.334703,22600804.27032957,0.03703445389873065,2.9766492903161557
17-2141.02,Automotive Engineers,3215837.9249384613,39698.93379230769,11.214388076923075,3.7004,89.714,286760.0,3540.0,17,Architecture and Engineering Occupations,102320.0,49.19,99050.0,47.62,210068.5011948718,7779.772223076922,9.127132307692307,False,False,False,False,6.532309963938611,19.596929891815833,18732.052052590363,231.24377272342684,1916663566.021046,22904695.68825543,0.03703445389873064,2.976649290316155
17-2151.00,"Mining and Geological Engineers, Including Mining Safety Engineers",53346.31890769231,1733.5583692307694,7.879810769230769,3.7344444444444442,66.77833333333334,6770.0,220.0,17,Architecture and Engineering Occupations,101020.0,48.57,110960.0,53.35,16457.50546153846,534.8081538461539,5.678666538461538,False,False,False,False,30.85031132141596,30.85031132141596,2088.5660764598606,67.8706849071151,210986945.0439751,7530931.197293492,0.03249630723781389,2.6118951326200026
17-2161.00,Nuclear Engineers,103004.7754153846,1132.0741938461538,6.988112307692307,3.8939999999999997,87.618,14740.0,162.0,17,Architecture and Engineering Occupations,127520.0,61.31,127520.0,61.31,9511.818376923075,104.53965923076922,4.630421153846154,False,False,False,False,9.234346988831362,9.234346988831362,1361.1427461537428,14.959642121906807,173572922.9895253,1907653.563385556,0.010990502035278156,0.8833631021801104
17-2171.00,Petroleum Engineers,286276.12407692306,5734.577076923077,15.090992307692307,3.744782608695652,68.10565217391304,18970.0,380.0,17,Architecture and Engineering Occupations,141280.0,67.92,166580.0,80.09,56092.00630384615,1123.6142538461536,10.596074999999999,False,False,False,False,19.5936725372089,19.5936725372089,3716.9196803085283,74.45595564139381,525126412.43398887,12402873.090743382,0.020031628887717444,1.6100449077917804
17-2199.03,"Energy Engineers, Except Wind and Solar",1233751.7994230767,12439.819138461537,8.184091538461537,3.7304761904761907,91.77238095238096,150750.0,1520.0,17,Architecture and Engineering Occupations,117750.0,56.61,113290.0,54.46999999999999,54943.17122596153,4431.900246153846,5.094756153846153,False,True,True,False,4.453340716637974,35.62672573310379,6713.411130331745,67.6907788928972,790504160.596563,7668688.340776323,0.08066334991708127,6.4833277666727875
17-2199.05,Mechatronics Engineers,3568334.1369230766,35979.22313846154,23.67054153846154,3.6030434782608696,68.74826086956521,150750.0,1520.0,17,Architecture and Engineering Occupations,117750.0,56.61,113290.0,54.47,198594.03483173074,16019.260123076921,23.39662269230769,False,False,False,False,5.565455117467658,44.52364093974126,8389.923589582495,84.5949177855084,987913502.6733388,9583758.235920247,0.08066334991708127,6.4833277666727875
17-2199.06,Microsystems Engineers,1062922.5951923076,10717.362153846152,7.050896153846153,3.5112,63.5576,150750.0,1520.0,17,Architecture and Engineering Occupations,117750.0,56.61,113290.0,54.47,37365.92415865384,3014.060615384615,6.523961057692307,False,False,False,False,3.515394660689612,28.123157285516903,5299.457450989591,53.433998842482104,624011114.8540243,6053537.728864797,0.08066334991708127,6.4833277666727875
17-2199.07,Photonics Engineers,1300952.7285576921,13117.400646153845,8.629868846153846,3.3123076923076926,82.44,150750.0,1520.0,17,Architecture and Engineering Occupations,117750.0,56.61,113290.0,54.47,40793.446130900345,3290.536019580419,7.747704405594404,False,False,False,False,3.1356593698931867,25.085274959145494,4727.006500113979,47.66202242237644,556605015.388421,5399630.520231026,0.08066334991708125,6.483327766672787
17-2199.08,Robotics Engineers,2461721.8725,24821.3416,16.329829999999998,3.6304166666666666,81.25,150750.0,1520.0,17,Architecture and Engineering Occupations,117750.0,56.60999999999999,113290.0,54.47,104911.40401442308,8462.505292307693,14.04095423076923,False,False,False,False,4.261708245208073,34.093665961664584,6424.52517965117,64.7779653271627,756487839.9039253,7338695.691914263,0.08066334991708127,6.4833277666727875
17-2199.09,Nanosystems Engineers,3266502.834807692,32935.88264615384,21.668343846153846,3.3731999999999998,84.7616,150750.0,1520.0,17,Architecture and Engineering Occupations,117750.0,56.61,113290.0,54.47,5580.076478365383,450.10766153846146,13.261518846153846,False,False,False,False,0.17082723513674516,1.3666178810939618,257.5220569686433,2.5965739740785265,30323222.20805775,294165.86552335625,0.08066334991708127,6.4833277666727875
17-2199.10,Wind Energy Engineers,1588832.9299038462,16020.073323076924,10.539521923076924,3.3475,53.694375,150750.0,1520.0,17,Architecture and Engineering Occupations,117750.0,56.61,113290.0,54.47,11823.431213942307,953.7175692307692,4.656749230769231,False,False,False,False,0.7441582429096458,5.953265943277167,1121.8185511862912,11.311205292226616,132094134.40218578,1281446.4475563532,0.08066334991708125,6.483327766672787
17-2199.11,Solar Energy Systems Engineers,1638306.5287499998,16518.9116,10.867704999999999,3.7507692307692304,88.18769230769232,150750.0,1520.0,17,Architecture and Engineering Occupations,117750.0,56.61,113290.0,54.47,55811.97681490384,4501.981015384616,9.978449615384616,False,False,False,False,3.406687078118857,27.253496624950856,5135.580770264177,51.78164358740663,604714635.6986068,5866342.402017297,0.08066334991708127,6.4833277666727875
17-3011.00,Architectural and Civil Drafters,4427743.655865384,64668.09538461538,40.41755961538461,3.7256,83.39119999999998,109550.0,1600.0,17,Architecture and Engineering Occupations,64280.0,30.9,62350.0,29.97,3390537.3194280937,49519.486180602005,40.88739043478261,False,False,False,False,76.57483320961198,76.57483320961197,83887.72978112992,1225.1973313537917,5392303270.331032,76391053.60990891,0.01460520310360566,1.1738951942467062
17-3012.00,Electrical and Electronics Drafters,1087911.0781,11411.654665384614,54.34121269230769,3.7340740740740737,70.83111111111111,20020.0,210.0,17,Architecture and Engineering Occupations,73720.0,35.44,64200.0,30.87,481791.7940956522,5053.760077926421,51.91182566889632,False,False,False,False,44.28595349328415,44.28595349328415,8866.047889355486,93.00050233589671,653605050.4032865,5970632.249964569,0.010489510489510488,0.8430958382630681
17-3013.00,Mechanical Drafters,1513709.3038846154,23141.921688461538,37.93757653846154,3.8973333333333335,84.99600000000001,39900.0,610.0,17,Architecture and Engineering Occupations,68510.0,32.94,68520.0,32.94,1036807.5156923077,15850.94196923077,34.81238153846154,False,False,False,False,68.49449316533631,68.49449316533631,27329.30277296919,417.81640830855144,1872330532.9761193,28628780.297301944,0.015288220551378446,1.2287928148987042
17-3021.00,Aerospace Engineering and Operations Technologists and Technicians,115342.08293076923,3182.7285576923077,12.730914230769232,4.329090909090909,73.27454545454545,9060.0,250.0,17,Architecture and Engineering Occupations,79830.0,38.38,78610.0,37.79,27431.06653846154,756.9278846153846,11.411500384615385,False,True,True,False,23.782357524205842,23.782357524205842,2154.6815916930495,59.45589381051461,172008231.46485615,4673827.812444554,0.027593818984547464,2.2178569696765775
17-3022.00,Civil Engineering Technologists and Technicians,796294.2348807693,11663.08955,12.816581923076923,3.8757142857142854,68.12214285714286,62130.0,910.0,17,Architecture and Engineering Occupations,64200.0,30.86,61770.0,29.7,205946.89906153845,3016.4442,11.821466153846155,False,True,True,False,25.863165905298217,25.863165905298217,16068.784976961782,235.35480973821376,1031615995.5209464,14537866.597529463,0.01464670851440528,1.1772311973085796
17-3023.00,Electrical and Electronic Engineering Technologists and Technicians,2698829.213319231,34641.42771923077,29.110443461538463,3.7119230769230773,84.31692307692308,92710.0,1190.0,17,Architecture and Engineering Occupations,77180.0,37.11,65830.0,31.65,911458.0587932235,11699.224355128204,25.60685119047619,False,True,True,False,33.772350406428316,33.772350406428316,31310.346061799693,401.89096983649694,2416532509.0497003,26456482.544336595,0.012835724301585588,1.0316730938570187
17-3024.00,Electro-Mechanical and Mechatronics Technologists and Technicians,677929.0511692308,18472.18123076923,46.18045307692308,3.799615384615385,65.01615384615386,14680.0,400.0,17,Architecture and Engineering Occupations,70760.0,34.02,69770.0,33.54,44436.22665461539,4296.468615384616,48.36227,False,True,True,False,6.554701642889592,23.259129832636987,962.230201176192,26.218806571558368,68087409.03522734,1829286.1344976274,0.09668842156151801,7.77134508881597
17-3024.01,Robotics Technicians,182286.92949230768,4966.9463076923075,12.417365769230768,3.7240909090909096,76.03272727272727,14680.0,400.0,17,Architecture and Engineering Occupations,70760.0,34.02,69770.0,33.54,17603.286393076924,2198.349846153846,9.70339,False,False,False,False,9.656910916270474,44.25958546701547,1417.6345225085056,38.6276436650819,100311818.81270185,2695050.698512764,0.12488292226038089,10.037481933322406
17-3025.00,Environmental Engineering Technologists and Technicians,254267.83173076922,1830.7283884615385,20.341426538461537,3.6915384615384617,65.345,12500.0,90.0,17,Architecture and Engineering Occupations,58890.0,28.31,50100.0,24.09,73766.35576923077,531.1177615384615,18.858493846153845,False,True,True,False,29.011281241167016,29.011281241167016,3626.410155145877,26.110153117050313,213559294.0365407,1308118.6711642207,0.007200000000000001,0.5787009833837701
17-3026.00,Industrial Engineering Technologists and Technicians,470368.53279230767,8457.791353846154,6.407417692307693,3.4514285714285715,70.76571428571428,73410.0,1320.0,17,Architecture and Engineering Occupations,64790.0,31.15,65330.0,31.41,192829.42103653846,6934.609338461539,16.64963676923077,False,True,True,False,40.99539139912719,81.99078279825439,30094.716826099273,541.139166468479,1949836703.162972,35352621.74538573,0.03596240294237842,2.8904830482774693
17-3026.01,Nanotechnology Engineering Technologists and Technicians,1770427.3041576922,31834.410046153844,24.116977307692306,3.8286956521739133,88.91434782608695,73410.0,1320.0,17,Architecture and Engineering Occupations,64790.0,31.15,65330.0,31.41,142024.60771359887,5107.54617032967,15.896585934065932,True,True,True,True,8.022052494336629,16.044104988673258,5888.9887360925195,105.8910929252435,381547580.21143436,6917865.100806158,0.03596240294237842,2.8904830482774693
17-3027.00,Mechanical Engineering Technologists and Technicians,744793.5727884616,23467.461038461537,19.887678846153847,3.496923076923077,74.40038461538461,37450.0,1180.0,17,Architecture and Engineering Occupations,68730.0,33.04,60830.0,29.25,75695.66146,4767.5299038461535,22.01682,False,True,True,False,10.163307556025233,20.31549086640648,3806.15867973145,119.92702916109775,261597286.05794254,7295161.183869576,0.06298286865972455,5.0622566707935315
17-3027.01,Automotive Engineering Technicians,851540.4766346153,26830.914884615384,22.73806346153846,3.7994444444444446,95.26888888888888,37450.0,1180.0,17,Architecture and Engineering Occupations,68730.0,33.04,60830.0,29.25,62216.91841,3924.4938999999995,20.722400384615383,False,False,False,False,7.306395892757597,14.626761394000287,2736.24526183772,86.21547153453965,188062136.8461065,5244487.133446047,0.06307760011735367,5.069870724638997
17-3029.01,Non-Destructive Testing Specialists,4593976.18928077,77743.1151423077,71.32395884615384,4.469375,90.218125,64410.0,1090.0,17,Architecture and Engineering Occupations,77390.0,37.21,64680.0,31.09,255814.9921961538,8658.231376923075,66.71962192307693,False,False,False,False,5.568487551003264,11.136975102006529,3586.662831601202,60.69651430593557,277571836.537617,3925850.545307913,0.03384567613724577,2.7203508422101006
17-3029.08,Photonics Technicians,1672910.5500807692,28310.394342307693,25.972838846153845,3.6183333333333336,64.83666666666666,64410.0,1090.0,17,Architecture and Engineering Occupations,77390.0,37.21,64680.0,31.09,153675.335925,5201.24565,16.981273846153847,False,False,False,False,9.186105970673712,18.372211941347423,5916.770855710937,100.12855508034345,457898896.52346945,6476314.942596614,0.03384567613724577,2.7203508422101006
17-3031.00,Surveying and Mapping Technicians,2410532.8086153846,19974.443230769233,42.49881538461538,3.895263157894737,82.2421052631579,56720.0,470.0,17,Architecture and Engineering Occupations,51940.0,24.97,48720.0,23.42,1139121.6368809717,9439.12498825911,64.86661295546558,False,False,False,False,47.2560104890373,47.2560104890373,26803.609149381955,222.1032492984753,1392179459.2188988,10820870.305821717,0.008286318758815232,0.6660140019941326
19-1011.00,Animal Scientists,25326.5193,276.8485915384615,10.253651538461538,4.017777777777777,87.92333333333333,2470.0,27.0,19,"Life, Physical, and Social Science Occupations",79120.0,38.04,79120.0,38.04,2532.178449999999,27.67968346153845,2.529197307692307,False,False,False,False,9.998130497150468,9.998130497150468,246.95382327961656,2.6994952342306267,19538986.49788326,213584.0629323272,0.010931174089068825,0.8785946104004605
19-1012.00,Food Scientists and Technologists,103610.32528846154,937.32375,7.210182692307692,3.7707692307692304,86.95538461538462,14370.0,130.0,19,"Life, Physical, and Social Science Occupations",85310.0,41.02,69170.0,33.26,0.0,0.0,4.191033846153846,False,False,False,False,0.0,0.0,0.0,0.0,0.0,0.0,,
19-1013.00,Soil and Plant Scientists,219194.8979230769,924.3158346153846,13.204511923076922,3.3622222222222224,75.40518518518519,16600.0,70.0,19,"Life, Physical, and Social Science Occupations",71410.0,34.33,72550.0,34.88,21428.588846153845,90.36151923076922,7.71481423076923,False,False,False,False,9.776043625647656,9.776043625647654,1622.8232418575108,6.843230537953359,115885807.70104484,496476.37552851625,0.004216867469879517,0.33893129883587597
19-1021.00,Biochemists and Biophysicists,1057233.5910615386,11331.878003846154,30.626697307692307,3.8562499999999997,82.25875,34520.0,370.0,19,"Life, Physical, and Social Science Occupations",103650.0,49.830000000000005,78260.0,37.63,141399.78840000002,1515.5829,18.373212307692306,False,False,False,False,13.374507733718946,13.374507733718948,4616.880069679781,49.4856786147601,478539619.2223093,3872749.2083911253,0.010718424101969872,0.8614948011297593
19-1022.00,Microbiologists,634060.628,4492.332384615384,32.08808846153846,3.9435714285714285,83.44142857142857,19760.0,140.0,19,"Life, Physical, and Social Science Occupations",87330.0,41.98,67780.0,32.59,11654.599999999999,82.57307692307691,24.85775730769231,False,False,False,False,1.8380892118726535,1.8380892118726537,363.2064282660363,2.573324896621715,31718817.38047295,174419.96149301986,0.00708502024291498,0.5694594697040022
19-1023.00,Zoologists and Wildlife Biologists,147778.64224615385,3056.8868076923077,8.733962307692307,3.525714285714286,76.48642857142856,16920.0,350.0,19,"Life, Physical, and Social Science Occupations",72860.0,35.03,69990.0,33.65,4141.215553846154,85.6634423076923,5.023724615384616,False,False,False,False,2.8023099217193783,2.8023099217193783,474.1508387549188,9.808084726017825,34546630.11168338,686467.8499739876,0.020685579196217493,1.6626062531547108
19-1029.01,Bioinformatics Scientists,762580.6844115384,6513.417334615385,12.771406538461537,3.5395000000000003,76.7255,59710.0,510.0,19,"Life, Physical, and Social Science Occupations",93330.0,44.87,89860.0,43.2,62598.96780076923,2140.0001653846152,9.731213846153846,False,False,False,False,8.20883207251375,32.85525946589728,4901.49363049796,41.86504356982013,457456400.5343746,3761992.8151840367,0.03418586984046594,2.747693957570445
19-1029.02,Molecular and Cellular Biologists,853749.5639076923,7292.116523076923,14.298267692307691,3.7681818181818185,94.05636363636363,59710.0,510.0,19,"Life, Physical, and Social Science Occupations",93330.0,44.87,89860.0,43.2,17587.587115384613,598.9286423076923,8.902693076923077,False,False,False,False,2.060040538689656,8.213371802443072,1230.0502056515936,10.506206747317243,114800585.69346324,944087.7383139274,0.03405405405405405,2.737099245734047
19-1029.03,Geneticists,684223.6188576923,5844.147473076923,11.459112692307691,3.7412500000000004,87.01375,59710.0,510.0,19,"Life, Physical, and Social Science Occupations",93330.0,44.87,89860.0,43.20000000000001,14110.438961923077,483.2051792307692,7.046461538461538,False,False,False,False,2.062255463422964,8.26818935450928,1231.3727372098517,10.517502863457116,114924017.56379546,945102.8073102564,0.0342445178732352,2.752407801214486
19-1029.04,Biologists,1823733.7371076923,15577.025723076924,30.543187692307693,3.6699999999999995,68.20904761904762,59710.0,510.0,19,"Life, Physical, and Social Science Occupations",93330.0,44.87,89860.0,43.2,61346.70851346153,2095.9183615384613,24.059725264423076,True,False,True,False,3.3637974264134036,13.455189705653611,2008.5234433114433,17.15536687470836,187455492.964257,1541581.2673612933,0.0341651314687657,2.7460271081125693
19-1031.00,Conservation Scientists,240474.48579230768,2819.1616153846153,9.397205384615384,3.8676666666666666,83.61566666666666,25590.0,300.0,19,"Life, Physical, and Social Science Occupations",67950.0,32.67,77380.0,37.2,1524.0624249999996,53.67852499999999,2.9322853846153847,False,False,False,False,0.6337730258486954,1.9040598703908178,162.18251731468115,1.9013190775460862,11020302.051532583,147124.07022051615,0.03522068658047259,2.8308674943848664
19-1031.02,Range Managers,156557.73027692307,1835.3778461538461,6.117926153846153,3.669375,84.485625,25590.0,300.0,19,"Life, Physical, and Social Science Occupations",67950.0,32.67,77380.0,37.2,0.0,0.0,1.984001923076923,False,False,False,False,0.0,0.0,0.0,0.0,0.0,0.0,,
19-1031.03,Park Naturalists,457363.82013461535,5361.82673076923,17.872755769230768,3.6119999999999997,86.2145,25590.0,300.0,19,"Life, Physical, and Social Science Occupations",67950.0,32.67,77380.0,37.2,32847.135784615384,1152.8299730769231,15.90564423076923,False,False,False,False,7.181839563730145,21.500694277592466,1837.8327443585442,21.545518691190438,124880734.97916308,1667192.2363243161,0.03509681881051176,2.820911605456271
19-1032.00,Foresters,68150.40444230768,282.48872307692307,7.062218076923076,3.2895999999999996,68.5616,9650.0,40.0,19,"Life, Physical, and Social Science Occupations",70660.0,33.97,68930.0,33.14,0.0,0.0,2.3515215384615384,False,False,False,False,0.0,0.0,0.0,0.0,0.0,0.0,,
19-1041.00,Epidemiologists,159844.44583846154,2510.645746153846,13.948031923076925,3.8449999999999998,90.46124999999999,11460.0,180.0,19,"Life, Physical, and Social Science Occupations",83980.0,40.38,72160.0,34.69,21701.290707692307,340.85796923076924,7.299305,False,False,False,False,13.576505954810333,13.576505954810333,1555.8675824212642,24.4377107186586,130661759.57173777,1763425.2054584045,0.015706806282722512,1.2624367002263743
19-1042.00,"Medical Scientists, Except Epidemiologists",2370289.019076923,25022.244923076923,15.164996923076922,4.117142857142857,67.44785714285715,156300.0,1650.0,19,"Life, Physical, and Social Science Occupations",100590.0,48.36,78570.0,37.77,388143.45703846146,4097.483711538461,10.236486923076923,False,False,False,False,16.375364097565566,16.375364097565566,25594.69408449498,270.19350760983184,2574570277.95935,21229103.892904487,0.01055662188099808,0.8484899255200296
19-2011.00,Astronomers,8418.5448,91.7405523076923,5.396503076923076,3.9105882352941177,92.83764705882353,1560.0,17.0,19,"Life, Physical, and Social Science Occupations",132170.0,63.540000000000006,132170.0,63.540000000000006,2794.332,30.45105384615384,3.4428788461538455,False,False,False,False,33.19257741551723,33.19257741551723,517.8042076820687,5.642738160637929,68438182.12933902,745800.7026915151,0.010897435897435895,0.8758828986399652
19-2012.00,Physicists,299754.27984615386,842.7955384615385,14.046592307692308,3.943,77.899,21340.0,60.0,19,"Life, Physical, and Social Science Occupations",166290.0,79.95,133900.0,64.37,104487.3703076923,293.7789230769231,11.825375000000001,False,False,False,False,34.857674212798386,34.85767421279839,7438.627677011175,20.91460452767903,1236969396.4101884,2800465.5462562223,0.0028116213683223997,0.22598445149319357
19-2021.00,Atmospheric and Space Scientists,328318.0772923077,3627.204270769231,37.39385846153846,3.764074074074074,76.29629629629629,8780.0,97.0,19,"Life, Physical, and Social Science Occupations",97450.0,46.85,59640.0,28.67,215244.3914076923,2377.984734230769,35.30954153846154,False,False,False,False,65.55971367243852,65.55971367243852,5756.142860440102,63.59292226226537,560936121.749888,3792681.8837215067,0.01104783599088838,0.8879713266930157
19-2031.00,Chemists,1125829.3577884615,10007.372069230769,13.52347576923077,3.855,89.64666666666666,83250.0,740.0,19,"Life, Physical, and Social Science Occupations",84150.0,40.46,77270.0,37.15,306789.08971153846,2727.014130769231,10.490594615384616,False,False,False,False,27.250052380423252,27.250052380423256,22685.66860670236,201.65038761513205,1908999013.2540035,15581525.451021254,0.00888888888888889,0.7144456584984816
19-2032.00,Materials Scientists,107384.16376153845,1031.3004923076921,12.891256153846154,3.94375,89.285625,8330.0,80.0,19,"Life, Physical, and Social Science Occupations",104160.0,50.08,118720.0,57.08,6498.329115384615,62.40892307692307,10.731302307692307,False,False,False,False,6.051478065066524,6.051478065066524,504.08812282004146,4.84118245205322,52505818.87293552,574745.1807077582,0.009603841536614645,0.7719100752084433
19-2041.00,"Environmental Scientists and Specialists, Including Health",945298.4042538462,9572.078507692308,11.130323846153846,3.4513636363636366,70.89999999999999,84930.0,860.0,19,"Life, Physical, and Social Science Occupations",80060.0,38.49,81480.0,39.17,2517.31997,488.3589384615385,6.835961923076923,False,False,False,False,0.26629897592887614,5.101911126920697,226.1677202563945,2.2901711929883346,18106987.683726944,186603.1488046895,0.19399954883825854,15.592740234542768
19-2041.01,Climate Change Policy Analysts,308323.76357307687,3122.0821461538458,3.6303280769230764,4.090714285714285,97.515,84930.0,860.0,19,"Life, Physical, and Social Science Occupations",80060.0,38.49,81480.0,39.17,5312.228493076923,899.1372769230768,2.507630769230769,False,True,True,False,1.7229383916163354,28.79928313323663,1463.2915759997536,14.817270167900485,117151123.57454027,1207311.1732805315,0.1692580200747884,13.604136480954159
19-2041.02,Environmental Restoration Planners,702091.516973077,7109.368946153847,8.266708076923077,3.8865217391304347,94.66260869565217,84930.0,860.0,19,"Life, Physical, and Social Science Occupations",80060.0,38.49,81480.0,39.17,1521.84929076923,306.4365230769229,1.3990399999999996,False,False,False,False,0.21675939019038,4.310319599360565,184.09375008868975,1.8641307556372682,14738545.6321005,151889.3739693246,0.20135799578553032,16.18417641295436
19-2041.03,Industrial Ecologists,1104303.5009538461,11182.161907692307,13.002513846153844,3.4678947368421054,89.70184210526315,84930.0,860.0,19,"Life, Physical, and Social Science Occupations",80060.0,38.49,81480.0,39.17,19783.35362807692,2284.6359769230767,7.157304999999999,False,False,False,False,1.7914779416155953,20.43107581326877,1521.502215814125,15.406710297894119,121811467.39807886,1255338.7550724128,0.11548274472942126,9.281941380385135
19-2042.00,"Geoscientists, Except Hydrologists and Geographers",360298.6529423077,5442.094269230769,16.006159615384615,3.6296875,60.8021875,22510.0,340.0,19,"Life, Physical, and Social Science Occupations",99240.0,47.71,104000.0,50.0,197279.4148269231,2979.786807692308,14.210235,False,False,False,False,54.75441365541608,54.75441365541608,12325.21851383416,186.16500642841467,1223154685.312902,19361160.668555126,0.015104398045313192,1.214018055867033
19-2043.00,Hydrologists,54864.48879999999,959.1693846153845,9.591693846153845,3.536,88.6156,5720.0,100.0,19,"Life, Physical, and Social Science Occupations",92060.0,44.26,89310.0,42.94,12879.085587499998,225.15883894230768,5.801026466346153,False,False,False,False,23.474356308046016,23.47435630804602,1342.733180820232,23.474356308046016,123612016.62631056,2096494.7618715896,0.017482517482517484,1.405159730438447
19-2099.01,Remote Sensing Scientists and Technologists,697420.3051461538,3706.396661538461,30.886638846153843,3.8633333333333333,95.16666666666667,22580.0,120.0,19,"Life, Physical, and Social Science Occupations",117960.0,56.71,106850.0,51.37,460308.5675538461,2446.2811384615384,26.224391153846152,False,False,False,False,66.00160106571349,66.0016010657135,14903.161520638105,79.20192127885619,1757976932.9744709,8462725.288645783,0.005314437555358725,0.427148644363574
19-3011.00,Economists,170846.61075384615,753.1021884615385,10.758602692307692,3.8042857142857143,91.66571428571429,15880.0,70.0,19,"Life, Physical, and Social Science Occupations",115440.0,55.5,115440.0,55.5,12347.545806923075,109.58406615384615,6.072227692307692,False,False,False,False,7.227269977695536,14.551022136545377,1147.690472458051,5.059088984386875,132489388.14055742,584021.2323576208,0.008874967371443488,0.7133267146323915
19-3011.01,Environmental Economists,84846.30863076923,374.00765769230765,5.342966538461538,3.5770000000000004,96.29650000000001,15880.0,70.0,19,"Life, Physical, and Social Science Occupations",115440.0,55.5,115440.0,55.5,4812.334369230769,42.162092307692305,4.447756153846154,False,False,False,False,5.671825264871443,11.273055896192007,900.6858520615851,3.9702776854100104,103975174.76198938,458328.8560037316,0.008761255779995132,0.704187129938878
19-3022.00,Survey Researchers,136239.62936923077,705.9048153846154,17.647620384615383,4.344375,96.091875,7720.0,40.0,19,"Life, Physical, and Social Science Occupations",63380.0,30.47,50150.0,24.11,25285.924692307693,131.01515384615385,11.463431923076923,False,False,False,False,18.559889519208006,18.559889519208006,1432.8234708828581,7.423955807683203,90812351.58455555,372311.38375531265,0.0051813471502590676,0.4164514848760579
19-3032.00,Industrial-Organizational Psychologists,14685.993403846154,167.8399246153846,13.986660384615384,3.906,94.7692,1050.0,12.0,19,"Life, Physical, and Social Science Occupations",109840.0,52.81,109840.0,52.81,1188.271673076923,13.58024769230769,6.345472692307692,False,False,False,False,8.09119029541252,8.091190295412522,84.95749810183146,0.9709428354495024,9331731.591505168,106648.36104577334,0.011428571428571429,0.9185729894980477
19-3033.00,Clinical and Counseling Psychologists,3333402.625776923,46175.406923076924,46.17540692307692,3.8853333333333335,95.589,72190.0,1000.0,19,"Life, Physical, and Social Science Occupations",95830.0,46.07,88990.0,42.79,558341.1438730769,7734.328076923077,28.702335,True,True,True,True,16.749886124030493,16.749886124030493,12091.742792937614,167.49886124030493,1158751711.8472116,14905723.661774736,0.013852334118298934,1.1133832467250198
19-3034.00,School Psychologists,1181815.07685,13330.82963076923,18.515041153846155,4.002105263157895,92.55315789473684,63830.0,720.0,19,"Life, Physical, and Social Science Occupations",86930.0,41.79,75870.0,36.48,310432.0986,3501.6624,10.177533076923078,True,False,True,False,26.267400431836013,26.267400431836013,16766.481695640927,189.1252831092193,1457510253.8020658,14348935.22949647,0.011279962400125333,0.9066285185395112
19-3039.02,Neuropsychologists,336768.68222307693,3710.3238738461537,18.930223846153844,4.24,98.0,17790.0,196.0,19,"Life, Physical, and Social Science Occupations",117580.0,56.53000000000001,90270.0,43.4,13560.879092307692,149.40597538461537,2.8585326923076924,True,True,True,True,4.026763712940775,4.026763712940775,716.3612645321638,7.892456877363918,84229757.48369181,712452.0823196409,0.01101742551995503,0.8855270809382527
19-3039.03,Clinical Neuropsychologists,303654.38306538464,3345.489549230769,17.06882423076923,4.388333333333333,95.37055555555555,17790.0,196.0,19,"Life, Physical, and Social Science Occupations",117580.0,56.53,90270.0,43.4,13560.879092307692,149.40597538461537,2.8585326923076924,True,True,True,True,4.465892754588589,4.465892754588589,794.4823210413101,8.753149798993634,93415231.30803724,790146.8323551554,0.01101742551995503,0.8855270809382527
19-3041.00,Sociologists,35741.37286538461,387.7030276923077,12.115719615384617,3.8973333333333335,98.33333333333333,2950.0,32.0,19,"Life, Physical, and Social Science Occupations",101690.0,48.89,101690.0,48.89,13492.846153846154,146.3630769230769,6.049934230769231,False,False,False,False,37.75133709794882,37.751337097948806,1113.6644443894902,12.080427871343623,113248537.34996726,1228458.710236933,0.010847457627118643,0.8718658883371299
19-3051.00,Urban and Regional Planners,310070.6551384615,3962.334115384615,7.204243846153846,4.1078947368421055,98.52631578947368,43040.0,550.0,19,"Life, Physical, and Social Science Occupations",83720.0,40.25,75480.0,36.29,85481.63805538461,1092.353646153846,6.017096538461538,False,False,False,False,27.568438560305857,27.568438560305854,11865.455956355641,151.62641208168222,993375972.6660943,11444761.583925374,0.012778810408921933,1.0270986319608164
19-3091.00,Anthropologists and Archeologists,50161.34149615384,683.7357576923075,6.215779615384615,3.7056666666666667,78.16666666666667,8070.0,110.0,19,"Life, Physical, and Social Science Occupations",64910.0,31.21,72550.0,34.88,7267.404357692308,99.06003461538461,2.696815769230769,False,False,False,False,14.488058215607216,14.488058215607216,1169.1862979995024,15.936864037167938,75891882.6031477,1156219.4858965338,0.013630731102850062,1.0955718740915377
19-3092.00,Geographers,14354.796623076923,156.03039807692306,10.402026538461538,3.8708333333333336,90.41666666666667,1380.0,15.0,19,"Life, Physical, and Social Science Occupations",97200.0,46.73,97200.0,46.73,9874.221115384615,107.32849038461536,9.556641923076924,False,False,False,False,68.78691056835116,68.78691056835116,949.2593658432461,10.318036585252674,92268010.35996352,1002913.1560865599,0.010869565217391302,0.8736427889247734
19-3093.00,Historians,60186.98740769231,1725.1047346153846,19.167830384615385,3.723809523809524,82.60380952380953,3140.0,90.0,19,"Life, Physical, and Social Science Occupations",74050.0,35.6,32000.0,15.39,11185.05196923077,320.5906615384615,11.903506538461539,False,False,False,False,18.5838375552275,18.583837555227497,583.5324992341435,16.725453799704752,43210581.568288326,535214.5215905521,0.028662420382165602,2.3037459529608677
19-3094.00,Political Scientists,32556.509730769223,361.13103230769224,5.471682307692307,3.5964285714285715,97.52785714285714,5950.0,66.0,19,"Life, Physical, and Social Science Occupations",139380.0,67.01,139380.0,67.01,2959.0906153846145,32.823526153846146,1.1382080769230767,False,False,False,False,9.089090445675053,9.089090445675053,540.8008815176656,5.998799694145535,75376826.86593224,836112.7013700047,0.011092436974789916,0.8915561368657521
19-3099.01,Transportation Planners,277024.82685384614,1723.4436076923075,7.493233076923076,3.8350000000000004,94.0909090909091,36970.0,230.0,19,"Life, Physical, and Social Science Occupations",100340.0,48.24,84640.0,40.69,59583.02754230768,370.6815346153846,7.166356923076923,False,False,False,False,21.50819051815263,21.508190518152634,7951.578034561027,49.46883819175105,797861339.9878535,4187042.4645498088,0.0062212604814714636,0.5000346609047392
19-4012.00,Agricultural Technicians,261256.97427692305,546.5627076923076,18.21875692307692,3.6107692307692307,58.606923076923074,14340.0,30.0,19,"Life, Physical, and Social Science Occupations",46790.0,22.49,47840.0,23.0,78628.7068207532,435.05719663461537,21.92811673076923,True,True,True,True,30.09630921370527,79.59877073785552,4315.8107412453355,9.028892764111582,201936784.58286926,431942.2298350981,0.005533058016919931,0.4447202938209745
19-4012.01,Precision Agriculture Technicians,268272.59866153845,561.2397461538461,18.707991538461535,3.7763636363636364,96.44136363636363,14340.0,30.0,19,"Life, Physical, and Social Science Occupations",46790.0,22.49,47840.0,23.0,72528.6038076923,303.4669615384615,16.120068076923076,True,False,True,False,27.03541255035024,54.07082510070048,3876.8781597202246,8.110623765105071,181399129.0933093,388012.24092262663,0.0041841004184100415,0.3362976425986576
19-4013.00,Food Science Technicians,732549.5344615384,4642.919584615384,51.58799538461538,4.15375,82.92625,14200.0,90.0,19,"Life, Physical, and Social Science Occupations",49430.0,23.76,48790.0,23.46,78628.7068207532,435.05719663461537,21.92811673076923,True,True,True,True,10.733568601411964,9.370336675143063,1524.1667414004987,9.660211741270768,75339562.02742665,471321.73085660074,0.005533058016919931,0.4447202938209745
19-4021.00,Biological Technicians,2381918.3583384613,27198.700246153847,31.262873846153845,3.935294117647059,73.10058823529413,76190.0,870.0,19,"Life, Physical, and Social Science Occupations",52000.0,25.0,50690.0,24.37,1026890.3731038461,11725.877734615384,27.444161923076923,False,False,False,False,43.111904717849654,43.11190471784965,32846.96020452965,375.073571045292,1708041930.6355417,19012479.316285852,0.011418821367633548,0.9177893270184916
19-4031.00,Chemical Technicians,1981411.9616,27064.577476923077,35.61128615384616,3.99375,76.60375,55640.0,760.0,19,"Life, Physical, and Social Science Occupations",57790.0,27.78,52890.0,25.43,358490.2748,4896.70396923077,22.074167692307693,False,False,False,False,18.092667337615005,18.09266733761501,10066.76010664899,137.50427176587402,581758066.563245,7272600.933697077,0.01365923795830338,1.0978631164920951
19-4042.00,"Environmental Science and Protection Technicians, Including Health",667351.0309499999,5421.485907692308,16.94214346153846,3.4972,77.9128,39390.0,320.0,19,"Life, Physical, and Social Science Occupations",49490.0,23.79,54060.0,25.99,112371.53445,912.8939076923077,9.225930769230768,True,False,True,False,16.8384447222678,16.8384447222678,6632.663376101285,53.88302311125695,328250510.4832526,2912916.229394551,0.008123889312008123,0.6529587130222222
19-4043.00,"Geological Technicians, Except Hydrologic Technicians",185693.78604615387,2294.8768615384615,19.12397384615385,3.6134782608695653,68.82391304347826,9710.0,120.0,19,"Life, Physical, and Social Science Occupations",48390.0,23.270000000000003,61150.0,29.4,26585.556084735574,333.09310480769227,10.493724307692307,True,True,True,True,14.316879767924911,14.514639560415896,1390.1690254655086,17.180255721509894,67270279.14227596,1050572.63737033,0.012529100529100529,1.0070281662645262
19-4051.00,Nuclear Technicians,249923.39177692306,2753.7468876923076,41.72343769230769,4.27125,65.023125,5990.0,66.0,19,"Life, Physical, and Social Science Occupations",104240.0,50.11,104240.0,50.11,0.0,0.0,25.954825384615386,False,False,False,False,0.0,0.0,0.0,0.0,0.0,0.0,,
19-4051.02,Nuclear Monitoring Technicians,157000.24761923077,1729.885866923077,26.210391923076923,4.278125,88.815,5990.0,66.0,19,"Life, Physical, and Social Science Occupations",104240.0,50.11,104240.0,50.11,3588.376172307692,39.39662769230769,13.078198846153846,False,False,False,False,2.285586313857607,2.2774119637373476,136.90662020007065,1.5084869671460206,14271146.089655364,157244.68145530118,0.010978956999085087,0.882435168319259
19-4061.00,Social Science Research Assistants,792843.6415153847,35381.91114230769,24.06932730769231,3.9272727272727277,63.55181818181818,32940.0,1470.0,19,"Life, Physical, and Social Science Occupations",58040.0,27.9,58040.0,27.9,502633.3603846154,22430.814807692306,17.757923076923078,False,False,False,False,63.39627816449634,63.39627816449634,20882.734027385093,931.9252890180962,1212033882.9494307,54088943.7746103,0.044626593806921674,3.586868572379671
19-4071.00,Forest and Conservation Technicians,532563.4863230769,21761.76408076923,17.135247307692307,3.461,53.133500000000005,31080.0,1270.0,19,"Life, Physical, and Social Science Occupations",54310.0,26.110000000000003,44780.0,21.53,79814.43216923077,3261.4005423076924,5.740965,True,False,True,False,14.986838981449013,14.986838981449013,4657.909555434354,190.33285506440245,252971067.95563975,8523105.249783942,0.04086229086229086,3.2843122090724113
19-4092.00,Forensic Science Technicians,394072.0363461538,4254.762346153846,20.260773076923076,4.06625,70.63,19450.0,210.0,19,"Life, Physical, and Social Science Occupations",67440.0,32.42,64430.0,30.98,119929.42563461539,1294.8678346153847,18.013786153846155,False,False,False,False,30.433376279779743,30.433376279779743,5919.29168641716,63.91009018753746,399197031.3319733,4117727.1107830387,0.010796915167095116,0.8678035312095952
19-4099.01,Quality Control Analysts,3116666.2137692305,61984.11797692307,43.650787307692305,3.8492307692307692,82.86576923076925,71400.0,1420.0,19,"Life, Physical, and Social Science Occupations",60130.0,28.91,52400.0,25.19,386287.566,15364.9396,30.417108846153845,False,False,False,False,12.394255255612757,24.788510511225514,8849.498252507508,175.99842462970116,532120329.9232765,9222317.45059634,0.039775910364145656,3.1969942281549697
19-4099.03,Remote Sensing Technicians,2361481.7326153843,46965.04286153846,33.07397384615384,3.7338888888888886,68.55000000000001,71400.0,1420.0,19,"Life, Physical, and Social Science Occupations",60130.0,28.91,52400.0,25.19,771625.9788461537,30692.125769230766,34.51181235576923,False,False,False,False,32.67550064812755,65.3510012962551,23330.307462763074,463.99210920341125,1402851387.7359436,24313186.52225875,0.03977591036414566,3.19699422815497
19-5011.00,Occupational Health and Safety Specialists,617026.6715884614,5284.819269230768,4.804381153846153,3.821818181818182,89.92045454545455,128430.0,1100.0,19,"Life, Physical, and Social Science Occupations",83910.0,40.34,87000.0,41.83,154894.3351961538,1326.666423076923,2.152038461538461,True,False,True,False,25.10334517588954,25.10334517588954,32240.226209394936,276.13679693478497,2705277381.230329,24023901.33332629,0.008564977030288873,0.688411198623274
19-5012.00,Occupational Health and Safety Technicians,280403.50669230765,1961.4871692307688,8.915850769230769,3.5603846153846153,79.85384615384615,31450.0,220.0,19,"Life, Physical, and Social Science Occupations",58440.0,28.1,63510.0,30.54,0.0,0.0,4.910706923076922,True,False,True,False,0.0,0.0,0.0,0.0,0.0,0.0,,
21-1011.00,Substance Abuse and Behavioral Disorder Counselors,6344164.329108974,69867.03163846154,39.20708846153846,4.357826086956522,90.22130434782609,161811.66666666666,1782.0,21,Community and Social Service Occupations,60200.0,28.94,60200.0,28.94,895406.2041929485,9860.932086923076,13.53108769230769,False,False,False,False,14.113855785300988,14.113855785300988,22837.865277125282,251.50891009406362,1374839489.682942,15140836.38766263,0.011012802949931505,0.8851555412412563
21-1012.00,"Educational, Guidance, and Career Counselors and Advisors",11810169.48425,126950.2664,34.497355,3.816857142857143,73.76657142857142,342350.0,3680.0,21,Community and Social Service Occupations,65140.0,31.32,62500.0,30.05,2046624.1293846155,21999.640123076922,24.236324209401708,False,True,True,False,17.32933750115937,17.32933750115937,59326.9869352191,637.7196200426647,3864559928.960172,39857476.25266654,0.010749233240835402,0.8639710898740217
21-1013.00,Marriage and Family Therapists,2789126.696326923,83838.93819230769,42.34289807692308,3.9953333333333334,82.914,65870.0,1980.0,21,Community and Social Service Occupations,63780.0,30.66,81170.0,39.02,349145.3537384615,10495.032646153846,40.575608461538465,False,False,False,False,12.51808869773684,12.518088697736843,8245.665025199256,247.8581562151894,525908515.30720854,20118646.539986923,0.030059207529983305,2.4160129107414114
21-1014.00,Mental Health Counselors,7721003.246197435,85029.88732615384,47.71598615384615,4.0488888888888885,90.93518518518519,161811.66666666666,1782.0,21,Community and Social Service Occupations,60200.0,28.94,60200.0,28.94,597406.9929814104,6579.125494615386,38.60188,False,False,False,False,7.737427040658622,7.737427040658622,12520.059651607058,137.88094986453663,753707591.026745,8300433.181845105,0.011012802949931505,0.8851555412412563
21-1015.00,Rehabilitation Counselors,1763044.843253846,11895.05123076923,19.825085384615384,4.1135294117647065,84.63117647058823,88930.0,600.0,21,Community and Social Service Occupations,46110.0,22.17,46700.0,22.45,474791.5237538461,3203.3612307692306,14.011710384615384,False,False,False,False,26.930201212442157,26.930201212442157,23949.027938224808,161.58120727465294,1104289678.231546,7545842.379726293,0.006746879568199708,0.5422813667901439
21-1021.00,"Child, Family, and School Social Workers",11087600.20436923,52982.83991538461,28.952371538461538,4.158095238095238,64.96190476190476,382960.0,1830.0,21,Community and Social Service Occupations,58570.0,28.16,49070.0,23.59,1861805.8479076924,8896.763896153847,23.316736153846154,False,False,False,False,16.79178373670094,16.79178373670094,64305.814998069916,307.2896423816272,3766391584.436955,15078702.751666445,0.004778566952162106,0.38407797144186046
21-1022.00,Healthcare Social Workers,5973536.545546154,62003.471726923075,32.12615115384615,4.055294117647058,87.64470588235294,185940.0,1930.0,21,Community and Social Service Occupations,68090.0,32.74,72370.0,34.79,608910.5907692307,6320.304615384615,15.527030384615385,False,False,False,False,10.193468912870921,10.193468912870921,18953.73609659219,196.7339500184088,1290559890.8169622,14237635.962832244,0.01037969237388405,0.8342691922205163
21-1023.00,Mental Health and Substance Abuse Social Workers,2956789.4217576925,39452.038984615385,23.48335653846154,3.9784615384615383,89.82153846153847,125910.0,1680.0,21,Community and Social Service Occupations,60060.0,28.88,60060.0,28.88,356745.4035576923,4760.005384615385,15.404776153846154,False,False,False,False,12.065296261294844,12.065296261294845,15191.414522596337,202.69697718975337,912396356.227136,12173980.450016588,0.013342863950440792,1.072434512399436
21-1091.00,Health Education Specialists,434178.6438461538,3265.5032307692304,6.664292307692308,3.816875,77.09125,65150.0,490.0,21,Community and Social Service Occupations,63000.0,30.29,61660.0,29.64,120764.3453076923,908.2813384615384,2.543433076923077,False,True,True,False,27.81443698794263,27.81443698794263,18121.105697644627,136.2907412409189,1141629658.9516115,8403687.104915058,0.007521105141980046,0.604509853027303
21-1092.00,Probation Officers and Correctional Treatment Specialists,2696388.5416384614,25777.499303846154,31.057228076923078,4.1519047619047615,79.69714285714285,86820.0,830.0,21,Community and Social Service Occupations,64520.0,31.02,74860.0,35.99,199266.15851538462,1904.9863115384617,17.840380384615386,False,False,False,False,7.390112939520967,7.390112939520967,6416.096054092103,61.337937398024025,413966517.4100225,4591757.993616078,0.009560009214466713,0.7683870463291375
21-1093.00,Social and Human Service Assistants,5969506.526853846,88088.98886923077,14.071723461538461,3.4921052631578946,59.93578947368421,424220.0,6260.0,21,Community and Social Service Occupations,45120.0,21.69,40500.0,19.47,1218838.2296307692,17985.779353846152,10.868746153846153,False,False,False,False,20.417738453720105,20.4177384537201,86616.13006837142,1278.1504272028787,3908119788.6849184,51765092.30171659,0.014756494271840082,1.186055242557059
21-1094.00,Community Health Workers,2005652.1157461538,19154.91893846154,33.025722307692305,3.7275,54.091071428571425,60730.0,580.0,21,Community and Social Service Occupations,51030.0,24.54,55520.0,26.69,220927.4947346154,2109.9612538461542,30.401640384615387,False,False,False,False,11.015245016827095,11.015245016827095,6689.558298719095,63.888421097597146,341368159.9836354,3547085.1393385935,0.009550469290301334,0.767620273621372
21-2011.00,Clergy,1572777.8291076922,17330.88516923077,27.079508076923076,4.173333333333334,97.01380952380953,58080.0,640.0,21,Community and Social Service Occupations,60820.0,29.24,60820.0,29.24,102810.75876923079,1132.9009230769232,23.056205384615385,False,False,False,False,6.536890135815303,6.536890135815302,3796.625790881528,41.83609686921793,230910780.60141453,2544471.411585835,0.011019283746556472,0.8856764361551422
21-2021.00,"Directors, Religious Activities and Education",93101.63479999999,260.3028,4.33838,3.6468421052631577,89.15157894736842,21460.0,60.0,21,Community and Social Service Occupations,54840.0,26.37,31200.0,15.0,6563.103546153845,18.349776923076917,2.274685,False,False,False,False,7.049396673058039,7.0493966730580375,1512.8005260382552,4.229638003834824,82961980.84793791,131964.7057196465,0.0027958993476234852,0.22472079193218777
23-1011.00,Lawyers,21959794.8825,171801.8055,29.36783,4.082272727272727,75.10954545454545,747750.0,5850.0,23,Legal Occupations,151160.0,72.67,125710.0,60.43999999999999,6283061.118173077,49155.342749999996,12.716056538461538,False,False,False,False,28.61165667435317,28.61165667435317,213943.66278247585,1673.7819154496603,32339724066.19905,210411124.5911768,0.0078234704112337,0.6288125028409403
23-1012.00,Judicial Law Clerks,350767.6481,15654.53195,26.533105,3.6127777777777776,74.4,13220.0,590.0,23,Legal Occupations,60400.0,29.040000000000003,50490.0,24.28,119608.32117692307,5338.041565384616,20.991511538461538,False,False,False,False,34.09901734803777,34.09901734803777,4507.890093410593,201.18420235342285,272276561.64199984,10157790.37682432,0.04462934947049925,3.5870900592160906
23-1021.00,"Administrative Law Judges, Adjudicators, and Hearing Officers",688821.4375615384,7639.424446153846,42.441246923076925,4.311428571428571,78.3157142857143,16230.0,180.0,23,Legal Occupations,115230.0,55.4,103790.0,49.9,70196.33554615384,778.5175846153845,16.75287269230769,False,False,False,False,10.190788456679325,10.190788456679325,1653.9649665190545,18.343419222022785,190586383.09199065,1903863.481053745,0.011090573012939,0.8914063206774028
23-1022.00,"Arbitrators, Mediators, and Conciliators",196371.51016153846,999.3461076923077,24.983652692307693,3.8560000000000003,79.7105,7860.0,40.0,23,Legal Occupations,67710.0,32.55,55890.0,26.87,38482.46930769231,195.83953846153844,9.145680769230768,False,False,False,False,19.596768022019074,19.596768022019074,1540.3059665306992,7.83870720880763,104294116.99379364,438105.34590025846,0.0050890585241730275,0.4090337739495123
23-1023.00,"Judges, Magistrate Judges, and Magistrates",739956.8118307692,2892.7162307692306,28.927162307692306,4.286190476190477,83.36476190476189,25580.0,100.0,23,Legal Occupations,156210.0,75.1,123640.0,59.44,0.0,0.0,5.412258461538461,False,False,False,False,0.0,0.0,0.0,0.0,0.0,0.0,,
23-2011.00,Paralegals and Legal Assistants,8293004.963815385,65265.465784615386,22.583206153846156,3.61,62.82,367220.0,2890.0,23,Legal Occupations,61010.0,29.33,55630.0,26.75,4561265.02526827,35896.88993798077,21.255015721153846,False,False,False,False,55.00135409505117,55.001354095051155,201975.97250784692,1589.5391333469788,12322554082.703741,88426061.98809244,0.007869941724306955,0.6325476409763052
23-2093.00,"Title Examiners, Abstractors, and Searchers",3115143.2284923075,86010.80535384615,64.66977846153846,4.160625,76.46,48170.0,1330.0,23,Legal Occupations,54980.0,26.43,59310.0,28.51,534622.3966192307,14761.216265384615,61.19565192307692,False,False,False,False,17.162048657325517,17.162048657325517,8266.958838233702,228.25524714242937,454517396.9260889,13537818.708017485,0.027610545982976957,2.2192014044599397
25-1011.00,"Business Teachers, Postsecondary",969677.6955461538,5098.574334615384,11.857149615384614,3.9108,81.048,81780.0,430.0,25,Educational Instruction and Library Occupations,97270.0,46.76442307692307,124620.0,59.91346153846154,330191.9713384615,1736.1524538461535,7.344058076923076,False,False,False,False,34.051723872279716,34.05172387227972,27847.49978275035,146.42241265080278,2708726303.8681264,18247161.064543042,0.005258009293225727,0.42261321508760136
25-1021.00,"Computer Science Teachers, Postsecondary",607802.2822153847,7044.066184615384,16.771586153846155,3.8784615384615386,78.19346153846153,36240.0,420.0,25,Educational Instruction and Library Occupations,96690.0,46.48557692307692,100340.0,48.24038461538461,210473.7381230769,2439.265176923077,8.401086923076923,False,False,False,False,34.628652159040776,34.62865215904078,12549.423542436378,145.44033906797125,1213403762.3181734,14593483.622080235,0.011589403973509934,0.9314999272641625
25-1022.00,"Mathematical Science Teachers, Postsecondary",589155.4976384615,4223.769442307693,12.067912692307694,3.6743478260869566,76.39304347826086,48820.0,350.0,25,Educational Instruction and Library Occupations,79350.0,38.14903846153846,79780.0,38.35576923076923,257220.18723076925,1844.061153846154,7.6856184615384615,False,False,False,False,43.65913383848517,43.65913383848516,21314.38913994846,152.8069684346981,1691296778.2549102,12190939.941720214,0.007169192953707497,0.5762248628303505
25-1031.00,"Architecture Teachers, Postsecondary",131915.63316923077,1735.7320153846154,14.46443346153846,3.9136363636363636,88.78863636363636,9120.0,120.0,25,Educational Instruction and Library Occupations,101480.0,48.78846153846154,61530.0,29.58173076923077,33341.70978461539,438.70670769230776,7.111324230769231,False,False,False,False,25.275025395846956,25.275025395846956,2305.082316101242,30.330030475016347,233919753.43795407,1866206.775127756,0.013157894736842105,1.0575675865931469
25-1032.00,"Engineering Teachers, Postsecondary",790830.465,7727.985,19.815346153846153,3.67125,89.47666666666667,39910.0,390.0,25,Educational Instruction and Library Occupations,106120.0,51.01923076923077,102870.0,49.45673076923077,339999.38395000005,3322.46955,10.390797692307691,False,False,False,False,42.99270184918838,42.99270184918837,17158.387308011082,167.6715372118347,1820848061.126136,17248371.032981437,0.009771986970684036,0.7854247874372555
25-1041.00,"Agricultural Sciences Teachers, Postsecondary",140455.57730769232,1614.431923076923,16.14431923076923,3.8443478260869566,87.96826086956521,8700.0,100.0,25,Educational Instruction and Library Occupations,86350.0,41.51442307692308,62170.0,29.889423076923077,46848.47273076923,538.4881923076923,7.60482,False,False,False,False,33.354654637985305,33.35465463798531,2901.854953504722,33.354654637985305,250575175.23513272,2073658.8788435464,0.011494252873563218,0.9238521446101053
25-1042.00,"Biological Science Teachers, Postsecondary",844850.839326923,9678.10351153846,15.865743461538461,3.7177777777777776,89.56296296296296,53250.0,610.0,25,Educational Instruction and Library Occupations,83460.0,40.125,103830.0,49.91826923076923,323401.0335576923,3704.687896153846,8.058831153846153,False,False,False,False,38.2790687425179,38.2790687425179,20383.604105390783,233.5023193293592,1701215598.6359148,24244545.815967366,0.011455399061032863,0.9207292641212824
25-1043.00,"Forestry and Conservation Science Teachers, Postsecondary",25550.873334615386,273.0627684615385,19.504483461538463,3.8207999999999998,89.814,1310.0,14.0,25,Educational Instruction and Library Occupations,100830.0,48.47596153846154,100830.0,48.47596153846154,9615.122884615384,102.75703846153847,9.791337692307692,False,False,False,False,37.6312886009621,37.6312886009621,492.96988067260355,5.268380404134694,49706153.06821862,531210.7961489012,0.01068702290076336,0.858970925293976
25-1051.00,"Atmospheric, Earth, Marine, and Space Sciences Teachers, Postsecondary",142386.54596923076,2356.5717538461536,12.40300923076923,3.5276923076923077,81.78307692307693,11480.0,190.0,25,Educational Instruction and Library Occupations,101390.0,48.74519230769231,77900.0,37.45192307692308,49780.5518,823.89415,6.758954615384615,False,False,False,False,34.96155585567572,34.961555855675726,4013.5866122315724,66.42695612578386,406937546.6141591,5174659.882198563,0.016550522648083623,1.3302505183279654
25-1052.00,"Chemistry Teachers, Postsecondary",394897.7099076923,5422.822892307692,19.367224615384615,3.812857142857143,89.57892857142858,20390.0,280.0,25,Educational Instruction and Library Occupations,86220.0,41.45192307692308,105090.0,50.52403846153846,139602.7700153846,1917.0561846153846,10.39967923076923,False,False,False,False,35.351628159104,35.35162815910401,7208.196981641306,98.98455884549121,621490743.7571133,10402287.289072672,0.013732221677292792,1.1037291928740642
25-1053.00,"Environmental Science Teachers, Postsecondary",94363.91832692307,1045.5469211538461,13.234771153846154,3.696,90.1648,7130.0,79.0,25,Educational Instruction and Library Occupations,87710.0,42.16826923076924,87710.0,42.16826923076924,33502.19719230769,371.2024653846154,6.713771153846153,False,False,False,False,35.50318573698857,35.50318573698856,2531.377143047285,28.04751673222097,222027089.21667734,2460047.6925831013,0.011079943899018233,0.8905520041942854
25-1054.00,"Physics Teachers, Postsecondary",178842.3405923077,1973.9772692307693,13.159848461538461,3.6962500000000005,87.13666666666667,13590.0,150.0,25,Educational Instruction and Library Occupations,97360.0,46.8076923076923,81060.0,38.97115384615385,60333.39564230769,665.9315192307693,6.351206153846154,False,False,False,False,33.7355211537098,33.735521153709804,4584.657324789161,50.603281730564696,446362237.1414727,4101902.017079574,0.011037527593818985,0.887142787870631
25-1061.00,"Anthropology and Archeology Teachers, Postsecondary",83755.38461538461,1114.6153846153845,15.923076923076923,3.921538461538461,90.91653846153847,5260.0,70.0,25,Educational Instruction and Library Occupations,95770.0,46.04326923076923,75520.0,36.30769230769231,25780.80360769231,343.0905423076923,8.495758358974358,False,False,False,False,30.781070048309182,30.781070048309182,1619.084284541063,21.546749033816425,155059701.9304976,1627210.4870338165,0.013307984790874524,1.0696310951854642
25-1062.00,"Area, Ethnic, and Cultural Studies Teachers, Postsecondary",229752.31984615384,3216.1304615384615,20.100815384615384,3.8104347826086955,87.81695652173913,11430.0,160.0,25,Educational Instruction and Library Occupations,84290.0,40.52403846153846,64890.0,31.197115384615383,78547.80406153847,1099.5318153846156,10.140740769230769,False,False,False,False,34.188035234697715,34.188035234697715,3907.6924273259488,54.70085637551634,329379394.6993042,3549538.570207255,0.013998250218722662,1.1251112732259554
25-1063.00,"Economics Teachers, Postsecondary",235807.92567692307,3037.7832615384614,18.986145384615384,3.6731818181818183,89.98454545454545,12420.0,160.0,25,Educational Instruction and Library Occupations,119980.0,57.68269230769231,102590.0,49.32211538461539,83371.5477,1074.0296,9.527820384615385,False,False,False,False,35.35570208705627,35.35570208705628,4391.17819921239,56.56912333929004,526853560.3415025,5803426.363377765,0.012882447665056362,1.0354284905775095
25-1064.00,"Geography Teachers, Postsecondary",47107.08299230769,1002.2783615384615,14.318262307692306,3.6431999999999998,89.3984,3290.0,70.0,25,Educational Instruction and Library Occupations,86730.0,41.69711538461539,81940.0,39.39423076923077,18881.365676923077,401.73118461538456,8.288559615384615,False,False,False,False,40.081797635413544,40.08179763541354,1318.6911422051055,28.057258344789478,114370082.7634488,2299011.74877205,0.021276595744680847,1.710109288959131
25-1065.00,"Political Science Teachers, Postsecondary",242042.12864230768,1409.680423076923,14.09680423076923,3.8245454545454547,91.44772727272726,17170.0,100.0,25,Educational Instruction and Library Occupations,94680.0,45.51923076923077,70820.0,34.04807692307692,72129.66432307693,420.0912307692308,6.577113461538461,False,False,False,False,29.800458592756335,29.800458592756335,5116.738740376262,29.800458592756335,484452823.93882453,2110468.477539004,0.005824111822947,0.46811378323284314
25-1066.00,"Psychology Teachers, Postsecondary",959735.2741500001,5766.25375,23.065015,3.6558620689655172,84.29379310344828,41610.0,250.0,25,Educational Instruction and Library Occupations,80330.0,38.62019230769231,81370.0,39.12019230769231,254631.4507730769,1529.8693269230769,11.85361,False,False,False,False,26.531425657829864,26.531425657829864,11039.726216223007,66.32856414457466,886821206.9491942,5397155.26444404,0.00600817111271329,0.4829075737868251
25-1067.00,"Sociology Teachers, Postsecondary",144958.9675,936.73,11.709125,3.6804166666666664,87.93624999999999,12380.0,80.0,25,Educational Instruction and Library Occupations,82540.0,39.68269230769231,86810.0,41.73557692307692,47864.84161538461,309.3043076923077,6.01982923076923,False,False,False,False,33.01957956853177,33.019579568531775,4087.823950584233,26.415663654825412,337408988.8812226,2293143.761875394,0.006462035541195477,0.5193869892153743
25-1071.00,"Health Specialties Teachers, Postsecondary",2407803.3767538457,34169.59345384615,10.481470384615383,3.8786363636363634,81.94590909090908,229720.0,3260.0,25,Educational Instruction and Library Occupations,105620.0,50.77884615384616,136030.0,65.39903846153847,692488.112676923,9827.229876923077,4.363000384615384,False,False,False,False,28.760160375326087,28.760160375326084,66067.84041419909,937.5812282356304,6978085304.547708,127539174.4768928,0.014191189273898659,1.1406187761375504
25-1072.00,"Nursing Instructors and Teachers, Postsecondary",1330937.5326923076,13264.562615384615,17.925084615384613,4.056206896551724,81.42758620689655,74250.0,740.0,25,Educational Instruction and Library Occupations,79940.0,38.43269230769231,75380.0,36.24038461538461,319457.1409615384,3183.815276923077,8.617903846153846,False,False,False,False,24.002414321829185,24.002414321829185,17821.79263395817,177.61786598153597,1424674103.1586163,13388834.737688182,0.009966329966329967,0.8010451322558733
25-1081.00,"Education Teachers, Postsecondary",677157.6274846154,3437.9300769230767,11.459766923076922,3.62375,84.70041666666667,59090.0,300.0,25,Educational Instruction and Library Occupations,72090.0,34.65865384615385,67580.0,32.49038461538461,213129.90284615383,1082.0607692307692,5.390848076923077,False,False,False,False,31.474193628719927,31.47419362871993,18598.101015210606,94.42258088615978,1340737102.1865327,6381078.016286678,0.00507700118463361,0.40806466363722715
25-1082.00,"Library Science Teachers, Postsecondary",81016.23653846154,1383.2040384615386,19.760057692307694,3.9528,85.5784,4100.0,70.0,25,Educational Instruction and Library Occupations,78630.0,37.80288461538461,79880.0,38.40384615384615,33708.42280769231,575.5096576923078,11.178512307692309,False,False,False,False,41.60699663170557,41.60699663170557,1705.8868618999286,29.1248976421939,134133883.95119138,2326496.8236584486,0.01707317073170732,1.372258429433059
25-1111.00,"Criminal Justice and Law Enforcement Teachers, Postsecondary",210125.31669230768,1239.6773846153844,15.495967307692306,3.795217391304348,80.38130434782609,13560.0,80.0,25,Educational Instruction and Library Occupations,71470.0,34.36057692307692,79700.0,38.31730769230769,63504.546646153845,374.6580923076923,7.282666923076922,False,False,False,False,30.222225310977315,30.222225310977315,4098.133752168524,24.17778024878185,292893619.26748437,1926969.0858279136,0.0058997050147492625,0.4741895963485497
25-1112.00,"Law Teachers, Postsecondary",369527.95707692305,1620.7366538461538,16.20736653846154,3.7673913043478264,81.01565217391304,22800.0,100.0,25,Educational Instruction and Library Occupations,126650.0,60.88942307692309,138020.0,66.35576923076923,98917.94907692308,433.8506538461539,8.62807,False,False,False,False,26.768732157478347,26.768732157478347,6103.270931905064,26.768732157478347,772979263.5257763,3694620.4123751614,0.004385964912280702,0.35252252886438235
25-1113.00,"Social Work Teachers, Postsecondary",239689.51476923077,2693.1406153846156,17.95427076923077,3.92,87.87166666666667,13350.0,150.0,25,Educational Instruction and Library Occupations,76210.0,36.63942307692308,64140.0,30.836538461538463,72060.58378846155,809.6694807692307,8.719754230769231,False,False,False,False,30.06413687216995,30.064136872169943,4013.562272434688,45.09620530825492,305873580.7822476,2892470.608471471,0.011235955056179773,0.9030914222593164
25-1121.00,"Art, Drama, and Music Teachers, Postsecondary",2733515.41215,24852.67868846154,27.924358076923077,3.8785714285714286,83.10214285714287,97890.0,890.0,25,Educational Instruction and Library Occupations,80190.0,38.552884615384606,63500.0,30.528846153846157,475243.6008,4320.837723076923,13.209944230769231,False,False,False,False,17.385802863507735,17.385802863507735,17018.962423087723,154.73364548521883,1364750596.7074046,9825586.488311395,0.009091837777096741,0.7307577031071658
25-1122.00,"Communications Teachers, Postsecondary",588625.2656307692,4224.583246153847,20.117063076923078,3.899545454545455,84.25636363636363,29260.0,210.0,25,Educational Instruction and Library Occupations,77800.0,37.40384615384615,62810.0,30.197115384615383,202591.86225384613,1454.0085807692308,9.274672692307693,False,False,False,False,34.41779924902633,34.41779924902633,10070.648060265105,72.2773784229553,783496419.0886251,4539742.138745822,0.0071770334928229675,0.5768550472326257
25-1123.00,"English Language and Literature Teachers, Postsecondary",1342732.7148538462,10139.783884615385,22.532853076923075,3.6827272727272726,80.4718181818182,59590.0,450.0,25,Educational Instruction and Library Occupations,78270.0,37.62980769230769,62780.0,30.182692307692307,660575.6397923077,4988.404730769231,15.227102692307692,False,False,False,False,49.19636145636104,49.19636145636104,29316.111791845542,221.38362655362468,2294572069.9477506,13898464.075036557,0.007551602617888907,0.6069610918188559
25-1124.00,"Foreign Language and Literature Teachers, Postsecondary",334494.52499615384,1738.044296153846,15.800402692307692,3.875,86.30583333333334,21170.0,110.0,25,Educational Instruction and Library Occupations,77010.0,37.02403846153846,65040.0,31.26923076923077,132216.98258846154,687.0036884615384,9.106638846153846,False,False,False,False,39.527398121084886,39.527398121084886,8367.95018223367,43.480137933193376,644415843.5338149,2827948.1711748973,0.0051960321209258385,0.41763179139908874
25-1125.00,"History Teachers, Postsecondary",262716.7191,2116.5496,13.228435,3.7836000000000003,91.8752,19860.0,160.0,25,Educational Instruction and Library Occupations,81500.0,39.18269230769231,78110.0,37.55288461538461,88505.6164153846,713.0361846153845,7.385290769230769,False,False,False,False,33.68861209845423,33.68861209845423,6690.5583627530095,53.90177935752676,545280506.5643703,4210267.985616416,0.008056394763343404,0.6475338294548171
25-1126.00,"Philosophy and Religion Teachers, Postsecondary",308601.6376,1036.5698,14.80814,3.9263636363636363,87.80681818181819,20840.0,70.0,25,Educational Instruction and Library Occupations,78050.0,37.52403846153846,87240.0,41.94230769230769,108185.16907692308,363.3858846153846,7.853758076923077,False,False,False,False,35.05657647129837,35.05657647129837,7305.7905366185805,24.53960352990886,570216951.3830802,2140835.011949249,0.0033589251439539347,0.2699740672109185
25-1192.00,"Family and Consumer Sciences Teachers, Postsecondary",44027.08813076923,3013.2607846153846,16.74033769230769,4.086956521739131,84.3004347826087,2630.0,180.0,25,Educational Instruction and Library Occupations,77280.0,37.15384615384615,74790.0,35.95673076923077,23083.481217132867,1579.85803006993,14.061421623376624,False,True,True,False,52.4301792309551,52.4301792309551,1378.913713774119,94.37432261571918,106562451.80046391,7058255.588429637,0.06844106463878327,5.500959918096673
25-1193.00,"Recreation and Fitness Studies Teachers, Postsecondary",271735.6382769231,4071.748523076923,21.430255384615386,3.857391304347826,84.46478260869566,12680.0,190.0,25,Educational Instruction and Library Occupations,75890.0,36.48557692307692,55770.0,26.8125,86648.92630769231,1298.3671923076922,11.015938076923076,False,False,False,False,31.887214668320112,31.887214668320112,4043.29881994299,60.58570786980821,306845947.4454735,3378864.9278992037,0.014984227129337538,1.2043593020824164
25-1194.00,"Career/Technical Education Teachers, Postsecondary",2801498.2155,70573.05446153846,25.204662307692306,4.0515,89.0005,111150.0,2800.0,25,Educational Instruction and Library Occupations,61490.0,29.559999999999995,49850.0,23.97,860490.8527500001,21676.782615384618,16.200508846153845,False,True,True,False,30.71538107677942,30.71538107677942,34140.14606684032,860.0306701498237,2099277581.6500115,42872528.90696871,0.02519118308591993,2.024744781169786
25-2011.00,"Preschool Teachers, Except Special Education",27926988.99526154,265415.5734923077,62.74599846153846,4.195,88.985,445080.0,4230.0,25,Educational Instruction and Library Occupations,37120.0,17.85,34210.0,16.45,2501369.4574153847,23772.788723076923,16.88478576923077,False,False,False,False,8.956817571130923,8.956817571130923,39865.00364558951,378.8733832588381,1479788935.3242826,12961258.44128485,0.009503909409544351,0.7638780168463307
25-2012.00,"Kindergarten Teachers, Except Special Education",11955403.201384615,54337.992,104.49613846153846,4.173513513513513,97.21486486486486,114410.0,520.0,25,Educational Instruction and Library Occupations,61430.0,19.27,60420.0,29.048076923076923,1376984.3712461537,6258.4728,41.98087923076923,False,False,False,False,11.517674042868569,11.51767404286857,13177.370872445928,59.89190502291655,809485892.6943533,3618668.901484618,0.004545057250240364,0.3653095972568934
25-2021.00,"Elementary School Teachers, Except Special Education",141818567.9799269,1608208.7791538462,101.78536576923076,4.135526315789474,94.36578947368422,1393310.0,15800.0,25,Educational Instruction and Library Occupations,62340.0,29.971153846153847,61710.0,29.66826923076923,24032866.04438077,272530.3654615385,42.07583538461539,False,False,False,False,16.946205554538103,16.946205554538103,236113.17661193488,2677.5004776170204,14719295429.98802,165228554.47374633,0.011339902821339114,0.9114462380812962
25-2022.00,"Middle School Teachers, Except Special and Career/Technical Education",43775572.027707696,375398.6220923077,70.56365076923078,3.8017142857142856,91.218,620370.0,5320.0,25,Educational Instruction and Library Occupations,62970.0,30.274038461538463,75490.0,36.29326923076923,9096710.55203077,78009.09156923078,33.51934846153846,False,False,False,False,20.78033508339541,20.78033508339541,128914.9647568601,1105.5138264366358,8117775330.739481,83455238.75770164,0.008575527507777616,0.6892591946924274
25-2023.00,"Career/Technical Education Teachers, Middle School",1041120.0511538462,12464.113288461538,73.31831346153847,4.067096774193549,98.81838709677419,14200.0,170.0,25,Educational Instruction and Library Occupations,63620.0,30.58653846153846,71910.0,34.57211538461539,199069.60884615383,2383.2277115384613,28.46684846153846,False,False,False,False,19.120716062045886,19.12071606204589,2715.141680810516,32.505217305478006,172737313.73316503,2337450.1764369234,0.011971830985915493,0.9622375506185534
25-2031.00,"Secondary School Teachers, Except Special and Career/Technical Education",86618501.18136923,915820.205676923,80.76015923076923,3.9459375,93.9715625,1072540.0,11340.0,25,Educational Instruction and Library Occupations,64580.0,31.048076923076923,74280.0,35.71153846153846,15892034.325299999,168026.9913,35.76885961538461,False,False,False,False,18.347159219511198,18.347159219511198,196780.6214929454,2080.56785549257,12708092536.014416,154544580.30598807,0.010573032241221773,0.8498089104643536
25-2032.00,"Career/Technical Education Teachers, Secondary School",7054440.917115384,58758.86642307692,67.53892692307691,4.005151515151515,95.36121212121212,104450.0,870.0,25,Educational Instruction and Library Occupations,63910.0,30.72596153846154,65240.0,31.365384615384617,1246588.253076923,10383.262615384614,27.01000192307692,False,False,False,False,17.670971629409618,17.670971629409614,18457.329866918346,153.73745317586366,1179607951.7947514,10029831.445193345,0.008329344183820009,0.6694721764053506
25-2051.00,"Special Education Teachers, Preschool",2590541.0143846152,13779.473480769231,91.86315653846154,4.2444444444444445,87.14416666666666,28200.0,150.0,25,Educational Instruction and Library Occupations,62190.0,29.89903846153846,56040.0,26.942307692307693,152125.84632692309,809.1800336538462,21.918204615384617,False,False,False,False,5.872358147669037,5.872358147669037,1656.0049976426685,8.808537221503556,102986950.80339755,493630.4258930593,0.005319148936170213,0.4275273222397828
25-2057.00,"Special Education Teachers, Middle School",7693687.177219231,64564.667384615386,80.70583423076923,4.0455,90.17025,95330.0,800.0,25,Educational Instruction and Library Occupations,64880.0,31.19230769230769,73640.0,35.40384615384615,856450.6964576923,7187.250153846155,30.040846923076924,True,False,True,False,11.1318627431801,11.131862743180102,10612.004753073588,89.0549019454408,688506868.3794144,6558002.979262261,0.008391901814748769,0.6745002545354384
25-2058.00,"Special Education Teachers, Secondary School",12717758.106507692,107036.05237692308,78.12850538461538,4.078,89.31725,162780.0,1370.0,25,Educational Instruction and Library Occupations,69590.0,33.45673076923077,60080.0,28.88461538461538,1142966.6568461538,9619.512961538461,26.494913076923076,True,False,True,False,8.98717090916595,8.98717090916595,14629.316805940332,123.12424145557353,1018054156.5253878,7397304.426650858,0.008416267354711881,0.6764586381378453
25-2059.01,Adapted Physical Education Specialists,2042089.3627884616,6746.41975,51.895536538461535,4.2245,96.42999999999999,39350.0,130.0,25,Educational Instruction and Library Occupations,67430.0,32.41826923076923,65030.0,31.26442307692308,92843.29807692306,306.72499999999997,14.790533846153846,False,False,False,False,4.546485563694728,4.546485563694728,1789.0420693138753,5.910431232803146,120635106.73383461,384355.3430691886,0.003303684879288437,0.2655341233936542
25-3011.00,"Adult Basic Education, Adult Secondary Education, and English as a Second Language Instructors",1530023.2642692307,6751.3436923076915,42.19589807692307,3.6772972972972973,80.04702702702703,36260.0,160.0,25,Educational Instruction and Library Occupations,59950.0,28.82,49060.0,23.59,337223.0485076923,1488.022276923077,19.000590576923077,False,True,True,False,22.040386991681245,22.04038699168125,7991.844323183619,35.26461918668999,479111067.174858,1730082.217299011,0.00441257584114727,0.35466138590658214
25-3021.00,Self-Enrichment Teachers,15895244.799276922,280273.9910153846,51.520954230769235,3.759666666666667,73.59233333333333,308520.0,5440.0,25,Educational Instruction and Library Occupations,45590.0,21.92,38010.0,18.280000000000005,3433022.481461539,60533.00369230769,21.62571076923077,False,True,True,False,21.59779559744627,21.59779559744627,66633.51897724124,1174.920080501077,3037822130.172428,44658712.25984594,0.01763256839102813,1.4172200927041054
25-3041.00,Tutors,9250088.58816923,103273.06049999999,52.96054384615384,3.9363157894736847,90.43052631578948,174660.0,1950.0,25,Educational Instruction and Library Occupations,40090.0,19.27,35460.0,17.05,3809233.9689692305,42528.3765,42.11498423076923,True,False,True,False,41.1805133827713,41.1805133827713,71925.88467434836,803.0200109640405,2883508716.594626,28475089.588784873,0.011164548265200962,0.8973520916815778
25-4011.00,Archivists,152766.82961538463,2166.9053846153847,21.669053846153847,4.220769230769231,98.01384615384616,7050.0,100.0,25,Educational Instruction and Library Occupations,61570.0,29.6,51250.0,24.64,81060.6044423077,1149.7958076923078,21.058081538461536,False,False,False,False,53.061652615552056,53.06165261555207,3740.84650939642,53.061652615552056,230323919.58353758,2719409.696547043,0.014184397163120567,1.1400728593060874
25-4012.00,Curators,79565.5395076923,583.1350615384615,6.4792784615384615,3.6573333333333333,81.81333333333333,12280.0,90.0,25,Educational Instruction and Library Occupations,61770.0,29.7,50040.0,24.06,19833.631092307693,145.36048846153847,5.224908846153846,False,False,False,False,24.927413570029525,24.927413570029522,3061.086386399626,22.434672213026573,189083306.0879049,1122630.9975398497,0.007328990228013029,0.5890685905779418
25-4013.00,Museum Technicians and Conservators,258732.68445384616,1385.714453846154,19.79592076923077,3.8037500000000004,64.87958333333334,13070.0,70.0,25,Educational Instruction and Library Occupations,47460.0,22.820000000000004,43230.0,20.78,52954.93982692308,283.614826923077,15.791063461538462,False,False,False,False,20.46704688226949,20.467046882269493,2675.043027512622,14.326932817588643,126957542.08574903,619353.3057043571,0.005355776587605204,0.43047127472651436
25-4022.00,Librarians and Media Collections Specialists,4863107.241603846,60129.44552692308,36.88923038461539,3.807142857142857,83.28821428571429,131830.0,1630.0,25,Educational Instruction and Library Occupations,64320.0,30.92,49760.0,23.92,2520024.4574659616,31158.61234673077,33.526231961538464,True,True,True,True,51.819224464292525,51.819224464292525,68313.28361127684,844.6533587679681,4393910401.877326,42029951.132294096,0.012364408708184784,0.9937910386646366
25-4031.00,Library Technicians,4318637.4384,29856.3792,58.54192,3.6703225806451614,65.68741935483871,73770.0,510.0,25,Educational Instruction and Library Occupations,39970.0,19.22,36630.0,17.61,2557732.756026923,17682.577003846152,50.979345384615385,False,False,False,False,59.22545692964053,59.22545692964053,43690.61957699582,302.0498303411667,1746314064.492523,11064085.285396935,0.006913379422529483,0.5556638153226294
25-9021.00,Farm and Home Management Educators,61005.585115384616,671.8938711538461,5.945963461538462,3.7733333333333334,86.34533333333334,10260.0,113.0,25,Educational Instruction and Library Occupations,58120.0,27.94,58120.0,27.94,7756.473184615384,85.42704384615384,4.8980334615384615,False,True,True,False,12.714365692821339,12.714365692821342,1304.4939200834694,14.367233232888113,75817186.63525124,835023.5954954572,0.01101364522417154,0.8852232391483378
25-9031.00,Instructional Coordinators,1641903.3040192307,25541.583292307692,7.7870680769230765,3.8461538461538463,80.13153846153847,210850.0,3280.0,25,Educational Instruction and Library Occupations,74720.0,35.92,59690.0,28.7,335068.70926923066,5212.35649230769,4.028946923076921,False,False,False,False,20.40733510000332,20.407335100003316,43028.866058356994,669.3605912801089,3215116871.8804345,39954133.6935097,0.0155560825231207,1.250322257462365
25-9042.00,"Teaching Assistants, Preschool, Elementary, Middle, and Secondary School, Except Special Education",17096834.767641347,188317.56104538462,44.688552692307695,3.964642857142857,75.10857142857142,382577.5,4214.0,25,Educational Instruction and Library Occupations,35550.0,17.091346153846153,35550.0,17.091346153846153,14423649.206720002,158873.05907200003,25.919608000000007,True,True,True,True,84.36444173876674,84.36444173876676,322759.37209313037,3555.1175748716305,11474095677.910784,126384429.78668647,0.011014761714946645,0.8853129772468784
25-9044.00,"Teaching Assistants, Postsecondary",1532042.050430769,20656.524646153845,9.883504615384615,3.7405,71.233,155010.0,2090.0,25,Educational Instruction and Library Occupations,44930.0,21.60096153846154,30010.0,14.427884615384617,334110.70029230765,4504.814938461538,8.500621923076922,True,True,True,True,21.808193854624598,21.808193854624598,33804.881294053586,455.79125156165406,1518853316.5418277,13678295.45936524,0.013483001096703438,1.0836980546703792
27-1011.00,Art Directors,1417871.445623077,11259.650153846154,28.149125384615385,4.1293750000000005,80.50875,50370.0,400.0,27,"Arts, Design, Entertainment, Sports, and Media Occupations",111040.0,53.38,91020.0,43.76,417049.34141538455,3311.886769230769,25.5641,False,False,False,False,29.413762630089092,29.413762630089092,14815.712236775875,117.65505052035637,1645136686.771593,10708962.698362837,0.007941234862021045,0.6382778366573689
27-1012.00,Craft Artists,83272.08119230768,914.6590153846154,19.055396153846154,3.7199999999999998,94.93333333333334,4370.0,48.0,27,"Arts, Design, Entertainment, Sports, and Media Occupations",38480.0,18.5,20030.0,9.63,6136.175838461538,67.39964307692307,17.96456126373626,False,False,False,False,7.368827283529418,7.368827283529418,322.0177522902356,3.5370370960941204,12391243.108128266,70846.85303476523,0.010983981693363844,0.8828390288081922
27-1013.00,"Fine Artists, Including Painters, Sculptors, and Illustrators",355191.3807692308,4972.679330769231,35.51913807692308,3.6310714285714285,55.799642857142864,10000.0,140.0,27,"Arts, Design, Entertainment, Sports, and Media Occupations",60560.0,29.12,43680.0,21.0,55567.592307692306,777.9462923076923,31.64548269230769,False,False,False,False,15.64440899082368,15.64440899082368,1564.4408990823679,21.90217258715315,94742540.8484282,956686.8986068496,0.014,1.1252519121351083
27-1014.00,Special Effects Artists and Animators,570138.9244923077,5090.526111538462,26.792242692307692,3.7,65.96769230769232,21280.0,190.0,27,"Arts, Design, Entertainment, Sports, and Media Occupations",99800.0,47.98,62820.0,30.2,336573.72043076926,3005.122503846154,22.646776923076924,False,True,True,False,59.0336330273325,59.033633027332485,12562.357108216356,112.16390275193174,1253723239.3999925,7046136.370876352,0.008928571428571428,0.7176351480453497
27-1021.00,Commercial and Industrial Designers,727500.1440384616,11062.812107692307,24.049591538461538,3.5288235294117647,78.85823529411765,30250.0,460.0,27,"Arts, Design, Entertainment, Sports, and Media Occupations",79450.0,38.2,66040.0,31.75,252917.6205769231,3846.0200153846154,22.646935,False,False,False,False,34.76530178715013,34.765301787150136,10516.503790612915,159.9203882208906,835536226.164196,10561142.438107615,0.015206611570247932,1.2222334818940963
27-1022.00,Fashion Designers,397647.4403653846,6275.641096153846,19.01709423076923,3.8325000000000005,73.712,20910.0,330.0,27,"Arts, Design, Entertainment, Sports, and Media Occupations",80690.0,38.79,58490.0,28.12,157302.27075,2482.53225,17.680735000000002,False,False,False,False,39.558225398222184,39.55822539822219,8271.62493076826,130.54214381413323,667437415.6636908,7635409.991688652,0.015781922525107607,1.2684741784675337
27-1023.00,Floral Designers,1454594.9683076923,36219.99423076923,36.21999423076923,4.149333333333334,91.432,40160.0,1000.0,27,"Arts, Design, Entertainment, Sports, and Media Occupations",36120.0,17.37,34910.0,16.79,0.0,0.0,28.94539230769231,False,False,False,False,0.0,0.0,0.0,0.0,0.0,0.0,,
27-1024.00,Graphic Designers,9723598.907215385,139323.47916153847,45.38224076923077,4.057894736842105,96.3157894736842,214260.0,3070.0,27,"Arts, Design, Entertainment, Sports, and Media Occupations",61300.0,29.47,59010.0,28.37,8358015.928707692,119756.87903076923,45.38224076923077,False,False,False,False,85.95599230759751,85.95599230759751,184169.30911825842,2638.8489638432434,11289578648.949242,155718477.3563898,0.014328386072995426,1.15164598760344
27-1025.00,Interior Designers,880038.0720384615,14418.559961538462,12.647859615384615,4.15,95.5,69580.0,1140.0,27,"Arts, Design, Entertainment, Sports, and Media Occupations",63490.0,30.52,60170.0,28.93,227736.00903846155,3731.2309615384615,12.017366923076922,False,False,False,False,25.877972359871777,25.877972359871777,18005.89316799878,295.0088849025383,1143194157.2362425,17750684.60458573,0.01638401839609083,1.316867716332714
27-1026.00,Merchandise Displayers and Window Trimmers,5439882.863446154,55111.03275,28.262068076923075,3.84375,74.54041666666667,192480.0,1950.0,27,"Arts, Design, Entertainment, Sports, and Media Occupations",37350.0,17.96,43260.0,20.8,927382.8539076925,9395.243999999999,27.101573076923078,False,False,False,False,17.047846014099605,17.047846014099598,32813.69400793892,332.4329972749423,1225591471.1965187,14381051.462114004,0.01013092269326683,0.8142742951636759
27-1027.00,Set and Exhibit Designers,87264.58865384615,3056.2713076923073,8.04281923076923,3.9125925925925924,82.38962962962962,10850.0,380.0,27,"Arts, Design, Entertainment, Sports, and Media Occupations",66280.0,31.87,35230.0,16.94,6593.49075,230.9241,6.856881923076922,False,False,False,False,7.555746095537683,7.555746095537684,819.7984513658386,28.711835163043194,54336241.35652778,1011517.9527940117,0.03502304147465438,2.8149817420101466
27-2011.00,Actors,1167558.2286153848,22267.863123076924,30.091706923076924,3.9305555555555554,78.18055555555556,38800.0,740.0,27,"Arts, Design, Entertainment, Sports, and Media Occupations",78000.0,23.33,41288.0,19.85,84823.05276923077,1617.759253846154,29.720106923076926,False,False,False,False,7.264995500037973,7.2649955000379745,2818.818254014733,53.760966700280996,219867823.81314918,2219682.793121202,0.01907216494845361,1.5329278626288296
27-2012.00,Producers and Directors,7416706.323592308,65349.92836923077,51.054631538461535,3.8433333333333333,68.21407407407408,145270.0,1280.0,27,"Arts, Design, Entertainment, Sports, and Media Occupations",83480.0,40.13,71500.0,34.38,189274.48467846154,6670.231346153847,43.115547449392714,False,False,False,False,2.5520018781974065,10.206945152971958,3707.293128457373,32.66562404092681,309484830.3636215,2335592.1189262667,0.035241048773611505,2.832504108439497
27-2012.03,Media Programming Directors,4257913.371165385,37517.23766153846,29.310341923076923,3.707826086956522,78.23391304347825,145270.0,1280.0,27,"Arts, Design, Entertainment, Sports, and Media Occupations",83480.0,40.13,71500.0,34.38,50161.10908153847,1768.7833926923079,23.24680153846154,False,True,True,False,1.1780678635039832,4.714588554331684,1711.3791853122364,15.079268652850985,142865934.3898655,1078167.7086788453,0.03526204713330988,2.8341918544682327
27-2012.04,Talent Directors,2529586.0071423077,22288.63556923077,17.412996538461538,3.854,77.14666666666668,145270.0,1280.0,27,"Arts, Design, Entertainment, Sports, and Media Occupations",83480.0,40.13,71500.0,34.38,3876.6404769230776,137.05294615384616,8.483137692307693,False,False,False,False,0.15325197348409386,0.6149005654839022,222.62914188034316,1.9616252605964013,18585080.764171045,140256.2061326427,0.03535353535353535,2.841545232664415
27-2012.05,Media Technical Directors/Managers,6180512.094126923,54457.599507692306,42.54499961538462,4.006666666666667,74.58266666666667,145270.0,1280.0,27,"Arts, Design, Entertainment, Sports, and Media Occupations",83480.0,40.13,71500.0,34.38,103263.559745,3633.5193746153845,29.66620653846154,False,True,True,False,1.6707929403313841,6.672198935434418,2427.160904419402,21.386149636241715,202619392.30093166,1529109.6989912826,0.035186849878001795,2.828147864802323
27-2021.00,Athletes and Sports Competitors,279605.63462307694,5642.702438461539,19.457594615384618,3.9311111111111114,93.73222222222222,14370.0,290.0,27,"Arts, Design, Entertainment, Sports, and Media Occupations",62360.0,29.980769230769237,178920.0,86.01923076923077,24201.147069230763,488.40171538461533,14.319794615384616,False,False,False,False,8.655457570393809,8.65545757039381,1243.7892528655905,25.100826954142043,77562697.80869822,4491039.958635095,0.02018093249826027,1.6220452058812083
27-2022.00,Coaches and Scouts,8799725.527,94330.3645,35.06705,4.0381481481481485,76.58666666666667,250940.0,2690.0,27,"Arts, Design, Entertainment, Sports, and Media Occupations",45920.0,22.07692307692308,39920.0,19.192307692307693,1154993.3341923077,12381.175057692308,31.934852692307693,False,False,False,False,13.125333632832836,13.12533363283284,32936.71221823072,353.07147472320327,1512453825.0611546,14094613.270950275,0.010719693950745198,0.8615968653985134
27-2023.00,"Umpires, Referees, and Other Sports Officials",312561.9942,19897.845784615383,20.726922692307692,4.23,70.23875,15080.0,960.0,27,"Arts, Design, Entertainment, Sports, and Media Occupations",38820.0,18.66346153846154,29920.0,14.384615384615383,54636.0638,3478.157907692308,19.419338846153845,False,False,False,False,17.48007269400766,17.48007269400766,2635.9949622563554,167.80869786247354,102329324.43479171,5020836.2400452085,0.0636604774535809,5.116719570148276
27-2031.00,Dancers,345363.0289153846,8005.103319230769,38.11953961538462,3.994285714285714,81.19928571428571,9060.0,210.0,27,"Arts, Design, Entertainment, Sports, and Media Occupations",51020.0,23.97,35547.2,17.09,0.0,0.0,18.72122115384615,False,False,False,False,0.0,0.0,0.0,0.0,0.0,0.0,,
27-2032.00,Choreographers,107873.95777307692,5032.021353846154,31.45013346153846,3.8905555555555558,94.61666666666666,3430.0,160.0,27,"Arts, Design, Entertainment, Sports, and Media Occupations",55600.0,26.73,37710.0,18.13,0.0,0.0,20.247867692307693,False,False,False,False,0.0,0.0,0.0,0.0,0.0,0.0,,
27-2041.00,Music Directors and Composers,464103.12063461536,4893.22025,37.640155769230766,3.927857142857143,89.15392857142857,12330.0,130.0,27,"Arts, Design, Entertainment, Sports, and Media Occupations",63670.0,30.61,78010.0,37.51,274775.9965349112,2897.070523076923,38.34256979289941,False,False,False,False,59.205806709332634,59.205806709332634,7300.075967260715,76.96754872213242,464795836.8354897,6004238.47581355,0.010543390105433903,0.8474264197518486
27-2042.00,Musicians and Singers,1557057.3769999999,11368.345907692308,40.601235384615386,3.903703703703704,78.53999999999999,38350.0,280.0,27,"Arts, Design, Entertainment, Sports, and Media Occupations",88296.0,42.45,38979.2,18.74,159499.39049999998,1164.5327076923077,43.5377376,False,False,False,False,10.243642453774521,10.243642453774521,3928.436881022529,28.68219887056866,346865262.8467652,1118009.1662156698,0.007301173402868319,0.5868328094576837
27-3011.00,Broadcast Announcers and Radio Disc Jockeys,1854899.7113076923,13204.897442307692,77.67586730769231,4.08,74.65791666666667,23880.0,170.0,27,"Arts, Design, Entertainment, Sports, and Media Occupations",45680.0,21.96,49050.0,23.58,1331575.5823384617,9479.390661538462,75.84464461538461,False,True,True,False,71.78693134841826,71.78693134841826,17142.719206002283,122.03778329231105,783079413.3301842,5985953.270487857,0.00711892797319933,0.5721848081567612
27-3023.00,"News Analysts, Reporters, and Journalists",2918964.862903846,15455.409623076923,70.25186192307692,4.088333333333334,91.34466666666667,41550.0,220.0,27,"Arts, Design, Entertainment, Sports, and Media Occupations",60280.0,28.98,53630.0,25.79,1754412.457673077,9289.30783846154,66.71565423076923,True,True,True,True,60.10392519517181,60.10392519517181,24973.180918593887,132.228635429378,1505383345.7728395,7091421.718077541,0.00529482551143201,0.4255723236543302
27-3031.00,Public Relations Specialists,3007429.774488461,28081.777715384615,10.718235769230768,3.8449999999999998,91.16055555555556,280590.0,2620.0,27,"Arts, Design, Entertainment, Sports, and Media Occupations",69780.0,33.55,75700.0,36.39,1011794.3738538461,9447.597061538461,10.39969,False,False,False,False,33.64315876755406,33.64315876755406,94399.33918587994,881.4507597099165,6587185888.390702,66725822.51004068,0.009337467479240172,0.7505002239653139
27-3041.00,Editors,5149079.004892308,29660.593346153848,53.92835153846154,3.9147619047619044,74.8352380952381,95480.0,550.0,27,"Arts, Design, Entertainment, Sports, and Media Occupations",75260.0,36.18,59860.0,28.78,2254749.660476923,12988.189288461537,48.748339615384616,False,False,False,False,43.789377835038295,43.789377835038295,41810.09795689456,240.84157809271062,3146627972.2358847,14416776.864629658,0.005760368663594469,0.46299041809377395
27-3042.00,Technical Writers,1746883.1579538463,19504.18796923077,31.458367692307693,3.8986666666666663,84.32,55530.0,620.0,27,"Arts, Design, Entertainment, Sports, and Media Occupations",91670.0,44.07,74940.0,36.03,836409.6257884615,9338.627192307693,30.42958807692308,False,False,False,False,47.88011275855234,47.88011275855234,26587.826614824113,296.85669910302454,2437306065.780926,22246441.030780658,0.01116513596254277,0.897399327935694
27-3043.00,Writers and Authors,574849.1794615384,7576.46408076923,12.02613346153846,3.9775,86.27,47800.0,630.0,27,"Arts, Design, Entertainment, Sports, and Media Occupations",72270.0,34.75,61020.0,29.34,232896.06218076922,6134.269898076923,30.211483846153847,False,False,False,False,40.51428974795147,80.964811984618,19365.830499520805,255.2400254120943,1399568570.2003686,15574746.350645995,0.02633908809207614,2.1170078028216954
27-3043.05,"Poets, Lyricists and Creative Writers",607025.8413846154,8000.549792307692,12.699285384615385,3.996875,81.60125,47800.0,630.0,27,"Arts, Design, Entertainment, Sports, and Media Occupations",72270.0,34.75,61020.0,29.34,71057.94489410256,1875.0066649999999,11.27461987179487,False,False,False,False,11.705917614976757,23.435972697810932,5595.42861995889,73.74728097435357,404381626.36442894,4500059.085055055,0.02638700947225981,2.120859490299112
27-3091.00,Interpreters and Translators,2716131.725630769,35122.393003846155,50.90201884615385,4.187647058823529,70.44529411764705,53360.0,690.0,27,"Arts, Design, Entertainment, Sports, and Media Occupations",59440.0,28.58,65990.0,31.72,1185452.450523077,15329.126515384616,50.90201884615385,False,False,False,False,43.64488067116033,43.64488067116032,23288.908326131153,301.1496766310063,1384292710.9052358,19872867.160880104,0.01293103448275862,1.0393336626863685
27-3092.00,Court Reporters and Simultaneous Captioners,585477.98505,6443.502765,46.356135,4.707142857142857,81.50285714285714,12630.0,139.0,27,"Arts, Design, Entertainment, Sports, and Media Occupations",67310.0,32.36,84510.0,40.63,395073.4776576923,4347.997893461538,38.84179538461538,True,True,True,True,67.47879301114163,67.47879301114163,8522.571557307188,93.79552228548688,573654291.5223469,7926659.588346496,0.0110055423594616,0.8845719702905783
27-4011.00,Audio and Video Technicians,2097721.755692308,57771.161365384614,29.93324423076923,3.3513793103448277,65.14896551724138,70080.0,1930.0,27,"Arts, Design, Entertainment, Sports, and Media Occupations",54830.0,26.36,41600.0,20.0,928067.1219692308,25558.92616153846,24.26495423076923,False,True,True,False,44.24166929912696,44.24166929912696,31004.561844828175,853.8642174731503,1699980125.9519289,35520751.44688305,0.02753995433789954,2.2135275913453594
27-4012.00,Broadcast Technicians,1068053.3063076923,14186.666307692309,50.666665384615385,3.923333333333333,65.03407407407407,21080.0,280.0,27,"Arts, Design, Entertainment, Sports, and Media Occupations",53920.0,25.92,34570.0,16.62,664542.1434923076,8826.935492307692,46.92444115384615,False,False,False,False,62.219941604755604,62.219941604755604,13115.96369028248,174.2158364933157,707212762.1800313,6022641.467573923,0.013282732447817837,1.0676014346632907
27-4014.00,Sound Engineering Technicians,437435.0312884615,10726.376246153846,33.51992576923077,4.074285714285714,93.91571428571429,13050.0,320.0,27,"Arts, Design, Entertainment, Sports, and Media Occupations",66430.0,31.94,32880.0,15.81,279521.36307692307,6854.163692307693,32.35548769230769,False,False,False,False,63.900086431942825,63.90008643194284,8338.96127936854,204.48027658221704,553957197.788452,6723311.494023296,0.02452107279693487,1.9708845751682251
27-4021.00,Photographers,2563535.072342308,32525.82075,50.03972423076923,3.972142857142857,83.75071428571428,51230.0,650.0,27,"Arts, Design, Entertainment, Sports, and Media Occupations",42520.0,20.44,47610.0,22.890000000000004,928879.7990961537,11785.51375,48.31108038461539,False,False,False,False,36.23433161175494,36.234331611754946,18562.848084702055,235.5231554764071,789292300.5615313,11213257.432231743,0.012687878196369316,1.0197899429572803
27-4031.00,"Camera Operators, Television, Video, and Film",1252807.5769076922,20487.45015384615,51.218625384615386,4.123333333333333,68.41952380952381,24460.0,400.0,27,"Arts, Design, Entertainment, Sports, and Media Occupations",68810.0,33.08,46600.0,22.41,464799.8705538461,7600.979076923077,44.079233461538465,False,True,True,False,37.100659280901915,37.10065928090192,9074.821260108609,148.40263712360766,624438450.9080734,6915562.889960117,0.01635322976287817,1.314393075733102
27-4032.00,Film and Video Editors,3147208.1748,57796.96232307692,109.05087230769232,4.173181818181818,72.13636363636364,28860.0,530.0,27,"Arts, Design, Entertainment, Sports, and Media Occupations",70980.0,34.12,62860.0,30.219999999999995,1836880.0812,33733.417984615386,101.94171615384616,False,False,False,False,58.36538224284228,58.36538224284229,16844.24931528428,309.3365258870641,1195604816.398878,19444894.01726085,0.018364518364518367,1.4760506717939004
29-1011.00,Chiropractors,2504130.4377076924,29945.753307692306,66.54611846153846,4.585454545454545,98.91818181818181,37630.0,450.0,29,Healthcare Practitioners and Technical Occupations,79000.0,37.98,59920.0,28.81,0.0,0.0,34.77846230769231,False,False,False,False,0.0,0.0,0.0,0.0,0.0,0.0,,
29-1021.00,"Dentists, General",10363999.11975,67577.40196153846,91.32081346153846,4.2985,91.54400000000001,113490.0,740.0,29,Healthcare Practitioners and Technical Occupations,172790.0,83.07,132270.0,63.59000000000001,0.0,0.0,37.64182923076923,False,False,False,False,0.0,0.0,0.0,0.0,0.0,0.0,,
29-1022.00,Oral and Maxillofacial Surgeons,167975.67775,1859.3930557692306,31.515136538461537,4.021428571428571,84.66214285714285,5330.0,59.0,29,Healthcare Practitioners and Technical Occupations,179210.0,86.16,179210.0,86.16,0.0,0.0,6.727921153846153,False,False,False,False,0.0,0.0,0.0,0.0,0.0,0.0,,
29-1023.00,Orthodontists,346163.2279615385,6721.616076923076,67.21616076923077,4.8,99.16363636363636,5150.0,100.0,29,Healthcare Practitioners and Technical Occupations,179210.0,86.16,124830.0,60.02,0.0,0.0,18.824731923076925,False,False,False,False,0.0,0.0,0.0,0.0,0.0,0.0,,
29-1024.00,Prosthodontists,24369.172,256.5176,32.0647,4.381666666666667,94.665,760.0,8.0,29,Healthcare Practitioners and Technical Occupations,179210.0,86.16000000000001,179210.0,86.16000000000001,0.0,0.0,7.472989615384615,False,False,False,False,0.0,0.0,0.0,0.0,0.0,0.0,,
29-1031.00,Dietitians and Nutritionists,2230557.04765,31752.738434615385,29.130952692307694,3.498571428571428,75.11107142857144,76570.0,1090.0,29,Healthcare Practitioners and Technical Occupations,73850.0,35.5,61170.0,29.41,616214.24435,8772.019411538462,23.90112423076923,False,False,False,False,27.626024853263072,27.626024853263072,21153.247230143534,301.1236709005675,1562167307.9461,18419734.948987715,0.01423534021157111,1.1441674137831563
29-1041.00,Optometrists,2040292.4227269231,19969.441234615384,48.70595423076923,4.642,100.0,41890.0,410.0,29,Healthcare Practitioners and Technical Occupations,134830.0,64.82,124830.0,60.02,0.0,0.0,9.7619,False,False,False,False,0.0,0.0,0.0,0.0,0.0,0.0,,
29-1051.00,Pharmacists,30149563.783915386,286029.8568,91.67623615384616,4.049,73.33500000000001,328870.0,3120.0,29,Healthcare Practitioners and Technical Occupations,137480.0,66.1,136230.0,65.5,9561288.864315383,90708.2472,47.19175961538461,False,False,False,False,31.712859704511793,31.712859704511796,104294.08171022794,989.441222780768,14338350353.522137,134791577.77942404,0.009487031349773469,0.7625214404870224
29-1071.00,Physician Assistants,13963759.279292308,149925.92256923078,89.77600153846154,4.5475,93.91833333333334,155540.0,1670.0,29,Healthcare Practitioners and Technical Occupations,133260.0,64.07,134390.0,64.61,214218.29753846154,4601.7636923076925,47.67196,False,False,False,False,1.534101908045197,3.0693582626998688,2386.1421077734994,25.61950186435479,317977297.28189653,3443004.85555064,0.021481655606386634,1.7265910033510308
29-1071.01,Anesthesiologist Assistants,8131873.962046154,87310.20648461538,52.281560769230765,4.38375,70.791875,155540.0,1670.0,29,Healthcare Practitioners and Technical Occupations,133260.0,64.07,134390.0,64.61,104656.34107499999,2245.26445,34.543680384615385,False,False,False,False,1.2869892175341366,2.57159447950181,2001.7830289525962,21.492719932820084,266757606.43822297,2888406.631771691,0.02145368763074732,1.7243430734891247
29-1081.00,Podiatrists,546839.9347384615,5169.705265384615,57.44116961538461,4.2309090909090905,93.8,9520.0,90.0,29,Healthcare Practitioners and Technical Occupations,152800.0,73.46,146330.0,70.35,0.0,0.0,15.805086923076923,False,False,False,False,0.0,0.0,0.0,0.0,0.0,0.0,,
29-1122.00,Occupational Therapists,8061842.5362,51352.68755,52.940915000000004,4.148823529411764,96.79058823529412,152280.0,970.0,29,Healthcare Practitioners and Technical Occupations,98340.0,47.28,93310.0,44.86,0.0,0.0,32.25828038461538,False,False,False,False,0.0,0.0,0.0,0.0,0.0,0.0,,
29-1122.01,"Low Vision Therapists, Orientation and Mobility Specialists, and Vision Rehabilitation Therapists",3278645.8564153844,20884.465988461536,21.530377307692305,4.1657142857142855,90.88952380952381,152280.0,970.0,29,Healthcare Practitioners and Technical Occupations,98340.0,47.28,93310.0,44.86,0.0,0.0,6.382135769230769,False,False,False,False,0.0,0.0,0.0,0.0,0.0,0.0,,
29-1123.00,Physical Therapists,21100812.31413846,197743.20352307693,84.8683276923077,4.27125,94.36375,248630.0,2330.0,29,Healthcare Practitioners and Technical Occupations,101020.0,48.57,97580.0,46.91,1866502.2263653846,17491.655019230766,51.371781923076924,False,False,False,False,8.845641573309228,8.845641573309225,21992.918643718735,206.103448658105,2221724641.3884664,20111574.520057887,0.009371355025539957,0.7532239401275567
29-1124.00,Radiation Therapists,2046201.8216538462,9848.030157692308,109.4225573076923,4.492272727272727,85.23590909090909,18700.0,90.0,29,Healthcare Practitioners and Technical Occupations,101990.0,49.03,104040.0,50.02,422090.603,2031.4521,62.07461461538462,False,False,False,False,20.62800445846757,20.628004458467565,3857.4368337334354,18.56520401262081,393419982.6724731,1931523.8254730692,0.004812834224598931,0.3868322081442313
29-1125.00,Recreational Therapists,298476.3352846154,5152.9779,19.81914576923077,4.443636363636364,95.93454545454546,15060.0,260.0,29,Healthcare Practitioners and Technical Occupations,60280.0,28.980000000000004,51490.0,24.75,0.0,0.0,13.771521153846153,False,False,False,False,0.0,0.0,0.0,0.0,0.0,0.0,,
29-1126.00,Respiratory Therapists,8382616.582623078,62676.06593076923,61.44712346153846,4.460909090909091,90.67090909090909,136420.0,1020.0,29,Healthcare Practitioners and Technical Occupations,80450.0,38.68,78990.0,37.98,935988.5336000001,6998.301600000001,29.74736576923077,False,False,False,False,11.165827810140778,11.165827810140778,15232.42229859405,113.89144366343594,1225448373.9218915,8996285.134974804,0.007476909544055124,0.600957625807805
29-1127.00,Speech-Language Pathologists,7659674.763365385,62120.52355769231,42.841740384615385,4.336086956521739,87.18173913043479,178790.0,1450.0,29,Healthcare Practitioners and Technical Occupations,95410.0,45.87,85320.0,41.02,374970.83453461534,3041.0409423076917,27.72494230769231,False,False,False,False,4.895388461244099,4.895388461244099,8752.465029858326,70.98313268803945,835072688.4987829,6056280.880943526,0.00811007327031713,0.6518482467842988
29-1128.00,Exercise Physiologists,488170.3455384615,12640.66246153846,60.193630769230765,4.072,93.4104,8110.0,210.0,29,Healthcare Practitioners and Technical Occupations,58160.0,27.96,33540.0,16.13,132280.94671153845,3425.2772884615383,42.37018961538461,False,False,False,False,27.097292557914383,27.097292557914383,2197.5904264468563,56.9043143716202,127811859.20214917,1908570.7040241417,0.02589395807644883,2.081230417019313
29-1129.01,Art Therapists,772345.7793692307,5196.94365,39.976489615384615,3.9336,94.62639999999999,19320.0,130.0,29,Healthcare Practitioners and Technical Occupations,65010.0,31.26,59660.0,28.68,8733.643153846153,117.53349999999998,33.507801538461536,True,False,True,False,1.1307944429992038,2.2615888859984072,218.46948638744618,1.470032775898965,14202701.310047876,87702.15541013225,0.013457556935817804,1.0816529767640053
29-1129.02,Music Therapists,1344922.9742307693,9049.68875,69.61299038461539,4.171666666666667,97.69133333333335,19320.0,130.0,29,Healthcare Practitioners and Technical Occupations,65010.0,31.26,59660.0,28.68,0.0,0.0,64.51332346153846,True,False,True,False,0.0,0.0,0.0,0.0,0.0,0.0,,
29-1131.00,Veterinarians,4548638.2436,34976.5064,56.41372,4.175238095238096,80.99095238095238,80630.0,620.0,29,Healthcare Practitioners and Technical Occupations,125510.0,60.34,121850.0,58.580000000000005,142450.38550769232,1095.3644923076922,19.804982692307693,False,False,False,False,3.1317149854271675,3.1317149854271675,2525.101792749925,19.41663290964844,316925526.0080431,2365916.720040662,0.007689445615775764,0.6180402416007574
29-1141.00,Registered Nurses,235801173.82881537,1852204.6737538462,71.84657384615385,4.264074074074074,69.25703703703704,3282010.0,25780.0,29,Healthcare Practitioners and Technical Occupations,93600.0,45.0,82270.0,39.55,522388.8158615384,20514.976227692303,42.34846884615384,False,False,False,False,0.22153783519363526,1.1075976925441393,7270.893904838628,57.11245391291917,680555669.4928956,4698641.58341586,0.039271469075880625,3.156449690713532
29-1141.01,Acute Care Nurses,180622652.10079613,1418780.5555615383,55.03415653846154,4.318846153846154,88.01923076923077,3282010.0,25780.0,29,Healthcare Practitioners and Technical Occupations,93600.0,45.0,82270.0,39.55,343198.5258807692,13478.534896153844,36.15720287179487,False,False,False,False,0.19000857416778927,0.9500084310655907,6236.100405044261,48.98421042045607,583698997.9121428,4029930.991290921,0.03927328901417377,3.1565959685024128
29-1141.02,Advanced Practice Psychiatric Nurses,332808312.1465423,2614190.1722230767,101.40380807692308,4.182916666666666,91.04041666666666,3282010.0,25780.0,29,Healthcare Practitioners and Technical Occupations,93600.0,45.0,82270.0,39.55,436998.9902261538,17162.705616923075,68.02145423076924,False,False,False,False,0.13130651317198297,0.6565209294750011,4309.492892955798,33.85081909573721,403368534.7806627,2784906.8870063,0.03927401664713483,3.1566544521010385
29-1141.03,Critical Care Nurses,335421361.4090462,2634715.5240615383,102.19998153846154,4.2027586206896554,97.13172413793104,3282010.0,25780.0,29,Healthcare Practitioners and Technical Occupations,93600.0,45.0,82270.0,39.55,0.0,0.0,75.09879833333333,False,False,False,False,0.0,0.0,0.0,0.0,0.0,0.0,,
29-1141.04,Clinical Nurse Specialists,75492050.51850384,592985.7198384615,23.001773461538463,3.951,96.31733333333334,3282010.0,25780.0,29,Healthcare Practitioners and Technical Occupations,93600.0,45.0,82270.0,39.55,0.0,0.0,10.376851153846154,False,False,False,False,0.0,0.0,0.0,0.0,0.0,0.0,,
29-1151.00,Nurse Anesthetists,3970795.0411538463,43769.43888461538,78.86385384615384,4.474166666666666,99.07458333333334,50350.0,555.0,29,Healthcare Practitioners and Technical Occupations,223210.0,107.31,122040.0,58.68,0.0,0.0,48.194975,False,False,False,False,0.0,0.0,0.0,0.0,0.0,0.0,,
29-1161.00,Nurse Midwives,820111.8955846154,9904.733038461538,99.04733038461538,4.5561904761904755,96.68142857142857,8280.0,100.0,29,Healthcare Practitioners and Technical Occupations,128790.0,61.92,138020.0,66.36,0.0,0.0,56.82619807692308,False,False,False,False,0.0,0.0,0.0,0.0,0.0,0.0,,
29-1171.00,Nurse Practitioners,37060865.97175384,344819.5344,120.56627076923077,4.53,98.06666666666668,307390.0,2860.0,29,Healthcare Practitioners and Technical Occupations,129210.0,62.12,125700.0,60.43,4273675.682403846,39762.8825,66.29937615384615,False,False,False,False,11.53150518841371,11.53150518841371,35446.693798664906,329.8010483886321,4580067305.7254925,41455991.782451056,0.009304141318845768,0.7478216292718907
29-1181.00,Audiologists,902729.2397307693,9192.762115384616,61.28508076923077,4.264545454545455,97.31318181818182,14730.0,150.0,29,Healthcare Practitioners and Technical Occupations,92120.0,44.29,96520.0,46.4,0.0,0.0,38.36180115384615,False,False,False,False,0.0,0.0,0.0,0.0,0.0,0.0,,
29-1211.00,Anesthesiologists,2789186.4239846156,47940.18203076923,66.58358615384616,4.318888888888889,91.81333333333333,41890.0,720.0,29,Healthcare Practitioners and Technical Occupations,257920.0,124.0,257920.0,124.0,65113.55821538462,1119.1635692307693,25.458148076923074,True,False,True,False,2.33450004113973,2.33450004113973,977.9220672334329,16.808400296206056,252225659.58084702,4335222.604397466,0.017187873000716163,1.3814776399708046
29-1213.00,Dermatologists,866560.5415384616,9542.482153846153,85.96830769230769,4.286666666666666,91.38111111111111,10080.0,111.0,29,Healthcare Practitioners and Technical Occupations,249103.6,119.76134615384616,249103.6,119.76134615384616,0.0,0.0,30.932507692307695,True,False,True,False,0.0,0.0,0.0,0.0,0.0,0.0,,
29-1215.00,Family Medicine Physicians,8936731.469519231,53810.79625,82.78584038461538,4.508333333333334,89.08083333333333,107950.0,650.0,29,Healthcare Practitioners and Technical Occupations,238380.0,114.61,238380.0,114.61,0.0,0.0,22.531544415103188,True,True,True,True,0.0,0.0,0.0,0.0,0.0,0.0,,
29-1216.00,General Internal Medicine Physicians,5927426.798461539,10673.637692307693,88.94698076923076,4.106842105263158,87.01368421052632,66640.0,120.0,29,Healthcare Practitioners and Technical Occupations,236350.0,113.63,236350.0,113.63,0.0,0.0,26.219167179487176,True,True,True,True,0.0,0.0,0.0,0.0,0.0,0.0,,
29-1217.00,Neurologists,663262.3038461539,5168.277692307693,86.13796153846154,4.377916666666667,94.18041666666666,7700.0,60.0,29,Healthcare Practitioners and Technical Occupations,249103.6,119.76134615384616,249103.6,119.76134615384616,0.0,0.0,41.959352307692306,True,False,True,False,0.0,0.0,0.0,0.0,0.0,0.0,,
29-1218.00,Obstetricians and Gynecologists,1347258.2809615384,12863.27001923077,67.70142115384616,4.42,89.84400000000001,19900.0,190.0,29,Healthcare Practitioners and Technical Occupations,257920.0,124.0,257920.0,124.0,0.0,0.0,30.56058846153846,True,False,True,False,0.0,0.0,0.0,0.0,0.0,0.0,,
29-1221.00,"Pediatricians, General",4179698.0105538466,24323.19605769231,97.29278423076924,4.201764705882353,78.97411764705882,42960.0,250.0,29,Healthcare Practitioners and Technical Occupations,210130.0,101.03,194160.0,93.35,0.0,0.0,29.568225,True,False,True,False,0.0,0.0,0.0,0.0,0.0,0.0,,
29-1222.00,"Physicians, Pathologists",819454.4991538461,9027.88855,69.44529653846153,4.099473684210526,79.38052631578948,11800.0,130.0,29,Healthcare Practitioners and Technical Occupations,266020.0,127.89423076923076,266020.0,127.89423076923076,13900.558846153848,153.14175,57.938465,True,True,True,True,1.6963185705255526,1.6963185705255523,200.16559132201522,2.2052141416832183,53248050.603482485,586631.0659705697,0.011016949152542371,0.8854887928423975
29-1223.00,Psychiatrists,874342.5713846154,4583.24735,35.25574884615385,4.090833333333333,93.935,24800.0,130.0,29,Healthcare Practitioners and Technical Occupations,257920.0,124.0,257920.0,124.0,0.0,0.0,21.188356153846154,True,False,True,False,0.0,0.0,0.0,0.0,0.0,0.0,,
29-1224.00,Radiologists,2132022.3235807694,19463.117446153847,81.0963226923077,4.628235294117647,87.97529411764705,26290.0,240.0,29,Healthcare Practitioners and Technical Occupations,249103.6,119.76134615384616,249103.6,119.76134615384616,878592.9838714286,8020.628228571429,79.57294879120879,True,True,True,True,41.2093707534833,41.2093707534833,10833.943571090758,98.90248980835992,2698774345.7555637,24636966.260225765,0.009128946367440091,0.7337403111243439
29-1229.01,Allergists and Immunologists,26908317.967569232,298640.0078846154,85.32571653846153,4.4175,93.426875,315360.0,3500.0,29,Healthcare Practitioners and Technical Occupations,249103.6,119.76134615384616,232740.0,111.89,26166.93535384615,1742.4709615384613,43.67285192307692,True,False,True,False,0.09724478276711082,0.583468696602665,306.6711469343607,3.403567396848879,76392886.71747822,792146.275942608,0.06659056316590563,5.352225609470644
29-1229.02,Hospitalists,17098597.35636923,189767.5378846154,54.219296538461535,4.503571428571428,97.42857142857143,315360.0,3500.0,29,Healthcare Practitioners and Technical Occupations,249103.6,119.76134615384616,232740.0,111.89,0.0,0.0,30.800152307692308,True,False,True,False,0.0,0.0,0.0,0.0,0.0,0.0,,
29-1229.03,Urologists,12950300.124553846,143727.96307692307,41.06513230769231,4.5928571428571425,97.90714285714286,315360.0,3500.0,29,Healthcare Practitioners and Technical Occupations,249103.6,119.76134615384616,232740.0,111.89,0.0,0.0,24.170016153846156,True,False,True,False,0.0,0.0,0.0,0.0,0.0,0.0,,
29-1229.04,Physical Medicine and Rehabilitation Physicians,19568533.627938464,217179.94576923078,62.051413076923076,4.3406666666666665,93.234,315360.0,3500.0,29,Healthcare Practitioners and Technical Occupations,249103.6,119.76134615384616,232740.0,111.89,0.0,0.0,25.52946,True,False,True,False,0.0,0.0,0.0,0.0,0.0,0.0,,
29-1229.05,Preventive Medicine Physicians,5224033.857046153,57978.55942307692,16.565302692307693,4.066,96.842,315360.0,3500.0,29,Healthcare Practitioners and Technical Occupations,249103.6,119.76134615384616,232740.0,111.89,0.0,0.0,10.190860384615386,True,False,True,False,0.0,0.0,0.0,0.0,0.0,0.0,,
29-1229.06,Sports Medicine Physicians,17578218.676984616,195090.58019230768,55.74016576923077,3.854074074074074,94.62444444444445,315360.0,3500.0,29,Healthcare Practitioners and Technical Occupations,249103.6,119.76134615384616,232740.0,111.89,61209.90027692308,4076.001730769231,31.28919613122172,True,False,True,False,0.34821446587796734,2.0892867952678045,1098.1291395927578,12.187506305728856,273547921.9374585,2836520.217595334,0.06659056316590563,5.352225609470644
29-1241.00,"Ophthalmologists, Except Pediatric",1082915.2454346153,5365.3934538461535,89.42322423076924,4.405555555555555,91.53666666666668,12110.0,60.0,29,Healthcare Practitioners and Technical Occupations,301500.0,144.95192307692307,168530.0,81.02,0.0,0.0,50.744431923076924,True,True,True,True,0.0,0.0,0.0,0.0,0.0,0.0,,
29-1291.00,Acupuncturists,868517.356,9570.1557,102.9049,4.512222222222222,99.89722222222223,8440.0,93.0,29,Healthcare Practitioners and Technical Occupations,78140.0,37.57,78140.0,37.57,54086.896,595.9812000000001,47.55556153846154,True,False,True,False,6.227497427236215,6.227497427236217,525.6007828587366,5.79157260732968,41070445.17258167,452553.48353674123,0.011018957345971565,0.8856502016635501
29-1292.00,Dental Hygienists,18496249.963507693,332657.25501538464,84.43077538461539,4.2875,88.12625,219070.0,3940.0,29,Healthcare Practitioners and Technical Occupations,94260.0,45.32,82610.0,39.72,1260794.3602461538,22675.536492307692,46.362651923076925,True,False,True,False,6.816486383638018,6.816486383638018,14932.876720635804,268.5695635153379,1407572959.687131,22186531.642002065,0.017985118911763364,1.4455563889599303
29-1299.01,Naturopathic Physicians,2239202.075573077,16683.39738846154,72.53651038461538,4.168,91.975,30870.0,230.0,29,Healthcare Practitioners and Technical Occupations,113730.0,54.67999999999999,113730.0,54.67999999999999,0.0,0.0,34.84988769230769,True,False,True,False,0.0,0.0,0.0,0.0,0.0,0.0,,
29-1299.02,Orthoptists,2453309.331092308,18278.624753846154,79.47228153846154,4.27875,93.750625,30870.0,230.0,29,Healthcare Practitioners and Technical Occupations,113730.0,54.68,113730.0,54.68,721.8830769230759,10.756923076923062,33.25972423076924,True,False,True,False,0.029424869818665135,0.05884973963733027,9.083457313021928,0.06767720058292981,1033061.6002099839,7696.928022296607,0.014901198574667963,1.1976858706607199
29-2011.00,Medical and Clinical Laboratory Technologists,12574163.327015383,138482.94382423075,73.3101873076923,4.586666666666667,82.60066666666667,171520.0,1889.0,29,Healthcare Practitioners and Technical Occupations,61890.0,29.75,61890.0,29.75,1476898.7539692307,16256.907926153846,54.67851846153846,False,False,False,False,11.745503184264658,11.739285342451918,20145.88706165074,221.8725551507594,1246828950.2455645,13731692.4382805,0.011007462686567165,0.8847263168439685
29-2011.01,Cytogenetic Technologists,16711070.369476922,184043.91282615386,97.42928153846154,4.625333333333333,93.49266666666668,171520.0,1889.0,29,Healthcare Practitioners and Technical Occupations,61890.0,29.75,61890.0,29.75,734430.9602461539,8084.22139076923,65.03700538461538,False,False,False,False,4.394876833189606,4.392550270546307,7538.092744286812,83.01922337895166,466532559.94391084,5138059.734923319,0.011007462686567163,0.8847263168439684
29-2011.02,Cytotechnologists,10731611.969969232,118190.38602653846,62.56770038461539,4.409230769230769,95.00461538461538,171520.0,1889.0,29,Healthcare Practitioners and Technical Occupations,61890.0,29.75,61890.0,29.75,0.0,0.0,47.646965,False,False,False,False,0.0,0.0,0.0,0.0,0.0,0.0,,
29-2011.04,Histotechnologists,7950070.480738461,87556.45486307691,46.350690769230766,4.271875,92.2625,171520.0,1889.0,29,Healthcare Practitioners and Technical Occupations,61890.0,29.75,61890.0,29.75,0.0,0.0,9.687569903846153,True,True,True,True,0.0,0.0,0.0,0.0,0.0,0.0,,
29-2012.00,Medical and Clinical Laboratory Technicians,9284982.99963077,102258.23744346153,54.13352961538462,4.536153846153846,60.41230769230769,171520.0,1889.0,29,Healthcare Practitioners and Technical Occupations,61890.0,29.75,61890.0,29.75,568170.72,6260.743125,33.47820615384615,False,False,False,False,6.119243514205616,6.12248292315967,10495.726475565472,115.59250998334409,649580511.5727471,7154020.442869166,0.011019123134328358,0.885663526925371
29-2031.00,Cardiovascular Technologists and Technicians,8072176.475623077,98956.06990384616,131.94142653846154,4.497619047619048,66.77904761904762,61180.0,750.0,29,Healthcare Practitioners and Technical Occupations,67260.0,32.34,89420.0,42.99,1048711.369676923,12856.056346153848,98.31145615384615,False,False,False,False,12.99168040792833,12.991680407928333,7948.310073570552,97.43760305946248,534603335.54835534,8712870.465577135,0.012258908139915009,0.985311416080572
29-2032.00,Diagnostic Medical Sonographers,11504387.086753845,87819.74875384616,133.0602253846154,4.433,88.42,86460.0,660.0,29,Healthcare Practitioners and Technical Occupations,89340.0,42.95,91140.0,43.82,450695.6951538462,3440.425153846154,117.38076730769231,False,False,False,False,3.9175984931242214,3.9175984931242214,3387.155657155202,25.85615005461986,302608486.4102457,2356529.515978054,0.007633587786259542,0.6135506609242685
29-2033.00,Nuclear Medicine Technologists,1455359.1392,9439.2397,85.81127,4.554117647058824,84.23235294117647,16960.0,110.0,29,Healthcare Practitioners and Technical Occupations,97020.0,46.64,106720.0,51.31,122124.56344615384,792.0814846153846,57.26347384615384,False,False,False,False,8.39136953599541,8.39136953599541,1423.1762733048217,9.230506489594951,138076562.0360338,985079.6525695733,0.006485849056603774,0.5213010037687918
29-2034.00,Radiologic Technologists and Technicians,44056765.530961536,311508.5005769231,197.15727884615384,4.567407407407408,92.21000000000001,223460.0,1580.0,29,Healthcare Practitioners and Technical Occupations,77660.0,37.34,80080.0,38.5,7168854.638461538,50688.22307692308,152.09154979757085,False,True,True,False,16.271858707883403,16.271858707883403,36361.09546863625,257.0953675845578,2823802674.094291,20588197.036171388,0.007070616665174977,0.5683017801758933
29-2035.00,Magnetic Resonance Imaging Technologists,5230142.749161539,39040.314284615386,125.9364976923077,4.4425,88.75916666666666,41530.0,310.0,29,Healthcare Practitioners and Technical Occupations,88180.0,42.4,86680.0,41.67,633230.1764692308,4726.736207692307,80.36407307692308,False,False,False,False,12.107321096938433,12.107321096938433,5028.170451558532,37.53269540050914,443384070.41843134,3253334.0373161323,0.007464483505899349,0.5999588812938729
29-2036.00,Medical Dosimetrists,247894.7338923077,2747.447932307692,62.44199846153846,4.165263157894737,85.9278947368421,3970.0,44.0,29,Healthcare Practitioners and Technical Occupations,138110.0,66.4,138110.0,66.4,29090.500234615385,322.4136046153846,26.52930576923077,True,True,True,True,11.735021465705318,11.735021465705318,465.88035218850115,5.163409444910339,64342735.44075389,713118.478436567,0.011083123425692695,0.8908075590850084
29-2051.00,Dietetic Technicians,481862.3937307692,10457.781500000001,16.088894615384618,4.229230769230769,78.5576923076923,29950.0,650.0,29,Healthcare Practitioners and Technical Occupations,37040.0,17.81,39180.0,18.84,201442.85909615387,4371.8817500000005,11.14253576923077,False,False,False,False,41.805059227906035,41.805059227906035,12520.615238757857,271.7328849813892,463763588.443591,10646494.433570828,0.021702838063439065,1.7443685735459586
29-2052.00,Pharmacy Technicians,68474530.28510769,753624.0113769231,140.33966692307692,4.446666666666666,70.90523809523809,487920.0,5370.0,29,Healthcare Practitioners and Technical Occupations,43460.0,20.9,46760.0,22.48,29063449.10049231,319869.49022307695,131.18306615384614,False,False,False,False,42.444174468201105,42.4441744682011,207093.61606524684,2279.2521689423993,9000288554.195627,106577831.4197466,0.011005902606984752,0.8846009252344548
29-2053.00,Psychiatric Technicians,4618900.796807692,63708.97650769231,33.88775346153846,4.24,79.203125,136300.0,1880.0,29,Healthcare Practitioners and Technical Occupations,42590.0,20.47,39340.0,18.91,0.0,0.0,17.46478076923077,False,False,False,False,0.0,0.0,0.0,0.0,0.0,0.0,,
29-2055.00,Surgical Technologists,10411336.087976923,95072.3464,91.4157176923077,4.644375,86.790625,113890.0,1040.0,29,Healthcare Practitioners and Technical Occupations,62830.0,30.21,63380.0,30.47,182933.57850384616,1670.4796000000001,39.706356538461534,False,False,False,False,1.7570615044797087,1.7570615044797087,2001.1173474519403,18.27343964658897,125730202.94040541,1158170.604800809,0.009131618228114848,0.733955062291003
29-2056.00,Veterinary Technologists and Technicians,12683812.769707693,153573.42601153845,96.58706038461538,4.352258064516128,94.22290322580645,131320.0,1590.0,29,Healthcare Practitioners and Technical Occupations,45980.0,22.11,39400.0,18.94,1524492.0617230772,18458.287984615385,41.97892576923077,False,False,False,False,12.019193986874107,12.019193986874106,15783.605543563077,191.1051843912983,725730182.8930303,7529544.265017154,0.012107828205909226,0.9731683457501968
29-2057.00,Ophthalmic Medical Technicians,7125207.330692308,69836.71586538461,93.11562115384615,4.3625,91.2325,76520.0,750.0,29,Healthcare Practitioners and Technical Occupations,44080.0,21.19,36000.0,17.31,0.0,0.0,33.268641153846154,False,False,False,False,0.0,0.0,0.0,0.0,0.0,0.0,,
29-2061.00,Licensed Practical and Licensed Vocational Nurses,31443231.118084617,84023.6241,49.71812076923077,4.185,79.43272727272728,632430.0,1690.0,29,Healthcare Practitioners and Technical Occupations,62340.0,29.969999999999995,61710.0,29.67,3816206.187092308,10197.7902,26.093837692307694,False,False,False,False,12.136813079929981,12.136813079929981,76756.84696140118,205.1121410508167,4785021839.57375,12657470.224245898,0.00267223250003953,0.21478105216707585
29-2081.00,"Opticians, Dispensing",7610661.2259,64942.27172307692,95.50334076923076,4.458571428571428,95.77285714285715,79690.0,680.0,29,Healthcare Practitioners and Technical Occupations,46560.0,22.38,39760.0,19.12,0.0,0.0,39.178629615384615,False,False,False,False,0.0,0.0,0.0,0.0,0.0,0.0,,
29-2091.00,Orthotists and Prosthetists,479682.29993076925,4830.637461538461,48.30637461538461,4.241333333333333,96.19066666666666,9930.0,100.0,29,Healthcare Practitioners and Technical Occupations,78310.0,37.65,92070.0,44.26,201.36130384615362,2.02780769230769,25.07993923076923,False,False,False,False,0.041978055866396434,0.04197805586639644,4.168420947533166,0.041978055866396434,326429.0444013222,3864.9196036191197,0.010070493454179255,0.8094172868185213
29-2092.00,Hearing Aid Specialists,388114.2052153846,9170.940576923078,36.683762307692305,4.469090909090909,83.32636363636364,10580.0,250.0,29,Healthcare Practitioners and Technical Occupations,61560.0,29.6,47710.0,22.94,0.0,0.0,19.246706538461538,False,False,False,False,0.0,0.0,0.0,0.0,0.0,0.0,,
29-2099.01,Neurodiagnostic Technologists,9168466.565769231,75850.80923076923,52.674173076923076,4.6425,96.77374999999999,174060.0,1440.0,29,Healthcare Practitioners and Technical Occupations,48790.0,23.46,44360.0,21.33,0.0,0.0,29.61254576923077,False,False,False,False,0.0,0.0,0.0,0.0,0.0,0.0,,
29-2099.05,Ophthalmic Medical Technologists,22901740.715907693,189466.31409230767,131.57382923076923,4.204516129032259,91.53645161290324,174060.0,1440.0,29,Healthcare Practitioners and Technical Occupations,48790.0,23.46,44360.0,21.33,436664.4558923077,10837.587323076923,59.662515,False,False,False,False,1.9066867506232739,5.720060251869823,3318.7789581348707,27.456289208975146,161923225.36740035,1217960.9893101375,0.024819027921406413,1.994832758992658
29-2099.08,Patient Representatives,4858475.725107692,40194.21489230769,27.91264923076923,3.8576923076923078,74.70846153846153,174060.0,1440.0,29,Healthcare Practitioners and Technical Occupations,48790.0,23.46,44360.0,21.33,226730.1320076923,5627.221476923076,19.210285384615386,True,False,True,False,4.66669270026386,14.000078100791576,8122.8453140792735,67.20037488379958,396313622.8739278,2981008.6298453496,0.024819027921406406,1.9948327589926573
29-9091.00,Athletic Trainers,1247761.9134807691,15516.210323076923,43.10058423076923,3.866521739130435,90.05,28950.0,360.0,29,Healthcare Practitioners and Technical Occupations,60250.0,29.76,63190.0,30.37980769230769,73350.615,912.132,32.60272961538462,False,False,False,False,5.878574606863932,5.878574606863932,1701.8473486871083,21.162868584710154,102536302.75839828,1337281.6658678346,0.01243523316062176,0.9994835637025387
29-9092.00,Genetic Counselors,112125.94829999999,1597.2357307692307,31.944714615384616,4.189473684210526,96.79578947368421,3510.0,50.0,29,Healthcare Practitioners and Technical Occupations,98910.0,47.55,91620.0,44.05,18151.938,258.57461538461547,17.902448461538462,False,False,False,False,16.18888248011366,16.188882480113666,568.2297750519895,8.09444124005683,56203607.05039228,741612.7064140067,0.01424501424501425,1.1449449655424386
29-9093.00,Surgical Assistants,2103065.760253846,30359.21701153846,91.99762730769231,4.3525,80.23285714285714,22860.0,330.0,29,Healthcare Practitioners and Technical Occupations,60290.0,28.99,44720.0,21.5,85663.2692076923,1236.608873076923,31.490645769230767,True,False,True,False,4.073256805690778,4.073256805690778,931.1465057809119,13.441747458779567,56138822.83353118,601114.9463566223,0.014435695538057743,1.1602710005142662
29-9099.01,Midwives,1863258.1822730768,8567.86288846154,50.39919346153846,4.206388888888889,95.08111111111111,36970.0,170.0,29,Healthcare Practitioners and Technical Occupations,64030.0,30.78,62110.0,29.86,5698.029688461537,26.201380769230767,36.98264076923077,False,False,False,False,0.3058099914800987,0.3058099914800987,113.05795385019248,0.5198769855161678,7239100.785027824,32289.559570409183,0.004598322964565865,0.36959083632089423
31-1121.00,Home Health Aides,33793837.91325,372227.5827461539,16.947167307692308,3.953333333333333,76.62066666666666,1994070.0,21964.0,31,Healthcare Support Occupations,34900.0,16.78,34900.0,16.78,0.0,0.0,3.160997307692308,True,False,True,False,0.0,0.0,0.0,0.0,0.0,0.0,,
31-1122.00,Personal Care Aides,59606573.2449,656546.046403077,29.891916153846154,4.337272727272727,81.1590909090909,1994070.0,21964.0,31,Healthcare Support Occupations,34900.0,16.78,34900.0,16.78,12566969.665800001,138420.87877538463,22.16354653846154,True,False,True,False,21.083194321819608,21.083194321819605,420413.65301310824,4630.712800844459,14672436490.157478,161611876.7494716,0.01101465846234084,0.8853046783045844
31-1131.00,Nursing Assistants,125412376.97866154,1115535.429,90.32675538461538,4.266666666666667,78.1590909090909,1388430.0,12350.0,31,Healthcare Support Occupations,39530.0,19.01,38500.0,18.51,6360042.712326923,56572.19125,23.073528461538462,True,False,True,False,5.071303858158323,5.071303858158323,70411.50415782761,626.306026482553,2783366759.358926,24112782.01957829,0.008894938887808531,0.7149319279879631
31-1132.00,Orderlies,3836191.2979076924,42254.54013538462,72.35366461538462,4.123181818181818,60.05227272727273,53020.0,584.0,31,Healthcare Support Occupations,37700.0,18.12,37700.0,18.12,245623.91869230772,2705.476584615385,7.516705384615385,True,False,True,False,6.402806836725638,6.402806836725638,3394.7681848319335,37.39239192647773,127982760.56816389,1409693.1756282104,0.01101471142964919,0.8853089355592274
31-1133.00,Psychiatric Aides,1670925.7433076925,6224.0787,47.87752846153846,4.208235294117648,85.20882352941176,34900.0,130.0,31,Healthcare Support Occupations,41590.0,20.0,35390.0,17.02,108572.83957692307,404.42605,27.094994615384614,True,False,True,False,6.497765685385692,6.497765685385694,2267.720224199607,8.4470953910014,94314484.12446165,298942.70588753955,0.0037249283667621777,0.29939162623324617
31-2011.00,Occupational Therapy Assistants,3643796.72685,17492.658050000002,76.055035,4.462727272727272,94.48363636363636,47910.0,230.0,31,Healthcare Support Occupations,68340.0,32.86,61280.0,29.46,107220.03708461541,514.7277923076924,38.237756153846156,False,False,False,False,2.94253618195945,2.94253618195945,1409.7690847767726,6.767833218506736,96343619.25364465,414732.81963009277,0.00480066791901482,0.38585433967122124
31-2012.00,Occupational Therapy Aides,276751.11346153845,3044.2622480769232,55.35022269230769,4.003333333333333,78.128,5000.0,55.0,31,Healthcare Support Occupations,37370.0,17.969999999999995,37370.0,17.969999999999995,23893.515384615388,262.82866923076926,35.19785923076923,False,False,False,False,8.633575159196601,8.633575159196601,431.67875795983,4.74846633755813,16131835.184958847,177450.18703454733,0.011,0.8841265023918708
31-2021.00,Physical Therapist Assistants,10524578.689342307,76003.8087,97.44078038461538,4.143809523809524,90.6252380952381,108010.0,780.0,31,Healthcare Support Occupations,65510.0,31.5,61110.0,29.380000000000003,1162019.2705692307,8391.5844,37.18977115384615,False,False,False,False,11.041005106892756,11.041005106892756,11925.389615954866,86.11983983376349,781232273.7412033,5262783.412241287,0.007221553559855569,0.5804333537009698
31-2022.00,Physical Therapist Aides,3875116.3004423077,73962.6833076923,88.05081346153847,4.0063157894736845,76.97,44010.0,840.0,31,Healthcare Support Occupations,34520.0,16.59,27860.0,13.39,453290.9649576923,8651.770292307692,29.469481538461537,False,False,False,False,11.697480277068161,11.697480277068161,5148.0610699376975,98.25883432737255,177711068.13424933,2737491.1243605996,0.0190865712338105,1.5340857697820156
31-9011.00,Massage Therapists,5095316.207261538,96558.47039999999,53.05410461538462,3.9650000000000003,92.85642857142857,96040.0,1820.0,31,Healthcare Support Occupations,57950.0,27.86,61010.0,29.33,0.0,0.0,4.871538461538461,False,False,False,False,0.0,0.0,0.0,0.0,0.0,0.0,,
31-9091.00,Dental Assistants,27627779.482642308,464350.9803038462,73.58969576923077,4.30625,85.090625,375430.0,6310.0,31,Healthcare Support Occupations,47300.0,22.74,37320.0,17.94,4105168.9362115385,68997.19251923077,24.875472692307692,False,False,False,False,14.858845021514275,14.858845021514272,55784.56186427104,937.5931208575508,2638609776.1800203,34990975.270403795,0.016807394187997763,1.3508966034323564
31-9092.00,Medical Assistants,76086946.97365385,926322.5717307692,95.89260576923077,4.4079999999999995,86.29350000000001,793460.0,9660.0,31,Healthcare Support Occupations,44200.0,21.25,43040.0,20.69,30348054.22181539,369473.19812307693,56.85455653846154,False,False,False,False,39.8860191253617,39.88601912536169,316479.60735209496,3852.9894475099404,13988398644.962597,165832665.82082784,0.012174526756232196,0.9785292508421655
31-9093.00,Medical Equipment Preparers,4564384.713584615,42030.48045769231,62.73206038461539,4.469333333333333,79.91333333333334,72760.0,670.0,31,Healthcare Support Occupations,46490.0,22.35,45250.0,21.76,316596.6981384615,2915.3351807692306,23.517235,False,False,False,False,6.9362404355662655,6.936240435566264,5046.808540918015,46.47281091829398,234626129.0672785,2102894.6940528024,0.009208356239692139,0.7401228904524882
31-9094.00,Medical Transcriptionists,3632645.9365807693,20242.280584615386,84.34283576923077,4.559333333333333,82.484,43070.0,240.0,31,Healthcare Support Occupations,37550.0,18.05,38900.0,18.7,2800152.7812153846,15603.358892307693,84.34283576923077,False,False,False,False,77.08300864165778,77.08300864165778,33199.651821962005,184.9992207399787,1246646925.9146733,7196469.686785172,0.0055723241235198515,0.4478763125019503
31-9095.00,Pharmacy Aides,2514387.4093846157,15906.1004,61.17730923076923,4.148571428571429,72.48428571428572,41100.0,260.0,31,Healthcare Support Occupations,37000.0,17.79,38970.0,18.73,1732126.7622692308,10957.4929,54.71813769230769,False,False,False,False,68.88861898545541,68.88861898545542,28313.222403022173,179.11040936218407,1047589228.9118204,6979932.6528443135,0.00632603406326034,0.5084558518511091
31-9096.00,Veterinary Assistants and Laboratory Animal Caretakers,10163161.481515385,64081.58566153846,89.00220230769231,4.205357142857143,85.04714285714286,114190.0,720.0,31,Healthcare Support Occupations,37320.0,17.94,35730.0,17.18,1351070.5629269232,8518.879107692308,35.98111115384615,False,False,False,False,13.293801986559311,13.293801986559314,15180.192488452078,95.71537430322704,566524783.6690315,3419910.323854302,0.0063052806725632715,0.5067877952393116
31-9097.00,Phlebotomists,14549494.306953847,147715.92002307693,104.76306384615386,4.449565217391305,79.09782608695652,138880.0,1410.0,31,Healthcare Support Occupations,43660.0,20.99,38730.0,18.62,0.0,0.0,43.66578538461539,False,False,False,False,0.0,0.0,0.0,0.0,0.0,0.0,,
31-9099.01,Speech-Language Pathology Assistants,4012075.190423077,26708.46002307692,38.70791307692308,4.1499999999999995,82.08909090909091,103650.0,690.0,31,Healthcare Support Occupations,46050.0,22.14,45760.0,22.0,253996.35641538462,3381.446461538462,20.304774615384616,False,False,False,False,6.330797514006722,12.660581922794462,6561.871623267968,43.682502846646386,302174188.25148994,1998911.3302625387,0.013312972316848741,1.0700319682668435
31-9099.02,Endoscopy Technicians,5436763.376480769,36192.63608076923,52.45309576923077,4.5675,93.88416666666667,103650.0,690.0,31,Healthcare Support Occupations,46050.0,22.14,45760.0,22.0,0.0,0.0,8.719569230769231,False,False,False,False,0.0,0.0,0.0,0.0,0.0,0.0,,
33-1011.00,First-Line Supervisors of Correctional Officers,2832667.1913923076,13794.5958,53.05613769230769,4.301304347826087,93.52695652173912,53390.0,260.0,33,Protective Service Occupations,76310.0,36.69,97430.0,46.84000000000001,471834.18660384614,2297.7502999999997,15.452636923076923,False,False,False,False,16.656887474731228,16.656887474731228,8893.112222759002,43.3079074343012,678633393.7187395,4219489.421323966,0.0048698258100767925,0.3914129146109867
33-1012.00,First-Line Supervisors of Police and Detectives,1916414.0579153844,16144.283515384615,12.514948461538461,3.864,81.76050000000001,153130.0,1290.0,33,Protective Service Occupations,105980.0,50.95,109760.0,52.77,621953.2202730769,5239.467473076923,6.8873346153846144,False,False,False,False,32.45401053620001,32.4540105362,49696.826334083074,418.6567359169801,5266869654.886125,45951763.33424774,0.008424214719519362,0.6770974086697062
33-1021.00,First-Line Supervisors of Firefighting and Prevention Workers,2096150.135353846,17229.24428076923,22.375641923076923,4.1196,84.5008,93680.0,770.0,33,Protective Service Occupations,92430.0,44.44,102070.0,49.07,552213.7403188811,4538.904569230769,9.942091363636363,False,True,True,False,26.344188376834143,26.344188376834143,24679.235671418224,202.8502505016229,2281101753.1091866,20704925.06870065,0.008219470538001707,0.6606410671160434
33-2011.00,Firefighters,8514144.526461538,67910.19442307693,25.62648846153846,4.357777777777778,95.61148148148149,332240.0,2650.0,33,Protective Service Occupations,59530.0,28.62,49270.0,23.69,0.0,0.0,16.74934153846154,False,False,False,False,0.0,0.0,0.0,0.0,0.0,0.0,,
33-2021.00,Fire Inspectors and Investigators,285448.38130769227,1218.996646153846,20.316610769230767,4.332333333333334,79.80466666666666,14050.0,60.0,33,Protective Service Occupations,78060.0,37.53,72550.0,34.88,44652.93184615385,190.6886769230769,10.95127423076923,False,False,False,False,15.643084624123787,15.643084624123786,2197.853389689392,9.385850774474273,171564435.59915394,680943.4736881085,0.004270462633451957,0.34323901742809604
33-2022.00,Forest Fire Inspectors and Prevention Specialists,33710.456423076925,727.5638076923077,12.126063461538461,3.97875,93.74875,2780.0,60.0,33,Protective Service Occupations,52380.0,25.19,77480.0,37.25,9063.316438461537,195.61114615384616,10.127389615384615,False,False,False,False,26.88577195370493,26.885771953704936,747.424460312997,16.131463172222958,39150093.23119478,1249865.7665838348,0.021582733812949645,1.7347151780089032
33-3011.00,Bailiffs,547235.5080038462,1294.4660153846155,32.36165038461538,4.234,79.898,16910.0,40.0,33,Protective Service Occupations,57050.0,27.43,57860.0,27.82,38168.77721923077,90.28687692307692,14.948867692307692,False,False,False,False,6.97483563492786,6.97483563492786,1179.4447058663013,2.789934253971144,67287320.46967249,161425.5959347704,0.0023654642223536367,0.19012450994932978
33-3012.00,Correctional Officers and Jailers,22759338.212653846,123333.21380769231,62.28950192307693,4.1866666666666665,81.7274074074074,365380.0,1980.0,33,Protective Service Occupations,57970.0,27.87,61340.0,29.489999999999995,552420.8326153846,2993.577230769231,34.336288461538466,False,False,False,False,2.427227133995693,2.427227133995693,8868.602502193462,48.05909725311472,514112887.052155,2947945.025506057,0.005419015819147189,0.43555413659898395
33-3021.00,Detectives and Criminal Investigators,2832603.6384692304,14317.700492307691,25.567322307692304,4.36,93.87133333333333,110790.0,560.0,33,Protective Service Occupations,93580.0,44.99,74530.0,35.83,223357.61134615383,3386.9553846153844,21.13704269230769,False,False,False,False,7.8852405720575405,23.65572171617262,8736.058029782549,44.15734720352222,817520310.427051,3291047.0870785112,0.015163823449769834,1.2187943808666215
33-3021.02,Police Identification and Records Officers,1819288.68345,9195.790799999999,16.421055,4.389333333333334,77.70466666666667,110790.0,560.0,33,Protective Service Occupations,93580.0,44.99,74530.0,35.83,155789.53168846155,2362.3649538461536,14.56767986013986,False,False,False,False,8.563211166302139,25.68963349890641,9487.18165114614,47.95398253129198,887810458.9142559,3574010.318057191,0.015163823449769832,1.2187943808666213
33-3021.06,Intelligence Analysts,3566038.764911538,18024.927415384613,32.187370384615384,3.8738095238095234,81.98761904761905,110790.0,560.0,33,Protective Service Occupations,93580.0,44.99,74530.0,35.83,341267.17559999996,5174.9151999999995,32.055214615384614,False,False,False,False,9.569923326631748,28.709769979895245,10602.518053575313,53.5915706291378,992183639.4535779,3994179.75898964,0.015163823449769836,1.2187943808666217
33-3031.00,Fish and Game Wardens,83383.17729230771,922.1504030769232,12.988033846153849,3.8266666666666667,86.29166666666667,6420.0,71.0,33,Protective Service Occupations,68180.0,32.78,68180.0,32.78,598.6156153846154,6.620203846153847,4.701328076923077,False,False,False,False,0.7179093371389663,0.7179093371389664,46.089779444321636,0.5097156293686661,3142401.1625138493,34752.41161035565,0.01105919003115265,0.8888839092300034
33-3041.00,Parking Enforcement Workers,264712.55281153845,1703.4269807692308,34.068539615384616,3.929090909090909,78.7159090909091,7770.0,50.0,33,Protective Service Occupations,47150.0,22.67,53020.0,25.49,58389.73002692307,375.7382884615384,23.755463846153845,False,False,False,False,22.05778660919549,22.05778660919549,1713.8900195344895,11.028893304597746,80809914.42105117,584751.9230097726,0.006435006435006435,0.5172145211137655
33-3051.00,Police and Sheriff's Patrol Officers,42193594.48596923,339704.64683076926,63.25971076923077,4.119666666666666,89.00733333333334,666990.0,5370.0,33,Protective Service Occupations,76290.0,36.68,77210.0,37.12,1175234.712525,18923.853150000003,33.982857307692306,False,False,False,False,2.7853391654408695,5.570678330881739,18577.933699574056,149.5727131841747,1417310561.9405048,11548509.184950128,0.016102190437637748,1.294215755679681
33-3051.04,Customs and Border Protection Officers,19976733.506180767,160834.58361923078,29.95057423076923,4.234545454545454,84.47454545454546,666990.0,5370.0,33,Protective Service Occupations,76290.0,36.68,77210.0,37.12,1170549.7491115388,18848.414976923083,18.250232307692308,True,True,True,True,5.859565322575748,11.719130645151496,39082.71474504798,314.6586578223177,2981620307.8997107,24294794.97046115,0.016102190437637748,1.294215755679681
33-3052.00,Transit and Railroad Police,66237.17307692308,728.6089038461539,22.079057692307693,3.9508333333333336,79.55083333333333,3000.0,33.0,33,Protective Service Occupations,82320.0,39.58,82320.0,39.58,2609.7669230769234,28.707436153846153,11.363058076923076,False,False,False,False,3.9400336727023784,3.9400336727023775,118.20101018107134,1.3002111119917847,9730307.158105792,107033.37873916372,0.010999999999999998,0.8841265023918706
33-9011.00,Animal Control Workers,310175.6550923077,4735.506184615385,26.308367692307694,4.408666666666666,90.82199999999999,11790.0,180.0,33,Protective Service Occupations,45830.0,22.030000000000005,46690.0,22.45,39175.60340769232,598.1008153846154,14.807434615384617,False,False,False,False,12.630134817006747,12.630134817006745,1489.0928949250954,22.734242670612144,68245127.37441713,1061461.790290881,0.015267175572519082,1.2271013218485367
33-9021.00,Private Detectives and Investigators,559848.2957307692,5207.891123076923,14.46636423076923,4.187142857142857,72.825,38700.0,360.0,33,Protective Service Occupations,52370.0,25.18,51130.0,24.58,287459.32811538456,2674.0402615384614,13.417285384615385,False,False,False,False,51.345932515551254,51.34593251555126,19870.875883518336,184.84535705598452,1040637770.0198553,9451143.106272489,0.00930232558139535,0.747675689126318
33-9031.00,Gambling Surveillance Officers and Gambling Investigators,583744.1,6421.185100000001,58.374410000000005,4.6075,94.845,10000.0,110.0,33,Protective Service Occupations,43900.0,21.11,43900.0,21.11,331997.28461538465,3651.9701307692308,50.87735692307693,False,True,True,False,56.87377133497103,56.873771334971025,5687.377133497103,62.56114846846813,249675856.16052285,2746434.417765751,0.011,0.8841265023918708
33-9032.00,Security Guards,61619366.458057694,347355.4403846154,49.622205769230774,4.406428571428571,86.41285714285713,1241770.0,7000.0,33,Protective Service Occupations,38370.0,18.45,42440.0,20.4,26284940.090776924,148171.22384615385,34.63546769230769,False,False,False,False,42.65694634927516,42.65694634927516,529701.1626813941,2985.986244449261,20324633612.085094,126725256.21442664,0.005637114763603566,0.4530838690478544
33-9091.00,Crossing Guards and Flaggers,2564739.4211307694,48063.97895,28.440224230769232,4.285833333333334,69.36416666666666,90180.0,1690.0,33,Protective Service Occupations,37700.0,18.13,34480.0,16.58,0.0,0.0,20.25880923076923,False,True,True,False,0.0,0.0,0.0,0.0,0.0,0.0,,
33-9092.00,"Lifeguards, Ski Patrol, and Other Recreational Protective Service Workers",5726443.8668,83350.2868,39.880520000000004,4.101333333333334,80.50133333333333,143590.0,2090.0,33,Protective Service Occupations,33720.0,16.21,28400.0,13.65,688129.284026923,10015.949603846153,14.406067307692307,False,False,False,False,12.016694828992662,12.016694828992662,17254.772104950564,251.14892192594664,581830915.378933,7132629.382696885,0.014555331151194372,1.1698867292600839
33-9093.00,Transportation Security Screeners,6318464.810323076,65448.06018461538,136.35012538461538,4.3076923076923075,84.31461538461538,46340.0,480.0,33,Protective Service Occupations,63360.0,30.46,59950.0,28.82,395025.2052384615,4091.758707692308,81.12742653846153,False,False,False,False,6.251917468829948,6.25191746882995,2897.138555055798,30.009203850383752,183562698.84833536,1799051.770830506,0.010358221838584378,0.8325434950133364
33-9099.02,Retail Loss Prevention Specialists,2255613.8388615386,18998.071076923075,27.140101538461536,4.3100000000000005,93.49190476190476,83110.0,700.0,33,Protective Service Occupations,41600.0,20.0,49000.0,23.56,24634.28348076923,207.48403846153846,23.889193846153844,False,False,False,False,1.0921321307907355,1.0921321307907357,907.6710139001802,7.644924915535148,37759114.1782475,374601.3208612222,0.008422572494284682,0.676965414592172
35-1011.00,Chefs and Head Cooks,8802565.764092308,90768.01029230769,48.28085653846154,4.314285714285714,98.01714285714286,182320.0,1880.0,35,Food Preparation and Serving Related Occupations,60990.0,29.32,44490.0,21.39,698067.0964923076,7198.146892307691,22.490718461538464,False,False,False,False,7.930268460360547,7.930268460360546,14458.465456929349,149.08904705477826,881821808.2181209,6632971.703467085,0.01031154014918824,0.8287914478522862
35-1012.00,First-Line Supervisors of Food Preparation and Serving Workers,81716568.43091539,791387.109423077,68.81627038461538,4.163846153846154,76.39192307692308,1187460.0,11500.0,35,Food Preparation and Serving Related Occupations,42010.0,20.2,38070.0,18.31,22397565.890838463,216910.0498076923,48.502532692307696,False,False,False,False,27.40884293223076,27.408842932230755,325469.0462830674,3152.016937206537,13672954634.35166,119997284.79945287,0.009684536742290266,0.7783959633860597
35-2011.00,"Cooks, Fast Food",93300652.26983461,872647.2572115385,139.62356115384614,4.5405263157894735,95.14999999999999,668230.0,6250.0,35,Food Preparation and Serving Related Occupations,30160.0,14.5,29960.0,14.410000000000002,9605060.402515385,89836.77403846155,20.481853076923077,False,False,False,False,10.294740892846722,10.29474089284672,68792.54706826965,643.4213058029201,2074783219.5790126,19276902.321855485,0.009353067057749577,0.7517540422186145
35-2012.00,"Cooks, Institution and Cafeteria",13192633.684453845,161280.57955384615,29.43076269230769,4.3623529411764705,76.22529411764705,448260.0,5480.0,35,Food Preparation and Serving Related Occupations,36450.0,17.53,37740.0,18.15,2526425.255423077,30885.669923076923,12.099975384615384,False,False,False,False,19.150272158319744,19.15027215831974,85843.00997688409,1049.434914275922,3128977713.657425,39605673.66477329,0.012225047963235623,0.9825898997553069
35-2013.00,"Cooks, Private Household",14374.382192307694,159.7153576923077,15.971535769230771,4.083846153846154,95.1,900.0,10.0,35,Food Preparation and Serving Related Occupations,44530.0,21.41,44530.0,21.41,670.5986538461539,7.451096153846154,2.194635769230769,False,False,False,False,4.665234615822431,4.665234615822432,41.987111542401884,0.4665234615822431,1869686.076983156,20774.289744257287,0.011111111111111112,0.8930570731231019
35-2014.00,"Cooks, Restaurant",105328071.355,843564.605,72.5335,4.2025,83.8955,1452130.0,11630.0,35,Food Preparation and Serving Related Occupations,36830.0,17.71,36510.0,17.55,10874673.723726923,87094.44430384615,14.592643076923077,False,False,False,False,10.32457310176571,10.32457310176571,149926.2233826704,1200.747851735352,5521782807.183751,43839304.0668577,0.008008924820780508,0.6437184263378284
35-2015.00,"Cooks, Short Order",8924950.681823077,30853.4394,59.33353730769231,4.442727272727272,87.17727272727274,150420.0,520.0,35,Food Preparation and Serving Related Occupations,35620.0,17.12,36680.0,17.64,1653052.7971615386,5714.582200000001,20.34554961538462,False,False,False,False,18.52170231627402,18.52170231627402,27860.344624139383,96.3128520446249,992385475.5118449,3532755.4129968416,0.003456987102778886,0.2778558105448821
35-2021.00,Food Preparation Workers,60910793.288196154,642161.7888884615,68.53380884615385,4.230645161290322,80.4874193548387,888770.0,9370.0,35,Food Preparation and Serving Related Occupations,34220.0,16.45,32090.0,15.43,8007101.898315384,84416.15354615384,20.319616153846155,False,False,False,False,13.145620777634942,13.145620777634944,116834.33378538609,1231.744666864394,3998070902.135912,39526686.3596784,0.010542660080785806,0.8473677439210503
35-3011.00,Bartenders,63054530.82664616,280764.79975384613,84.56771076923077,4.277,85.589,745610.0,3320.0,35,Food Preparation and Serving Related Occupations,33530.0,16.12,34120.0,16.41,6396662.750999999,28482.611999999994,27.781373076923074,False,False,False,False,10.14465204504676,10.14465204504676,75639.54011307315,336.8024478955524,2536193779.9913425,11491699.522196248,0.004452729979479889,0.3578887802593619
35-3023.00,Fast Food and Counter Workers,666727470.0600346,8989789.92566923,176.33954346153845,4.348888888888889,73.97259259259259,3780930.0,50980.0,35,Food Preparation and Serving Related Occupations,30480.0,14.65,28670.0,13.79,63281756.96847692,1706513.4611076922,41.95871230769231,True,True,True,True,9.49139788147304,18.982795762946083,358863.1099199786,4838.714639974955,10938147590.360949,138725948.72808197,0.02696691025752923,2.1674690951186166
35-3023.01,Baristas,422036291.7855,5690507.403,111.62235,4.092631578947368,92.35578947368421,3780930.0,50980.0,35,Food Preparation and Serving Related Occupations,30480.0,14.65,28670.0,13.79,40716398.18174423,1097995.4557769229,43.78651038461538,True,False,True,False,9.647605898887566,19.295211797775124,364769.22571280965,4918.349487252881,11118165999.726439,141009079.7995401,0.026966910257529227,2.1674690951186166
35-3031.00,Waiters and Waitresses,376361987.3642,2946904.113092308,163.4444876923077,4.3404,91.088,2302690.0,18030.0,35,Food Preparation and Serving Related Occupations,33760.0,16.23,29860.0,14.35,121299616.81365001,949772.6967807694,85.95672615384616,False,False,False,False,32.22950799658472,32.22950799658472,742145.6576865567,5810.980291784225,25054837403.498154,173515871.51267695,0.007829972770976554,0.6293351308933715
35-3041.00,"Food Servers, Nonrestaurant",16030611.51933846,136252.53002307692,58.98377923076923,4.506428571428572,88.53785714285713,271780.0,2310.0,35,Food Preparation and Serving Related Occupations,34460.0,16.57,28280.0,13.6,2809448.3972307695,23878.96753846154,27.043118461538462,False,False,False,False,17.525522303635164,17.52552230363516,47630.86451681965,404.8395652139723,1641359591.2496052,11448862.904251138,0.00849952167194054,0.6831502152560632
35-9011.00,Dining Room and Cafeteria Attendants and Bartender Helpers,72624660.12266923,527283.8870230769,139.12503615384617,4.17,76.00652173913043,522010.0,3790.0,35,Food Preparation and Serving Related Occupations,32670.0,15.710000000000004,27760.0,13.34,7180138.530219231,52130.658473076925,30.300298461538464,False,False,False,False,9.88663976959254,9.886639769592541,51609.24826125002,374.70364726755724,1686074140.695038,10401773.248147389,0.007260397310396353,0.5835554254560067
35-9021.00,Dishwashers,19074172.799496155,132642.07344615384,40.43965653846154,3.9815384615384612,73.50923076923077,471670.0,3280.0,35,Food Preparation and Serving Related Occupations,33670.0,16.19,30130.0,14.48,0.0,0.0,5.063316153846155,False,False,False,False,0.0,0.0,0.0,0.0,0.0,0.0,,
35-9031.00,"Hosts and Hostesses, Restaurant, Lounge, and Coffee Shop",49017052.976596154,500326.2342923077,114.75372346153847,4.172857142857143,70.73095238095237,427150.0,4360.0,35,Food Preparation and Serving Related Occupations,30380.0,14.61,28790.0,13.84,19909834.599096153,203223.4082923077,80.84093884615385,False,False,False,False,40.618179572326326,40.618179572326326,173500.5540431919,1770.952629353428,5270946831.83217,50985726.19908519,0.010207187170783097,0.8204040629603305
37-1011.00,First-Line Supervisors of Housekeeping and Janitorial Workers,7934771.6894307695,102217.08634615385,45.429816153846154,4.137307692307692,80.21423076923078,174660.0,2250.0,37,Building and Grounds Cleaning and Maintenance Occupations,47520.0,22.85,49770.0,23.93,1006449.7669846152,12965.258076923077,22.536673846153846,False,False,False,False,12.684041915474657,12.684041915474657,22153.947609568033,285.3909430981798,1052755590.406673,14203907.237996407,0.012882171075231881,1.03540625963259
37-1012.00,"First-Line Supervisors of Landscaping, Lawn Service, and Groundskeeping Workers",3616901.2767846156,59732.922076923074,29.138010769230767,3.858571428571429,91.74,124130.0,2050.0,37,Building and Grounds Cleaning and Maintenance Occupations,56170.0,27.01,54600.0,26.25,649082.0242423078,10719.553288461539,16.931695769230767,False,False,False,False,17.945804283033524,17.945804283033524,22276.126856529514,367.8889878021873,1251250045.5312629,20086738.733999424,0.01651494401031177,1.3273908804576837
37-2011.00,"Janitors and Cleaners, Except Maids and Housekeeping Cleaners",47943230.43242308,537642.3904576923,21.793368076923077,3.6966666666666663,68.64619047619047,2199900.0,24670.0,37,Building and Grounds Cleaning and Maintenance Occupations,35930.0,17.27,30390.0,14.61,3155914.773576923,35390.889342307695,5.990311923076923,False,False,False,False,6.582607690621196,6.582607690621196,144810.7865859757,1623.929317276249,5203051562.034107,49351211.95202521,0.01121414609754989,0.9013385242307483
37-2012.00,Maids and Housekeeping Cleaners,45174509.74938461,447036.9424615385,52.84124615384615,3.9939999999999998,65.285,854910.0,8460.0,37,Building and Grounds Cleaning and Maintenance Occupations,34660.0,16.66,34660.0,16.67,1582746.5064115382,15662.508853846151,23.837778846153846,False,False,False,False,3.5036274111045533,3.5036274111045533,29952.861100273938,296.4068789794452,1038166165.7354947,10273462.425427571,0.009895778503000316,0.7953745487547575
37-2021.00,Pest Control Workers,3260015.232680769,29849.27067692308,33.91962576923077,3.896153846153846,74.06076923076922,96110.0,880.0,37,Building and Grounds Cleaning and Maintenance Occupations,44730.0,21.51,42460.0,20.41,841293.4880538462,7703.030584615384,19.971283846153845,False,False,False,False,25.80642813015433,25.806428130154323,24802.558075891327,227.0965675453581,1109418422.7346191,9642520.257975906,0.00915617521589845,0.7359288335381299
37-3011.00,Landscaping and Groundskeeping Workers,24364777.8882,322563.4926,25.82574,3.5384615384615383,70.73038461538462,943430.0,12490.0,37,Building and Grounds Cleaning and Maintenance Occupations,38090.0,18.31,38940.0,18.72,0.0,0.0,11.987492692307692,False,False,False,False,0.0,0.0,0.0,0.0,0.0,0.0,,
37-3012.00,"Pesticide Handlers, Sprayers, and Applicators, Vegetation",688662.8764615385,6558.694061538461,27.327891923076923,4.029,84.85,25200.0,240.0,37,Building and Grounds Cleaning and Maintenance Occupations,45200.0,21.73,38180.0,18.36,0.0,0.0,5.419928461538461,False,False,False,False,0.0,0.0,0.0,0.0,0.0,0.0,,
37-3013.00,Tree Trimmers and Pruners,2117396.1872846154,19462.175107692306,44.23221615384615,3.813333333333333,69.73541666666667,47870.0,440.0,37,Building and Grounds Cleaning and Maintenance Occupations,50430.0,24.25,53900.0,25.91,0.0,0.0,5.020824999999999,False,False,False,False,0.0,0.0,0.0,0.0,0.0,0.0,,
39-1013.00,First-Line Supervisors of Gambling Services Workers,3090549.143965385,34016.62003346154,121.0555873076923,4.26,83.05892857142858,25530.0,281.0,39,Personal Care and Service Occupations,61590.0,29.61,61590.0,29.61,906211.5430342106,9974.361284473685,99.808084048583,True,True,True,True,29.322023395217055,29.322023395217055,7485.912572798914,82.39488574055993,461057355.35868514,5074701.012761086,0.01100665883274579,0.8846617069832843
39-1022.00,First-Line Supervisors of Personal Service Workers,1870216.2339538462,14848.531653846154,17.46886076923077,4.08,90.02764705882353,107060.0,850.0,39,Personal Care and Service Occupations,47080.0,22.64,43660.0,20.99,1629951.7728395062,10710.382621082621,15.34690623931624,True,False,True,False,87.1531186205996,72.13092089350367,93306.12879521392,740.8015082750966,4392852543.678672,32343393.851290718,0.006570981301136462,0.5281435195505605
39-2011.00,Animal Trainers,919591.1396423077,11889.2937,45.72805269230769,4.217333333333333,66.61999999999999,20110.0,260.0,39,Personal Care and Service Occupations,38750.0,18.63,35380.0,17.01,33834.88936923077,437.44759999999997,15.068709615384616,False,False,False,False,3.6793405145673206,3.6793405145673197,739.9153774794883,9.566285337875033,28671720.87733017,338455.1752540187,0.012928891098955743,1.0391613879204666
39-2021.00,Animal Caretakers,15583167.864615384,133184.66584615383,56.196061538461535,4.084090909090909,63.691818181818185,277300.0,2370.0,39,Personal Care and Service Occupations,33470.0,16.09,31550.0,15.17,2758178.3149999995,23573.3235,33.850185384615386,False,True,True,False,17.699727930563977,17.699727930563984,49081.34555145391,419.48355195436625,1642752635.6071622,13234706.064160256,0.00854670032455824,0.6869422059039222
39-3011.00,Gambling Dealers,11882998.472123077,130887.6910523077,143.2031630769231,4.567142857142857,80.55857142857143,82980.0,914.0,39,Personal Care and Service Occupations,33280.0,16.0,33280.0,16.0,8929517.2155,98355.97415000001,133.5629825721154,False,True,True,False,75.14531989925105,75.14531989925105,62355.58645239852,686.8282238791545,2075193917.1358228,22857643.290698264,0.01101470233791275,0.8853082048096692
39-3012.00,Gambling and Sports Book Writers and Runners,888152.7872307693,9816.425543076923,116.86220884615385,4.351111111111111,52.64555555555555,7600.0,84.0,39,Personal Care and Service Occupations,30460.0,14.65,30460.0,14.65,661175.4753846154,7307.728938461539,111.09467610256411,False,True,True,False,74.44388903469395,74.44388903469397,5657.73556663674,62.532866789142915,172334625.3597551,1904751.122397293,0.01105263157894737,0.8883567727382435
39-3021.00,Motion Picture Projectionists,38922.90675,419.16976500000004,19.960465,4.003529411764706,71.64647058823529,1950.0,21.0,39,Personal Care and Service Occupations,38180.0,18.35,38180.0,18.35,16075.88925,173.12496115384616,17.411633076923078,False,False,False,False,41.30187232226689,41.30187232226689,805.3865102842043,8.673393187676048,30749656.96265092,331150.1519054715,0.010769230769230769,0.8655783939500833
39-3031.00,"Ushers, Lobby Attendants, and Ticket Takers",10102084.0998,119486.10503076923,84.74191846153846,3.8317391304347823,64.79304347826087,119210.0,1410.0,39,Personal Care and Service Occupations,31150.0,14.98,25570.0,12.289999999999996,4085159.8977,48318.727084615384,74.86710961538462,False,False,False,False,40.438783298001624,40.438783298001624,48207.07356954774,570.186844501823,1501650341.6914122,14579677.613911614,0.01182786678969885,0.9506664086848555
39-3091.00,Amusement and Recreation Attendants,16974595.929876924,272258.64996923076,45.68098153846154,3.5011764705882356,59.572941176470586,371590.0,5960.0,39,Personal Care and Service Occupations,30490.0,14.66,27170.0,13.06,9129096.779399998,146423.2536,37.51507307692307,False,False,False,False,53.78093721413367,53.78093721413369,199844.58459399932,3205.343857962367,6093261384.271039,87089192.62083751,0.016039182970478218,1.2891515219011058
39-3092.00,Costume Attendants,138036.82485769232,2633.4529384615385,21.945441153846154,3.552380952380952,72.67333333333333,6290.0,120.0,39,Personal Care and Service Occupations,54810.0,26.35,39940.0,19.2,0.0,0.0,15.084448846153848,False,False,False,False,0.0,0.0,0.0,0.0,0.0,0.0,,
39-3093.00,"Locker Room, Coatroom, and Dressing Room Attendants",982317.0760615385,9849.435923076922,65.66290615384615,3.9460869565217394,60.09478260869565,14960.0,150.0,39,Personal Care and Service Occupations,34800.0,16.73,22880.0,11.0,93536.1053846154,937.8620192307692,40.305999615384614,False,False,False,False,9.521987112311555,9.521987112311555,1424.4892720018086,14.282980668467333,49572226.66566294,326794.5976945326,0.010026737967914437,0.805900433633815
39-4011.00,Embalmers,77291.56986923076,858.7952207692308,22.59987423076923,4.3769230769230765,90.8673076923077,3420.0,38.0,39,Personal Care and Service Occupations,56280.0,27.06,56280.0,27.06,5652.845653846154,62.80939615384615,4.846448846153846,False,False,False,False,7.313663913684476,7.313663913684475,250.12730584800906,2.779192287200101,14077164.77312595,156412.9419236217,0.01111111111111111,0.8930570731231018
39-4021.00,Funeral Attendants,649961.3284307692,4040.9899346153843,21.268368076923075,4.211666666666667,70.24208333333333,30560.0,190.0,39,Personal Care and Service Occupations,34610.0,16.64,38360.0,18.44,108206.50713846154,672.7498807692308,12.925967307692307,False,False,False,False,16.648145421160578,16.648145421160574,5087.673240706673,31.6314763002051,176084370.86085796,1213383.4308758676,0.006217277486910994,0.49971452717293985
39-4031.00,"Morticians, Undertakers, and Funeral Arrangers",332977.4141153846,4146.022276923077,12.956319615384615,4.278181818181818,93.95136363636362,25700.0,320.0,39,Personal Care and Service Occupations,49800.0,23.94,61190.0,29.42,42872.24576923077,533.8178461538462,6.206291196581197,False,True,True,False,12.875421560687151,12.875421560687151,3308.9833410965975,41.20134899419889,164787370.38661057,2521110.54495503,0.01245136186770428,1.0007799107371724
39-5011.00,Barbers,1280029.8488846153,20508.765534615384,70.71988115384616,3.928333333333333,80.11388888888888,18100.0,290.0,39,Personal Care and Service Occupations,38960.0,18.73,25290.0,12.16,213436.87773076925,3419.7068807692312,18.86536653846154,False,False,False,False,16.674367235791618,16.674367235791618,3018.060469678283,48.355664983795684,117583635.8986659,1222914.7674401929,0.016022099447513812,1.2877784314095557
39-5012.00,"Hairdressers, Hairstylists, and Cosmetologists",25339382.568076923,310460.1803846154,85.76248076923076,4.137272727272727,78.01863636363636,295460.0,3620.0,39,Personal Care and Service Occupations,35250.0,16.95,34960.0,16.81,7248111.877007692,88804.45743846154,28.418174999999998,False,False,False,False,28.604137679893643,28.604137679893643,84513.78518901375,1035.4697840121498,2979110927.912735,36200023.64906476,0.012252081500033846,0.9847627239677337
39-5091.00,"Makeup Artists, Theatrical and Performance",63831.61096923077,711.3763873076923,19.226388846153846,4.103809523809524,91.28428571428572,3320.0,37.0,39,Personal Care and Service Occupations,50280.0,24.17,50280.0,24.17,0.0,0.0,2.3097757692307694,False,False,False,False,0.0,0.0,0.0,0.0,0.0,0.0,,
39-5092.00,Manicurists and Pedicurists,18185338.716284614,110721.18011538462,123.02353346153846,4.147777777777778,91.40277777777777,147820.0,900.0,39,Personal Care and Service Occupations,34660.0,16.66,38390.0,18.46,2574303.0384,15673.608,17.41512,False,False,False,False,14.155925707860268,14.155925707860268,20925.28938135905,127.40333137074242,725270529.9579047,4891013.891322802,0.006088485996482209,0.4893628935392454
39-5093.00,Shampooers,118744.19501538461,1308.9911261538462,13.357052307692307,4.5600000000000005,79.1125,8890.0,98.0,39,Personal Care and Service Occupations,31470.0,15.13,31470.0,15.13,18528.052469230766,204.24624769230766,2.0841453846153843,False,False,False,False,15.603333255011123,15.603333255011123,1387.1363263704886,15.291266589910899,43653180.19087928,481216.159584496,0.011023622047244094,0.8860251276654396
39-5094.00,Skincare Specialists,4845245.917661538,55874.846146153846,68.98129153846153,4.049444444444444,88.45555555555556,70240.0,810.0,39,Personal Care and Service Occupations,41560.0,19.98,44960.0,21.62,335355.23378461535,3867.279888461538,10.716919615384615,False,False,False,False,6.9213253461955935,6.9213253461955935,4861.538923167785,56.06273530418431,202045557.64685312,2520580.5792761263,0.011531890660592256,0.9268772868831738
39-6011.00,Baggage Porters and Bellhops,1684373.2507538463,10790.34753846154,53.951737692307695,4.128823529411765,74.9535294117647,31220.0,200.0,39,Personal Care and Service Occupations,36020.0,17.32,32530.0,15.64,486232.4077692308,3114.8776923076925,27.748584230769232,False,False,False,False,28.8672601248931,28.8672601248931,9012.358610991627,57.7345202497862,324625157.1679184,1878103.9437255452,0.0064061499039077515,0.5148951734854527
39-6012.00,Concierges,1647653.192,13047.027538461538,37.27722153846154,3.886875,87.3775,44200.0,350.0,39,Personal Care and Service Occupations,37320.0,17.94,35350.0,16.99,1305479.7929999998,10337.509673076922,34.75213846153846,False,False,False,False,79.23268072059182,79.23268072059183,35020.844878501586,277.31438252207136,1306977930.8656793,9803063.422155222,0.007918552036199095,0.6364547014338848
39-7011.00,Tour Guides and Escorts,1563492.203975,17226.806573076923,63.802987307692305,3.9489473684210528,58.7321052631579,24505.0,270.0,39,Personal Care and Service Occupations,36660.0,17.63,36660.0,17.63,464480.50317499996,5117.720296153846,40.07434192307692,False,False,False,False,29.707887381472798,29.707887381472798,7279.917802829909,80.21129592997654,266881786.65174448,2940546.10879294,0.011018159559273618,0.8855860794487401
39-7012.00,Travel Guides,820294.3849749999,9038.13441923077,33.47457192307692,4.219411764705883,64.4835294117647,24505.0,270.0,39,Personal Care and Service Occupations,36660.0,17.63,36660.0,17.63,485568.6485,5350.0728461538465,26.48473423076923,False,False,False,False,59.19443767919961,59.194437679199595,14505.596953287864,159.82498173383894,531775184.3075331,5859183.830362535,0.011018159559273618,0.8855860794487401
39-9011.00,Childcare Workers,35321845.761876926,265501.2052153846,67.90312153846153,4.14375,78.65083333333332,520180.0,3910.0,39,Personal Care and Service Occupations,32050.0,15.410000000000002,30860.0,14.839999999999998,783107.8646000002,11773.578596153848,40.560723461538466,False,False,False,False,2.2170638246917806,4.434472749983442,11532.722603281703,86.68719554544863,369623759.4351786,2675166.854532545,0.015034427731315934,1.2083941823228825
39-9011.01,Nannies,26951677.198423076,202585.75463461538,51.81221346153846,4.379473684210526,97.89473684210526,520180.0,3910.0,39,Personal Care and Service Occupations,32050.0,15.410000000000002,30860.0,14.839999999999998,660678.0500792307,9931.304567307692,41.38664269230769,False,False,False,False,2.4513429914405718,4.902271921942311,12751.395972875565,95.84751096532636,408682240.93066186,2957854.1883899714,0.01503198807061427,1.2081980942607746
39-9031.00,Exercise Trainers and Group Fitness Instructors,16647981.83613846,308702.1202076923,54.831637692307694,3.6614285714285715,75.5104761904762,303620.0,5630.0,39,Personal Care and Service Occupations,46180.0,22.2,48730.0,23.43,1622035.431953846,30077.265930769227,35.81036384615385,False,True,True,False,9.743135521885463,9.743135521885462,29582.108071548646,548.5385298821516,1366101750.7441165,26730282.561157245,0.018542915486463342,1.4903893648358992
39-9032.00,Recreation Workers,6889752.598538462,132392.54605769232,22.250848076923077,3.9479166666666665,76.7625,309640.0,5950.0,39,Personal Care and Service Occupations,35380.0,17.01,31060.0,14.93,2393098.4714461537,45985.453769230764,16.58694576923077,False,False,False,False,34.7341713250169,34.7341713250169,107550.88809078233,2066.6831938385058,3805150420.651879,64191180.000623986,0.01921586358351634,1.544477660048511
39-9041.00,Residential Advisors,2862143.33405,38364.67939615385,34.56277423076923,3.826,74.77066666666666,82810.0,1110.0,39,Personal Care and Service Occupations,39180.0,18.84,39520.0,19.0,616015.1816,8257.177292307693,19.648890769230768,False,False,False,False,21.522862753638687,21.522862753638687,17823.082646288196,238.90377656538942,698308378.0815715,9441477.24986419,0.013404178239343076,1.077362656744329
41-1011.00,First-Line Supervisors of Retail Sales Workers,56869491.416738465,480741.2359692308,51.08833538461539,4.189047619047619,81.6252380952381,1113160.0,9410.0,41,Sales and Related Occupations,47320.0,22.75,46900.0,22.55,20568698.612076923,173875.68178846157,36.74664846153846,False,False,False,False,36.16824785955957,36.16824785955958,402610.4678734733,3403.432123584556,19051527339.77276,159620966.59611568,0.008453411908440837,0.6794441367170534
41-1012.00,First-Line Supervisors of Non-Retail Sales Workers,4413389.112338462,41310.660153846155,20.15154153846154,3.869444444444445,65.87777777777778,219010.0,2050.0,41,Sales and Related Occupations,84130.0,40.45,77110.0,37.07,1415289.6229153846,13247.539961538463,17.140439010989013,False,False,False,False,32.06809068701138,32.068090687011384,70232.32541362362,657.3958590837333,5908645537.048155,50691794.693946674,0.009360303182503082,0.7523356467339952
41-2011.00,Cashiers,335380479.4909423,2962783.4342884617,106.53662115384616,4.351071428571428,65.97714285714285,3148030.0,27810.0,41,Sales and Related Occupations,31190.0,14.99,30290.0,14.56,232988318.00802308,2058241.2250846156,99.58575307692308,False,False,False,False,69.46985058929629,69.46985058929629,2186931.737506224,19319.565448883295,68210400892.81912,585189637.4466751,0.008834096244317876,0.7100416922074478
41-2012.00,Gambling Change Persons and Booth Cashiers,1475125.7347846155,16278.177283076922,67.26519538461538,4.5976923076923075,72.30153846153846,21930.0,242.0,41,Sales and Related Occupations,34810.0,16.74,34810.0,16.74,763820.6989107693,8428.846745846153,60.22051369230769,False,True,True,False,51.78004022974323,51.78004022974322,11355.362822382689,125.30769735597862,395280179.8471414,4361960.944961616,0.011035111719106245,0.8869486116106318
41-2021.00,Counter and Rental Clerks,34984445.664684616,295764.3417038462,87.76389961538462,4.175625,80.68,398620.0,3370.0,41,Sales and Related Occupations,38540.0,18.53,37300.0,17.94,26966333.609553847,227977.88436153845,73.35700307692308,False,False,False,False,77.08092295649912,77.08092295649912,307259.9750891968,2597.6271036340204,11841799439.937645,96891490.96554896,0.008454166875721238,0.6795048173153299
41-2022.00,Parts Salespersons,23277127.263423078,281896.8479423077,87.81833269230769,4.196315789473684,91.28684210526316,265060.0,3210.0,41,Sales and Related Occupations,37440.0,18.0,37220.0,17.89,14220962.31743846,172222.47430384613,78.84878807692309,False,False,False,False,61.094146870025575,61.09414687002557,161936.1456936898,1961.122114527821,6062889294.771746,72992965.10272549,0.012110465554968685,0.9733803230410628
41-2031.00,Retail Salespersons,409196967.23596156,4261829.080507692,107.67632846153846,4.190833333333333,71.34708333333333,3800250.0,39580.0,41,Sales and Related Occupations,34580.0,16.62,34300.0,16.49,222900994.8051923,2321537.1026615384,75.75216692307693,False,False,False,False,54.472787594404984,54.47278759440499,2070102.1105563755,21560.32932986549,71584130983.03946,739519296.0143863,0.010415104269455957,0.8371154281637033
41-3011.00,Advertising Sales Agents,3465029.6338846153,29861.75123076923,35.54970384615385,4.1615,91.8895,97470.0,840.0,41,Sales and Related Occupations,61460.0,29.55,70790.0,34.04,1514226.740676923,13049.661046153846,35.54970384615385,False,False,False,False,43.70025369680132,43.70025369680132,42594.63727827225,367.0821310531311,2617866407.1226125,25985744.05725115,0.008618036318867345,0.6926758461896636
41-3021.00,Insurance Sales Agents,10178141.677676924,102544.53892692308,21.679606538461538,3.9499999999999997,74.94684210526316,469480.0,4730.0,41,Sales and Related Occupations,60370.0,29.02,52440.0,25.21,3362505.141769231,33877.16051923077,20.996303076923077,False,False,False,False,33.036533075030796,33.036533075030796,155099.91548065457,1562.6280144489565,9363381897.567116,81944213.07770328,0.01007497656982193,0.8097776178506102
41-3031.00,"Securities, Commodities, and Financial Services Sales Agents",45601353.559346154,306068.7926807692,96.55166961538461,4.191923076923077,81.99923076923076,472300.0,3170.0,41,Sales and Related Occupations,78140.0,37.57,63480.0,30.52,40801176.98659172,273850.7962047337,111.4057726331361,False,False,False,False,89.47360944778224,89.47360944778222,422583.8574218755,2836.313419494697,33020702618.945354,180049175.86952338,0.006711835697649798,0.5394647109083653
41-3041.00,Travel Agents,1348756.20425,10489.05923846154,22.80230269230769,4.445,96.6725,59150.0,460.0,41,Sales and Related Occupations,48450.0,23.29,41040.0,19.73,889110.6315,6914.469830769231,22.80230269230769,False,False,False,False,65.92078158368183,65.92078158368182,38992.1423067478,303.23559528493644,1889169294.761931,12444788.830493791,0.007776838546069315,0.6250644603093224
41-4011.00,"Sales Representatives, Wholesale and Manufacturing, Technical and Scientific Products",15070293.268099999,183039.9992076923,51.27170846153846,3.758787878787879,71.42272727272727,293930.0,3570.0,41,Sales and Related Occupations,100070.0,48.11,84340.0,40.55,3000789.9456001115,102537.59301848634,47.759247543424316,False,False,False,False,19.911954546710948,56.019227197514745,58527.2079991475,710.8567773175808,5856817704.47469,59953660.598964766,0.03417020013974367,2.7464345032347084
41-4011.07,Solar Sales Representatives and Assessors,7614757.57455,92486.93410384616,25.90670423076923,4.323846153846154,91.00923076923078,293930.0,3570.0,41,Sales and Related Occupations,100070.0,48.11,84340.0,40.55,601578.7185446154,50546.88441923077,25.906704230769233,False,False,False,False,7.90016901595408,54.65300034973127,23220.96678859383,282.03603386956064,2323722146.5345845,23786919.096558746,0.0840237243456976,6.753418320336392
41-4012.00,"Sales Representatives, Wholesale and Manufacturing, Except Technical and Scientific Products",63420590.30246154,697353.1589230769,50.061246153846156,4.122222222222223,73.40388888888889,1266860.0,13930.0,41,Sales and Related Occupations,66780.0,32.11,61080.0,29.37,44017433.68152308,484002.06114615384,50.061246153846156,False,False,False,False,69.40558810884268,69.40558810884268,879271.6335156843,9668.198423561786,58717759686.1774,590533559.7111539,0.010995690131506244,0.8837800961230388
41-9011.00,Demonstrators and Product Promoters,4006248.654023077,37730.61106923077,61.85346076923077,4.055238095238095,71.55904761904762,64770.0,610.0,41,Sales and Related Occupations,37960.0,18.25,37300.0,17.93,1482577.901273077,13962.830319230769,49.721325769230766,False,False,False,False,37.006637113856414,37.006637113856414,23969.1988586448,225.7404863945241,909870788.6741565,8420120.142515749,0.00941794040450826,0.7569682463248154
41-9012.00,Models,84659.7663076923,632.9702153846154,15.824255384615384,3.6149999999999998,48.544,5350.0,40.0,41,Sales and Related Occupations,89990.0,43.26,89990.0,43.26,5299.376653846154,39.621507692307695,4.284176153846154,False,False,False,False,6.259616444706209,6.259616444706209,334.8894797917822,2.503846577882484,30136704.286462482,225321.15354364473,0.007476635514018692,0.6009356006061994
41-9021.00,Real Estate Brokers,920140.2375230769,7421.982153846154,18.554955384615386,3.927058823529412,81.55588235294118,49590.0,400.0,41,Sales and Related Occupations,72280.0,34.75,81230.0,39.05,515747.4057,4160.092000000001,13.88573923076923,False,False,False,False,56.050956655078906,56.05095665507892,27795.669405253626,224.20382662031562,2009070984.611732,18212076.836368237,0.008066142367412786,0.6483172944632319
41-9022.00,Real Estate Sales Agents,7431746.105153846,199245.6589576923,38.99132269230769,3.8621212121212123,82.49636363636364,190600.0,5110.0,41,Sales and Related Occupations,56320.0,27.08,55380.0,26.63,3239406.7374615385,86848.73257307692,37.88484730769231,False,False,False,False,43.58877027856267,43.58877027856267,83080.19615094045,2227.3861612345527,4679076647.220966,123352645.60916953,0.02681007345225603,2.1548633154738432
41-9031.00,Sales Engineers,1047134.2031307692,7757.9178923076925,18.471233076923077,3.8244,75.5672,56690.0,420.0,41,Sales and Related Occupations,121520.0,58.42,110400.0,53.08,399868.80203846155,2962.513615384615,18.261494615384613,False,False,False,False,38.186967901813894,38.18696790181389,21648.192103538295,160.38526518761836,2630688304.4219737,17706533.276713066,0.007408714058916916,0.5954764043756086
41-9041.00,Telemarketers,5437613.98075,71213.67098076922,81.85479423076923,4.3275,76.20833333333333,66430.0,870.0,41,Sales and Related Occupations,34410.0,16.54,32090.0,15.43,5220126.120999999,68365.34284615384,81.85479423076923,False,False,False,False,96.00030711043591,96.00030711043593,63773.00401346258,835.2026718607925,2194429068.1032476,26801653.740012832,0.013096492548547344,1.0526323773225783
41-9091.00,"Door-to-Door Sales Workers, News and Street Vendors, and Related Workers",76230.61584230768,8968.307746153845,16.607977307692305,3.9958333333333336,87.84750000000001,4590.0,540.0,41,Sales and Related Occupations,34530.0,16.6,33230.0,15.98,48528.98605384615,5709.292476923077,16.281231153846154,False,True,True,False,63.66075561324897,63.66075561324897,2922.028682648128,343.76808031154445,100897650.41183986,11423413.308752622,0.11764705882352941,9.45589842130343
43-1011.00,First-Line Supervisors of Office and Administrative Support Workers,38738608.64703077,486181.7383923077,25.902063846153847,3.7764285714285717,75.82392857142858,1495580.0,18770.0,43,Office and Administrative Support Occupations,66140.0,31.8,63970.0,30.76,18742331.302476924,235222.16033076923,16.183123846153848,False,False,False,False,48.381529324526944,48.381529324526944,723584.4762717601,9081.213054213707,47857877260.61421,580925199.0780509,0.012550314927987803,1.0087332764725765
43-2011.00,"Switchboard Operators, Including Answering Service",3402863.648203846,10476.210503846154,95.2382773076923,4.269473684210527,70.56368421052632,35730.0,110.0,43,Office and Administrative Support Occupations,38370.0,18.45,41290.0,19.85,2604337.052676923,8017.830276923077,94.55295615384615,False,False,False,False,76.53368814973194,76.53368814973194,27345.486775899222,84.18705696470514,1049246327.5912532,3476083.582072675,0.0030786453960257487,0.24744654419028012
43-2021.00,Telephone Operators,262013.29296153848,2918.6290861538464,66.33247923076924,4.097857142857143,60.71357142857143,3950.0,44.0,43,Office and Administrative Support Occupations,39130.0,18.81,39130.0,18.81,212225.9828461539,2364.0362646153844,66.33247923076924,False,False,False,False,80.9981739656648,80.99817396566476,3199.42787164376,35.63919654489251,125193612.61742033,1394561.760801644,0.01113924050632911,0.8953179771056917
43-3011.00,Bill and Account Collectors,9111713.600892307,174481.97175384616,55.21581384615385,4.1546666666666665,86.72866666666667,165020.0,3160.0,43,Office and Administrative Support Occupations,46040.0,22.14,44640.0,21.46,5052272.439746154,96746.94527692308,45.23401307692308,False,False,False,False,55.44810406739942,55.44810406739943,91500.46133202253,1752.1600885298217,4212681239.7263174,78216426.35197124,0.019149194037086415,1.5391190861484074
43-3021.00,Billing and Posting Clerks,22336201.9875,232189.5009,53.499885,4.180434782608696,65.63956521739131,417500.0,4340.0,43,Office and Administrative Support Occupations,47170.0,22.68,44780.0,21.53,23130668.991548583,240448.15191214575,62.00418218623482,False,False,False,False,103.55685807503528,103.55685807503528,432349.8824632723,4494.367640456531,20393943955.792557,201257782.93964347,0.010395209580838324,0.835516389848823
43-3031.00,"Bookkeeping, Accounting, and Auditing Clerks",88562468.39933461,850480.0265307692,60.83548115384615,4.2942857142857145,64.5425,1455770.0,13980.0,43,Office and Administrative Support Occupations,49210.0,23.66,48210.0,23.18,80109808.65187308,769307.7374538463,58.55404153846153,False,False,False,False,90.45570894732985,90.45570894732985,1316827.0741425438,12645.708110836715,64801060318.55458,609649588.023438,0.009603165335183444,0.7718557254260542
43-3041.00,Gambling Cage Workers,1318084.4585307692,14558.531083846154,97.70826230769231,4.635882352941176,80.79823529411765,13490.0,149.0,43,Office and Administrative Support Occupations,36990.0,17.78,36990.0,17.78,741478.4897772189,8189.792066479289,86.18162704142011,False,True,True,False,56.25424721293836,56.25424721293836,7588.697949025384,83.81882834727816,280705937.13444895,3100458.460565819,0.011045218680504076,0.8877609600134021
43-3051.00,Payroll and Timekeeping Clerks,2923872.9813076924,28502.87136923077,18.629327692307694,4.3376190476190475,75.65190476190476,156950.0,1530.0,43,Office and Administrative Support Occupations,55290.0,26.58,54790.0,26.34,2119223.954826923,20658.889142307693,16.52492,False,False,False,False,72.48002797574016,72.48002797574016,113757.40390792418,1108.9444280288244,6289646862.069128,60759065.21169929,0.009748327492832113,0.7835231536734701
43-3061.00,Procurement Clerks,2010692.7201153846,20140.494692307693,33.567491153846156,4.123684210526316,83.48526315789474,59900.0,600.0,43,Office and Administrative Support Occupations,48510.0,23.32,49000.0,23.56,1205933.7550000001,12079.470000000001,27.844805,False,False,False,False,59.976034275928406,59.97603427592839,35925.64453128111,359.8562056555704,1742753016.2124467,17632954.07712295,0.01001669449081803,0.8050931877904424
43-3071.00,Tellers,37789590.99916923,474402.2445230769,111.36202923076924,4.275714285714286,76.36857142857143,339340.0,4260.0,43,Office and Administrative Support Occupations,39340.0,18.91,38000.0,18.27,28765337.047323078,361113.7379076923,105.31896615384616,False,False,False,False,76.11973637914065,76.11973637914065,258304.71342897587,3242.7007697513914,10161707426.29591,123222629.25055288,0.012553780868745212,1.0090118519343352
43-4011.00,Brokerage Clerks,1266729.9131115384,10111.089353846155,31.59715423076923,3.9850000000000003,62.011,40090.0,320.0,43,Office and Administrative Support Occupations,62940.0,30.26,59140.0,28.43,989744.9575884615,7900.184246153846,31.59715423076923,False,False,False,False,78.13385847637375,78.13385847637373,31323.863863178234,250.028347124396,1971523991.548438,14786676.448936779,0.007982040409079572,0.6415575880754636
43-4021.00,Correspondence Clerks,172550.59425384615,2480.7593423076924,27.563992692307693,3.725882352941176,65.38882352941175,6260.0,90.0,43,Office and Administrative Support Occupations,46740.0,22.47,45900.0,22.07,102263.8006076923,1470.2463346153845,24.22993846153846,False,False,False,False,59.2659799578829,59.2659799578829,3710.0503453634697,53.33938196209461,173407753.14228857,2448277.6320601427,0.01437699680511182,1.1555530818366013
43-4031.00,"Court, Municipal, and License Clerks",13927584.067615384,108956.45438461538,81.92214615384616,4.368888888888889,81.09629629629629,170010.0,1330.0,43,Office and Administrative Support Occupations,47700.0,22.93,47330.0,22.760000000000005,11680074.295857692,91374.02984230769,89.01225423076923,False,False,False,False,83.86288848915561,83.86288848915561,142575.29672041346,1115.3764169057695,6800841653.563723,52790765.81215007,0.007823069231221693,0.6287802579426816
43-4041.00,"Credit Authorizers, Checkers, and Clerks",273809.2592,4120.875138461538,22.893750769230767,3.9545454545454546,61.89545454545455,11960.0,180.0,43,Office and Administrative Support Occupations,49130.0,23.62,49800.0,23.94,240120.4073090909,3613.8522839160837,31.21875104895105,False,False,False,False,87.6962335060037,87.69623350600371,10488.469527318042,157.85322031080665,515298507.8771354,7861090.371478171,0.015050167224080268,1.2096592462035327
43-4051.00,Customer Service Representatives,142807148.95564616,2554982.943276923,52.388413846153846,4.053846153846154,67.59538461538462,2725930.0,48770.0,43,Office and Administrative Support Occupations,42830.0,20.59,40150.0,19.3,122215751.57081923,2186579.3340653847,49.372125,False,False,False,False,85.5809757876881,85.5809757876881,2332877.4932893263,41737.84189165549,99917143037.58185,1675774351.9499679,0.01789114173878273,1.438002960846108
43-4061.00,"Eligibility Interviewers, Government Programs",6132944.1059,82029.01050384615,39.248330384615386,4.205294117647059,69.24352941176471,156260.0,2090.0,43,Office and Administrative Support Occupations,51500.0,24.76,49000.0,23.56,2877170.8459,38482.574349999995,34.75226730769231,False,False,False,False,46.91337139583762,46.91337139583762,73306.83414313587,980.4894621730064,3775301958.371497,48043983.64647731,0.013375143990784587,1.0750290250509116
43-4071.00,File Clerks,3278874.6576384613,24078.846561538463,41.51525269230769,3.9157894736842107,80.73947368421052,78980.0,580.0,43,Office and Administrative Support Occupations,41270.0,19.84,38670.0,18.59,2001410.7035153846,14697.622284615385,38.11964384615385,False,False,False,False,61.03956120594306,61.03956120594306,48209.04544045383,354.0294549944697,1989587305.3275297,13690319.024636142,0.0073436312990630545,0.5902453686632808
43-4081.00,"Hotel, Motel, and Resort Desk Clerks",24055810.4496,325737.55495384615,92.01625846153847,4.441,89.80449999999999,261430.0,3540.0,43,Office and Administrative Support Occupations,34270.0,16.48,34270.0,16.48,11570744.7959,156678.40943076924,82.46385884615385,False,False,False,False,48.099584173820254,48.09958417382026,125746.74290561829,1702.725279753237,4309340879.375539,58352395.33714343,0.01354090961251578,1.0883524595380036
43-4111.00,"Interviewers, Except Eligibility and Loan",9244608.877726924,42312.11233846154,58.76682269230769,4.06125,76.28812500000001,157310.0,720.0,43,Office and Administrative Support Occupations,43830.0,21.07,41030.0,19.73,3547832.6382846152,16238.252492307693,57.40889307692308,False,False,False,False,38.37731466208834,38.377314662088345,60371.35369493117,276.316665567036,2646076432.448833,11337272.788215488,0.004576949971394063,0.36787297907556415
43-4121.00,"Library Assistants, Clerical",5747966.704696153,59583.01941923077,71.78677038461538,3.8578125,77.878125,80070.0,830.0,43,Office and Administrative Support Occupations,36010.0,17.31,33450.0,16.08,3312949.465753846,34341.80163076923,63.17367846153846,False,False,False,False,57.636893808851205,57.636893808851205,46149.860872747166,478.386218613465,1661856490.0276253,16002019.012620404,0.010365929811415013,0.8331630243823619
43-4131.00,Loan Interviewers and Clerks,5640092.733115384,86018.74532307693,32.582858076923074,4.349444444444444,79.50555555555555,173100.0,2640.0,43,Office and Administrative Support Occupations,48950.0,23.53,47120.0,22.66,3658723.9556538463,55800.296030769234,30.37234576923077,False,False,False,False,64.86992552749923,64.86992552749923,112289.84108810118,1712.5660339259798,5496587721.262553,80696111.51859216,0.015251299826689775,1.2258253066091798
43-4141.00,New Accounts Clerks,1391566.0566076923,5488.690730769231,36.59127153846154,4.082666666666666,77.24933333333334,38030.0,150.0,43,Office and Administrative Support Occupations,46610.0,22.41,38480.0,18.5,1083400.6000076924,4273.207730769231,33.79868846153846,False,False,False,False,77.85477339457142,77.85477339457142,29608.170321955513,116.78216009185714,1380036818.7063465,4493777.520334663,0.003944254535892716,0.31701999703291805
43-4151.00,Order Clerks,4634810.226884616,46670.34992307692,55.55994038461539,4.126315789473685,68.35157894736842,83420.0,840.0,43,Office and Administrative Support Occupations,44660.0,21.47,41960.0,20.17,2911747.539315385,29319.92247692308,46.74460461538462,False,False,False,False,62.82344684633564,62.82344684633564,52407.31935921319,527.7169535092194,2340510882.582461,22143003.369246844,0.01006952769120115,0.8093396634872512
43-4161.00,"Human Resources Assistants, Except Payroll and Timekeeping",2650453.128946154,16318.408765384616,28.62878730769231,3.7263157894736842,68.50631578947369,92580.0,570.0,43,Office and Administrative Support Occupations,49440.0,23.77,47120.0,22.65,1941443.584453846,11953.152334615384,27.757440384615386,False,False,False,False,73.24949697283584,73.24949697283584,67814.38429745143,417.5221327451643,3352743159.6659985,19673642.89495214,0.006156837329876864,0.4948566412963397
43-4171.00,Receptionists and Information Clerks,74812123.07148461,937740.2133,77.56329307692307,3.9883333333333337,69.14777777777778,964530.0,12090.0,43,Office and Administrative Support Occupations,37230.0,17.9,36090.0,17.35,61048211.71243846,765215.0576999999,74.57219923076923,False,False,False,False,81.60203080202064,81.60203080202064,787076.0676947295,9865.685523964295,29302842000.27478,356052590.55987144,0.012534602345183663,1.0074703754836523
43-4181.00,Reservation and Transportation Ticket Agents and Travel Clerks,16674512.812615385,461872.4908076923,130.84206538461538,4.259047619047619,71.39571428571428,127440.0,3530.0,43,Office and Administrative Support Occupations,41460.0,19.94,37540.0,18.05,11133898.72836923,308401.3065846154,127.97751500000001,False,False,False,False,66.77195821844755,66.77195821844757,85094.18355358957,2357.0501251111987,3528004850.1318235,88483661.69667439,0.027699309478970497,2.2263357825738344
43-5011.00,Cargo and Freight Agents,3079296.4947692305,20780.52849230769,31.48564923076923,3.171666666666667,62.88625,97800.0,660.0,43,Office and Administrative Support Occupations,49900.0,23.99,55220.0,26.55,366546.0130384615,4953.081987692307,27.485135384615383,False,False,False,False,11.90356348150006,23.835207028184026,11641.685084907058,78.5635189779004,580920085.7368622,4338277.51795966,0.013512851897184822,1.0860973168361248
43-5011.01,Freight Forwarders,12434049.117461538,83910.76091538461,127.13751653846154,4.2945161290322575,77.40709677419355,97800.0,660.0,43,Office and Administrative Support Occupations,49900.0,23.99,55220.0,26.55,1964182.5119134614,26488.009993846154,110.93625384615385,False,False,False,False,15.796805154606444,31.5668809398077,15449.275441205104,104.25891402040253,770918844.5161346,5757177.232206628,0.013485513608428448,1.0838999981434383
43-5021.00,Couriers and Messengers,3492582.4700307692,50504.5296,48.562047692307694,4.294666666666667,79.57400000000001,71920.0,1040.0,43,Office and Administrative Support Occupations,38340.0,18.43,41600.0,20.0,747185.7870153845,10804.6888,34.30886076923077,False,False,False,False,21.39350447489367,21.393504474893675,15386.208418343529,222.49244653889417,589907230.7592909,9255685.776017997,0.01446051167964405,1.162265601283681
43-5031.00,Public Safety Telecommunicators,11248012.799999999,93418.33846153846,111.21230769230769,4.562777777777778,88.74,101140.0,840.0,43,Office and Administrative Support Occupations,50730.0,24.39,51760.0,24.88,7513331.163999999,62400.61476923077,109.79448384615384,False,True,True,False,66.79696491810535,66.79696491810536,67558.45031817174,561.0945053120848,3427240184.6408525,29042251.59495351,0.008305319359303936,0.6675411778535347
43-5032.00,"Dispatchers, Except Police, Fire, and Ambulance",13565174.905384615,135651.74905384614,64.28992846153847,4.355833333333334,79.05916666666667,211000.0,2110.0,43,Office and Administrative Support Occupations,48880.0,23.5,49660.0,23.87,10616507.768076923,106165.07768076923,64.28992846153847,False,False,False,False,78.2629626387107,78.26296263871072,165134.8511676796,1651.3485116767959,8071791525.076179,82005967.08986968,0.01,0.8037513658107917
43-5041.00,"Meter Readers, Utilities",451446.1938,4831.9929,23.00949,4.058333333333334,83.40583333333333,19620.0,210.0,43,Office and Administrative Support Occupations,49180.0,23.64,53650.0,25.790000000000003,192830.3102769231,2063.9329846153846,21.455852307692307,False,False,False,False,42.713907642856526,42.713907642856526,8380.46867952845,89.69920604999871,412151449.6592092,4812362.404582431,0.010703363914373088,0.8602843364947311
43-5051.00,Postal Service Clerks,6591046.388653846,54038.81230769231,84.43564423076923,4.278421052631579,63.823684210526324,78060.0,640.0,43,Office and Administrative Support Occupations,61630.0,29.630000000000003,59550.0,28.630000000000003,2847405.6684923074,23345.370584615383,69.77965307692308,False,False,False,False,43.20111710022209,43.20111710022209,33722.79200843337,276.48714944142137,2078335671.4797485,16464809.749236641,0.008198821419420958,0.6589813913898369
43-5052.00,Postal Service Mail Carriers,11173709.337461539,80800.24309615385,33.25112884615385,4.247142857142857,87.46285714285715,336040.0,2430.0,43,Office and Administrative Support Occupations,57490.0,27.640000000000004,58390.0,28.07,3684558.0133384615,26644.078003846153,29.47215153846154,False,False,False,False,32.975244854324494,32.975244854324494,110810.01280847203,801.2984499600852,6370467636.359057,46787816.493169375,0.007231281990239257,0.5812152776217783
43-5053.00,"Postal Service Mail Sorters, Processors, and Processing Machine Operators",6161782.61895,48444.28396923077,55.050322692307695,4.217142857142857,48.58571428571429,111930.0,880.0,43,Office and Administrative Support Occupations,56530.0,27.18,55410.0,26.640000000000004,3476739.91245,27334.326123076924,43.88603576923077,False,False,False,False,56.424254594078086,56.424254594078086,63155.668167151605,496.5334404278872,3570189921.4890804,27512917.93410923,0.007862056642544447,0.6319138764526907
43-5061.00,"Production, Planning, and Expediting Clerks",8126480.936538462,105327.63603461538,21.107742692307692,3.7570588235294116,65.12235294117647,385000.0,4990.0,43,Office and Administrative Support Occupations,57770.0,27.78,53110.0,25.53,3144286.115384615,40753.214846153845,18.43705153846154,False,False,False,False,38.69185370566991,38.69185370566991,148963.63676682915,1930.7234999129284,8605629296.01972,102540725.08037563,0.012961038961038963,1.041745276726195
43-5071.00,"Shipping, Receiving, and Inventory Clerks",21930113.678,388673.12,25.5706,3.919090909090909,74.1509090909091,857630.0,15200.0,43,Office and Administrative Support Occupations,43190.0,20.77,38110.0,18.32,11094584.368042307,196632.21015384616,20.193144615384615,False,True,True,False,50.59063774563215,50.59063774563215,433880.486497865,7689.776937336087,18739298211.84279,293057399.0818783,0.0177232606135513,1.4245094924762467
43-5111.00,"Weighers, Measurers, Checkers, and Samplers, Recordkeeping",3261974.5708,15745.6536,65.60688999999999,4.027222222222222,62.29555555555555,49720.0,240.0,43,Office and Administrative Support Occupations,45650.0,21.95,46530.0,22.37,1082956.9995538462,5227.467415384615,44.461964615384616,False,False,False,False,33.199431082267786,33.19943108226778,16506.757134103544,79.67863459744268,753533463.1718267,3707446.867819008,0.004827031375703942,0.3879733061033588
43-6011.00,Executive Secretaries and Executive Administrative Assistants,19341519.47235,284740.9428,40.911055,3.8595454545454544,74.64999999999999,472770.0,6960.0,43,Office and Administrative Support Occupations,74260.0,35.7,55900.0,26.88,15321183.583223078,225554.57778461537,35.58472807692308,False,False,False,False,79.21396043948738,79.21396043948737,374499.8407697645,5513.291646588321,27810358175.562714,308193003.04428715,0.014721746303699471,1.1832623698718423
43-6012.00,Legal Secretaries and Administrative Assistants,6852306.631361539,47000.42079230769,44.34001961538462,3.9692857142857143,74.58714285714287,154540.0,1060.0,43,Office and Administrative Support Occupations,54140.0,26.03,46050.0,22.140000000000004,6519806.688746154,44719.78186923077,44.34001961538462,False,True,True,False,95.14762020290213,95.14762020290213,147041.13226156496,1008.5647741507626,7960806900.641127,46444407.84964262,0.006859065614080497,0.5512983355503036
43-6013.00,Medical Secretaries and Administrative Assistants,70196644.32447693,435159.03301923076,84.49689961538462,4.354,75.61466666666666,830760.0,5150.0,43,Office and Administrative Support Occupations,44640.0,21.46,40470.0,19.46,58099849.231846154,360169.2709615384,82.81424076923076,False,True,True,False,82.76727440600358,82.76727440600358,687597.4088553153,4262.514631909185,30694348331.301273,172503967.1533647,0.006199142953440223,0.49825696156839244
43-6014.00,"Secretaries and Administrative Assistants, Except Legal, Medical, and Executive",106276655.47245385,911823.3954576923,61.155157307692306,3.7761290322580647,72.94709677419355,1737820.0,14910.0,43,Office and Administrative Support Occupations,46290.0,22.26,45150.0,21.71,88347213.62131539,757993.8975807691,57.50506576923077,False,False,False,False,83.12946359533713,83.12946359533711,1444640.4442524877,12394.603022064766,66872406164.447655,559616326.4462242,0.008579714815113186,0.6895957500914307
43-9021.00,Data Entry Keyers,6299847.295846154,113162.54382692308,46.56894807692308,4.275555555555555,75.48333333333333,135280.0,2430.0,43,Office and Administrative Support Occupations,39850.0,19.16,41600.0,20.0,4322226.854246154,77639.05422692308,46.56894807692308,False,False,False,False,68.60843844732622,68.60843844732622,92813.49553154291,1667.1850542700274,3698617796.931985,69354898.25763313,0.01796274393849793,1.443757997427723
43-9022.00,Word Processors and Typists,1939683.0043153847,2153.408830769231,53.83522076923077,3.91421052631579,84.50421052631579,36030.0,40.0,43,Office and Administrative Support Occupations,47850.0,23.01,39520.0,19.0,1939683.0043153847,2153.408830769231,53.83522076923077,False,False,False,False,100.0,100.0,36030.0,40.0,1724035500.0,1580800.0,0.0011101859561476548,0.08923134785576373
43-9031.00,Desktop Publishers,272076.3538461538,2992.839892307692,68.01908846153846,4.098888888888889,74.3138888888889,4000.0,44.0,43,Office and Administrative Support Occupations,53620.0,25.78,53620.0,25.78,203828.4723076923,2242.113195384615,64.94928884615385,False,False,False,False,74.91590850373846,74.91590850373846,2996.6363401495387,32.96299974164493,160679640.55881825,1767476.046147001,0.011,0.8841265023918708
43-9041.00,Insurance Claims and Policy Processing Clerks,19259989.83368077,163954.16325,84.07905807692308,4.281428571428571,74.64666666666666,229070.0,1950.0,43,Office and Administrative Support Occupations,48450.0,23.29,43480.0,20.91,18903767.708425824,160921.75767857142,100.09411675824175,False,False,False,False,98.15045527889113,98.15045527889113,224833.24790735592,1913.933877938377,10893170861.111395,83217845.01276064,0.00851268171301349,0.6842079553547142
43-9051.00,"Mail Clerks and Mail Machine Operators, Except Postal Service",5204385.595419231,65542.23848846155,82.96485884615385,3.981923076923077,55.45730769230769,62730.0,790.0,43,Office and Administrative Support Occupations,38150.0,18.34,41170.0,19.79,1734161.102723077,21839.427246153846,62.22324346153846,False,False,False,False,33.32114945997549,33.32114945997548,20902.357056242625,263.23708073380635,797424921.6956562,10837470.613810807,0.012593655348318189,1.0122167686761125
43-9061.00,"Office Clerks, General",125023837.32138462,1840087.147846154,49.79938153846154,3.7920000000000003,71.62,2510550.0,36950.0,43,Office and Administrative Support Occupations,43630.0,20.97,41530.0,19.97,106335822.61211538,1565038.9936538462,46.39572961538462,False,False,False,False,85.05243871116348,85.05243871116348,2135284.000063115,31426.876103774906,93162440922.7537,1305158164.5897717,0.014717890502081218,1.1829524592901457
43-9071.00,"Office Machine Operators, Except Computer",1608114.1303461539,11050.097096153846,65.00057115384615,3.993333333333333,81.65277777777777,24740.0,170.0,43,Office and Administrative Support Occupations,39020.0,18.76,38270.0,18.4,754204.8280846154,5182.490734615385,48.2178826923077,False,False,False,False,46.89995652996777,46.899956529967774,11603.049245514025,79.7299261009452,452750981.55995727,3051264.271883173,0.006871463217461601,0.5522947946153379
43-9081.00,Proofreaders and Copy Markers,232392.726,2567.12895,45.03735,4.180909090909091,80.63909090909091,5160.0,57.0,43,Office and Administrative Support Occupations,49210.0,23.66,49210.0,23.66,126376.8465230769,1396.0233046153844,43.83343153846154,False,False,False,False,54.38072382828235,54.38072382828235,2806.0453495393695,30.997012582120938,138085491.65083238,1525362.9891661713,0.011046511627906977,0.8878648808375025
43-9111.00,Statistical Assistants,112455.41826923077,953.0120192307693,19.060240384615383,4.1850000000000005,74.61142857142856,5900.0,50.0,43,Office and Administrative Support Occupations,51440.0,24.73,51430.0,24.73,84379.04061538461,715.0766153846154,19.060240384615383,False,False,False,False,75.03332601846877,75.03332601846877,4426.966235089658,37.516663009234385,227723143.133012,1929481.9785649243,0.00847457627118644,0.6811452252633827
45-1011.00,"First-Line Supervisors of Farming, Fishing, and Forestry Workers",988615.6641423077,4352.18545,33.478349615384616,3.924074074074074,88.49851851851852,29530.0,130.0,45,"Farming, Fishing, and Forestry Occupations",59330.0,28.53,57190.0,27.5,187508.81107641026,825.4705533333333,23.222880461538463,False,False,False,False,18.966805592655373,18.966805592655373,5600.897691511131,24.656847270451987,332301260.03735536,1410125.0953971492,0.0044023027429732475,0.3538356842377342
45-2011.00,Agricultural Inspectors,670705.7886,6102.368630769231,55.476078461538464,4.264375,48.215625,12090.0,110.0,45,"Farming, Fishing, and Forestry Occupations",50990.0,24.51,51330.0,24.68,42779.442,389.2256923076923,50.247975000000004,False,False,False,False,6.378272370258771,6.378272370258771,771.1331295642855,7.016099607284648,39320078.27648292,360136.39284192096,0.009098428453267162,0.7312874296045251
45-2021.00,Animal Breeders,29110.52701923077,319.7109903846154,16.82689423076923,3.9780952380952384,60.857619047619046,1730.0,19.0,45,"Farming, Fishing, and Forestry Occupations",52000.0,25.0,52000.0,25.0,1933.0614115384615,21.23015423076923,8.40672,False,False,False,False,6.6404205264351885,6.6404205264351885,114.87927510732875,1.2616799000226857,5973722.305581095,65607.35480117965,0.010982658959537572,0.8827327138962452
45-2041.00,"Graders and Sorters, Agricultural Products",856949.0463653846,3508.1650576923075,31.892409615384615,4.434,79.6,26870.0,110.0,45,"Farming, Fishing, and Forestry Occupations",35430.0,17.03,42660.0,20.51,0.0,0.0,10.685899615384615,False,False,False,False,0.0,0.0,0.0,0.0,0.0,0.0,,
45-2091.00,Agricultural Equipment Operators,1243667.4411,2411.7662076923075,40.19610346153846,4.152352941176471,64.75470588235294,30940.0,60.0,45,"Farming, Fishing, and Forestry Occupations",42580.0,20.47,42060.0,20.22,0.0,0.0,13.074253461538461,False,False,False,False,0.0,0.0,0.0,0.0,0.0,0.0,,
45-2092.00,"Farmworkers and Laborers, Crop, Nursery, and Greenhouse",9849089.54535,29356.4517,37.63647653846154,3.6076923076923078,60.689230769230775,261690.0,780.0,45,"Farming, Fishing, and Forestry Occupations",35690.0,17.16,33200.0,15.96,89699.4813,267.36060000000003,9.670256923076924,False,False,False,False,0.9107388138464977,0.9107388138464977,2383.3124019549,7.103762748002683,85060419.62577038,235844.92323368907,0.002980625931445604,0.23956821633704672
45-2093.00,"Farmworkers, Farm, Ranch, and Aquacultural Animals",458327.0076,2329.1603999999998,12.939779999999999,4.072631578947369,69.9042105263158,35420.0,180.0,45,"Farming, Fishing, and Forestry Occupations",36150.0,17.38,42120.0,20.25,0.0,0.0,1.7539865384615383,False,False,False,False,0.0,0.0,0.0,0.0,0.0,0.0,,
45-4011.00,Forest and Conservation Workers,62362.700146153846,686.7650815384616,11.076856153846153,3.3182352941176467,54.188235294117646,5630.0,62.0,45,"Farming, Fishing, and Forestry Occupations",43680.0,21.0,43680.0,21.0,0.0,0.0,4.113018846153846,False,False,False,False,0.0,0.0,0.0,0.0,0.0,0.0,,
45-4021.00,Fallers,399324.0179769231,4372.160780769231,97.15912846153847,4.198333333333334,82.89055555555555,4110.0,45.0,45,"Farming, Fishing, and Forestry Occupations",53900.0,25.92,53900.0,25.92,0.0,0.0,23.024639999999998,False,False,False,False,0.0,0.0,0.0,0.0,0.0,0.0,,
45-4022.00,Logging Equipment Operators,1034312.3838153846,11390.296233846153,45.928613846153844,3.968888888888889,78.44666666666666,22520.0,248.0,45,"Farming, Fishing, and Forestry Occupations",49210.0,23.66,49210.0,23.66,19400.226446153847,213.64370153846156,11.856291923076922,False,False,False,False,1.8756641368432665,1.8756641368432667,422.39956361710364,4.6516470593713,20786282.52559767,228907.55179166168,0.011012433392539964,0.8851258380154367
45-4023.00,Log Graders and Scalers,195706.00843846155,2128.524563076923,59.12568230769231,4.275833333333334,64.65083333333334,3310.0,36.0,45,"Farming, Fishing, and Forestry Occupations",46710.0,22.46,46710.0,22.46,0.0,0.0,46.03159153846154,False,False,False,False,0.0,0.0,0.0,0.0,0.0,0.0,,
47-1011.00,First-Line Supervisors of Construction Trades and Extraction Workers,21333744.593107693,350675.01471153845,26.466038846153847,4.024666666666667,95.12466666666666,806080.0,13250.0,47,Construction and Extraction Occupations,78690.0,37.83,76080.0,36.58,1281007.056,42113.79815384615,13.78924076923077,False,False,False,False,6.004604819417665,12.009352359616642,48401.918528361915,795.6101385728407,3808746968.996799,60530019.34262172,0.03287553956599452,2.6423759827934816
47-1011.03,Solar Energy Installation Managers,11264566.200123077,185162.14538461537,13.974501538461539,3.8666666666666667,85.71933333333332,806080.0,13250.0,47,Construction and Extraction Occupations,78690.0,37.83,76080.0,36.58,79577.19265423076,2616.013971923077,4.9784788461538465,False,False,False,False,0.7064381463119396,1.412823321143283,5694.456609791282,93.60305438633199,448096790.62447596,7121320.377712138,0.032873916315317456,2.642245513798607
47-2011.00,Boilermakers,215728.63335000002,2375.77256,21.212255,3.8823529411764706,82.10764705882353,10170.0,112.0,47,Construction and Extraction Occupations,73340.0,35.26,73340.0,35.26,0.0,0.0,8.936214903846153,False,False,False,False,0.0,0.0,0.0,0.0,0.0,0.0,,
47-2021.00,Brickmasons and Blockmasons,2446317.0056307693,82732.3202576923,45.70846423076923,3.9378571428571427,89.02785714285713,53520.0,1810.0,47,Construction and Extraction Occupations,60800.0,29.23,56340.0,27.09,0.0,0.0,12.801593846153846,False,False,False,False,0.0,0.0,0.0,0.0,0.0,0.0,,
47-2022.00,Stonemasons,320578.1822115385,12090.377157692308,36.63750653846154,3.9741176470588235,80.62941176470588,8750.0,330.0,47,Construction and Extraction Occupations,51990.0,25.0,50630.0,24.34,0.0,0.0,0.2572238461538461,False,False,False,False,0.0,0.0,0.0,0.0,0.0,0.0,,
47-2031.00,Carpenters,36436207.4186077,733173.3197999999,52.220321923076924,3.8075862068965516,70.00586206896551,697740.0,14040.0,47,Construction and Extraction Occupations,59310.0,28.51,51720.0,24.86,2974055.563569231,59844.268800000005,20.131238461538462,False,False,False,False,8.162363138953928,8.162363138953928,56952.072565737144,1145.9957847091316,3377827423.87387,59270901.98515629,0.02012210852179895,1.6173172207388877
47-2041.00,Carpet Installers,457156.4365846154,10681.225153846153,30.517786153846156,4.1606250000000005,94.120625,14980.0,350.0,47,Construction and Extraction Occupations,49850.0,23.97,43270.0,20.81,0.0,0.0,10.562204615384616,False,False,False,False,0.0,0.0,0.0,0.0,0.0,0.0,,
47-2042.00,"Floor Layers, Except Carpet, Wood, and Hard Tiles",492227.1082884615,5150.0623,19.80793192307692,3.919285714285714,88.86642857142859,24850.0,260.0,47,Construction and Extraction Occupations,54340.0,26.13,43930.0,21.12,0.0,0.0,3.0838807692307686,False,False,False,False,0.0,0.0,0.0,0.0,0.0,0.0,,
47-2043.00,Floor Sanders and Finishers,54870.24316153847,609.6693684615385,13.253681923076925,4.3757142857142854,98.85142857142857,4140.0,46.0,47,Construction and Extraction Occupations,49150.0,23.63,49150.0,23.63,0.0,0.0,3.454294615384616,False,False,False,False,0.0,0.0,0.0,0.0,0.0,0.0,,
47-2044.00,Tile and Stone Setters,2043779.9709,102874.83075,52.756323461538464,4.0856,82.2688,38740.0,1950.0,47,Construction and Extraction Occupations,52240.0,25.11,48790.0,23.46,0.0,0.0,7.459883461538462,False,True,True,False,0.0,0.0,0.0,0.0,0.0,0.0,,
47-2051.00,Cement Masons and Concrete Finishers,7562715.1595653845,210044.7128076923,36.84994961538462,3.506153846153846,76.86999999999999,205230.0,5700.0,47,Construction and Extraction Occupations,54660.0,26.28,55540.0,26.7,0.0,0.0,4.467445769230769,False,False,False,False,0.0,0.0,0.0,0.0,0.0,0.0,,
47-2053.00,Terrazzo Workers and Finishers,46764.425153846154,516.021243076923,32.25132769230769,3.7911538461538465,79.07538461538462,1450.0,16.0,47,Construction and Extraction Occupations,57260.0,27.53,57260.0,27.53,0.0,0.0,6.097018461538461,False,False,False,False,0.0,0.0,0.0,0.0,0.0,0.0,,
47-2061.00,Construction Laborers,49743555.551053844,1045514.8534499999,47.03170730769231,3.6237037037037036,55.64888888888889,1057660.0,22230.0,47,Construction and Extraction Occupations,46730.0,22.47,46100.0,22.16,537471.0822000001,11296.6191,11.263110384615384,False,False,False,False,1.0804838460901163,1.080483846090116,11427.845446556723,240.19155898583284,534023217.71759564,11072830.869246894,0.02101809655276743,1.6893323811029914
47-2071.00,"Paving, Surfacing, and Tamping Equipment Operators",2486537.126,29394.2655,54.433825,3.6915,74.20750000000001,45680.0,540.0,47,Construction and Extraction Occupations,51650.0,24.83,47890.0,23.02,0.0,0.0,8.951925,False,False,False,False,0.0,0.0,0.0,0.0,0.0,0.0,,
47-2072.00,Pile Driver Operators,63741.94363076922,691.9355723076923,20.967744615384614,4.516,97.92999999999999,3040.0,33.0,47,Construction and Extraction Occupations,70510.0,33.9,70510.0,33.9,0.0,0.0,6.989310384615385,False,True,True,False,0.0,0.0,0.0,0.0,0.0,0.0,,
47-2073.00,Operating Engineers and Other Construction Equipment Operators,26309389.178419232,354327.65701538464,56.06450269230769,4.098076923076923,75.92769230769231,469270.0,6320.0,47,Construction and Extraction Occupations,58710.0,28.23,59760.0,28.73,1143362.4573884616,15398.492830769232,10.866396538461538,False,False,False,False,4.345834293736952,4.345834293736952,20393.696590219395,274.65672736417537,1197313926.8117807,16413486.027283119,0.013467726468770645,1.0824703543640557
47-2081.00,Drywall and Ceiling Tile Installers,3987861.870269231,88031.20895769232,48.10448576923077,3.566153846153846,81.29307692307692,82900.0,1830.0,47,Construction and Extraction Occupations,58140.0,27.95,50860.0,24.45,0.0,0.0,14.65739576923077,False,False,False,False,0.0,0.0,0.0,0.0,0.0,0.0,,
47-2082.00,Tapers,538785.7211538461,17241.143076923076,43.102857692307694,4.016875,94.646875,12500.0,400.0,47,Construction and Extraction Occupations,64700.0,31.11,54580.0,26.24,0.0,0.0,0.0,False,False,False,False,0.0,0.0,0.0,0.0,0.0,0.0,,
47-2111.00,Electricians,37731727.338130765,577220.531876923,50.81166653846154,4.097619047619047,92.97857142857143,742580.0,11360.0,47,Construction and Extraction Occupations,62350.0,29.98,61430.0,29.53,1286549.2675923072,19681.650030769226,25.608549230769228,False,False,False,False,3.4097279884988243,3.409727988498825,25319.95809699457,387.3450994934664,1578699387.3476114,23794609.46188364,0.015298015028683781,1.2295800473498606
47-2121.00,Glaziers,1609170.135,20890.9807,28.231055,3.8777777777777778,81.92629629629629,57000.0,740.0,47,Construction and Extraction Occupations,55440.0,26.65,50640.0,24.35,0.0,0.0,9.127597307692309,False,False,False,False,0.0,0.0,0.0,0.0,0.0,0.0,,
47-2131.00,"Insulation Workers, Floor, Ceiling, and Wall",982334.4943499999,8904.871096153845,25.442488846153847,3.754,84.46900000000001,38610.0,350.0,47,Construction and Extraction Occupations,48680.0,23.41,48330.0,23.23,0.0,0.0,7.427906153846154,False,False,False,False,0.0,0.0,0.0,0.0,0.0,0.0,,
47-2132.00,"Insulation Workers, Mechanical",925927.0146923077,12639.409326923078,36.11259807692308,4.32,95.58777777777777,25640.0,350.0,47,Construction and Extraction Occupations,57250.0,27.52,45800.0,22.02,0.0,0.0,10.554392692307692,False,False,False,False,0.0,0.0,0.0,0.0,0.0,0.0,,
47-2141.00,"Painters, Construction and Maintenance",5070780.792084616,75774.44755769231,22.619238076923075,3.7915789473684205,83.41947368421053,224180.0,3350.0,47,Construction and Extraction Occupations,48660.0,23.4,45900.0,22.07,0.0,0.0,3.449241153846154,False,False,False,False,0.0,0.0,0.0,0.0,0.0,0.0,,
47-2142.00,Paperhangers,80791.51236923077,903.5892830769232,53.15231076923077,4.074,77.949,1520.0,17.0,47,Construction and Extraction Occupations,48260.0,23.2,48260.0,23.2,0.0,0.0,12.819873846153847,False,False,False,False,0.0,0.0,0.0,0.0,0.0,0.0,,
47-2151.00,Pipelayers,1206918.9409153846,25518.536273076923,35.941600384615384,4.226428571428571,95.25071428571428,33580.0,710.0,47,Construction and Extraction Occupations,48710.0,23.42,51180.0,24.61,0.0,0.0,3.3243934615384614,False,False,False,False,0.0,0.0,0.0,0.0,0.0,0.0,,
47-2152.00,"Plumbers, Pipefitters, and Steamfitters",21044260.370907694,312474.5420692308,46.155766923076925,3.7613333333333334,83.83933333333333,455940.0,6770.0,47,Construction and Extraction Occupations,62970.0,30.27,61680.0,29.65,327805.6912269231,9734.809534615384,12.579623461538462,False,False,False,False,1.55769642386716,3.1153928477343196,7102.161074979929,105.45604789580673,447223082.89148617,6504529.0342133595,0.029696889941658988,2.3868915850941175
47-2152.04,Solar Thermal Installers and Technicians,8654437.034584615,128504.93206153846,18.981526153846154,4.198095238095238,84.58809523809524,455940.0,6770.0,47,Construction and Extraction Occupations,62970.0,30.27,61680.0,29.65,0.0,0.0,6.116284230769231,True,False,True,False,0.0,0.0,0.0,0.0,0.0,0.0,,
47-2161.00,Plasterers and Stucco Masons,317491.2335076923,18246.622615384615,15.205518846153847,3.948,80.27066666666666,20880.0,1200.0,47,Construction and Extraction Occupations,56020.0,26.93,53170.0,25.56,0.0,0.0,0.5322107692307692,False,False,False,False,0.0,0.0,0.0,0.0,0.0,0.0,,
47-2171.00,Reinforcing Iron and Rebar Workers,371916.15353846154,7364.676307692307,26.302415384615387,4.022857142857143,97.61571428571428,14140.0,280.0,47,Construction and Extraction Occupations,59280.0,28.5,49990.0,24.04,0.0,0.0,5.76105,False,False,False,False,0.0,0.0,0.0,0.0,0.0,0.0,,
47-2181.00,Roofers,3311164.411823077,71192.2142076923,24.215038846153845,3.8714814814814815,81.03407407407407,136740.0,2940.0,47,Construction and Extraction Occupations,50970.0,24.510000000000005,49800.0,23.94,0.0,0.0,0.9777457692307692,False,False,False,False,0.0,0.0,0.0,0.0,0.0,0.0,,
47-2211.00,Sheet Metal Workers,3517478.9841730767,55994.60032692308,29.943636538461536,3.82,80.26263157894736,117470.0,1870.0,47,Construction and Extraction Occupations,60850.0,29.26,60490.0,29.08,0.0,0.0,11.441487692307692,False,False,False,False,0.0,0.0,0.0,0.0,0.0,0.0,,
47-2221.00,Structural Iron and Steel Workers,3669836.630092308,68043.94246153846,56.703285384615384,3.9457894736842105,81.87052631578948,64720.0,1200.0,47,Construction and Extraction Occupations,62700.0,30.14,47840.0,23.0,0.0,0.0,17.370911923076925,False,False,False,False,0.0,0.0,0.0,0.0,0.0,0.0,,
47-2231.00,Solar Photovoltaic Installers,1161272.5495538462,22174.228315384615,41.06338576923077,4.242692307692308,93.41269230769231,28280.0,540.0,47,Construction and Extraction Occupations,51860.0,24.93,47960.0,23.06,87414.03472307693,1669.1505923076922,18.143375384615386,False,False,False,False,7.527434860719033,7.527434860719033,2128.7585786113427,40.64814824788278,110397419.88678424,1949485.1899684581,0.019094766619519095,1.5347444750276786
47-3011.00,"Helpers--Brickmasons, Blockmasons, Stonemasons, and Tile and Marble Setters",857437.0213153847,20806.262330769234,54.753321923076925,3.9833333333333334,88.44533333333334,15660.0,380.0,47,Construction and Extraction Occupations,46480.0,22.35,48090.0,23.12,0.0,0.0,13.64264653846154,False,False,False,False,0.0,0.0,0.0,0.0,0.0,0.0,,
47-3012.00,Helpers--Carpenters,839415.277376923,21147.39829230769,34.10870692307692,3.6566666666666663,86.01666666666667,24610.0,620.0,47,Construction and Extraction Occupations,41600.0,20.0,43090.0,20.72,0.0,0.0,2.5416280769230766,False,False,False,False,0.0,0.0,0.0,0.0,0.0,0.0,,
47-3013.00,Helpers--Electricians,3448048.1341846157,16587.44446923077,53.507885384615385,3.6608,81.1696,64440.0,310.0,47,Construction and Extraction Occupations,39890.0,19.18,42120.0,20.25,0.0,0.0,22.899644615384616,False,False,False,False,0.0,0.0,0.0,0.0,0.0,0.0,,
47-3014.00,"Helpers--Painters, Paperhangers, Plasterers, and Stucco Masons",143089.16734615384,2972.7666346153846,19.81844423076923,3.53,66.43454545454546,7220.0,150.0,47,Construction and Extraction Occupations,38140.0,18.34,40620.0,19.53,0.0,0.0,2.0091615384615387,False,False,False,False,0.0,0.0,0.0,0.0,0.0,0.0,,
47-3015.00,"Helpers--Pipelayers, Plumbers, Pipefitters, and Steamfitters",1232517.5040307692,6778.281415384616,28.24283923076923,3.7386666666666666,80.97733333333333,43640.0,240.0,47,Construction and Extraction Occupations,39270.0,18.88,44810.0,21.55,0.0,0.0,4.630531153846154,False,False,False,False,0.0,0.0,0.0,0.0,0.0,0.0,,
47-3016.00,Helpers--Roofers,197015.98378846154,2172.129801923077,38.10754038461538,3.9838888888888895,88.50944444444445,5170.0,57.0,47,Construction and Extraction Occupations,40590.0,19.51,40590.0,19.51,0.0,0.0,6.315148461538462,False,False,False,False,0.0,0.0,0.0,0.0,0.0,0.0,,
47-4011.00,Construction and Building Inspectors,3201034.0983653846,29395.109423076923,23.329451923076924,3.5678947368421055,71.14894736842105,137210.0,1260.0,47,Construction and Extraction Occupations,72120.0,34.67,71040.0,34.15,828351.8894865385,15213.517684615384,16.683723846153846,False,False,False,False,25.87763404049767,51.75526808099534,35506.70166696685,326.05818891027064,2560743324.221649,23163173.740185626,0.018366008308432328,1.4761704262394832
47-4011.01,Energy Auditors,2540406.314392308,23328.56173846154,18.51473153846154,3.965238095238095,91.86571428571429,137210.0,1260.0,47,Construction and Extraction Occupations,72120.0,34.67,71040.0,34.15,365397.8557096154,6710.900053846154,16.22557653846154,True,False,True,False,14.383441484911536,28.766882969823072,19735.52006144712,181.23136270988536,1423325706.8315663,12874676.006910255,0.01836600830843233,1.4761704262394835
47-4021.00,Elevator and Escalator Installers and Repairers,684034.0786384615,6740.695719230769,29.30737269230769,4.3185,82.471,23340.0,230.0,47,Construction and Extraction Occupations,106580.0,51.24,78680.0,37.83,148864.84502307692,1466.9629115384614,13.075545769230768,False,True,True,False,21.76278195369821,21.76278195369821,5079.433307993162,50.05439849350588,541366001.9659113,3938280.0734690423,0.009854327335047128,0.7920429054690749
47-4031.00,Fence Erectors,862436.2827076924,9485.27537076923,38.09347538461539,4.0375,92.57000000000001,22640.0,249.0,47,Construction and Extraction Occupations,46940.0,22.57,57430.0,27.610000000000003,0.0,0.0,6.906750769230769,False,False,False,False,0.0,0.0,0.0,0.0,0.0,0.0,,
47-4041.00,Hazardous Materials Removal Workers,1441134.0961,6269.517523076923,28.497806923076922,4.027142857142858,63.49428571428571,50570.0,220.0,47,Construction and Extraction Occupations,48490.0,23.31,45740.0,21.99,149001.87925,648.2185769230769,6.767296153846154,False,False,False,False,10.339209907893316,10.339209907893316,5228.53845042165,22.746261797365296,253531829.4609458,1040414.0146114887,0.004350405378683013,0.3496644264947086
47-4051.00,Highway Maintenance Workers,2088216.6333653845,16513.080461538462,13.760900384615384,3.896315789473684,67.97105263157896,151750.0,1200.0,47,Construction and Extraction Occupations,49070.0,23.59,52470.0,25.23,0.0,0.0,0.4450384615384615,False,False,False,False,0.0,0.0,0.0,0.0,0.0,0.0,,
47-4061.00,Rail-Track Laying and Maintenance Equipment Operators,405040.1156923077,2703.5444615384613,24.577676923076922,3.821923076923077,70.86884615384615,16480.0,110.0,47,Construction and Extraction Occupations,67370.0,32.39,61520.0,29.58,0.0,0.0,0.935163076923077,False,False,False,False,0.0,0.0,0.0,0.0,0.0,0.0,,
47-4071.00,Septic Tank Servicers and Sewer Pipe Cleaners,1180427.4764423077,11377.614230769232,40.63433653846154,3.630909090909091,63.61181818181819,29050.0,280.0,47,Construction and Extraction Occupations,49140.0,23.62,48720.0,23.42,110878.30815384616,1068.7065846153846,12.646826923076924,False,False,False,False,9.393063984584844,9.393063984584844,2728.685087521897,26.30057915683756,134087585.20082602,1281364.216521126,0.009638554216867469,0.7747001116248594
47-4091.00,Segmental Pavers,310780.35569807695,3429.4283211538464,18.537450384615386,3.97,85.365,16765.0,185.0,47,Construction and Extraction Occupations,48120.0,23.14,48120.0,23.14,0.0,0.0,1.745563076923077,False,False,False,False,0.0,0.0,0.0,0.0,0.0,0.0,,
47-4099.03,Weatherization Installers and Technicians,325117.2549557692,3587.6344865384613,19.392618846153844,4.022,94.09,16765.0,185.0,47,Construction and Extraction Occupations,48120.0,23.14,48120.0,23.14,70292.84008653846,775.674048076923,9.737918076923076,False,False,False,False,21.62076574376266,21.62076574376266,3624.72137694181,39.99841662596092,174421592.6584399,1924723.8080412396,0.011034894124664478,0.8869311224276555
47-5011.00,"Derrick Operators, Oil and Gas",367819.97723076923,4064.677284615385,33.317026923076924,4.221333333333333,90.29133333333333,11040.0,122.0,47,Construction and Extraction Occupations,62740.0,30.16,62740.0,30.16,14328.69710769231,158.34248615384618,14.54029923076923,False,False,False,False,3.8955733768376923,3.8955733768376923,430.07130080288124,4.752599519741985,26982673.412372768,298178.09386861214,0.011050724637681161,0.88820350207352
47-5012.00,"Rotary Drill Operators, Oil and Gas",831995.9040884615,12711.931307692308,63.55965653846154,4.1705,79.6965,13090.0,200.0,47,Construction and Extraction Occupations,65010.0,31.26,68660.0,33.01,71647.97906538463,1094.6979230769232,25.648963846153848,False,False,False,False,8.611578339905709,8.611578339905709,1127.2556046936572,17.223156679811417,73282886.86113466,1182541.937635852,0.015278838808250572,1.2280387560134325
47-5013.00,"Service Unit Operators, Oil and Gas",661144.4955846153,19480.6855,14.98514269230769,4.003684210526315,71.01947368421052,44120.0,1300.0,47,Construction and Extraction Occupations,57980.0,27.880000000000003,55570.0,26.72,80857.23070769229,2382.4659999999994,7.699122692307691,False,True,True,False,12.229887906151966,12.229887906151966,5395.826544194247,158.98854277997555,312850023.0323824,8834993.322283242,0.02946509519492294,2.3682610506664306
47-5022.00,"Excavating and Loading Machine and Dragline Operators, Surface Mining",1610321.7649115385,30596.58425,47.071668076923075,4.019375,75.551875,34210.0,650.0,47,Construction and Extraction Occupations,52550.0,25.26,52240.0,25.12,0.0,0.0,3.6549561538461544,True,True,True,True,0.0,0.0,0.0,0.0,0.0,0.0,,
47-5023.00,"Earth Drillers, Except Oil and Gas",1223958.998523077,35151.03384615385,70.30206769230769,3.988571428571429,66.76142857142857,17410.0,500.0,47,Construction and Extraction Occupations,59600.0,28.65,57850.0,27.81,77192.43525826656,2039.6937485723827,22.91452094017094,True,False,True,False,6.306782772250777,5.802656495110631,1098.0108806488604,31.533913861253886,65441448.48667208,1824236.9168735372,0.02642349268743858,2.1237918337020227
47-5032.00,"Explosives Workers, Ordnance Handling Experts, and Blasters",251987.79307692306,2794.9350288461537,44.364048076923076,4.2704545454545455,81.08727272727273,5680.0,63.0,47,Construction and Extraction Occupations,59110.0,28.42,59110.0,28.42,77192.43525826656,2039.6937485723827,22.91452094017094,True,True,True,True,30.63340264054077,72.97821693602799,1739.9772699827156,19.299043663540687,102850056.42867832,1140766.4709518899,0.02642349268743858,2.1237918337020227
47-5041.00,Continuous Mining Machine Operators,1353177.1126153846,132109.34153846154,94.36381538461538,4.36,74.68533333333333,14340.0,1400.0,47,Construction and Extraction Occupations,63380.0,30.469999999999995,67870.0,32.63,127438.5155307692,12441.696076923075,39.546781153846155,False,False,False,False,9.417726204699061,9.417726204699061,1350.5019377538454,131.84816686578685,85594812.81483872,8948535.085180953,0.09762900976290098,7.846944993968678
47-5043.00,"Roof Bolters, Mining",240507.62536153846,2696.2738269230767,107.85095307692308,4.787857142857143,97.00285714285714,2230.0,25.0,47,Construction and Extraction Occupations,76640.0,36.85,76640.0,36.85,20501.278569230763,229.83496153846147,40.458346538461534,True,False,True,False,8.524169883766724,8.524169883766726,190.08898840799796,2.131042470941681,14568420.071588963,163323.09497297043,0.011210762331838566,0.9010665535995424
47-5044.00,"Loading and Moving Machine Operators, Underground Mining",864376.6587307692,9588.517584615385,141.00761153846153,4.0312,68.3156,6130.0,68.0,47,Construction and Extraction Occupations,68860.0,33.11,68860.0,33.11,22714.60418846153,251.9727707692307,54.85673153846154,True,True,True,True,2.6278595053474874,2.6278595053474874,161.08778767780097,1.7869444636362914,11092505.059493376,123048.99576599503,0.011092985318107668,0.8916002100348098
47-5051.00,"Rock Splitters, Quarry",66773.93089230769,737.1148215384616,21.679847692307693,3.678888888888889,69.92444444444443,3080.0,34.0,47,Construction and Extraction Occupations,47460.0,22.82,47460.0,22.82,0.0,0.0,0.8417715384615385,False,False,False,False,0.0,0.0,0.0,0.0,0.0,0.0,,
47-5071.00,"Roustabouts, Oil and Gas",386379.70456153847,4091.380061538461,8.523708461538462,3.366153846153846,69.2476923076923,45330.0,480.0,47,Construction and Extraction Occupations,47510.0,22.84,47680.0,22.93,0.0,0.0,1.8228257692307692,False,False,False,False,0.0,0.0,0.0,0.0,0.0,0.0,,
47-5081.00,Helpers--Extraction Workers,155266.09107692307,5083.116076923077,23.105073076923077,3.850714285714286,69.4042857142857,6720.0,220.0,47,Construction and Extraction Occupations,48400.0,23.27,54100.0,26.01,0.0,0.0,3.353880769230769,False,False,False,False,0.0,0.0,0.0,0.0,0.0,0.0,,
49-1011.00,"First-Line Supervisors of Mechanics, Installers, and Repairers",17087454.08903077,182344.31096538462,28.446850384615384,3.6427272727272726,76.7390909090909,600680.0,6410.0,49,"Installation, Maintenance, and Repair Occupations",78300.0,37.64,77380.0,37.2,1984014.8508461537,21171.89717307692,17.54797269230769,False,False,False,False,11.610944734709106,11.610944734709102,69744.62283245067,744.2615574948536,5461003967.780888,57590959.31895177,0.01067123926216954,0.8577023131862513
49-2011.00,"Computer, Automated Teller, and Office Machine Repairers",4512823.693430769,50066.938661538465,61.81103538461539,3.9248000000000003,84.258,73010.0,810.0,49,"Installation, Maintenance, and Repair Occupations",46860.0,22.53,45310.0,21.78,1305885.4743038462,14487.977457692308,36.68478961538462,False,False,False,False,28.93721454717583,28.93721454717583,21127.060340893073,234.39143783212424,990014047.5742494,10620276.048173549,0.011094370634159703,0.8917115550017001
49-2021.00,"Radio, Cellular, and Tower Equipment Installers and Repairers",107589.75807692307,377.5079230769231,9.437698076923077,4.0616666666666665,73.3111111111111,11400.0,40.0,49,"Installation, Maintenance, and Repair Occupations",64190.0,30.86,86040.0,41.36,11105.003076923078,38.964923076923085,9.175982097902098,False,False,False,False,10.32161729463447,10.321617294634471,1176.6643715883295,4.128646917853788,75530086.01225486,355228.78081214,0.003508771929824562,0.2820180230915059
49-2022.00,"Telecommunications Equipment Installers and Repairers, Except Line Installers",8730161.58833077,127074.93636923078,56.72988230769231,3.7279487179487174,73.48769230769231,153890.0,2240.0,49,"Installation, Maintenance, and Repair Occupations",62630.0,30.11,62380.0,29.99,311008.90814230766,4526.999507692308,40.80352923076923,False,False,False,False,3.5624645087671674,3.5624645087671674,5482.276632541794,79.79920499638455,343354985.49609256,4977874.407674468,0.014555851582299047,1.1699285589812032
49-2091.00,Avionics Technicians,745593.2397692308,7848.349892307693,35.674317692307696,4.015384615384615,84.2023076923077,20900.0,220.0,49,"Installation, Maintenance, and Repair Occupations",81390.0,39.13,59510.0,28.61,112161.1602692308,1180.6437923076926,28.461431923076926,False,False,False,False,15.043210464722815,15.043210464722815,3144.0309871270683,33.09506302239019,255892682.0422721,1969487.2004624403,0.010526315789473684,0.8460540692745175
49-2092.00,"Electric Motor, Power Tool, and Related Repairers",1089172.2933461538,3943.894846153846,65.73158076923077,3.843225806451613,64.76290322580645,16570.0,60.0,49,"Installation, Maintenance, and Repair Occupations",53990.0,25.96,41460.0,19.93,110558.06721153845,400.33096153846157,27.67187,False,False,False,False,10.150649983197983,10.150649983197985,1681.962702215906,6.09038998991879,90809166.29263675,252507.56898203303,0.003621001810500906,0.29103851507934525
49-2093.00,"Electrical and Electronics Installers and Repairers, Transportation Equipment",182951.07841923076,2027.228091923077,25.02750730769231,3.6473333333333335,73.70466666666667,7310.0,81.0,49,"Installation, Maintenance, and Repair Occupations",82730.0,39.77,82730.0,39.77,9001.1685,99.73935,17.61879923076923,False,False,False,False,4.9199865766158,4.9199865766158,359.651018750615,3.9851891270587982,29753928.781238377,329694.6964815744,0.011080711354309165,0.8906136885181138
49-2094.00,"Electrical and Electronics Repairers, Commercial and Industrial Equipment",1452773.307676923,18889.2012,24.216924615384617,3.9085,85.8235,59990.0,780.0,49,"Installation, Maintenance, and Repair Occupations",71300.0,34.28,70970.0,34.12,246890.18323846153,3210.1074,16.0481,False,False,False,False,16.994405247798408,16.994405247798408,10194.943708154264,132.55636093282757,726899486.391399,9407524.935402773,0.013002167027837973,1.0450509507124812
49-2095.00,"Electrical and Electronics Repairers, Powerhouse, Substation, and Relay",308833.5832615385,1072.3388307692308,13.404235384615385,4.051333333333333,74.32,23040.0,80.0,49,"Installation, Maintenance, and Repair Occupations",100940.0,48.53,104730.0,50.35,84417.41686153846,293.11603076923075,12.675956153846153,False,False,False,False,27.33427367905414,27.33427367905414,6297.816655654074,21.86741894324331,635701613.2217222,2290174.785925872,0.003472222222222222,0.2790803353509693
49-2096.00,"Electronic Equipment Installers and Repairers, Motor Vehicles",314098.0284,3469.3273353846153,30.976136923076922,4.1875,88.47583333333334,10140.0,112.0,49,"Installation, Maintenance, and Repair Occupations",47940.0,23.05,47940.0,23.05,22640.2761,250.07011076923078,20.29587076923077,False,False,False,False,7.208028721265287,7.208028721265289,730.8941123363002,8.072992167817121,35039063.74540223,387019.2445251528,0.01104536489151874,0.8877727117436753
49-2097.00,Audiovisual Equipment Installers and Repairers,701724.8058923077,12027.759415384615,31.65199846153846,3.956363636363636,84.09181818181818,22170.0,380.0,49,"Installation, Maintenance, and Repair Occupations",50620.0,24.34,53600.0,25.77,37460.427299999996,642.0822,24.818600384615387,False,True,True,False,5.338335909668408,5.338335909668408,1183.509071173486,20.28567645673995,59909229.182801865,1087312.2580812613,0.017140279657194408,1.3776523184848934
49-2098.00,Security and Fire Alarm Systems Installers,1460720.646,14874.225692307691,17.920753846153847,4.16375,89.683125,81510.0,830.0,49,"Installation, Maintenance, and Repair Occupations",59300.0,28.51,58860.0,28.3,43874.98335,446.77016538461544,9.124907692307692,False,False,False,False,3.003653263212657,3.0036532632126574,2448.277774844637,24.930322084665054,145182872.04828697,1467398.757903385,0.010182799656483868,0.818443913167657
49-3011.00,Aircraft Mechanics and Service Technicians,5847270.848253846,86172.11236153846,42.87169769230769,4.170263157894737,78.09342105263158,136390.0,2010.0,49,"Installation, Maintenance, and Repair Occupations",78680.0,37.83,65980.0,31.72,500693.82755000005,7378.800450000001,17.17953384615385,False,False,False,False,8.56286360840495,8.562863608404951,11678.889675503511,172.1135585289395,918895039.6686163,11356052.59173943,0.014737150817508616,1.1845005097732175
49-3021.00,Automotive Body and Related Repairers,7878710.1318,82736.10046923076,50.75834384615384,4.0612,82.7148,155220.0,1630.0,49,"Installation, Maintenance, and Repair Occupations",51680.0,24.85,51080.0,24.56,0.0,0.0,10.68878423076923,False,False,False,False,0.0,0.0,0.0,0.0,0.0,0.0,,
49-3022.00,Automotive Glass Installers and Repairers,1055640.386346154,5573.602884615385,55.73602884615385,4.234444444444445,91.01333333333334,18940.0,100.0,49,"Installation, Maintenance, and Repair Occupations",47260.0,22.72,39300.0,18.89,0.0,0.0,4.4354000000000005,False,False,False,False,0.0,0.0,0.0,0.0,0.0,0.0,,
49-3023.00,Automotive Service Technicians and Mechanics,38230869.30709231,494508.22473461536,55.50036192307692,4.033571428571428,85.28571428571429,688840.0,8910.0,49,"Installation, Maintenance, and Repair Occupations",49670.0,23.88,46990.0,22.59,3738920.194,48362.143500000006,33.31153,False,False,False,False,9.779846134198113,9.779846134198115,67367.49211081029,871.3842905570518,3346143333.143947,40946347.813275866,0.012934788920504037,1.0396354261329415
49-3031.00,Bus and Truck Mechanics and Diesel Engine Specialists,8010950.091315385,81718.77508461538,27.890366923076922,3.9396153846153843,87.04923076923077,287230.0,2930.0,49,"Installation, Maintenance, and Repair Occupations",60640.0,29.15,62970.0,30.28,145817.0598423077,1487.4629576923078,18.028385769230766,False,False,False,False,1.8202217986651417,1.8202217986651417,5228.2230723058865,53.33249870088866,317039447.104629,3358347.443194959,0.010200884308742122,0.8198974695629354
49-3041.00,Farm Equipment Mechanics and Service Technicians,893917.5254153846,4362.938030769231,24.238544615384615,3.880714285714286,88.18142857142857,36880.0,180.0,49,"Installation, Maintenance, and Repair Occupations",52080.0,25.04,57100.0,27.45,133694.8936923077,652.5238846153845,12.065547692307693,False,False,False,False,14.956065844014246,14.956065844014244,5515.797083272454,26.920918519225644,287262712.0968294,1537184.4474477842,0.004880694143167027,0.39228645836752296
49-3042.00,"Mobile Heavy Equipment Mechanics, Except Engines",5722558.273246154,66663.18507692308,31.74437384615385,4.0255,93.2355,180270.0,2100.0,49,"Installation, Maintenance, and Repair Occupations",63980.0,30.76,63890.0,30.72,562810.7748115384,6556.291269230769,13.260741153846155,False,False,False,False,9.834950522789185,9.834950522789185,17729.465307432063,206.5339609785729,1134331190.3695035,13195454.766921023,0.011649192877350641,0.9363054685763924
49-3043.00,Rail Car Repairers,544791.2393076923,2381.6010461538463,29.770013076923075,3.626,66.7525,18300.0,80.0,49,"Installation, Maintenance, and Repair Occupations",65680.0,31.579999999999995,75280.0,36.19,60105.751730769225,262.7573846153846,12.627626923076923,False,False,False,False,11.032804383409356,11.032804383409355,2019.003202163912,8.826243506727485,132608130.31812574,664439.611186445,0.004371584699453552,0.35136671729433516
49-3051.00,Motorboat Mechanics and Service Technicians,639305.8465384615,1581.7876615384616,26.363127692307692,3.94,96.42307692307692,24250.0,60.0,49,"Installation, Maintenance, and Repair Occupations",54950.0,26.42,45290.0,21.77,78543.33432692308,194.3340230769231,11.106741153846155,False,False,False,False,12.285721263491967,12.285721263491965,2979.287406396802,7.371432758095179,163711842.98150426,333852.18961413065,0.0024742268041237116,0.19886631731401033
49-3052.00,Motorcycle Mechanics,416697.67336153844,7138.289907692308,29.742874615384615,4.368461538461538,94.06692307692308,14010.0,240.0,49,"Installation, Maintenance, and Repair Occupations",47200.0,22.69,42120.0,20.25,0.0,0.0,11.169898846153846,False,False,False,False,0.0,0.0,0.0,0.0,0.0,0.0,,
49-3053.00,Outdoor Power Equipment and Other Small Engine Mechanics,947052.3380923077,9957.325984615383,27.659238846153844,4.331428571428572,96.92928571428571,34240.0,360.0,49,"Installation, Maintenance, and Repair Occupations",46560.0,22.38,44140.0,21.22,211506.4983384615,2223.7832769230763,14.444276923076922,False,False,False,False,22.333137233419333,22.333137233419333,7646.866188722779,80.3992940403096,356038089.74693257,3548824.838939266,0.010514018691588784,0.8450656883524679
49-3091.00,Bicycle Repairers,367066.65548076923,12536.827788461538,29.155413461538462,4.272142857142857,93.72357142857143,12590.0,430.0,49,"Installation, Maintenance, and Repair Occupations",40360.0,19.4,43760.0,21.04,46078.223319230754,1573.759811538461,10.352514999999999,False,False,False,False,12.553094276264169,12.553094276264169,1580.4345693816588,53.978305387935926,63786339.220243745,2362090.643776076,0.03415409054805401,2.745139692602386
49-3092.00,Recreational Vehicle Service Technicians,571291.650926923,8244.187373076922,30.534027307692305,3.9035294117647057,90.65176470588234,18710.0,270.0,49,"Installation, Maintenance, and Repair Occupations",50540.0,24.3,51300.0,24.66,0.0,0.0,19.342946538461536,False,False,False,False,0.0,0.0,0.0,0.0,0.0,0.0,,
49-3093.00,Tire Repairers and Changers,11285527.98966923,207462.34158461538,105.84813346153847,4.170416666666667,83.34958333333334,106620.0,1960.0,49,"Installation, Maintenance, and Repair Occupations",37120.0,17.85,36060.0,17.34,0.0,0.0,23.466708846153846,False,False,False,False,0.0,0.0,0.0,0.0,0.0,0.0,,
49-9011.00,Mechanical Door Repairers,725280.0868615385,3630.2900307692307,25.930643076923076,3.7032,82.5284,27970.0,140.0,49,"Installation, Maintenance, and Repair Occupations",51050.0,24.54,49410.0,23.75,126766.97871153845,634.5147307692307,7.067147692307692,False,False,False,False,17.478348159273153,17.478348159273153,4888.6939801487015,24.469687422982414,249567827.6865912,1209047.2555695612,0.0050053628888094386,0.4023067258259236
49-9012.00,"Control and Valve Installers and Repairers, Except Mechanical Door",1019441.3067692308,7387.2558461538465,21.727223076923075,3.743125,48.1321875,46920.0,340.0,49,"Installation, Maintenance, and Repair Occupations",74690.0,35.91,69450.0,33.39,155949.57401538463,1130.069376923077,8.583858846153847,False,False,False,False,15.297552981212156,15.297552981212156,7177.611858784744,52.01168013612133,536095829.7326325,3612211.1854536263,0.007246376811594203,0.5824285259498491
49-9021.00,"Heating, Air Conditioning, and Refrigeration Mechanics and Installers",15469515.745430768,209316.14773846153,38.97879846153846,4.008214285714286,87.6842857142857,396870.0,5370.0,49,"Installation, Maintenance, and Repair Occupations",59810.0,28.75,56200.0,27.02,2404685.854603846,32537.51364230769,24.054810256410256,False,False,False,False,15.544674404653671,15.54467440465367,61692.149309749024,834.7490155299021,3689807450.2160892,46912894.6727805,0.01353087912918588,1.0875462580703887
49-9031.00,Home Appliance Repairers,1962645.0292230768,15361.96798076923,61.447871923076924,4.069310344827587,84.27413793103447,31940.0,250.0,49,"Installation, Maintenance, and Repair Occupations",49410.0,23.76,34920.0,16.79,335835.08325384615,2628.6402884615386,38.232058076923074,False,False,False,False,17.111351174225746,17.111351174225746,5465.365565047703,42.778377935564365,270043712.569007,1493820.9575099077,0.007827175954915467,0.6291103364204694
49-9041.00,Industrial Machinery Mechanics,8708288.8586,80903.6648,20.63869,3.930625,85.16125,421940.0,3920.0,49,"Installation, Maintenance, and Repair Occupations",63760.0,30.65,69670.0,33.49,1745066.7548076923,16212.403846153846,10.073439615384615,False,False,False,False,20.03914641720142,20.03914641720142,84553.17439273966,785.5345395542956,5391110399.281081,54728191.370747775,0.009290420438924966,0.7467188116742437
49-9043.00,"Maintenance Workers, Machinery",1812666.0066307692,47128.033776923075,32.059886923076924,3.876111111111111,91.93555555555555,56540.0,1470.0,49,"Installation, Maintenance, and Repair Occupations",60500.0,29.09,63820.0,30.68,293231.14040000003,7623.8022,15.134414230769233,False,False,False,False,16.176788185322312,16.17678818532231,9146.356039981236,237.798786324238,553354540.4188647,15176318.543212868,0.025999292536257514,2.08969668861313
49-9044.00,Millwrights,1492237.3413307692,8808.090553846154,36.70037730769231,4.182608695652174,95.25608695652173,40660.0,240.0,49,"Installation, Maintenance, and Repair Occupations",65170.0,31.329999999999995,62480.0,30.04,47225.26073076923,278.7521538461538,4.702235769230769,False,False,False,False,3.1647285202402182,3.1647285202402182,1286.7786163296726,7.595348448576524,83859362.42620476,474557.3710670612,0.005902606984751598,0.4744228425838416
49-9045.00,"Refractory Materials Repairers, Except Brickmasons",14785.802730769232,161.29966615384618,13.441638846153847,3.746,58.787,1100.0,12.0,49,"Installation, Maintenance, and Repair Occupations",58540.0,28.15,58540.0,28.15,0.0,0.0,0.9368569230769233,False,False,False,False,0.0,0.0,0.0,0.0,0.0,0.0,,
49-9051.00,Electrical Power-Line Installers and Repairers,6774723.745846154,48750.84196153846,54.77622692307692,4.17,93.62869565217392,123680.0,890.0,49,"Installation, Maintenance, and Repair Occupations",92560.0,44.5,81380.0,39.12,0.0,0.0,23.05118346153846,False,False,False,False,0.0,0.0,0.0,0.0,0.0,0.0,,
49-9052.00,Telecommunications Line Installers and Repairers,4834759.029092307,32932.986473076926,49.15371115384615,3.847368421052632,72.37210526315789,98360.0,670.0,49,"Installation, Maintenance, and Repair Occupations",70500.0,33.9,55980.0,26.91,304407.28964615386,2073.5348115384613,25.396215769230768,False,False,False,False,6.2962246476905435,6.296224647690542,6192.966563468418,42.18470513952664,436604142.7245235,2361499.7937107016,0.00681171207808052,0.5474922886267084
49-9061.00,Camera and Photographic Equipment Repairers,78452.70426923077,858.6863153846153,39.03119615384615,3.8546666666666667,77.18666666666667,2010.0,22.0,49,"Installation, Maintenance, and Repair Occupations",49300.0,23.7,49300.0,23.7,1978.5867923076921,21.656173846153845,13.447703461538461,False,False,False,False,2.52201222473818,2.52201222473818,50.692445717237426,0.5548426894423997,2499137.5738598052,27353.744589510305,0.010945273631840797,0.8797278630764884
49-9062.00,Medical Equipment Repairers,1680269.118042308,12153.845338461539,27.62237576923077,3.9735,83.81,60830.0,440.0,49,"Installation, Maintenance, and Repair Occupations",62630.0,30.110000000000003,59980.0,28.84,225956.75498846156,1634.4069076923076,8.996479615384615,False,False,False,False,13.447652674336192,13.447652674336192,8180.207121798706,59.169671767079244,512326372.03825295,3548996.912589413,0.007233273056057865,0.5813753098088908
49-9063.00,Musical Instrument Repairers and Tuners,287549.2974346154,5018.312346153846,50.18312346153846,3.602413793103448,63.41137931034483,5730.0,100.0,49,"Installation, Maintenance, and Repair Occupations",45320.0,21.79,41440.0,19.92,0.0,0.0,20.661444835164836,False,False,False,False,0.0,0.0,0.0,0.0,0.0,0.0,,
49-9064.00,Watch and Clock Repairers,63475.560000000005,683.5829538461538,48.82735384615385,4.338666666666667,96.48,1300.0,14.0,49,"Installation, Maintenance, and Repair Occupations",60690.0,29.18,60690.0,29.18,2965.9835,31.94136076923077,17.108723461538464,False,True,True,False,4.6726385714438745,4.672638571443875,60.74430142877037,0.6541694000021424,3686571.653712074,39701.540886130024,0.01076923076923077,0.8655783939500834
49-9071.00,"Maintenance and Repair Workers, General",43127326.367,444591.2929,28.15651,3.6377777777777776,74.16185185185185,1531700.0,15790.0,49,"Installation, Maintenance, and Repair Occupations",48620.0,23.38,49070.0,23.59,1589667.1864999998,16387.572549999997,12.017928461538462,False,False,False,False,3.68598594072916,3.685985940729159,56458.24665414854,582.0171800411343,2744999952.3247023,28559583.02461846,0.010308807207677743,0.8285717873051119
49-9081.00,Wind Turbine Service Technicians,230967.3982846154,2552.580872307692,20.585329615384616,4.160833333333334,88.53750000000001,11220.0,124.0,49,"Installation, Maintenance, and Repair Occupations",62580.0,30.09,62580.0,30.09,17452.416553846153,192.87875692307693,13.056997307692308,False,False,False,False,7.5562251137885585,7.55622511378856,847.8084577670763,9.369719141097812,53055853.287063636,586357.0238499012,0.011051693404634582,0.8882813668497164
49-9091.00,"Coin, Vending, and Amusement Machine Servicers and Repairers",1063696.5633461538,9033.516461538462,37.639651923076926,3.955,65.02777777777777,28260.0,240.0,49,"Installation, Maintenance, and Repair Occupations",47350.0,22.77,50280.0,24.17,497122.5404076923,4221.847476923077,20.75969076923077,False,False,False,False,46.73537149014141,46.735371490141404,13207.415983113962,112.16489157633937,625371146.8004462,5639650.748458344,0.008492569002123142,0.6825913934698867
49-9092.00,Commercial Divers,66020.34713076922,731.4207553846153,19.247914615384616,3.880434782608696,84.49347826086957,3430.0,38.0,49,"Installation, Maintenance, and Repair Occupations",61130.0,29.39,61130.0,29.39,757.1777769230766,8.388558461538459,3.4163969230769227,False,False,False,False,1.1468854827789734,1.1468854827789734,39.33817205931879,0.4358164834560099,2404742.4579861574,26641.461633665884,0.011078717201166181,0.8904534081868829
49-9094.00,Locksmiths and Safe Repairers,395909.2917692308,3819.060692307692,25.460404615384615,3.975714285714286,83.675,15550.0,150.0,49,"Installation, Maintenance, and Repair Occupations",50490.0,24.27,47690.0,22.93,57440.30648076923,554.0865576923077,5.4398430769230774,False,False,False,False,14.508451222268928,14.508451222268931,2256.064165062818,21.762676833403393,113908679.69402169,1037862.0581850078,0.00964630225080386,0.7753228609107315
49-9095.00,Manufactured Building and Mobile Home Installers,33832.96622307692,375.9218469230769,12.962822307692306,3.777857142857143,76.11214285714286,2610.0,29.0,49,"Installation, Maintenance, and Repair Occupations",41080.0,19.75,41080.0,19.75,282.9852346153845,3.1442803846153833,5.253846923076923,False,False,False,False,0.8364186360413319,0.8364186360413318,21.830526400678764,0.24256140445198626,896798.0245398836,9964.422494887596,0.01111111111111111,0.8930570731231018
49-9096.00,Riggers,1060446.169646154,21042.338215384614,43.83820461538461,4.147142857142858,85.03642857142857,24190.0,480.0,49,"Installation, Maintenance, and Repair Occupations",62060.0,29.84,91070.0,43.79,0.0,0.0,20.102142692307694,False,False,False,False,0.0,0.0,0.0,0.0,0.0,0.0,,
49-9097.00,Signal and Track Switch Repairers,92194.64023461539,1010.6598807692308,11.229554230769232,3.953333333333333,86.09916666666668,8210.0,90.0,49,"Installation, Maintenance, and Repair Occupations",83600.0,40.19,83600.0,40.19,8592.529161538461,94.19337692307693,3.9212350000000002,False,False,False,False,9.319987734289473,9.319987734289475,765.1709929851658,8.387988960860525,63968295.013559856,701235.87712794,0.010962241169305725,0.8810916312176766
49-9098.00,"Helpers--Installation, Maintenance, and Repair Workers",3486857.5565307694,26453.50206923077,35.74797576923077,3.724375,81.98125,97540.0,740.0,49,"Installation, Maintenance, and Repair Occupations",38860.0,18.68,41760.0,20.08,0.0,0.0,7.167314230769231,False,False,False,False,0.0,0.0,0.0,0.0,0.0,0.0,,
49-9099.01,Geothermal Technicians,8236785.85155,95959.07083846154,44.840687307692306,3.79625,56.65416666666667,183690.0,2140.0,49,"Installation, Maintenance, and Repair Occupations",48640.0,23.39,50080.0,24.08,1471976.2178999998,17148.61509230769,23.662629615384617,False,False,False,False,17.87075983798951,17.87075983798951,32826.79874640293,382.43426053297554,1596695491.0250385,19152307.767491415,0.011650062605476618,0.9363753730933062
51-1011.00,First-Line Supervisors of Production and Operating Workers,25538464.113946155,332491.3154923077,37.27481115384615,3.9549999999999996,88.658,685140.0,8920.0,51,Production Occupations,71190.0,34.23,67050.0,32.23,4970862.775546154,64716.8402923077,24.139303461538464,False,False,False,False,19.464219748562105,19.46421974856211,133357.1551852984,1736.2084015717398,9493695877.641394,116412773.32538515,0.013019236944274164,1.0464229475774678
51-2011.00,"Aircraft Structure, Surfaces, Rigging, and Systems Assemblers",1336626.26075,9753.429692307693,40.639290384615386,4.128888888888889,56.53370370370371,32890.0,240.0,51,Production Occupations,61680.0,29.65,59810.0,28.75,18771.65125,136.9776923076923,10.891901923076924,False,False,False,False,1.4044053899903897,1.4044053899903894,461.90893276783913,3.370572935976935,28490542.973120317,201593.9673007805,0.007297050775311645,0.5865014527047431
51-2021.00,"Coil Winders, Tapers, and Finishers",421844.70326153847,4644.797883076923,34.66267076923077,4.191818181818181,72.31090909090909,12170.0,134.0,51,Production Occupations,47260.0,22.72,47260.0,22.72,63390.64196538461,697.9742007692307,21.589900384615387,False,False,False,False,15.027009104363035,15.027009104363035,1828.7870080009814,20.136192199846466,86428473.99812637,951636.443364744,0.011010682004930156,0.8849850699970919
51-2022.00,Electrical and Electronic Equipment Assemblers,4016720.0578846154,44223.60283269231,44.09132884615384,3.9125,71.128125,91100.0,1003.0,51,Production Occupations,44210.0,21.26,44210.0,21.26,316745.59,3487.3307000000004,31.415269230769233,False,False,False,False,7.885677503918768,7.885677503918767,7183.852206069998,79.09334536430524,317598106.0303546,3496716.7985559343,0.01100987925356751,0.8849205487466785
51-2023.00,Electromechanical Equipment Assemblers,2965947.3250769232,32654.72192153846,32.55705076923077,3.7964285714285713,71.99357142857143,91100.0,1003.0,51,Production Occupations,44210.0,21.26,44210.0,21.26,451879.82615384617,4975.142323076923,13.834465,False,False,False,False,15.235598499448283,15.235598499448283,13879.630232997386,152.81305294946628,613618452.6008145,6755865.070895905,0.01100987925356751,0.8849205487466785
51-2031.00,Engine and Other Machine Assemblers,1657448.8926384614,6039.6367769230765,43.140262692307694,4.229166666666667,79.05666666666666,38420.0,140.0,51,Production Occupations,52540.0,25.26,46060.0,22.149999999999995,0.0,0.0,7.845394230769232,False,False,False,False,0.0,0.0,0.0,0.0,0.0,0.0,,
51-2041.00,Structural Metal Fabricators and Fitters,3475440.012992308,57945.702726923075,65.10753115384615,3.87,72.49391304347826,53380.0,890.0,51,Production Occupations,49900.0,23.99,50440.0,24.25,0.0,0.0,21.377168076923077,False,False,False,False,0.0,0.0,0.0,0.0,0.0,0.0,,
51-2051.00,Fiberglass Laminators and Fabricators,964792.4193846154,5730.408538461538,52.09462307692308,4.171875,73.981875,18520.0,110.0,51,Production Occupations,45760.0,22.0,46870.0,22.53,0.0,0.0,5.038352692307692,True,False,True,False,0.0,0.0,0.0,0.0,0.0,0.0,,
51-2061.00,Timing Device Assemblers and Adjusters,17710.874,231.0114,77.0038,4.13470588235294,66.25411764705882,230.0,3.0,51,Production Occupations,40790.0,19.61,40790.0,19.61,0.0,0.0,28.482766153846153,True,False,True,False,0.0,0.0,0.0,0.0,0.0,0.0,,
51-2092.00,Team Assemblers,22722879.70657692,250297.71047346154,31.174207307692306,4.0600000000000005,70.81272727272727,728900.0,8029.0,51,Production Occupations,42210.0,20.29,42210.0,20.29,1242621.1506538463,13686.051032307696,20.545185384615387,False,False,False,False,5.468590102574813,5.46790899781674,39860.553257667816,439.07309933573174,1682513953.0061586,18533275.522961237,0.01101385649609,0.8852402201576398
51-3011.00,Bakers,14606320.141353846,250062.9219076923,62.98814153846154,4.307222222222222,81.40666666666667,231890.0,3970.0,51,Production Occupations,36650.0,17.62,35490.0,17.06,2956710.590969231,50619.43613846154,32.309122307692306,False,False,False,False,20.242679623309805,20.242679623309805,46940.749778493104,803.6343810453992,1720378479.3817723,28520984.183301218,0.017120186295226183,1.3760373117723241
51-3021.00,Butchers and Meat Cutters,4600621.333938462,45336.028569230766,32.85219461538461,4.297272727272727,76.5409090909091,140040.0,1380.0,51,Production Occupations,38960.0,18.73,41680.0,20.04,206060.8346307692,2030.5909153846153,10.687551923076922,False,False,False,False,4.478978374305072,4.478978374305073,6272.361315376823,61.809901565409994,244371196.847081,2576236.6972462884,0.00985432733504713,0.792042905469075
51-3022.00,"Meat, Poultry, and Fish Cutters and Trimmers",6610284.646846154,65592.16461538462,46.85154615384616,4.23,66.21083333333333,141090.0,1400.0,51,Production Occupations,37700.0,18.13,42760.0,20.56,0.0,0.0,12.004081923076923,False,False,False,False,0.0,0.0,0.0,0.0,0.0,0.0,,
51-3023.00,Slaughterers and Meat Packers,3007995.2826923076,34759.0566,44.56289307692308,4.377142857142857,54.63285714285714,67500.0,780.0,51,Production Occupations,39790.0,19.13,40470.0,19.46,0.0,0.0,0.0,False,False,False,False,0.0,0.0,0.0,0.0,0.0,0.0,,
51-3091.00,"Food and Tobacco Roasting, Baking, and Drying Machine Operators and Tenders",2122325.355,16325.579653846155,108.8371976923077,4.206315789473685,67.49421052631578,19500.0,150.0,51,Production Occupations,42730.0,20.54,40500.0,19.47,394065.795,3031.2753461538464,68.67488653846154,False,False,False,False,18.56764298987513,18.567642989875132,3620.69038302565,27.85146448481269,154712100.06668603,1127984.311634914,0.007692307692307694,0.6182702813929167
51-3092.00,Food Batchmakers,27201661.79016923,495987.4251615385,158.46243615384617,4.4796,68.9008,171660.0,3130.0,51,Production Occupations,40790.0,19.61,38790.0,18.65,3532004.194846154,64401.56780769231,86.94954038461539,False,False,False,False,12.984516247910383,12.984516247910383,22289.220591162964,406.41535855959495,909177307.9135373,15764851.758526688,0.018233717814284046,1.4655375597039366
51-3093.00,Food Cooking Machine Operators and Tenders,2008503.6442615385,37759.287599999996,72.61401461538462,4.388823529411765,80.87823529411764,27660.0,520.0,51,Production Occupations,40550.0,19.49,37610.0,18.08,448398.82386923075,8429.7682,52.06078576923077,False,False,False,False,22.325019182830133,22.325019182830136,6175.100305970814,116.09009975071669,250400317.4071165,4366148.651624455,0.018799710773680405,1.5110293211193482
51-4021.00,"Extruding and Drawing Machine Setters, Operators, and Tenders, Metal and Plastic",4114219.763769231,45713.552930769234,62.62130538461538,3.92875,65.83125,65700.0,730.0,51,Production Occupations,46980.0,22.59,44910.0,21.59,0.0,0.0,46.52418115384616,False,False,False,False,0.0,0.0,0.0,0.0,0.0,0.0,,
51-4022.00,"Forging Machine Setters, Operators, and Tenders, Metal and Plastic",424521.26764615386,4652.287864615385,48.461331923076926,4.171538461538462,76.61461538461539,8760.0,96.0,51,Production Occupations,49240.0,23.67,49240.0,23.67,0.0,0.0,31.106838461538462,False,False,False,False,0.0,0.0,0.0,0.0,0.0,0.0,,
51-4023.00,"Rolling Machine Setters, Operators, and Tenders, Metal and Plastic",2165090.7988846153,8718.48643846154,96.87207153846154,4.092631578947368,77.33,22350.0,90.0,51,Production Occupations,48630.0,23.38,46050.0,22.14,383798.223,1545.4962,64.8182226923077,False,False,False,False,17.726657154412205,17.7266571544122,3961.9078740111277,15.953991438970984,192667579.91316113,734681.3057646138,0.004026845637583893,0.3236582681117282
51-4031.00,"Cutting, Punching, and Press Machine Setters, Operators, and Tenders, Metal and Plastic",15279083.34265,98981.62115,87.59435500000001,3.9553125000000002,67.359375,174430.0,1130.0,51,Production Occupations,45590.0,21.92,44940.0,21.61,1890330.9846115385,12246.024265384614,44.576335,False,False,False,False,12.372018282895759,12.372018282895757,21580.51149085507,139.80380659672207,983855518.8680826,6282783.06845669,0.0064782434214298,0.5206896998028978
51-4032.00,"Drilling and Boring Machine Tool Setters, Operators, and Tenders, Metal and Plastic",377547.84581538464,4123.8747753846155,71.10128923076923,4.202941176470588,86.86352941176472,5310.0,58.0,51,Production Occupations,46630.0,22.42,46630.0,22.42,31047.204426923076,339.12200692307687,35.075429615384614,False,False,False,False,8.223382750303045,8.223382750303044,436.6616240410917,4.769561995175766,20361531.52903611,222404.675835046,0.010922787193973634,0.8779205125616933
51-4033.00,"Grinding, Lapping, Polishing, and Buffing Machine Tool Setters, Operators, and Tenders, Metal and Plastic",5344077.448557693,37349.84951923077,76.22418269230769,4.053888888888888,75.11666666666666,70110.0,490.0,51,Production Occupations,45190.0,21.73,42920.0,20.64,661261.6104230769,4621.568807692308,36.84121384615385,False,False,False,False,12.373728052941,12.373728052941004,8675.220737916936,60.6312674594109,392033225.1464663,2602293.999357916,0.006989017258593639,0.5617432167269832
51-4034.00,"Lathe and Turning Machine Tool Setters, Operators, and Tenders, Metal and Plastic",1025834.3861230769,2703.8333846153846,54.07666769230769,3.9694444444444446,92.28722222222223,18970.0,50.0,51,Production Occupations,48620.0,23.38,57500.0,27.65,114609.13011153846,302.07994230769236,29.544060769230768,False,False,False,False,11.172283914626737,11.172283914626739,2119.382258604692,5.586141957313369,103044365.41336013,321203.1625455187,0.0026357406431207174,0.2118480141831291
51-4035.00,"Milling and Planing Machine Setters, Operators, and Tenders, Metal and Plastic",1002449.474273077,6532.979919230769,72.58866576923077,4.156666666666667,82.25066666666666,13810.0,90.0,51,Production Occupations,48310.0,23.219999999999995,45000.0,21.64,136542.32229615384,889.8485884615384,45.213441153846155,False,False,False,False,13.620868263227637,13.620868263227637,1881.0419071517367,12.258781436904874,90873134.5345004,551645.1646607193,0.006517016654598117,0.5238061037144913
51-4041.00,Machinists,27890362.933269233,343507.2646153846,93.34436538461539,4.200689655172414,75.81758620689655,298790.0,3680.0,51,Production Occupations,56150.0,27.0,60450.0,29.06,3139719.336092307,38669.85895384615,61.12517346153846,False,False,False,False,11.25736278012743,11.25736278012743,33635.874250742745,414.2709503086894,1888654339.1792052,25042678.946160275,0.012316342581746378,0.9899277171872263
51-4051.00,Metal-Refining Furnace Operators and Tenders,1388530.8445423075,35515.7914,68.29959884615384,4.36,73.27066666666666,20330.0,520.0,51,Production Occupations,55770.0,26.81,70450.0,33.87,156351.93099999998,3999.1639999999998,44.881911153846154,False,False,False,False,11.260241831468804,11.260241831468802,2289.2071643376075,58.553257523637775,127669083.55510837,4125076.9925402813,0.025577963600590264,2.055832317863314
51-4052.00,"Pourers and Casters, Metal",248742.1925153846,1706.6359692307692,42.66589923076923,4.405625,74.1275,5830.0,40.0,51,Production Occupations,48940.0,23.53,44450.0,21.37,8417.766584615385,57.75483076923077,28.21826576923077,False,False,False,False,3.3841329850362034,3.3841329850362034,197.29495302761063,1.3536531940144814,9655615.001171265,60169.8844739437,0.00686106346483705,0.5514589130777301
51-4061.00,"Model Makers, Metal and Plastic",146181.22062307692,3168.014069230769,45.257343846153844,4.360625,88.87375,3230.0,70.0,51,Production Occupations,62700.0,30.14,51960.0,24.98,11451.876796153845,248.18308846153846,24.51369192307692,False,False,False,False,7.8340273445124,7.834027344512401,253.03908322775052,5.48381914115868,15865550.518379958,284939.242574605,0.021671826625386997,1.741876024976948
51-4062.00,"Patternmakers, Metal and Plastic",59666.48832692307,646.0702557692307,38.00413269230769,3.6993333333333336,69.58933333333333,1570.0,17.0,51,Production Occupations,54540.0,26.219999999999995,54540.0,26.219999999999995,18406.86417307692,199.3099942307692,23.42342346153846,False,False,False,False,30.84958523488513,30.849585234885136,484.33848818769656,5.244429489930472,26415821.14575697,286031.184380808,0.010828025477707007,0.8703040266741058
51-4071.00,Foundry Mold and Coremakers,872549.4271384615,6173.698776923076,68.59665307692308,4.490769230769231,70.60307692307693,12720.0,90.0,51,Production Occupations,45700.0,21.97,45630.0,21.94,0.0,0.0,12.206162692307691,False,False,False,False,0.0,0.0,0.0,0.0,0.0,0.0,,
51-4072.00,"Molding, Coremaking, and Casting Machine Setters, Operators, and Tenders, Metal and Plastic",11377993.80683077,207981.6720923077,73.49175692307692,3.7955172413793106,58.65551724137931,154820.0,2830.0,51,Production Occupations,41230.0,19.82,45820.0,22.03,644197.9812692307,11775.483057692307,32.79899730769231,False,False,False,False,5.661788819769677,5.661788819769676,8765.581450767413,160.22862359948186,361404923.21514046,7341675.533328259,0.01827929208112647,1.4692005976259788
51-4081.00,"Multiple Machine Tool Setters, Operators, and Tenders, Metal and Plastic",8397106.388596155,97001.61403846154,64.6677426923077,3.9776190476190476,77.82000000000001,129850.0,1500.0,51,Production Occupations,46060.0,22.14,40180.0,19.32,1388659.1500384614,16041.499615384613,35.14469192307692,False,False,False,False,16.53735329499166,16.53735329499166,21473.753253546674,248.0602994248749,989081074.8583598,9967062.830891473,0.011551790527531768,0.9284767414063824
51-4111.00,Tool and Die Makers,1991305.6082153847,5056.825415384616,36.12018153846154,3.9905882352941178,87.6029411764706,55130.0,140.0,51,Production Occupations,63180.0,30.380000000000003,66660.0,32.05,65509.94001153847,166.35936153846154,9.020020384615385,False,False,False,False,3.2897983986621075,3.2897983986621075,1813.6658571824198,4.605717758126951,114587408.85678528,307017.14575674257,0.0025394522038817337,0.20410881772811684
51-4121.00,"Welders, Cutters, Solderers, and Brazers",35776332.921215385,356885.87929615384,84.37018423076923,3.886896551724138,73.2948275862069,424040.0,4230.0,51,Production Occupations,51000.0,24.520000000000003,56050.0,26.95,1074852.6777846154,10722.164953846155,18.71948423076923,False,False,False,False,3.0043679438907143,3.0043679438907147,12739.721829274185,127.08476402657722,649725813.2929834,7123101.023689653,0.009975474011885673,0.8017800861663167
51-4122.00,"Welding, Soldering, and Brazing Machine Setters, Operators, and Tenders",3165948.532923077,7851.622153846154,87.24024615384616,3.8113793103448277,70.88793103448276,36290.0,90.0,51,Production Occupations,47060.0,22.62,47320.0,22.75,493279.05508461536,1223.3429307692309,44.854216538461536,False,False,False,False,15.580766710353867,15.580766710353867,5654.260239187419,14.02269003931848,266089486.85615993,663553.6926605505,0.002480022044640397,0.19933211056205913
51-4191.00,"Heat Treating Equipment Setters, Operators, and Tenders, Metal and Plastic",1324609.1980461539,9986.77256923077,90.78884153846154,4.279565217391304,57.54565217391304,14590.0,110.0,51,Production Occupations,47450.0,22.81,46360.0,22.29,198830.4605653846,1499.0644730769232,58.84000692307692,False,False,False,False,15.010499765415087,15.010499765415089,2190.0319157740614,16.511549741956596,103917014.40347922,765475.4460371078,0.007539410555174778,0.6059811531130027
51-4192.00,"Layout Workers, Metal and Plastic",256008.8178576923,2829.3309638461537,45.63437038461539,4.094285714285714,73.33285714285715,5610.0,62.0,51,Production Occupations,61870.0,29.74,61870.0,29.74,17340.192819230768,191.6384946153846,20.88811346153846,False,False,False,False,6.773279516047633,6.773279516047633,379.98098085027215,4.199433299949532,23509423.285206337,259818.93826787753,0.01105169340463458,0.8882813668497163
51-4193.00,"Plating Machine Setters, Operators, and Tenders, Metal and Plastic",4636232.321342308,26484.348392307693,147.13526884615385,3.9927272727272722,59.75575757575758,31510.0,180.0,51,Production Occupations,41600.0,20.0,46280.0,22.25,175758.8048923077,1004.0172923076923,57.22028115384615,False,True,True,False,3.7909835554017492,3.7909835554017492,1194.5389183070913,6.8237703997231485,49692819.001575,315804.0940991873,0.005712472231037765,0.4591407357852824
51-4194.00,"Tool Grinders, Filers, and Sharpeners",344972.46598846157,3792.8909873076923,60.20461884615385,4.171666666666667,73.17833333333334,5730.0,63.0,51,Production Occupations,48970.0,23.54,48970.0,23.54,84865.69446923077,933.0783161538463,39.32320923076923,False,False,False,False,24.600715371895596,24.6007153718956,1409.6209908096178,15.498450684294225,69029139.91994698,758959.1300098882,0.010994764397905761,0.8837056901584622
51-5111.00,Prepress Technicians and Workers,1390924.2395192308,16881.61192307692,60.29147115384615,4.243333333333333,61.93333333333333,23070.0,280.0,51,Production Occupations,47300.0,22.74,37590.0,18.07,720365.6035730769,8743.058907692308,53.92595923076923,False,False,False,False,51.79042704885705,51.790427048857055,11948.05152017132,145.01319573679973,565142836.9041035,5451046.027746302,0.012136974425661032,0.9755109771435704
51-5112.00,Printing Press Operators,13499339.347765384,164660.12435769232,93.02831884615385,4.318695652173913,76.92391304347827,145110.0,1770.0,51,Production Occupations,45160.0,21.71,39740.0,19.11,4023670.412273077,49079.29591153846,54.91271038461538,False,False,False,False,29.8064246598789,29.806424659878893,43252.10282395028,527.5737164798566,1953264963.5295944,20965779.4929095,0.012197643167252428,0.980387235535181
51-5113.00,Print Binding and Finishing Workers,1925655.9627038462,42768.88757307692,52.80109576923077,4.2536000000000005,66.74680000000001,36470.0,810.0,51,Production Occupations,39820.0,19.14,38330.0,18.43,259122.46397692306,5755.119161538461,37.24271269230769,False,False,False,False,13.456321845418575,13.456321845418579,4907.520577024155,108.99620694789046,195417469.37710184,4177824.612312641,0.022210035645736224,1.785134648496686
51-6011.00,Laundry and Dry-Cleaning Workers,16240529.86633846,122203.0042153846,83.13129538461538,3.9517391304347824,53.67652173913043,195360.0,1470.0,51,Production Occupations,33800.0,16.25,33690.0,16.2,723237.2968615383,5442.049684615384,27.409803846153842,False,False,False,False,4.453286332489577,4.453286332489577,8699.940179151636,65.46330908759677,294057978.05532527,2205458.883161135,0.007524570024570025,0.60478834343871
51-6021.00,"Pressers, Textile, Garment, and Related Materials",3722999.515757692,33303.01467692308,138.76256115384615,4.238571428571428,74.46678571428572,26830.0,240.0,51,Production Occupations,33880.0,16.29,34450.0,16.56,201439.75351153847,1801.9210153846154,29.863235384615383,False,False,False,False,5.410684386579678,5.410684386579677,1451.6866209193279,12.985642527791228,49183142.71674683,447355.3850824078,0.008945210585165859,0.7189725225292211
51-6031.00,Sewing Machine Operators,12330838.89495,129395.60844230768,112.51792038461538,4.039615384615384,70.22423076923077,109590.0,1150.0,51,Production Occupations,36000.0,17.31,37480.0,18.02,1736642.0026500002,18223.72755769231,48.614241923076925,False,False,False,False,14.0837295616702,14.0837295616702,15434.359226634371,161.9628899592073,555636932.1588373,6070369.11567109,0.01049365818049092,0.8434292094921164
51-6041.00,Shoe and Leather Workers and Repairers,795604.0941538461,7289.566307692308,104.13666153846154,4.284230769230769,60.49230769230769,7640.0,70.0,51,Production Occupations,35950.0,17.29,36500.0,17.55,0.0,0.0,15.33634576923077,False,False,False,False,0.0,0.0,0.0,0.0,0.0,0.0,,
51-6042.00,Shoe Machine Operators and Tenders,334881.80676923075,3686.7721846153845,102.41033846153846,4.252631578947368,66.02631578947368,3270.0,36.0,51,Production Occupations,38160.0,18.35,38160.0,18.35,0.0,0.0,35.71381846153846,False,False,False,False,0.0,0.0,0.0,0.0,0.0,0.0,,
51-6051.00,"Sewers, Hand",146506.1187692308,1635.1129326923078,65.40451730769232,4.491818181818181,65.60636363636364,2240.0,25.0,51,Production Occupations,33760.0,16.23,33760.0,16.23,0.0,0.0,15.459763076923078,False,False,False,False,0.0,0.0,0.0,0.0,0.0,0.0,,
51-6052.00,"Tailors, Dressmakers, and Custom Sewers",1318075.019273077,17800.89037692308,80.91313807692308,4.086818181818182,85.78909090909092,16290.0,220.0,51,Production Occupations,40860.0,19.64,40570.0,19.5,0.0,0.0,28.684675769230772,False,False,False,False,0.0,0.0,0.0,0.0,0.0,0.0,,
51-6061.00,Textile Bleaching and Dyeing Machine Operators and Tenders,503287.63384615385,5534.434461538462,86.47553846153846,4.324347826086957,67.58869565217391,5820.0,64.0,51,Production Occupations,37320.0,17.94,37320.0,17.94,80162.81312307692,881.5154707692309,47.23194115384615,False,False,False,False,15.92783285980384,15.927832859803843,926.9998724405834,10.193813030274457,34595635.239482574,380433.10228984273,0.010996563573883164,0.8838502991733794
51-6062.00,"Textile Cutting Machine Setters, Operators, and Tenders",479232.5646769231,5295.091953461539,53.48577730769231,4.122222222222223,72.76444444444445,8960.0,99.0,51,Production Occupations,37940.0,18.24,37940.0,18.24,71011.71150769231,784.6160088461538,26.875919615384614,False,False,False,False,14.817797608467027,14.817797608467027,1327.6746657186457,14.669619632382357,50371976.817365415,556565.3688525866,0.011049107142857142,0.8880734957061202
51-6063.00,"Textile Knitting and Weaving Machine Setters, Operators, and Tenders",1196356.9397192309,13173.92363076923,82.33702269230768,4.273157894736842,72.04894736842105,14530.0,160.0,51,Production Occupations,38260.0,18.4,38260.0,18.4,103352.99092692307,1138.0921230769231,18.71851346153846,False,False,False,False,8.638976169702218,8.638976169702218,1255.2432374577322,13.82236187152355,48025606.26513284,528843.565204491,0.011011699931176877,0.8850668859582015
51-6064.00,"Textile Winding, Twisting, and Drawing Out Machine Setters, Operators, and Tenders",1769284.457,19496.484065,85.887595,4.135217391304348,64.08695652173913,20600.0,227.0,51,Production Occupations,37660.0,18.11,37660.0,18.11,255853.92530769232,2819.3612157692305,29.57506923076923,False,False,False,False,14.460870002866494,14.460870002866491,2978.939220590498,32.82617490650694,112186851.04743814,1236233.7469790515,0.011019417475728153,0.8856871846555809
51-6091.00,"Extruding and Forming Machine Setters, Operators, and Tenders, Synthetic and Glass Fibers",803260.9026153847,8841.260941538461,53.91012769230769,3.9452941176470584,69.87176470588236,14900.0,164.0,51,Production Occupations,44980.0,21.63,44980.0,21.63,0.0,0.0,31.564005769230768,False,False,False,False,0.0,0.0,0.0,0.0,0.0,0.0,,
51-6092.00,Fabric and Apparel Patternmakers,117453.49,1314.164923076923,41.067653846153846,4.296250000000001,85.69,2860.0,32.0,51,Production Occupations,67670.0,32.54,67670.0,32.54,38873.5446,434.9487507692308,36.86319730769231,False,False,False,False,33.096968510684526,33.09696851068453,946.5732994055775,10.591029923419049,64054615.17077543,716694.994917767,0.011188811188811189,0.8993022274806061
51-6093.00,Upholsterers,1450327.3004615386,8982.494,69.0961076923077,4.084545454545455,68.19181818181818,20990.0,130.0,51,Production Occupations,46190.0,22.21,43150.0,20.74,83368.36455769232,516.3357500000001,17.61563,False,False,False,False,5.748244863842937,5.748244863842937,1206.5565969206325,7.472718322995819,55730849.211764015,322447.79563726956,0.006193425440686041,0.497797415699871
51-7011.00,Cabinetmakers and Bench Carpenters,4395318.787092308,112728.81978461538,55.259225384615384,4.136,75.9675,79540.0,2040.0,51,Production Occupations,46020.0,22.12,46750.0,22.48,180084.46431538463,4618.711430769231,18.010041153846153,False,False,False,False,4.097187781788138,4.097187781788138,3258.9031616342854,83.58263074847802,149974723.4984098,3907487.987491348,0.025647472969575057,2.061419142889131
51-7021.00,Furniture Finishers,912994.7257038462,10265.576676923078,64.15985423076923,4.012727272727273,66.36136363636363,14230.0,160.0,51,Production Occupations,42530.0,20.45,46380.0,22.3,0.0,0.0,8.899088461538462,False,False,False,False,0.0,0.0,0.0,0.0,0.0,0.0,,
51-7031.00,"Model Makers, Wood",13926.532153846154,154.73924615384615,38.68481153846154,3.952142857142857,85.17142857142858,360.0,4.0,51,Production Occupations,51850.0,24.93,51850.0,24.93,1004.6856461538459,11.163173846153844,20.345215384615383,False,False,False,False,7.2141839408052295,7.2141839408052295,25.971062186898827,0.2885673576322092,1346599.5743907043,14962.217493230048,0.011111111111111112,0.8930570731231019
51-7032.00,"Patternmakers, Wood",8909.641176923076,98.99601307692308,49.49800653846154,4.101,89.1755,180.0,2.0,51,Production Occupations,52520.0,25.25,52520.0,25.25,805.1990538461539,8.946656153846154,33.80667076923077,False,False,False,False,9.037390371362044,9.037390371362042,16.267302668451677,0.18074780742724086,854358.7361470821,9492.87484607869,0.011111111111111112,0.8930570731231019
51-7041.00,"Sawing Machine Setters, Operators, and Tenders, Wood",3925008.0137538463,24565.418723076924,90.98303230769231,4.209545454545455,64.91227272727272,43140.0,270.0,51,Production Occupations,39950.0,19.21,38170.0,18.35,238139.65262307692,1490.4428884615384,50.04727269230769,False,False,False,False,6.067239908519883,6.067239908519882,2617.4072965354776,16.381547753003687,104565421.49659233,625283.6777321508,0.006258692628650904,0.5030432748468098
51-7042.00,"Woodworking Machine Setters, Operators, and Tenders, Except Sawing",6385542.652326923,77614.33058076924,100.79783192307693,4.0888,75.83359999999999,63350.0,770.0,51,Production Occupations,40440.0,19.44,37880.0,18.21,426573.60873076925,5184.872592307693,50.58979923076924,False,False,False,False,6.68030317791901,6.680303177919009,4231.972063211692,51.43833446997637,171140950.23628083,1948484.1097227049,0.012154696132596685,0.9769353617589733
51-8011.00,Nuclear Power Reactor Operators,313129.7466,3448.8066496153847,54.74296269230769,4.416315789473684,81.15157894736842,5720.0,63.0,51,Production Occupations,122610.0,58.95,122610.0,58.95,137475.0124,1514.147863846154,34.42817807692308,False,False,False,False,43.9035300519098,43.9035300519098,2511.2819189692405,27.65922393270317,307908276.08481854,3391297.446388736,0.011013986013986015,0.8852506301762217
51-8012.00,Power Distributors and Dispatchers,668161.4875615385,2911.3790307692307,72.78447576923077,4.454285714285715,82.98571428571428,9180.0,40.0,51,Production Occupations,107240.0,51.56,100620.0,48.38,258232.86685384618,1125.1976769230769,37.411761923076924,False,False,False,False,38.6482716620303,38.6482716620303,3547.9113385743813,15.45930866481212,380478011.94871664,1555515.6378533954,0.004357298474945533,0.3502184600482752
51-8013.00,Power Plant Operators,2329510.4315076927,25782.342015384616,75.83041769230769,4.288181818181818,73.76227272727273,30720.0,340.0,51,Production Occupations,99670.0,47.92,103760.0,49.88,189571.93758632478,6294.38074017094,42.583874358974356,False,False,False,False,8.137844545458037,24.41353363637412,2499.945844364709,27.668671454557327,249169602.30783054,2870901.350124868,0.033203125,2.668705706793644
51-8013.03,Biomass Plant Technicians,2538744.552369231,28098.08423846154,82.64142423076923,4.165,84.36277777777778,30720.0,340.0,51,Production Occupations,99670.0,47.92,103760.0,49.88,144011.72873846153,4781.639430769231,32.74329615384615,True,False,True,False,5.672556878716512,17.017670636149536,1742.6094731417127,19.28669338763614,173685886.1880345,2001187.305901126,0.033203125,2.668705706793644
51-8013.04,Hydroelectric Plant Technicians,626707.2354461539,6936.2128923076925,20.400626153846154,4.109523809523809,89.34857142857143,30720.0,340.0,51,Production Occupations,99670.0,47.92,103760.0,49.88,61084.75076923077,2028.2046153846154,7.590866153846154,True,False,True,False,9.746935620704049,29.24080686211215,2994.2586226802837,33.13958111039376,298437756.9225439,3438562.9360144567,0.033203125,2.668705706793644
51-8021.00,Stationary Engineers and Boiler Operators,1815840.2566384615,6489.357642307693,58.994160384615384,4.0484,81.11,30780.0,110.0,51,Production Occupations,75190.0,36.15,69450.0,33.39,449746.9658307692,1607.2828538461538,37.67023269230769,False,False,False,False,24.767980783912922,24.76798078391292,7623.584485288397,27.244778862304216,573217317.4488347,1892149.8919870278,0.0035737491877842753,0.28724057907468187
51-8031.00,Water and Wastewater Treatment Plant and System Operators,3171588.9074999997,43789.19596153846,25.022397692307692,4.2162500000000005,92.08125,126750.0,1750.0,51,Production Occupations,58260.0,28.01,59120.0,28.42,508845.5775,7025.481346153846,9.282603076923078,False,False,False,False,16.04386925104669,16.043869251046686,20335.60427570168,280.7677118933171,1184752305.1023798,16598987.127132906,0.013806706114398421,1.109715889679594
51-8091.00,Chemical Plant and System Operators,1034096.0254153847,19128.45786923077,57.96502384615385,4.440526315789474,82.32052631578946,17840.0,330.0,51,Production Occupations,73540.0,35.35,53420.0,25.68,78018.9035076923,1443.1747846153846,15.820365384615386,False,False,False,False,7.544647846059846,7.544647846059847,1345.9651757370766,24.89733789199749,98982279.02370462,1330015.790190506,0.018497757847533634,1.4867598134392448
51-8092.00,Gas Plant Operators,658406.2102230769,6621.306953846154,41.38316846153846,4.163157894736842,79.37,15910.0,160.0,51,Production Occupations,83400.0,40.1,95690.0,46.01,122655.0609076923,1233.4889846153847,20.65132653846154,False,False,False,False,18.629086269726272,18.62908626972627,2963.88762551345,29.806538031562035,247188227.96782175,2852187.624240171,0.01005656819610308,0.808298042298722
51-8093.00,"Petroleum Pump System Operators, Refinery Operators, and Gaugers",1972452.542307692,37344.196153846155,56.582115384615385,3.877916666666667,76.74249999999999,34860.0,660.0,51,Production Occupations,97540.0,46.9,101920.0,49.0,424148.5383692308,8030.350984615385,33.273973846153844,False,False,False,False,21.503611837118964,21.503611837118957,7496.159086419671,141.92383812498517,731175357.2893747,14464877.581698488,0.0189328743545611,1.5217323621202596
51-8099.01,Biofuels Processing Technicians,1243630.560826923,6237.645446153846,77.97056807692307,4.316842105263158,85.5278947368421,15950.0,80.0,51,Production Occupations,61710.0,29.67,63380.0,30.47,408779.1452884615,2050.302923076923,33.940570384615384,False,False,False,False,32.86982148594462,32.86982148594462,5242.736527008167,26.295857188755694,323529271.081674,1666631.428623336,0.005015673981191222,0.40313548128440957
51-9011.00,Chemical Equipment Operators and Tenders,13060689.821423076,153763.71346153846,102.50914230769231,4.324347826086957,91.0004347826087,127410.0,1500.0,51,Production Occupations,57090.0,27.45,39110.0,18.81,1098817.0156038462,12936.390576923077,46.14210038461539,False,False,False,False,8.41316217311499,8.41316217311499,10719.20992476581,126.19743259672487,611959694.6048801,4935581.58885791,0.01177301624676242,0.9462577888047936
51-9012.00,"Separating, Filtering, Clarifying, Precipitating, and Still Machine Setters, Operators, and Tenders",4069499.1003076923,36790.67452307692,75.08300923076924,3.9685,74.48949999999999,54200.0,490.0,51,Production Occupations,49500.0,23.8,45620.0,21.94,491190.54353846156,4440.652515384615,40.92963,False,False,False,False,12.070049198470715,12.070049198470713,6541.966665571127,59.1432410725065,323827349.9457708,2698114.6577277463,0.009040590405904058,0.7266386886481326
51-9021.00,"Crushing, Grinding, and Polishing Machine Setters, Operators, and Tenders",1812560.5812115385,15871.808942307693,63.48723576923077,3.8319047619047617,74.96095238095238,28550.0,250.0,51,Production Occupations,46890.0,22.54,50440.0,24.25,215991.90646153846,1891.3476923076923,34.69361961538461,False,False,False,False,11.916396544228427,11.916396544228428,3402.1312133772158,29.790991360571066,159525932.59525764,1502657.6042272046,0.008756567425569177,0.7038103028115514
51-9022.00,"Grinding and Polishing Workers, Hand",945992.0539615385,6386.4442461538465,79.83055307692308,3.949411764705882,74.42117647058824,11850.0,80.0,51,Production Occupations,41690.0,20.04,35710.0,17.17,151288.5990576923,1021.3576307692308,45.104940769230765,False,False,False,False,15.992586663295938,15.992586663295938,1895.1215196005685,12.79406933063675,79007616.1521477,456876.21579703834,0.006751054852320675,0.5426169558216315
51-9023.00,"Mixing and Blending Machine Setters, Operators, and Tenders",8208823.264184616,132689.22967692307,81.40443538461538,4.342499999999999,86.6,100840.0,1630.0,51,Production Occupations,47680.0,22.92,44920.0,21.6,903580.3494,14605.67205,47.71080038461538,False,False,False,False,11.007428474460557,11.007428474460559,11099.890873646025,179.42108413370707,529242796.85544246,8059595.099286121,0.016164220547401825,1.299201434224108
51-9031.00,"Cutters and Trimmers, Hand",528295.438676923,5828.43624,74.72354153846155,4.054444444444445,67.02333333333334,7070.0,78.0,51,Production Occupations,38800.0,18.65,38800.0,18.65,62287.455946153845,687.18834,46.81760653846154,False,False,False,False,11.790269494309506,11.790269494309506,833.5720532476821,9.196410205561415,32342595.666010067,356820.7159757829,0.011032531824611034,0.8867412522382144
51-9032.00,"Cutting and Slicing Machine Setters, Operators, and Tenders",5621717.998923076,73316.47369230769,118.25237692307692,4.098400000000001,70.9344,47540.0,620.0,51,Production Occupations,45700.0,21.97,44830.0,21.55,1565647.1438307692,20418.62072307692,93.867325,False,False,False,False,27.84997653974625,27.84997653974625,13239.878846995367,172.66985454642676,605062463.3076882,7740789.5793163115,0.013041649137568362,1.0482243306745704
51-9041.00,"Extruding, Forming, Pressing, and Compacting Machine Setters, Operators, and Tenders",5994482.306196154,82632.01922692308,104.5974926923077,4.176153846153846,63.95692307692308,57310.0,790.0,51,Production Occupations,45130.0,21.7,38940.0,18.72,490183.36298461544,6757.020707692309,60.03012961538462,False,False,False,False,8.17724263658166,8.17724263658166,4686.37775502495,64.60021682899512,211496228.084276,2515532.4433210697,0.013784679811551214,1.1079455225798736
51-9051.00,"Furnace, Kiln, Oven, Drier, and Kettle Operators and Tenders",1080851.6429538461,10701.501415384615,66.88438384615385,3.998823529411765,61.52117647058823,16160.0,160.0,51,Production Occupations,47010.0,22.6,37180.0,17.88,426869.7128,4226.4328,48.657749230769234,False,False,False,False,39.49383022015982,39.493830220159815,6382.202963577827,63.19012835225571,300027361.31779367,2349408.972136867,0.009900990099009901,0.7957934314958334
51-9061.00,"Inspectors, Testers, Sorters, Samplers, and Weighers",68537629.96816154,806897.9068615384,115.93360730769231,4.124516129032258,65.03483870967742,591180.0,6960.0,51,Production Occupations,47460.0,22.82,48000.0,23.08,2824337.665915385,33251.108215384615,68.14038923076923,False,False,False,False,4.1208569179112295,4.1208569179112295,24361.681927307607,286.81164148662157,1156205424.270019,13766958.791357836,0.011773064041408706,0.9462616303060166
51-9071.00,Jewelers and Precious Stone and Metal Workers,1485717.3654923076,30450.227815384616,63.43797461538461,3.943793103448276,82.91862068965517,23420.0,480.0,51,Production Occupations,49140.0,23.63,46200.0,22.21,12607.058855769232,516.0784326923077,14.250426153846153,False,False,False,False,0.8485502793858611,1.69482617936791,198.73047543216867,4.073041341052133,9765615.562736768,188174.50995660856,0.04093567251461988,3.290210269400901
51-9071.06,Gem and Diamond Workers,965553.0222461538,19789.30190769231,41.22771230769231,4.175714285714286,55.50214285714286,23420.0,480.0,51,Production Occupations,49140.0,23.63,46200.0,22.21,0.0,0.0,16.800333076923074,False,False,False,False,0.0,0.0,0.0,0.0,0.0,0.0,,
51-9081.00,Dental Laboratory Technicians,2736965.3092923076,94405.93785,80.68883576923076,4.4541176470588235,65.29294117647059,33920.0,1170.0,51,Production Occupations,48310.0,23.23,45770.0,22.0,0.0,0.0,21.769356538461537,False,False,False,False,0.0,0.0,0.0,0.0,0.0,0.0,,
51-9082.00,Medical Appliance Technicians,457609.06141153845,8363.612088461537,39.82672423076923,4.183333333333334,85.45466666666667,11490.0,210.0,51,Production Occupations,47060.0,22.63,40600.0,19.52,0.0,0.0,10.32946,False,False,False,False,0.0,0.0,0.0,0.0,0.0,0.0,,
51-9083.00,Ophthalmic Laboratory Technicians,2122233.1681384617,23328.710386153845,113.24616692307691,4.417222222222223,76.83055555555556,18740.0,206.0,51,Production Occupations,38420.0,18.47,38420.0,18.47,0.0,0.0,31.975242692307692,False,False,False,False,0.0,0.0,0.0,0.0,0.0,0.0,,
51-9111.00,Packaging and Filling Machine Operators and Tenders,34366853.66357692,472716.5824615385,89.52965576923077,4.284000000000001,86.549,383860.0,5280.0,51,Production Occupations,40900.0,19.67,40430.0,19.44,7204389.3033076925,99096.48184615385,69.19481884615385,False,False,False,False,20.96319137571541,20.96319137571541,80469.30641482117,1106.8565046377737,3291194632.3661857,44750208.48250519,0.013755014849163758,1.105561197176309
51-9123.00,"Painting, Coating, and Decorating Workers",224983.7462653846,3984.3638653846156,26.562425769230767,4.2155555555555555,70.86444444444444,8470.0,150.0,51,Production Occupations,40860.0,19.64,42020.0,20.2,0.0,0.0,4.892685769230769,False,False,False,False,0.0,0.0,0.0,0.0,0.0,0.0,,
51-9124.00,"Coating, Painting, and Spraying Machine Setters, Operators, and Tenders",13147922.649230769,146729.16812307693,82.43211692307692,4.099130434782609,72.37652173913044,159500.0,1780.0,51,Production Occupations,47590.0,22.88,45720.0,21.98,896092.2871153846,10000.277561538462,44.60584699300699,True,False,True,False,6.815466678820256,6.815466678820256,10870.669352718307,121.31530688300056,517335154.4958642,5546535.830690785,0.011159874608150471,0.8969764458578114
51-9141.00,Semiconductor Processing Technicians,3008713.8776153848,13101.708953846155,93.58363538461539,4.1745,58.0955,32150.0,140.0,51,Production Occupations,51180.0,24.6,39090.0,18.8,935699.2138846153,4074.584446153846,52.965938076923074,False,True,True,False,31.099640974376136,31.099640974376136,9998.534573261928,43.53949736412659,511724999.4595455,1701958.9519637083,0.004354587869362364,0.35000059475431056
51-9151.00,Photographic Process Workers and Processing Machine Operators,497345.72907692305,9857.302738461538,89.61184307692308,3.998518518518519,72.92888888888889,5550.0,110.0,51,Production Occupations,40100.0,19.28,40250.0,19.35,321601.0343076923,6374.074553846153,82.17983653846153,False,False,False,False,64.66347562782654,64.66347562782653,3588.822897344373,71.1298231906092,143911798.18350935,2862975.3834220204,0.01981981981981982,1.5930207250303978
51-9161.00,Computer Numerically Controlled Tool Operators,19552548.48244231,106077.68603076923,110.49758961538461,4.262962962962963,83.08666666666667,176950.0,960.0,51,Production Occupations,49970.0,24.02,45880.0,22.06,7208000.877365384,39105.28873846154,78.54864961538462,True,True,True,True,36.86476411930642,36.86476411930643,65232.20010911271,353.90173554534164,3259653039.452362,16237011.626820274,0.005425261373269285,0.43605612386457193
51-9162.00,Computer Numerically Controlled Tool Programmers,844453.4579076923,4487.000307692308,29.913335384615387,4.048,77.03933333333333,28230.0,150.0,51,Production Occupations,65670.0,31.57,69590.0,33.46,505920.98085000005,2688.20925,30.24107174556213,True,True,True,True,59.9110556197524,59.9110556197524,16912.891001456104,89.8665834296286,1110669552.0656223,6253815.540867855,0.005313496280552603,0.4270729892724716
51-9191.00,Adhesive Bonding Machine Operators and Tenders,867845.9765384615,4991.718846153846,71.31026923076922,4.23,82.640625,12170.0,70.0,51,Production Occupations,45210.0,21.74,54640.0,26.27,262152.6078961538,1507.8621653846153,40.21775384615385,False,False,False,False,30.207273523556587,30.207273523556587,3676.2251878168363,21.14509146648961,166202140.74119917,1155367.7977289923,0.005751848808545604,0.4623056335805704
51-9192.00,"Cleaning, Washing, and Metal Pickling Equipment Operators and Tenders",405145.9454076923,5541.953176923077,29.168174615384615,3.960909090909091,71.74545454545455,13890.0,190.0,51,Production Occupations,41460.0,19.93,43730.0,21.02,88649.32428461539,1212.6257461538462,20.245027307692308,False,False,False,False,21.88083708832601,21.88083708832601,3039.248271568483,41.57359046781942,126007233.3392293,1818013.1111577433,0.013678905687544997,1.0994439129161298
51-9193.00,Cooling and Freezing Equipment Operators and Tenders,395275.6543038462,4378.62257423077,59.98113115384616,3.8955555555555557,56.053333333333335,6590.0,73.0,51,Production Occupations,40160.0,19.31,40160.0,19.31,82269.88696538462,911.335621923077,35.83040576923077,False,False,False,False,20.813294739914394,20.813294739914394,1371.5961233603584,15.193705160137508,55083300.314151995,610179.1992311223,0.011077389984825494,0.8903467329922276
51-9194.00,Etchers and Engravers,1144383.631203846,10911.882061538461,136.39852576923076,4.17576923076923,46.301153846153845,8390.0,80.0,51,Production Occupations,40450.0,19.45,39190.0,18.84,252944.27249615383,2411.8643384615384,98.38004923076923,False,False,False,False,22.103101232762874,22.103101232762874,1854.4501934288053,17.682480986210297,75012510.32419518,692976.4298495816,0.009535160905840286,0.7663898601294795
51-9195.00,"Molders, Shapers, and Casters, Except Metal and Plastic",2615499.5277884617,38385.74846538462,75.26617346153846,3.8240909090909088,48.28409090909091,34750.0,510.0,51,Production Occupations,45690.0,21.97,39260.0,18.87,0.0,0.0,25.631326153846153,False,False,False,False,0.0,0.0,0.0,0.0,0.0,0.0,,
51-9195.03,"Stone Cutters and Carvers, Manufacturing",1545986.6420192309,22689.300357692307,44.48882423076923,3.94125,67.443125,34750.0,510.0,51,Production Occupations,45690.0,21.97,39260.0,18.87,0.0,0.0,26.11380423076923,False,False,False,False,0.0,0.0,0.0,0.0,0.0,0.0,,
51-9195.04,"Glass Blowers, Molders, Benders, and Finishers",3154935.82,46302.6552,90.78952,4.14375,47.724375,34750.0,510.0,51,Production Occupations,45690.0,21.97,39260.0,18.87,12695.919776153847,2822.5453730769236,30.713026153846155,False,False,False,False,0.40241451809165,6.095860725233147,139.83904503684838,2.0523140422674153,6389245.967733602,80573.84929941873,0.22231909328683525,17.868927487511062
51-9195.05,"Potters, Manufacturing",2156722.2758653844,31652.614696153847,62.06395038461538,4.186521739130435,75.88521739130434,34750.0,510.0,51,Production Occupations,45690.0,21.97,39260.0,18.87,34294.98427384616,2988.7973307692314,28.046726923076925,False,False,False,False,1.5901437406949073,9.442497434919348,552.5749498914803,8.109733077544028,25247149.460541733,318388.12062437856,0.08714969241285031,7.004668430681883
51-9196.00,"Paper Goods Machine Setters, Operators, and Tenders",6154645.676846154,58404.06418461539,63.48267846153846,4.192857142857142,58.62357142857143,96950.0,920.0,51,Production Occupations,49390.0,23.75,59100.0,28.42,1544224.5593653847,14653.807061538462,40.61296115384616,False,False,False,False,25.090389283899395,25.090389283899395,24325.13241074046,230.83158141187442,1201418289.7664714,13642146.461441778,0.009489427539969056,0.762714034601267
51-9197.00,Tire Builders,3167911.1067923075,34896.87485307692,151.06872230769233,4.396,50.7365,20970.0,231.0,51,Production Occupations,55580.0,26.72,55580.0,26.72,0.0,0.0,38.627588076923075,False,False,False,False,0.0,0.0,0.0,0.0,0.0,0.0,,
51-9198.00,Helpers--Production Workers,15836644.606846156,121027.55446153847,94.55277692307693,3.7243333333333335,56.074666666666666,167490.0,1280.0,51,Production Occupations,38220.0,18.38,35940.0,17.280000000000005,4465990.014542308,34130.200123076924,60.60145846153846,False,False,False,False,28.200355096758738,28.200355096758738,47232.774751561206,360.96454523851185,1805236651.0046692,12973065.755872115,0.00764224729834617,0.6142466703909567
53-1041.00,Aircraft Cargo Handling Supervisors,178738.66286153847,879.6194038461538,17.592388076923076,4.498333333333333,72.11166666666666,10160.0,50.0,53,Transportation and Material Moving Occupations,63940.0,30.74,78990.0,37.98,69876.05258461538,343.8782115384615,9.778256153846153,True,False,True,False,39.09397746739635,39.09397746739636,3971.948110687469,19.546988733698175,253966362.1973568,1544016.6400748189,0.004921259842519686,0.3955469319934999
53-1042.00,"First-Line Supervisors of Helpers, Laborers, and Material Movers, Hand",6507501.0368,71661.99491538461,52.84807884615385,3.9945833333333334,79.10666666666667,123136.0,1356.0,53,Transportation and Material Moving Occupations,61900.0,29.76,61900.0,29.76,3161261.2141084615,34817.39899153846,35.98381807692307,True,False,True,False,48.57872778246964,48.58558435702124,59817.90224222181,658.7275487302884,3702728148.79353,40775235.26640485,0.011013768440314622,0.8852331426626671
53-1042.01,Recycling Coordinators,3852470.02624,42424.22488615385,31.286301538461537,3.66,59.20086956521739,123136.0,1356.0,53,Transportation and Material Moving Occupations,61900.0,29.76,61900.0,29.76,744454.504603077,8202.963101538462,22.65551,True,False,True,False,19.324082978775632,19.335563875477412,23794.902816745165,262.03456519219753,1472904484.3565257,16219939.585397027,0.011018756755205692,0.8856340791533462
53-1043.00,First-Line Supervisors of Material-Moving Machine and Vehicle Operators,4035866.65344,44443.827816923076,32.77568423076923,3.9463157894736844,86.13684210526316,123136.0,1356.0,53,Transportation and Material Moving Occupations,61900.0,29.76,61900.0,29.76,2357827.445139394,25968.730355850817,8.289057902097902,True,True,True,True,58.42183718160467,58.43045397174945,71938.31343194073,792.2001121825593,4452981601.437131,49037186.944100425,0.011013838357588358,0.885238762273093
53-2011.00,"Airline Pilots, Copilots, and Flight Engineers",8067072.610961539,144606.13542307692,81.23940192307693,4.28375,78.83291666666666,99300.0,1780.0,53,Transportation and Material Moving Occupations,226600.0,108.9423076923077,133230.0,64.05288461538461,872847.8784230769,15646.215746153846,64.85760346153846,False,False,False,False,10.8198837486234,10.8198837486234,10744.144562383035,192.59393072549653,2434623157.8359957,25659289.390557904,0.017925478348439074,1.440762770536968
53-2012.00,Commercial Pilots,2811212.5928692305,36882.58852307692,54.23910076923077,4.40875,83.19208333333333,51830.0,680.0,53,Transportation and Material Moving Occupations,122670.0,58.97596153846154,101160.0,48.63461538461539,634850.0412615384,8329.114953846154,37.06192115384616,False,False,False,False,22.582783062080207,22.58278306208021,11704.65646107617,153.56292482214542,1435810208.0802138,15534425.47500823,0.013119814779085474,1.054506904787456
53-2021.00,Air Traffic Controllers,3444597.9766153847,53821.843384615386,153.77669538461538,4.473478260869565,83.81739130434782,22400.0,350.0,53,Transportation and Material Moving Occupations,144580.0,69.51,156120.0,75.06,1605083.8633846154,25079.435365384616,93.45266461538462,False,False,False,False,46.59713192312065,46.59713192312065,10437.757550779026,163.08996173092228,1509090986.6916316,25461604.825431585,0.015625,1.255861509079362
53-2022.00,Airfield Operations Specialists,1163714.9696,20281.090215384615,69.93479384615385,4.045925925925926,67.87296296296296,16640.0,290.0,53,Transportation and Material Moving Occupations,56750.0,27.28,61400.0,29.52,171818.6176,2994.435042307692,43.086014999999996,False,False,False,False,14.76466506734537,14.76466506734537,2456.8402672062693,42.81752869530157,139425685.16395578,2628996.2618915164,0.017427884615384616,1.4007686062808269
53-2031.00,Flight Attendants,13289143.002796154,146363.39960807693,102.13775269230769,4.0308,93.4604,130110.0,1433.0,53,Transportation and Material Moving Occupations,67130.0,32.27403846153846,49330.0,23.716346153846157,1064893.5019384616,11728.47888923077,76.24304923076923,False,False,False,False,8.013259408183044,8.013259408183044,10426.051815986959,114.83000731926302,699900858.4072045,5664564.261059245,0.011013757589731766,0.885232270545588
53-3011.00,"Ambulance Drivers and Attendants, Except Emergency Medical Technicians",155773.41664615384,1715.0550011538462,12.895150384615384,4.087272727272727,88.04909090909092,12080.0,133.0,53,Transportation and Material Moving Occupations,34330.0,16.51,34330.0,16.51,0.0,0.0,1.1018246153846154,False,False,False,False,0.0,0.0,0.0,0.0,0.0,0.0,,
53-3031.00,Driver/Sales Workers,19890317.144561537,161059.05789999999,47.650608846153844,3.880909090909091,63.86181818181819,417420.0,3380.0,53,Transportation and Material Moving Occupations,37130.0,17.85,26310.0,12.65,11121735.750715384,90056.6979,44.519309615384614,False,False,False,False,55.915326386619824,55.915326386619824,233401.75540302845,1889.9380318677502,8666207178.114447,49724269.61844051,0.008097359973168511,0.6508264137895826
53-3032.00,Heavy and Tractor-Trailer Truck Drivers,106982890.53332308,1254561.5423230769,51.67057423076923,4.340344827586207,78.19413793103449,2070480.0,24280.0,53,Transportation and Material Moving Occupations,57440.0,27.62,59580.0,28.64,20950776.209353846,245684.50135384614,24.903088461538463,False,False,False,False,19.583296081187942,19.583296081187942,405468.22870178014,4754.824288512432,23290095056.630253,283292431.1095707,0.011726749352807079,0.9425390808839507
53-3033.00,Light Truck Drivers,36082699.24181538,358138.23424615385,36.285535384615386,4.41,78.43153846153847,994410.0,9870.0,53,Transportation and Material Moving Occupations,44140.0,21.22,43760.0,21.04,6786862.783684615,67362.89425384614,22.04848076923077,False,True,True,False,18.809188132520532,18.80918813252053,187040.4477085974,1856.4668686797763,8255965361.85749,81238990.17342702,0.00992548345249947,0.7977620881278862
53-3052.00,"Bus Drivers, Transit and Intercity",8474634.1875,63710.5,56.884375,4.2542857142857144,84.59285714285714,148980.0,1120.0,53,Transportation and Material Moving Occupations,57440.0,27.61,49500.0,23.8,2094282.0524999998,15744.367692307691,32.405720384615385,True,False,True,False,24.712359332147276,24.712359332147276,36816.47293303301,276.7784245200495,2114738205.273416,13700532.01374245,0.007517787622499664,0.604243206945957
53-4011.00,Locomotive Engineers,2331473.328369231,25508.460923076924,72.88131692307692,4.5878571428571435,90.2242857142857,31990.0,350.0,53,Transportation and Material Moving Occupations,77400.0,37.21,79800.0,38.37,0.0,0.0,42.80503,False,False,False,False,0.0,0.0,0.0,0.0,0.0,0.0,,
53-4013.00,"Rail Yard Engineers, Dinkey Operators, and Hostlers",228229.50276923075,2489.7763938461535,69.16045538461537,4.204782608695653,76.55434782608695,3300.0,36.0,53,Transportation and Material Moving Occupations,58030.0,27.9,58030.0,27.9,10500.371538461537,114.54950769230767,21.80336846153846,False,False,False,False,4.600794994098005,4.600794994098005,151.82623480523418,1.6562861978752819,8810476.40574774,96114.2880627026,0.010909090909090908,0.8768196717935909
53-4022.00,"Railroad Brake, Signal, and Switch Operators and Locomotive Firers",1375156.7274307692,15120.102059230769,110.36570846153846,4.226,80.89920000000001,12460.0,137.0,53,Transportation and Material Moving Occupations,65480.0,31.48,65480.0,31.48,117643.46123384614,1293.5115721538461,38.917845692307694,True,True,True,True,8.554912970075899,8.554912970075899,1065.942156071457,11.720230769003981,69797892.37955901,767440.7107543807,0.01099518459069021,0.8837394632109027
53-4031.00,Railroad Conductors and Yardmasters,2202948.946153846,24242.23846153846,51.57923076923077,4.0745,73.827,42710.0,470.0,53,Transportation and Material Moving Occupations,74080.0,35.62,74080.0,35.62,58605.49568846154,644.9211653846154,29.097885,False,False,False,False,2.660320194473029,2.660320194473029,1136.2227550594307,12.503504914023235,84171381.69480263,926259.6440308413,0.011004448606883634,0.8844840597777385
53-4041.00,Subway and Streetcar Operators,511841.54353846156,50071.455346153845,55.63495038461538,4.564,96.20599999999999,9200.0,900.0,53,Transportation and Material Moving Occupations,84830.0,40.78,57200.0,27.5,229497.53492307692,22450.84580769231,26.26502076923077,False,False,False,False,44.83761387098733,44.83761387098734,4125.060476130834,403.538524838886,349928880.19017863,23082403.62078428,0.09782608695652174,7.862785100322962
53-5011.00,Sailors and Marine Oilers,1298434.252553846,14284.432944230768,41.40415346153846,3.7621428571428575,73.96857142857142,31360.0,345.0,53,Transportation and Material Moving Occupations,49610.0,23.85,49610.0,23.85,14720.576984615383,161.94512307692307,15.545869615384614,False,False,False,False,1.1337175490912985,1.1337175490912985,355.5338233950312,3.9113255443649795,17638032.9786275,194040.86025594664,0.011001275510204082,0.8842290216987345
53-5021.00,"Captains, Mates, and Pilots of Water Vessels",3721240.573603846,41008.30245,105.14949346153846,4.3389655172413795,84.44413793103449,35390.0,390.0,53,Transportation and Material Moving Occupations,85540.0,41.13,49120.0,23.62,952634.0499115384,10498.086449999999,79.19853653846154,False,False,False,False,25.599904952905455,25.59990495290545,9059.80636283324,99.83962931633127,774975836.2767553,4904122.592018192,0.011020062164453235,0.8857390015999117
53-5022.00,Motorboat Operators,127878.91953846153,1396.9966,53.73063846153846,4.254375,75.67375,2380.0,26.0,53,Transportation and Material Moving Occupations,51880.0,24.94,51880.0,24.94,5609.069576923078,61.27555000000001,21.258763846153848,False,False,False,False,4.386234726698691,4.386234726698691,104.39238649542885,1.1404210289416599,5415877.011382849,59165.042981493316,0.010924369747899159,0.8780477105496043
53-5031.00,Ship Engineers,254523.951,2818.1556346153843,29.664796153846154,4.333529411764706,88.21411764705883,8580.0,95.0,53,Transportation and Material Moving Occupations,101320.0,48.71,101320.0,48.71,24973.8324,276.5167923076923,13.317369615384614,False,False,False,False,9.811977341181539,9.811977341181539,841.8676558733761,9.321378474122461,85298030.89309046,944442.0669980878,0.011072261072261072,0.8899344959443497
53-6011.00,Bridge and Lock Tenders,255078.64984615386,2813.3674615384616,93.77891538461539,4.566111111111111,74.32722222222223,2720.0,30.0,53,Transportation and Material Moving Occupations,58490.0,28.12,58490.0,28.12,81062.06978461539,894.0669461538462,55.04918076923077,False,False,False,False,31.779245277292528,31.779245277292528,864.3954715423569,9.533773583187758,50558491.13051245,557630.416880652,0.011029411764705881,0.8864904769971966
53-6021.00,Parking Attendants,8423641.491326923,26900.600380769232,62.55953576923077,3.95,66.38133333333333,134650.0,430.0,53,Transportation and Material Moving Occupations,34600.0,16.63,34590.0,16.63,640870.7144999999,2046.5978999999998,34.16623615384616,False,True,True,False,7.608000829093305,7.608000829093305,10244.173116374135,32.71440356510121,354448389.82654506,1131591.2193168509,0.0031934645376903085,0.2566751483836914
53-6031.00,Automotive and Watercraft Service Attendants,5508444.193007693,94731.5629,56.054179230769236,3.9314285714285715,65.79714285714286,98270.0,1690.0,53,Transportation and Material Moving Occupations,34850.0,16.76,34350.0,16.51,860575.4866461538,14799.7616,22.300322692307695,False,False,False,False,15.622841159733467,15.622841159733467,15352.566007670079,264.02601559949557,535036925.36730224,9069293.635842673,0.017197517044876362,1.3822527813373746
53-6041.00,Traffic Technicians,157279.8106153846,1722.1931769230769,20.749315384615382,3.7939130434782613,53.59608695652174,7580.0,83.0,53,Transportation and Material Moving Occupations,58480.0,28.12,58480.0,28.12,71882.52189230769,787.1041315384615,16.640893846153848,False,False,False,False,45.7035913325778,45.703591332577794,3464.3322230093972,37.93398080603958,202594148.40158954,2218379.1975371945,0.010949868073878629,0.8800971419827931
53-6051.00,Transportation Inspectors,339442.78973846155,3493.4077846153846,14.555865769230769,4.094285714285714,75.64428571428572,23320.0,240.0,53,Transportation and Material Moving Occupations,85750.0,41.23,62960.0,30.27,8050.272427838827,71.4582501098901,9.320641318681318,False,False,False,False,2.3716139129193197,2.0455169998929135,553.0603644927854,5.691873391006367,47424926.25525635,358360.34869776084,0.008876500857632932,0.7134499687943133
53-6051.01,Aviation Inspectors,354741.8308923077,3650.8593230769234,15.211913846153847,4.2846153846153845,78.90153846153846,23320.0,240.0,53,Transportation and Material Moving Occupations,85750.0,41.23,62960.0,30.27,11677.83083076923,186.2844369230769,6.552465384615385,False,False,False,False,3.2919238200341754,5.102481921052971,767.6766348319697,7.900617168082021,65828271.436841406,497422.85690244404,0.01595197255574614,1.2821419729057224
53-6051.07,"Transportation Vehicle, Equipment and Systems Inspectors, Except Aviation",961234.7845692307,9892.639292307693,41.21933038461538,3.8392857142857144,54.53357142857143,23320.0,240.0,53,Transportation and Material Moving Occupations,85750.0,41.23,62960.0,30.27,0.0,0.0,6.680162692307692,False,False,False,False,0.0,0.0,0.0,0.0,0.0,0.0,,
53-6061.00,Passenger Attendants,774002.0937384615,1832.6805692307692,30.544676153846154,4.185,59.73083333333333,25340.0,60.0,53,Transportation and Material Moving Occupations,37560.0,18.06,33780.0,16.24,288943.85272307694,684.1606615384615,20.174645769230768,False,True,True,False,37.33114613779227,37.33114613779226,9459.71243131656,22.39868768267536,355306798.92025,756627.6699207736,0.002367797947908445,0.19031208345954023
53-7011.00,Conveyor Operators and Tenders,1707166.7751461538,15067.089726923077,65.50908576923077,4.308,56.552499999999995,26060.0,230.0,53,Transportation and Material Moving Occupations,41230.0,19.82,40680.0,19.56,188528.73462307692,1663.9143884615382,34.25875307692308,False,False,False,False,11.04336948022765,11.043369480227646,2877.902086547326,25.399749804523594,118655903.02834624,1033261.8220480199,0.008825786646201074,0.709373807123876
53-7021.00,Crane and Tower Operators,1117087.569230769,13564.634769230768,26.597323076923075,4.134545454545454,76.08545454545455,42000.0,510.0,53,Transportation and Material Moving Occupations,66370.0,31.91,69020.0,33.18,0.0,0.0,16.180288846153847,False,False,False,False,0.0,0.0,0.0,0.0,0.0,0.0,,
53-7031.00,Dredge Operators,33738.22521538461,360.31114307692303,32.755558461538456,4.276666666666666,91.56833333333333,1030.0,11.0,53,Transportation and Material Moving Occupations,48430.0,23.28,48430.0,23.28,0.0,0.0,12.878022307692307,False,False,False,False,0.0,0.0,0.0,0.0,0.0,0.0,,
53-7041.00,Hoist and Winch Operators,121793.91027692308,1325.9820876923077,49.110447692307694,4.202307692307692,69.09461538461538,2480.0,27.0,53,Transportation and Material Moving Occupations,52310.0,25.15,52310.0,25.15,0.0,0.0,39.53571576923077,False,False,False,False,0.0,0.0,0.0,0.0,0.0,0.0,,
53-7051.00,Industrial Truck and Tractor Operators,33152652.325315382,284716.9218153846,41.14406384615384,4.276666666666667,69.55666666666667,805770.0,6920.0,53,Transportation and Material Moving Occupations,46390.0,22.3,47500.0,22.84,15643869.594230767,134350.4692307692,32.98274307692307,False,False,False,False,47.187384709744926,47.187384709744926,380221.78977571166,3265.3670219143487,17638488827.695263,155104933.54093155,0.008588058627151668,0.6902663851236306
53-7061.00,Cleaners of Vehicles and Equipment,17763444.0432,211379.094,47.50092,3.6670000000000003,74.3255,373960.0,4450.0,53,Transportation and Material Moving Occupations,35270.0,16.96,34170.0,16.43,0.0,0.0,8.058274230769232,False,False,False,False,0.0,0.0,0.0,0.0,0.0,0.0,,
53-7062.00,"Laborers and Freight, Stock, and Material Movers, Hand",104293614.92297308,1040303.0460576924,34.96816961538462,3.82,53.29923076923077,2982530.0,29750.0,53,Transportation and Material Moving Occupations,38940.0,18.72,39570.0,19.02,9762319.116648078,194753.44336538462,13.616541153846153,False,False,False,False,9.360418779096037,18.72083755819207,279177.29821217305,2784.7245867810707,10871163992.382019,110191551.89892697,0.01994950595635249,1.6034442659668837
53-7062.04,Recycling and Reclamation Workers,121318984.78642309,1210126.9048076924,40.67653461538462,3.992857142857143,54.92785714285714,2982530.0,29750.0,53,Transportation and Material Moving Occupations,38940.0,18.72,39570.0,19.02,11483795.856769232,229096.05384615384,7.700707692307693,True,False,True,False,9.465786312823147,18.93157262564629,282319.9165158442,2816.0714280648863,10993537549.126972,111431946.40852755,0.01994950595635249,1.6034442659668837
53-7063.00,Machine Feeders and Offbearers,3046065.1355346153,10438.432676923077,65.24020423076924,4.075384615384616,72.78307692307693,46690.0,160.0,53,Transportation and Material Moving Occupations,39700.0,19.09,39440.0,18.96,494630.41212307697,1695.0281846153848,16.47918307692308,False,False,False,False,16.2383399603917,16.2383399603917,7581.6809275068845,25.98134393662672,300992732.82202333,1024704.2048605578,0.0034268579995716426,0.2754341797595345
53-7064.00,"Packers and Packagers, Hand",29866163.405723076,348597.4779,49.657760384615386,4.128333333333333,72.48166666666667,601440.0,7020.0,53,Transportation and Material Moving Occupations,35580.0,17.1,35430.0,17.03,2629083.924923077,30686.634000000002,12.669730000000001,False,False,False,False,8.802884686619244,8.802884686619244,52944.06965920278,617.962505000671,1883749998.4744349,21894411.55217377,0.011671987230646448,0.9381375678358203
53-7065.00,Stockers and Order Fillers,200687368.488,1948729.4886153846,72.20190769230769,3.9113333333333333,81.50099999999999,2779530.0,26990.0,53,Transportation and Material Moving Occupations,37090.0,17.83,37800.0,18.17,95505941.14335,927388.9295884615,47.73937269230769,True,True,True,True,47.589413256500364,47.589413256500364,1322762.0182884047,12844.382637929448,49061243258.31693,485517663.71373314,0.009710274758682223,0.7804646599688893
53-7071.00,Gas Compressor and Gas Pumping Station Operators,153588.00549615384,1683.1562246153846,30.056361153846154,3.9853846153846155,91.80461538461539,5110.0,56.0,53,Transportation and Material Moving Occupations,71510.0,34.38,71510.0,34.38,60614.82589615384,664.2720646153846,28.503204615384615,False,False,False,False,39.46585913420938,39.46585913420939,2016.7054017580992,22.100881115157254,144214603.27972168,1580434.008544895,0.010958904109589041,0.880823414587169
53-7072.00,"Pump Operators, Except Wellhead Pumpers",310134.70384615386,4922.773076923077,24.613865384615387,4.162142857142857,76.58714285714287,12600.0,200.0,53,Transportation and Material Moving Occupations,60020.0,28.86,73840.0,35.5,58327.25607692308,925.8294615384616,19.405186153846152,False,False,False,False,18.807071686455647,18.80707168645565,2369.6910324934115,37.61414337291129,142228855.77025455,2777428.3466557697,0.015873015873015876,1.2757958187472886
53-7073.00,Wellhead Pumpers,353158.5493269231,3663.8927307692306,20.354959615384615,4.058571428571429,70.29571428571428,17350.0,180.0,53,Transportation and Material Moving Occupations,70010.0,33.66,66890.0,32.16,122449.50013461539,1270.3694538461539,12.788731923076924,False,False,False,False,34.672670495444365,34.672670495444365,6015.708330959597,62.41080689179986,421159740.2504814,4174658.8729924923,0.01037463976945245,0.8338630884492363
53-7081.00,Refuse and Recyclable Material Collectors,5067620.027815385,24759.17243076923,36.410547692307695,3.975,82.45785714285715,139180.0,680.0,53,Transportation and Material Moving Occupations,48350.0,23.24,50720.0,24.38,705467.1261384614,3446.742676923076,22.10393346153846,False,False,False,False,13.921073842676861,13.92107384267686,19375.350574237655,94.66330213020267,936798200.2643906,4801322.68404388,0.00488575944819658,0.3926935829510981
53-7121.00,"Tank Car, Truck, and Ship Loaders",715618.2726,2621.312353846154,65.53280884615384,4.287894736842105,67.15578947368421,10920.0,40.0,53,Transportation and Material Moving Occupations,58070.0,27.92,47540.0,22.86,165042.8136,604.5524307692308,39.83031692307692,False,False,False,False,23.062968054234112,23.062968054234112,2518.476111522365,9.225187221693645,146247907.79610375,438565.40051931585,0.0036630036630036634,0.29441441971091276
