soc_code_2019,title,task_comp_nat,task_comp_ut,freq_sum_eco,importance,relevance,tot_emp_nat,tot_emp_ut,major_group_code,major_occ_category,a_med_nat,h_med_nat,a_med_ut,h_med_ut,ai_task_comp_nat,ai_task_comp_ut,freq_sum_ai,code_changed,title_changed,code_or_title_changed,code_and_title_changed,pct_automated_nat,pct_automated_ut,people_automated_nat,people_automated_ut,eco_value_nat,eco_value_ut,ut_share_of_nat,ut_concentration_index
11-1011.00,Chief Executives,3761657.2440192304,70669.79386923077,17.756229615384616,3.950967741935484,72.6974193548387,211850.0,3980.0,11,Management Occupations,206420.0,99.24,163980.0,78.84,40209.56725538461,1510.7992538461538,15.507808461538461,False,False,False,False,1.0689322457359713,2.1378288673683925,2264.532962591655,42.54350338029166,467444894.13816947,6976283.684300226,0.037573128908614084,3.1795701410086177
11-1011.03,Chief Sustainability Officers,1618392.793826923,30404.547176923075,7.639333461538461,3.757222222222222,96.50277777777778,211850.0,3980.0,11,Management Occupations,206420.0,99.24,163980.0,78.84,15140.15617153846,568.9007692307691,3.695580769230769,False,False,False,False,0.9355056590271499,1.8711042329305352,1981.868738649017,37.23312522928057,409097345.0319301,6105487.8750974275,0.037575620937135984,3.1797810252152017
11-1021.00,General and Operations Managers,69870293.94412307,894913.3179076923,19.492775384615385,3.6958823529411764,69.39117647058823,3584420.0,45910.0,11,Management Occupations,102950.0,49.5,91230.0,43.86,1948856.0471153848,24961.35528846154,18.68142423076923,False,False,False,False,2.789248387410437,2.7892483874104363,99978.37704801718,1280.5439346601315,10292773917.093369,116824023.1590438,0.012808208859452852,1.0838756215477634
11-2011.00,Advertising and Promotions Managers,372525.7100769231,4096.017286153846,17.655246923076923,3.691904761904762,72.79380952380953,21100.0,232.0,11,Management Occupations,126960.0,61.04,108370.0,52.10000000000001,75464.94912669683,829.7567866063348,20.210278371040722,False,False,False,False,20.257648555616207,20.25764855561621,4274.36384523502,46.9977446490296,542673233.791038,5093145.587615337,0.01099526066350711,0.930457577363986
11-2021.00,Marketing Managers,3934261.3544769227,67039.20849230769,10.219391538461538,3.4295,73.021,384980.0,6560.0,11,Management Occupations,161030.0,77.42,135190.0,65.0,148480.4190230769,2530.0835076923067,8.788786153846154,False,False,False,False,3.7740354705748316,3.774035470574831,14529.281754618985,247.57672686970895,2339650240.9462953,33469897.705515955,0.01703984622577796,1.4419716387910595
11-2022.00,Sales Managers,6808787.663576922,97669.57838461538,11.278242307692308,3.584705882352941,82.30588235294118,603710.0,8660.0,11,Management Occupations,138060.0,66.38,130430.0,62.71,162676.62538461536,2333.536923076923,9.739890769230769,False,False,False,False,2.3892157227172945,2.389215722717295,14423.934239616578,206.90608158731771,1991368361.1214647,26986760.22143385,0.01434463566944394,1.213893454791691
11-3012.00,Administrative Services Managers,1594059.623069231,11352.98621923077,6.272368076923077,3.655,74.9975,254140.0,1810.0,11,Management Occupations,108390.0,52.11,105800.0,50.86,923177.4329139128,9049.911693406593,13.710562403846154,True,False,True,False,57.91360746823324,79.7139318118522,147181.64201976795,1048.2362951750217,15953018178.522648,110903400.0295173,0.009803003594706053,0.8295645964896358
11-3013.00,Facilities Managers,1464904.6937076922,16612.428307692306,10.382767692307691,3.921818181818182,82.02363636363636,141090.0,1600.0,11,Management Occupations,104690.0,50.33,94310.0,45.34,923177.4329139128,9049.911693406593,13.710562403846154,True,True,True,True,63.01962420349266,54.476753944611914,88914.3877887078,1008.3139872558826,9308447257.59982,95094092.1381023,0.009803003594706053,0.8295645964896358
11-3021.00,Computer and Information Systems Managers,8508774.72885,106562.20498846154,13.172089615384616,3.84,89.90588235294118,645970.0,8090.0,11,Management Occupations,171200.0,82.31,162400.0,78.08,341965.0893,4282.702869230769,11.883718846153846,False,False,False,False,4.018969830527153,4.018969830527151,25961.339414256254,325.1346592896467,4444581307.720671,52801868.668638624,0.012523801414926388,1.0598080646323853
11-3031.00,Financial Managers,15301560.974023078,162058.7496576923,18.691897307692308,3.904705882352941,57.60529411764706,818620.0,8670.0,11,Management Occupations,161700.0,77.74,137760.0,66.23,0.0,0.0,18.636154230769232,False,False,False,False,0.0,0.0,0.0,0.0,0.0,0.0,,
11-3031.01,Treasurers and Controllers,9755610.406215385,103321.61713846153,11.917141538461538,4.113181818181818,79.08318181818181,818620.0,8670.0,11,Management Occupations,161700.0,77.74,137760.0,66.23,55806.847353846155,1773.3617846153845,9.639302307692308,False,False,False,False,0.5720487496947513,1.7163511699965928,4682.905474751173,49.59662659853494,757225815.2672646,6832431.280214174,0.0317767777378875,2.689062545698467
11-3031.03,Investment Fund Managers,30074163.70826154,318515.3054538461,36.737636153846154,4.047,78.4505,818620.0,8670.0,11,Management Occupations,161700.0,77.74,137760.0,66.23,3993426.298117948,126883.06908461536,30.05474576923077,True,False,True,False,13.278594666361187,39.83578399908356,108701.23165776595,1151.254157573515,17576989159.060753,158596772.74732742,0.031772983802008256,2.688741489518454
11-3051.00,Industrial Production Managers,3881767.2143153846,37926.64442692308,16.561853461538462,3.6976923076923076,84.13461538461539,234380.0,2290.0,11,Management Occupations,121440.0,58.39,108370.0,52.10000000000001,23848.103412692304,1399.4419534615386,23.254660384615384,False,False,False,False,0.6143620185348575,3.6898649342890812,1439.9416990419988,14.068890224448237,174866519.93166035,1524645.6336234554,0.05868147790388796,4.965832774461406
11-3051.01,Quality Control Systems Managers,6802797.196561539,66466.4458576923,29.024648846153845,3.8985185185185185,85.9774074074074,234380.0,2290.0,11,Management Occupations,121440.0,58.39,108370.0,52.1,6665.266107692307,390.8124346153846,17.799539615384617,False,False,False,False,0.09797831561201403,0.5879845530662672,229.64157613143848,2.2437034275151215,27887673.00540189,243150.14043981372,0.058634183287048725,4.96183053786572
11-3051.02,Geothermal Production Managers,5157451.309338462,50390.66259230769,22.004656153846156,3.9629411764705886,79.54529411764706,234380.0,2290.0,11,Management Occupations,121440.0,58.39,108370.0,52.1,9494.150113846154,555.7701069230769,11.571617307692307,False,False,False,False,0.184086083307376,1.1029228002410056,431.46096205582785,4.2155713077389105,52396619.23205973,456841.4626196657,0.058538163001293664,4.953704964021165
11-3051.03,Biofuels Production Managers,6401449.12143077,62545.091253846156,27.312266923076923,4.057142857142857,90.90785714285714,234380.0,2290.0,11,Management Occupations,121440.0,58.39,108370.0,52.1,4649.706446538462,274.9061915384616,8.276351153846155,False,False,False,False,0.07263521678196544,0.4395328010998089,170.24242109357058,1.6633464643070084,20674239.617603213,180256.8563369505,0.05912334352701326,5.003224995509711
11-3051.04,Biomass Power Plant Managers,6470586.0831,63220.59105,27.607245,3.856842105263158,82.88631578947368,234380.0,2290.0,11,Management Occupations,121440.0,58.39000000000001,108370.0,52.1,28270.56130461539,1658.54832,12.794472692307693,False,False,False,False,0.4369088200287294,2.6234305824320505,1024.026892383336,10.005211978657904,124357825.81103233,1084264.8221271571,0.058666975237213606,4.9646055078679066
11-3051.06,Hydroelectric Production Managers,4036669.0464615384,39440.10630769231,17.222753846153847,3.967777777777778,85.05777777777777,234380.0,2290.0,11,Management Occupations,121440.0,58.39,108370.0,52.1,1650.43044,96.5164,6.2228903846153845,False,False,False,False,0.04088594881085765,0.24471637892409956,95.82848682288815,0.9362882277686402,11637411.439771537,101465.55524328754,0.05847953216374269,4.948743416611237
11-3061.00,Purchasing Managers,1297151.7996461538,7983.4551923076915,15.966910384615383,4.051666666666667,93.56722222222223,81240.0,500.0,11,Management Occupations,139510.0,67.07,123360.0,59.31,155436.3357692308,956.6490384615385,12.990409615384614,False,False,False,False,11.982894817062414,11.982894817062412,9734.903749381505,59.914474085312065,1358116422.0762138,7391049.523164096,0.006154603643525356,0.5208241778929847
11-3071.00,"Transportation, Storage, and Distribution Managers",5219563.607307692,63712.983,24.50499346153846,3.914615384615385,92.16576923076923,213000.0,2600.0,11,Management Occupations,102010.0,49.05,97980.0,47.11,448781.9240934066,10956.17842857143,19.550869505494504,False,False,False,False,8.598073667788737,17.196147335577475,18313.89691239001,223.54991536250716,1868200624.0329049,21903420.707218453,0.024413145539906107,2.0659261249064382
11-3071.04,Supply Chain Managers,2135131.006153846,26062.631999999998,10.02408923076923,3.627666666666667,86.03133333333334,213000.0,2600.0,11,Management Occupations,102010.0,49.05,97980.0,47.11,89371.40019230769,2181.837,8.409562692307691,True,False,True,False,4.185757217459848,8.371514434919696,8915.662873189476,108.82968765395604,909486769.6940584,10663132.796334613,0.024413145539906103,2.065926124906438
11-3111.00,Compensation and Benefits Managers,144427.84978846152,1223.3549807692307,7.196205769230768,3.875,74.67545454545454,20070.0,170.0,11,Management Occupations,140360.0,67.48,132920.0,63.91,1124.4063115384602,9.52411923076922,6.588759615384615,False,False,False,False,0.7785245803945285,0.7785245803945285,156.24988328518188,1.3234917866706986,21931233.617908128,175918.52828426924,0.008470353761833582,0.7167910868006412
11-3121.00,Human Resources Managers,3016879.0499076922,28976.149003846152,13.998139615384614,3.9057692307692307,94.71076923076923,215520.0,2070.0,11,Management Occupations,140030.0,67.32,131070.0,63.02,18344.8966153846,176.19680769230754,11.251087692307692,False,False,False,False,0.6080753093481127,0.6080753093481126,1310.5239067070524,12.587158903505934,183512662.65618855,1649798.9174825228,0.00960467706013363,0.8127815085272271
11-3131.00,Training and Development Managers,225863.96110769227,2511.8323076923075,5.023664615384615,3.9616666666666664,92.47166666666668,44960.0,500.0,11,Management Occupations,127090.0,61.1,109980.0,52.88,13109.523261538463,145.79096153846154,4.192748461538461,False,False,False,False,5.80416778190117,5.804167781901168,2609.553834742766,29.02083890950585,331648196.8574581,3191711.8632674534,0.011120996441281138,0.9410977805165943
11-9013.00,"Farmers, Ranchers, and Other Agricultural Managers",111296.43807692306,1224.0725,18.831884615384613,3.8590000000000004,84.1375,5910.0,65.0,11,Management Occupations,87980.0,42.3,87980.0,42.3,3960.2934797202797,43.55652727272727,12.061807552447553,False,False,False,False,3.558329042824447,3.5583290428244463,210.29724643092482,2.3129138778358906,18501951.740992766,203490.16297200165,0.010998307952622674,0.9307154496723166
11-9021.00,Construction Managers,3542852.23845,50549.69605,10.170964999999999,3.6260000000000003,92.7368,348330.0,4970.0,11,Management Occupations,106980.0,51.43,99900.0,48.03,964673.1403846154,13764.032692307692,6.535414142011834,False,False,False,False,27.228715042506558,27.228715042506558,94845.7831075631,1353.2671376125759,10146601876.8471,135191387.04749632,0.014268079120374358,1.2074149707103587
11-9031.00,"Education and Childcare Administrators, Preschool and Daycare",1319669.5139846154,10134.295346153845,18.42599153846154,3.928235294117647,85.17294117647059,71620.0,550.0,11,Management Occupations,56270.0,27.05,59400.0,28.56,127810.1872,981.508,15.223460416666667,False,True,True,False,9.685014759042922,9.685014759042923,6936.407570426541,53.26758117473607,390311653.98790145,3164094.321779323,0.007679419156660151,0.6498594224131345
11-9032.00,"Education Administrators, Kindergarten through Secondary",5998869.808296153,52738.554457692306,18.768168846153845,3.776875,81.05875,319630.0,2810.0,11,Management Occupations,104070.0,48.39,124650.0,59.92788461538461,784708.2461730769,6898.695903846154,12.2582512,False,True,True,False,13.080934763542668,13.080934763542668,41810.59178471143,367.574266855549,4351228287.034919,45818132.36354418,0.008791415073678942,0.7439604227124694
11-9033.00,"Education Administrators, Postsecondary",3399529.7362076924,47210.338134615384,19.269525769230768,3.6974074074074075,66.34962962962963,176420.0,2450.0,11,Management Occupations,103960.0,49.97999999999999,100110.0,48.13,225237.99244615383,3127.9508076923075,11.973419999999999,False,False,False,False,6.625563237385168,6.625563237385168,11688.818663394915,162.3262993159366,1215169588.2465353,16250485.824518414,0.013887314363450856,1.1751933195722015
11-9041.00,Architectural and Engineering Managers,2924808.6847,34484.76532307693,13.905147307692308,3.346315789473684,80.61105263157894,210340.0,2480.0,11,Management Occupations,167740.0,80.64,149990.0,72.11,50072.14733692308,1180.9468711538464,13.775273846153846,False,False,False,False,1.711980260413478,3.4245466370147115,3600.9792797537098,42.457110458254256,604028264.3858873,6368141.997633556,0.02358490566037736,1.9958375571710418
11-9041.01,Biofuels/Biodiesel Technology and Product Development Managers,4531095.1737,53423.58101538462,21.541766538461538,3.548888888888889,65.62444444444445,210340.0,2480.0,11,Management Occupations,167740.0,80.64,149990.0,72.11,0.0,0.0,5.397771923076923,False,False,False,False,0.0,0.0,0.0,0.0,0.0,0.0,,
11-9051.00,Food Service Managers,15459950.063007694,127867.58026153847,63.30078230769231,4.3246153846153845,77.12461538461538,244230.0,2020.0,11,Management Occupations,65310.0,31.4,57450.0,27.62,1202911.9022732794,9949.15465991903,44.41716971659919,False,False,False,False,7.780826570401328,7.780826570401328,19003.112732891164,157.17269672210682,1241093292.5851219,9029571.426685037,0.008270892191786432,0.6999119481496352
11-9071.00,Gambling Managers,208125.23921538462,2297.486406923077,45.04875307692308,4.254736842105263,70.18,4620.0,51.0,11,Management Occupations,85580.0,41.14,85580.0,41.14,0.0,0.0,40.60835547337278,False,True,True,False,0.0,0.0,0.0,0.0,0.0,0.0,,
11-9081.00,Lodging Managers,1749823.7902307692,19254.4093,42.31738307692308,4.142083333333333,84.895,41350.0,455.0,11,Management Occupations,68130.0,32.76,64160.0,30.850000000000005,43100.154653846155,474.25804999999997,39.80442923076923,False,False,False,False,2.463113994361801,2.4631139943618003,1018.4976366686046,11.207168674346194,69390243.98623203,719051.9421460518,0.011003627569528414,0.9311656143396307
11-9111.00,Medical and Health Services Managers,10661587.530676924,93833.42623846153,18.84205346153846,3.9766666666666666,87.50055555555555,565840.0,4980.0,11,Management Occupations,117960.0,56.71,107980.0,51.91,791177.510030769,6963.212215384614,14.972551923076923,False,False,False,False,7.420822722266163,7.4208227222661645,41989.983291670855,369.5569715688549,4953138429.085494,39904761.790004954,0.008801074508695038,0.7447778380315634
11-9121.00,Natural Sciences Managers,1200077.1593461537,13681.855192307692,11.897265384615384,3.795,83.3125,100870.0,1150.0,11,Management Occupations,161180.0,77.49,117190.0,56.34,7248.53877,248.19961,11.897265384615384,False,False,False,False,0.6040060602394325,1.814078621001226,609.2609129635156,6.946069692753474,98200673.95145944,814009.9072937795,0.03424133027021114,2.8976216375372856
11-9121.01,Clinical Research Coordinators,2941782.8445923077,33538.71588461538,29.164100769230767,3.9381818181818184,75.16272727272727,100870.0,1150.0,11,Management Occupations,161180.0,77.49,117190.0,56.34,58912.109128846154,2014.1388115384616,27.554781923076924,False,False,False,False,2.0025988402624804,6.005414215820861,2020.021450172764,23.029886663018523,325587057.3388461,2698872.4180391408,0.03418887629932509,2.8931827982803195
11-9121.02,Water Resource Specialists,996863.9141999999,11365.059,9.88266,3.505714285714286,93.07190476190476,100870.0,1150.0,11,Management Occupations,161180.0,77.49,117190.0,56.34,6424.2082523076915,219.67043999999999,4.454530384615384,False,False,False,False,0.6444418501660005,1.9328578936545777,650.0484942624447,7.411081276909005,104774816.30522084,868504.6148409663,0.034194165471066476,2.8936303865708894
11-9131.00,Postmasters and Mail Superintendents,301335.21450384613,2400.208080769231,21.820073461538463,4.1269230769230765,70.48692307692308,13810.0,110.0,11,Management Occupations,92730.0,44.58,94720.0,45.54,48407.53968076923,385.5777961538461,20.837306153846153,False,False,False,False,16.064348722227212,16.064348722227205,2218.4865585395783,17.670783594449933,205720258.5733751,1673776.6220662976,0.007965242577842143,0.6740468042466139
11-9141.00,"Property, Real Estate, and Community Association Managers",4577611.797415385,49535.24093076923,15.43153923076923,3.9722222222222223,77.22222222222223,296640.0,3210.0,11,Management Occupations,66700.0,32.07,59100.0,28.42,712393.167876923,7708.947103846153,13.296620769230769,False,False,False,False,15.562550941500872,15.562550941500874,46164.75111286819,499.557885222178,3079188899.228308,29523871.01663072,0.010821197411003236,0.9157277335531535
11-9151.00,Social and Community Service Managers,3901607.0141,40315.341799999995,19.95809,3.915625,77.901875,195490.0,2020.0,11,Management Occupations,78240.0,37.61,77600.0,37.31,142091.75612307692,1468.235446153846,15.217308846153845,False,False,False,False,3.641877708584493,3.641877708584493,7119.506732511825,73.56592971340676,557030206.7517252,5708716.145760365,0.010333009361092637,0.8744155460462701
11-9161.00,Emergency Management Directors,52149.507092307686,746.7709846153845,4.148727692307691,3.8552173913043477,94.66347826086958,12570.0,180.0,11,Management Occupations,86130.0,41.41,79750.0,38.34,1756.430273076922,25.151746153846137,3.2195180769230762,False,False,False,False,3.3680668735141395,3.3680668735141395,423.36600600072734,6.0625203723254515,36464514.09684265,483485.99969295476,0.01431980906921241,1.2117925406785512
11-9171.00,Funeral Home Managers,206782.37723076923,2679.3448269230767,15.760851923076922,3.978695652173913,90.83826086956523,13120.0,170.0,11,Management Occupations,76830.0,36.94,89060.0,42.82,25718.823138461543,333.2469461538462,12.40103751923077,True,True,True,True,12.437628139732297,12.437628139732297,1631.8168119328775,21.143967837544906,125372485.66080298,1883081.7756117494,0.012957317073170731,1.0964936823238467
11-9179.01,Fitness and Wellness Coordinators,204348.30261923076,2259.7143092307692,19.480295769230768,3.82625,91.34541666666667,10490.0,116.0,11,Management Occupations,61340.0,29.49,59840.0,28.77,364.0231730769227,4.025423076923073,15.351188076923076,True,False,True,False,0.17813858417763306,0.17813858417763306,18.686737480233706,0.20664075764605436,1146244.4770375355,12365.382937539893,0.011058150619637752,0.9357795463479555
11-9179.02,Spa Managers,427354.80108846154,4725.753758461538,40.73925653846154,4.081428571428571,90.75333333333333,10490.0,116.0,11,Management Occupations,61340.0,29.49,59840.0,28.77,104622.38013269231,1156.9300376923077,37.723969230769235,True,False,True,False,24.481386395150313,24.481386395150313,2568.097432851268,28.39840821837436,157527096.5310968,1699360.7477875217,0.01105815061963775,0.9357795463479553
11-9199.01,Regulatory Affairs Managers,6081092.562353846,58692.595176923074,9.637536153846153,3.867037037037037,92.75296296296295,630980.0,6090.0,11,Management Occupations,136550.0,65.65,136550.0,65.65,80288.24115128203,4649.485453846153,7.382571538461538,False,False,False,False,1.3202930283995606,7.921758170397365,8330.784950595547,80.40584542953324,1137568685.003822,10979418.193402765,0.057909917905480376,4.90054065735026
11-9199.02,Compliance Managers,14167251.726815384,136737.3974076923,22.452774615384616,3.949655172413793,72.49206896551723,630980.0,6090.0,11,Management Occupations,136550.0,65.65,136550.0,65.65,327631.22817564104,18973.097526923077,18.272118259109313,False,False,False,False,2.3125955160061826,13.875573096037094,14592.015186895813,140.8370669247765,1992539673.7706232,19231301.488578234,0.05790991790548036,4.900540657350258
11-9199.08,Loss Prevention Managers,9764933.631653845,94247.75082692307,15.475821153846153,3.8,90.90777777777777,630980.0,6090.0,11,Management Occupations,136550.0,65.65,136550.0,65.65,188698.53284871788,10927.516546153844,13.175476923076921,False,False,False,False,1.9324097834831757,11.594458700899054,12193.119251822143,117.68375581412539,1664970433.8363137,16069716.856418822,0.05790991790548037,4.900540657350259
11-9199.09,Wind Energy Operations Managers,10660457.09303077,102891.03251538462,16.89507923076923,3.983125,96.07625,630980.0,6090.0,11,Management Occupations,136550.0,65.65,136550.0,65.65,81423.96470384614,4715.255111538461,10.762739230769231,False,False,False,False,0.7637943100683434,4.582765860410061,4819.389337669233,46.51507348316211,658087614.0587338,6351633.284125786,0.05790991790548037,4.900540657350259
11-9199.10,Wind Energy Development Managers,3776027.004615384,36444.902307692304,5.984384615384615,3.720666666666667,92.466,630980.0,6090.0,11,Management Occupations,136550.0,65.65,136550.0,65.65,0.0,0.0,4.330817692307692,False,True,True,False,0.0,0.0,0.0,0.0,0.0,0.0,,
11-9199.11,Brownfield Redevelopment Specialists and Site Managers,3289709.8477384606,31751.137869230763,5.213651538461537,3.6208695652173915,87.46347826086956,630980.0,6090.0,11,Management Occupations,136550.0,65.65,136550.0,65.65,69277.76149358971,4011.86948076923,3.637158461538461,False,False,False,False,2.1058927595458092,12.63535655727486,13287.762134182149,128.2488690563398,1814443919.4225724,17512383.0696432,0.057909917905480376,4.90054065735026
13-1011.00,"Agents and Business Managers of Artists, Performers, and Athletes",376402.44835384615,3441.0913,26.469933076923077,3.7214285714285715,77.18785714285715,14220.0,130.0,13,Business and Financial Operations Occupations,96310.0,46.3,60470.0,29.07,0.0,0.0,19.483113461538462,False,False,False,False,0.0,0.0,0.0,0.0,0.0,0.0,,
13-1021.00,"Buyers and Purchasing Agents, Farm Products",4561914.542076923,50256.9513323077,28.107914615384615,3.6875,68.82583333333334,162300.0,1788.0,13,Business and Financial Operations Occupations,75650.0,36.37,75650.0,36.37,0.0,0.0,25.99956,False,False,False,False,0.0,0.0,0.0,0.0,0.0,0.0,,
13-1022.00,"Wholesale and Retail Buyers, Except Farm Products",3254423.4324230766,35852.79788769231,20.051900384615383,3.5869999999999997,69.869,162300.0,1788.0,13,Business and Financial Operations Occupations,75650.0,36.37,75650.0,36.37,593611.9378846154,6539.606561538462,17.793492307692308,False,False,False,False,18.240156826877392,18.240156826877392,29603.77453002201,326.13400406456776,2239525543.196165,24672037.40748455,0.011016635859519409,0.9322664215292994
13-1023.00,"Purchasing Agents, Except Wholesale, Retail, and Farm Products",4360544.437615384,48038.530218461536,26.867186923076922,3.858421052631579,96.05631578947369,162300.0,1788.0,13,Business and Financial Operations Occupations,75650.0,36.37,75650.0,36.37,536058.1730769231,5905.557692307692,25.570251538461537,False,False,False,False,12.293377140081914,12.293377140081912,19952.151098352944,219.8055832646646,1509380230.5904002,16628292.373971876,0.011016635859519407,0.9322664215292992
13-1031.00,"Claims Adjusters, Examiners, and Investigators",20123297.739369232,137885.0313923077,65.97369923076923,4.271481481481481,80.82925925925926,305020.0,2090.0,13,Business and Financial Operations Occupations,76790.0,36.92,66240.0,31.84,0.0,0.0,65.95209230769231,False,False,False,False,0.0,0.0,0.0,0.0,0.0,0.0,,
13-1032.00,"Insurance Appraisers, Auto Damage",182667.22162692307,1875.9149846153846,23.448937307692308,4.428571428571429,92.83857142857143,7790.0,80.0,13,Business and Financial Operations Occupations,76650.0,36.85,66080.0,31.77,0.0,0.0,14.311342692307692,False,False,False,False,0.0,0.0,0.0,0.0,0.0,0.0,,
13-1041.00,Compliance Officers,14583969.62616923,140424.37506153845,36.664327692307694,4.315,64.13333333333334,397770.0,3830.0,13,Business and Financial Operations Occupations,78420.0,37.7,64730.0,31.12,425813.9214857143,28700.1816,48.77912937062937,False,False,False,False,2.919739497548328,20.4381764828383,11613.847799397983,111.82602275610097,910757944.4287899,7238498.453002416,0.06740075923272242,5.703688986320834
13-1041.01,Environmental Compliance Inspectors,6045848.662257692,58213.541434615385,15.199358076923076,3.9584615384615387,70.0,397770.0,3830.0,13,Business and Financial Operations Occupations,78420.0,37.7,64730.0,31.12,52870.84531318681,3563.5351153846154,11.906415769230769,False,False,False,False,0.8744983254913848,6.121488278439694,3478.491989307082,33.493285866320036,272783341.80146134,2168020.394126896,0.06740075923272243,5.703688986320835
13-1041.03,Equal Opportunity Representatives and Officers,10563055.434403846,101708.2794423077,26.55568653846154,4.054444444444445,70.97222222222223,397770.0,3830.0,13,Business and Financial Operations Occupations,78420.0,37.7,64730.0,31.12,282426.7535274726,19035.77761538462,16.588825,False,False,False,False,2.6737221562580213,18.716055093806148,10635.26462094753,102.40355858468222,834017451.5747052,6628582.34718648,0.06740075923272243,5.703688986320835
13-1041.04,Government Property Inspectors and Investigators,3278084.836303846,31563.629542307688,8.241156538461537,3.743846153846154,54.159230769230774,397770.0,3830.0,13,Business and Financial Operations Occupations,78420.0,37.7,64730.0,31.12,0.0,0.0,6.561143461538461,False,False,False,False,0.0,0.0,0.0,0.0,0.0,0.0,,
13-1041.06,Coroners,12729691.18371923,122570.12151153845,32.002642692307695,4.592499999999999,94.421,397770.0,3830.0,13,Business and Financial Operations Occupations,78420.0,37.7,64730.0,31.12,0.0,0.0,28.673855,False,False,False,False,0.0,0.0,0.0,0.0,0.0,0.0,,
13-1041.07,Regulatory Affairs Specialists,7165845.826546154,68997.63560769231,18.015048461538463,3.799,84.16666666666667,397770.0,3830.0,13,Business and Financial Operations Occupations,78420.0,37.7,64730.0,31.12,201208.4576208791,13561.60280769231,15.959502307692308,False,False,False,False,2.8078814768173572,19.655170337721508,11168.910150336402,107.54186056210477,875865933.9893806,6961184.634185042,0.06740075923272244,5.703688986320836
13-1041.08,Customs Brokers,26179455.607176926,252073.59774615386,65.81556076923077,3.9743478260869565,95.0,397770.0,3830.0,13,Business and Financial Operations Occupations,78420.0,37.7,64730.0,31.12,0.0,0.0,64.32279538461539,True,False,True,False,0.0,0.0,0.0,0.0,0.0,0.0,,
13-1051.00,Cost Estimators,1355131.3331846152,15432.18846153846,6.172875384615384,3.869285714285714,91.88214285714285,219530.0,2500.0,13,Business and Financial Operations Occupations,77070.0,37.05,79150.0,38.05,0.0,0.0,5.4384830769230765,False,False,False,False,0.0,0.0,0.0,0.0,0.0,0.0,,
13-1071.00,Human Resources Specialists,23671072.81786154,269616.8889615385,25.80065923076923,4.067692307692308,75.9326923076923,917460.0,10450.0,13,Business and Financial Operations Occupations,72910.0,35.05,67620.0,32.51,13667673.329307692,155676.74480769233,25.067432692307694,False,False,False,False,57.73998261284737,57.73998261284737,529741.2444798296,6033.82818304255,38623434135.024376,408007461.73733723,0.011390142349530227,0.9638738526271938
13-1074.00,Farm Labor Contractors,4117.635834615385,50.215071153846154,10.04301423076923,4.227142857142857,88.15142857142857,410.0,5.0,13,Business and Financial Operations Occupations,48690.0,23.41,48690.0,23.41,0.0,0.0,6.115556153846153,False,False,False,False,0.0,0.0,0.0,0.0,0.0,0.0,,
13-1075.00,Labor Relations Specialists,468818.8635692307,1524.2601230769228,7.2583815384615376,3.6592857142857143,76.82785714285714,64590.0,210.0,13,Business and Financial Operations Occupations,93500.0,44.95,91730.0,44.1,0.0,0.0,1.6552203846153843,False,False,False,False,0.0,0.0,0.0,0.0,0.0,0.0,,
13-1081.00,Logisticians,4886196.8722,82321.34435,20.735855,3.804090909090909,93.18045454545454,235640.0,3970.0,13,Business and Financial Operations Occupations,80880.0,38.89,84000.0,40.38,8578.030079999999,2530.6367999999998,17.51077769230769,False,False,False,False,0.17555637450477427,3.074095570209186,413.68104088305006,6.969588067839538,33458522.586621087,585445.3976985213,0.2950137474920116,24.965099526156433
13-1081.01,Logistics Engineers,2383244.833846153,40152.27461538461,10.113923076923076,3.566333333333333,84.307,235640.0,3970.0,13,Business and Financial Operations Occupations,80880.0,38.89,84000.0,40.38,10915.529104615382,1881.334138461538,6.598853846153845,False,False,False,False,0.45801123533747756,4.6854982849232965,1079.257674949232,18.183046042897857,87290360.74989389,1527375.86760342,0.17235391160892594,14.585193380371933
13-1081.02,Logistics Analysts,10086125.83733846,169928.36349615385,42.80311423076923,3.7638709677419353,78.88516129032259,235640.0,3970.0,13,Business and Financial Operations Occupations,80880.0,38.89,84000.0,40.38,549022.5106584616,51826.59709230769,40.75765346153846,False,False,False,False,5.443343851868284,30.49908562997532,12826.695452542424,216.10075091917085,1037423128.2016313,18152463.07721035,0.0943979455963477,7.9882857219775305
13-1111.00,Management Analysts,4840301.409461538,39907.172376923074,5.4148130769230765,3.950909090909091,93.01,893900.0,7370.0,13,Business and Financial Operations Occupations,101190.0,48.65,101190.0,48.65,197345.61538461532,1627.0692307692302,5.099259615384614,False,False,False,False,4.0771348453395,4.0771348453395,36445.50838248979,300.4848381015211,3687920993.2241416,30406060.767492924,0.008244770108513256,0.6977014057112254
13-1121.00,"Meeting, Convention, and Event Planners",3809366.884823077,54593.28794615385,28.28667769230769,3.958571428571428,76.91809523809523,134670.0,1930.0,13,Business and Financial Operations Occupations,59440.0,28.58,49400.0,23.75,399955.08629999997,5731.8877,25.709365384615385,False,False,False,False,10.49925350833136,10.499253508331362,14139.344699669844,202.63559271079524,840442648.9483756,10010198.279913284,0.014331328432464544,1.2127673496578355
13-1131.00,Fundraisers,2346779.698026923,14621.68036153846,22.15406115384615,3.7889285714285714,85.91,105930.0,660.0,13,Business and Financial Operations Occupations,66490.0,31.97,60610.0,29.140000000000004,401967.5596961538,2504.4707769230768,21.50155095238095,False,False,False,False,17.128474395534944,17.128474395534948,18144.192927190164,113.04793101053063,1206407387.728874,6851835.098548261,0.006230529595015577,0.5272492985922254
13-1141.00,"Compensation, Benefits, and Job Analysis Specialists",906916.3433730769,9479.344411538461,8.859200384615384,3.433636363636364,56.49409090909091,102370.0,1070.0,13,Business and Financial Operations Occupations,77020.0,37.03,68030.0,32.71,0.0,0.0,8.843669615384615,False,False,False,False,0.0,0.0,0.0,0.0,0.0,0.0,,
13-1151.00,Training and Development Specialists,3766936.234680769,58668.299846153845,8.627691153846154,3.8549999999999995,90.17699999999999,436610.0,6800.0,13,Business and Financial Operations Occupations,65850.0,31.660000000000004,60510.0,29.09,136767.9145730769,2130.0973846153847,4.94195423076923,False,False,False,False,3.6307467409165572,3.630746740916558,15852.203345515782,246.8907783823259,1043867590.3022143,14939360.99991454,0.015574540207507847,1.3179722967489402
13-1161.00,Market Research Analysts and Marketing Specialists,7355767.129092307,113692.61733076922,8.541894615384615,3.986923076923077,95.22538461538463,861140.0,13310.0,13,Business and Financial Operations Occupations,76950.0,37.0,64900.0,31.2,209328.3952576923,6470.866388461538,8.167652307692308,False,False,False,False,2.845772461036612,5.6915449220732235,24506.08497097068,378.77231456397305,1885743238.5161939,24582323.21520185,0.030912511322200804,2.615925285932913
13-1161.01,Search Marketing Strategists,17069857.230299998,263836.07745,19.822394999999997,3.516111111111111,88.40555555555555,861140.0,13310.0,13,Business and Financial Operations Occupations,76950.0,37.0,64900.0,31.200000000000003,651311.8123346153,20133.68377307692,15.744631538461537,True,False,True,False,3.8155668412885055,7.631133682577011,32857.37229707184,507.8519465755001,2528374798.259678,32959591.332749955,0.0309125113222008,2.6159252859329127
13-1199.04,Business Continuity Planners,4376459.1996153835,35998.52984615384,3.8791519230769222,4.022380952380952,89.60904761904762,1128200.0,9280.0,13,Business and Financial Operations Occupations,81270.0,39.07,79790.0,38.36,37785.80457692307,1243.2273230769229,2.671055769230769,False,False,False,False,0.8633875663742917,3.453550265497167,9740.738523834758,80.12236615953427,791629819.8320508,6392963.595869239,0.03290196773621699,2.784280075501522
13-1199.05,Sustainability Specialists,5708399.101923076,46954.39076923076,5.059740384615385,3.834285714285714,98.75714285714285,1128200.0,9280.0,13,Business and Financial Operations Occupations,81270.0,39.07,79790.0,38.36,0.0,0.0,3.7426746153846153,False,False,False,False,0.0,0.0,0.0,0.0,0.0,0.0,,
13-1199.06,Online Merchants,73865434.46346153,607579.5353846154,65.47193269230769,3.9535294117647055,73.16647058823528,1128200.0,9280.0,13,Business and Financial Operations Occupations,81270.0,39.07,79790.0,38.36,4236207.884461538,139379.57513846154,64.91954538461539,False,False,False,False,5.735034140436866,22.940136561747465,64702.655172408726,532.2111682325411,5258384785.861657,42465129.113274455,0.03290196773621699,2.784280075501522
13-2011.00,Accountants and Auditors,14161886.521499999,161733.90899999999,9.77835,4.1476,82.08879999999999,1448290.0,16540.0,13,Business and Financial Operations Occupations,81680.0,39.27,75100.0,36.11,1130348.5167643356,12908.992306293705,9.755888986013986,False,False,False,False,7.981623882159249,7.981623882159249,115597.06052292418,1320.1605901091398,9441967903.512447,99144060.3171964,0.011420364705963585,0.9664313745823163
13-2023.00,Appraisers and Assessors of Real Estate,1099536.0570403845,12099.177875,37.22823961538462,4.167241379310345,86.71344827586208,29535.0,325.0,13,Business and Financial Operations Occupations,65420.0,31.45,65420.0,31.45,36564.30273692308,402.9686995384615,19.188985692307693,True,False,True,False,3.325430075967042,3.3305461222377604,982.1657729368658,10.807647746892885,64253284.86552976,707036.3156017325,0.011020822752666328,0.9326207311335358
13-2031.00,Budget Analysts,651969.1173,5252.242200000001,13.82169,3.9676923076923076,87.18692307692308,47170.0,380.0,13,Business and Financial Operations Occupations,87930.0,42.27,80420.0,38.66,138271.7613576923,1113.9128538461537,12.232047692307692,False,False,False,False,21.208329917576034,21.208329917576034,10003.969222120615,80.59165368678893,879649013.7010657,6481180.789491566,0.008055967776128894,0.6817242891910074
13-2041.00,Credit Analysts,1596081.7668038462,20374.503776923077,23.69128346153846,4.0627272727272725,80.45454545454545,67370.0,860.0,13,Business and Financial Operations Occupations,80970.0,38.93,72500.0,34.86,0.0,0.0,22.05088423076923,False,False,False,False,0.0,0.0,0.0,0.0,0.0,0.0,,
13-2052.00,Personal Financial Advisors,2334375.1432615384,22611.885815384616,8.630490769230768,3.8352380952380956,90.05047619047619,270480.0,2620.0,13,Business and Financial Operations Occupations,102140.0,49.11,67210.0,32.31,461820.6729230769,4473.418230769231,8.177010384615384,False,False,False,False,19.783481427832164,19.783481427832164,53510.36056600043,518.3272134092027,5465548228.211284,34836772.013232514,0.009686483288967762,0.8197042389493371
13-2053.00,Insurance Underwriters,2530888.469030769,10797.706323076922,23.473274615384614,4.197142857142857,95.71428571428571,107820.0,460.0,13,Business and Financial Operations Occupations,79880.0,38.4,63410.0,30.49,528354.0367615385,2254.153746153846,23.473274615384614,False,False,False,False,20.876227586744562,20.87622758674456,22508.748584027988,96.03064689902497,1797998836.8921556,6089303.319867173,0.00426636987571879,0.36103520418349094
13-2061.00,Financial Examiners,286857.8562692307,2739.371538461538,4.56561923076923,3.918823529411765,89.76941176470588,62830.0,600.0,13,Business and Financial Operations Occupations,90400.0,43.46,80030.0,38.48,4395.079326923072,41.9711538461538,3.501137307692307,False,False,False,False,1.5321453573152501,1.5321453573152501,962.6469280011717,9.1928721438915,87023282.29130591,735705.5576756368,0.009549578226961643,0.8081188517337468
13-2071.00,Credit Counselors,2370648.4061884615,22770.368896153846,84.33469961538462,4.326086956521739,92.8395652173913,28110.0,270.0,13,Business and Financial Operations Occupations,50480.0,24.270000000000003,49250.0,23.68,568367.2042615385,5459.236753846154,71.18267192307692,False,False,False,False,23.97517922851165,23.97517922851165,6739.422881134625,64.73298391698145,340206067.03967583,3188099.457911337,0.0096051227321238,0.8128192228564243
13-2072.00,Loan Officers,5378415.729188462,103484.47295,18.512428076923076,3.988235294117647,82.49,290530.0,5590.0,13,Business and Financial Operations Occupations,74180.0,35.66,60870.0,29.27,583517.5399775148,11227.284784615384,23.598313136094674,True,True,True,True,10.849245751137957,10.849245751137957,31520.313680781106,606.4728374886117,2338176868.8403425,36916001.6179318,0.019240698034626372,1.6282154491806409
13-2081.00,"Tax Examiners and Collectors, and Revenue Agents",3186899.0175423077,189916.0819346154,59.534821923076926,4.215714285714286,54.46619047619048,53530.0,3190.0,13,Business and Financial Operations Occupations,59740.0,28.72,48530.0,23.33,615629.6915576924,36687.06736538462,51.93473115384616,False,False,False,False,19.31751486849613,19.317514868496126,10340.665709105979,616.2287243050265,617751369.4619912,29905579.990522936,0.059592751728002984,5.042947966238117
13-2082.00,Tax Preparers,3289218.747742308,65721.78278076922,44.708695769230765,4.453333333333333,100.0,73570.0,1470.0,13,Business and Financial Operations Occupations,50560.0,24.31,58660.0,28.2,838233.3205615385,16748.715253846152,34.16556423076923,False,False,False,False,25.484267993331084,25.484267993331088,18748.77596269368,374.6187395019669,947938112.6737924,21975135.259185378,0.019980970504281634,1.6908599057136968
13-2099.01,Financial Quantitative Analysts,1005153.9346538461,16640.83799230769,7.886653076923077,3.2952380952380955,88.80952380952381,127450.0,2110.0,13,Business and Financial Operations Occupations,80190.0,38.55,77940.0,37.47,0.0,0.0,7.744105384615384,False,False,False,False,0.0,0.0,0.0,0.0,0.0,0.0,,
13-2099.04,"Fraud Examiners, Investigators and Analysts",2120057.172134615,35098.63188076923,16.63442269230769,4.211304347826087,87.55782608695652,127450.0,2110.0,13,Business and Financial Operations Occupations,80190.0,38.55,77940.0,37.47,46521.588807692315,1539.7216153846157,13.577775769230769,False,False,False,False,2.1943553890507244,4.386842258168585,2796.705943345148,46.30089870897028,224267849.59684744,3608692.0453771437,0.03309692671394799,2.800778188975722
15-1211.00,Computer Systems Analysts,11835830.269384615,66811.3359923077,23.776276153846155,3.494090909090909,81.31,497800.0,2810.0,15,Computer and Mathematical Occupations,103790.0,49.9,93330.0,44.87,0.0,0.0,23.776276153846155,True,False,True,False,0.0,0.0,0.0,0.0,0.0,0.0,,
15-1211.01,Health Informatics Specialists,7412360.131769231,41841.56683461538,14.890237307692306,3.9811764705882355,97.75941176470589,497800.0,2810.0,15,Computer and Mathematical Occupations,103790.0,49.9,93330.0,44.87,0.0,0.0,14.890237307692306,True,True,True,True,0.0,0.0,0.0,0.0,0.0,0.0,,
15-1212.00,Information Security Analysts,2389953.011873077,22909.876723076923,13.31969576923077,4.047272727272728,89.25272727272727,179430.0,1720.0,15,Computer and Mathematical Occupations,124910.0,60.05,97180.0,46.72,0.0,0.0,13.31969576923077,True,False,True,False,0.0,0.0,0.0,0.0,0.0,0.0,,
15-1221.00,Computer and Information Research Scientists,769683.2944,17401.883215384616,20.002164615384615,3.4686666666666666,78.06266666666667,38480.0,870.0,15,Computer and Mathematical Occupations,140910.0,67.74,94830.0,45.59,6507.115999999998,147.1203461538461,20.002164615384615,True,False,True,False,0.8454277294757404,0.8454277294757402,325.3205903022649,7.3552212464389415,45840924.37949215,697495.6307998048,0.022609147609147607,1.9132654835999319
15-1231.00,Computer Network Support Specialists,4510489.3294230765,30798.834615384614,30.798834615384614,3.7973076923076925,86.64307692307692,146450.0,1000.0,15,Computer and Mathematical Occupations,73340.0,35.26,69280.0,33.31,285720.34507692314,1950.9753846153847,30.798834615384614,True,False,True,False,6.334575346694564,6.334575346694563,9276.98559523419,63.34575346694564,680374123.5544754,4388593.800189993,0.00682826903379993,0.5778321094165391
15-1232.00,Computer User Support Specialists,17634547.81498846,271899.98567307694,25.29302192307692,3.469375,88.588125,697210.0,10750.0,15,Computer and Mathematical Occupations,60340.0,29.01,57560.0,27.67,0.0,0.0,25.044843461538463,True,False,True,False,0.0,0.0,0.0,0.0,0.0,0.0,,
15-1241.00,Computer Network Architects,2869741.87815,27398.81235,16.212315,3.597272727272727,93.48484848484848,177010.0,1690.0,15,Computer and Mathematical Occupations,130390.0,62.69,128990.0,62.01,0.0,0.0,14.822916153846153,True,False,True,False,0.0,0.0,0.0,0.0,0.0,0.0,,
15-1241.01,Telecommunications Engineering Specialists,1917793.1272346152,18310.09765,10.834377307692307,3.866153846153846,86.05346153846153,177010.0,1690.0,15,Computer and Mathematical Occupations,130390.0,62.690000000000005,128990.0,62.01,0.0,0.0,10.834377307692307,True,False,True,False,0.0,0.0,0.0,0.0,0.0,0.0,,
15-1242.00,Database Administrators,627585.7130153846,6860.734769230769,8.575918461538462,3.373333333333333,89.315,73180.0,800.0,15,Computer and Mathematical Occupations,104620.0,50.3,97890.0,47.06,0.0,0.0,17.07921923076923,True,False,True,False,0.0,0.0,0.0,0.0,0.0,0.0,,
15-1243.00,Database Architects,973730.0834653846,9471.205073076922,15.033658846153845,3.7864,97.5244,64770.0,630.0,15,Computer and Mathematical Occupations,135980.0,65.37,127770.0,61.43,0.0,0.0,17.07921923076923,True,True,True,True,0.0,0.0,0.0,0.0,0.0,0.0,,
15-1243.01,Data Warehousing Specialists,435725.875776923,4238.185915384615,6.727279230769231,3.839444444444444,97.10055555555556,64770.0,630.0,15,Computer and Mathematical Occupations,135980.0,65.37,127770.0,61.43,36179.43834807692,703.8149192307692,6.727279230769231,True,False,True,False,8.303256785832836,16.606513571665673,5378.019420183929,52.31051775074687,731303080.7566106,6683714.853012928,0.01945345067160723,1.6462193245994403
15-1244.00,Network and Computer Systems Administrators,6655998.797942308,51815.54138461538,20.893363461538463,3.5725000000000002,86.69800000000001,318570.0,2480.0,15,Computer and Mathematical Occupations,96800.0,46.54,88330.0,42.47,1690988.6742000002,13163.988800000001,20.893363461538463,True,False,True,False,25.405483467376328,25.405483467376328,80934.24868202077,630.055989990933,7834435272.419611,55652845.59589911,0.00778478827259315,0.658776127104402
15-1251.00,Computer Programmers,3363296.492,36733.92,30.6116,3.621176470588235,81.01176470588236,109870.0,1200.0,15,Computer and Mathematical Occupations,98670.0,47.44,88410.0,42.51,0.0,0.0,30.6116,True,False,True,False,0.0,0.0,0.0,0.0,0.0,0.0,,
15-1253.00,Software Quality Assurance Analysts and Testers,7881601.509,169624.0565,39.447455,3.9307407407407404,95.53407407407407,199800.0,4300.0,15,Computer and Mathematical Occupations,102610.0,49.32999999999999,107170.0,51.52000000000001,4292515.051978223,78744.71321631364,35.06440444444444,True,True,True,True,54.4624724692894,46.42308104234828,108816.01999364022,2341.8863161794443,11165611811.547422,250979956.50495103,0.018344656282573504,1.5523892488433255
15-1254.00,Web Developers,1719424.8592615386,38592.21406153846,21.80351076923077,3.631111111111111,93.20962962962962,78860.0,1770.0,15,Computer and Mathematical Occupations,90930.0,43.72,80350.0,38.63,76804.72609230768,1660.9821115384616,19.49580065088757,True,False,True,False,4.466884707325558,4.303930603436975,3522.585280196936,79.06385931966238,320308679.5283074,6352781.096334873,0.021626040428061835,1.830071500847145
15-1255.01,Video Game Designers,1931472.4379230768,19765.51686923077,17.33817269230769,3.93625,97.08333333333333,111400.0,1140.0,15,Computer and Mathematical Occupations,98090.0,47.16,99300.0,47.74,0.0,0.0,17.33817269230769,True,False,True,False,0.0,0.0,0.0,0.0,0.0,0.0,,
15-1299.01,Web Administrators,11516474.26523077,130267.37015384616,26.21073846153846,3.898285714285714,91.24799999999999,439380.0,4970.0,15,Computer and Mathematical Occupations,108970.0,52.39,95640.0,45.98,213869.65143461534,14514.982488461537,25.832797692307693,True,False,True,False,1.8570757552101365,11.142454531260821,8159.619453242298,92.2966650339438,889153731.8198133,8827253.043846386,0.06786835996176431,5.743259002424407
15-1299.02,Geographic Information Systems Technologists and Technicians,16014978.181246154,181151.71733076923,36.44903769230769,3.832692307692308,93.44500000000001,439380.0,4970.0,15,Computer and Mathematical Occupations,108970.0,52.39,95640.0,45.98,245139.62190000003,16637.224100000003,40.654695887573965,True,True,True,True,1.5306897026376423,9.184138215825854,6725.544415449273,76.07527822109083,732882574.9515073,7275839.609065127,0.06786835996176431,5.743259002424407
15-1299.03,Document Management Specialists,8183849.46293077,92570.74020384616,18.62590346153846,3.8330434782608696,88.08434782608695,439380.0,4970.0,15,Computer and Mathematical Occupations,108970.0,52.39,95640.0,45.98,139673.32525384618,9479.399515384617,18.62590346153846,True,False,True,False,1.7066947026152517,10.240168215691511,7498.875184350893,84.82272671997802,817152428.8387167,8112445.583498698,0.06786835996176431,5.743259002424407
15-1299.08,Computer Systems Engineers/Architects,9242391.084507693,104544.32083846153,21.035074615384612,3.7175000000000002,93.28964285714287,439380.0,4970.0,15,Computer and Mathematical Occupations,108970.0,52.39,95640.0,45.98,67443.84421153845,4577.303096153845,21.035074615384612,True,False,True,False,0.7297228995707548,4.378337397424528,3206.2564761339822,36.267228108666515,349385768.2043201,3468597.6963128657,0.0678683599617643,5.743259002424406
15-1299.09,Information Technology Project Managers,10682897.400553845,120838.45436923076,24.313572307692304,4.055238095238095,98.39047619047618,439380.0,4970.0,15,Computer and Mathematical Occupations,108970.0,52.39,95640.0,45.98,136373.15897307693,9255.422642307693,20.30835823076923,True,False,True,False,1.2765559179292203,7.65933550757532,5608.931392197409,63.44482912108225,611205253.8077517,6067863.457140306,0.0678683599617643,5.743259002424406
15-2011.00,Actuaries,281908.5639,3183.1595076923077,9.947373461538461,3.5493333333333337,84.62933333333334,28340.0,320.0,15,Computer and Mathematical Occupations,125770.0,60.47,128860.0,61.95,0.0,0.0,6.175029615384616,False,False,False,False,0.0,0.0,0.0,0.0,0.0,0.0,,
15-2021.00,Mathematicians,25071.91239230769,271.0477015384615,11.29365423076923,3.8927272727272726,89.77181818181818,2220.0,24.0,15,Computer and Mathematical Occupations,121680.0,58.5,121680.0,58.5,0.0,0.0,11.874923499999998,False,False,False,False,0.0,0.0,0.0,0.0,0.0,0.0,,
15-2031.00,Operations Research Analysts,1050814.1382461537,10629.05911923077,9.751430384615384,4.143529411764706,98.04,107760.0,1090.0,15,Computer and Mathematical Occupations,91290.0,43.89,82230.0,39.54,84150.98593846153,851.1931576923075,9.40734076923077,False,False,False,False,8.008170320101756,8.008170320101755,8629.604336941653,87.28905648910916,787796579.9194036,7177779.115099446,0.010115070527097253,0.8559727964199784
15-2041.00,Statisticians,757381.4071538461,8336.278575384615,25.41548346153846,4.084210526315789,94.98842105263158,29800.0,328.0,15,Computer and Mathematical Occupations,103300.0,49.66,88060.0,42.34,11455.767576923077,126.09032769230768,22.48573769230769,False,False,False,False,1.5125493534324483,1.5125493534324481,450.7397073228696,4.96116187925843,46561411.76645243,436879.9150874974,0.011006711409395973,0.9314265797009769
15-2041.01,Biostatisticians,211187.32769230765,2324.477969230769,7.086823076923076,3.9812,90.66680000000001,29800.0,328.0,15,Computer and Mathematical Occupations,103300.0,49.66,88060.0,42.34,0.0,0.0,6.5635988461538455,False,False,False,False,0.0,0.0,0.0,0.0,0.0,0.0,,
15-2051.01,Business Intelligence Analysts,4104048.035384615,84914.9760576923,17.580740384615385,3.732941176470588,96.21823529411765,233440.0,4830.0,15,Computer and Mathematical Occupations,112590.0,54.13,116420.0,55.97,0.0,0.0,15.213753461538461,True,False,True,False,0.0,0.0,0.0,0.0,0.0,0.0,,
15-2051.02,Clinical Data Managers,2772919.0152615383,57373.19586923077,11.87850846153846,3.7285714285714286,93.0952380952381,233440.0,4830.0,15,Computer and Mathematical Occupations,112590.0,54.13,116420.0,55.96999999999999,0.0,0.0,10.884151923076923,True,False,True,False,0.0,0.0,0.0,0.0,0.0,0.0,,
15-2099.01,Bioinformatics Technicians,85406.93682307692,934.7111111538461,18.327668846153845,3.6231578947368424,73.98315789473685,4660.0,51.0,15,Computer and Mathematical Occupations,71490.0,34.37,71490.0,34.37,2401.846446153846,26.286302307692306,17.623518076923077,True,False,True,False,2.812238133688537,2.812238133688537,131.05029702988583,1.4342414481811538,9368785.734666537,102533.92113047068,0.01094420600858369,0.9261371531387683
17-1011.00,"Architects, Except Landscape and Naval",2800991.1880692304,32763.078499999996,25.202368076923076,3.73375,94.04791666666667,111140.0,1300.0,17,Architecture and Engineering Occupations,96690.0,46.49,81710.0,39.29,0.0,0.0,21.50462923076923,False,False,False,False,0.0,0.0,0.0,0.0,0.0,0.0,,
17-1012.00,Landscape Architects,263769.7183,1751.28005,13.471385000000001,3.8063157894736848,98.12105263157895,19580.0,130.0,17,Architecture and Engineering Occupations,79660.0,38.3,82180.0,39.51,0.0,0.0,9.42459423076923,False,False,False,False,0.0,0.0,0.0,0.0,0.0,0.0,,
17-1021.00,Cartographers and Photogrammetrists,505202.9437615385,7899.967846153846,39.49983923076923,4.03,77.66071428571429,12790.0,200.0,17,Architecture and Engineering Occupations,78380.0,37.68,65250.0,31.37,0.0,0.0,39.49983923076923,False,False,False,False,0.0,0.0,0.0,0.0,0.0,0.0,,
17-1022.00,Surveyors,1303777.602076923,16211.251269230768,24.562501923076923,4.0216666666666665,87.76333333333334,53080.0,660.0,17,Architecture and Engineering Occupations,72740.0,34.97,64260.0,30.899999999999995,0.0,0.0,24.50256,False,False,False,False,0.0,0.0,0.0,0.0,0.0,0.0,,
17-1022.01,Geodetic Surveyors,615536.5241076923,7653.619176923077,11.596392692307692,4.13875,94.44624999999999,53080.0,660.0,17,Architecture and Engineering Occupations,72740.0,34.97,64260.0,30.9,34830.01398461539,312.34149692307693,11.248080384615385,False,False,False,False,5.658480467118738,4.0809647005280585,3003.5214319466263,37.345971082983674,218476148.9597976,2399852.101792531,0.008967596081386585,0.7588694784070992
17-2011.00,Aerospace Engineers,756699.2263076924,11056.388461538461,11.05638846153846,3.5485714285714285,72.725,68440.0,1000.0,17,Architecture and Engineering Occupations,134830.0,64.82,130670.0,62.82,0.0,0.0,10.160256538461539,False,False,False,False,0.0,0.0,0.0,0.0,0.0,0.0,,
17-2021.00,Agricultural Engineers,15541.845415384614,175.77087076923075,9.251098461538461,3.612142857142857,84.47357142857143,1680.0,19.0,17,Architecture and Engineering Occupations,84630.0,40.69,84630.0,40.69,0.0,0.0,6.509010384615384,False,False,False,False,0.0,0.0,0.0,0.0,0.0,0.0,,
17-2031.00,Bioengineers and Biomedical Engineers,305259.06831538456,5585.710307692307,13.964275769230769,3.496666666666667,82.75366666666667,21860.0,400.0,17,Architecture and Engineering Occupations,106950.0,51.42,86140.0,41.41,16377.604484615385,299.68169230769234,10.492827307692307,False,True,True,False,5.365149207523143,5.365149207523143,1172.8216167645592,21.460596830092573,125433271.9129696,1848615.8109441742,0.018298261665141813,1.5484631733586858
17-2041.00,Chemical Engineers,240688.33219615382,2651.9521107692303,11.839071923076922,4.043846153846154,96.15153846153846,20330.0,224.0,17,Architecture and Engineering Occupations,121860.0,58.59,80820.0,38.85,0.0,0.0,10.416662517482516,False,False,False,False,0.0,0.0,0.0,0.0,0.0,0.0,,
17-2051.00,Civil Engineers,4120917.3000346157,53452.150342307694,11.59482653846154,3.59125,73.5125,355410.0,4610.0,17,Architecture and Engineering Occupations,99590.0,47.88,92000.0,44.23,0.0,0.0,7.557979615384615,False,False,False,False,0.0,0.0,0.0,0.0,0.0,0.0,,
17-2051.01,Transportation Engineers,4595191.987396154,59603.936473076916,12.929270384615384,3.661153846153846,89.85961538461538,355410.0,4610.0,17,Architecture and Engineering Occupations,99590.0,47.88,92000.0,44.23,0.0,0.0,10.78064769230769,False,False,False,False,0.0,0.0,0.0,0.0,0.0,0.0,,
17-2051.02,Water/Wastewater Engineers,2404722.513980769,31191.49936538461,6.7660519230769225,3.75,82.29035714285715,355410.0,4610.0,17,Architecture and Engineering Occupations,99590.0,47.88,92000.0,44.23,0.0,0.0,6.0112753846153835,True,False,True,False,0.0,0.0,0.0,0.0,0.0,0.0,,
17-2061.00,Computer Hardware Engineers,641360.4632038461,3642.649573076923,8.471278076923078,3.6205555555555557,94.93,75710.0,430.0,17,Architecture and Engineering Occupations,155020.0,74.53,104080.0,50.04,0.0,0.0,6.327629704142011,False,False,False,False,0.0,0.0,0.0,0.0,0.0,0.0,,
17-2071.00,Electrical Engineers,3008797.784192308,30599.56430769231,15.937273076923079,3.6295454545454544,71.88409090909092,188790.0,1920.0,17,Architecture and Engineering Occupations,111910.0,53.8,107520.0,51.68999999999999,0.0,0.0,13.802644615384617,False,False,False,False,0.0,0.0,0.0,0.0,0.0,0.0,,
17-2072.00,"Electronics Engineers, Except Computer",1396058.9962846152,16495.90681153846,14.861177307692307,3.339,78.1875,93940.0,1110.0,17,Architecture and Engineering Occupations,127590.0,61.34000000000001,110390.0,53.07000000000001,0.0,0.0,12.274989230769231,False,False,False,False,0.0,0.0,0.0,0.0,0.0,0.0,,
17-2072.01,Radio Frequency Identification Device Specialists,1895338.4260461538,22395.418915384616,20.176053076923075,3.765238095238095,89.95380952380953,93940.0,1110.0,17,Architecture and Engineering Occupations,127590.0,61.34,110390.0,53.07,0.0,0.0,18.13029730769231,False,False,False,False,0.0,0.0,0.0,0.0,0.0,0.0,,
17-2081.00,Environmental Engineers,377388.5641730769,4276.075957692307,9.944362692307692,3.7551724137931037,91.9548275862069,37950.0,430.0,17,Architecture and Engineering Occupations,104170.0,50.08,99180.0,47.68,0.0,0.0,5.542563076923076,False,False,False,False,0.0,0.0,0.0,0.0,0.0,0.0,,
17-2111.00,"Health and Safety Engineers, Except Mining Safety Engineers and Inspectors",282958.5984923077,2924.6366769230767,12.185986153846153,3.8468,88.79,23220.0,240.0,17,Architecture and Engineering Occupations,109660.0,52.72,102980.0,49.51,0.0,0.0,8.59832946745562,False,False,False,False,0.0,0.0,0.0,0.0,0.0,0.0,,
17-2111.02,Fire-Prevention and Protection Engineers,326258.9419153846,3372.185446153846,14.05077269230769,3.87,91.15384615384616,23220.0,240.0,17,Architecture and Engineering Occupations,109660.0,52.72,102980.0,49.51,0.0,0.0,8.98562564102564,False,False,False,False,0.0,0.0,0.0,0.0,0.0,0.0,,
17-2112.00,Industrial Engineers,5602449.210957692,73263.90482307693,15.99648576923077,3.5355,79.7645,350230.0,4580.0,17,Architecture and Engineering Occupations,101140.0,48.63,100710.0,48.42,0.0,0.0,11.513182307692308,False,False,False,False,0.0,0.0,0.0,0.0,0.0,0.0,,
17-2112.01,Human Factors Engineers and Ergonomists,3511624.7390461536,45921.94073846153,10.026624615384614,4.014230769230769,92.11538461538461,350230.0,4580.0,17,Architecture and Engineering Occupations,101140.0,48.63,100710.0,48.42,0.0,0.0,4.221133846153846,False,False,False,False,0.0,0.0,0.0,0.0,0.0,0.0,,
17-2112.02,Validation Engineers,5973837.817592308,78120.59847692307,17.05689923076923,3.8566666666666665,94.88714285714286,350230.0,4580.0,17,Architecture and Engineering Occupations,101140.0,48.63,100710.0,48.42,0.0,0.0,13.772813461538462,True,False,True,False,0.0,0.0,0.0,0.0,0.0,0.0,,
17-2112.03,Manufacturing Engineers,5687453.803665385,74375.52014615384,16.239196538461538,3.682916666666667,92.5,350230.0,4580.0,17,Architecture and Engineering Occupations,101140.0,48.63,100710.0,48.42,69491.39058942307,3634.989223076923,12.929414660633483,True,False,True,False,1.221836572011153,4.887346288044612,4279.238226154662,55.96011499811081,432802154.1932825,5635743.18145974,0.05230848299688776,4.426527560770453
17-2121.00,Marine Engineers and Naval Architects,100139.02236923076,1103.427616153846,11.864813076923076,3.6910714285714286,84.02035714285715,8440.0,93.0,17,Architecture and Engineering Occupations,105670.0,50.8,105670.0,50.8,0.0,0.0,10.109208534798533,False,False,False,False,0.0,0.0,0.0,0.0,0.0,0.0,,
17-2131.00,Materials Engineers,534227.7344884615,11496.336842307692,23.461911923076922,3.776666666666667,90.93095238095238,22770.0,490.0,17,Architecture and Engineering Occupations,108310.0,52.07,85720.0,41.21,14999.448496153846,322.78128076923076,16.23061978021978,False,False,False,False,2.80768809401411,2.80768809401411,639.3105790070128,13.75767166066914,69243728.81224956,1179307.6147525585,0.021519543258673692,1.8210593363103011
17-2141.00,Mechanical Engineers,11712176.841138462,144584.69109230768,40.843133076923074,3.5475,66.93285714285715,286760.0,3540.0,17,Architecture and Engineering Occupations,102320.0,49.19,99050.0,47.62,234115.6433333334,8670.345000000001,35.462885,False,False,False,False,1.9989080297269197,5.996724089180758,5732.068666044915,70.76134425233296,586505265.9097157,7008911.14819358,0.03703445389873064,3.1339855696172196
17-2141.01,Fuel Cell Engineers,5955371.4604,73517.9766,20.767789999999998,3.623076923076923,95.62884615384615,286760.0,3540.0,17,Architecture and Engineering Occupations,102320.0,49.190000000000005,99050.0,47.62,0.0,0.0,16.62915269230769,False,False,False,False,0.0,0.0,0.0,0.0,0.0,0.0,,
17-2141.02,Automotive Engineers,3215837.9249384613,39698.93379230769,11.214388076923075,3.7004,89.714,286760.0,3540.0,17,Architecture and Engineering Occupations,102320.0,49.19,99050.0,47.62,0.0,0.0,9.127132307692307,False,False,False,False,0.0,0.0,0.0,0.0,0.0,0.0,,
17-2151.00,"Mining and Geological Engineers, Including Mining Safety Engineers",53346.31890769231,1733.5583692307694,7.879810769230769,3.7344444444444442,66.77833333333334,6770.0,220.0,17,Architecture and Engineering Occupations,101020.0,48.57,110960.0,53.35,0.0,0.0,5.678666538461538,False,False,False,False,0.0,0.0,0.0,0.0,0.0,0.0,,
17-2161.00,Nuclear Engineers,103004.7754153846,1132.0741938461538,6.988112307692307,3.8939999999999997,87.618,14740.0,162.0,17,Architecture and Engineering Occupations,127520.0,61.31,127520.0,61.31,0.0,0.0,4.630421153846154,False,False,False,False,0.0,0.0,0.0,0.0,0.0,0.0,,
17-2171.00,Petroleum Engineers,286276.12407692306,5734.577076923077,15.090992307692307,3.744782608695652,68.10565217391304,18970.0,380.0,17,Architecture and Engineering Occupations,141280.0,67.92,166580.0,80.09,0.0,0.0,10.596074999999999,False,False,False,False,0.0,0.0,0.0,0.0,0.0,0.0,,
17-2199.03,"Energy Engineers, Except Wind and Solar",1233751.7994230767,12439.819138461537,8.184091538461537,3.7304761904761907,91.77238095238096,150750.0,1520.0,17,Architecture and Engineering Occupations,117750.0,56.61,113290.0,54.46999999999999,4620.342548076924,372.69230769230774,5.094756153846153,False,True,True,False,0.3744953036937798,2.995962429550238,564.5516703183731,5.692328616145453,66475959.17998844,644883.9089231184,0.08066334991708125,6.826015993873793
17-2199.05,Mechatronics Engineers,3568334.1369230766,35979.22313846154,23.67054153846154,3.6030434782608696,68.74826086956521,150750.0,1520.0,17,Architecture and Engineering Occupations,117750.0,56.61,113290.0,54.47,54675.082644230766,4410.275323076922,23.39662269230769,False,False,False,False,1.5322299018604884,12.257839214883907,2309.836577054686,23.28989450827942,271983256.9481893,2638512.1488429755,0.08066334991708125,6.826015993873793
17-2199.06,Microsystems Engineers,1062922.5951923076,10717.362153846152,7.050896153846153,3.5112,63.5576,150750.0,1520.0,17,Architecture and Engineering Occupations,117750.0,56.61,113290.0,54.47,12924.225108173076,1042.5112923076922,6.523961057692307,False,False,False,False,1.2159140436594802,9.727312349275843,1832.9904208166665,18.4818934636241,215834622.05116248,2093813.7104939744,0.08066334991708127,6.826015993873794
17-2199.07,Photonics Engineers,1300952.7285576921,13117.400646153845,8.629868846153846,3.3123076923076926,82.44,150750.0,1520.0,17,Architecture and Engineering Occupations,117750.0,56.61,113290.0,54.47,0.0,0.0,7.747704405594404,False,False,False,False,0.0,0.0,0.0,0.0,0.0,0.0,,
17-2199.08,Robotics Engineers,2461721.8725,24821.3416,16.329829999999998,3.6304166666666666,81.25,150750.0,1520.0,17,Architecture and Engineering Occupations,117750.0,56.60999999999999,113290.0,54.47,22417.590396634616,1808.2779384615383,14.04095423076923,False,False,False,False,0.9106467569331237,7.285174055464988,1372.7999860766838,13.84183070538348,161647198.3605295,1568141.0006128943,0.08066334991708125,6.826015993873793
17-2199.09,Nanosystems Engineers,3266502.834807692,32935.88264615384,21.668343846153846,3.3731999999999998,84.7616,150750.0,1520.0,17,Architecture and Engineering Occupations,117750.0,56.61,113290.0,54.47,8916.739290865384,719.2540615384614,13.261518846153846,False,False,False,False,0.2729750972767895,2.183800778214316,411.50995914476016,4.1492214786072,48455297.68929551,470065.3013114097,0.08066334991708125,6.826015993873793
17-2199.10,Wind Energy Engineers,1588832.9299038462,16020.073323076924,10.539521923076924,3.3475,53.694375,150750.0,1520.0,17,Architecture and Engineering Occupations,117750.0,56.61,113290.0,54.47,0.0,0.0,4.656749230769231,False,False,False,False,0.0,0.0,0.0,0.0,0.0,0.0,,
17-2199.11,Solar Energy Systems Engineers,1638306.5287499998,16518.9116,10.867704999999999,3.7507692307692304,88.18769230769232,150750.0,1520.0,17,Architecture and Engineering Occupations,117750.0,56.61,113290.0,54.47,0.0,0.0,9.978449615384616,False,False,False,False,0.0,0.0,0.0,0.0,0.0,0.0,,
17-3011.00,Architectural and Civil Drafters,4427743.655865384,64668.09538461538,40.41755961538461,3.7256,83.39119999999998,109550.0,1600.0,17,Architecture and Engineering Occupations,64280.0,30.9,62350.0,29.97,978139.085,14285.919999999998,40.88739043478261,False,False,False,False,22.091140793669698,22.091140793669698,24200.844739465156,353.45825269871517,1555630299.8528202,22038122.05576489,0.014605203103605658,1.2359435862937787
17-3012.00,Electrical and Electronics Drafters,1087911.0781,11411.654665384614,54.34121269230769,3.7340740740740737,70.83111111111111,20020.0,210.0,17,Architecture and Engineering Occupations,73720.0,35.44,64200.0,30.87,29485.348200000004,309.2868692307693,51.91182566889632,False,False,False,False,2.710271895704488,2.7102718957044885,542.5964335200384,5.691570980979424,40000209.07909723,365398.856978879,0.01048951048951049,0.8876592212313165
17-3013.00,Mechanical Drafters,1513709.3038846154,23141.921688461538,37.93757653846154,3.8973333333333335,84.99600000000001,39900.0,610.0,17,Architecture and Engineering Occupations,68510.0,32.94,68520.0,32.94,313462.5641538462,4792.284815384616,34.81238153846154,False,False,False,False,20.70824056834497,20.708240568344973,8262.587986769642,126.32026746690431,566069902.9735882,8655464.726832284,0.015288220551378448,1.2937429217712237
17-3021.00,Aerospace Engineering and Operations Technologists and Technicians,115342.08293076923,3182.7285576923077,12.730914230769232,4.329090909090909,73.27454545454545,9060.0,250.0,17,Architecture and Engineering Occupations,79830.0,38.38,78610.0,37.79,0.0,0.0,11.411500384615385,False,True,True,False,0.0,0.0,0.0,0.0,0.0,0.0,,
17-3022.00,Civil Engineering Technologists and Technicians,796294.2348807693,11663.08955,12.816581923076923,3.8757142857142854,68.12214285714286,62130.0,910.0,17,Architecture and Engineering Occupations,64200.0,30.86,61770.0,29.7,0.0,0.0,11.821466153846155,False,True,True,False,0.0,0.0,0.0,0.0,0.0,0.0,,
17-3023.00,Electrical and Electronic Engineering Technologists and Technicians,2698829.213319231,34641.42771923077,29.110443461538463,3.7119230769230773,84.31692307692308,92710.0,1190.0,17,Architecture and Engineering Occupations,77180.0,37.11,65830.0,31.65,163119.67923076922,2093.759230769231,25.60685119047619,False,True,True,False,6.044090468034911,6.044090468034913,5603.476272915166,71.92467656961544,432476298.7435925,4734801.458577785,0.012835724301585593,1.0862040749069368
17-3024.00,Electro-Mechanical and Mechatronics Technologists and Technicians,677929.0511692308,18472.18123076923,46.18045307692308,3.799615384615385,65.01615384615386,14680.0,400.0,17,Architecture and Engineering Occupations,70760.0,34.02,69770.0,33.54,0.0,0.0,48.36227,False,True,True,False,0.0,0.0,0.0,0.0,0.0,0.0,,
17-3024.01,Robotics Technicians,182286.92949230768,4966.9463076923075,12.417365769230768,3.7240909090909096,76.03272727272727,14680.0,400.0,17,Architecture and Engineering Occupations,70760.0,34.02,69770.0,33.54,931.0948530769231,116.27784615384616,9.70339,False,False,False,False,0.5107853073559037,2.3410328791709847,74.98328311984666,2.0431412294236146,5305817.11356035,142549.96357688558,0.12488292226038089,10.568031523453284
17-3025.00,Environmental Engineering Technologists and Technicians,254267.83173076922,1830.7283884615385,20.341426538461537,3.6915384615384617,65.345,12500.0,90.0,17,Architecture and Engineering Occupations,58890.0,28.31,50100.0,24.09,19056.16346153846,137.20437692307692,18.858493846153845,False,True,True,False,7.49452391670057,7.49452391670057,936.8154895875712,6.7450715250305135,55169064.18181206,337928.08340402873,0.0072,0.6092892894531756
17-3026.00,Industrial Engineering Technologists and Technicians,470368.53279230767,8457.791353846154,6.407417692307693,3.4514285714285715,70.76571428571428,73410.0,1320.0,17,Architecture and Engineering Occupations,64790.0,31.15,65330.0,31.41,0.0,0.0,16.64963676923077,False,True,True,False,0.0,0.0,0.0,0.0,0.0,0.0,,
17-3026.01,Nanotechnology Engineering Technologists and Technicians,1770427.3041576922,31834.410046153844,24.116977307692306,3.8286956521739133,88.91434782608695,73410.0,1320.0,17,Architecture and Engineering Occupations,64790.0,31.15,65330.0,31.41,46184.75799807692,1660.9148769230767,15.896585934065932,True,True,True,True,2.608678587910167,5.217357175820333,1915.0309513848538,34.4345573604142,124074855.34022468,2249609.63235586,0.035962402942378416,3.04326485219313
17-3027.00,Mechanical Engineering Technologists and Technicians,744793.5727884616,23467.461038461537,19.887678846153847,3.496923076923077,74.40038461538461,37450.0,1180.0,17,Architecture and Engineering Occupations,68730.0,33.04,60830.0,29.25,8507.70724,535.8398076923077,22.01682,False,True,True,False,1.1422906360681475,2.283330978217471,427.78784320752123,13.479029505604139,29401858.463652935,819929.3648258997,0.06298286865972455,5.329831568528646
17-3027.01,Automotive Engineering Technicians,851540.4766346153,26830.914884615384,22.73806346153846,3.7994444444444446,95.26888888888888,37450.0,1180.0,17,Architecture and Engineering Occupations,68730.0,33.04,60830.0,29.25,0.0,0.0,20.722400384615383,False,False,False,False,0.0,0.0,0.0,0.0,0.0,0.0,,
17-3029.01,Non-Destructive Testing Specialists,4593976.18928077,77743.1151423077,71.32395884615384,4.469375,90.218125,64410.0,1090.0,17,Architecture and Engineering Occupations,77390.0,37.21,64680.0,31.09,0.0,0.0,66.71962192307693,False,False,False,False,0.0,0.0,0.0,0.0,0.0,0.0,,
17-3029.08,Photonics Technicians,1672910.5500807692,28310.394342307693,25.972838846153845,3.6183333333333336,64.83666666666666,64410.0,1090.0,17,Architecture and Engineering Occupations,77390.0,37.21,64680.0,31.09,11643.011717307692,394.06560384615386,16.981273846153847,False,False,False,False,0.695973357137688,1.391946714275376,448.2764393323848,7.5861095928008,34692113.63993326,490669.56846235576,0.03384567613724577,2.8641399951006634
17-3031.00,Surveying and Mapping Technicians,2410532.8086153846,19974.443230769233,42.49881538461538,3.895263157894737,82.2421052631579,56720.0,470.0,17,Architecture and Engineering Occupations,51940.0,24.97,48720.0,23.42,0.0,0.0,64.86661295546558,False,False,False,False,0.0,0.0,0.0,0.0,0.0,0.0,,
19-1011.00,Animal Scientists,25326.5193,276.8485915384615,10.253651538461538,4.017777777777777,87.92333333333333,2470.0,27.0,19,"Life, Physical, and Social Science Occupations",79120.0,38.04,79120.0,38.04,0.0,0.0,2.529197307692307,False,False,False,False,0.0,0.0,0.0,0.0,0.0,0.0,,
19-1012.00,Food Scientists and Technologists,103610.32528846154,937.32375,7.210182692307692,3.7707692307692304,86.95538461538462,14370.0,130.0,19,"Life, Physical, and Social Science Occupations",85310.0,41.02,69170.0,33.26,0.0,0.0,4.191033846153846,False,False,False,False,0.0,0.0,0.0,0.0,0.0,0.0,,
19-1013.00,Soil and Plant Scientists,219194.8979230769,924.3158346153846,13.204511923076922,3.3622222222222224,75.40518518518519,16600.0,70.0,19,"Life, Physical, and Social Science Occupations",71410.0,34.33,72550.0,34.88,0.0,0.0,7.71481423076923,False,False,False,False,0.0,0.0,0.0,0.0,0.0,0.0,,
19-1021.00,Biochemists and Biophysicists,1057233.5910615386,11331.878003846154,30.626697307692307,3.8562499999999997,82.25875,34520.0,370.0,19,"Life, Physical, and Social Science Occupations",103650.0,49.830000000000005,78260.0,37.63,13558.261076923074,145.32319230769227,18.373212307692306,False,False,False,False,1.282428139963809,1.2824281399638093,442.6941939155069,4.744984117866093,45885253.19934229,371342.4570642005,0.010718424101969872,0.9070306951593077
19-1022.00,Microbiologists,634060.628,4492.332384615384,32.08808846153846,3.9435714285714285,83.44142857142857,19760.0,140.0,19,"Life, Physical, and Social Science Occupations",87330.0,41.98,67780.0,32.59,0.0,0.0,24.85775730769231,False,False,False,False,0.0,0.0,0.0,0.0,0.0,0.0,,
19-1023.00,Zoologists and Wildlife Biologists,147778.64224615385,3056.8868076923077,8.733962307692307,3.525714285714286,76.48642857142856,16920.0,350.0,19,"Life, Physical, and Social Science Occupations",72860.0,35.03,69990.0,33.65,0.0,0.0,5.023724615384616,False,False,False,False,0.0,0.0,0.0,0.0,0.0,0.0,,
19-1029.01,Bioinformatics Scientists,762580.6844115384,6513.417334615385,12.771406538461537,3.5395000000000003,76.7255,59710.0,510.0,19,"Life, Physical, and Social Science Occupations",93330.0,44.87,89860.0,43.2,15361.63733923077,525.1509346153846,9.731213846153846,False,False,False,False,2.0144278045915764,8.062602281362869,1202.8148421216304,10.27358180341704,112258709.21521176,923184.0608550552,0.034185869840465934,2.892928381171699
19-1029.02,Molecular and Cellular Biologists,853749.5639076923,7292.116523076923,14.298267692307691,3.7681818181818185,94.05636363636363,59710.0,510.0,19,"Life, Physical, and Social Science Occupations",93330.0,44.87,89860.0,43.2,347.1937692307691,11.823355384615379,8.902693076923077,False,False,False,False,0.04066693371316413,0.16213887075444716,24.2822261201303,0.20740136193713707,2266260.163791761,18637.086383671136,0.03405405405405405,2.8817736663325872
19-1029.03,Geneticists,684223.6188576923,5844.147473076923,11.459112692307691,3.7412500000000004,87.01375,59710.0,510.0,19,"Life, Physical, and Social Science Occupations",93330.0,44.87,89860.0,43.20000000000001,2684.7450319230766,91.93779923076923,7.046461538461538,False,False,False,False,0.3923783040996515,1.573160151319116,234.28908537790193,2.0011293509082226,21866200.33831959,179821.4834726129,0.03424451787323521,2.897891383701396
19-1029.04,Biologists,1823733.7371076923,15577.025723076924,30.543187692307693,3.6699999999999995,68.20904761904762,59710.0,510.0,19,"Life, Physical, and Social Science Occupations",93330.0,44.87,89860.0,43.2,0.0,0.0,24.059725264423076,True,False,True,False,0.0,0.0,0.0,0.0,0.0,0.0,,
19-1031.00,Conservation Scientists,240474.48579230768,2819.1616153846153,9.397205384615384,3.8676666666666666,83.61566666666666,25590.0,300.0,19,"Life, Physical, and Social Science Occupations",67950.0,32.67,77380.0,37.2,0.0,0.0,2.9322853846153847,False,False,False,False,0.0,0.0,0.0,0.0,0.0,0.0,,
19-1031.02,Range Managers,156557.73027692307,1835.3778461538461,6.117926153846153,3.669375,84.485625,25590.0,300.0,19,"Life, Physical, and Social Science Occupations",67950.0,32.67,77380.0,37.2,0.0,0.0,1.984001923076923,False,False,False,False,0.0,0.0,0.0,0.0,0.0,0.0,,
19-1031.03,Park Naturalists,457363.82013461535,5361.82673076923,17.872755769230768,3.6119999999999997,86.2145,25590.0,300.0,19,"Life, Physical, and Social Science Occupations",67950.0,32.67,77380.0,37.2,2800.8775292307687,98.30189115384614,15.90564423076923,False,False,False,False,0.6123959539270923,1.8333656809485028,156.71212460994292,1.8371878617812771,10648588.867245622,142161.59674463523,0.03509681881051176,2.9700160826560493
19-1032.00,Foresters,68150.40444230768,282.48872307692307,7.062218076923076,3.2895999999999996,68.5616,9650.0,40.0,19,"Life, Physical, and Social Science Occupations",70660.0,33.97,68930.0,33.14,0.0,0.0,2.3515215384615384,False,False,False,False,0.0,0.0,0.0,0.0,0.0,0.0,,
19-1041.00,Epidemiologists,159844.44583846154,2510.645746153846,13.948031923076925,3.8449999999999998,90.46124999999999,11460.0,180.0,19,"Life, Physical, and Social Science Occupations",83980.0,40.38,72160.0,34.69,31706.73461538462,498.0115384615385,7.299305,False,False,False,False,19.835993955915974,19.835993955915978,2273.2049073479707,35.704789120648755,190903748.11908257,2576457.582946014,0.015706806282722512,1.329165116608149
19-1042.00,"Medical Scientists, Except Epidemiologists",2370289.019076923,25022.244923076923,15.164996923076922,4.117142857142857,67.44785714285715,156300.0,1650.0,19,"Life, Physical, and Social Science Occupations",100590.0,48.36,78570.0,37.77,57674.33930769231,608.8461923076923,10.236486923076923,False,False,False,False,2.4332196978304697,2.4332196978304697,3803.1223877090238,40.14812501420275,382556080.9796507,3154438.1823659097,0.010556621880998079,0.8933384229026619
19-2011.00,Astronomers,8418.5448,91.7405523076923,5.396503076923076,3.9105882352941177,92.83764705882353,1560.0,17.0,19,"Life, Physical, and Social Science Occupations",132170.0,63.540000000000006,132170.0,63.540000000000006,39.27059999999994,0.4279488461538455,3.4428788461538455,False,False,False,False,0.46647729427061957,0.4664772942706196,7.277045790621665,0.07930114002600533,961807.1421464655,10481.231677237125,0.010897435897435897,0.9221793020569787
19-2012.00,Physicists,299754.27984615386,842.7955384615385,14.046592307692308,3.943,77.899,21340.0,60.0,19,"Life, Physical, and Social Science Occupations",166290.0,79.95,133900.0,64.37,7212.1484769230765,20.277830769230768,11.825375000000001,False,False,False,False,2.4060201844739786,2.406020184473978,513.444707366747,1.443612110684387,85380720.38801636,193299.66162063944,0.0028116213683223993,0.23792927579396111
19-2021.00,Atmospheric and Space Scientists,328318.0772923077,3627.204270769231,37.39385846153846,3.764074074074074,76.29629629629629,8780.0,97.0,19,"Life, Physical, and Social Science Occupations",97450.0,46.85,59640.0,28.67,50494.41486153846,557.8540138461539,35.30954153846154,False,False,False,False,15.379724222916408,15.379724222916408,1350.3397867720605,14.918332496228915,131590612.2209373,889729.3500750925,0.011047835990888382,0.9349066862338337
19-2031.00,Chemists,1125829.3577884615,10007.372069230769,13.52347576923077,3.855,89.64666666666666,83250.0,740.0,19,"Life, Physical, and Social Science Occupations",84150.0,40.46,77270.0,37.15,0.0,0.0,10.490594615384616,False,False,False,False,0.0,0.0,0.0,0.0,0.0,0.0,,
19-2032.00,Materials Scientists,107384.16376153845,1031.3004923076921,12.891256153846154,3.94375,89.285625,8330.0,80.0,19,"Life, Physical, and Social Science Occupations",104160.0,50.08,118720.0,57.08,0.0,0.0,10.731302307692307,False,False,False,False,0.0,0.0,0.0,0.0,0.0,0.0,,
19-2041.00,"Environmental Scientists and Specialists, Including Health",945298.4042538462,9572.078507692308,11.130323846153846,3.4513636363636366,70.89999999999999,84930.0,860.0,19,"Life, Physical, and Social Science Occupations",80060.0,38.49,81480.0,39.17,0.0,0.0,6.835961923076923,False,False,False,False,0.0,0.0,0.0,0.0,0.0,0.0,,
19-2041.01,Climate Change Policy Analysts,308323.76357307687,3122.0821461538458,3.6303280769230764,4.090714285714285,97.515,84930.0,860.0,19,"Life, Physical, and Social Science Occupations",80060.0,38.49,81480.0,39.17,520.6578869230766,88.12552307692303,2.507630769230769,False,True,True,False,0.1688672585237413,2.822652286247067,143.4189626642135,1.4522584233041753,11482122.150896933,118330.0163308242,0.16925802007478843,14.32320816466933
19-2041.02,Environmental Restoration Planners,702091.516973077,7109.368946153847,8.266708076923077,3.8865217391304347,94.66260869565217,84930.0,860.0,19,"Life, Physical, and Social Science Occupations",80060.0,38.49,81480.0,39.17,605.9021296153842,122.0032384615384,1.3990399999999996,False,False,False,False,0.08629959413661718,1.716090969333388,73.29424530022898,0.7421765095749078,5867937.278736332,60472.542000163485,0.20135799578553037,17.039620858039072
19-2041.03,Industrial Ecologists,1104303.5009538461,11182.161907692307,13.002513846153844,3.4678947368421054,89.70184210526315,84930.0,860.0,19,"Life, Physical, and Social Science Occupations",80060.0,38.49,81480.0,39.17,0.0,0.0,7.157304999999999,False,False,False,False,0.0,0.0,0.0,0.0,0.0,0.0,,
19-2042.00,"Geoscientists, Except Hydrologists and Geographers",360298.6529423077,5442.094269230769,16.006159615384615,3.6296875,60.8021875,22510.0,340.0,19,"Life, Physical, and Social Science Occupations",99240.0,47.71,104000.0,50.0,0.0,0.0,14.210235,False,False,False,False,0.0,0.0,0.0,0.0,0.0,0.0,,
19-2043.00,Hydrologists,54864.48879999999,959.1693846153845,9.591693846153845,3.536,88.6156,5720.0,100.0,19,"Life, Physical, and Social Science Occupations",92060.0,44.26,89310.0,42.94,0.0,0.0,5.801026466346153,False,False,False,False,0.0,0.0,0.0,0.0,0.0,0.0,,
19-2099.01,Remote Sensing Scientists and Technologists,697420.3051461538,3706.396661538461,30.886638846153843,3.8633333333333333,95.16666666666667,22580.0,120.0,19,"Life, Physical, and Social Science Occupations",117960.0,56.71,106850.0,51.37,9132.741538461536,48.53538461538461,26.224391153846152,False,False,False,False,1.3095032466179268,1.309503246617927,295.6858330863279,1.5714038959415122,34879100.87086324,167904.50628135056,0.005314437555358725,0.4497263724927485
19-3011.00,Economists,170846.61075384615,753.1021884615385,10.758602692307692,3.8042857142857143,91.66571428571429,15880.0,70.0,19,"Life, Physical, and Social Science Occupations",115440.0,55.5,115440.0,55.5,0.0,0.0,6.072227692307692,False,False,False,False,0.0,0.0,0.0,0.0,0.0,0.0,,
19-3011.01,Environmental Economists,84846.30863076923,374.00765769230765,5.342966538461538,3.5770000000000004,96.29650000000001,15880.0,70.0,19,"Life, Physical, and Social Science Occupations",115440.0,55.5,115440.0,55.5,1454.0786965384611,12.739555384615382,4.447756153846154,False,False,False,False,1.7137795621330596,3.4062284882669664,272.1481944667299,1.1996456934931417,31416787.569239296,138487.0988568483,0.008761255779995133,0.7414082373487171
19-3022.00,Survey Researchers,136239.62936923077,705.9048153846154,17.647620384615383,4.344375,96.091875,7720.0,40.0,19,"Life, Physical, and Social Science Occupations",63380.0,30.47,50150.0,24.11,9191.325107692308,47.623446153846146,11.463431923076923,False,False,False,False,6.746440187959096,6.746440187959095,520.8251825104422,2.6985760751836385,33009900.06751183,135333.59017045947,0.005181347150259067,0.4384637949432754
19-3032.00,Industrial-Organizational Psychologists,14685.993403846154,167.8399246153846,13.986660384615384,3.906,94.7692,1050.0,12.0,19,"Life, Physical, and Social Science Occupations",109840.0,52.81,109840.0,52.81,0.0,0.0,6.345472692307692,False,False,False,False,0.0,0.0,0.0,0.0,0.0,0.0,,
19-3033.00,Clinical and Counseling Psychologists,3333402.625776923,46175.406923076924,46.17540692307692,3.8853333333333335,95.589,72190.0,1000.0,19,"Life, Physical, and Social Science Occupations",95830.0,46.07,88990.0,42.79,0.0,0.0,28.702335,True,True,True,True,0.0,0.0,0.0,0.0,0.0,0.0,,
19-3034.00,School Psychologists,1181815.07685,13330.82963076923,18.515041153846155,4.002105263157895,92.55315789473684,63830.0,720.0,19,"Life, Physical, and Social Science Occupations",86930.0,41.79,75870.0,36.48,0.0,0.0,10.177533076923078,True,False,True,False,0.0,0.0,0.0,0.0,0.0,0.0,,
19-3039.02,Neuropsychologists,336768.68222307693,3710.3238738461537,18.930223846153844,4.24,98.0,17790.0,196.0,19,"Life, Physical, and Social Science Occupations",117580.0,56.53000000000001,90270.0,43.4,0.0,0.0,2.8585326923076924,True,True,True,True,0.0,0.0,0.0,0.0,0.0,0.0,,
19-3039.03,Clinical Neuropsychologists,303654.38306538464,3345.489549230769,17.06882423076923,4.388333333333333,95.37055555555555,17790.0,196.0,19,"Life, Physical, and Social Science Occupations",117580.0,56.53,90270.0,43.4,0.0,0.0,2.8585326923076924,True,True,True,True,0.0,0.0,0.0,0.0,0.0,0.0,,
19-3041.00,Sociologists,35741.37286538461,387.7030276923077,12.115719615384617,3.8973333333333335,98.33333333333333,2950.0,32.0,19,"Life, Physical, and Social Science Occupations",101690.0,48.89,101690.0,48.89,3790.1826923076915,41.11384615384615,6.049934230769231,False,False,False,False,10.604468682786578,10.604468682786578,312.831826142204,3.393429978491705,31811868.400400728,345077.89451282145,0.010847457627118645,0.9179499652778541
19-3051.00,Urban and Regional Planners,310070.6551384615,3962.334115384615,7.204243846153846,4.1078947368421055,98.52631578947368,43040.0,550.0,19,"Life, Physical, and Social Science Occupations",83720.0,40.25,75480.0,36.29,17265.055667692308,220.62687307692306,6.017096538461538,False,False,False,False,5.5681037149364,5.5681037149364,2396.5118389086265,30.6245704321502,200635971.15343022,2311542.5762186972,0.012778810408921933,1.0813878214040122
19-3091.00,Anthropologists and Archeologists,50161.34149615384,683.7357576923075,6.215779615384615,3.7056666666666667,78.16666666666667,8070.0,110.0,19,"Life, Physical, and Social Science Occupations",64910.0,31.21,72550.0,34.88,0.0,0.0,2.696815769230769,False,False,False,False,0.0,0.0,0.0,0.0,0.0,0.0,,
19-3092.00,Geographers,14354.796623076923,156.03039807692306,10.402026538461538,3.8708333333333336,90.41666666666667,1380.0,15.0,19,"Life, Physical, and Social Science Occupations",97200.0,46.73,97200.0,46.73,2898.913453846154,31.50992884615384,9.556641923076924,False,False,False,False,20.194737201541606,20.194737201541606,278.68737338127414,3.029210580231241,27088412.692659847,294439.2683984766,0.010869565217391302,0.9198207872179581
19-3093.00,Historians,60186.98740769231,1725.1047346153846,19.167830384615385,3.723809523809524,82.60380952380953,3140.0,90.0,19,"Life, Physical, and Social Science Occupations",74050.0,35.6,32000.0,15.39,0.0,0.0,11.903506538461539,False,False,False,False,0.0,0.0,0.0,0.0,0.0,0.0,,
19-3094.00,Political Scientists,32556.509730769223,361.13103230769224,5.471682307692307,3.5964285714285715,97.52785714285714,5950.0,66.0,19,"Life, Physical, and Social Science Occupations",139380.0,67.01,139380.0,67.01,280.02988461538433,3.106213846153843,1.1382080769230767,False,False,False,False,0.8601348453231997,0.8601348453231997,51.17802329673038,0.5676889979133118,7133192.887098281,79124.4925291574,0.011092436974789916,0.9386809781491501
19-3099.01,Transportation Planners,277024.82685384614,1723.4436076923075,7.493233076923076,3.8350000000000004,94.0909090909091,36970.0,230.0,19,"Life, Physical, and Social Science Occupations",100340.0,48.24,84640.0,40.69,0.0,0.0,7.166356923076923,False,False,False,False,0.0,0.0,0.0,0.0,0.0,0.0,,
19-4012.00,Agricultural Technicians,261256.97427692305,546.5627076923076,18.21875692307692,3.6107692307692307,58.606923076923074,14340.0,30.0,19,"Life, Physical, and Social Science Occupations",46790.0,22.49,47840.0,23.0,1796.7552357371792,9.94155096153846,21.92811673076923,True,True,True,True,0.6877348406525917,1.8189222977750517,98.62117614958166,0.20632045219577752,4614484.832038926,9870.370433045997,0.005533058016919931,0.4682268038378252
19-4012.01,Precision Agriculture Technicians,268272.59866153845,561.2397461538461,18.707991538461535,3.7763636363636364,96.44136363636363,14340.0,30.0,19,"Life, Physical, and Social Science Occupations",46790.0,22.49,47840.0,23.0,6920.329569230768,28.955353846153844,16.120068076923076,True,False,True,False,2.5795886735199836,5.159177347039967,369.9130157827656,0.7738766020559951,17308230.008475605,37022.25664235881,0.004184100418410042,0.3540732737408041
19-4013.00,Food Science Technicians,732549.5344615384,4642.919584615384,51.58799538461538,4.15375,82.92625,14200.0,90.0,19,"Life, Physical, and Social Science Occupations",49430.0,23.76,48790.0,23.46,1796.7552357371792,9.94155096153846,21.92811673076923,True,True,True,True,0.24527423078056923,0.21412283328103368,34.82894077084083,0.22074680770251232,1721594.5423026623,10770.236747805577,0.005533058016919931,0.4682268038378252
19-4021.00,Biological Technicians,2381918.3583384613,27198.700246153847,31.262873846153845,3.935294117647059,73.10058823529413,76190.0,870.0,19,"Life, Physical, and Social Science Occupations",52000.0,25.0,50690.0,24.37,215646.27125000002,2462.42625,27.444161923076923,False,False,False,False,9.053470304516521,9.05347030451652,6897.839025011137,78.76519164929374,358687629.30057913,3992607.5647027,0.011418821367633546,0.9663007718719697
19-4031.00,Chemical Technicians,1981411.9616,27064.577476923077,35.61128615384616,3.99375,76.60375,55640.0,760.0,19,"Life, Physical, and Social Science Occupations",57790.0,27.78,52890.0,25.43,98119.06420000001,1340.2316461538462,22.074167692307693,False,False,False,False,4.951976979121917,4.951976979121917,2755.2799911834345,37.63502504132657,159227630.6904907,1990516.4744357623,0.013659237958303379,1.155892693067571
19-4042.00,"Environmental Science and Protection Technicians, Including Health",667351.0309499999,5421.485907692308,16.94214346153846,3.4972,77.9128,39390.0,320.0,19,"Life, Physical, and Social Science Occupations",49490.0,23.79,54060.0,25.99,19045.837649999998,154.7262769230769,9.225930769230768,True,False,True,False,2.853945939498664,2.853945939498664,1124.169305568524,9.132627006395726,55635138.932586245,493709.81596575293,0.008123889312008125,0.6874720481263441
19-4043.00,"Geological Technicians, Except Hydrologic Technicians",185693.78604615387,2294.8768615384615,19.12397384615385,3.6134782608695653,68.82391304347826,9710.0,120.0,19,"Life, Physical, and Social Science Occupations",48390.0,23.270000000000003,61150.0,29.4,2421.037468449519,30.333421826923075,10.493724307692307,True,True,True,True,1.3037794748003977,1.321788647369422,126.59698700311861,1.5645353697604774,6126028.20108091,95671.3378608532,0.012529100529100529,1.0602564942865371
19-4051.00,Nuclear Technicians,249923.39177692306,2753.7468876923076,41.72343769230769,4.27125,65.023125,5990.0,66.0,19,"Life, Physical, and Social Science Occupations",104240.0,50.11,104240.0,50.11,0.0,0.0,25.954825384615386,False,False,False,False,0.0,0.0,0.0,0.0,0.0,0.0,,
19-4051.02,Nuclear Monitoring Technicians,157000.24761923077,1729.885866923077,26.210391923076923,4.278125,88.815,5990.0,66.0,19,"Life, Physical, and Social Science Occupations",104240.0,50.11,104240.0,50.11,0.0,0.0,13.078198846153846,False,False,False,False,0.0,0.0,0.0,0.0,0.0,0.0,,
19-4061.00,Social Science Research Assistants,792843.6415153847,35381.91114230769,24.06932730769231,3.9272727272727277,63.55181818181818,32940.0,1470.0,19,"Life, Physical, and Social Science Occupations",58040.0,27.9,58040.0,27.9,233193.92836153845,10406.650719230769,17.757923076923078,False,False,False,False,29.41234767498775,29.412347674987753,9688.427324140965,432.36151082231993,562316321.8931416,25094262.08812745,0.044626593806921674,3.7764591154631657
19-4071.00,Forest and Conservation Technicians,532563.4863230769,21761.76408076923,17.135247307692307,3.461,53.133500000000005,31080.0,1270.0,19,"Life, Physical, and Social Science Occupations",54310.0,26.110000000000003,44780.0,21.53,0.0,0.0,5.740965,True,False,True,False,0.0,0.0,0.0,0.0,0.0,0.0,,
19-4092.00,Forensic Science Technicians,394072.0363461538,4254.762346153846,20.260773076923076,4.06625,70.63,19450.0,210.0,19,"Life, Physical, and Social Science Occupations",67440.0,32.42,64430.0,30.98,0.0,0.0,18.013786153846155,False,False,False,False,0.0,0.0,0.0,0.0,0.0,0.0,,
19-4099.01,Quality Control Analysts,3116666.2137692305,61984.11797692307,43.650787307692305,3.8492307692307692,82.86576923076925,71400.0,1420.0,19,"Life, Physical, and Social Science Occupations",60130.0,28.91,52400.0,25.19,0.0,0.0,30.417108846153845,False,False,False,False,0.0,0.0,0.0,0.0,0.0,0.0,,
19-4099.03,Remote Sensing Technicians,2361481.7326153843,46965.04286153846,33.07397384615384,3.7338888888888886,68.55000000000001,71400.0,1420.0,19,"Life, Physical, and Social Science Occupations",60130.0,28.91,52400.0,25.19,29220.202846153847,1162.2601692307692,34.51181235576923,False,False,False,False,1.237367303866117,2.4747346077322336,883.4802549604076,17.57061571489886,53123667.73076931,920700.2634607003,0.039775910364145656,3.365977244878265
19-5011.00,Occupational Health and Safety Specialists,617026.6715884614,5284.819269230768,4.804381153846153,3.821818181818182,89.92045454545455,128430.0,1100.0,19,"Life, Physical, and Social Science Occupations",83910.0,40.34,87000.0,41.83,155273.00611153845,1329.9097307692305,2.152038461538461,True,False,True,False,25.164715442819784,25.16471544281978,32319.04404321345,276.8118698710176,2711890985.6660404,24082632.678778533,0.008564977030288872,0.7247984401343718
19-5012.00,Occupational Health and Safety Technicians,280403.50669230765,1961.4871692307688,8.915850769230769,3.5603846153846153,79.85384615384615,31450.0,220.0,19,"Life, Physical, and Social Science Occupations",58440.0,28.1,63510.0,30.54,41092.122442307686,287.4488692307692,4.910706923076922,True,False,True,False,14.654639282881327,14.654639282881329,4608.884054466177,32.24020642233892,269343184.1430034,2047575.5098827449,0.00699523052464229,0.5919609772111758
21-1011.00,Substance Abuse and Behavioral Disorder Counselors,6344164.329108974,69867.03163846154,39.20708846153846,4.357826086956522,90.22130434782609,161811.66666666666,1782.0,21,Community and Social Service Occupations,60200.0,28.94,60200.0,28.94,0.0,0.0,13.53108769230769,False,False,False,False,0.0,0.0,0.0,0.0,0.0,0.0,,
21-1012.00,"Educational, Guidance, and Career Counselors and Advisors",11810169.48425,126950.2664,34.497355,3.816857142857143,73.76657142857142,342350.0,3680.0,21,Community and Social Service Occupations,65140.0,31.32,62500.0,30.05,466462.67219230765,5014.1160615384615,24.236324209401708,False,True,True,False,3.949669586150992,3.949669586150992,13521.69382818792,145.3478407703565,880803135.9681611,9084240.048147282,0.010749233240835402,0.9096378727048692
21-1013.00,Marriage and Family Therapists,2789126.696326923,83838.93819230769,42.34289807692308,3.9953333333333334,82.914,65870.0,1980.0,21,Community and Social Service Occupations,63780.0,30.66,81170.0,39.02,0.0,0.0,40.575608461538465,False,False,False,False,0.0,0.0,0.0,0.0,0.0,0.0,,
21-1014.00,Mental Health Counselors,7721003.246197435,85029.88732615384,47.71598615384615,4.0488888888888885,90.93518518518519,161811.66666666666,1782.0,21,Community and Social Service Occupations,60200.0,28.94,60200.0,28.94,0.0,0.0,38.60188,False,False,False,False,0.0,0.0,0.0,0.0,0.0,0.0,,
21-1015.00,Rehabilitation Counselors,1763044.843253846,11895.05123076923,19.825085384615384,4.1135294117647065,84.63117647058823,88930.0,600.0,21,Community and Social Service Occupations,46110.0,22.17,46700.0,22.45,0.0,0.0,14.011710384615384,False,False,False,False,0.0,0.0,0.0,0.0,0.0,0.0,,
21-1021.00,"Child, Family, and School Social Workers",11087600.20436923,52982.83991538461,28.952371538461538,4.158095238095238,64.96190476190476,382960.0,1830.0,21,Community and Social Service Occupations,58570.0,28.16,49070.0,23.59,553299.1350769231,2643.9769615384616,23.316736153846154,False,False,False,False,4.9902514960711475,4.9902514960711475,19110.667129354068,91.321602378102,1119311773.7662678,4481151.0286934655,0.004778566952162106,0.40437911984545505
21-1022.00,Healthcare Social Workers,5973536.545546154,62003.471726923075,32.12615115384615,4.055294117647058,87.64470588235294,185940.0,1930.0,21,Community and Social Service Occupations,68090.0,32.74,72370.0,34.79,0.0,0.0,15.527030384615385,False,False,False,False,0.0,0.0,0.0,0.0,0.0,0.0,,
21-1023.00,Mental Health and Substance Abuse Social Workers,2956789.4217576925,39452.038984615385,23.48335653846154,3.9784615384615383,89.82153846153847,125910.0,1680.0,21,Community and Social Service Occupations,60060.0,28.88,60060.0,28.88,0.0,0.0,15.404776153846154,False,False,False,False,0.0,0.0,0.0,0.0,0.0,0.0,,
21-1091.00,Health Education Specialists,434178.6438461538,3265.5032307692304,6.664292307692308,3.816875,77.09125,65150.0,490.0,21,Community and Social Service Occupations,63000.0,30.29,61660.0,29.64,120764.3453076923,908.2813384615384,2.543433076923077,False,True,True,False,27.81443698794263,27.81443698794263,18121.105697644627,136.2907412409189,1141629658.9516115,8403687.104915058,0.007521105141980046,0.636462334424951
21-1092.00,Probation Officers and Correctional Treatment Specialists,2696388.5416384614,25777.499303846154,31.057228076923078,4.1519047619047615,79.69714285714285,86820.0,830.0,21,Community and Social Service Occupations,64520.0,31.02,74860.0,35.99,119696.96420769229,1144.3040807692307,17.840380384615386,False,False,False,False,4.439158613801199,4.439158613801199,3854.077508502201,36.84501649454995,248665080.848562,2758217.9347820096,0.009560009214466713,0.8090015585344771
21-1093.00,Social and Human Service Assistants,5969506.526853846,88088.98886923077,14.071723461538461,3.4921052631578946,59.93578947368421,424220.0,6260.0,21,Community and Social Service Occupations,45120.0,21.69,40500.0,19.47,1077636.1131461537,15902.13113076923,10.868746153846153,False,False,False,False,18.05234835238732,18.05234835238732,76581.6721804975,1130.0770068594463,3455365048.784047,45768118.77780758,0.014756494271840084,1.248746376348514
21-1094.00,Community Health Workers,2005652.1157461538,19154.91893846154,33.025722307692305,3.7275,54.091071428571425,60730.0,580.0,21,Community and Social Service Occupations,51030.0,24.54,55520.0,26.69,184252.29736923077,1759.6959076923076,30.401640384615387,False,False,False,False,9.186652855831094,9.186652855831094,5579.054279346223,53.28258656382034,284699139.8750377,2958249.206023305,0.009550469290301334,0.8081942566433437
21-2011.00,Clergy,1572777.8291076922,17330.88516923077,27.079508076923076,4.173333333333334,97.01380952380953,58080.0,640.0,21,Community and Social Service Occupations,60820.0,29.24,60820.0,29.24,0.0,0.0,23.056205384615385,False,False,False,False,0.0,0.0,0.0,0.0,0.0,0.0,,
21-2021.00,"Directors, Religious Activities and Education",93101.63479999999,260.3028,4.33838,3.6468421052631577,89.15157894736842,21460.0,60.0,21,Community and Social Service Occupations,54840.0,26.37,31200.0,15.0,2469.1050615384606,6.903369230769227,2.274685,False,False,False,False,2.6520533896559044,2.652053389655904,569.130657420157,1.5912320337935426,31211125.252921414,49646.43945435853,0.0027958993476234852,0.23659882318001535
23-1011.00,Lawyers,21959794.8825,171801.8055,29.36783,4.082272727272727,75.10954545454545,747750.0,5850.0,23,Legal Occupations,151160.0,72.67,125710.0,60.43999999999999,4100120.319230769,32077.17,12.716056538461538,False,False,False,False,18.67103195257165,18.671031952571653,139612.6414253545,1092.2553692254414,21103846877.856586,137307422.46533024,0.0078234704112337,0.6620495455442396
23-1012.00,Judicial Law Clerks,350767.6481,15654.53195,26.533105,3.6127777777777776,74.4,13220.0,590.0,23,Legal Occupations,60400.0,29.040000000000003,50490.0,24.28,74693.77286153845,3333.5344923076927,20.991511538461538,False,False,False,False,21.294373430996714,21.294373430996718,2815.1161675777657,125.63680324288062,170033016.52169704,6343402.195733042,0.044629349470499256,3.77669230939416
23-1021.00,"Administrative Law Judges, Adjudicators, and Hearing Officers",688821.4375615384,7639.424446153846,42.441246923076925,4.311428571428571,78.3157142857143,16230.0,180.0,23,Legal Occupations,115230.0,55.4,103790.0,49.9,35326.960834615384,391.79623846153845,16.75287269230769,False,False,False,False,5.12860937657146,5.12860937657146,832.373301817548,9.23149687782863,95914375.56843606,958137.0609498335,0.011090573012939002,0.9385232431503013
23-1022.00,"Arbitrators, Mediators, and Conciliators",196371.51016153846,999.3461076923077,24.983652692307693,3.8560000000000003,79.7105,7860.0,40.0,23,Legal Occupations,67710.0,32.55,55890.0,26.87,16141.326230769231,82.14415384615384,9.145680769230768,False,False,False,False,8.21979024222562,8.21979024222562,646.0755130389338,3.2879160968902483,43745772.98786621,183761.63065519597,0.0050890585241730275,0.4306540072470848
23-1023.00,"Judges, Magistrate Judges, and Magistrates",739956.8118307692,2892.7162307692306,28.927162307692306,4.286190476190477,83.36476190476189,25580.0,100.0,23,Legal Occupations,156210.0,75.1,123640.0,59.44,0.0,0.0,5.412258461538461,False,False,False,False,0.0,0.0,0.0,0.0,0.0,0.0,,
23-2011.00,Paralegals and Legal Assistants,8293004.963815385,65265.465784615386,22.583206153846156,3.61,62.82,367220.0,2890.0,23,Legal Occupations,61010.0,29.33,55630.0,26.75,3694013.150476923,29071.668223076922,21.255015721153846,False,False,False,False,44.543722891700874,44.543722891700874,163573.45920290396,1287.3135915701553,9979616745.969172,71613255.09904774,0.007869941724306955,0.6659821112834561
23-2093.00,"Title Examiners, Abstractors, and Searchers",3115143.2284923075,86010.80535384615,64.66977846153846,4.160625,76.46,48170.0,1330.0,23,Legal Occupations,54980.0,26.43,59310.0,28.51,0.0,0.0,61.19565192307692,False,False,False,False,0.0,0.0,0.0,0.0,0.0,0.0,,
25-1011.00,"Business Teachers, Postsecondary",969677.6955461538,5098.574334615384,11.857149615384614,3.9108,81.048,81780.0,430.0,25,Educational Instruction and Library Occupations,97270.0,46.76442307692307,124620.0,59.91346153846154,82843.48599230769,435.59181923076915,7.344058076923076,False,False,False,False,8.54340430565927,8.54340430565927,6986.796041168151,36.73663851433486,679605650.924426,4578119.89165641,0.005258009293225727,0.444951214751069
25-1021.00,"Computer Science Teachers, Postsecondary",607802.2822153847,7044.066184615384,16.771586153846155,3.8784615384615386,78.19346153846153,36240.0,420.0,25,Educational Instruction and Library Occupations,96690.0,46.48557692307692,100340.0,48.24038461538461,34474.21993846154,399.53566153846145,8.401086923076923,False,False,False,False,5.671946444953465,5.671946444953465,2055.513391651136,23.822175068804555,198747589.83874834,2390317.046403849,0.011589403973509932,0.9807360711396773
25-1022.00,"Mathematical Science Teachers, Postsecondary",589155.4976384615,4223.769442307693,12.067912692307694,3.6743478260869566,76.39304347826086,48820.0,350.0,25,Educational Instruction and Library Occupations,79350.0,38.14903846153846,79780.0,38.35576923076923,112858.94025384616,809.1075192307693,7.6856184615384615,False,False,False,False,19.156053148315465,19.156053148315465,9351.98514700761,67.04618601910413,742080021.4150538,5348944.720604127,0.007169192953707497,0.6066822889884936
25-1031.00,"Architecture Teachers, Postsecondary",131915.63316923077,1735.7320153846154,14.46443346153846,3.9136363636363636,88.78863636363636,9120.0,120.0,25,Educational Instruction and Library Occupations,101480.0,48.78846153846154,61530.0,29.58173076923077,16993.460861538464,223.59816923076926,7.111324230769231,False,False,False,False,12.882067464845537,12.882067464845537,1174.844552793913,15.458480957814645,119223225.21752629,951160.3333343351,0.013157894736842105,1.1134672687375284
25-1032.00,"Engineering Teachers, Postsecondary",790830.465,7727.985,19.815346153846153,3.67125,89.47666666666667,39910.0,390.0,25,Educational Instruction and Library Occupations,106120.0,51.01923076923077,102870.0,49.45673076923077,85653.5526,837.0053999999999,10.390797692307691,False,False,False,False,10.830836239977174,10.830836239977174,4322.58674337489,42.24026133591098,458712905.20694333,4345255.683625163,0.009771986970684038,0.8269398608213566
25-1041.00,"Agricultural Sciences Teachers, Postsecondary",140455.57730769232,1614.431923076923,16.14431923076923,3.8443478260869566,87.96826086956521,8700.0,100.0,25,Educational Instruction and Library Occupations,86350.0,41.51442307692308,62170.0,29.889423076923077,16738.214423076923,192.39326923076925,7.60482,False,False,False,False,11.917087768190905,11.917087768190909,1036.7866358326087,11.917087768190903,89526526.00414576,740885.3465484284,0.01149425287356322,0.9726840508511745
25-1042.00,"Biological Science Teachers, Postsecondary",844850.839326923,9678.10351153846,15.865743461538461,3.7177777777777776,89.56296296296296,53250.0,610.0,25,Educational Instruction and Library Occupations,83460.0,40.125,103830.0,49.91826923076923,163146.20307692306,1868.9048615384613,8.058831153846153,False,False,False,False,19.310651713017013,19.310651713017013,10282.922037181559,117.79497544940378,858212673.2231729,12230652.300911594,0.011455399061032864,0.9693961047637901
25-1043.00,"Forestry and Conservation Science Teachers, Postsecondary",25550.873334615386,273.0627684615385,19.504483461538463,3.8207999999999998,89.814,1310.0,14.0,25,Educational Instruction and Library Occupations,100830.0,48.47596153846154,100830.0,48.47596153846154,3340.3992307692306,35.69892307692307,9.791337692307692,False,False,False,False,13.073522720821368,13.073522720821366,171.26314764275992,1.8302931809149914,17268463.17681948,184548.4614316586,0.010687022900763359,0.9043734152188782
25-1051.00,"Atmospheric, Earth, Marine, and Space Sciences Teachers, Postsecondary",142386.54596923076,2356.5717538461536,12.40300923076923,3.5276923076923077,81.78307692307693,11480.0,190.0,25,Educational Instruction and Library Occupations,101390.0,48.74519230769231,77900.0,37.45192307692308,25252.114461538462,417.9356923076923,6.758954615384615,False,False,False,False,17.734902051065525,17.734902051065525,2035.9667554623222,33.696313897024496,206426669.33632484,2624942.8525782083,0.016550522648083623,1.4005633589346613
25-1052.00,"Chemistry Teachers, Postsecondary",394897.7099076923,5422.822892307692,19.367224615384615,3.812857142857143,89.57892857142858,20390.0,280.0,25,Educational Instruction and Library Occupations,86220.0,41.45192307692308,105090.0,50.52403846153846,50197.88220384615,689.3284461538462,10.39967923076923,False,False,False,False,12.711616437476925,12.711616437476925,2591.898591601545,35.59252602493539,223473496.5678852,3740418.55996046,0.013732221677292792,1.162068831718225
25-1053.00,"Environmental Science Teachers, Postsecondary",94363.91832692307,1045.5469211538461,13.234771153846154,3.696,90.1648,7130.0,79.0,25,Educational Instruction and Library Occupations,87710.0,42.16826923076924,87710.0,42.16826923076924,17572.751569230768,194.70510153846152,6.713771153846153,False,False,False,False,18.622320777683377,18.622320777683377,1327.7714714488247,14.711633414369869,116458835.76077642,1290357.3667743811,0.011079943899018233,0.9376237701963704
25-1054.00,"Physics Teachers, Postsecondary",178842.3405923077,1973.9772692307693,13.159848461538461,3.6962500000000005,87.13666666666667,13590.0,150.0,25,Educational Instruction and Library Occupations,97360.0,46.8076923076923,81060.0,38.97115384615385,26086.658365384617,287.9322115384615,6.351206153846154,False,False,False,False,14.586399551128803,14.586399551128801,1982.2916989984044,21.879599326693207,192995919.81448466,1773560.3214217513,0.011037527593818982,0.9340343534663592
25-1061.00,"Anthropology and Archeology Teachers, Postsecondary",83755.38461538461,1114.6153846153845,15.923076923076923,3.921538461538461,90.91653846153847,5260.0,70.0,25,Educational Instruction and Library Occupations,95770.0,46.04326923076923,75520.0,36.30769230769231,9886.570569230767,131.57033076923076,8.495758358974358,False,False,False,False,11.804101449275361,11.804101449275363,620.895736231884,8.262871014492752,59463184.65892753,624012.0190144926,0.013307984790874527,1.126168416289668
25-1062.00,"Area, Ethnic, and Cultural Studies Teachers, Postsecondary",229752.31984615384,3216.1304615384615,20.100815384615384,3.8104347826086955,87.81695652173913,11430.0,160.0,25,Educational Instruction and Library Occupations,84290.0,40.52403846153846,64890.0,31.197115384615383,38524.318234615384,539.2730461538462,10.140740769230769,False,False,False,False,16.767760282208222,16.767760282208226,1916.5550002563998,26.82841645153316,161546420.97161195,1740895.9435399866,0.01399825021872266,1.184581101299068
25-1063.00,"Economics Teachers, Postsecondary",235807.92567692307,3037.7832615384614,18.986145384615384,3.6731818181818183,89.98454545454545,12420.0,160.0,25,Educational Instruction and Library Occupations,119980.0,57.68269230769231,102590.0,49.32211538461539,32030.13863076923,412.6265846153846,9.527820384615385,False,False,False,False,13.583147614238058,13.583147614238058,1687.0269336883669,21.733036182780893,202409491.50393024,2229592.181991492,0.01288244766505636,1.0901579700360988
25-1064.00,"Geography Teachers, Postsecondary",47107.08299230769,1002.2783615384615,14.318262307692306,3.6431999999999998,89.3984,3290.0,70.0,25,Educational Instruction and Library Occupations,86730.0,41.69711538461539,81940.0,39.39423076923077,6179.305838461538,131.4745923076923,8.288559615384615,False,False,False,False,13.117572657747841,13.117572657747841,431.56814043990397,9.182300860423489,37429904.820352875,752397.7325031006,0.02127659574468085,1.8005002643415355
25-1065.00,"Political Science Teachers, Postsecondary",242042.12864230768,1409.680423076923,14.09680423076923,3.8245454545454547,91.44772727272726,17170.0,100.0,25,Educational Instruction and Library Occupations,94680.0,45.51923076923077,70820.0,34.04807692307692,28864.71153076923,168.11130769230772,6.577113461538461,False,False,False,False,11.925490695640754,11.925490695640757,2047.6067524415173,11.925490695640754,193867407.32116285,844563.2510652782,0.005824111822947002,0.4928567992082247
25-1066.00,"Psychology Teachers, Postsecondary",959735.2741500001,5766.25375,23.065015,3.6558620689655172,84.29379310344828,41610.0,250.0,25,Educational Instruction and Library Occupations,80330.0,38.62019230769231,81370.0,39.12019230769231,58778.89414615384,353.1536538461538,11.85361,False,False,False,False,6.124490339089808,6.124490339089808,2548.4004300952693,15.31122584772452,204713006.54955298,1245874.4472293442,0.00600817111271329,0.5084325428025244
25-1067.00,"Sociology Teachers, Postsecondary",144958.9675,936.73,11.709125,3.6804166666666664,87.93624999999999,12380.0,80.0,25,Educational Instruction and Library Occupations,82540.0,39.68269230769231,86810.0,41.73557692307692,21082.868592307692,136.23824615384615,6.01982923076923,False,False,False,False,14.544025082344556,14.544025082344556,1800.550305194256,11.635220065875645,148617422.19073388,1010053.4539186647,0.006462035541195476,0.5468401449050221
25-1071.00,"Health Specialties Teachers, Postsecondary",2407803.3767538457,34169.59345384615,10.481470384615383,3.8786363636363634,81.94590909090908,229720.0,3260.0,25,Educational Instruction and Library Occupations,105620.0,50.77884615384616,136030.0,65.39903846153847,414149.5534,5877.274699999999,4.363000384615384,False,False,False,False,17.20030619602953,17.200306196029526,39512.54339351904,560.7299819905627,4173314833.2234807,76276099.45017624,0.014191189273898657,1.2009082818318388
25-1072.00,"Nursing Instructors and Teachers, Postsecondary",1330937.5326923076,13264.562615384615,17.925084615384613,4.056206896551724,81.42758620689655,74250.0,740.0,25,Educational Instruction and Library Occupations,79940.0,38.43269230769231,75380.0,36.24038461538461,149606.69624999998,1491.0297,8.617903846153846,False,False,False,False,11.240700076085897,11.240700076085899,8346.219806493778,83.18118056303564,667196811.3311126,6270197.390841627,0.009966329966329969,0.8433858477279276
25-1081.00,"Education Teachers, Postsecondary",677157.6274846154,3437.9300769230767,11.459766923076922,3.62375,84.70041666666667,59090.0,300.0,25,Educational Instruction and Library Occupations,72090.0,34.65865384615385,67580.0,32.49038461538461,71123.4739576923,361.0939615384616,5.390848076923077,False,False,False,False,10.503237513825121,10.503237513825125,6206.363046919265,31.509712541475366,447416712.0524098,2129426.3735529054,0.005077001184633611,0.42963367282476994
25-1082.00,"Library Science Teachers, Postsecondary",81016.23653846154,1383.2040384615386,19.760057692307694,3.9528,85.5784,4100.0,70.0,25,Educational Instruction and Library Occupations,78630.0,37.80288461538461,79880.0,38.40384615384615,11736.431346153848,200.37809615384617,11.178512307692309,False,False,False,False,14.48651757673551,14.486517576735508,593.9472206461559,10.140562303714857,46702069.95940723,810028.1168207427,0.017073170731707315,1.4447916755325978
25-1111.00,"Criminal Justice and Law Enforcement Teachers, Postsecondary",210125.31669230768,1239.6773846153844,15.495967307692306,3.795217391304348,80.38130434782609,13560.0,80.0,25,Educational Instruction and Library Occupations,71470.0,34.36057692307692,79700.0,38.31730769230769,39171.50215384615,231.10030769230767,7.282666923076922,False,False,False,False,18.641971738801026,18.64197173880103,2527.851367781419,14.913577391040821,180665537.255338,1188612.1180659535,0.0058997050147492625,0.4992537606138771
25-1112.00,"Law Teachers, Postsecondary",369527.95707692305,1620.7366538461538,16.20736653846154,3.7673913043478264,81.01565217391304,22800.0,100.0,25,Educational Instruction and Library Occupations,126650.0,60.88942307692309,138020.0,66.35576923076923,45871.37261538461,201.19023076923077,8.62807,False,False,False,False,12.413505321286356,12.413505321286358,2830.2792132532895,12.413505321286356,358454862.3585291,1713312.0044439428,0.004385964912280702,0.3711557562458429
25-1113.00,"Social Work Teachers, Postsecondary",239689.51476923077,2693.1406153846156,17.95427076923077,3.92,87.87166666666667,13350.0,150.0,25,Educational Instruction and Library Occupations,76210.0,36.63942307692308,64140.0,30.836538461538463,24882.977711538464,279.58401923076923,8.719754230769231,False,False,False,False,10.381337596471585,10.381337596471582,1385.9085691289565,15.572006394707378,105620092.05331777,998788.4901565312,0.011235955056179773,0.9508259822927209
25-1121.00,"Art, Drama, and Music Teachers, Postsecondary",2733515.41215,24852.67868846154,27.924358076923077,3.8785714285714286,83.10214285714287,97890.0,890.0,25,Educational Instruction and Library Occupations,80190.0,38.552884615384606,63500.0,30.528846153846157,382057.17764999997,3473.601880769231,13.209944230769231,False,False,False,False,13.976770569934317,13.976770569934319,13681.860710908702,124.3932580724154,1097148410.407769,7898971.887598379,0.009091837777096741,0.769383247087613
25-1122.00,"Communications Teachers, Postsecondary",588625.2656307692,4224.583246153847,20.117063076923078,3.899545454545455,84.25636363636363,29260.0,210.0,25,Educational Instruction and Library Occupations,77800.0,37.40384615384615,62810.0,30.197115384615383,112064.32574615385,804.2894192307692,9.274672692307693,False,False,False,False,19.03831389671424,19.038313896714236,5570.610646178586,39.9804591830999,433393508.272694,2511172.641290505,0.007177033492822967,0.6073457829477429
25-1123.00,"English Language and Literature Teachers, Postsecondary",1342732.7148538462,10139.783884615385,22.532853076923075,3.6827272727272726,80.4718181818182,59590.0,450.0,25,Educational Instruction and Library Occupations,78270.0,37.62980769230769,62780.0,30.182692307692307,424149.93119230773,3203.011730769231,15.227102692307692,False,False,False,False,31.58856014307178,31.58856014307178,18823.622989256473,142.14852064382302,1473324971.3691041,8924084.12601921,0.007551602617888907,0.6390431379564268
25-1124.00,"Foreign Language and Literature Teachers, Postsecondary",334494.52499615384,1738.044296153846,15.800402692307692,3.875,86.30583333333334,21170.0,110.0,25,Educational Instruction and Library Occupations,77010.0,37.02403846153846,65040.0,31.26923076923077,75917.54972692307,394.4700269230769,9.106638846153846,False,False,False,False,22.696200999940434,22.696200999940434,4804.785751687389,24.965821099934477,370016550.73744583,1623777.0043397383,0.0051960321209258385,0.4397064887409418
25-1125.00,"History Teachers, Postsecondary",262716.7191,2116.5496,13.228435,3.7836000000000003,91.8752,19860.0,160.0,25,Educational Instruction and Library Occupations,81500.0,39.18269230769231,78110.0,37.55288461538461,33911.293730769234,273.2027692307692,7.385290769230769,False,False,False,False,12.907931344050205,12.907931344050205,2563.5151649283707,20.65269015048033,208926485.94166222,1613181.6276540183,0.008056394763343402,0.6817604223488593
25-1126.00,"Philosophy and Religion Teachers, Postsecondary",308601.6376,1036.5698,14.80814,3.9263636363636363,87.80681818181819,20840.0,70.0,25,Educational Instruction and Library Occupations,78050.0,37.52403846153846,87240.0,41.94230769230769,46139.45541538462,154.9789769230769,7.853758076923077,False,False,False,False,14.951137581191052,14.951137581191052,3115.8170719202153,10.465796306833736,243189522.4633728,913036.0698081752,0.0033589251439539343,0.284244043650847
25-1192.00,"Family and Consumer Sciences Teachers, Postsecondary",44027.08813076923,3013.2607846153846,16.74033769230769,4.086956521739131,84.3004347826087,2630.0,180.0,25,Educational Instruction and Library Occupations,77280.0,37.15384615384615,74790.0,35.95673076923077,9185.423564785215,628.6601679320679,14.061421623376624,False,True,True,False,20.863118490831543,20.863118490831543,548.7000163088696,37.55361328349677,42403537.260349445,2808634.7374727237,0.06844106463878327,5.7917232837754336
25-1193.00,"Recreation and Fitness Studies Teachers, Postsecondary",271735.6382769231,4071.748523076923,21.430255384615386,3.857391304347826,84.46478260869566,12680.0,190.0,25,Educational Instruction and Library Occupations,75890.0,36.48557692307692,55770.0,26.8125,49972.59203076923,748.8006692307691,11.015938076923076,False,False,False,False,18.390150201734915,18.390150201734915,2331.871045579987,34.94128538329634,176965693.6490652,1948675.485826437,0.014984227129337538,1.2680179306443147
25-1194.00,"Career/Technical Education Teachers, Postsecondary",2801498.2155,70573.05446153846,25.204662307692306,4.0515,89.0005,111150.0,2800.0,25,Educational Instruction and Library Occupations,61490.0,29.559999999999995,49850.0,23.97,508997.87325,12822.258615384617,16.200508846153845,False,True,True,False,18.168773780894814,18.168773780894814,20194.592057464586,508.72566586505474,1241765465.6134975,25359974.44337298,0.02519118308591993,2.131766394847918
25-2011.00,"Preschool Teachers, Except Special Education",27926988.99526154,265415.5734923077,62.74599846153846,4.195,88.985,445080.0,4230.0,25,Educational Instruction and Library Occupations,37120.0,17.85,34210.0,16.45,2302652.022046154,21884.19621923077,16.88478576923077,False,False,False,False,8.245257025155315,8.245257025155315,36697.989967561276,348.7743721640698,1362229387.5958745,11931571.271732828,0.009503909409544351,0.8042541959956427
25-2012.00,"Kindergarten Teachers, Except Special Education",11955403.201384615,54337.992,104.49613846153846,4.173513513513513,97.21486486486486,114410.0,520.0,25,Educational Instruction and Library Occupations,61430.0,19.27,60420.0,29.048076923076923,751950.1321615385,3417.6564,41.98087923076923,False,False,False,False,6.289625866189534,6.289625866189534,7195.960953507447,32.70605450418557,442047881.37396246,1976099.8131428924,0.004545057250240363,0.38461870868374376
25-2021.00,"Elementary School Teachers, Except Special Education",141818567.9799269,1608208.7791538462,101.78536576923076,4.135526315789474,94.36578947368422,1393310.0,15800.0,25,Educational Instruction and Library Occupations,62340.0,29.971153846153847,61710.0,29.66826923076923,10549360.386957694,119628.72161538462,42.07583538461539,False,False,False,False,7.4386312999937045,7.438631299993704,103643.19376594228,1175.3037453990053,6461116699.368842,72527994.12857261,0.011339902821339112,0.9596224072891346
25-2022.00,"Middle School Teachers, Except Special and Career/Technical Education",43775572.027707696,375398.6220923077,70.56365076923078,3.8017142857142856,91.218,620370.0,5320.0,25,Educational Instruction and Library Occupations,62970.0,30.274038461538463,75490.0,36.29326923076923,5322741.195461538,45645.31353846154,33.51934846153846,False,False,False,False,12.159158519030921,12.159158519030925,75431.77170451212,646.867233212445,4749938664.233129,48832007.43520747,0.008575527507777618,0.7256912585972204
25-2023.00,"Career/Technical Education Teachers, Middle School",1041120.0511538462,12464.113288461538,73.31831346153847,4.067096774193549,98.81838709677419,14200.0,170.0,25,Educational Instruction and Library Occupations,63620.0,30.58653846153846,71910.0,34.57211538461539,101277.00515384614,1212.4711884615385,28.46684846153846,False,False,False,False,9.727697112509118,9.72769711250912,1381.3329899762946,16.5370850912655,87880404.82229187,1189181.7889129021,0.011971830985915494,1.0130983881752726
25-2031.00,"Secondary School Teachers, Except Special and Career/Technical Education",86618501.18136923,915820.205676923,80.76015923076923,3.9459375,93.9715625,1072540.0,11340.0,25,Educational Instruction and Library Occupations,64580.0,31.048076923076923,74280.0,35.71153846153846,8778637.18366923,92816.81397692308,35.76885961538461,False,False,False,False,10.134829238487708,10.13482923848771,108700.09751447607,1149.289635644506,7019852297.484865,85369234.13567391,0.010573032241221773,0.8947271252249348
25-2032.00,"Career/Technical Education Teachers, Secondary School",7054440.917115384,58758.86642307692,67.53892692307691,4.005151515151515,95.36121212121212,104450.0,870.0,25,Educational Instruction and Library Occupations,63910.0,30.72596153846154,65240.0,31.365384615384617,569673.0719423078,4745.003088461539,27.01000192307692,False,False,False,False,8.075382282388603,8.075382282388603,8434.736793954895,70.25582585678085,539064028.5016574,4583490.078896382,0.00832934418382001,0.7048583610236993
25-2051.00,"Special Education Teachers, Preschool",2590541.0143846152,13779.473480769231,91.86315653846154,4.2444444444444445,87.14416666666666,28200.0,150.0,25,Educational Instruction and Library Occupations,62190.0,29.89903846153846,56040.0,26.942307692307693,103540.69540384616,550.7483798076923,21.918204615384617,False,False,False,False,3.9968753564954587,3.9968753564954587,1127.1188505317193,5.995313034743187,70095521.31456763,335977.3424670082,0.005319148936170213,0.4501250660853839
25-2057.00,"Special Education Teachers, Middle School",7693687.177219231,64564.667384615386,80.70583423076923,4.0455,90.17025,95330.0,800.0,25,Educational Instruction and Library Occupations,64880.0,31.19230769230769,73640.0,35.40384615384615,250501.39090384613,2102.183076923077,30.040846923076924,True,False,True,False,3.2559341851794157,3.2559341851794157,3103.8820587315367,26.047473481435325,201379867.9705021,1918135.9471728974,0.008391901814748769,0.7101522074818184
25-2058.00,"Special Education Teachers, Secondary School",12717758.106507692,107036.05237692308,78.12850538461538,4.078,89.31725,162780.0,1370.0,25,Educational Instruction and Library Occupations,69590.0,33.45673076923077,60080.0,28.88461538461538,432775.5478615385,3642.3547153846152,26.494913076923076,True,False,True,False,3.402923252959865,3.402923252959864,5539.278471168068,46.62004856555015,385478388.8085858,2800932.517818253,0.008416267354711881,0.7122141050556056
25-2059.01,Adapted Physical Education Specialists,2042089.3627884616,6746.41975,51.895536538461535,4.2245,96.42999999999999,39350.0,130.0,25,Educational Instruction and Library Occupations,67430.0,32.41826923076923,65030.0,31.26442307692308,73523.96153846153,242.89999999999998,14.790533846153846,False,False,False,False,3.600428212312167,3.600428212312167,1416.7685015448378,4.680556676005818,95532700.05916841,304376.60064065835,0.003303684879288437,0.27956941842761834
25-3011.00,"Adult Basic Education, Adult Secondary Education, and English as a Second Language Instructors",1530023.2642692307,6751.3436923076915,42.19589807692307,3.6772972972972973,80.04702702702703,36260.0,160.0,25,Educational Instruction and Library Occupations,59950.0,28.82,49060.0,23.59,212245.81110384615,936.5507384615385,19.000590576923077,False,True,True,False,13.872064305193355,13.872064305193357,5030.0105170631105,22.19530288830937,301549130.49793345,1088901.5597004578,0.00441257584114727,0.3734076665153985
25-3021.00,Self-Enrichment Teachers,15895244.799276922,280273.9910153846,51.520954230769235,3.759666666666667,73.59233333333333,308520.0,5440.0,25,Educational Instruction and Library Occupations,45590.0,21.92,38010.0,18.280000000000005,1261289.9214,22239.7808,21.62571076923077,False,True,True,False,7.935014133644399,7.9350141336443984,24481.1056051197,431.66476887025533,1116093604.5374072,16407577.864758406,0.017632568391028135,1.492129870306119
25-3041.00,Tutors,9250088.58816923,103273.06049999999,52.96054384615384,3.9363157894736847,90.43052631578948,174660.0,1950.0,25,Educational Instruction and Library Occupations,40090.0,19.27,35460.0,17.05,2686901.1210692306,29998.03725,42.11498423076923,True,False,True,False,29.047301498341866,29.047301498341866,50734.016797003904,566.4223792176664,2033926733.3918865,20085337.56705845,0.011164548265200963,0.9447832888291638
25-4011.00,Archivists,152766.82961538463,2166.9053846153847,21.669053846153847,4.220769230769231,98.01384615384616,7050.0,100.0,25,Educational Instruction and Library Occupations,61570.0,29.6,51250.0,24.64,40759.740403846154,578.1523461538461,21.058081538461536,False,False,False,False,26.68101478996811,26.68101478996811,1881.0115426927516,26.681014789968106,115813880.68359272,1367402.0079858655,0.014184397163120567,1.2003335095610237
25-4012.00,Curators,79565.5395076923,583.1350615384615,6.4792784615384615,3.6573333333333333,81.81333333333333,12280.0,90.0,25,Educational Instruction and Library Occupations,61770.0,29.7,50040.0,24.06,19833.631092307693,145.36048846153847,5.224908846153846,False,False,False,False,24.927413570029525,24.927413570029522,3061.086386399626,22.434672213026573,189083306.0879049,1122630.9975398497,0.007328990228013029,0.6202048956160175
25-4013.00,Museum Technicians and Conservators,258732.68445384616,1385.714453846154,19.79592076923077,3.8037500000000004,64.87958333333334,13070.0,70.0,25,Educational Instruction and Library Occupations,47460.0,22.820000000000004,43230.0,20.78,0.0,0.0,15.791063461538462,False,False,False,False,0.0,0.0,0.0,0.0,0.0,0.0,,
25-4022.00,Librarians and Media Collections Specialists,4863107.241603846,60129.44552692308,36.88923038461539,3.807142857142857,83.28821428571429,131830.0,1630.0,25,Educational Instruction and Library Occupations,64320.0,30.92,49760.0,23.92,909512.5614192308,11245.585034615384,33.526231961538464,True,True,True,True,18.70229292166041,18.702292921660405,24655.232758624916,304.84737462306464,1585824571.0347545,15169205.361243697,0.012364408708184782,1.0463196939331336
25-4031.00,Library Technicians,4318637.4384,29856.3792,58.54192,3.6703225806451614,65.68741935483871,73770.0,510.0,25,Educational Instruction and Library Occupations,39970.0,19.22,36630.0,17.61,571180.851623077,3948.7899461538464,50.979345384615385,False,False,False,False,13.225950540425362,13.225950540425366,9756.78371367179,67.45234775616935,389978645.0354614,2470779.498308483,0.0069133794225294835,0.5850344494546104
25-9021.00,Farm and Home Management Educators,61005.585115384616,671.8938711538461,5.945963461538462,3.7733333333333334,86.34533333333334,10260.0,113.0,25,Educational Instruction and Library Occupations,58120.0,27.94,58120.0,27.94,13764.85940769231,151.60127807692308,4.8980334615384615,False,True,True,False,22.563277414121604,22.563277414121604,2314.9922626888765,25.49650347795741,134547350.3074775,1481856.7821388848,0.01101364522417154,0.9320133434617831
25-9031.00,Instructional Coordinators,1641903.3040192307,25541.583292307692,7.7870680769230765,3.8461538461538463,80.13153846153847,210850.0,3280.0,25,Educational Instruction and Library Occupations,74720.0,35.92,59690.0,28.7,319723.6139423076,4973.646923076922,4.028946923076921,False,False,False,False,19.47274319746194,19.472743197461938,41058.279031848506,638.7059768767517,3067874609.2597203,38124359.75977331,0.015556082523120702,1.3164103426648854
25-9042.00,"Teaching Assistants, Preschool, Elementary, Middle, and Secondary School, Except Special Education",17096834.767641347,188317.56104538462,44.688552692307695,3.964642857142857,75.10857142857142,382577.5,4214.0,25,Educational Instruction and Library Occupations,35550.0,17.091346153846153,35550.0,17.091346153846153,7542820.846680514,83082.37428471797,25.919608000000007,True,True,True,True,44.11822977289678,44.1182297728968,168786.4205094042,1859.1422026298706,6000357249.10932,66092505.3034919,0.011014761714946647,0.9321078248327617
25-9044.00,"Teaching Assistants, Postsecondary",1532042.050430769,20656.524646153845,9.883504615384615,3.7405,71.233,155010.0,2090.0,25,Educational Instruction and Library Occupations,44930.0,21.60096153846154,30010.0,14.427884615384617,154821.0666576923,2087.4526115384615,8.500621923076922,True,True,True,True,10.105536373114614,10.105536373114614,15664.591931964962,211.20571019809543,703810115.5031857,6338283.363044844,0.013483001096703438,1.1409789108203925
27-1011.00,Art Directors,1417871.445623077,11259.650153846154,28.149125384615385,4.1293750000000005,80.50875,50370.0,400.0,27,"Arts, Design, Entertainment, Sports, and Media Occupations",111040.0,53.38,91020.0,43.76,86607.8634576923,687.7733846153847,25.5641,False,False,False,False,6.1083015477212665,6.1083015477212665,3076.7514895872023,24.433206190885066,341642485.40376294,2223910.4274943587,0.007941234862021045,0.6720151870085541
27-1012.00,Craft Artists,83272.08119230768,914.6590153846154,19.055396153846154,3.7199999999999998,94.93333333333334,4370.0,48.0,27,"Arts, Design, Entertainment, Sports, and Media Occupations",38480.0,18.5,20030.0,9.63,0.0,0.0,17.96456126373626,False,False,False,False,0.0,0.0,0.0,0.0,0.0,0.0,,
27-1013.00,"Fine Artists, Including Painters, Sculptors, and Illustrators",355191.3807692308,4972.679330769231,35.51913807692308,3.6310714285714285,55.799642857142864,10000.0,140.0,27,"Arts, Design, Entertainment, Sports, and Media Occupations",60560.0,29.12,43680.0,21.0,31360.969230769235,439.05356923076926,31.64548269230769,False,False,False,False,8.829315948729223,8.829315948729223,882.9315948729222,12.361042328220913,53470337.38550417,539930.3288966895,0.013999999999999999,1.1847291739367303
27-1014.00,Special Effects Artists and Animators,570138.9244923077,5090.526111538462,26.792242692307692,3.7,65.96769230769232,21280.0,190.0,27,"Arts, Design, Entertainment, Sports, and Media Occupations",99800.0,47.98,62820.0,30.2,0.0,0.0,22.646776923076924,False,True,True,False,0.0,0.0,0.0,0.0,0.0,0.0,,
27-1021.00,Commercial and Industrial Designers,727500.1440384616,11062.812107692307,24.049591538461538,3.5288235294117647,78.85823529411765,30250.0,460.0,27,"Arts, Design, Entertainment, Sports, and Media Occupations",79450.0,38.2,66040.0,31.75,0.0,0.0,22.646935,False,False,False,False,0.0,0.0,0.0,0.0,0.0,0.0,,
27-1022.00,Fashion Designers,397647.4403653846,6275.641096153846,19.01709423076923,3.8325000000000005,73.712,20910.0,330.0,27,"Arts, Design, Entertainment, Sports, and Media Occupations",80690.0,38.79,58490.0,28.12,0.0,0.0,17.680735000000002,False,False,False,False,0.0,0.0,0.0,0.0,0.0,0.0,,
27-1023.00,Floral Designers,1454594.9683076923,36219.99423076923,36.21999423076923,4.149333333333334,91.432,40160.0,1000.0,27,"Arts, Design, Entertainment, Sports, and Media Occupations",36120.0,17.37,34910.0,16.79,0.0,0.0,28.94539230769231,False,False,False,False,0.0,0.0,0.0,0.0,0.0,0.0,,
27-1024.00,Graphic Designers,9723598.907215385,139323.47916153847,45.38224076923077,4.057894736842105,96.3157894736842,214260.0,3070.0,27,"Arts, Design, Entertainment, Sports, and Media Occupations",61300.0,29.47,59010.0,28.37,3578257.782807692,51270.65898076923,45.38224076923077,False,False,False,False,36.7997262839837,36.7997262839837,78847.09353606348,1129.7515969182996,4833326833.760691,66666641.73414886,0.014328386072995428,1.2125183568647446
27-1025.00,Interior Designers,880038.0720384615,14418.559961538462,12.647859615384615,4.15,95.5,69580.0,1140.0,27,"Arts, Design, Entertainment, Sports, and Media Occupations",63490.0,30.52,60170.0,28.93,0.0,0.0,12.017366923076922,False,False,False,False,0.0,0.0,0.0,0.0,0.0,0.0,,
27-1026.00,Merchandise Displayers and Window Trimmers,5439882.863446154,55111.03275,28.262068076923075,3.84375,74.54041666666667,192480.0,1950.0,27,"Arts, Design, Entertainment, Sports, and Media Occupations",37350.0,17.96,43260.0,20.8,0.0,0.0,27.101573076923078,False,False,False,False,0.0,0.0,0.0,0.0,0.0,0.0,,
27-1027.00,Set and Exhibit Designers,87264.58865384615,3056.2713076923073,8.04281923076923,3.9125925925925924,82.38962962962962,10850.0,380.0,27,"Arts, Design, Entertainment, Sports, and Media Occupations",66280.0,31.87,35230.0,16.94,0.0,0.0,6.856881923076922,False,False,False,False,0.0,0.0,0.0,0.0,0.0,0.0,,
27-2011.00,Actors,1167558.2286153848,22267.863123076924,30.091706923076924,3.9305555555555554,78.18055555555556,38800.0,740.0,27,"Arts, Design, Entertainment, Sports, and Media Occupations",78000.0,23.33,41288.0,19.85,0.0,0.0,29.720106923076926,False,False,False,False,0.0,0.0,0.0,0.0,0.0,0.0,,
27-2012.00,Producers and Directors,7416706.323592308,65349.92836923077,51.054631538461535,3.8433333333333333,68.21407407407408,145270.0,1280.0,27,"Arts, Design, Entertainment, Sports, and Media Occupations",83480.0,40.13,71500.0,34.38,58905.58014923077,2075.894423076923,43.115547449392714,False,False,False,False,0.7942282945982907,3.1765825531559924,1153.7754435629367,10.16612217085812,96317174.02863395,726877.7352163556,0.0352410487736115,2.982221328730341
27-2012.03,Media Programming Directors,4257913.371165385,37517.23766153846,29.310341923076923,3.707826086956522,78.23391304347825,145270.0,1280.0,27,"Arts, Design, Entertainment, Sports, and Media Occupations",83480.0,40.13,71500.0,34.38,0.0,0.0,23.24680153846154,False,True,True,False,0.0,0.0,0.0,0.0,0.0,0.0,,
27-2012.04,Talent Directors,2529586.0071423077,22288.63556923077,17.412996538461538,3.854,77.14666666666668,145270.0,1280.0,27,"Arts, Design, Entertainment, Sports, and Media Occupations",83480.0,40.13,71500.0,34.38,0.0,0.0,8.483137692307693,False,False,False,False,0.0,0.0,0.0,0.0,0.0,0.0,,
27-2012.05,Media Technical Directors/Managers,6180512.094126923,54457.599507692306,42.54499961538462,4.006666666666667,74.58266666666667,145270.0,1280.0,27,"Arts, Design, Entertainment, Sports, and Media Occupations",83480.0,40.13,71500.0,34.38,0.0,0.0,29.66620653846154,False,True,True,False,0.0,0.0,0.0,0.0,0.0,0.0,,
27-2021.00,Athletes and Sports Competitors,279605.63462307694,5642.702438461539,19.457594615384618,3.9311111111111114,93.73222222222222,14370.0,290.0,27,"Arts, Design, Entertainment, Sports, and Media Occupations",62360.0,29.980769230769237,178920.0,86.01923076923077,24201.147069230763,488.40171538461533,14.319794615384616,False,False,False,False,8.655457570393809,8.65545757039381,1243.7892528655905,25.100826954142043,77562697.80869822,4491039.958635095,0.02018093249826027,1.707781391995486
27-2022.00,Coaches and Scouts,8799725.527,94330.3645,35.06705,4.0381481481481485,76.58666666666667,250940.0,2690.0,27,"Arts, Design, Entertainment, Sports, and Media Occupations",45920.0,22.07692307692308,39920.0,19.192307692307693,0.0,0.0,31.934852692307693,False,False,False,False,0.0,0.0,0.0,0.0,0.0,0.0,,
27-2023.00,"Umpires, Referees, and Other Sports Officials",312561.9942,19897.845784615383,20.726922692307692,4.23,70.23875,15080.0,960.0,27,"Arts, Design, Entertainment, Sports, and Media Occupations",38820.0,18.66346153846154,29920.0,14.384615384615383,0.0,0.0,19.419338846153845,False,False,False,False,0.0,0.0,0.0,0.0,0.0,0.0,,
27-2031.00,Dancers,345363.0289153846,8005.103319230769,38.11953961538462,3.994285714285714,81.19928571428571,9060.0,210.0,27,"Arts, Design, Entertainment, Sports, and Media Occupations",51020.0,23.97,35547.2,17.09,0.0,0.0,18.72122115384615,False,False,False,False,0.0,0.0,0.0,0.0,0.0,0.0,,
27-2032.00,Choreographers,107873.95777307692,5032.021353846154,31.45013346153846,3.8905555555555558,94.61666666666666,3430.0,160.0,27,"Arts, Design, Entertainment, Sports, and Media Occupations",55600.0,26.73,37710.0,18.13,0.0,0.0,20.247867692307693,False,False,False,False,0.0,0.0,0.0,0.0,0.0,0.0,,
27-2041.00,Music Directors and Composers,464103.12063461536,4893.22025,37.640155769230766,3.927857142857143,89.15392857142857,12330.0,130.0,27,"Arts, Design, Entertainment, Sports, and Media Occupations",63670.0,30.61,78010.0,37.51,86734.75901538462,914.4784,38.34256979289941,False,False,False,False,18.68868257054238,18.688682570542372,2304.3145609478756,24.295287341705095,146715708.09555125,1895275.3655264145,0.0105433901054339,0.8922187035788143
27-2042.00,Musicians and Singers,1557057.3769999999,11368.345907692308,40.601235384615386,3.903703703703704,78.53999999999999,38350.0,280.0,27,"Arts, Design, Entertainment, Sports, and Media Occupations",88296.0,42.45,38979.2,18.74,0.0,0.0,43.5377376,False,False,False,False,0.0,0.0,0.0,0.0,0.0,0.0,,
27-3011.00,Broadcast Announcers and Radio Disc Jockeys,1854899.7113076923,13204.897442307692,77.67586730769231,4.08,74.65791666666667,23880.0,170.0,27,"Arts, Design, Entertainment, Sports, and Media Occupations",45680.0,21.96,49050.0,23.58,0.0,0.0,75.84464461538461,False,True,True,False,0.0,0.0,0.0,0.0,0.0,0.0,,
27-3023.00,"News Analysts, Reporters, and Journalists",2918964.862903846,15455.409623076923,70.25186192307692,4.088333333333334,91.34466666666667,41550.0,220.0,27,"Arts, Design, Entertainment, Sports, and Media Occupations",60280.0,28.98,53630.0,25.79,558208.7166923076,2955.617753846154,66.71565423076923,True,True,True,True,19.123516140478312,19.123516140478316,7945.820956368739,42.07173550905229,478974087.24990755,2256307.175350474,0.00529482551143201,0.44806673244985507
27-3031.00,Public Relations Specialists,3007429.774488461,28081.777715384615,10.718235769230768,3.8449999999999998,91.16055555555556,280590.0,2620.0,27,"Arts, Design, Entertainment, Sports, and Media Occupations",69780.0,33.55,75700.0,36.39,496549.7627538461,4636.517261538461,10.39969,False,False,False,False,16.510768330020444,16.510768330020444,46327.56485720436,432.5821302465356,3232737475.73572,32746467.259662744,0.009337467479240172,0.7901692952386637
27-3041.00,Editors,5149079.004892308,29660.593346153848,53.92835153846154,3.9147619047619044,74.8352380952381,95480.0,550.0,27,"Arts, Design, Entertainment, Sports, and Media Occupations",75260.0,36.18,59860.0,28.78,331400.3568615384,1908.9882307692305,48.748339615384616,False,False,False,False,6.4361093808555685,6.4361093808555685,6145.197236840897,35.39860159470563,462487544.0446459,2118960.291459079,0.00576036866359447,0.48746262917080746
27-3042.00,Technical Writers,1746883.1579538463,19504.18796923077,31.458367692307693,3.8986666666666663,84.32,55530.0,620.0,27,"Arts, Design, Entertainment, Sports, and Media Occupations",91670.0,44.07,74940.0,36.03,181507.28019230772,2026.5534615384618,30.42958807692308,False,False,False,False,10.39035034288786,10.390350342887858,5769.761545405629,64.42017212590473,528914040.86733395,4827647.699115301,0.011165135962542769,0.9448330218424696
27-3043.00,Writers and Authors,574849.1794615384,7576.46408076923,12.02613346153846,3.9775,86.27,47800.0,630.0,27,"Arts, Design, Entertainment, Sports, and Media Occupations",72270.0,34.75,61020.0,29.34,45498.494672307694,1198.3888592307692,30.211483846153847,False,False,False,False,7.914857722320516,15.81725784555027,3783.3019912692066,49.863603650619254,273419234.90902555,3042677.0947607867,0.02633908809207614,2.2289061483980097
27-3043.05,"Poets, Lyricists and Creative Writers",607025.8413846154,8000.549792307692,12.699285384615385,3.996875,81.60125,47800.0,630.0,27,"Arts, Design, Entertainment, Sports, and Media Occupations",72270.0,34.75,61020.0,29.34,8953.01234931624,236.24322166666664,11.27461987179487,False,False,False,False,1.4748980585232705,2.9528373399264134,705.0012719741233,9.291857768696605,50950441.925569884,566989.1610458669,0.026387009472259807,2.23296142390936
27-3091.00,Interpreters and Translators,2716131.725630769,35122.393003846155,50.90201884615385,4.187647058823529,70.44529411764705,53360.0,690.0,27,"Arts, Design, Entertainment, Sports, and Media Occupations",59440.0,28.58,65990.0,31.72,0.0,0.0,50.90201884615385,False,False,False,False,0.0,0.0,0.0,0.0,0.0,0.0,,
27-3092.00,Court Reporters and Simultaneous Captioners,585477.98505,6443.502765,46.356135,4.707142857142857,81.50285714285714,12630.0,139.0,27,"Arts, Design, Entertainment, Sports, and Media Occupations",67310.0,32.36,84510.0,40.63,0.0,0.0,38.84179538461538,True,True,True,True,0.0,0.0,0.0,0.0,0.0,0.0,,
27-4011.00,Audio and Video Technicians,2097721.755692308,57771.161365384614,29.93324423076923,3.3513793103448277,65.14896551724138,70080.0,1930.0,27,"Arts, Design, Entertainment, Sports, and Media Occupations",54830.0,26.36,41600.0,20.0,40826.96381538462,1124.3727192307692,24.26495423076923,False,True,True,False,1.946252581144183,1.946252581144183,1363.9338088658435,37.56267481608273,74784490.7401142,1562607.2723490417,0.027539954337899544,2.3305276680710714
27-4012.00,Broadcast Technicians,1068053.3063076923,14186.666307692309,50.666665384615385,3.923333333333333,65.03407407407407,21080.0,280.0,27,"Arts, Design, Entertainment, Sports, and Media Occupations",53920.0,25.92,34570.0,16.62,0.0,0.0,46.92444115384615,False,False,False,False,0.0,0.0,0.0,0.0,0.0,0.0,,
27-4014.00,Sound Engineering Technicians,437435.0312884615,10726.376246153846,33.51992576923077,4.074285714285714,93.91571428571429,13050.0,320.0,27,"Arts, Design, Entertainment, Sports, and Media Occupations",66430.0,31.94,32880.0,15.81,0.0,0.0,32.35548769230769,False,False,False,False,0.0,0.0,0.0,0.0,0.0,0.0,,
27-4021.00,Photographers,2563535.072342308,32525.82075,50.03972423076923,3.972142857142857,83.75071428571428,51230.0,650.0,27,"Arts, Design, Entertainment, Sports, and Media Occupations",42520.0,20.44,47610.0,22.890000000000004,117021.1423076923,1484.75,48.31108038461539,False,False,False,False,4.564834847403504,4.564834847403505,2338.564892324815,29.671426508122778,99435779.22165114,1412656.6160517253,0.012687878196369316,1.0736928181853194
27-4031.00,"Camera Operators, Television, Video, and Film",1252807.5769076922,20487.45015384615,51.218625384615386,4.123333333333333,68.41952380952381,24460.0,400.0,27,"Arts, Design, Entertainment, Sports, and Media Occupations",68810.0,33.08,46600.0,22.41,0.0,0.0,44.079233461538465,False,True,True,False,0.0,0.0,0.0,0.0,0.0,0.0,,
27-4032.00,Film and Video Editors,3147208.1748,57796.96232307692,109.05087230769232,4.173181818181818,72.13636363636364,28860.0,530.0,27,"Arts, Design, Entertainment, Sports, and Media Occupations",70980.0,34.12,62860.0,30.219999999999995,0.0,0.0,101.94171615384616,False,False,False,False,0.0,0.0,0.0,0.0,0.0,0.0,,
29-1011.00,Chiropractors,2504130.4377076924,29945.753307692306,66.54611846153846,4.585454545454545,98.91818181818181,37630.0,450.0,29,Healthcare Practitioners and Technical Occupations,79000.0,37.98,59920.0,28.81,0.0,0.0,34.77846230769231,False,False,False,False,0.0,0.0,0.0,0.0,0.0,0.0,,
29-1021.00,"Dentists, General",10363999.11975,67577.40196153846,91.32081346153846,4.2985,91.54400000000001,113490.0,740.0,29,Healthcare Practitioners and Technical Occupations,172790.0,83.07,132270.0,63.59000000000001,0.0,0.0,37.64182923076923,False,False,False,False,0.0,0.0,0.0,0.0,0.0,0.0,,
29-1022.00,Oral and Maxillofacial Surgeons,167975.67775,1859.3930557692306,31.515136538461537,4.021428571428571,84.66214285714285,5330.0,59.0,29,Healthcare Practitioners and Technical Occupations,179210.0,86.16,179210.0,86.16,0.0,0.0,6.727921153846153,False,False,False,False,0.0,0.0,0.0,0.0,0.0,0.0,,
29-1023.00,Orthodontists,346163.2279615385,6721.616076923076,67.21616076923077,4.8,99.16363636363636,5150.0,100.0,29,Healthcare Practitioners and Technical Occupations,179210.0,86.16,124830.0,60.02,0.0,0.0,18.824731923076925,False,False,False,False,0.0,0.0,0.0,0.0,0.0,0.0,,
29-1024.00,Prosthodontists,24369.172,256.5176,32.0647,4.381666666666667,94.665,760.0,8.0,29,Healthcare Practitioners and Technical Occupations,179210.0,86.16000000000001,179210.0,86.16000000000001,0.0,0.0,7.472989615384615,False,False,False,False,0.0,0.0,0.0,0.0,0.0,0.0,,
29-1031.00,Dietitians and Nutritionists,2230557.04765,31752.738434615385,29.130952692307694,3.498571428571428,75.11107142857144,76570.0,1090.0,29,Healthcare Practitioners and Technical Occupations,73850.0,35.5,61170.0,29.41,44163.691199999994,628.6851692307691,23.90112423076923,False,False,False,False,1.9799399995856903,1.9799399995856903,1516.040057682763,21.581345995484025,111959558.25987205,1320130.9345437577,0.01423534021157111,1.2046444892544972
29-1041.00,Optometrists,2040292.4227269231,19969.441234615384,48.70595423076923,4.642,100.0,41890.0,410.0,29,Healthcare Practitioners and Technical Occupations,134830.0,64.82,124830.0,60.02,0.0,0.0,9.7619,False,False,False,False,0.0,0.0,0.0,0.0,0.0,0.0,,
29-1051.00,Pharmacists,30149563.783915386,286029.8568,91.67623615384616,4.049,73.33500000000001,328870.0,3120.0,29,Healthcare Practitioners and Technical Occupations,137480.0,66.1,136230.0,65.5,3159021.499461538,29969.735999999997,47.19175961538461,False,False,False,False,10.477834843988216,10.477834843988216,34458.455451424044,326.90844713243234,4737348455.461778,44534737.752851255,0.009487031349773467,0.8028259152949274
29-1071.00,Physician Assistants,13963759.279292308,149925.92256923078,89.77600153846154,4.5475,93.91833333333334,155540.0,1670.0,29,Healthcare Practitioners and Technical Occupations,133260.0,64.07,134390.0,64.61,214218.29753846154,4601.7636923076925,47.67196,False,False,False,False,1.534101908045197,3.0693582626998688,2386.1421077734994,25.61950186435479,317977297.28189653,3443004.85555064,0.021481655606386634,1.8178531500962691
29-1071.01,Anesthesiologist Assistants,8131873.962046154,87310.20648461538,52.281560769230765,4.38375,70.791875,155540.0,1670.0,29,Healthcare Practitioners and Technical Occupations,133260.0,64.07,134390.0,64.61,104656.34107499999,2245.26445,34.543680384615385,False,False,False,False,1.2869892175341366,2.57159447950181,2001.7830289525962,21.492719932820084,266757606.43822297,2888406.631771691,0.02145368763074732,1.8154864017622803
29-1081.00,Podiatrists,546839.9347384615,5169.705265384615,57.44116961538461,4.2309090909090905,93.8,9520.0,90.0,29,Healthcare Practitioners and Technical Occupations,152800.0,73.46,146330.0,70.35,0.0,0.0,15.805086923076923,False,False,False,False,0.0,0.0,0.0,0.0,0.0,0.0,,
29-1122.00,Occupational Therapists,8061842.5362,51352.68755,52.940915000000004,4.148823529411764,96.79058823529412,152280.0,970.0,29,Healthcare Practitioners and Technical Occupations,98340.0,47.28,93310.0,44.86,0.0,0.0,32.25828038461538,False,False,False,False,0.0,0.0,0.0,0.0,0.0,0.0,,
29-1122.01,"Low Vision Therapists, Orientation and Mobility Specialists, and Vision Rehabilitation Therapists",3278645.8564153844,20884.465988461536,21.530377307692305,4.1657142857142855,90.88952380952381,152280.0,970.0,29,Healthcare Practitioners and Technical Occupations,98340.0,47.28,93310.0,44.86,0.0,0.0,6.382135769230769,False,False,False,False,0.0,0.0,0.0,0.0,0.0,0.0,,
29-1123.00,Physical Therapists,21100812.31413846,197743.20352307693,84.8683276923077,4.27125,94.36375,248630.0,2330.0,29,Healthcare Practitioners and Technical Occupations,101020.0,48.57,97580.0,46.91,0.0,0.0,51.371781923076924,False,False,False,False,0.0,0.0,0.0,0.0,0.0,0.0,,
29-1124.00,Radiation Therapists,2046201.8216538462,9848.030157692308,109.4225573076923,4.492272727272727,85.23590909090909,18700.0,90.0,29,Healthcare Practitioners and Technical Occupations,101990.0,49.03,104040.0,50.02,82470.5386153846,396.91703076923073,62.07461461538462,False,False,False,False,4.030420545160479,4.030420545160479,753.6886419450096,3.6273784906444306,76868704.59197153,377392.45816664654,0.004812834224598931,0.4072789368002511
29-1125.00,Recreational Therapists,298476.3352846154,5152.9779,19.81914576923077,4.443636363636364,95.93454545454546,15060.0,260.0,29,Healthcare Practitioners and Technical Occupations,60280.0,28.980000000000004,51490.0,24.75,0.0,0.0,13.771521153846153,False,False,False,False,0.0,0.0,0.0,0.0,0.0,0.0,,
29-1126.00,Respiratory Therapists,8382616.582623078,62676.06593076923,61.44712346153846,4.460909090909091,90.67090909090909,136420.0,1020.0,29,Healthcare Practitioners and Technical Occupations,80450.0,38.68,78990.0,37.98,0.0,0.0,29.74736576923077,False,False,False,False,0.0,0.0,0.0,0.0,0.0,0.0,,
29-1127.00,Speech-Language Pathologists,7659674.763365385,62120.52355769231,42.841740384615385,4.336086956521739,87.18173913043479,178790.0,1450.0,29,Healthcare Practitioners and Technical Occupations,95410.0,45.87,85320.0,41.02,0.0,0.0,27.72494230769231,False,False,False,False,0.0,0.0,0.0,0.0,0.0,0.0,,
29-1128.00,Exercise Physiologists,488170.3455384615,12640.66246153846,60.193630769230765,4.072,93.4104,8110.0,210.0,29,Healthcare Practitioners and Technical Occupations,58160.0,27.96,33540.0,16.13,56732.83436538461,1469.0376346153848,42.37018961538461,False,False,False,False,11.621524101962232,11.621524101962235,942.5056046691369,24.405200614120687,54816125.967557006,818550.4285976079,0.025893958076448835,2.191237682990254
29-1129.01,Art Therapists,772345.7793692307,5196.94365,39.976489615384615,3.9336,94.62639999999999,19320.0,130.0,29,Healthcare Practitioners and Technical Occupations,65010.0,31.26,59660.0,28.68,13589.186423076922,182.87725,33.507801538461536,True,False,True,False,1.7594692411182868,3.5189384822365737,339.929457384053,2.287310013453773,22098814.024537288,136460.91540265208,0.013457556935817806,1.1388257365555676
29-1129.02,Music Therapists,1344922.9742307693,9049.68875,69.61299038461539,4.171666666666667,97.69133333333335,19320.0,130.0,29,Healthcare Practitioners and Technical Occupations,65010.0,31.26,59660.0,28.68,18139.993846153848,244.12,64.51332346153846,True,False,True,False,1.3487756692184578,2.697551338436916,260.58345929300606,1.753408369983995,16940530.688638322,104608.34335324515,0.013457556935817804,1.1388257365555674
29-1131.00,Veterinarians,4548638.2436,34976.5064,56.41372,4.175238095238096,80.99095238095238,80630.0,620.0,29,Healthcare Practitioners and Technical Occupations,125510.0,60.34,121850.0,58.580000000000005,142450.38550769232,1095.3644923076922,19.804982692307693,False,False,False,False,3.1317149854271675,3.1317149854271675,2525.101792749925,19.41663290964844,316925526.0080431,2365916.720040662,0.007689445615775764,0.6507078966006739
29-1141.00,Registered Nurses,235801173.82881537,1852204.6737538462,71.84657384615385,4.264074074074074,69.25703703703704,3282010.0,25780.0,29,Healthcare Practitioners and Technical Occupations,93600.0,45.0,82270.0,39.55,278747.1996038462,10946.81202923077,42.34846884615384,False,False,False,False,0.1182128125478325,0.5910152470917249,3879.7563291011174,30.47526307483122,363145192.4038646,2507199.893166364,0.03927146907588063,3.3232896512535652
29-1141.01,Acute Care Nurses,180622652.10079613,1418780.5555615383,55.03415653846154,4.318846153846154,88.01923076923077,3282010.0,25780.0,29,Healthcare Practitioners and Technical Occupations,93600.0,45.0,82270.0,39.55,0.0,0.0,36.15720287179487,False,False,False,False,0.0,0.0,0.0,0.0,0.0,0.0,,
29-1141.02,Advanced Practice Psychiatric Nurses,332808312.1465423,2614190.1722230767,101.40380807692308,4.182916666666666,91.04041666666666,3282010.0,25780.0,29,Healthcare Practitioners and Technical Occupations,93600.0,45.0,82270.0,39.55,436998.9902261538,17162.705616923075,68.02145423076924,False,False,False,False,0.13130651317198297,0.6565209294750011,4309.492892955798,33.85081909573721,403368534.7806627,2784906.8870063,0.03927401664713483,3.3235052356812456
29-1141.03,Critical Care Nurses,335421361.4090462,2634715.5240615383,102.19998153846154,4.2027586206896554,97.13172413793104,3282010.0,25780.0,29,Healthcare Practitioners and Technical Occupations,93600.0,45.0,82270.0,39.55,0.0,0.0,75.09879833333333,False,False,False,False,0.0,0.0,0.0,0.0,0.0,0.0,,
29-1141.04,Clinical Nurse Specialists,75492050.51850384,592985.7198384615,23.001773461538463,3.951,96.31733333333334,3282010.0,25780.0,29,Healthcare Practitioners and Technical Occupations,93600.0,45.0,82270.0,39.55,68293.06257999998,2682.2379499999997,10.376851153846154,False,False,False,False,0.09046391257217298,0.45232757893911557,2969.0346570099746,23.321596661106195,277901643.8961336,1918667.7573092068,0.03927540878486695,3.3236230432659157
29-1151.00,Nurse Anesthetists,3970795.0411538463,43769.43888461538,78.86385384615384,4.474166666666666,99.07458333333334,50350.0,555.0,29,Healthcare Practitioners and Technical Occupations,223210.0,107.31,122040.0,58.68,0.0,0.0,48.194975,False,False,False,False,0.0,0.0,0.0,0.0,0.0,0.0,,
29-1161.00,Nurse Midwives,820111.8955846154,9904.733038461538,99.04733038461538,4.5561904761904755,96.68142857142857,8280.0,100.0,29,Healthcare Practitioners and Technical Occupations,128790.0,61.92,138020.0,66.36,0.0,0.0,56.82619807692308,False,False,False,False,0.0,0.0,0.0,0.0,0.0,0.0,,
29-1171.00,Nurse Practitioners,37060865.97175384,344819.5344,120.56627076923077,4.53,98.06666666666668,307390.0,2860.0,29,Healthcare Practitioners and Technical Occupations,129210.0,62.12,125700.0,60.43,2015219.874403846,18749.890499999998,66.29937615384615,False,False,False,False,5.437595214153274,5.437595214153273,16714.623928785746,155.51522312478363,2159696557.838406,19548263.546785302,0.009304141318845766,0.7873491184904818
29-1181.00,Audiologists,902729.2397307693,9192.762115384616,61.28508076923077,4.264545454545455,97.31318181818182,14730.0,150.0,29,Healthcare Practitioners and Technical Occupations,92120.0,44.29,96520.0,46.4,0.0,0.0,38.36180115384615,False,False,False,False,0.0,0.0,0.0,0.0,0.0,0.0,,
29-1211.00,Anesthesiologists,2789186.4239846156,47940.18203076923,66.58358615384616,4.318888888888889,91.81333333333333,41890.0,720.0,29,Healthcare Practitioners and Technical Occupations,257920.0,124.0,257920.0,124.0,65113.55821538462,1119.1635692307693,25.458148076923074,True,False,True,False,2.33450004113973,2.33450004113973,977.9220672334329,16.808400296206056,252225659.58084702,4335222.604397466,0.017187873000716163,1.454498184419135
29-1213.00,Dermatologists,866560.5415384616,9542.482153846153,85.96830769230769,4.286666666666666,91.38111111111111,10080.0,111.0,29,Healthcare Practitioners and Technical Occupations,249103.6,119.76134615384616,249103.6,119.76134615384616,0.0,0.0,30.932507692307695,True,False,True,False,0.0,0.0,0.0,0.0,0.0,0.0,,
29-1215.00,Family Medicine Physicians,8936731.469519231,53810.79625,82.78584038461538,4.508333333333334,89.08083333333333,107950.0,650.0,29,Healthcare Practitioners and Technical Occupations,238380.0,114.61,238380.0,114.61,0.0,0.0,22.531544415103188,True,True,True,True,0.0,0.0,0.0,0.0,0.0,0.0,,
29-1216.00,General Internal Medicine Physicians,5927426.798461539,10673.637692307693,88.94698076923076,4.106842105263158,87.01368421052632,66640.0,120.0,29,Healthcare Practitioners and Technical Occupations,236350.0,113.63,236350.0,113.63,0.0,0.0,26.219167179487176,True,True,True,True,0.0,0.0,0.0,0.0,0.0,0.0,,
29-1217.00,Neurologists,663262.3038461539,5168.277692307693,86.13796153846154,4.377916666666667,94.18041666666666,7700.0,60.0,29,Healthcare Practitioners and Technical Occupations,249103.6,119.76134615384616,249103.6,119.76134615384616,0.0,0.0,41.959352307692306,True,False,True,False,0.0,0.0,0.0,0.0,0.0,0.0,,
29-1218.00,Obstetricians and Gynecologists,1347258.2809615384,12863.27001923077,67.70142115384616,4.42,89.84400000000001,19900.0,190.0,29,Healthcare Practitioners and Technical Occupations,257920.0,124.0,257920.0,124.0,0.0,0.0,30.56058846153846,True,False,True,False,0.0,0.0,0.0,0.0,0.0,0.0,,
29-1221.00,"Pediatricians, General",4179698.0105538466,24323.19605769231,97.29278423076924,4.201764705882353,78.97411764705882,42960.0,250.0,29,Healthcare Practitioners and Technical Occupations,210130.0,101.03,194160.0,93.35,0.0,0.0,29.568225,True,False,True,False,0.0,0.0,0.0,0.0,0.0,0.0,,
29-1222.00,"Physicians, Pathologists",819454.4991538461,9027.88855,69.44529653846153,4.099473684210526,79.38052631578948,11800.0,130.0,29,Healthcare Practitioners and Technical Occupations,266020.0,127.89423076923076,266020.0,127.89423076923076,0.0,0.0,57.938465,True,True,True,True,0.0,0.0,0.0,0.0,0.0,0.0,,
29-1223.00,Psychiatrists,874342.5713846154,4583.24735,35.25574884615385,4.090833333333333,93.935,24800.0,130.0,29,Healthcare Practitioners and Technical Occupations,257920.0,124.0,257920.0,124.0,0.0,0.0,21.188356153846154,True,False,True,False,0.0,0.0,0.0,0.0,0.0,0.0,,
29-1224.00,Radiologists,2132022.3235807694,19463.117446153847,81.0963226923077,4.628235294117647,87.97529411764705,26290.0,240.0,29,Healthcare Practitioners and Technical Occupations,249103.6,119.76134615384616,249103.6,119.76134615384616,0.0,0.0,79.57294879120879,True,True,True,True,0.0,0.0,0.0,0.0,0.0,0.0,,
29-1229.01,Allergists and Immunologists,26908317.967569232,298640.0078846154,85.32571653846153,4.4175,93.426875,315360.0,3500.0,29,Healthcare Practitioners and Technical Occupations,249103.6,119.76134615384616,232740.0,111.89,0.0,0.0,43.67285192307692,True,False,True,False,0.0,0.0,0.0,0.0,0.0,0.0,,
29-1229.02,Hospitalists,17098597.35636923,189767.5378846154,54.219296538461535,4.503571428571428,97.42857142857143,315360.0,3500.0,29,Healthcare Practitioners and Technical Occupations,249103.6,119.76134615384616,232740.0,111.89,0.0,0.0,30.800152307692308,True,False,True,False,0.0,0.0,0.0,0.0,0.0,0.0,,
29-1229.03,Urologists,12950300.124553846,143727.96307692307,41.06513230769231,4.5928571428571425,97.90714285714286,315360.0,3500.0,29,Healthcare Practitioners and Technical Occupations,249103.6,119.76134615384616,232740.0,111.89,0.0,0.0,24.170016153846156,True,False,True,False,0.0,0.0,0.0,0.0,0.0,0.0,,
29-1229.04,Physical Medicine and Rehabilitation Physicians,19568533.627938464,217179.94576923078,62.051413076923076,4.3406666666666665,93.234,315360.0,3500.0,29,Healthcare Practitioners and Technical Occupations,249103.6,119.76134615384616,232740.0,111.89,0.0,0.0,25.52946,True,False,True,False,0.0,0.0,0.0,0.0,0.0,0.0,,
29-1229.05,Preventive Medicine Physicians,5224033.857046153,57978.55942307692,16.565302692307693,4.066,96.842,315360.0,3500.0,29,Healthcare Practitioners and Technical Occupations,249103.6,119.76134615384616,232740.0,111.89,0.0,0.0,10.190860384615386,True,False,True,False,0.0,0.0,0.0,0.0,0.0,0.0,,
29-1229.06,Sports Medicine Physicians,17578218.676984616,195090.58019230768,55.74016576923077,3.854074074074074,94.62444444444445,315360.0,3500.0,29,Healthcare Practitioners and Technical Occupations,249103.6,119.76134615384616,232740.0,111.89,0.0,0.0,31.28919613122172,True,False,True,False,0.0,0.0,0.0,0.0,0.0,0.0,,
29-1241.00,"Ophthalmologists, Except Pediatric",1082915.2454346153,5365.3934538461535,89.42322423076924,4.405555555555555,91.53666666666668,12110.0,60.0,29,Healthcare Practitioners and Technical Occupations,301500.0,144.95192307692307,168530.0,81.02,0.0,0.0,50.744431923076924,True,True,True,True,0.0,0.0,0.0,0.0,0.0,0.0,,
29-1291.00,Acupuncturists,868517.356,9570.1557,102.9049,4.512222222222222,99.89722222222223,8440.0,93.0,29,Healthcare Practitioners and Technical Occupations,78140.0,37.57,78140.0,37.57,0.0,0.0,47.55556153846154,True,False,True,False,0.0,0.0,0.0,0.0,0.0,0.0,,
29-1292.00,Dental Hygienists,18496249.963507693,332657.25501538464,84.43077538461539,4.2875,88.12625,219070.0,3940.0,29,Healthcare Practitioners and Technical Occupations,94260.0,45.32,82610.0,39.72,0.0,0.0,46.362651923076925,True,False,True,False,0.0,0.0,0.0,0.0,0.0,0.0,,
29-1299.01,Naturopathic Physicians,2239202.075573077,16683.39738846154,72.53651038461538,4.168,91.975,30870.0,230.0,29,Healthcare Practitioners and Technical Occupations,113730.0,54.67999999999999,113730.0,54.67999999999999,0.0,0.0,34.84988769230769,True,False,True,False,0.0,0.0,0.0,0.0,0.0,0.0,,
29-1299.02,Orthoptists,2453309.331092308,18278.624753846154,79.47228153846154,4.27875,93.750625,30870.0,230.0,29,Healthcare Practitioners and Technical Occupations,113730.0,54.68,113730.0,54.68,0.0,0.0,33.25972423076924,True,False,True,False,0.0,0.0,0.0,0.0,0.0,0.0,,
29-2011.00,Medical and Clinical Laboratory Technologists,12574163.327015383,138482.94382423075,73.3101873076923,4.586666666666667,82.60066666666667,171520.0,1889.0,29,Healthcare Practitioners and Technical Occupations,61890.0,29.75,61890.0,29.75,1444268.7561846152,15897.734443076923,54.67851846153846,False,False,False,False,11.486002834730384,11.479922367374783,19700.792062129553,216.97059354805694,1219282020.725198,13428310.034689244,0.011007462686567165,0.9314901554140071
29-2011.01,Cytogenetic Technologists,16711070.369476922,184043.91282615386,97.42928153846154,4.625333333333333,93.49266666666668,171520.0,1889.0,29,Healthcare Practitioners and Technical Occupations,61890.0,29.75,61890.0,29.75,0.0,0.0,65.03700538461538,False,False,False,False,0.0,0.0,0.0,0.0,0.0,0.0,,
29-2011.02,Cytotechnologists,10731611.969969232,118190.38602653846,62.56770038461539,4.409230769230769,95.00461538461538,171520.0,1889.0,29,Healthcare Practitioners and Technical Occupations,61890.0,29.75,61890.0,29.75,0.0,0.0,47.646965,False,False,False,False,0.0,0.0,0.0,0.0,0.0,0.0,,
29-2011.04,Histotechnologists,7950070.480738461,87556.45486307691,46.350690769230766,4.271875,92.2625,171520.0,1889.0,29,Healthcare Practitioners and Technical Occupations,61890.0,29.75,61890.0,29.75,45202.66666666667,497.6625,9.687569903846153,True,True,True,True,0.5685819613320953,0.5683904182487262,975.2317800768099,10.74051324956328,60357094.868953764,664730.3650154715,0.011009582767978289,0.9316695641496414
29-2012.00,Medical and Clinical Laboratory Technicians,9284982.99963077,102258.23744346153,54.13352961538462,4.536153846153846,60.41230769230769,171520.0,1889.0,29,Healthcare Practitioners and Technical Occupations,61890.0,29.75,61890.0,29.75,690999.4904615384,7614.2084711538455,33.47820615384615,False,False,False,False,7.442119069997403,7.446058783639541,12764.722628859547,140.58162923225095,790008683.5001173,8700597.03318401,0.011019123134328358,0.9324769034599965
29-2031.00,Cardiovascular Technologists and Technicians,8072176.475623077,98956.06990384616,131.94142653846154,4.497619047619048,66.77904761904762,61180.0,750.0,29,Healthcare Practitioners and Technical Occupations,67260.0,32.34,89420.0,42.99,697121.3926923077,8545.947115384615,98.31145615384615,False,False,False,False,8.636101983120954,8.636101983120954,5283.567193273399,64.77076487340715,355372729.41956884,5791801.794980067,0.012258908139915004,1.0373918652834115
29-2032.00,Diagnostic Medical Sonographers,11504387.086753845,87819.74875384616,133.0602253846154,4.433,88.42,86460.0,660.0,29,Healthcare Practitioners and Technical Occupations,89340.0,42.95,91140.0,43.82,1472029.1860153847,11236.864015384615,117.38076730769231,False,False,False,False,12.79537253844909,12.795372538449087,11062.879096743083,84.44945875376399,988357618.5030271,7696723.67081805,0.007633587786259542,0.6459810108706272
29-2033.00,Nuclear Medicine Technologists,1455359.1392,9439.2397,85.81127,4.554117647058824,84.23235294117647,16960.0,110.0,29,Healthcare Practitioners and Technical Occupations,97020.0,46.64,106720.0,51.31,0.0,0.0,57.26347384615384,False,False,False,False,0.0,0.0,0.0,0.0,0.0,0.0,,
29-2034.00,Radiologic Technologists and Technicians,44056765.530961536,311508.5005769231,197.15727884615384,4.567407407407408,92.21000000000001,223460.0,1580.0,29,Healthcare Practitioners and Technical Occupations,77660.0,37.34,80080.0,38.5,3343888.959,23643.357,152.09154979757085,False,True,True,False,7.589955637233589,7.589955637233589,16960.514866962178,119.92129906829072,1317153584.5682826,9603297.629388722,0.007070616665174976,0.5983404172111448
29-2035.00,Magnetic Resonance Imaging Technologists,5230142.749161539,39040.314284615386,125.9364976923077,4.4425,88.75916666666666,41530.0,310.0,29,Healthcare Practitioners and Technical Occupations,88180.0,42.4,86680.0,41.67,572972.5264576923,4276.943973076924,80.36407307692308,False,False,False,False,10.95519862339412,10.955198623394121,4549.6939882955785,33.96111573252177,401192015.8879041,2943749.511694987,0.007464483505899351,0.6316708127006062
29-2036.00,Medical Dosimetrists,247894.7338923077,2747.447932307692,62.44199846153846,4.165263157894737,85.9278947368421,3970.0,44.0,29,Healthcare Practitioners and Technical Occupations,138110.0,66.4,138110.0,66.4,0.0,0.0,26.52930576923077,True,True,True,True,0.0,0.0,0.0,0.0,0.0,0.0,,
29-2051.00,Dietetic Technicians,481862.3937307692,10457.781500000001,16.088894615384618,4.229230769230769,78.5576923076923,29950.0,650.0,29,Healthcare Practitioners and Technical Occupations,37040.0,17.81,39180.0,18.84,0.0,0.0,11.14253576923077,False,False,False,False,0.0,0.0,0.0,0.0,0.0,0.0,,
29-2052.00,Pharmacy Technicians,68474530.28510769,753624.0113769231,140.33966692307692,4.446666666666666,70.90523809523809,487920.0,5370.0,29,Healthcare Practitioners and Technical Occupations,43460.0,20.9,46760.0,22.48,18540723.3588,204057.39555000002,131.18306615384614,False,False,False,False,27.0768171488025,27.0768171488025,132113.20623243717,1454.0250808906942,5741639942.861719,67990212.78244886,0.011005902606984752,0.9313581360000823
29-2053.00,Psychiatric Technicians,4618900.796807692,63708.97650769231,33.88775346153846,4.24,79.203125,136300.0,1880.0,29,Healthcare Practitioners and Technical Occupations,42590.0,20.47,39340.0,18.91,0.0,0.0,17.46478076923077,False,False,False,False,0.0,0.0,0.0,0.0,0.0,0.0,,
29-2055.00,Surgical Technologists,10411336.087976923,95072.3464,91.4157176923077,4.644375,86.790625,113890.0,1040.0,29,Healthcare Practitioners and Technical Occupations,62830.0,30.21,63380.0,30.47,182933.57850384616,1670.4796000000001,39.706356538461534,False,False,False,False,1.7570615044797087,1.7570615044797087,2001.1173474519403,18.27343964658897,125730202.94040541,1158170.604800809,0.009131618228114848,0.772749608578578
29-2056.00,Veterinary Technologists and Technicians,12683812.769707693,153573.42601153845,96.58706038461538,4.352258064516128,94.22290322580645,131320.0,1590.0,29,Healthcare Practitioners and Technical Occupations,45980.0,22.11,39400.0,18.94,742133.2616923079,8985.622038461539,41.97892576923077,False,False,False,False,5.851026620833752,5.851026620833752,7683.568158478883,93.03132327125664,353290463.926859,3665434.1368875117,0.012107828205909226,1.0246069506110487
29-2057.00,Ophthalmic Medical Technicians,7125207.330692308,69836.71586538461,93.11562115384615,4.3625,91.2325,76520.0,750.0,29,Healthcare Practitioners and Technical Occupations,44080.0,21.19,36000.0,17.31,0.0,0.0,33.268641153846154,False,False,False,False,0.0,0.0,0.0,0.0,0.0,0.0,,
29-2061.00,Licensed Practical and Licensed Vocational Nurses,31443231.118084617,84023.6241,49.71812076923077,4.185,79.43272727272728,632430.0,1690.0,29,Healthcare Practitioners and Technical Occupations,62340.0,29.969999999999995,61710.0,29.67,2756878.1533384616,7367.0194,26.093837692307694,False,False,False,False,8.767795341976923,8.767795341976923,55450.16808126465,148.17574127941,3456763478.1860385,9143924.994352391,0.00267223250003953,0.22613370016705114
29-2081.00,"Opticians, Dispensing",7610661.2259,64942.27172307692,95.50334076923076,4.458571428571428,95.77285714285715,79690.0,680.0,29,Healthcare Practitioners and Technical Occupations,46560.0,22.38,39760.0,19.12,0.0,0.0,39.178629615384615,False,False,False,False,0.0,0.0,0.0,0.0,0.0,0.0,,
29-2091.00,Orthotists and Prosthetists,479682.29993076925,4830.637461538461,48.30637461538461,4.241333333333333,96.19066666666666,9930.0,100.0,29,Healthcare Practitioners and Technical Occupations,78310.0,37.65,92070.0,44.26,0.0,0.0,25.07993923076923,False,False,False,False,0.0,0.0,0.0,0.0,0.0,0.0,,
29-2092.00,Hearing Aid Specialists,388114.2052153846,9170.940576923078,36.683762307692305,4.469090909090909,83.32636363636364,10580.0,250.0,29,Healthcare Practitioners and Technical Occupations,61560.0,29.6,47710.0,22.94,0.0,0.0,19.246706538461538,False,False,False,False,0.0,0.0,0.0,0.0,0.0,0.0,,
29-2099.01,Neurodiagnostic Technologists,9168466.565769231,75850.80923076923,52.674173076923076,4.6425,96.77374999999999,174060.0,1440.0,29,Healthcare Practitioners and Technical Occupations,48790.0,23.46,44360.0,21.33,0.0,0.0,29.61254576923077,False,False,False,False,0.0,0.0,0.0,0.0,0.0,0.0,,
29-2099.05,Ophthalmic Medical Technologists,22901740.715907693,189466.31409230767,131.57382923076923,4.204516129032259,91.53645161290324,174060.0,1440.0,29,Healthcare Practitioners and Technical Occupations,48790.0,23.46,44360.0,21.33,274923.35155384615,6823.330338461539,59.662515,False,False,False,False,1.2004474025106862,3.60134220753206,2089.4987488101006,17.286442596153883,101946643.95444481,766826.5935653863,0.024819027921406413,2.1002733176600334
29-2099.08,Patient Representatives,4858475.725107692,40194.21489230769,27.91264923076923,3.8576923076923078,74.70846153846153,174060.0,1440.0,29,Healthcare Practitioners and Technical Occupations,48790.0,23.46,44360.0,21.33,163838.25955384615,4066.3063384615384,19.210285384615386,True,False,True,False,3.372215254820781,10.116645764462344,5869.677872541052,48.559899669419245,286381583.40127796,2154117.149335438,0.024819027921406413,2.1002733176600334
29-9091.00,Athletic Trainers,1247761.9134807691,15516.210323076923,43.10058423076923,3.866521739130435,90.05,28950.0,360.0,29,Healthcare Practitioners and Technical Occupations,60250.0,29.76,63190.0,30.37980769230769,73212.38988461539,910.4131384615386,32.60272961538462,False,False,False,False,5.8674967630949215,5.8674967630949215,1698.6403129159798,21.122988347141717,102343078.85318778,1334761.6336558852,0.012435233160621763,1.0523131078638612
29-9092.00,Genetic Counselors,112125.94829999999,1597.2357307692307,31.944714615384616,4.189473684210526,96.79578947368421,3510.0,50.0,29,Healthcare Practitioners and Technical Occupations,98910.0,47.55,91620.0,44.05,557.3704499999999,7.939750000000002,17.902448461538462,False,False,False,False,0.4970931871262488,0.49709318712624895,17.447970868131332,0.2485465935631244,1725778.79856687,22771.838902253457,0.01424501424501425,1.2054631399437636
29-9093.00,Surgical Assistants,2103065.760253846,30359.21701153846,91.99762730769231,4.3525,80.23285714285714,22860.0,330.0,29,Healthcare Practitioners and Technical Occupations,60290.0,28.99,44720.0,21.5,180189.44833846152,2601.160015384615,31.490645769230767,True,False,True,False,8.567941704148716,8.567941704148714,1958.6314735683964,28.274207623690764,118085891.54143861,1264422.5649314509,0.01443569553805774,1.2215992607146637
29-9099.01,Midwives,1863258.1822730768,8567.86288846154,50.39919346153846,4.206388888888889,95.08111111111111,36970.0,170.0,29,Healthcare Practitioners and Technical Occupations,64030.0,30.78,62110.0,29.86,42905.06426538461,197.29134230769228,36.98264076923077,False,False,False,False,2.3026902376482625,2.302690237648262,851.3045808585626,3.914573404002047,54509032.312373765,243134.15412256712,0.004598322964565864,0.38912624052174377
31-1121.00,Home Health Aides,33793837.91325,372227.5827461539,16.947167307692308,3.953333333333333,76.62066666666666,1994070.0,21964.0,31,Healthcare Support Occupations,34900.0,16.78,34900.0,16.78,0.0,0.0,3.160997307692308,True,False,True,False,0.0,0.0,0.0,0.0,0.0,0.0,,
31-1122.00,Personal Care Aides,59606573.2449,656546.046403077,29.891916153846154,4.337272727272727,81.1590909090909,1994070.0,21964.0,31,Healthcare Support Occupations,34900.0,16.78,34900.0,16.78,0.0,0.0,22.16354653846154,True,False,True,False,0.0,0.0,0.0,0.0,0.0,0.0,,
31-1131.00,Nursing Assistants,125412376.97866154,1115535.429,90.32675538461538,4.266666666666667,78.1590909090909,1388430.0,12350.0,31,Healthcare Support Occupations,39530.0,19.01,38500.0,18.51,0.0,0.0,23.073528461538462,True,False,True,False,0.0,0.0,0.0,0.0,0.0,0.0,,
31-1132.00,Orderlies,3836191.2979076924,42254.54013538462,72.35366461538462,4.123181818181818,60.05227272727273,53020.0,584.0,31,Healthcare Support Occupations,37700.0,18.12,37700.0,18.12,0.0,0.0,7.516705384615385,True,False,True,False,0.0,0.0,0.0,0.0,0.0,0.0,,
31-1133.00,Psychiatric Aides,1670925.7433076925,6224.0787,47.87752846153846,4.208235294117648,85.20882352941176,34900.0,130.0,31,Healthcare Support Occupations,41590.0,20.0,35390.0,17.02,108572.83957692307,404.42605,27.094994615384614,True,False,True,False,6.497765685385692,6.497765685385694,2267.720224199607,8.4470953910014,94314484.12446165,298942.70588753955,0.0037249283667621777,0.3152165219234035
31-2011.00,Occupational Therapy Assistants,3643796.72685,17492.658050000002,76.055035,4.462727272727272,94.48363636363636,47910.0,230.0,31,Healthcare Support Occupations,68340.0,32.86,61280.0,29.46,107220.03708461541,514.7277923076924,38.237756153846156,False,False,False,False,2.94253618195945,2.94253618195945,1409.7690847767726,6.767833218506736,96343619.25364465,414732.81963009277,0.00480066791901482,0.40624938128849925
31-2012.00,Occupational Therapy Aides,276751.11346153845,3044.2622480769232,55.35022269230769,4.003333333333333,78.128,5000.0,55.0,31,Healthcare Support Occupations,37370.0,17.969999999999995,37370.0,17.969999999999995,23893.515384615388,262.82866923076926,35.19785923076923,False,False,False,False,8.633575159196601,8.633575159196601,431.67875795983,4.74846633755813,16131835.184958847,177450.18703454733,0.011,0.9308586366645738
31-2021.00,Physical Therapist Assistants,10524578.689342307,76003.8087,97.44078038461538,4.143809523809524,90.6252380952381,108010.0,780.0,31,Healthcare Support Occupations,65510.0,31.5,61110.0,29.380000000000003,131441.85556923074,949.2143999999998,37.18977115384615,False,False,False,False,1.2489037276364807,1.2489037276364807,1348.9409162201628,9.74144907556455,88369119.42158286,595299.9530077496,0.007221553559855569,0.6111132273933959
31-2022.00,Physical Therapist Aides,3875116.3004423077,73962.6833076923,88.05081346153847,4.0063157894736845,76.97,44010.0,840.0,31,Healthcare Support Occupations,34520.0,16.59,27860.0,13.39,453290.9649576923,8651.770292307692,29.469481538461537,False,False,False,False,11.697480277068161,11.697480277068161,5148.0610699376975,98.25883432737255,177711068.13424933,2737491.1243605996,0.0190865712338105,1.6151726979369194
31-9011.00,Massage Therapists,5095316.207261538,96558.47039999999,53.05410461538462,3.9650000000000003,92.85642857142857,96040.0,1820.0,31,Healthcare Support Occupations,57950.0,27.86,61010.0,29.33,0.0,0.0,4.871538461538461,False,False,False,False,0.0,0.0,0.0,0.0,0.0,0.0,,
31-9091.00,Dental Assistants,27627779.482642308,464350.9803038462,73.58969576923077,4.30625,85.090625,375430.0,6310.0,31,Healthcare Support Occupations,47300.0,22.74,37320.0,17.94,2455892.672538462,41277.15623076924,24.875472692307692,False,False,False,False,8.889214835674451,8.88921483567445,33372.77925757259,560.9094561310579,1578532458.8831835,20933140.902811084,0.01680739418799776,1.4223007308839706
31-9092.00,Medical Assistants,76086946.97365385,926322.5717307692,95.89260576923077,4.4079999999999995,86.29350000000001,793460.0,9660.0,31,Healthcare Support Occupations,44200.0,21.25,43040.0,20.69,15706556.569200002,191219.8932,56.85455653846154,False,False,False,False,20.642905509980064,20.642905509980064,163793.1980594878,1994.1046722640742,7239659354.229361,85826265.09424576,0.012174526756232196,1.0302512162129709
31-9093.00,Medical Equipment Preparers,4564384.713584615,42030.48045769231,62.73206038461539,4.469333333333333,79.91333333333334,72760.0,670.0,31,Healthcare Support Occupations,46490.0,22.35,45250.0,21.76,476743.92078461533,4390.027857692307,23.517235,False,False,False,False,10.444867177074718,10.444867177074716,7599.685358039565,69.98061008640062,353309372.29525936,3166622.606409628,0.009208356239692139,0.779243448654686
31-9094.00,Medical Transcriptionists,3632645.9365807693,20242.280584615386,84.34283576923077,4.559333333333333,82.484,43070.0,240.0,31,Healthcare Support Occupations,37550.0,18.05,38900.0,18.7,1377008.711526923,7673.138861538461,84.34283576923077,False,False,False,False,37.90649393216212,37.906493932162114,16326.326936582225,90.9755854371891,613053576.4686625,3538950.273506656,0.005572324123519851,0.47154963969752767
31-9095.00,Pharmacy Aides,2514387.4093846157,15906.1004,61.17730923076923,4.148571428571429,72.48428571428572,41100.0,260.0,31,Healthcare Support Occupations,37000.0,17.79,38970.0,18.73,1527645.330923077,9663.9364,54.71813769230769,False,False,False,False,60.75616371690952,60.756163716909526,24970.78328764981,157.96602566396476,923918981.643043,6155936.020124706,0.006326034063260341,0.5353312221472887
31-9096.00,Veterinary Assistants and Laboratory Animal Caretakers,10163161.481515385,64081.58566153846,89.00220230769231,4.205357142857143,85.04714285714286,114190.0,720.0,31,Healthcare Support Occupations,37320.0,17.94,35730.0,17.18,1711636.4238153845,10792.348061538461,35.98111115384615,False,False,False,False,16.84157461168441,16.841574611684415,19231.394049082428,121.25933720412777,717715625.9117562,4332596.118303485,0.006305280672563272,0.533574997331794
31-9097.00,Phlebotomists,14549494.306953847,147715.92002307693,104.76306384615386,4.449565217391305,79.09782608695652,138880.0,1410.0,31,Healthcare Support Occupations,43660.0,20.99,38730.0,18.62,1922158.384246154,19515.00087692308,43.66578538461539,False,False,False,False,13.211169705929018,13.211169705929022,18347.67248759422,186.27749285359914,801059380.8083637,7214527.298219895,0.010152649769585255,0.8591528839135482
31-9099.01,Speech-Language Pathology Assistants,4012075.190423077,26708.46002307692,38.70791307692308,4.1499999999999995,82.08909090909091,103650.0,690.0,31,Healthcare Support Occupations,46050.0,22.14,45760.0,22.0,253996.35641538462,3381.446461538462,20.304774615384616,False,False,False,False,6.330797514006722,12.660581922794462,6561.871623267968,43.682502846646386,302174188.25148994,1998911.3302625387,0.013312972316848741,1.126590478255912
31-9099.02,Endoscopy Technicians,5436763.376480769,36192.63608076923,52.45309576923077,4.5675,93.88416666666667,103650.0,690.0,31,Healthcare Support Occupations,46050.0,22.14,45760.0,22.0,1082.463909230769,14.490815384615383,8.719569230769231,False,False,False,False,0.019910079476945175,0.04003802141484522,20.63679737785367,0.1373795483909217,950324.5192501616,6286.488134368577,0.013386880856760375,1.1328448785013676
33-1011.00,First-Line Supervisors of Correctional Officers,2832667.1913923076,13794.5958,53.05613769230769,4.301304347826087,93.52695652173912,53390.0,260.0,33,Protective Service Occupations,76310.0,36.69,97430.0,46.84000000000001,109075.72893076923,531.1798,15.452636923076923,False,False,False,False,3.850636928412212,3.850636928412212,2055.85505607928,10.01165601387175,156882299.32940987,975435.6454315246,0.004869825810076793,0.41210176494200346
33-1012.00,First-Line Supervisors of Police and Detectives,1916414.0579153844,16144.283515384615,12.514948461538461,3.864,81.76050000000001,153130.0,1290.0,33,Protective Service Occupations,105980.0,50.95,109760.0,52.77,281080.8341,2367.8853,6.8873346153846144,False,False,False,False,14.667020049192864,14.667020049192864,22459.60780132903,189.20455863458795,2380269234.7848506,20767092.355732374,0.008424214719519364,0.71288663898013
33-1021.00,First-Line Supervisors of Firefighting and Prevention Workers,2096150.135353846,17229.24428076923,22.375641923076923,4.1196,84.5008,93680.0,770.0,33,Protective Service Occupations,92430.0,44.44,102070.0,49.07,178073.64572307692,1463.6710846153846,9.942091363636363,False,True,True,False,8.495271532304471,8.49527153230447,7958.370371462828,65.41359079874442,735592173.4343092,6676765.212827844,0.008219470538001709,0.6955604671917184
33-2011.00,Firefighters,8514144.526461538,67910.19442307693,25.62648846153846,4.357777777777778,95.61148148148149,332240.0,2650.0,33,Protective Service Occupations,59530.0,28.62,49270.0,23.69,453025.852,3613.4075000000003,16.74934153846154,False,False,False,False,5.320861662519566,5.320861662519565,17678.030787555006,141.0028340567685,1052373172.7831495,6947209.633976985,0.007976161810739225,0.6749708280873412
33-2021.00,Fire Inspectors and Investigators,285448.38130769227,1218.996646153846,20.316610769230767,4.332333333333334,79.80466666666666,14050.0,60.0,33,Protective Service Occupations,78060.0,37.53,72550.0,34.88,0.0,0.0,10.95127423076923,False,False,False,False,0.0,0.0,0.0,0.0,0.0,0.0,,
33-2022.00,Forest Fire Inspectors and Prevention Specialists,33710.456423076925,727.5638076923077,12.126063461538461,3.97875,93.74875,2780.0,60.0,33,Protective Service Occupations,52380.0,25.19,77480.0,37.25,8878.262530769232,191.61717692307695,10.127389615384615,False,False,False,False,26.336820894218167,26.336820894218167,732.163620859265,15.8020925365309,38350730.4606083,1224346.1297304141,0.02158273381294964,1.8264067429651547
33-3011.00,Bailiffs,547235.5080038462,1294.4660153846155,32.36165038461538,4.234,79.898,16910.0,40.0,33,Protective Service Occupations,57050.0,27.43,57860.0,27.82,1987.0680846153841,4.70033846153846,14.948867692307692,False,False,False,False,0.36311022504070006,0.36311022504070006,61.40193905438238,0.14524409001628003,3502980.623052515,8403.823048341963,0.0023654642223536367,0.20017389100899388
33-3012.00,Correctional Officers and Jailers,22759338.212653846,123333.21380769231,62.28950192307693,4.1866666666666665,81.7274074074074,365380.0,1980.0,33,Protective Service Occupations,57970.0,27.87,61340.0,29.489999999999995,0.0,0.0,34.336288461538466,False,False,False,False,0.0,0.0,0.0,0.0,0.0,0.0,,
33-3021.00,Detectives and Criminal Investigators,2832603.6384692304,14317.700492307691,25.567322307692304,4.36,93.87133333333333,110790.0,560.0,33,Protective Service Occupations,93580.0,44.99,74530.0,35.83,87962.30285769231,1333.8448307692308,21.13704269230769,False,False,False,False,3.105351615845134,9.316054847535403,3440.419055194824,17.389969048732752,321954415.1851316,1296074.393202052,0.015163823449769836,1.2832160020977312
33-3021.02,Police Identification and Records Officers,1819288.68345,9195.790799999999,16.421055,4.389333333333334,77.70466666666667,110790.0,560.0,33,Protective Service Occupations,93580.0,44.99,74530.0,35.83,65038.80077307691,986.2368923076921,14.56767986013986,False,False,False,False,3.574957694440273,10.72487308332082,3960.6956296703784,20.019763088865528,370641897.024554,1492072.9430131477,0.015163823449769834,1.2832160020977312
33-3021.06,Intelligence Analysts,3566038.764911538,18024.927415384613,32.187370384615384,3.8738095238095234,81.98761904761905,110790.0,560.0,33,Protective Service Occupations,93580.0,44.99,74530.0,35.83,31195.339153846147,473.0406153846153,32.055214615384614,False,False,False,False,0.8747896815030838,2.6243690445092516,969.1794881372665,4.898822216417269,90695816.4998854,365109.21978957905,0.015163823449769836,1.2832160020977312
33-3031.00,Fish and Game Wardens,83383.17729230771,922.1504030769232,12.988033846153849,3.8266666666666667,86.29166666666667,6420.0,71.0,33,Protective Service Occupations,68180.0,32.78,68180.0,32.78,598.6156153846154,6.620203846153847,4.701328076923077,False,False,False,False,0.7179093371389663,0.7179093371389664,46.089779444321636,0.5097156293686661,3142401.1625138493,34752.41161035565,0.01105919003115265,0.9358675050012002
33-3041.00,Parking Enforcement Workers,264712.55281153845,1703.4269807692308,34.068539615384616,3.929090909090909,78.7159090909091,7770.0,50.0,33,Protective Service Occupations,47150.0,22.67,53020.0,25.49,9541.2492,61.397999999999996,23.755463846153845,False,False,False,False,3.6043810913617205,3.60438109136172,280.06041079880566,1.8021905456808602,13204848.369163686,95552.1427319992,0.006435006435006435,0.5445528470016227
33-3051.00,Police and Sheriff's Patrol Officers,42193594.48596923,339704.64683076926,63.25971076923077,4.119666666666666,89.00733333333334,666990.0,5370.0,33,Protective Service Occupations,76290.0,36.68,77210.0,37.12,577399.6466653848,9297.39906923077,33.982857307692306,False,False,False,False,1.3684533249647393,2.7369066499294776,9127.446832182315,73.48594355060649,696332918.8271888,5673849.701542327,0.016102190437637744,1.3626239125538917
33-3051.04,Customs and Border Protection Officers,19976733.506180767,160834.58361923078,29.95057423076923,4.234545454545454,84.47454545454546,666990.0,5370.0,33,Protective Service Occupations,76290.0,36.68,77210.0,37.12,891750.8792596153,14359.142480769231,18.250232307692308,True,True,True,True,4.4639474165469,8.9278948330938,29774.08287362617,239.71397626856856,2271464782.4289403,18508316.10769618,0.016102190437637748,1.362623912553892
33-3052.00,Transit and Railroad Police,66237.17307692308,728.6089038461539,22.079057692307693,3.9508333333333336,79.55083333333333,3000.0,33.0,33,Protective Service Occupations,82320.0,39.58,82320.0,39.58,2609.7669230769234,28.707436153846153,11.363058076923076,False,False,False,False,3.9400336727023784,3.9400336727023775,118.20101018107134,1.3002111119917847,9730307.158105792,107033.37873916372,0.010999999999999998,0.9308586366645737
33-9011.00,Animal Control Workers,310175.6550923077,4735.506184615385,26.308367692307694,4.408666666666666,90.82199999999999,11790.0,180.0,33,Protective Service Occupations,45830.0,22.030000000000005,46690.0,22.45,0.0,0.0,14.807434615384617,False,False,False,False,0.0,0.0,0.0,0.0,0.0,0.0,,
33-9021.00,Private Detectives and Investigators,559848.2957307692,5207.891123076923,14.46636423076923,4.187142857142857,72.825,38700.0,360.0,33,Protective Service Occupations,52370.0,25.18,51130.0,24.58,50518.1911153846,469.93666153846146,13.417285384615385,False,False,False,False,9.02355004036286,9.02355004036286,3492.113865620427,32.484780145306296,182882003.14254177,1660946.8088295108,0.00930232558139535,0.7871954644097877
33-9031.00,Gambling Surveillance Officers and Gambling Investigators,583744.1,6421.185100000001,58.374410000000005,4.6075,94.845,10000.0,110.0,33,Protective Service Occupations,43900.0,21.11,43900.0,21.11,154796.34615384616,1702.7598076923077,50.87735692307693,False,True,True,False,26.51784337586387,26.517843375863865,2651.7843375863868,29.169627713450254,116413332.42004238,1280546.6566204662,0.011,0.9308586366645738
33-9032.00,Security Guards,61619366.458057694,347355.4403846154,49.622205769230774,4.406428571428571,86.41285714285713,1241770.0,7000.0,33,Protective Service Occupations,38370.0,18.45,42440.0,20.4,13046446.836911539,73544.31807692308,34.63546769230769,False,False,False,False,21.172640335067115,21.172640335067115,262915.49588876293,1482.084823454698,10088067577.251833,62899679.90741738,0.005637114763603566,0.47703245123361426
33-9091.00,Crossing Guards and Flaggers,2564739.4211307694,48063.97895,28.440224230769232,4.285833333333334,69.36416666666666,90180.0,1690.0,33,Protective Service Occupations,37700.0,18.13,34480.0,16.58,0.0,0.0,20.25880923076923,False,True,True,False,0.0,0.0,0.0,0.0,0.0,0.0,,
33-9092.00,"Lifeguards, Ski Patrol, and Other Recreational Protective Service Workers",5726443.8668,83350.2868,39.880520000000004,4.101333333333334,80.50133333333333,143590.0,2090.0,33,Protective Service Occupations,33720.0,16.21,28400.0,13.65,148141.0298230769,2156.241746153846,14.406067307692307,False,False,False,False,2.586963799330137,2.5869637993301375,3714.621319458144,54.06754340599987,125257030.89212862,1535518.2327303963,0.014555331151194374,1.2317232465092907
33-9093.00,Transportation Security Screeners,6318464.810323076,65448.06018461538,136.35012538461538,4.3076923076923075,84.31461538461538,46340.0,480.0,33,Protective Service Occupations,63360.0,30.46,59950.0,28.82,704692.2017692308,7299.358153846154,81.12742653846153,False,False,False,False,11.152902214758056,11.152902214758056,5168.254886318883,53.53393063083867,327460629.59716445,3209359.141318778,0.010358221838584376,0.8765491144485335
33-9099.02,Retail Loss Prevention Specialists,2255613.8388615386,18998.071076923075,27.140101538461536,4.3100000000000005,93.49190476190476,83110.0,700.0,33,Protective Service Occupations,41600.0,20.0,49000.0,23.56,111551.9042,939.554,23.889193846153844,False,False,False,False,4.945523133352599,4.9455231333526,4110.224276129345,34.61866193346819,170985329.88698074,1696314.4347399413,0.008422572494284682,0.7127476681125798
35-1011.00,Chefs and Head Cooks,8802565.764092308,90768.01029230769,48.28085653846154,4.314285714285714,98.01714285714286,182320.0,1880.0,35,Food Preparation and Serving Related Occupations,60990.0,29.32,44490.0,21.39,433748.04538461537,4472.610384615385,22.490718461538464,False,False,False,False,4.927518373722052,4.9275183737220525,8983.851498970045,92.63734542597456,547925102.922183,4121435.498001608,0.010311540149188241,0.8725987459259439
35-1012.00,First-Line Supervisors of Food Preparation and Serving Workers,81716568.43091539,791387.109423077,68.81627038461538,4.163846153846154,76.39192307692308,1187460.0,11500.0,35,Food Preparation and Serving Related Occupations,42010.0,20.2,38070.0,18.31,12598223.509107694,122007.95846153847,48.502532692307696,False,False,False,False,15.416975713754368,15.416975713754367,183070.4198105476,1772.9522070817525,7690788336.241105,67496290.52360232,0.009684536742290266,0.81953951533239
35-2011.00,"Cooks, Fast Food",93300652.26983461,872647.2572115385,139.62356115384614,4.5405263157894735,95.14999999999999,668230.0,6250.0,35,Food Preparation and Serving Related Occupations,30160.0,14.5,29960.0,14.410000000000002,8022208.3238115385,75032.25240384616,20.481853076923077,False,False,False,False,8.598233912245895,8.598233912245894,57455.97847180075,537.3896195153685,1732872310.7095106,16100193.000680441,0.009353067057749577,0.7914893863644644
35-2012.00,"Cooks, Institution and Cafeteria",13192633.684453845,161280.57955384615,29.43076269230769,4.3623529411764705,76.22529411764705,448260.0,5480.0,35,Food Preparation and Serving Related Occupations,36450.0,17.53,37740.0,18.15,536744.9723307692,6561.73303076923,12.099975384615384,False,False,False,False,4.068520245227969,4.068520245227968,18237.548851258893,222.95490943849268,664758655.6283866,8414318.282208713,0.012225047963235623,1.0345264982015034
35-2013.00,"Cooks, Private Household",14374.382192307694,159.7153576923077,15.971535769230771,4.083846153846154,95.1,900.0,10.0,35,Food Preparation and Serving Related Occupations,44530.0,21.41,44530.0,21.41,670.5986538461539,7.451096153846154,2.194635769230769,False,False,False,False,4.665234615822431,4.665234615822432,41.987111542401884,0.4665234615822431,1869686.076983156,20774.289744257287,0.011111111111111112,0.9402612491561352
35-2014.00,"Cooks, Restaurant",105328071.355,843564.605,72.5335,4.2025,83.8955,1452130.0,11630.0,35,Food Preparation and Serving Related Occupations,36830.0,17.71,36510.0,17.55,6653420.05855,53286.74105,14.592643076923077,False,False,False,False,6.316853591788623,6.316853591788621,91728.92606244012,734.6500727250168,3378376346.8796697,26822074.155190364,0.008008924820780508,0.6777433490746191
35-2015.00,"Cooks, Short Order",8924950.681823077,30853.4394,59.33353730769231,4.442727272727272,87.17727272727274,150420.0,520.0,35,Food Preparation and Serving Related Occupations,35620.0,17.12,36680.0,17.64,0.0,0.0,20.34554961538462,False,False,False,False,0.0,0.0,0.0,0.0,0.0,0.0,,
35-2021.00,Food Preparation Workers,60910793.288196154,642161.7888884615,68.53380884615385,4.230645161290322,80.4874193548387,888770.0,9370.0,35,Food Preparation and Serving Related Occupations,34220.0,16.45,32090.0,15.43,2425956.1687192307,25576.031257692306,20.319616153846155,False,False,False,False,3.982801795473175,3.982801795473175,35397.94751762694,373.1885282358365,1211317764.0531938,11975619.871087993,0.010542660080785804,0.8921569263289363
35-3011.00,Bartenders,63054530.82664616,280764.79975384613,84.56771076923077,4.277,85.589,745610.0,3320.0,35,Food Preparation and Serving Related Occupations,33530.0,16.12,34120.0,16.41,0.0,0.0,27.781373076923074,False,False,False,False,0.0,0.0,0.0,0.0,0.0,0.0,,
35-3023.00,Fast Food and Counter Workers,666727470.0600346,8989789.92566923,176.33954346153845,4.348888888888889,73.97259259259259,3780930.0,50980.0,35,Food Preparation and Serving Related Occupations,30480.0,14.65,28670.0,13.79,14411208.104111537,388625.7556461538,41.95871230769231,True,True,True,True,2.1614840772668176,4.322968154533636,81724.19992260428,1101.9245825906237,2490953613.6409783,31592177.78287318,0.02696691025752923,2.2820346652163246
35-3023.01,Baristas,422036291.7855,5690507.403,111.62235,4.092631578947368,92.35578947368421,3780930.0,50980.0,35,Food Preparation and Serving Related Occupations,30480.0,14.65,28670.0,13.79,0.0,0.0,43.78651038461538,True,False,True,False,0.0,0.0,0.0,0.0,0.0,0.0,,
35-3031.00,Waiters and Waitresses,376361987.3642,2946904.113092308,163.4444876923077,4.3404,91.088,2302690.0,18030.0,35,Food Preparation and Serving Related Occupations,33760.0,16.23,29860.0,14.35,0.0,0.0,85.95672615384616,False,False,False,False,0.0,0.0,0.0,0.0,0.0,0.0,,
35-3041.00,"Food Servers, Nonrestaurant",16030611.51933846,136252.53002307692,58.98377923076923,4.506428571428572,88.53785714285713,271780.0,2310.0,35,Food Preparation and Serving Related Occupations,34460.0,16.57,28280.0,13.6,0.0,0.0,27.043118461538462,False,False,False,False,0.0,0.0,0.0,0.0,0.0,0.0,,
35-9011.00,Dining Room and Cafeteria Attendants and Bartender Helpers,72624660.12266923,527283.8870230769,139.12503615384617,4.17,76.00652173913043,522010.0,3790.0,35,Food Preparation and Serving Related Occupations,32670.0,15.710000000000004,27760.0,13.34,3601308.843115385,26146.933038461542,30.300298461538464,False,False,False,False,4.958796140363987,4.9587961403639875,25885.41173231405,187.9383737197951,845676401.2947,5217169.254461512,0.007260397310396353,0.6144003219998807
35-9021.00,Dishwashers,19074172.799496155,132642.07344615384,40.43965653846154,3.9815384615384612,73.50923076923077,471670.0,3280.0,35,Food Preparation and Serving Related Occupations,33670.0,16.19,30130.0,14.48,0.0,0.0,5.063316153846155,False,False,False,False,0.0,0.0,0.0,0.0,0.0,0.0,,
35-9031.00,"Hosts and Hostesses, Restaurant, Lounge, and Coffee Shop",49017052.976596154,500326.2342923077,114.75372346153847,4.172857142857143,70.73095238095237,427150.0,4360.0,35,Food Preparation and Serving Related Occupations,30380.0,14.61,28790.0,13.84,3540839.553230769,36142.01206153846,80.84093884615385,False,False,False,False,7.223689182051377,7.223689182051377,30855.98834113246,314.95284833744006,937404925.8036041,9067492.5036349,0.010207187170783097,0.8637680303613893
37-1011.00,First-Line Supervisors of Housekeeping and Janitorial Workers,7934771.6894307695,102217.08634615385,45.429816153846154,4.137307692307692,80.21423076923078,174660.0,2250.0,37,Building and Grounds Cleaning and Maintenance Occupations,47520.0,22.85,49770.0,23.93,658704.1925307692,8485.540096153845,22.536673846153846,False,False,False,False,8.30148891880749,8.30148891880749,14499.380545589163,186.78350067316853,689010563.526397,9296214.828503598,0.01288217107523188,1.0901345640336504
37-1012.00,"First-Line Supervisors of Landscaping, Lawn Service, and Groundskeeping Workers",3616901.2767846156,59732.922076923074,29.138010769230767,3.858571428571429,91.74,124130.0,2050.0,37,Building and Grounds Cleaning and Maintenance Occupations,56170.0,27.01,54600.0,26.25,813580.4847692308,13436.236153846154,16.931695769230767,False,False,False,False,22.493853785594467,22.493853785594467,27921.620704058412,461.1240026046866,1568357434.946961,25177370.542215887,0.01651494401031177,1.397552569639144
37-2011.00,"Janitors and Cleaners, Except Maids and Housekeeping Cleaners",47943230.43242308,537642.3904576923,21.793368076923077,3.6966666666666663,68.64619047619047,2199900.0,24670.0,37,Building and Grounds Cleaning and Maintenance Occupations,35930.0,17.27,30390.0,14.61,0.0,0.0,5.990311923076923,False,False,False,False,0.0,0.0,0.0,0.0,0.0,0.0,,
37-2012.00,Maids and Housekeeping Cleaners,45174509.74938461,447036.9424615385,52.84124615384615,3.9939999999999998,65.285,854910.0,8460.0,37,Building and Grounds Cleaning and Maintenance Occupations,34660.0,16.66,34660.0,16.67,0.0,0.0,23.837778846153846,False,False,False,False,0.0,0.0,0.0,0.0,0.0,0.0,,
37-2021.00,Pest Control Workers,3260015.232680769,29849.27067692308,33.91962576923077,3.896153846153846,74.06076923076922,96110.0,880.0,37,Building and Grounds Cleaning and Maintenance Occupations,44730.0,21.51,42460.0,20.41,0.0,0.0,19.971283846153845,False,False,False,False,0.0,0.0,0.0,0.0,0.0,0.0,,
37-3011.00,Landscaping and Groundskeeping Workers,24364777.8882,322563.4926,25.82574,3.5384615384615383,70.73038461538462,943430.0,12490.0,37,Building and Grounds Cleaning and Maintenance Occupations,38090.0,18.31,38940.0,18.72,5414200.715496154,71678.20287307692,11.987492692307692,False,False,False,False,22.221424469123857,22.221424469123857,209643.5848690552,2775.45591619357,7985324147.6623125,108076253.37657762,0.013238926046447538,1.1203244227726612
37-3012.00,"Pesticide Handlers, Sprayers, and Applicators, Vegetation",688662.8764615385,6558.694061538461,27.327891923076923,4.029,84.85,25200.0,240.0,37,Building and Grounds Cleaning and Maintenance Occupations,45200.0,21.73,38180.0,18.36,0.0,0.0,5.419928461538461,False,False,False,False,0.0,0.0,0.0,0.0,0.0,0.0,,
37-3013.00,Tree Trimmers and Pruners,2117396.1872846154,19462.175107692306,44.23221615384615,3.813333333333333,69.73541666666667,47870.0,440.0,37,Building and Grounds Cleaning and Maintenance Occupations,50430.0,24.25,53900.0,25.91,0.0,0.0,5.020824999999999,False,False,False,False,0.0,0.0,0.0,0.0,0.0,0.0,,
39-1013.00,First-Line Supervisors of Gambling Services Workers,3090549.143965385,34016.62003346154,121.0555873076923,4.26,83.05892857142858,25530.0,281.0,39,Personal Care and Service Occupations,61590.0,29.61,61590.0,29.61,132175.09430769234,1454.8061692307695,99.808084048583,True,True,True,True,4.276751093435218,4.276751093435217,1091.854554154011,12.01767057255296,67247321.99034554,740168.3305635368,0.011006658832745788,0.9314221304801668
39-1022.00,First-Line Supervisors of Personal Service Workers,1870216.2339538462,14848.531653846154,17.46886076923077,4.08,90.02764705882353,107060.0,850.0,39,Personal Care and Service Occupations,47080.0,22.64,43660.0,20.99,192351.21877530866,1263.936261823362,15.34690623931624,True,False,True,False,10.284972148309112,8.512196971987933,11011.091181979737,87.42226326062746,518402172.847606,3816856.0139589948,0.006570981301136462,0.5560595177749359
39-2011.00,Animal Trainers,919591.1396423077,11889.2937,45.72805269230769,4.217333333333333,66.61999999999999,20110.0,260.0,39,Personal Care and Service Occupations,38750.0,18.63,35380.0,17.01,0.0,0.0,15.068709615384616,False,False,False,False,0.0,0.0,0.0,0.0,0.0,0.0,,
39-2021.00,Animal Caretakers,15583167.864615384,133184.66584615383,56.196061538461535,4.084090909090909,63.691818181818185,277300.0,2370.0,39,Personal Care and Service Occupations,33470.0,16.09,31550.0,15.17,76183.58888461538,651.1183038461538,33.850185384615386,False,True,True,False,0.4888838363706846,0.4888838363706846,1355.6748782559087,11.586546921985224,45374438.175225265,365555.5553886338,0.00854670032455824,0.723251801099905
39-3011.00,Gambling Dealers,11882998.472123077,130887.6910523077,143.2031630769231,4.567142857142857,80.55857142857143,82980.0,914.0,39,Personal Care and Service Occupations,33280.0,16.0,33280.0,16.0,0.0,0.0,133.5629825721154,False,True,True,False,0.0,0.0,0.0,0.0,0.0,0.0,,
39-3012.00,Gambling and Sports Book Writers and Runners,888152.7872307693,9816.425543076923,116.86220884615385,4.351111111111111,52.64555555555555,7600.0,84.0,39,Personal Care and Service Occupations,30460.0,14.65,30460.0,14.65,0.0,0.0,111.09467610256411,False,True,True,False,0.0,0.0,0.0,0.0,0.0,0.0,,
39-3021.00,Motion Picture Projectionists,38922.90675,419.16976500000004,19.960465,4.003529411764706,71.64647058823529,1950.0,21.0,39,Personal Care and Service Occupations,38180.0,18.35,38180.0,18.35,0.0,0.0,17.411633076923078,False,False,False,False,0.0,0.0,0.0,0.0,0.0,0.0,,
39-3031.00,"Ushers, Lobby Attendants, and Ticket Takers",10102084.0998,119486.10503076923,84.74191846153846,3.8317391304347823,64.79304347826087,119210.0,1410.0,39,Personal Care and Service Occupations,31150.0,14.98,25570.0,12.289999999999996,0.0,0.0,74.86710961538462,False,False,False,False,0.0,0.0,0.0,0.0,0.0,0.0,,
39-3091.00,Amusement and Recreation Attendants,16974595.929876924,272258.64996923076,45.68098153846154,3.5011764705882356,59.572941176470586,371590.0,5960.0,39,Personal Care and Service Occupations,30490.0,14.66,27170.0,13.06,885387.0642423077,14200.885123076923,37.51507307692307,False,False,False,False,5.215953698691238,5.215953698691238,19381.962348966772,310.8708404419978,590956032.0199969,8446360.73480908,0.016039182970478214,1.3572919993739092
39-3092.00,Costume Attendants,138036.82485769232,2633.4529384615385,21.945441153846154,3.552380952380952,72.67333333333333,6290.0,120.0,39,Personal Care and Service Occupations,54810.0,26.35,39940.0,19.2,0.0,0.0,15.084448846153848,False,False,False,False,0.0,0.0,0.0,0.0,0.0,0.0,,
39-3093.00,"Locker Room, Coatroom, and Dressing Room Attendants",982317.0760615385,9849.435923076922,65.66290615384615,3.9460869565217394,60.09478260869565,14960.0,150.0,39,Personal Care and Service Occupations,34800.0,16.73,22880.0,11.0,49629.23612307693,497.6193461538462,40.305999615384614,False,False,False,False,5.052262383756815,5.0522623837568155,755.8184526100194,7.578393575635221,26302482.15082868,173393.64501053386,0.010026737967914439,0.8484977850005231
39-4011.00,Embalmers,77291.56986923076,858.7952207692308,22.59987423076923,4.3769230769230765,90.8673076923077,3420.0,38.0,39,Personal Care and Service Occupations,56280.0,27.06,56280.0,27.06,0.0,0.0,4.846448846153846,False,False,False,False,0.0,0.0,0.0,0.0,0.0,0.0,,
39-4021.00,Funeral Attendants,649961.3284307692,4040.9899346153843,21.268368076923075,4.211666666666667,70.24208333333333,30560.0,190.0,39,Personal Care and Service Occupations,34610.0,16.64,38360.0,18.44,0.0,0.0,12.925967307692307,False,False,False,False,0.0,0.0,0.0,0.0,0.0,0.0,,
39-4031.00,"Morticians, Undertakers, and Funeral Arrangers",332977.4141153846,4146.022276923077,12.956319615384615,4.278181818181818,93.95136363636362,25700.0,320.0,39,Personal Care and Service Occupations,49800.0,23.94,61190.0,29.42,34173.37896153846,425.5051076923077,6.206291196581197,False,True,True,False,10.262972055424926,10.262972055424928,2637.5838182442058,32.84151057735976,131351674.14856145,2009572.032228644,0.012451361867704281,1.0536779757080426
39-5011.00,Barbers,1280029.8488846153,20508.765534615384,70.71988115384616,3.928333333333333,80.11388888888888,18100.0,290.0,39,Personal Care and Service Occupations,38960.0,18.73,25290.0,12.16,0.0,0.0,18.86536653846154,False,False,False,False,0.0,0.0,0.0,0.0,0.0,0.0,,
39-5012.00,"Hairdressers, Hairstylists, and Cosmetologists",25339382.568076923,310460.1803846154,85.76248076923076,4.137272727272727,78.01863636363636,295460.0,3620.0,39,Personal Care and Service Occupations,35250.0,16.95,34960.0,16.81,4088843.7804076923,50096.84723846154,28.418174999999998,False,False,False,False,16.13631969690888,16.13631969690888,47676.37017648698,584.1347730281014,1680592048.721166,20421351.665062428,0.012252081500033846,1.0368141710386138
39-5091.00,"Makeup Artists, Theatrical and Performance",63831.61096923077,711.3763873076923,19.226388846153846,4.103809523809524,91.28428571428572,3320.0,37.0,39,Personal Care and Service Occupations,50280.0,24.17,50280.0,24.17,0.0,0.0,2.3097757692307694,False,False,False,False,0.0,0.0,0.0,0.0,0.0,0.0,,
39-5092.00,Manicurists and Pedicurists,18185338.716284614,110721.18011538462,123.02353346153846,4.147777777777778,91.40277777777777,147820.0,900.0,39,Personal Care and Service Occupations,34660.0,16.66,38390.0,18.46,1045057.836,6362.82,17.41512,False,False,False,False,5.7467053669128045,5.746705366912804,8494.779873370508,51.72034830221524,294429070.41102177,1985544.171322043,0.006088485996482208,0.5152290703669797
39-5093.00,Shampooers,118744.19501538461,1308.9911261538462,13.357052307692307,4.5600000000000005,79.1125,8890.0,98.0,39,Personal Care and Service Occupations,31470.0,15.13,31470.0,15.13,0.0,0.0,2.0841453846153843,False,False,False,False,0.0,0.0,0.0,0.0,0.0,0.0,,
39-5094.00,Skincare Specialists,4845245.917661538,55874.846146153846,68.98129153846153,4.049444444444444,88.45555555555556,70240.0,810.0,39,Personal Care and Service Occupations,41560.0,19.98,44960.0,21.62,0.0,0.0,10.716919615384615,False,False,False,False,0.0,0.0,0.0,0.0,0.0,0.0,,
39-6011.00,Baggage Porters and Bellhops,1684373.2507538463,10790.34753846154,53.951737692307695,4.128823529411765,74.9535294117647,31220.0,200.0,39,Personal Care and Service Occupations,36020.0,17.32,32530.0,15.64,157242.7480615385,1007.3206153846156,27.748584230769232,False,False,False,False,9.335386203216183,9.335386203216183,2914.5075726440923,18.670772406432366,104980562.7666402,607360.2263812448,0.0064061499039077515,0.5421109059836782
39-6012.00,Concierges,1647653.192,13047.027538461538,37.27722153846154,3.886875,87.3775,44200.0,350.0,39,Personal Care and Service Occupations,37320.0,17.94,35350.0,16.99,513039.36199999996,4062.5288846153844,34.75213846153846,False,False,False,False,31.137581894721926,31.137581894721933,13762.81119746709,108.98153663152674,513628113.8894718,3852497.31992447,0.007918552036199095,0.6700956866157977
39-7011.00,Tour Guides and Escorts,1563492.203975,17226.806573076923,63.802987307692305,3.9489473684210528,58.7321052631579,24505.0,270.0,39,Personal Care and Service Occupations,36660.0,17.63,36660.0,17.63,232263.56432499998,2559.1170115384616,40.07434192307692,False,False,False,False,14.855434759092272,14.855434759092272,3640.3242877155612,40.10967384954913,133454288.38765247,1470420.643324471,0.011018159559273618,0.9323953623543801
39-7012.00,Travel Guides,820294.3849749999,9038.13441923077,33.47457192307692,4.219411764705883,64.4835294117647,24505.0,270.0,39,Personal Care and Service Occupations,36660.0,17.63,36660.0,17.63,55467.171175,611.1461423076923,26.48473423076923,False,False,False,False,6.761861618337235,6.761861618337235,1656.9941895735394,18.257026369510537,60745406.98976596,669302.5867062563,0.011018159559273618,0.9323953623543801
39-9011.00,Childcare Workers,35321845.761876926,265501.2052153846,67.90312153846153,4.14375,78.65083333333332,520180.0,3910.0,39,Personal Care and Service Occupations,32050.0,15.410000000000002,30860.0,14.839999999999998,0.0,0.0,40.560723461538466,False,False,False,False,0.0,0.0,0.0,0.0,0.0,0.0,,
39-9011.01,Nannies,26951677.198423076,202585.75463461538,51.81221346153846,4.379473684210526,97.89473684210526,520180.0,3910.0,39,Personal Care and Service Occupations,32050.0,15.410000000000002,30860.0,14.839999999999998,156931.53944538458,2358.9930288461533,41.38664269230769,False,False,False,False,0.5822700319910574,1.164441711659758,3028.8522524110826,22.766758250850344,97074714.6897752,702582.1596212416,0.015031988070614268,1.2720596292518305
39-9031.00,Exercise Trainers and Group Fitness Instructors,16647981.83613846,308702.1202076923,54.831637692307694,3.6614285714285715,75.5104761904762,303620.0,5630.0,39,Personal Care and Service Occupations,46180.0,22.2,48730.0,23.43,792023.365553846,14686.422330769228,35.81036384615385,False,True,True,False,4.757473748767362,4.757473748767362,14444.641796007463,267.8457720556025,667053558.1396246,13052124.472269509,0.018542915486463342,1.56916663904688
39-9032.00,Recreation Workers,6889752.598538462,132392.54605769232,22.250848076923077,3.9479166666666665,76.7625,309640.0,5950.0,39,Personal Care and Service Occupations,35380.0,17.01,31060.0,14.93,187678.04406153847,3606.3956923076926,16.58694576923077,False,False,False,False,2.7240171744534196,2.7240171744534196,8434.646778977569,162.07902187997846,298417803.0402264,5034174.419592131,0.019215863583516343,1.626113870698587
39-9041.00,Residential Advisors,2862143.33405,38364.67939615385,34.56277423076923,3.826,74.77066666666666,82810.0,1110.0,39,Personal Care and Service Occupations,39180.0,18.84,39520.0,19.0,49318.387299999995,661.0724538461537,19.648890769230768,False,False,False,False,1.7231277942398964,1.7231277942398961,1426.9221264100581,19.126718516062848,55906808.91274608,755887.9157548038,0.013404178239343074,1.1343086437712584
41-1011.00,First-Line Supervisors of Retail Sales Workers,56869491.416738465,480741.2359692308,51.08833538461539,4.189047619047619,81.6252380952381,1113160.0,9410.0,41,Sales and Related Occupations,47320.0,22.75,46900.0,22.55,9097139.548076924,76901.86778846153,36.74664846153846,False,False,False,False,15.996519964304362,15.99651996430436,178066.8616346504,1505.2725286410405,8426123892.551658,70597281.5932648,0.008453411908440834,0.7153574076595735
41-1012.00,First-Line Supervisors of Non-Retail Sales Workers,4413389.112338462,41310.660153846155,20.15154153846154,3.869444444444445,65.87777777777778,219010.0,2050.0,41,Sales and Related Occupations,84130.0,40.45,77110.0,37.07,748830.9054769231,7009.284307692307,17.140439010989013,False,False,False,False,16.96725320193103,16.96725320193103,37159.981237549146,347.8286906395861,3126269221.5150094,26821070.335218485,0.00936030318250308,0.7921017326574445
41-2011.00,Cashiers,335380479.4909423,2962783.4342884617,106.53662115384616,4.351071428571428,65.97714285714285,3148030.0,27810.0,41,Sales and Related Occupations,31190.0,14.99,30290.0,14.56,41505689.47965,366665.25555,99.58575307692308,False,False,False,False,12.37570223009087,12.37570223009087,389590.81891392963,3441.6827901882707,12151337641.925465,104248571.71480271,0.008834096244317875,0.7475722532863063
41-2012.00,Gambling Change Persons and Booth Cashiers,1475125.7347846155,16278.177283076922,67.26519538461538,4.5976923076923075,72.30153846153846,21930.0,242.0,41,Sales and Related Occupations,34810.0,16.74,34810.0,16.74,71105.86573846154,784.6611723076924,60.22051369230769,False,True,True,False,4.82032575676295,4.8203257567629505,1057.097438458115,11.665188331366338,36797561.832726985,406065.2058148622,0.011035111719106249,0.9338299136625913
41-2021.00,Counter and Rental Clerks,34984445.664684616,295764.3417038462,87.76389961538462,4.175625,80.68,398620.0,3370.0,41,Sales and Related Occupations,38540.0,18.53,37300.0,17.94,2401474.3847153853,20302.46519615385,73.35700307692308,False,False,False,False,6.864405992688279,6.864405992688277,27362.895168054016,231.330481953595,1054565979.7768018,8628626.976869093,0.008454166875721238,0.7154212956426065
41-2022.00,Parts Salespersons,23277127.263423078,281896.8479423077,87.81833269230769,4.196315789473684,91.28684210526316,265060.0,3210.0,41,Sales and Related Occupations,37440.0,18.0,37220.0,17.89,2999252.6858230773,36322.34634230769,78.84878807692309,False,False,False,False,12.884977823427574,12.88497782342757,34152.92221877713,413.6077881320252,1278685407.8710158,15394481.874273976,0.012110465554968685,1.0248301323519484
41-2031.00,Retail Salespersons,409196967.23596156,4261829.080507692,107.67632846153846,4.190833333333333,71.34708333333333,3800250.0,39580.0,41,Sales and Related Occupations,34580.0,16.62,34300.0,16.49,42485312.9025,442488.96379999997,75.75216692307693,False,False,False,False,10.382606984963562,10.382606984963562,394565.0219460778,4109.4358446485785,13644058458.89537,140953649.47144625,0.010415104269455955,0.8813627055441048
41-3011.00,Advertising Sales Agents,3465029.6338846153,29861.75123076923,35.54970384615385,4.1615,91.8895,97470.0,840.0,41,Sales and Related Occupations,61460.0,29.55,70790.0,34.04,281399.86377692304,2425.114246153846,35.54970384615385,False,False,False,False,8.121138735008394,8.121138735008394,7915.673925012682,68.2175653740705,486497319.4312794,4829121.452830451,0.008618036318867345,0.7292885035006036
41-3021.00,Insurance Sales Agents,10178141.677676924,102544.53892692308,21.679606538461538,3.9499999999999997,74.94684210526316,469480.0,4730.0,41,Sales and Related Occupations,60370.0,29.02,52440.0,25.21,0.0,0.0,20.996303076923077,False,False,False,False,0.0,0.0,0.0,0.0,0.0,0.0,,
41-3031.00,"Securities, Commodities, and Financial Services Sales Agents",45601353.559346154,306068.7926807692,96.55166961538461,4.191923076923077,81.99923076923076,472300.0,3170.0,41,Sales and Related Occupations,78140.0,37.57,63480.0,30.52,17078854.09870562,114630.46261464496,111.4057726331361,False,False,False,False,37.452515694471636,37.452515694471636,176888.23162498954,1187.244747514751,13822046419.176682,75366296.57223639,0.006711835697649799,0.5679791115482646
41-3041.00,Travel Agents,1348756.20425,10489.05923846154,22.80230269230769,4.445,96.6725,59150.0,460.0,41,Sales and Related Occupations,48450.0,23.29,41040.0,19.73,0.0,0.0,22.80230269230769,False,False,False,False,0.0,0.0,0.0,0.0,0.0,0.0,,
41-4011.00,"Sales Representatives, Wholesale and Manufacturing, Technical and Scientific Products",15070293.268099999,183039.9992076923,51.27170846153846,3.758787878787879,71.42272727272727,293930.0,3570.0,41,Sales and Related Occupations,100070.0,48.11,84340.0,40.55,383644.2376875558,13109.200384243175,47.759247543424316,False,False,False,False,2.545698553190293,7.161932059106049,7482.5717573922275,90.88143834889347,748780955.7622402,7664940.510345675,0.03417020013974368,2.8916023560579482
41-4011.07,Solar Sales Representatives and Assessors,7614757.57455,92486.93410384616,25.90670423076923,4.323846153846154,91.00923076923078,293930.0,3570.0,41,Sales and Related Occupations,100070.0,48.11,84340.0,40.55,54262.47065846153,4559.334876923077,25.906704230769233,False,False,False,False,0.7125961677337864,4.9297070133212175,2094.5339158199185,25.439683188096172,209600008.95609924,2145582.8800840313,0.08402372434569763,7.110382681083278
41-4012.00,"Sales Representatives, Wholesale and Manufacturing, Except Technical and Scientific Products",63420590.30246154,697353.1589230769,50.061246153846156,4.122222222222223,73.40388888888889,1266860.0,13930.0,41,Sales and Related Occupations,66780.0,32.11,61080.0,29.37,12121351.562276922,133282.62575384617,50.061246153846156,False,False,False,False,19.112643866082806,19.11264386608281,242130.44008185662,2662.391290545335,16169470788.666386,162618860.02650905,0.010995690131506246,0.9304939204545466
41-9011.00,Demonstrators and Product Promoters,4006248.654023077,37730.61106923077,61.85346076923077,4.055238095238095,71.55904761904762,64770.0,610.0,41,Sales and Related Occupations,37960.0,18.25,37300.0,17.93,299259.14777307695,2818.4048192307696,49.721325769230766,False,False,False,False,7.469809630327383,7.469809630327383,4838.195697563046,45.56583874499704,183657908.67949325,1699605.7851883895,0.00941794040450826,0.7969791968298876
41-9012.00,Models,84659.7663076923,632.9702153846154,15.824255384615384,3.6149999999999998,48.544,5350.0,40.0,41,Sales and Related Occupations,89990.0,43.26,89990.0,43.26,0.0,0.0,4.284176153846154,False,False,False,False,0.0,0.0,0.0,0.0,0.0,0.0,,
41-9021.00,Real Estate Brokers,920140.2375230769,7421.982153846154,18.554955384615386,3.927058823529412,81.55588235294118,49590.0,400.0,41,Sales and Related Occupations,72280.0,34.75,81230.0,39.05,324713.79415384616,2619.1876923076925,13.88573923076923,False,False,False,False,35.28959835817444,35.289598358174445,17500.111825818705,141.15839343269775,1264908082.770176,11466296.298538039,0.008066142367412786,0.6825852988429295
41-9022.00,Real Estate Sales Agents,7431746.105153846,199245.6589576923,38.99132269230769,3.8621212121212123,82.49636363636364,190600.0,5110.0,41,Sales and Related Occupations,56320.0,27.08,55380.0,26.63,1440306.8733846154,38614.733069230766,37.88484730769231,False,False,False,False,19.380463931427585,19.380463931427585,36939.16425330098,990.3417068959496,2080413730.7459111,54845123.72789769,0.02681007345225603,2.2687625838767396
41-9031.00,Sales Engineers,1047134.2031307692,7757.9178923076925,18.471233076923077,3.8244,75.5672,56690.0,420.0,41,Sales and Related Occupations,121520.0,58.42,110400.0,53.08,82731.2056153846,612.9318461538462,18.261494615384613,False,False,False,False,7.900726131190358,7.90072613119036,4478.921643771814,33.1830497509995,544278558.1511508,3663408.692510345,0.0074087140589169185,0.6269514062110059
41-9041.00,Telemarketers,5437613.98075,71213.67098076922,81.85479423076923,4.3275,76.20833333333333,66430.0,870.0,41,Sales and Related Occupations,34410.0,16.54,32090.0,15.43,3060397.57485,40080.474034615385,81.85479423076923,False,False,False,False,56.28199400848026,56.28199400848026,37388.12861983344,489.6533478737783,1286525505.8084688,15712975.933269545,0.013096492548547342,1.1082711998935026
41-9091.00,"Door-to-Door Sales Workers, News and Street Vendors, and Related Workers",76230.61584230768,8968.307746153845,16.607977307692305,3.9958333333333336,87.84750000000001,4590.0,540.0,41,Sales and Related Occupations,34530.0,16.6,33230.0,15.98,14376.369011538462,1691.3375307692309,16.281231153846154,False,True,True,False,18.859048759723695,18.859048759723695,865.6303380713176,101.83886330250796,29890215.5736026,3384105.4275423395,0.11764705882352942,9.955707344006138
43-1011.00,First-Line Supervisors of Office and Administrative Support Workers,38738608.64703077,486181.7383923077,25.902063846153847,3.7764285714285717,75.82392857142858,1495580.0,18770.0,43,Office and Administrative Support Occupations,66140.0,31.8,63970.0,30.76,6160815.172107693,77320.17062307692,16.183123846153848,False,False,False,False,15.903553037338902,15.903553037338899,237850.35851583316,2985.096905108512,15731422712.237206,190956649.0197915,0.012550314927987803,1.0620517312343432
43-2011.00,"Switchboard Operators, Including Answering Service",3402863.648203846,10476.210503846154,95.2382773076923,4.269473684210527,70.56368421052632,35730.0,110.0,43,Office and Administrative Support Occupations,38370.0,18.45,41290.0,19.85,353160.8718923077,1087.2570923076923,94.55295615384615,False,False,False,False,10.378343313247909,10.378343313247909,3708.1820658234774,11.416177644572699,142282945.86564684,471373.9749444067,0.0030786453960257487,0.26052578691983597
43-2021.00,Telephone Operators,262013.29296153848,2918.6290861538464,66.33247923076924,4.097857142857143,60.71357142857143,3950.0,44.0,43,Office and Administrative Support Occupations,39130.0,18.81,39130.0,18.81,0.0,0.0,66.33247923076924,False,False,False,False,0.0,0.0,0.0,0.0,0.0,0.0,,
43-3011.00,Bill and Account Collectors,9111713.600892307,174481.97175384616,55.21581384615385,4.1546666666666665,86.72866666666667,165020.0,3160.0,43,Office and Administrative Support Occupations,46040.0,22.14,44640.0,21.46,0.0,0.0,45.23401307692308,False,False,False,False,0.0,0.0,0.0,0.0,0.0,0.0,,
43-3021.00,Billing and Posting Clerks,22336201.9875,232189.5009,53.499885,4.180434782608696,65.63956521739131,417500.0,4340.0,43,Office and Administrative Support Occupations,47170.0,22.68,44780.0,21.53,8362973.246255062,86934.85961376519,62.00418218623482,False,False,False,False,37.441339628533214,37.441339628533214,156317.59294912618,1624.9541398783415,7373500859.410282,72765446.38375214,0.010395209580838323,0.879679147114698
43-3031.00,"Bookkeeping, Accounting, and Auditing Clerks",88562468.39933461,850480.0265307692,60.83548115384615,4.2942857142857145,64.5425,1455770.0,13980.0,43,Office and Administrative Support Occupations,49210.0,23.66,48210.0,23.18,2788142.2158615384,26774.99067692308,58.55404153846153,False,False,False,False,3.148220985993302,3.1482209859933024,45830.856647794695,440.1212938418636,2255336455.637977,21218247.57611624,0.009603165335183444,0.8126535810521233
43-3041.00,Gambling Cage Workers,1318084.4585307692,14558.531083846154,97.70826230769231,4.635882352941176,80.79823529411765,13490.0,149.0,43,Office and Administrative Support Occupations,36990.0,17.78,36990.0,17.78,74788.25388076922,826.0526188461538,86.18162704142011,False,True,True,False,5.674010750732433,5.6740107507324336,765.4240502738052,8.454276018591324,28313035.619628053,312723.6699276931,0.011045218680504077,0.9346852002360099
43-3051.00,Payroll and Timekeeping Clerks,2923872.9813076924,28502.87136923077,18.629327692307694,4.3376190476190475,75.65190476190476,156950.0,1530.0,43,Office and Administrative Support Occupations,55290.0,26.58,54790.0,26.34,384798.7216730769,3751.1439576923076,16.52492,False,False,False,False,13.1605826974391,13.1605826974391,20655.534543630667,201.35691527081823,1142044504.9173396,11032345.38768813,0.009748327492832111,0.8249377127034074
43-3061.00,Procurement Clerks,2010692.7201153846,20140.494692307693,33.567491153846156,4.123684210526316,83.48526315789474,59900.0,600.0,43,Office and Administrative Support Occupations,48510.0,23.32,49000.0,23.56,235302.91223076923,2356.9573846153844,27.844805,False,False,False,False,11.702579408417327,11.702579408417325,7009.845065641978,70.21547645050396,340047584.13429236,3440558.346074694,0.01001669449081803,0.8476478706916745
43-3071.00,Tellers,37789590.99916923,474402.2445230769,111.36202923076924,4.275714285714286,76.36857142857143,339340.0,4260.0,43,Office and Administrative Support Occupations,39340.0,18.91,38000.0,18.27,445115.2798538462,5587.879684615385,105.31896615384616,False,False,False,False,1.1778780031348624,1.1778780031348624,3997.0112158378415,50.17760293354514,157242421.23106068,1906748.9114747152,0.01255378086874521,1.0623450313150886
43-4011.00,Brokerage Clerks,1266729.9131115384,10111.089353846155,31.59715423076923,3.9850000000000003,62.011,40090.0,320.0,43,Office and Administrative Support Occupations,62940.0,30.26,59140.0,28.43,0.0,0.0,31.59715423076923,False,False,False,False,0.0,0.0,0.0,0.0,0.0,0.0,,
43-4021.00,Correspondence Clerks,172550.59425384615,2480.7593423076924,27.563992692307693,3.725882352941176,65.38882352941175,6260.0,90.0,43,Office and Administrative Support Occupations,46740.0,22.47,45900.0,22.07,57532.08698461538,827.1386307692308,24.22993846153846,False,False,False,False,33.34215522896293,33.34215522896293,2087.2189173330794,30.007939706066637,97556612.19614813,1377364.4325084586,0.014376996805111822,1.2166319677579387
43-4031.00,"Court, Municipal, and License Clerks",13927584.067615384,108956.45438461538,81.92214615384616,4.368888888888889,81.09629629629629,170010.0,1330.0,43,Office and Administrative Support Occupations,47700.0,22.93,47330.0,22.760000000000005,4285870.102869231,33528.65853076923,89.01225423076923,False,False,False,False,30.772530842838684,30.772530842838684,52316.37968591005,409.27466020975453,2495491311.017909,19370969.667727683,0.007823069231221691,0.6620155962825091
43-4041.00,"Credit Authorizers, Checkers, and Clerks",273809.2592,4120.875138461538,22.893750769230767,3.9545454545454546,61.89545454545455,11960.0,180.0,43,Office and Administrative Support Occupations,49130.0,23.62,49800.0,23.94,40128.996999999996,603.9481153846153,31.21875104895105,False,False,False,False,14.65582176338615,14.655821763386154,1752.8362829009836,26.380479174095072,86116846.57892533,1313747.8628699346,0.015050167224080268,1.2735980130710192
43-4051.00,Customer Service Representatives,142807148.95564616,2554982.943276923,52.388413846153846,4.053846153846154,67.59538461538462,2725930.0,48770.0,43,Office and Administrative Support Occupations,42830.0,20.59,40150.0,19.3,0.0,0.0,49.372125,False,False,False,False,0.0,0.0,0.0,0.0,0.0,0.0,,
43-4061.00,"Eligibility Interviewers, Government Programs",6132944.1059,82029.01050384615,39.248330384615386,4.205294117647059,69.24352941176471,156260.0,2090.0,43,Office and Administrative Support Occupations,51500.0,24.76,49000.0,23.56,2507240.2007,33534.69870384615,34.75226730769231,False,False,False,False,40.881510697089034,40.881510697089034,63881.44861527133,854.4235735691608,3289894603.6864734,41866755.10488888,0.013375143990784589,1.1318516636776463
43-4071.00,File Clerks,3278874.6576384613,24078.846561538463,41.51525269230769,3.9157894736842107,80.73947368421052,78980.0,580.0,43,Office and Administrative Support Occupations,41270.0,19.84,38670.0,18.59,470082.61122307694,3452.113376923077,38.11964384615385,False,False,False,False,14.336705739207604,14.3367057392076,11323.130192826164,83.1528932874041,467305583.0579358,3215522.3834239165,0.007343631299063054,0.6214438744739207
43-4081.00,"Hotel, Motel, and Resort Desk Clerks",24055810.4496,325737.55495384615,92.01625846153847,4.441,89.80449999999999,261430.0,3540.0,43,Office and Administrative Support Occupations,34270.0,16.48,34270.0,16.48,1760608.9823000003,23840.247092307694,82.46385884615385,False,False,False,False,7.3188512438136355,7.3188512438136355,19133.672806701987,259.0873340310027,655710967.085677,8878922.937242461,0.013540909612515778,1.1458793328276964
43-4111.00,"Interviewers, Except Eligibility and Loan",9244608.877726924,42312.11233846154,58.76682269230769,4.06125,76.28812500000001,157310.0,720.0,43,Office and Administrative Support Occupations,43830.0,21.07,41030.0,19.73,3428773.3513346156,15693.324092307696,57.40889307692308,False,False,False,False,37.08943662933728,37.089436629337285,58345.39276161048,267.0439437312284,2557278564.7413874,10956813.011292301,0.004576949971394064,0.38731758276853073
43-4121.00,"Library Assistants, Clerical",5747966.704696153,59583.01941923077,71.78677038461538,3.8578125,77.878125,80070.0,830.0,43,Office and Administrative Support Occupations,36010.0,17.31,33450.0,16.08,733475.6301,7603.1569,63.17367846153846,False,False,False,False,12.760610278078719,12.760610278078719,10217.42064965763,105.91306530805338,367929317.5941712,3542792.0345543856,0.010365929811415013,0.877201390183131
43-4131.00,Loan Interviewers and Clerks,5640092.733115384,86018.74532307693,32.582858076923074,4.349444444444444,79.50555555555555,173100.0,2640.0,43,Office and Administrative Support Occupations,48950.0,23.53,47120.0,22.66,512006.6312307693,7808.7666461538465,30.37234576923077,False,False,False,False,9.077982498843689,9.077982498843687,15713.987705498424,239.65873796947338,769199698.1841478,11292719.733121585,0.015251299826689773,1.2906185603668268
43-4141.00,New Accounts Clerks,1391566.0566076923,5488.690730769231,36.59127153846154,4.082666666666666,77.24933333333334,38030.0,150.0,43,Office and Administrative Support Occupations,46610.0,22.41,38480.0,18.5,564319.1544461539,2225.818384615385,33.79868846153846,False,False,False,False,40.552811112814155,40.552811112814155,15422.234066203222,60.82921666922123,718830329.8257322,2340708.257431633,0.003944254535892717,0.33377667272174144
43-4151.00,Order Clerks,4634810.226884616,46670.34992307692,55.55994038461539,4.126315789473685,68.35157894736842,83420.0,840.0,43,Office and Administrative Support Occupations,44660.0,21.47,41960.0,20.17,382418.2312538462,3850.7709692307694,46.74460461538462,False,False,False,False,8.251000850813618,8.251000850813618,6882.98490974872,69.30840714683438,307394106.06937784,2908180.7638811707,0.01006952769120115,0.8521188016806979
43-4161.00,"Human Resources Assistants, Except Payroll and Timekeeping",2650453.128946154,16318.408765384616,28.62878730769231,3.7263157894736842,68.50631578947369,92580.0,570.0,43,Office and Administrative Support Occupations,49440.0,23.77,47120.0,22.65,1441226.1888000001,8873.3952,27.757440384615386,False,False,False,False,54.37659595108727,54.37659595108727,50341.85253151659,309.9465969211974,2488901189.15818,14604683.646926822,0.006156837329876864,0.5210132002777029
43-4171.00,Receptionists and Information Clerks,74812123.07148461,937740.2133,77.56329307692307,3.9883333333333337,69.14777777777778,964530.0,12090.0,43,Office and Administrative Support Occupations,37230.0,17.9,36090.0,17.35,28231844.294284612,353874.94169999997,74.57219923076923,False,False,False,False,37.73699119233452,37.73699119233452,363984.60114742414,4562.402235153244,13551146700.718601,164657096.66668057,0.012534602345183665,1.0607220772882033
43-4181.00,Reservation and Transportation Ticket Agents and Travel Clerks,16674512.812615385,461872.4908076923,130.84206538461538,4.259047619047619,71.39571428571428,127440.0,3530.0,43,Office and Administrative Support Occupations,41460.0,19.94,37540.0,18.05,2366324.545846154,65545.55592307693,127.97751500000001,False,False,False,False,14.191266470201583,14.191266470201583,18085.349989624898,500.95170639811585,749818610.5698483,18805727.05818527,0.027699309478970497,2.344012859831326
43-5011.00,Cargo and Freight Agents,3079296.4947692305,20780.52849230769,31.48564923076923,3.171666666666667,62.88625,97800.0,660.0,43,Office and Administrative Support Occupations,49900.0,23.99,55220.0,26.55,64874.09710576922,876.6340661538461,27.485135384615383,False,False,False,False,2.1067830660662326,4.218535955321583,2060.4338386127756,13.904768236037135,102815648.5467775,767821.3019939706,0.013512851897184824,1.1435049904057968
43-5011.01,Freight Forwarders,12434049.117461538,83910.76091538461,127.13751653846154,4.2945161290322575,77.40709677419355,97800.0,660.0,43,Office and Administrative Support Occupations,49900.0,23.99,55220.0,26.55,733735.9912788462,9894.806695384616,110.93625384615385,False,False,False,False,5.901022139669989,11.792059310917837,5771.199652597249,38.946746121821924,287982862.66460276,2150639.3208470065,0.013485513608428446,1.141191528387569
43-5021.00,Couriers and Messengers,3492582.4700307692,50504.5296,48.562047692307694,4.294666666666667,79.57400000000001,71920.0,1040.0,43,Office and Administrative Support Occupations,38340.0,18.43,41600.0,20.0,445498.48184615385,6442.136,34.30886076923077,False,False,False,False,12.755560839834057,12.755560839834057,9173.799356008654,132.6578327342742,351723467.3093718,5518565.841745807,0.01446051167964405,1.2236992897805097
43-5031.00,Public Safety Telecommunicators,11248012.799999999,93418.33846153846,111.21230769230769,4.562777777777778,88.74,101140.0,840.0,43,Office and Administrative Support Occupations,50730.0,24.39,51760.0,24.88,0.0,0.0,109.79448384615384,False,True,True,False,0.0,0.0,0.0,0.0,0.0,0.0,,
43-5032.00,"Dispatchers, Except Police, Fire, and Ambulance",13565174.905384615,135651.74905384614,64.28992846153847,4.355833333333334,79.05916666666667,211000.0,2110.0,43,Office and Administrative Support Occupations,48880.0,23.5,49660.0,23.87,2480703.9523076923,24807.03952307692,64.28992846153847,False,False,False,False,18.287297949420406,18.287297949420406,38586.19867327705,385.8619867327706,1886093391.1497824,19161906.261149388,0.009999999999999998,0.8462351242405215
43-5041.00,"Meter Readers, Utilities",451446.1938,4831.9929,23.00949,4.058333333333334,83.40583333333333,19620.0,210.0,43,Office and Administrative Support Occupations,49180.0,23.64,53650.0,25.790000000000003,0.0,0.0,21.455852307692307,False,False,False,False,0.0,0.0,0.0,0.0,0.0,0.0,,
43-5051.00,Postal Service Clerks,6591046.388653846,54038.81230769231,84.43564423076923,4.278421052631579,63.823684210526324,78060.0,640.0,43,Office and Administrative Support Occupations,61630.0,29.630000000000003,59550.0,28.630000000000003,1216521.056146154,9974.038892307692,69.77965307692308,False,False,False,False,18.457176363381897,18.457176363381897,14407.67186925591,118.12592872564416,887944817.3022417,7034399.05561211,0.008198821419420957,0.6938130662489543
43-5052.00,Postal Service Mail Carriers,11173709.337461539,80800.24309615385,33.25112884615385,4.247142857142857,87.46285714285715,336040.0,2430.0,43,Office and Administrative Support Occupations,57490.0,27.640000000000004,58390.0,28.07,378758.05103076925,2738.9062730769233,29.47215153846154,False,False,False,False,3.389725288100398,3.389725288100398,11390.832858132579,82.37032450083967,654858981.0140419,4809603.247604028,0.007231281990239258,0.6119364813428365
43-5053.00,"Postal Service Mail Sorters, Processors, and Processing Machine Operators",6161782.61895,48444.28396923077,55.050322692307695,4.217142857142857,48.58571428571429,111930.0,880.0,43,Office and Administrative Support Occupations,56530.0,27.18,55410.0,26.640000000000004,0.0,0.0,43.88603576923077,False,False,False,False,0.0,0.0,0.0,0.0,0.0,0.0,,
43-5061.00,"Production, Planning, and Expediting Clerks",8126480.936538462,105327.63603461538,21.107742692307692,3.7570588235294116,65.12235294117647,385000.0,4990.0,43,Office and Administrative Support Occupations,57770.0,27.78,53110.0,25.53,722351.0673076923,9362.420326923077,18.43705153846154,False,False,False,False,8.88885451093402,8.88885451093402,34222.08986709598,443.55384009560765,1977010131.6221347,23557144.44747772,0.012961038961038961,1.0968086415481046
43-5071.00,"Shipping, Receiving, and Inventory Clerks",21930113.678,388673.12,25.5706,3.919090909090909,74.1509090909091,857630.0,15200.0,43,Office and Administrative Support Occupations,43190.0,20.77,38110.0,18.32,1613931.6752153845,28604.131692307692,20.193144615384615,False,True,True,False,7.359431414322577,7.359431414322579,63116.69163865471,1118.6335749770317,2726009911.873497,42631125.54237468,0.0177232606135513,1.4998045647255729
43-5111.00,"Weighers, Measurers, Checkers, and Samplers, Recordkeeping",3261974.5708,15745.6536,65.60688999999999,4.027222222222222,62.29555555555555,49720.0,240.0,43,Office and Administrative Support Occupations,45650.0,21.95,46530.0,22.37,0.0,0.0,44.461964615384616,False,False,False,False,0.0,0.0,0.0,0.0,0.0,0.0,,
43-6011.00,Executive Secretaries and Executive Administrative Assistants,19341519.47235,284740.9428,40.911055,3.8595454545454544,74.64999999999999,472770.0,6960.0,43,Office and Administrative Support Occupations,74260.0,35.7,55900.0,26.88,10187476.889780771,149977.45024615384,35.58472807692308,False,False,False,False,52.67154374476345,52.67154374476344,249015.25736211814,3665.939444635536,18491873011.71089,204926014.95512646,0.01472174630369947,1.245805881234856
43-6012.00,Legal Secretaries and Administrative Assistants,6852306.631361539,47000.42079230769,44.34001961538462,3.9692857142857143,74.58714285714287,154540.0,1060.0,43,Office and Administrative Support Occupations,54140.0,26.03,46050.0,22.140000000000004,2400133.9926923076,16462.67653846154,44.34001961538462,False,True,True,False,35.02665776378729,35.02665776378729,54130.19690815688,371.2825722961453,2930608860.6076136,17097562.45423749,0.0068590656140804975,0.58043822421053
43-6013.00,Medical Secretaries and Administrative Assistants,70196644.32447693,435159.03301923076,84.49689961538462,4.354,75.61466666666666,830760.0,5150.0,43,Office and Administrative Support Occupations,44640.0,21.46,40470.0,19.46,30554056.49487692,189408.96401923077,82.81424076923076,False,True,True,False,43.52637763372829,43.526377633728295,361599.73482996115,2241.6084481370067,16141812162.809465,90717893.89610466,0.006199142953440224,0.5245932507389243
43-6014.00,"Secretaries and Administrative Assistants, Except Legal, Medical, and Executive",106276655.47245385,911823.3954576923,61.155157307692306,3.7761290322580647,72.94709677419355,1737820.0,14910.0,43,Office and Administrative Support Occupations,46290.0,22.26,45150.0,21.71,36049561.99142308,309294.9610961538,57.50506576923077,False,False,False,False,33.92048971729908,33.92048971729908,589477.0544051668,5057.545016849293,27286892848.41517,228348157.51074556,0.008579714815113187,0.7260456032515553
43-9021.00,Data Entry Keyers,6299847.295846154,113162.54382692308,46.56894807692308,4.275555555555555,75.48333333333333,135280.0,2430.0,43,Office and Administrative Support Occupations,39850.0,19.16,41600.0,20.0,2451357.1614153846,44033.10099230769,46.56894807692308,False,False,False,False,38.911374296829436,38.911374296829436,52639.307148750864,945.5463954129553,2097676389.877722,39334730.04917894,0.017962743938497932,1.5200704848495474
43-9022.00,Word Processors and Typists,1939683.0043153847,2153.408830769231,53.83522076923077,3.91421052631579,84.50421052631579,36030.0,40.0,43,Office and Administrative Support Occupations,47850.0,23.01,39520.0,19.0,567430.1231769231,629.9529538461538,53.83522076923077,False,False,False,False,29.25375548038061,29.253755480380605,10540.128099581134,11.701502192152246,504345129.56495726,462443.3666338567,0.0011101859561476546,0.09394783505306928
43-9031.00,Desktop Publishers,272076.3538461538,2992.839892307692,68.01908846153846,4.098888888888889,74.3138888888889,4000.0,44.0,43,Office and Administrative Support Occupations,53620.0,25.78,53620.0,25.78,9116.581538461538,100.28239692307693,64.94928884615385,False,False,False,False,3.350743792904741,3.350743792904741,134.02975171618965,1.474327268878086,7186675.287022089,79053.42815724298,0.011000000000000001,0.9308586366645739
43-9041.00,Insurance Claims and Policy Processing Clerks,19259989.83368077,163954.16325,84.07905807692308,4.281428571428571,74.64666666666666,229070.0,1950.0,43,Office and Administrative Support Occupations,48450.0,23.29,43480.0,20.91,6865273.273480769,58441.88625,100.09411675824175,False,False,False,False,35.64525907212667,35.64525907212667,81652.59495652057,695.08255190647,3956068225.6434216,30222189.356893316,0.00851268171301349,0.7203730267031987
43-9051.00,"Mail Clerks and Mail Machine Operators, Except Postal Service",5204385.595419231,65542.23848846155,82.96485884615385,3.981923076923077,55.45730769230769,62730.0,790.0,43,Office and Administrative Support Occupations,38150.0,18.34,41170.0,19.79,889119.0962307693,11197.259461538462,62.22324346153846,False,False,False,False,17.08403576040464,17.084035760404635,10716.815632501828,134.96388250719664,408846516.37994474,5556463.042821286,0.012593655348318189,1.0657193498326354
43-9061.00,"Office Clerks, General",125023837.32138462,1840087.147846154,49.79938153846154,3.7920000000000003,71.62,2510550.0,36950.0,43,Office and Administrative Support Occupations,43630.0,20.97,41530.0,19.97,49164147.964211546,723592.5463653847,46.39572961538462,False,False,False,False,39.32381937520509,39.32381937520509,987244.1473242114,14530.151259138282,43073462147.75535,603437181.7920128,0.014717890502081218,1.2454795897587094
43-9071.00,"Office Machine Operators, Except Computer",1608114.1303461539,11050.097096153846,65.00057115384615,3.993333333333333,81.65277777777777,24740.0,170.0,43,Office and Administrative Support Occupations,39020.0,18.76,38270.0,18.4,74652.72163076923,512.9734307692307,48.2178826923077,False,False,False,False,4.642252699732195,4.642252699732195,1148.493317913745,7.891829589544732,44814209.26499433,302020.3183918769,0.0068714632174616,0.5814873529542792
43-9081.00,Proofreaders and Copy Markers,232392.726,2567.12895,45.03735,4.180909090909091,80.63909090909091,5160.0,57.0,43,Office and Administrative Support Occupations,49210.0,23.66,49210.0,23.66,0.0,0.0,43.83343153846154,False,False,False,False,0.0,0.0,0.0,0.0,0.0,0.0,,
43-9111.00,Statistical Assistants,112455.41826923077,953.0120192307693,19.060240384615383,4.1850000000000005,74.61142857142856,5900.0,50.0,43,Office and Administrative Support Occupations,51440.0,24.73,51430.0,24.73,41012.091346153844,347.5600961538462,19.060240384615383,False,False,False,False,36.469644573253326,36.469644573253326,2151.7090298219464,18.234822286626663,110683912.49404092,937816.9102012092,0.008474576271186442,0.7171484103733236
45-1011.00,"First-Line Supervisors of Farming, Fishing, and Forestry Workers",988615.6641423077,4352.18545,33.478349615384616,3.924074074074074,88.49851851851852,29530.0,130.0,45,"Farming, Fishing, and Forestry Occupations",59330.0,28.53,57190.0,27.5,60954.08827307692,268.33835,23.222880461538463,False,False,False,False,6.165600089490671,6.165600089490672,1820.7017064265954,8.015280116337873,108022232.2422899,458393.86985336296,0.0044023027429732475,0.37253832086443556
45-2011.00,Agricultural Inspectors,670705.7886,6102.368630769231,55.476078461538464,4.264375,48.215625,12090.0,110.0,45,"Farming, Fishing, and Forestry Occupations",50990.0,24.51,51330.0,24.68,41976.62414999999,381.92131153846145,50.247975000000004,False,False,False,False,6.258574901764311,6.258574901764311,756.6617056233051,6.8844323919407415,38582180.36973233,353377.91467831825,0.009098428453267164,0.7699409732544036
45-2021.00,Animal Breeders,29110.52701923077,319.7109903846154,16.82689423076923,3.9780952380952384,60.857619047619046,1730.0,19.0,45,"Farming, Fishing, and Forestry Occupations",52000.0,25.0,52000.0,25.0,3339.313203846154,36.67453807692308,8.40672,False,False,False,False,11.471153379120079,11.471153379120077,198.45095345877738,2.179519142032815,10319449.579856424,113334.99538570637,0.010982658959537572,0.9293911769115556
45-2041.00,"Graders and Sorters, Agricultural Products",856949.0463653846,3508.1650576923075,31.892409615384615,4.434,79.6,26870.0,110.0,45,"Farming, Fishing, and Forestry Occupations",35430.0,17.03,42660.0,20.51,0.0,0.0,10.685899615384615,False,False,False,False,0.0,0.0,0.0,0.0,0.0,0.0,,
45-2091.00,Agricultural Equipment Operators,1243667.4411,2411.7662076923075,40.19610346153846,4.152352941176471,64.75470588235294,30940.0,60.0,45,"Farming, Fishing, and Forestry Occupations",42580.0,20.47,42060.0,20.22,0.0,0.0,13.074253461538461,False,False,False,False,0.0,0.0,0.0,0.0,0.0,0.0,,
45-2092.00,"Farmworkers and Laborers, Crop, Nursery, and Greenhouse",9849089.54535,29356.4517,37.63647653846154,3.6076923076923078,60.689230769230775,261690.0,780.0,45,"Farming, Fishing, and Forestry Occupations",35690.0,17.16,33200.0,15.96,1262331.9687,3762.5394,9.670256923076924,False,False,False,False,12.81673765770541,12.81673765770541,33540.12077644929,99.9705537301022,1197046910.511475,3319022.383839393,0.0029806259314456036,0.25223103554113907
45-2093.00,"Farmworkers, Farm, Ranch, and Aquacultural Animals",458327.0076,2329.1603999999998,12.939779999999999,4.072631578947369,69.9042105263158,35420.0,180.0,45,"Farming, Fishing, and Forestry Occupations",36150.0,17.38,42120.0,20.25,15708.974346153844,79.83103846153845,1.7539865384615383,False,False,False,False,3.4274598890457884,3.4274598890457892,1214.0062927000183,6.16942780028242,43886327.48110566,259856.29894789553,0.005081874647092039,0.4300460823356689
45-4011.00,Forest and Conservation Workers,62362.700146153846,686.7650815384616,11.076856153846153,3.3182352941176467,54.188235294117646,5630.0,62.0,45,"Farming, Fishing, and Forestry Occupations",43680.0,21.0,43680.0,21.0,0.0,0.0,4.113018846153846,False,False,False,False,0.0,0.0,0.0,0.0,0.0,0.0,,
45-4021.00,Fallers,399324.0179769231,4372.160780769231,97.15912846153847,4.198333333333334,82.89055555555555,4110.0,45.0,45,"Farming, Fishing, and Forestry Occupations",53900.0,25.92,53900.0,25.92,0.0,0.0,23.024639999999998,False,False,False,False,0.0,0.0,0.0,0.0,0.0,0.0,,
45-4022.00,Logging Equipment Operators,1034312.3838153846,11390.296233846153,45.928613846153844,3.968888888888889,78.44666666666666,22520.0,248.0,45,"Farming, Fishing, and Forestry Occupations",49210.0,23.66,49210.0,23.66,0.0,0.0,11.856291923076922,False,False,False,False,0.0,0.0,0.0,0.0,0.0,0.0,,
45-4023.00,Log Graders and Scalers,195706.00843846155,2128.524563076923,59.12568230769231,4.275833333333334,64.65083333333334,3310.0,36.0,45,"Farming, Fishing, and Forestry Occupations",46710.0,22.46,46710.0,22.46,0.0,0.0,46.03159153846154,False,False,False,False,0.0,0.0,0.0,0.0,0.0,0.0,,
47-1011.00,First-Line Supervisors of Construction Trades and Extraction Workers,21333744.593107693,350675.01471153845,26.466038846153847,4.024666666666667,95.12466666666666,806080.0,13250.0,47,Construction and Extraction Occupations,78690.0,37.83,76080.0,36.58,0.0,0.0,13.78924076923077,False,False,False,False,0.0,0.0,0.0,0.0,0.0,0.0,,
47-1011.03,Solar Energy Installation Managers,11264566.200123077,185162.14538461537,13.974501538461539,3.8666666666666667,85.71933333333332,806080.0,13250.0,47,Construction and Extraction Occupations,78690.0,37.83,76080.0,36.58,36430.45650461538,1197.6117784615383,4.9784788461538465,False,False,False,False,0.32340754057814797,0.6467908308006917,2606.923503092335,42.8514991266046,205138810.45833585,3260142.053552078,0.03287391631531745,2.7819062657365174
47-2011.00,Boilermakers,215728.63335000002,2375.77256,21.212255,3.8823529411764706,82.10764705882353,10170.0,112.0,47,Construction and Extraction Occupations,73340.0,35.26,73340.0,35.26,22562.125442307693,248.47178461538465,8.936214903846153,False,False,False,False,10.458567827527423,10.458567827527423,1063.636348059539,11.713595966830715,78007089.76668659,859075.1282073646,0.011012782694198624,0.931940353145904
47-2021.00,Brickmasons and Blockmasons,2446317.0056307693,82732.3202576923,45.70846423076923,3.9378571428571427,89.02785714285713,53520.0,1810.0,47,Construction and Extraction Occupations,60800.0,29.23,56340.0,27.09,288425.0642769231,9754.28561923077,12.801593846153846,False,False,False,False,11.79017533758076,11.790175337580761,6310.101840673223,213.40217361021175,383654191.9129319,12023078.46119933,0.033819133034379674,2.8618938245055014
47-2022.00,Stonemasons,320578.1822115385,12090.377157692308,36.63750653846154,3.9741176470588235,80.62941176470588,8750.0,330.0,47,Construction and Extraction Occupations,51990.0,25.0,50630.0,24.34,0.0,0.0,0.2572238461538461,False,False,False,False,0.0,0.0,0.0,0.0,0.0,0.0,,
47-2031.00,Carpenters,36436207.4186077,733173.3197999999,52.220321923076924,3.8075862068965516,70.00586206896551,697740.0,14040.0,47,Construction and Extraction Occupations,59310.0,28.51,51720.0,24.86,3593281.028261538,72304.3908,20.131238461538462,False,False,False,False,9.861841511052758,9.86184151105276,68810.0129592195,1384.6025481518072,4081121868.6113086,71611643.79041147,0.02012210852179895,1.7028035004925794
47-2041.00,Carpet Installers,457156.4365846154,10681.225153846153,30.517786153846156,4.1606250000000005,94.120625,14980.0,350.0,47,Construction and Extraction Occupations,49850.0,23.97,43270.0,20.81,89175.2082846154,2083.532903846154,10.562204615384616,False,False,False,False,19.50649737119252,19.506497371192523,2922.0733062046393,68.27274079917382,145665354.31430128,2954161.494380251,0.02336448598130841,1.977184869720845
47-2042.00,"Floor Layers, Except Carpet, Wood, and Hard Tiles",492227.1082884615,5150.0623,19.80793192307692,3.919285714285714,88.86642857142859,24850.0,260.0,47,Construction and Extraction Occupations,54340.0,26.13,43930.0,21.12,31585.33444230769,330.47029999999995,3.0838807692307686,False,False,False,False,6.416821404276993,6.416821404276993,1594.5801189628328,16.683735651120184,86649483.66444033,732916.5071537097,0.010462776659959759,0.8853969106741877
47-2043.00,Floor Sanders and Finishers,54870.24316153847,609.6693684615385,13.253681923076925,4.3757142857142854,98.85142857142857,4140.0,46.0,47,Construction and Extraction Occupations,49150.0,23.63,49150.0,23.63,0.0,0.0,3.454294615384616,False,False,False,False,0.0,0.0,0.0,0.0,0.0,0.0,,
47-2044.00,Tile and Stone Setters,2043779.9709,102874.83075,52.756323461538464,4.0856,82.2688,38740.0,1950.0,47,Construction and Extraction Occupations,52240.0,25.11,48790.0,23.46,48780.588500000005,2455.3987500000003,7.459883461538462,False,True,True,False,2.3867827845733784,2.3867827845733784,924.6396507437269,46.54226429918088,48303175.35485229,2270797.075157035,0.05033557046979866,4.259572773022761
47-2051.00,Cement Masons and Concrete Finishers,7562715.1595653845,210044.7128076923,36.84994961538462,3.506153846153846,76.86999999999999,205230.0,5700.0,47,Construction and Extraction Occupations,54660.0,26.28,55540.0,26.7,0.0,0.0,4.467445769230769,False,False,False,False,0.0,0.0,0.0,0.0,0.0,0.0,,
47-2053.00,Terrazzo Workers and Finishers,46764.425153846154,516.021243076923,32.25132769230769,3.7911538461538465,79.07538461538462,1450.0,16.0,47,Construction and Extraction Occupations,57260.0,27.53,57260.0,27.53,0.0,0.0,6.097018461538461,False,False,False,False,0.0,0.0,0.0,0.0,0.0,0.0,,
47-2061.00,Construction Laborers,49743555.551053844,1045514.8534499999,47.03170730769231,3.6237037037037036,55.64888888888889,1057660.0,22230.0,47,Construction and Extraction Occupations,46730.0,22.47,46100.0,22.16,0.0,0.0,11.263110384615384,False,False,False,False,0.0,0.0,0.0,0.0,0.0,0.0,,
47-2071.00,"Paving, Surfacing, and Tamping Equipment Operators",2486537.126,29394.2655,54.433825,3.6915,74.20750000000001,45680.0,540.0,47,Construction and Extraction Occupations,51650.0,24.83,47890.0,23.02,0.0,0.0,8.951925,False,False,False,False,0.0,0.0,0.0,0.0,0.0,0.0,,
47-2072.00,Pile Driver Operators,63741.94363076922,691.9355723076923,20.967744615384614,4.516,97.92999999999999,3040.0,33.0,47,Construction and Extraction Occupations,70510.0,33.9,70510.0,33.9,0.0,0.0,6.989310384615385,False,True,True,False,0.0,0.0,0.0,0.0,0.0,0.0,,
47-2073.00,Operating Engineers and Other Construction Equipment Operators,26309389.178419232,354327.65701538464,56.06450269230769,4.098076923076923,75.92769230769231,469270.0,6320.0,47,Construction and Extraction Occupations,58710.0,28.23,59760.0,28.73,0.0,0.0,10.866396538461538,False,False,False,False,0.0,0.0,0.0,0.0,0.0,0.0,,
47-2081.00,Drywall and Ceiling Tile Installers,3987861.870269231,88031.20895769232,48.10448576923077,3.566153846153846,81.29307692307692,82900.0,1830.0,47,Construction and Extraction Occupations,58140.0,27.95,50860.0,24.45,567862.6405384617,12535.447915384619,14.65739576923077,False,False,False,False,14.239777078841595,14.239777078841595,11804.775198359683,260.58792054280116,686329630.032632,13253501.638806866,0.022074788902291916,1.8680461729314288
47-2082.00,Tapers,538785.7211538461,17241.143076923076,43.102857692307694,4.016875,94.646875,12500.0,400.0,47,Construction and Extraction Occupations,64700.0,31.11,54580.0,26.24,0.0,0.0,0.0,False,False,False,False,0.0,0.0,0.0,0.0,0.0,0.0,,
47-2111.00,Electricians,37731727.338130765,577220.531876923,50.81166653846154,4.097619047619047,92.97857142857143,742580.0,11360.0,47,Construction and Extraction Occupations,62350.0,29.98,61430.0,29.53,0.0,0.0,25.608549230769228,False,False,False,False,0.0,0.0,0.0,0.0,0.0,0.0,,
47-2121.00,Glaziers,1609170.135,20890.9807,28.231055,3.8777777777777778,81.92629629629629,57000.0,740.0,47,Construction and Extraction Occupations,55440.0,26.65,50640.0,24.35,103253.85576923078,1340.4886538461537,9.127597307692309,False,False,False,False,6.416590360672508,6.416590360672507,3657.4565055833295,47.48276866897656,202769388.66953978,2404527.4053969732,0.012982456140350875,1.0986210384876947
47-2131.00,"Insulation Workers, Floor, Ceiling, and Wall",982334.4943499999,8904.871096153845,25.442488846153847,3.754,84.46900000000001,38610.0,350.0,47,Construction and Extraction Occupations,48680.0,23.41,48330.0,23.23,216358.69365,1961.293519230769,7.427906153846154,False,False,False,False,22.02495126603105,22.024951266031046,8503.833683814588,77.08732943110867,413966623.72809416,3725630.631405482,0.009065009065009065,0.7671129072369401
47-2132.00,"Insulation Workers, Mechanical",925927.0146923077,12639.409326923078,36.11259807692308,4.32,95.58777777777777,25640.0,350.0,47,Construction and Extraction Occupations,57250.0,27.52,45800.0,22.02,225288.424,3075.31,10.554392692307692,False,False,False,False,24.331121181820684,24.331121181820684,6238.499471018823,85.15892413637239,357154094.71582764,3900278.7254458554,0.013650546021840874,1.155157150874347
47-2141.00,"Painters, Construction and Maintenance",5070780.792084616,75774.44755769231,22.619238076923075,3.7915789473684205,83.41947368421053,224180.0,3350.0,47,Construction and Extraction Occupations,48660.0,23.4,45900.0,22.07,0.0,0.0,3.449241153846154,False,False,False,False,0.0,0.0,0.0,0.0,0.0,0.0,,
47-2142.00,Paperhangers,80791.51236923077,903.5892830769232,53.15231076923077,4.074,77.949,1520.0,17.0,47,Construction and Extraction Occupations,48260.0,23.2,48260.0,23.2,0.0,0.0,12.819873846153847,False,False,False,False,0.0,0.0,0.0,0.0,0.0,0.0,,
47-2151.00,Pipelayers,1206918.9409153846,25518.536273076923,35.941600384615384,4.226428571428571,95.25071428571428,33580.0,710.0,47,Construction and Extraction Occupations,48710.0,23.42,51180.0,24.61,0.0,0.0,3.3243934615384614,False,False,False,False,0.0,0.0,0.0,0.0,0.0,0.0,,
47-2152.00,"Plumbers, Pipefitters, and Steamfitters",21044260.370907694,312474.5420692308,46.155766923076925,3.7613333333333334,83.83933333333333,455940.0,6770.0,47,Construction and Extraction Occupations,62970.0,30.27,61680.0,29.65,704975.3048076923,20935.57403846154,12.579623461538462,False,False,False,False,3.3499647523002247,6.6999295046004494,15273.829291637645,226.7926137307252,961793030.4944226,13988568.41491113,0.02969688994165899,2.5130551349336896
47-2152.04,Solar Thermal Installers and Technicians,8654437.034584615,128504.93206153846,18.981526153846154,4.198095238095238,84.58809523809524,455940.0,6770.0,47,Construction and Extraction Occupations,62970.0,30.27,61680.0,29.65,243041.88582692307,7217.588134615385,6.116284230769231,True,False,True,False,2.8082922650622564,5.616584530124513,12804.12775332485,190.12138634471478,806275924.6268659,11726687.109742008,0.02969688994165899,2.5130551349336896
47-2161.00,Plasterers and Stucco Masons,317491.2335076923,18246.622615384615,15.205518846153847,3.948,80.27066666666666,20880.0,1200.0,47,Construction and Extraction Occupations,56020.0,26.93,53170.0,25.56,0.0,0.0,0.5322107692307692,False,False,False,False,0.0,0.0,0.0,0.0,0.0,0.0,,
47-2171.00,Reinforcing Iron and Rebar Workers,371916.15353846154,7364.676307692307,26.302415384615387,4.022857142857143,97.61571428571428,14140.0,280.0,47,Construction and Extraction Occupations,59280.0,28.5,49990.0,24.04,0.0,0.0,5.76105,False,False,False,False,0.0,0.0,0.0,0.0,0.0,0.0,,
47-2181.00,Roofers,3311164.411823077,71192.2142076923,24.215038846153845,3.8714814814814815,81.03407407407407,136740.0,2940.0,47,Construction and Extraction Occupations,50970.0,24.510000000000005,49800.0,23.94,0.0,0.0,0.9777457692307692,False,False,False,False,0.0,0.0,0.0,0.0,0.0,0.0,,
47-2211.00,Sheet Metal Workers,3517478.9841730767,55994.60032692308,29.943636538461536,3.82,80.26263157894736,117470.0,1870.0,47,Construction and Extraction Occupations,60850.0,29.26,60490.0,29.08,158694.65071538463,2526.253484615385,11.441487692307692,False,False,False,False,4.511601957806498,4.511601957806497,5299.778819835293,84.3669566109815,322491541.18697757,5103357.205398271,0.015918958031837915,1.3471181427852008
47-2221.00,Structural Iron and Steel Workers,3669836.630092308,68043.94246153846,56.703285384615384,3.9457894736842105,81.87052631578948,64720.0,1200.0,47,Construction and Extraction Occupations,62700.0,30.14,47840.0,23.0,0.0,0.0,17.370911923076925,False,False,False,False,0.0,0.0,0.0,0.0,0.0,0.0,,
47-2231.00,Solar Photovoltaic Installers,1161272.5495538462,22174.228315384615,41.06338576923077,4.242692307692308,93.41269230769231,28280.0,540.0,47,Construction and Extraction Occupations,51860.0,24.93,47960.0,23.06,0.0,0.0,18.143375384615386,False,False,False,False,0.0,0.0,0.0,0.0,0.0,0.0,,
47-3011.00,"Helpers--Brickmasons, Blockmasons, Stonemasons, and Tile and Marble Setters",857437.0213153847,20806.262330769234,54.753321923076925,3.9833333333333334,88.44533333333334,15660.0,380.0,47,Construction and Extraction Occupations,46480.0,22.35,48090.0,23.12,0.0,0.0,13.64264653846154,False,False,False,False,0.0,0.0,0.0,0.0,0.0,0.0,,
47-3012.00,Helpers--Carpenters,839415.277376923,21147.39829230769,34.10870692307692,3.6566666666666663,86.01666666666667,24610.0,620.0,47,Construction and Extraction Occupations,41600.0,20.0,43090.0,20.72,0.0,0.0,2.5416280769230766,False,False,False,False,0.0,0.0,0.0,0.0,0.0,0.0,,
47-3013.00,Helpers--Electricians,3448048.1341846157,16587.44446923077,53.507885384615385,3.6608,81.1696,64440.0,310.0,47,Construction and Extraction Occupations,39890.0,19.18,42120.0,20.25,0.0,0.0,22.899644615384616,False,False,False,False,0.0,0.0,0.0,0.0,0.0,0.0,,
47-3014.00,"Helpers--Painters, Paperhangers, Plasterers, and Stucco Masons",143089.16734615384,2972.7666346153846,19.81844423076923,3.53,66.43454545454546,7220.0,150.0,47,Construction and Extraction Occupations,38140.0,18.34,40620.0,19.53,0.0,0.0,2.0091615384615387,False,False,False,False,0.0,0.0,0.0,0.0,0.0,0.0,,
47-3015.00,"Helpers--Pipelayers, Plumbers, Pipefitters, and Steamfitters",1232517.5040307692,6778.281415384616,28.24283923076923,3.7386666666666666,80.97733333333333,43640.0,240.0,47,Construction and Extraction Occupations,39270.0,18.88,44810.0,21.55,0.0,0.0,4.630531153846154,False,False,False,False,0.0,0.0,0.0,0.0,0.0,0.0,,
47-3016.00,Helpers--Roofers,197015.98378846154,2172.129801923077,38.10754038461538,3.9838888888888895,88.50944444444445,5170.0,57.0,47,Construction and Extraction Occupations,40590.0,19.51,40590.0,19.51,0.0,0.0,6.315148461538462,False,False,False,False,0.0,0.0,0.0,0.0,0.0,0.0,,
47-4011.00,Construction and Building Inspectors,3201034.0983653846,29395.109423076923,23.329451923076924,3.5678947368421055,71.14894736842105,137210.0,1260.0,47,Construction and Extraction Occupations,72120.0,34.67,71040.0,34.15,226246.33420961536,4155.242053846154,16.683723846153846,False,False,False,False,7.06791390710735,14.1358278142147,9697.884671941994,89.0557152295526,699411442.5404567,6326518.009907417,0.01836600830843233,1.5541961322688687
47-4011.01,Energy Auditors,2540406.314392308,23328.56173846154,18.51473153846154,3.965238095238095,91.86571428571429,137210.0,1260.0,47,Construction and Extraction Occupations,72120.0,34.67,71040.0,34.15,0.0,0.0,16.22557653846154,True,False,True,False,0.0,0.0,0.0,0.0,0.0,0.0,,
47-4021.00,Elevator and Escalator Installers and Repairers,684034.0786384615,6740.695719230769,29.30737269230769,4.3185,82.471,23340.0,230.0,47,Construction and Extraction Occupations,106580.0,51.24,78680.0,37.83,0.0,0.0,13.075545769230768,False,True,True,False,0.0,0.0,0.0,0.0,0.0,0.0,,
47-4031.00,Fence Erectors,862436.2827076924,9485.27537076923,38.09347538461539,4.0375,92.57000000000001,22640.0,249.0,47,Construction and Extraction Occupations,46940.0,22.57,57430.0,27.610000000000003,0.0,0.0,6.906750769230769,False,False,False,False,0.0,0.0,0.0,0.0,0.0,0.0,,
47-4041.00,Hazardous Materials Removal Workers,1441134.0961,6269.517523076923,28.497806923076922,4.027142857142858,63.49428571428571,50570.0,220.0,47,Construction and Extraction Occupations,48490.0,23.31,45740.0,21.99,81241.21070000001,353.4322,6.767296153846154,False,False,False,False,5.637310984443095,5.637310984443095,2850.788164832873,12.40208416577481,138234718.112746,567271.3297425398,0.004350405378683014,0.3681465836126454
47-4051.00,Highway Maintenance Workers,2088216.6333653845,16513.080461538462,13.760900384615384,3.896315789473684,67.97105263157896,151750.0,1200.0,47,Construction and Extraction Occupations,49070.0,23.59,52470.0,25.23,0.0,0.0,0.4450384615384615,False,False,False,False,0.0,0.0,0.0,0.0,0.0,0.0,,
47-4061.00,Rail-Track Laying and Maintenance Equipment Operators,405040.1156923077,2703.5444615384613,24.577676923076922,3.821923076923077,70.86884615384615,16480.0,110.0,47,Construction and Extraction Occupations,67370.0,32.39,61520.0,29.58,0.0,0.0,0.935163076923077,False,False,False,False,0.0,0.0,0.0,0.0,0.0,0.0,,
47-4071.00,Septic Tank Servicers and Sewer Pipe Cleaners,1180427.4764423077,11377.614230769232,40.63433653846154,3.630909090909091,63.61181818181819,29050.0,280.0,47,Construction and Extraction Occupations,49140.0,23.62,48720.0,23.42,0.0,0.0,12.646826923076924,False,False,False,False,0.0,0.0,0.0,0.0,0.0,0.0,,
47-4091.00,Segmental Pavers,310780.35569807695,3429.4283211538464,18.537450384615386,3.97,85.365,16765.0,185.0,47,Construction and Extraction Occupations,48120.0,23.14,48120.0,23.14,0.0,0.0,1.745563076923077,False,False,False,False,0.0,0.0,0.0,0.0,0.0,0.0,,
47-4099.03,Weatherization Installers and Technicians,325117.2549557692,3587.6344865384613,19.392618846153844,4.022,94.09,16765.0,185.0,47,Construction and Extraction Occupations,48120.0,23.14,48120.0,23.14,0.0,0.0,9.737918076923076,False,False,False,False,0.0,0.0,0.0,0.0,0.0,0.0,,
47-5011.00,"Derrick Operators, Oil and Gas",367819.97723076923,4064.677284615385,33.317026923076924,4.221333333333333,90.29133333333333,11040.0,122.0,47,Construction and Extraction Occupations,62740.0,30.16,62740.0,30.16,0.0,0.0,14.54029923076923,False,False,False,False,0.0,0.0,0.0,0.0,0.0,0.0,,
47-5012.00,"Rotary Drill Operators, Oil and Gas",831995.9040884615,12711.931307692308,63.55965653846154,4.1705,79.6965,13090.0,200.0,47,Construction and Extraction Occupations,65010.0,31.26,68660.0,33.01,0.0,0.0,25.648963846153848,False,False,False,False,0.0,0.0,0.0,0.0,0.0,0.0,,
47-5013.00,"Service Unit Operators, Oil and Gas",661144.4955846153,19480.6855,14.98514269230769,4.003684210526315,71.01947368421052,44120.0,1300.0,47,Construction and Extraction Occupations,57980.0,27.880000000000003,55570.0,26.72,0.0,0.0,7.699122692307691,False,True,True,False,0.0,0.0,0.0,0.0,0.0,0.0,,
47-5022.00,"Excavating and Loading Machine and Dragline Operators, Surface Mining",1610321.7649115385,30596.58425,47.071668076923075,4.019375,75.551875,34210.0,650.0,47,Construction and Extraction Occupations,52550.0,25.26,52240.0,25.12,0.0,0.0,3.6549561538461544,True,True,True,True,0.0,0.0,0.0,0.0,0.0,0.0,,
47-5023.00,"Earth Drillers, Except Oil and Gas",1223958.998523077,35151.03384615385,70.30206769230769,3.988571428571429,66.76142857142857,17410.0,500.0,47,Construction and Extraction Occupations,59600.0,28.65,57850.0,27.81,11581.231391346153,306.0165829807692,22.91452094017094,True,False,True,False,0.9462107313497394,0.870576337299544,164.73528832798962,4.7310536567486965,9818223.18434818,273691.4540429121,0.02642349268743858,2.2360487617223104
47-5032.00,"Explosives Workers, Ordnance Handling Experts, and Blasters",251987.79307692306,2794.9350288461537,44.364048076923076,4.2704545454545455,81.08727272727273,5680.0,63.0,47,Construction and Extraction Occupations,59110.0,28.42,59110.0,28.42,11581.231391346153,306.0165829807692,22.91452094017094,True,True,True,True,4.595949371170852,10.948969468785952,261.0499242825044,2.895448103837637,15430661.024338834,171149.93741784274,0.02642349268743858,2.2360487617223104
47-5041.00,Continuous Mining Machine Operators,1353177.1126153846,132109.34153846154,94.36381538461538,4.36,74.68533333333333,14340.0,1400.0,47,Construction and Extraction Occupations,63380.0,30.469999999999995,67870.0,32.63,0.0,0.0,39.546781153846155,False,False,False,False,0.0,0.0,0.0,0.0,0.0,0.0,,
47-5043.00,"Roof Bolters, Mining",240507.62536153846,2696.2738269230767,107.85095307692308,4.787857142857143,97.00285714285714,2230.0,25.0,47,Construction and Extraction Occupations,76640.0,36.85,76640.0,36.85,0.0,0.0,40.458346538461534,True,False,True,False,0.0,0.0,0.0,0.0,0.0,0.0,,
47-5044.00,"Loading and Moving Machine Operators, Underground Mining",864376.6587307692,9588.517584615385,141.00761153846153,4.0312,68.3156,6130.0,68.0,47,Construction and Extraction Occupations,68860.0,33.11,68860.0,33.11,0.0,0.0,54.85673153846154,True,True,True,True,0.0,0.0,0.0,0.0,0.0,0.0,,
47-5051.00,"Rock Splitters, Quarry",66773.93089230769,737.1148215384616,21.679847692307693,3.678888888888889,69.92444444444443,3080.0,34.0,47,Construction and Extraction Occupations,47460.0,22.82,47460.0,22.82,0.0,0.0,0.8417715384615385,False,False,False,False,0.0,0.0,0.0,0.0,0.0,0.0,,
47-5071.00,"Roustabouts, Oil and Gas",386379.70456153847,4091.380061538461,8.523708461538462,3.366153846153846,69.2476923076923,45330.0,480.0,47,Construction and Extraction Occupations,47510.0,22.84,47680.0,22.93,0.0,0.0,1.8228257692307692,False,False,False,False,0.0,0.0,0.0,0.0,0.0,0.0,,
47-5081.00,Helpers--Extraction Workers,155266.09107692307,5083.116076923077,23.105073076923077,3.850714285714286,69.4042857142857,6720.0,220.0,47,Construction and Extraction Occupations,48400.0,23.27,54100.0,26.01,0.0,0.0,3.353880769230769,False,False,False,False,0.0,0.0,0.0,0.0,0.0,0.0,,
49-1011.00,"First-Line Supervisors of Mechanics, Installers, and Repairers",17087454.08903077,182344.31096538462,28.446850384615384,3.6427272727272726,76.7390909090909,600680.0,6410.0,49,"Installation, Maintenance, and Repair Occupations",78300.0,37.64,77380.0,37.2,0.0,0.0,17.54797269230769,False,False,False,False,0.0,0.0,0.0,0.0,0.0,0.0,,
49-2011.00,"Computer, Automated Teller, and Office Machine Repairers",4512823.693430769,50066.938661538465,61.81103538461539,3.9248000000000003,84.258,73010.0,810.0,49,"Installation, Maintenance, and Repair Occupations",46860.0,22.53,45310.0,21.78,495200.88336923084,5493.942138461538,36.68478961538462,False,False,False,False,10.973193658996367,10.973193658996365,8011.528690433247,88.88286863787057,375420234.43370193,4027282.7779819155,0.011094370634159701,0.938844611196853
49-2021.00,"Radio, Cellular, and Tower Equipment Installers and Repairers",107589.75807692307,377.5079230769231,9.437698076923077,4.0616666666666665,73.3111111111111,11400.0,40.0,49,"Installation, Maintenance, and Repair Occupations",64190.0,30.86,86040.0,41.36,388.0428461538455,1.3615538461538441,9.175982097902098,False,False,False,False,0.36066894571545355,0.3606689457154536,41.116259811561704,0.14426757828618142,2639252.717304146,12412.782435743049,0.003508771929824562,0.29692460499667434
49-2022.00,"Telecommunications Equipment Installers and Repairers, Except Line Installers",8730161.58833077,127074.93636923078,56.72988230769231,3.7279487179487174,73.48769230769231,153890.0,2240.0,49,"Installation, Maintenance, and Repair Occupations",62630.0,30.11,62380.0,29.99,344994.0349307693,5021.68196923077,40.80352923076923,False,False,False,False,3.951748560896146,3.951748560896146,6081.345860363079,88.51916776407366,380874691.2345396,5521825.685122915,0.014555851582299044,1.2317672872173426
49-2091.00,Avionics Technicians,745593.2397692308,7848.349892307693,35.674317692307696,4.015384615384615,84.2023076923077,20900.0,220.0,49,"Installation, Maintenance, and Repair Occupations",81390.0,39.13,59510.0,28.61,91981.60738461542,968.2274461538465,28.461431923076926,False,False,False,False,12.33670082806608,12.33670082806608,2578.370473065811,27.14074182174538,209853572.80282634,1615145.5458120676,0.010526315789473684,0.8907738149900228
49-2092.00,"Electric Motor, Power Tool, and Related Repairers",1089172.2933461538,3943.894846153846,65.73158076923077,3.843225806451613,64.76290322580645,16570.0,60.0,49,"Installation, Maintenance, and Repair Occupations",53990.0,25.96,41460.0,19.93,110558.06721153845,400.33096153846157,27.67187,False,False,False,False,10.150649983197983,10.150649983197985,1681.962702215906,6.09038998991879,90809166.29263675,252507.56898203303,0.003621001810500906,0.3064218916984388
49-2093.00,"Electrical and Electronics Installers and Repairers, Transportation Equipment",182951.07841923076,2027.228091923077,25.02750730769231,3.6473333333333335,73.70466666666667,7310.0,81.0,49,"Installation, Maintenance, and Repair Occupations",82730.0,39.77,82730.0,39.77,9001.1685,99.73935,17.61879923076923,False,False,False,False,4.9199865766158,4.9199865766158,359.651018750615,3.9851891270587982,29753928.781238377,329694.6964815744,0.011080711354309165,0.9376887149587175
49-2094.00,"Electrical and Electronics Repairers, Commercial and Industrial Equipment",1452773.307676923,18889.2012,24.216924615384617,3.9085,85.8235,59990.0,780.0,49,"Installation, Maintenance, and Repair Occupations",71300.0,34.28,70970.0,34.12,206916.8158076923,2690.367,16.0481,False,False,False,False,14.242883918246369,14.242883918246369,8544.306062555996,111.09449456232167,609209022.2602425,7884376.279087969,0.013002167027837975,1.1002890430198484
49-2095.00,"Electrical and Electronics Repairers, Powerhouse, Substation, and Relay",308833.5832615385,1072.3388307692308,13.404235384615385,4.051333333333333,74.32,23040.0,80.0,49,"Installation, Maintenance, and Repair Occupations",100940.0,48.53,104730.0,50.35,10352.96196923077,35.94778461538461,12.675956153846153,False,False,False,False,3.3522785507634616,3.3522785507634616,772.3649780959016,2.6818228406107694,77962520.88900031,280867.30609716586,0.003472222222222222,0.2938316403612922
49-2096.00,"Electronic Equipment Installers and Repairers, Motor Vehicles",314098.0284,3469.3273353846153,30.976136923076922,4.1875,88.47583333333334,10140.0,112.0,49,"Installation, Maintenance, and Repair Occupations",47940.0,23.05,47940.0,23.05,31517.0388,348.11719384615384,20.29587076923077,False,False,False,False,10.034140921083221,10.034140921083221,1017.4618893978387,11.238237831613208,48777122.97773239,538761.1216475372,0.011045364891518738,0.9346975731256255
49-2097.00,Audiovisual Equipment Installers and Repairers,701724.8058923077,12027.759415384615,31.65199846153846,3.956363636363636,84.09181818181818,22170.0,380.0,49,"Installation, Maintenance, and Repair Occupations",50620.0,24.34,53600.0,25.77,37460.427299999996,642.0822,24.818600384615387,False,True,True,False,5.338335909668408,5.338335909668408,1183.509071173486,20.28567645673995,59909229.182801865,1087312.2580812613,0.017140279657194408,1.4504706685223197
49-2098.00,Security and Fire Alarm Systems Installers,1460720.646,14874.225692307691,17.920753846153847,4.16375,89.683125,81510.0,830.0,49,"Installation, Maintenance, and Repair Occupations",59300.0,28.51,58860.0,28.3,0.0,0.0,9.124907692307692,False,False,False,False,0.0,0.0,0.0,0.0,0.0,0.0,,
49-3011.00,Aircraft Mechanics and Service Technicians,5847270.848253846,86172.11236153846,42.87169769230769,4.170263157894737,78.09342105263158,136390.0,2010.0,49,"Installation, Maintenance, and Repair Occupations",78680.0,37.83,65980.0,31.72,500693.82755000005,7378.800450000001,17.17953384615385,False,False,False,False,8.56286360840495,8.562863608404951,11678.889675503511,172.1135585289395,918895039.6686163,11356052.59173943,0.014737150817508616,1.247109465300571
49-3021.00,Automotive Body and Related Repairers,7878710.1318,82736.10046923076,50.75834384615384,4.0612,82.7148,155220.0,1630.0,49,"Installation, Maintenance, and Repair Occupations",51680.0,24.85,51080.0,24.56,0.0,0.0,10.68878423076923,False,False,False,False,0.0,0.0,0.0,0.0,0.0,0.0,,
49-3022.00,Automotive Glass Installers and Repairers,1055640.386346154,5573.602884615385,55.73602884615385,4.234444444444445,91.01333333333334,18940.0,100.0,49,"Installation, Maintenance, and Repair Occupations",47260.0,22.72,39300.0,18.89,0.0,0.0,4.4354000000000005,False,False,False,False,0.0,0.0,0.0,0.0,0.0,0.0,,
49-3023.00,Automotive Service Technicians and Mechanics,38230869.30709231,494508.22473461536,55.50036192307692,4.033571428571428,85.28571428571429,688840.0,8910.0,49,"Installation, Maintenance, and Repair Occupations",49670.0,23.88,46990.0,22.59,4024019.6776461536,52049.845142307684,33.31153,False,False,False,False,10.525577237919743,10.525577237919743,72504.38624568636,937.828931898649,3601292864.823241,44068581.50991751,0.012934788920504035,1.0945872709167654
49-3031.00,Bus and Truck Mechanics and Diesel Engine Specialists,8010950.091315385,81718.77508461538,27.890366923076922,3.9396153846153843,87.04923076923077,287230.0,2930.0,49,"Installation, Maintenance, and Repair Occupations",60640.0,29.15,62970.0,30.28,369374.3553346154,3767.945065384615,18.028385769230766,False,False,False,False,4.610868263117149,4.610868263117149,13243.796912151389,135.09844010933247,803103844.7528602,8507148.773684666,0.010200884308742122,0.8632346600371578
49-3041.00,Farm Equipment Mechanics and Service Technicians,893917.5254153846,4362.938030769231,24.238544615384615,3.880714285714286,88.18142857142857,36880.0,180.0,49,"Installation, Maintenance, and Repair Occupations",52080.0,25.04,57100.0,27.45,98862.31526153846,482.51672307692303,12.065547692307693,False,False,False,False,11.059444797840744,11.059444797840742,4078.723241443666,19.907000636113338,212419906.41438612,1136689.7363220716,0.004880694143167027,0.4130214814622936
49-3042.00,"Mobile Heavy Equipment Mechanics, Except Engines",5722558.273246154,66663.18507692308,31.74437384615385,4.0255,93.2355,180270.0,2100.0,49,"Installation, Maintenance, and Repair Occupations",63980.0,30.76,63890.0,30.72,312140.90239615383,3636.189576923077,13.260741153846155,False,False,False,False,5.454569223968603,5.454569223968603,9832.9519400482,114.54595370334066,629112265.1242839,7318340.982106434,0.011649192877350641,0.985795618186662
49-3043.00,Rail Car Repairers,544791.2393076923,2381.6010461538463,29.770013076923075,3.626,66.7525,18300.0,80.0,49,"Installation, Maintenance, and Repair Occupations",65680.0,31.579999999999995,75280.0,36.19,60105.751730769225,262.7573846153846,12.627626923076923,False,False,False,False,11.032804383409356,11.032804383409355,2019.003202163912,8.826243506727485,132608130.31812574,664439.611186445,0.004371584699453552,0.369938852127004
49-3051.00,Motorboat Mechanics and Service Technicians,639305.8465384615,1581.7876615384616,26.363127692307692,3.94,96.42307692307692,24250.0,60.0,49,"Installation, Maintenance, and Repair Occupations",54950.0,26.42,45290.0,21.77,0.0,0.0,11.106741153846155,False,False,False,False,0.0,0.0,0.0,0.0,0.0,0.0,,
49-3052.00,Motorcycle Mechanics,416697.67336153844,7138.289907692308,29.742874615384615,4.368461538461538,94.06692307692308,14010.0,240.0,49,"Installation, Maintenance, and Repair Occupations",47200.0,22.69,42120.0,20.25,0.0,0.0,11.169898846153846,False,False,False,False,0.0,0.0,0.0,0.0,0.0,0.0,,
49-3053.00,Outdoor Power Equipment and Other Small Engine Mechanics,947052.3380923077,9957.325984615383,27.659238846153844,4.331428571428572,96.92928571428571,34240.0,360.0,49,"Installation, Maintenance, and Repair Occupations",46560.0,22.38,44140.0,21.22,135250.10707692304,1422.0221538461535,14.444276923076922,False,False,False,False,14.281165003970504,14.281165003970504,4889.8708973595,51.41219401429381,227672388.98105833,2269334.2437909287,0.010514018691588784,0.8897331913743802
49-3091.00,Bicycle Repairers,367066.65548076923,12536.827788461538,29.155413461538462,4.272142857142857,93.72357142857143,12590.0,430.0,49,"Installation, Maintenance, and Repair Occupations",40360.0,19.4,43760.0,21.04,0.0,0.0,10.352514999999999,False,False,False,False,0.0,0.0,0.0,0.0,0.0,0.0,,
49-3092.00,Recreational Vehicle Service Technicians,571291.650926923,8244.187373076922,30.534027307692305,3.9035294117647057,90.65176470588234,18710.0,270.0,49,"Installation, Maintenance, and Repair Occupations",50540.0,24.3,51300.0,24.66,0.0,0.0,19.342946538461536,False,False,False,False,0.0,0.0,0.0,0.0,0.0,0.0,,
49-3093.00,Tire Repairers and Changers,11285527.98966923,207462.34158461538,105.84813346153847,4.170416666666667,83.34958333333334,106620.0,1960.0,49,"Installation, Maintenance, and Repair Occupations",37120.0,17.85,36060.0,17.34,0.0,0.0,23.466708846153846,False,False,False,False,0.0,0.0,0.0,0.0,0.0,0.0,,
49-9011.00,Mechanical Door Repairers,725280.0868615385,3630.2900307692307,25.930643076923076,3.7032,82.5284,27970.0,140.0,49,"Installation, Maintenance, and Repair Occupations",51050.0,24.54,49410.0,23.75,0.0,0.0,7.067147692307692,False,False,False,False,0.0,0.0,0.0,0.0,0.0,0.0,,
49-9012.00,"Control and Valve Installers and Repairers, Except Mechanical Door",1019441.3067692308,7387.2558461538465,21.727223076923075,3.743125,48.1321875,46920.0,340.0,49,"Installation, Maintenance, and Repair Occupations",74690.0,35.91,69450.0,33.39,35561.877092307695,257.69476153846153,8.583858846153847,False,False,False,False,3.4883692524691643,3.488369252469164,1636.7428532585318,11.860455458395158,122248323.70987974,823708.6315855437,0.007246376811594202,0.6132138581453055
49-9021.00,"Heating, Air Conditioning, and Refrigeration Mechanics and Installers",15469515.745430768,209316.14773846153,38.97879846153846,4.008214285714286,87.6842857142857,396870.0,5370.0,49,"Installation, Maintenance, and Repair Occupations",59810.0,28.75,56200.0,27.02,686540.2231615385,9289.492776923078,24.054810256410256,False,False,False,False,4.43802013236466,4.43802013236466,17613.170499315627,238.32168110798227,1053443727.5640677,13393678.478268603,0.013530879129185882,1.1450305180970097
49-9031.00,Home Appliance Repairers,1962645.0292230768,15361.96798076923,61.447871923076924,4.069310344827587,84.27413793103447,31940.0,250.0,49,"Installation, Maintenance, and Repair Occupations",49410.0,23.76,34920.0,16.79,167304.0417923077,1309.5181730769232,38.232058076923074,False,False,False,False,8.524416759078225,8.524416759078225,2722.698712849585,21.311041897695564,134528543.401898,744181.5830675291,0.007827175954915467,0.6623631216660314
49-9041.00,Industrial Machinery Mechanics,8708288.8586,80903.6648,20.63869,3.930625,85.16125,421940.0,3920.0,49,"Installation, Maintenance, and Repair Occupations",63760.0,30.65,69670.0,33.49,783802.0730999999,7281.8508,10.073439615384615,False,False,False,False,9.000643936218818,9.00064393621882,37977.31702448169,352.8252422997777,2421433733.4809523,24581334.63102551,0.009290420438924966,0.7861880094380351
49-9043.00,"Maintenance Workers, Machinery",1812666.0066307692,47128.033776923075,32.059886923076924,3.876111111111111,91.93555555555555,56540.0,1470.0,49,"Installation, Maintenance, and Repair Occupations",60500.0,29.09,63820.0,30.68,293231.14040000003,7623.8022,15.134414230769233,False,False,False,False,16.176788185322312,16.17678818532231,9146.356039981236,237.798786324238,553354540.4188647,15176318.543212868,0.025999292536257514,2.2001514549585544
49-9044.00,Millwrights,1492237.3413307692,8808.090553846154,36.70037730769231,4.182608695652174,95.25608695652173,40660.0,240.0,49,"Installation, Maintenance, and Repair Occupations",65170.0,31.329999999999995,62480.0,30.04,0.0,0.0,4.702235769230769,False,False,False,False,0.0,0.0,0.0,0.0,0.0,0.0,,
49-9045.00,"Refractory Materials Repairers, Except Brickmasons",14785.802730769232,161.29966615384618,13.441638846153847,3.746,58.787,1100.0,12.0,49,"Installation, Maintenance, and Repair Occupations",58540.0,28.15,58540.0,28.15,0.0,0.0,0.9368569230769233,False,False,False,False,0.0,0.0,0.0,0.0,0.0,0.0,,
49-9051.00,Electrical Power-Line Installers and Repairers,6774723.745846154,48750.84196153846,54.77622692307692,4.17,93.62869565217392,123680.0,890.0,49,"Installation, Maintenance, and Repair Occupations",92560.0,44.5,81380.0,39.12,0.0,0.0,23.05118346153846,False,False,False,False,0.0,0.0,0.0,0.0,0.0,0.0,,
49-9052.00,Telecommunications Line Installers and Repairers,4834759.029092307,32932.986473076926,49.15371115384615,3.847368421052632,72.37210526315789,98360.0,670.0,49,"Installation, Maintenance, and Repair Occupations",70500.0,33.9,55980.0,26.91,0.0,0.0,25.396215769230768,False,False,False,False,0.0,0.0,0.0,0.0,0.0,0.0,,
49-9061.00,Camera and Photographic Equipment Repairers,78452.70426923077,858.6863153846153,39.03119615384615,3.8546666666666667,77.18666666666667,2010.0,22.0,49,"Installation, Maintenance, and Repair Occupations",49300.0,23.7,49300.0,23.7,0.0,0.0,13.447703461538461,False,False,False,False,0.0,0.0,0.0,0.0,0.0,0.0,,
49-9062.00,Medical Equipment Repairers,1680269.118042308,12153.845338461539,27.62237576923077,3.9735,83.81,60830.0,440.0,49,"Installation, Maintenance, and Repair Occupations",62630.0,30.110000000000003,59980.0,28.84,176251.48576538463,1274.875123076923,8.996479615384615,False,False,False,False,10.489479564484071,10.489479564484071,6380.75041907566,46.15371008372991,399626398.7467086,2768299.53082212,0.007233273056057866,0.6121049723258746
49-9063.00,Musical Instrument Repairers and Tuners,287549.2974346154,5018.312346153846,50.18312346153846,3.602413793103448,63.41137931034483,5730.0,100.0,49,"Installation, Maintenance, and Repair Occupations",45320.0,21.79,41440.0,19.92,0.0,0.0,20.661444835164836,False,False,False,False,0.0,0.0,0.0,0.0,0.0,0.0,,
49-9064.00,Watch and Clock Repairers,63475.560000000005,683.5829538461538,48.82735384615385,4.338666666666667,96.48,1300.0,14.0,49,"Installation, Maintenance, and Repair Occupations",60690.0,29.18,60690.0,29.18,0.0,0.0,17.108723461538464,False,True,True,False,0.0,0.0,0.0,0.0,0.0,0.0,,
49-9071.00,"Maintenance and Repair Workers, General",43127326.367,444591.2929,28.15651,3.6377777777777776,74.16185185185185,1531700.0,15790.0,49,"Installation, Maintenance, and Repair Occupations",48620.0,23.38,49070.0,23.59,0.0,0.0,12.017928461538462,False,False,False,False,0.0,0.0,0.0,0.0,0.0,0.0,,
49-9081.00,Wind Turbine Service Technicians,230967.3982846154,2552.580872307692,20.585329615384616,4.160833333333334,88.53750000000001,11220.0,124.0,49,"Installation, Maintenance, and Repair Occupations",62580.0,30.09,62580.0,30.09,17452.416553846153,192.87875692307693,13.056997307692308,False,False,False,False,7.5562251137885585,7.55622511378856,847.8084577670763,9.369719141097812,53055853.287063636,586357.0238499012,0.011051693404634582,0.93523311413391
49-9091.00,"Coin, Vending, and Amusement Machine Servicers and Repairers",1063696.5633461538,9033.516461538462,37.639651923076926,3.955,65.02777777777777,28260.0,240.0,49,"Installation, Maintenance, and Repair Occupations",47350.0,22.77,50280.0,24.17,54556.39737692307,463.3239692307692,20.75969076923077,False,False,False,False,5.128943653376178,5.128943653376178,1449.4394764441076,12.309464768102826,68630959.2096285,618919.8885402101,0.008492569002123142,0.7186710184632881
49-9092.00,Commercial Divers,66020.34713076922,731.4207553846153,19.247914615384616,3.880434782608696,84.49347826086957,3430.0,38.0,49,"Installation, Maintenance, and Repair Occupations",61130.0,29.39,61130.0,29.39,0.0,0.0,3.4163969230769227,False,False,False,False,0.0,0.0,0.0,0.0,0.0,0.0,,
49-9094.00,Locksmiths and Safe Repairers,395909.2917692308,3819.060692307692,25.460404615384615,3.975714285714286,83.675,15550.0,150.0,49,"Installation, Maintenance, and Repair Occupations",50490.0,24.27,47690.0,22.93,15633.850384615385,150.80884615384616,5.4398430769230774,False,False,False,False,3.948846543800772,3.948846543800773,614.04563756102,5.923269815701158,31003164.240455903,282480.7375107882,0.00964630225080386,0.8163039783670628
49-9095.00,Manufactured Building and Mobile Home Installers,33832.96622307692,375.9218469230769,12.962822307692306,3.777857142857143,76.11214285714286,2610.0,29.0,49,"Installation, Maintenance, and Repair Occupations",41080.0,19.75,41080.0,19.75,0.0,0.0,5.253846923076923,False,False,False,False,0.0,0.0,0.0,0.0,0.0,0.0,,
49-9096.00,Riggers,1060446.169646154,21042.338215384614,43.83820461538461,4.147142857142858,85.03642857142857,24190.0,480.0,49,"Installation, Maintenance, and Repair Occupations",62060.0,29.84,91070.0,43.79,0.0,0.0,20.102142692307694,False,False,False,False,0.0,0.0,0.0,0.0,0.0,0.0,,
49-9097.00,Signal and Track Switch Repairers,92194.64023461539,1010.6598807692308,11.229554230769232,3.953333333333333,86.09916666666668,8210.0,90.0,49,"Installation, Maintenance, and Repair Occupations",83600.0,40.19,83600.0,40.19,0.0,0.0,3.9212350000000002,False,False,False,False,0.0,0.0,0.0,0.0,0.0,0.0,,
49-9098.00,"Helpers--Installation, Maintenance, and Repair Workers",3486857.5565307694,26453.50206923077,35.74797576923077,3.724375,81.98125,97540.0,740.0,49,"Installation, Maintenance, and Repair Occupations",38860.0,18.68,41760.0,20.08,0.0,0.0,7.167314230769231,False,False,False,False,0.0,0.0,0.0,0.0,0.0,0.0,,
49-9099.01,Geothermal Technicians,8236785.85155,95959.07083846154,44.840687307692306,3.79625,56.65416666666667,183690.0,2140.0,49,"Installation, Maintenance, and Repair Occupations",48640.0,23.39,50080.0,24.08,0.0,0.0,23.662629615384617,False,False,False,False,0.0,0.0,0.0,0.0,0.0,0.0,,
51-1011.00,First-Line Supervisors of Production and Operating Workers,25538464.113946155,332491.3154923077,37.27481115384615,3.9549999999999996,88.658,685140.0,8920.0,51,Production Occupations,71190.0,34.23,67050.0,32.23,2254680.5837769234,29354.22075384616,24.139303461538464,False,False,False,False,8.82856766059662,8.82856766059662,60488.048469811685,787.5082353252186,4306144170.565894,52802427.178555906,0.013019236944274164,1.1017335593054638
51-2011.00,"Aircraft Structure, Surfaces, Rigging, and Systems Assemblers",1336626.26075,9753.429692307693,40.639290384615386,4.128888888888889,56.53370370370371,32890.0,240.0,51,Production Occupations,61680.0,29.65,59810.0,28.75,0.0,0.0,10.891901923076924,False,False,False,False,0.0,0.0,0.0,0.0,0.0,0.0,,
51-2021.00,"Coil Winders, Tapers, and Finishers",421844.70326153847,4644.797883076923,34.66267076923077,4.191818181818181,72.31090909090909,12170.0,134.0,51,Production Occupations,47260.0,22.72,47260.0,22.72,35286.13331153846,388.5243930769231,21.589900384615387,False,False,False,False,8.364721196857484,8.364721196857484,1017.9865696575558,11.208726403789028,48110045.28201609,529724.4098430694,0.011010682004930156,0.9317625854414947
51-2022.00,Electrical and Electronic Equipment Assemblers,4016720.0578846154,44223.60283269231,44.09132884615384,3.9125,71.128125,91100.0,1003.0,51,Production Occupations,44210.0,21.26,44210.0,21.26,548914.8860384616,6043.486615769232,31.415269230769233,False,False,False,False,13.665749121872953,13.665749121872953,12449.49745002626,137.06746369238573,550392282.2656609,6059752.5698403735,0.01100987925356751,0.9316946538015843
51-2023.00,Electromechanical Equipment Assemblers,2965947.3250769232,32654.72192153846,32.55705076923077,3.7964285714285713,71.99357142857143,91100.0,1003.0,51,Production Occupations,44210.0,21.26,44210.0,21.26,188365.29761538462,2073.8791823076926,13.834465,False,False,False,False,6.350931994737947,6.350931994737949,5785.69904720627,63.69984790722161,255785754.8769892,2816170.275978267,0.01100987925356751,0.9316946538015843
51-2031.00,Engine and Other Machine Assemblers,1657448.8926384614,6039.6367769230765,43.140262692307694,4.229166666666667,79.05666666666666,38420.0,140.0,51,Production Occupations,52540.0,25.26,46060.0,22.149999999999995,0.0,0.0,7.845394230769232,False,False,False,False,0.0,0.0,0.0,0.0,0.0,0.0,,
51-2041.00,Structural Metal Fabricators and Fitters,3475440.012992308,57945.702726923075,65.10753115384615,3.87,72.49391304347826,53380.0,890.0,51,Production Occupations,49900.0,23.99,50440.0,24.25,0.0,0.0,21.377168076923077,False,False,False,False,0.0,0.0,0.0,0.0,0.0,0.0,,
51-2051.00,Fiberglass Laminators and Fabricators,964792.4193846154,5730.408538461538,52.09462307692308,4.171875,73.981875,18520.0,110.0,51,Production Occupations,45760.0,22.0,46870.0,22.53,0.0,0.0,5.038352692307692,True,False,True,False,0.0,0.0,0.0,0.0,0.0,0.0,,
51-2061.00,Timing Device Assemblers and Adjusters,17710.874,231.0114,77.0038,4.13470588235294,66.25411764705882,230.0,3.0,51,Production Occupations,40790.0,19.61,40790.0,19.61,0.0,0.0,28.482766153846153,True,False,True,False,0.0,0.0,0.0,0.0,0.0,0.0,,
51-2092.00,Team Assemblers,22722879.70657692,250297.71047346154,31.174207307692306,4.0600000000000005,70.81272727272727,728900.0,8029.0,51,Production Occupations,42210.0,20.29,42210.0,20.29,388446.08886538463,4278.28947923077,20.545185384615387,False,False,False,False,1.709493223928623,1.709280309091915,12460.496109215732,137.25521094922914,525957540.76999605,5793542.454166962,0.01101385649609,0.9320312220335998
51-3011.00,Bakers,14606320.141353846,250062.9219076923,62.98814153846154,4.307222222222222,81.40666666666667,231890.0,3970.0,51,Production Occupations,36650.0,17.62,35490.0,17.06,2595085.3602346154,44428.34481923077,32.309122307692306,False,False,False,False,17.766866227225382,17.766866227225382,41199.58609431294,705.3445892208478,1509964830.356569,25032679.471447885,0.017120186295226186,1.4487702976561607
51-3021.00,Butchers and Meat Cutters,4600621.333938462,45336.028569230766,32.85219461538461,4.297272727272727,76.5409090909091,140040.0,1380.0,51,Production Occupations,38960.0,18.73,41680.0,20.04,0.0,0.0,10.687551923076922,False,False,False,False,0.0,0.0,0.0,0.0,0.0,0.0,,
51-3022.00,"Meat, Poultry, and Fish Cutters and Trimmers",6610284.646846154,65592.16461538462,46.85154615384616,4.23,66.21083333333333,141090.0,1400.0,51,Production Occupations,37700.0,18.13,42760.0,20.56,0.0,0.0,12.004081923076923,False,False,False,False,0.0,0.0,0.0,0.0,0.0,0.0,,
51-3023.00,Slaughterers and Meat Packers,3007995.2826923076,34759.0566,44.56289307692308,4.377142857142857,54.63285714285714,67500.0,780.0,51,Production Occupations,39790.0,19.13,40470.0,19.46,0.0,0.0,0.0,False,False,False,False,0.0,0.0,0.0,0.0,0.0,0.0,,
51-3091.00,"Food and Tobacco Roasting, Baking, and Drying Machine Operators and Tenders",2122325.355,16325.579653846155,108.8371976923077,4.206315789473685,67.49421052631578,19500.0,150.0,51,Production Occupations,42730.0,20.54,40500.0,19.47,187748.21249999997,1444.217019230769,68.67488653846154,False,False,False,False,8.846344508756998,8.846344508756998,1725.0371792076146,13.269516763135496,73710838.66754137,537415.4289069875,0.007692307692307693,0.6509500955696321
51-3092.00,Food Batchmakers,27201661.79016923,495987.4251615385,158.46243615384617,4.4796,68.9008,171660.0,3130.0,51,Production Occupations,40790.0,19.61,38790.0,18.65,2383113.2611384615,43453.01472307692,86.94954038461539,False,False,False,False,8.76091056319113,8.76091056319113,15038.979072773895,274.2165006278824,613439956.3784472,10636858.059355559,0.01823371781428405,1.5430012459937277
51-3093.00,Food Cooking Machine Operators and Tenders,2008503.6442615385,37759.287599999996,72.61401461538462,4.388823529411765,80.87823529411764,27660.0,520.0,51,Production Occupations,40550.0,19.49,37610.0,18.08,306816.5393307692,5768.062199999999,52.06078576923077,False,False,False,False,15.275876656105131,15.275876656105133,4225.307483078679,79.43455861174668,171336218.43884045,2987533.749387793,0.018799710773680405,1.5908975582251312
51-4021.00,"Extruding and Drawing Machine Setters, Operators, and Tenders, Metal and Plastic",4114219.763769231,45713.552930769234,62.62130538461538,3.92875,65.83125,65700.0,730.0,51,Production Occupations,46980.0,22.59,44910.0,21.59,201286.80830769235,2236.5200923076927,46.52418115384616,False,False,False,False,4.892466126390974,4.892466126390973,3214.35024503887,35.715002722654106,151010174.5119261,1603960.772274396,0.011111111111111112,0.9402612491561352
51-4022.00,"Forging Machine Setters, Operators, and Tenders, Metal and Plastic",424521.26764615386,4652.287864615385,48.461331923076926,4.171538461538462,76.61461538461539,8760.0,96.0,51,Production Occupations,49240.0,23.67,49240.0,23.67,0.0,0.0,31.106838461538462,False,False,False,False,0.0,0.0,0.0,0.0,0.0,0.0,,
51-4023.00,"Rolling Machine Setters, Operators, and Tenders, Metal and Plastic",2165090.7988846153,8718.48643846154,96.87207153846154,4.092631578947368,77.33,22350.0,90.0,51,Production Occupations,48630.0,23.38,46050.0,22.14,99540.12623076924,400.8327230769231,64.8182226923077,False,False,False,False,4.597503544980612,4.597503544980611,1027.542042303167,4.137753190482551,49969369.517203,190543.53442172144,0.004026845637583893,0.34076582184182086
51-4031.00,"Cutting, Punching, and Press Machine Setters, Operators, and Tenders, Metal and Plastic",15279083.34265,98981.62115,87.59435500000001,3.9553125000000002,67.359375,174430.0,1130.0,51,Production Occupations,45590.0,21.92,44940.0,21.61,620108.6461807693,4017.2147576923085,44.576335,False,False,False,False,4.058546133129593,4.058546133129593,7079.322020017949,45.8615713043644,322746290.8926183,2061019.0144181363,0.006478243421429801,0.5482117126593989
51-4032.00,"Drilling and Boring Machine Tool Setters, Operators, and Tenders, Metal and Plastic",377547.84581538464,4123.8747753846155,71.10128923076923,4.202941176470588,86.86352941176472,5310.0,58.0,51,Production Occupations,46630.0,22.42,46630.0,22.42,0.0,0.0,35.075429615384614,False,False,False,False,0.0,0.0,0.0,0.0,0.0,0.0,,
51-4033.00,"Grinding, Lapping, Polishing, and Buffing Machine Tool Setters, Operators, and Tenders, Metal and Plastic",5344077.448557693,37349.84951923077,76.22418269230769,4.053888888888888,75.11666666666666,70110.0,490.0,51,Production Occupations,45190.0,21.73,42920.0,20.64,156290.50633846156,1092.3170461538464,36.84121384615385,False,False,False,False,2.9245554137813374,2.924555413781338,2050.4058006020955,14.330321527528554,92657838.1292087,615057.3999615256,0.006989017258593639,0.5914351888145138
51-4034.00,"Lathe and Turning Machine Tool Setters, Operators, and Tenders, Metal and Plastic",1025834.3861230769,2703.8333846153846,54.07666769230769,3.9694444444444446,92.28722222222223,18970.0,50.0,51,Production Occupations,48620.0,23.38,57500.0,27.65,0.0,0.0,29.544060769230768,False,False,False,False,0.0,0.0,0.0,0.0,0.0,0.0,,
51-4035.00,"Milling and Planing Machine Setters, Operators, and Tenders, Metal and Plastic",1002449.474273077,6532.979919230769,72.58866576923077,4.156666666666667,82.25066666666666,13810.0,90.0,51,Production Occupations,48310.0,23.219999999999995,45000.0,21.64,92486.86601538461,602.7384461538462,45.213441153846155,False,False,False,False,9.226087537474262,9.226087537474264,1274.1226889251955,8.303478783726836,61552867.10197619,373656.54526770767,0.006517016654598118,0.5514928398381388
51-4041.00,Machinists,27890362.933269233,343507.2646153846,93.34436538461539,4.200689655172414,75.81758620689655,298790.0,3680.0,51,Production Occupations,56150.0,27.0,60450.0,29.06,0.0,0.0,61.12517346153846,False,False,False,False,0.0,0.0,0.0,0.0,0.0,0.0,,
51-4051.00,Metal-Refining Furnace Operators and Tenders,1388530.8445423075,35515.7914,68.29959884615384,4.36,73.27066666666666,20330.0,520.0,51,Production Occupations,55770.0,26.81,70450.0,33.87,0.0,0.0,44.881911153846154,False,False,False,False,0.0,0.0,0.0,0.0,0.0,0.0,,
51-4052.00,"Pourers and Casters, Metal",248742.1925153846,1706.6359692307692,42.66589923076923,4.405625,74.1275,5830.0,40.0,51,Production Occupations,48940.0,23.53,44450.0,21.37,0.0,0.0,28.21826576923077,False,False,False,False,0.0,0.0,0.0,0.0,0.0,0.0,,
51-4061.00,"Model Makers, Metal and Plastic",146181.22062307692,3168.014069230769,45.257343846153844,4.360625,88.87375,3230.0,70.0,51,Production Occupations,62700.0,30.14,51960.0,24.98,0.0,0.0,24.51369192307692,False,False,False,False,0.0,0.0,0.0,0.0,0.0,0.0,,
51-4062.00,"Patternmakers, Metal and Plastic",59666.48832692307,646.0702557692307,38.00413269230769,3.6993333333333336,69.58933333333333,1570.0,17.0,51,Production Occupations,54540.0,26.219999999999995,54540.0,26.219999999999995,0.0,0.0,23.42342346153846,False,False,False,False,0.0,0.0,0.0,0.0,0.0,0.0,,
51-4071.00,Foundry Mold and Coremakers,872549.4271384615,6173.698776923076,68.59665307692308,4.490769230769231,70.60307692307693,12720.0,90.0,51,Production Occupations,45700.0,21.97,45630.0,21.94,0.0,0.0,12.206162692307691,False,False,False,False,0.0,0.0,0.0,0.0,0.0,0.0,,
51-4072.00,"Molding, Coremaking, and Casting Machine Setters, Operators, and Tenders, Metal and Plastic",11377993.80683077,207981.6720923077,73.49175692307692,3.7955172413793106,58.65551724137931,154820.0,2830.0,51,Production Occupations,41230.0,19.82,45820.0,22.03,1078953.4419692308,19722.505107692305,32.79899730769231,False,False,False,False,9.482809186637823,9.482809186637821,14681.285182752677,268.3634999818504,605309388.0848929,12296415.569168385,0.018279292081126466,1.5468579005300838
51-4081.00,"Multiple Machine Tool Setters, Operators, and Tenders, Metal and Plastic",8397106.388596155,97001.61403846154,64.6677426923077,3.9776190476190476,77.82000000000001,129850.0,1500.0,51,Production Occupations,46060.0,22.14,40180.0,19.32,0.0,0.0,35.14469192307692,False,False,False,False,0.0,0.0,0.0,0.0,0.0,0.0,,
51-4111.00,Tool and Die Makers,1991305.6082153847,5056.825415384616,36.12018153846154,3.9905882352941178,87.6029411764706,55130.0,140.0,51,Production Occupations,63180.0,30.380000000000003,66660.0,32.05,65509.94001153847,166.35936153846154,9.020020384615385,False,False,False,False,3.2897983986621075,3.2897983986621075,1813.6658571824198,4.605717758126951,114587408.85678528,307017.14575674257,0.0025394522038817337,0.21489736512547256
51-4121.00,"Welders, Cutters, Solderers, and Brazers",35776332.921215385,356885.87929615384,84.37018423076923,3.886896551724138,73.2948275862069,424040.0,4230.0,51,Production Occupations,51000.0,24.520000000000003,56050.0,26.95,0.0,0.0,18.71948423076923,False,False,False,False,0.0,0.0,0.0,0.0,0.0,0.0,,
51-4122.00,"Welding, Soldering, and Brazing Machine Setters, Operators, and Tenders",3165948.532923077,7851.622153846154,87.24024615384616,3.8113793103448277,70.88793103448276,36290.0,90.0,51,Production Occupations,47060.0,22.62,47320.0,22.75,109067.36176923075,270.4894615384615,44.854216538461536,False,False,False,False,3.4450137339576505,3.4450137339576505,1250.1954840532314,3.1005123605618854,58834199.47954507,146716.24490178842,0.002480022044640397,0.2098681763065499
51-4191.00,"Heat Treating Equipment Setters, Operators, and Tenders, Metal and Plastic",1324609.1980461539,9986.77256923077,90.78884153846154,4.279565217391304,57.54565217391304,14590.0,110.0,51,Production Occupations,47450.0,22.81,46360.0,22.29,76192.15051923077,574.4439038461538,58.84000692307692,False,False,False,False,5.7520475194960845,5.752047519496084,839.2237330944787,6.327252271445693,39821166.13533302,293331.4153042223,0.0075394105551747775,0.6380114027858629
51-4192.00,"Layout Workers, Metal and Plastic",256008.8178576923,2829.3309638461537,45.63437038461539,4.094285714285714,73.33285714285715,5610.0,62.0,51,Production Occupations,61870.0,29.74,61870.0,29.74,0.0,0.0,20.88811346153846,False,False,False,False,0.0,0.0,0.0,0.0,0.0,0.0,,
51-4193.00,"Plating Machine Setters, Operators, and Tenders, Metal and Plastic",4636232.321342308,26484.348392307693,147.13526884615385,3.9927272727272722,59.75575757575758,31510.0,180.0,51,Production Occupations,41600.0,20.0,46280.0,22.25,221187.78990769232,1263.5291076923077,57.22028115384615,False,True,True,False,4.77085216134408,4.77085216134408,1503.2955160395195,8.587533890419344,62537093.467244014,397431.0684486072,0.005712472231037765,0.4834094648152773
51-4194.00,"Tool Grinders, Filers, and Sharpeners",344972.46598846157,3792.8909873076923,60.20461884615385,4.171666666666667,73.17833333333334,5730.0,63.0,51,Production Occupations,48970.0,23.54,48970.0,23.54,0.0,0.0,39.32320923076923,False,False,False,False,0.0,0.0,0.0,0.0,0.0,0.0,,
51-5111.00,Prepress Technicians and Workers,1390924.2395192308,16881.61192307692,60.29147115384615,4.243333333333333,61.93333333333333,23070.0,280.0,51,Production Occupations,47300.0,22.74,37590.0,18.07,0.0,0.0,53.92595923076923,False,False,False,False,0.0,0.0,0.0,0.0,0.0,0.0,,
51-5112.00,Printing Press Operators,13499339.347765384,164660.12435769232,93.02831884615385,4.318695652173913,76.92391304347827,145110.0,1770.0,51,Production Occupations,45160.0,21.71,39740.0,19.11,265012.6070307693,3232.529215384616,54.91271038461538,False,False,False,False,1.9631524195636894,1.963152419563689,2848.73047602887,34.7477978262773,128648668.29746376,1380877.48561626,0.012197643167252428,1.032207408108141
51-5113.00,Print Binding and Finishing Workers,1925655.9627038462,42768.88757307692,52.80109576923077,4.2536000000000005,66.74680000000001,36470.0,810.0,51,Production Occupations,39820.0,19.14,38330.0,18.43,0.0,0.0,37.24271269230769,False,False,False,False,0.0,0.0,0.0,0.0,0.0,0.0,,
51-6011.00,Laundry and Dry-Cleaning Workers,16240529.86633846,122203.0042153846,83.13129538461538,3.9517391304347824,53.67652173913043,195360.0,1470.0,51,Production Occupations,33800.0,16.25,33690.0,16.2,1041949.7798769227,7840.224080769229,27.409803846153842,False,False,False,False,6.415737592629651,6.415737592629653,12533.784960961286,94.31134261165587,423641931.68049145,3177349.1325866864,0.007524570024570025,0.6367555449598521
51-6021.00,"Pressers, Textile, Garment, and Related Materials",3722999.515757692,33303.01467692308,138.76256115384615,4.238571428571428,74.46678571428572,26830.0,240.0,51,Production Occupations,33880.0,16.29,34450.0,16.56,201439.75351153847,1801.9210153846154,29.863235384615383,False,False,False,False,5.410684386579678,5.410684386579677,1451.6866209193279,12.985642527791228,49183142.71674683,447355.3850824078,0.008945210585165859,0.7569751390895461
51-6031.00,Sewing Machine Operators,12330838.89495,129395.60844230768,112.51792038461538,4.039615384615384,70.22423076923077,109590.0,1150.0,51,Production Occupations,36000.0,17.31,37480.0,18.02,749196.22875,7861.809134615384,48.614241923076925,False,False,False,False,6.07579285669548,6.075792856695481,6658.461391652576,69.87161785199801,239704610.09949273,2618788.2370928857,0.01049365818049092,0.8880102134105301
51-6041.00,Shoe and Leather Workers and Repairers,795604.0941538461,7289.566307692308,104.13666153846154,4.284230769230769,60.49230769230769,7640.0,70.0,51,Production Occupations,35950.0,17.29,36500.0,17.55,0.0,0.0,15.33634576923077,False,False,False,False,0.0,0.0,0.0,0.0,0.0,0.0,,
51-6042.00,Shoe Machine Operators and Tenders,334881.80676923075,3686.7721846153845,102.41033846153846,4.252631578947368,66.02631578947368,3270.0,36.0,51,Production Occupations,38160.0,18.35,38160.0,18.35,21900.9885,241.1118,35.71381846153846,False,False,False,False,6.539915891905144,6.539915891905144,213.8552496652982,2.354369721085852,8160716.32722778,89842.74855663611,0.011009174311926604,0.9316349991638769
51-6051.00,"Sewers, Hand",146506.1187692308,1635.1129326923078,65.40451730769232,4.491818181818181,65.60636363636364,2240.0,25.0,51,Production Occupations,33760.0,16.23,33760.0,16.23,0.0,0.0,15.459763076923078,False,False,False,False,0.0,0.0,0.0,0.0,0.0,0.0,,
51-6052.00,"Tailors, Dressmakers, and Custom Sewers",1318075.019273077,17800.89037692308,80.91313807692308,4.086818181818182,85.78909090909092,16290.0,220.0,51,Production Occupations,40860.0,19.64,40570.0,19.5,0.0,0.0,28.684675769230772,False,False,False,False,0.0,0.0,0.0,0.0,0.0,0.0,,
51-6061.00,Textile Bleaching and Dyeing Machine Operators and Tenders,503287.63384615385,5534.434461538462,86.47553846153846,4.324347826086957,67.58869565217391,5820.0,64.0,51,Production Occupations,37320.0,17.94,37320.0,17.94,34109.856,375.0912,47.23194115384615,False,False,False,False,6.777407928609424,6.777407928609424,394.4451414450685,4.337541074310032,14720692.678729955,161877.03289325038,0.010996563573883162,0.9305678342163813
51-6062.00,"Textile Cutting Machine Setters, Operators, and Tenders",479232.5646769231,5295.091953461539,53.48577730769231,4.122222222222223,72.76444444444445,8960.0,99.0,51,Production Occupations,37940.0,18.24,37940.0,18.24,0.0,0.0,26.875919615384614,False,False,False,False,0.0,0.0,0.0,0.0,0.0,0.0,,
51-6063.00,"Textile Knitting and Weaving Machine Setters, Operators, and Tenders",1196356.9397192309,13173.92363076923,82.33702269230768,4.273157894736842,72.04894736842105,14530.0,160.0,51,Production Occupations,38260.0,18.4,38260.0,18.4,0.0,0.0,18.71851346153846,False,False,False,False,0.0,0.0,0.0,0.0,0.0,0.0,,
51-6064.00,"Textile Winding, Twisting, and Drawing Out Machine Setters, Operators, and Tenders",1769284.457,19496.484065,85.887595,4.135217391304348,64.08695652173913,20600.0,227.0,51,Production Occupations,37660.0,18.11,37660.0,18.11,89302.37861538462,984.0601915384615,29.57506923076923,False,False,False,False,5.04737258398832,5.047372583988319,1039.7587523015939,11.457535765653486,39157314.61167803,431490.7969345103,0.011019417475728155,0.9325018116630991
51-6091.00,"Extruding and Forming Machine Setters, Operators, and Tenders, Synthetic and Glass Fibers",803260.9026153847,8841.260941538461,53.91012769230769,3.9452941176470584,69.87176470588236,14900.0,164.0,51,Production Occupations,44980.0,21.63,44980.0,21.63,0.0,0.0,31.564005769230768,False,False,False,False,0.0,0.0,0.0,0.0,0.0,0.0,,
51-6092.00,Fabric and Apparel Patternmakers,117453.49,1314.164923076923,41.067653846153846,4.296250000000001,85.69,2860.0,32.0,51,Production Occupations,67670.0,32.54,67670.0,32.54,0.0,0.0,36.86319730769231,False,False,False,False,0.0,0.0,0.0,0.0,0.0,0.0,,
51-6093.00,Upholsterers,1450327.3004615386,8982.494,69.0961076923077,4.084545454545455,68.19181818181818,20990.0,130.0,51,Production Occupations,46190.0,22.21,43150.0,20.74,0.0,0.0,17.61563,False,False,False,False,0.0,0.0,0.0,0.0,0.0,0.0,,
51-7011.00,Cabinetmakers and Bench Carpenters,4395318.787092308,112728.81978461538,55.259225384615384,4.136,75.9675,79540.0,2040.0,51,Production Occupations,46020.0,22.12,46750.0,22.48,0.0,0.0,18.010041153846153,False,False,False,False,0.0,0.0,0.0,0.0,0.0,0.0,,
51-7021.00,Furniture Finishers,912994.7257038462,10265.576676923078,64.15985423076923,4.012727272727273,66.36136363636363,14230.0,160.0,51,Production Occupations,42530.0,20.45,46380.0,22.3,0.0,0.0,8.899088461538462,False,False,False,False,0.0,0.0,0.0,0.0,0.0,0.0,,
51-7031.00,"Model Makers, Wood",13926.532153846154,154.73924615384615,38.68481153846154,3.952142857142857,85.17142857142858,360.0,4.0,51,Production Occupations,51850.0,24.93,51850.0,24.93,0.0,0.0,20.345215384615383,False,False,False,False,0.0,0.0,0.0,0.0,0.0,0.0,,
51-7032.00,"Patternmakers, Wood",8909.641176923076,98.99601307692308,49.49800653846154,4.101,89.1755,180.0,2.0,51,Production Occupations,52520.0,25.25,52520.0,25.25,150.73802307692307,1.674866923076923,33.80667076923077,False,False,False,False,1.6918529050008284,1.6918529050008284,3.0453352290014912,0.03383705810001657,159941.00622715833,1777.12229141287,0.011111111111111112,0.9402612491561352
51-7041.00,"Sawing Machine Setters, Operators, and Tenders, Wood",3925008.0137538463,24565.418723076924,90.98303230769231,4.209545454545455,64.91227272727272,43140.0,270.0,51,Production Occupations,39950.0,19.21,38170.0,18.35,238139.65262307692,1490.4428884615384,50.04727269230769,False,False,False,False,6.067239908519883,6.067239908519882,2617.4072965354776,16.381547753003687,104565421.49659233,625283.6777321508,0.006258692628650904,0.5296325534189634
51-7042.00,"Woodworking Machine Setters, Operators, and Tenders, Except Sawing",6385542.652326923,77614.33058076924,100.79783192307693,4.0888,75.83359999999999,63350.0,770.0,51,Production Occupations,40440.0,19.44,37880.0,18.21,244003.78180769234,2965.7918230769237,50.58979923076924,False,False,False,False,3.821191010583512,3.821191010583512,2420.724505204655,29.423170781493045,97894098.99047625,1114549.7092029566,0.012154696132596687,1.0285730791873746
51-8011.00,Nuclear Power Reactor Operators,313129.7466,3448.8066496153847,54.74296269230769,4.416315789473684,81.15157894736842,5720.0,63.0,51,Production Occupations,122610.0,58.95,122610.0,58.95,0.0,0.0,34.42817807692308,False,False,False,False,0.0,0.0,0.0,0.0,0.0,0.0,,
51-8012.00,Power Distributors and Dispatchers,668161.4875615385,2911.3790307692307,72.78447576923077,4.454285714285715,82.98571428571428,9180.0,40.0,51,Production Occupations,107240.0,51.56,100620.0,48.38,34832.157715384616,151.77410769230767,37.411761923076924,False,False,False,False,5.2131346035080375,5.2131346035080375,478.5657566020379,2.085253841403215,51321391.73800254,209818.24152199147,0.004357298474945533,0.3687299016298569
51-8013.00,Power Plant Operators,2329510.4315076927,25782.342015384616,75.83041769230769,4.288181818181818,73.76227272727273,30720.0,340.0,51,Production Occupations,99670.0,47.92,103760.0,49.88,35153.663562393165,1167.2114854700853,42.583874358974356,False,False,False,False,1.5090580014978172,4.527174004493451,463.58261806012945,5.130797205092579,46205279.5420531,532371.518000406,0.03320312499999999,2.8097650609548563
51-8013.03,Biomass Plant Technicians,2538744.552369231,28098.08423846154,82.64142423076923,4.165,84.36277777777778,30720.0,340.0,51,Production Occupations,99670.0,47.92,103760.0,49.88,63843.19409230769,2119.793553846154,32.74329615384615,True,False,True,False,2.514754547980314,7.544263643940942,772.5325971395524,8.550165463133068,76998323.9568992,887165.1684546871,0.033203125,2.8097650609548572
51-8013.04,Hydroelectric Plant Technicians,626707.2354461539,6936.2128923076925,20.400626153846154,4.109523809523809,89.34857142857143,30720.0,340.0,51,Production Occupations,99670.0,47.92,103760.0,49.88,0.0,0.0,7.590866153846154,True,False,True,False,0.0,0.0,0.0,0.0,0.0,0.0,,
51-8021.00,Stationary Engineers and Boiler Operators,1815840.2566384615,6489.357642307693,58.994160384615384,4.0484,81.11,30780.0,110.0,51,Production Occupations,75190.0,36.15,69450.0,33.39,0.0,0.0,37.67023269230769,False,False,False,False,0.0,0.0,0.0,0.0,0.0,0.0,,
51-8031.00,Water and Wastewater Treatment Plant and System Operators,3171588.9074999997,43789.19596153846,25.022397692307692,4.2162500000000005,92.08125,126750.0,1750.0,51,Production Occupations,58260.0,28.01,59120.0,28.42,0.0,0.0,9.282603076923078,False,False,False,False,0.0,0.0,0.0,0.0,0.0,0.0,,
51-8091.00,Chemical Plant and System Operators,1034096.0254153847,19128.45786923077,57.96502384615385,4.440526315789474,82.32052631578946,17840.0,330.0,51,Production Occupations,73540.0,35.35,53420.0,25.68,25609.14846153846,473.7118269230769,15.820365384615386,False,False,False,False,2.4764768292433534,2.4764768292433534,441.80346633701424,8.172373536503066,32490226.91442403,436568.1943199938,0.01849775784753363,1.5653452410278705
51-8092.00,Gas Plant Operators,658406.2102230769,6621.306953846154,41.38316846153846,4.163157894736842,79.37,15910.0,160.0,51,Production Occupations,83400.0,40.1,95690.0,46.01,19078.880369230763,191.8680615384615,20.65132653846154,False,False,False,False,2.8977370008048045,2.8977370008048045,461.02995682804436,4.636379201287687,38449898.3994589,443655.12577121874,0.01005656819610308,0.8510221236862568
51-8093.00,"Petroleum Pump System Operators, Refinery Operators, and Gaugers",1972452.542307692,37344.196153846155,56.582115384615385,3.877916666666667,76.74249999999999,34860.0,660.0,51,Production Occupations,97540.0,46.9,101920.0,49.0,0.0,0.0,33.273973846153844,False,False,False,False,0.0,0.0,0.0,0.0,0.0,0.0,,
51-8099.01,Biofuels Processing Technicians,1243630.560826923,6237.645446153846,77.97056807692307,4.316842105263158,85.5278947368421,15950.0,80.0,51,Production Occupations,61710.0,29.67,63380.0,30.47,226719.36713461537,1137.1504307692308,33.940570384615384,False,False,False,False,18.230443531707973,18.230443531707973,2907.7557433074217,14.584354825366379,179437606.91950098,924356.408831721,0.005015673981191223,0.42444394946233066
51-9011.00,Chemical Equipment Operators and Tenders,13060689.821423076,153763.71346153846,102.50914230769231,4.324347826086957,91.0004347826087,127410.0,1500.0,51,Production Occupations,57090.0,27.45,39110.0,18.81,368928.8370346154,4343.405192307692,46.14210038461539,False,False,False,False,2.8247270402936295,2.8247270402936295,3598.9847220381134,42.37090560440444,205466037.78115588,1657126.1181882578,0.01177301624676242,0.9962739866264677
51-9012.00,"Separating, Filtering, Clarifying, Precipitating, and Still Machine Setters, Operators, and Tenders",4069499.1003076923,36790.67452307692,75.08300923076924,3.9685,74.48949999999999,54200.0,490.0,51,Production Occupations,49500.0,23.8,45620.0,21.94,0.0,0.0,40.92963,False,False,False,False,0.0,0.0,0.0,0.0,0.0,0.0,,
51-9021.00,"Crushing, Grinding, and Polishing Machine Setters, Operators, and Tenders",1812560.5812115385,15871.808942307693,63.48723576923077,3.8319047619047617,74.96095238095238,28550.0,250.0,51,Production Occupations,46890.0,22.54,50440.0,24.25,0.0,0.0,34.69361961538461,False,False,False,False,0.0,0.0,0.0,0.0,0.0,0.0,,
51-9022.00,"Grinding and Polishing Workers, Hand",945992.0539615385,6386.4442461538465,79.83055307692308,3.949411764705882,74.42117647058824,11850.0,80.0,51,Production Occupations,41690.0,20.04,35710.0,17.17,74857.71248076923,505.36852307692305,45.104940769230765,False,False,False,False,7.913143896641308,7.913143896641308,937.7075517519949,6.330515117313046,39093027.83254067,226062.69483924887,0.006751054852320675,0.5712979741708163
51-9023.00,"Mixing and Blending Machine Setters, Operators, and Tenders",8208823.264184616,132689.22967692307,81.40443538461538,4.342499999999999,86.6,100840.0,1630.0,51,Production Occupations,47680.0,22.92,44920.0,21.6,0.0,0.0,47.71080038461538,False,False,False,False,0.0,0.0,0.0,0.0,0.0,0.0,,
51-9031.00,"Cutters and Trimmers, Hand",528295.438676923,5828.43624,74.72354153846155,4.054444444444445,67.02333333333334,7070.0,78.0,51,Production Occupations,38800.0,18.65,38800.0,18.65,0.0,0.0,46.81760653846154,False,False,False,False,0.0,0.0,0.0,0.0,0.0,0.0,,
51-9032.00,"Cutting and Slicing Machine Setters, Operators, and Tenders",5621717.998923076,73316.47369230769,118.25237692307692,4.098400000000001,70.9344,47540.0,620.0,51,Production Occupations,45700.0,21.97,44830.0,21.55,331525.6753846154,4323.6415384615375,93.867325,False,False,False,False,5.897230623238733,5.897230623238732,2803.5434382876933,36.56282986408014,128121935.12974758,1639111.6628067128,0.013041649137568362,1.1036301578231456
51-9041.00,"Extruding, Forming, Pressing, and Compacting Machine Setters, Operators, and Tenders",5994482.306196154,82632.01922692308,104.5974926923077,4.176153846153846,63.95692307692308,57310.0,790.0,51,Production Occupations,45130.0,21.7,38940.0,18.72,245432.98458461545,3383.2151076923087,60.03012961538462,False,False,False,False,4.09431493910534,4.09431493910534,2346.4518916012703,32.34508801893218,105895373.86796533,1259517.727457219,0.013784679811551213,1.1665080232943852
51-9051.00,"Furnace, Kiln, Oven, Drier, and Kettle Operators and Tenders",1080851.6429538461,10701.501415384615,66.88438384615385,3.998823529411765,61.52117647058823,16160.0,160.0,51,Production Occupations,47010.0,22.6,37180.0,17.88,90275.02443076923,893.8121230769231,48.657749230769234,False,False,False,False,8.352212352109465,8.352212352109465,1349.7175161008895,13.363539763375142,63450220.43190282,496856.4084022878,0.009900990099009901,0.8378565586539819
51-9061.00,"Inspectors, Testers, Sorters, Samplers, and Weighers",68537629.96816154,806897.9068615384,115.93360730769231,4.124516129032258,65.03483870967742,591180.0,6960.0,51,Production Occupations,47460.0,22.82,48000.0,23.08,0.0,0.0,68.14038923076923,False,False,False,False,0.0,0.0,0.0,0.0,0.0,0.0,,
51-9071.00,Jewelers and Precious Stone and Metal Workers,1485717.3654923076,30450.227815384616,63.43797461538461,3.943793103448276,82.91862068965517,23420.0,480.0,51,Production Occupations,49140.0,23.63,46200.0,22.21,10932.819230769232,447.5423076923077,14.250426153846153,False,False,False,False,0.7358613074530855,1.4697502770937965,172.33871820551263,3.5321342757748107,8468724.612618892,163184.60354079626,0.04093567251461988,3.4641203916278664
51-9071.06,Gem and Diamond Workers,965553.0222461538,19789.30190769231,41.22771230769231,4.175714285714286,55.50214285714286,23420.0,480.0,51,Production Occupations,49140.0,23.63,46200.0,22.21,0.0,0.0,16.800333076923074,False,False,False,False,0.0,0.0,0.0,0.0,0.0,0.0,,
51-9081.00,Dental Laboratory Technicians,2736965.3092923076,94405.93785,80.68883576923076,4.4541176470588235,65.29294117647059,33920.0,1170.0,51,Production Occupations,48310.0,23.23,45770.0,22.0,0.0,0.0,21.769356538461537,False,False,False,False,0.0,0.0,0.0,0.0,0.0,0.0,,
51-9082.00,Medical Appliance Technicians,457609.06141153845,8363.612088461537,39.82672423076923,4.183333333333334,85.45466666666667,11490.0,210.0,51,Production Occupations,47060.0,22.63,40600.0,19.52,0.0,0.0,10.32946,False,False,False,False,0.0,0.0,0.0,0.0,0.0,0.0,,
51-9083.00,Ophthalmic Laboratory Technicians,2122233.1681384617,23328.710386153845,113.24616692307691,4.417222222222223,76.83055555555556,18740.0,206.0,51,Production Occupations,38420.0,18.47,38420.0,18.47,0.0,0.0,31.975242692307692,False,False,False,False,0.0,0.0,0.0,0.0,0.0,0.0,,
51-9111.00,Packaging and Filling Machine Operators and Tenders,34366853.66357692,472716.5824615385,89.52965576923077,4.284000000000001,86.549,383860.0,5280.0,51,Production Occupations,40900.0,19.67,40430.0,19.44,3541836.800530769,48718.01778461538,69.19481884615385,False,False,False,False,10.305967590755971,10.305967590755971,39560.48719387587,544.1550887919152,1618023926.2295232,22000190.239857133,0.013755014849163758,1.1639976699812313
51-9123.00,"Painting, Coating, and Decorating Workers",224983.7462653846,3984.3638653846156,26.562425769230767,4.2155555555555555,70.86444444444444,8470.0,150.0,51,Production Occupations,40860.0,19.64,42020.0,20.2,0.0,0.0,4.892685769230769,False,False,False,False,0.0,0.0,0.0,0.0,0.0,0.0,,
51-9124.00,"Coating, Painting, and Spraying Machine Setters, Operators, and Tenders",13147922.649230769,146729.16812307693,82.43211692307692,4.099130434782609,72.37652173913044,159500.0,1780.0,51,Production Occupations,47590.0,22.88,45720.0,21.98,232882.5146153846,2598.939661538461,44.60584699300699,True,False,True,False,1.771249503274265,1.771249503274265,2825.1429577224526,31.528241158281915,134448553.3580115,1441471.1857566491,0.01115987460815047,0.9443877875536856
51-9141.00,Semiconductor Processing Technicians,3008713.8776153848,13101.708953846155,93.58363538461539,4.1745,58.0955,32150.0,140.0,51,Production Occupations,51180.0,24.6,39090.0,18.8,116040.2933653846,505.30765384615376,52.965938076923074,False,True,True,False,3.856807196879572,3.856807196879572,1239.9635137967823,5.399530075631401,63461332.63611932,211067.63065643146,0.004354587869362363,0.3685005206646128
51-9151.00,Photographic Process Workers and Processing Machine Operators,497345.72907692305,9857.302738461538,89.61184307692308,3.998518518518519,72.92888888888889,5550.0,110.0,51,Production Occupations,40100.0,19.28,40250.0,19.35,11245.82198076923,222.89016538461533,82.17983653846153,False,False,False,False,2.2611679005752294,2.261167900575229,125.49481848192524,2.4872846906327526,5032342.221125202,100113.2087979683,0.01981981981981982,1.6772227687649979
51-9161.00,Computer Numerically Controlled Tool Operators,19552548.48244231,106077.68603076923,110.49758961538461,4.262962962962963,83.08666666666667,176950.0,960.0,51,Production Occupations,49970.0,24.02,45880.0,22.06,2831496.2551346156,15361.607261538462,78.54864961538462,True,True,True,True,14.481469040607301,14.481469040607301,25624.959467354623,139.0221027898301,1280479224.5837104,6378334.075997405,0.005425261373269285,0.45910467322458365
51-9162.00,Computer Numerically Controlled Tool Programmers,844453.4579076923,4487.000307692308,29.913335384615387,4.048,77.03933333333333,28230.0,150.0,51,Production Occupations,65670.0,31.57,69590.0,33.46,0.0,0.0,30.24107174556213,True,True,True,True,0.0,0.0,0.0,0.0,0.0,0.0,,
51-9191.00,Adhesive Bonding Machine Operators and Tenders,867845.9765384615,4991.718846153846,71.31026923076922,4.23,82.640625,12170.0,70.0,51,Production Occupations,45210.0,21.74,54640.0,26.27,69974.97238461538,402.4854615384615,40.21775384615385,False,False,False,False,8.063063524673057,8.063063524673057,981.274830952711,5.64414446727114,44363435.10737207,308396.0536916951,0.005751848808545604,0.4867416491112286
51-9192.00,"Cleaning, Washing, and Metal Pickling Equipment Operators and Tenders",405145.9454076923,5541.953176923077,29.168174615384615,3.960909090909091,71.74545454545455,13890.0,190.0,51,Production Occupations,41460.0,19.93,43730.0,21.02,35238.74836153846,482.0275153846154,20.245027307692308,False,False,False,False,8.69779119375815,8.69779119375815,1208.1231968130069,16.525803268140486,50088787.73986726,722673.3769157834,0.013678905687544997,1.1575570453974018
51-9193.00,Cooling and Freezing Equipment Operators and Tenders,395275.6543038462,4378.62257423077,59.98113115384616,3.8955555555555557,56.053333333333335,6590.0,73.0,51,Production Occupations,40160.0,19.31,40160.0,19.31,0.0,0.0,35.83040576923077,False,False,False,False,0.0,0.0,0.0,0.0,0.0,0.0,,
51-9194.00,Etchers and Engravers,1144383.631203846,10911.882061538461,136.39852576923076,4.17576923076923,46.301153846153845,8390.0,80.0,51,Production Occupations,40450.0,19.45,39190.0,18.84,62100.263,592.136,98.38004923076923,False,False,False,False,5.426524926319769,5.426524926319768,455.2854413182286,4.341219941055815,18416296.101322345,170132.4094899774,0.009535160905840286,0.806898807380712
51-9195.00,"Molders, Shapers, and Casters, Except Metal and Plastic",2615499.5277884617,38385.74846538462,75.26617346153846,3.8240909090909088,48.28409090909091,34750.0,510.0,51,Production Occupations,45690.0,21.97,39260.0,18.87,0.0,0.0,25.631326153846153,False,False,False,False,0.0,0.0,0.0,0.0,0.0,0.0,,
51-9195.03,"Stone Cutters and Carvers, Manufacturing",1545986.6420192309,22689.300357692307,44.48882423076923,3.94125,67.443125,34750.0,510.0,51,Production Occupations,45690.0,21.97,39260.0,18.87,0.0,0.0,26.11380423076923,False,False,False,False,0.0,0.0,0.0,0.0,0.0,0.0,,
51-9195.04,"Glass Blowers, Molders, Benders, and Finishers",3154935.82,46302.6552,90.78952,4.14375,47.724375,34750.0,510.0,51,Production Occupations,45690.0,21.97,39260.0,18.87,0.0,0.0,30.713026153846155,False,False,False,False,0.0,0.0,0.0,0.0,0.0,0.0,,
51-9195.05,"Potters, Manufacturing",2156722.2758653844,31652.614696153847,62.06395038461538,4.186521739130435,75.88521739130434,34750.0,510.0,51,Production Occupations,45690.0,21.97,39260.0,18.87,38755.88284615385,3377.56326923077,28.046726923076925,False,False,False,False,1.7969806905528927,10.670724367175842,624.4507899671302,9.164601521819753,28531156.593598176,359802.2557466435,0.08714969241285031,7.374913078651163
51-9196.00,"Paper Goods Machine Setters, Operators, and Tenders",6154645.676846154,58404.06418461539,63.48267846153846,4.192857142857142,58.62357142857143,96950.0,920.0,51,Production Occupations,49390.0,23.75,59100.0,28.42,291431.21525,2765.5153999999998,40.61296115384616,False,False,False,False,4.735142046379169,4.735142046379168,4590.720213964604,43.56330682668835,226735671.3677118,2574591.4334572814,0.009489427539969056,0.8030286893257141
51-9197.00,Tire Builders,3167911.1067923075,34896.87485307692,151.06872230769233,4.396,50.7365,20970.0,231.0,51,Production Occupations,55580.0,26.72,55580.0,26.72,0.0,0.0,38.627588076923075,False,False,False,False,0.0,0.0,0.0,0.0,0.0,0.0,,
51-9198.00,Helpers--Production Workers,15836644.606846156,121027.55446153847,94.55277692307693,3.7243333333333335,56.074666666666666,167490.0,1280.0,51,Production Occupations,38220.0,18.38,35940.0,17.280000000000005,2074335.4987961538,15852.584861538462,60.60145846153846,False,False,False,False,13.098327014924752,13.098327014924754,21938.38791729747,167.6585857910368,838485186.1991093,6025649.573329863,0.00764224729834617,0.6467138091992762
53-1041.00,Aircraft Cargo Handling Supervisors,178738.66286153847,879.6194038461538,17.592388076923076,4.498333333333333,72.11166666666666,10160.0,50.0,53,Transportation and Material Moving Occupations,63940.0,30.74,78990.0,37.98,0.0,0.0,9.778256153846153,True,False,True,False,0.0,0.0,0.0,0.0,0.0,0.0,,
53-1042.00,"First-Line Supervisors of Helpers, Laborers, and Material Movers, Hand",6507501.0368,71661.99491538461,52.84807884615385,3.9945833333333334,79.10666666666667,123136.0,1356.0,53,Transportation and Material Moving Occupations,61900.0,29.76,61900.0,29.76,0.0,0.0,35.98381807692307,True,False,True,False,0.0,0.0,0.0,0.0,0.0,0.0,,
53-1042.01,Recycling Coordinators,3852470.02624,42424.22488615385,31.286301538461537,3.66,59.20086956521739,123136.0,1356.0,53,Transportation and Material Moving Occupations,61900.0,29.76,61900.0,29.76,61636.7825276923,679.1607138461538,22.65551,True,False,True,False,1.5999289315133134,1.600879487294567,1970.0884891082335,21.69503631132053,121948477.47579965,1342922.7476707408,0.011018756755205694,0.9324458991717578
53-1043.00,First-Line Supervisors of Material-Moving Machine and Vehicle Operators,4035866.65344,44443.827816923076,32.77568423076923,3.9463157894736844,86.13684210526316,123136.0,1356.0,53,Transportation and Material Moving Occupations,61900.0,29.76,61900.0,29.76,318279.4069333334,3505.477940512821,8.289057902097902,True,True,True,True,7.886271630457503,7.887434797364651,9710.83943488015,106.93784330900375,601100961.0190814,6619452.500827332,0.011013838357588358,0.9320296870898808
53-2011.00,"Airline Pilots, Copilots, and Flight Engineers",8067072.610961539,144606.13542307692,81.23940192307693,4.28375,78.83291666666666,99300.0,1780.0,53,Transportation and Material Moving Occupations,226600.0,108.9423076923077,133230.0,64.05288461538461,0.0,0.0,64.85760346153846,False,False,False,False,0.0,0.0,0.0,0.0,0.0,0.0,,
53-2012.00,Commercial Pilots,2811212.5928692305,36882.58852307692,54.23910076923077,4.40875,83.19208333333333,51830.0,680.0,53,Transportation and Material Moving Occupations,122670.0,58.97596153846154,101160.0,48.63461538461539,0.0,0.0,37.06192115384616,False,False,False,False,0.0,0.0,0.0,0.0,0.0,0.0,,
53-2021.00,Air Traffic Controllers,3444597.9766153847,53821.843384615386,153.77669538461538,4.473478260869565,83.81739130434782,22400.0,350.0,53,Transportation and Material Moving Occupations,144580.0,69.51,156120.0,75.06,21545.91384615385,336.6549038461539,93.45266461538462,False,False,False,False,0.625498650130561,0.625498650130561,140.11169762924567,2.1892452754569636,20257349.24323634,341784.97240434116,0.015625,1.322242381625815
53-2022.00,Airfield Operations Specialists,1163714.9696,20281.090215384615,69.93479384615385,4.045925925925926,67.87296296296296,16640.0,290.0,53,Transportation and Material Moving Occupations,56750.0,27.28,61400.0,29.52,0.0,0.0,43.086014999999996,False,False,False,False,0.0,0.0,0.0,0.0,0.0,0.0,,
53-2031.00,Flight Attendants,13289143.002796154,146363.39960807693,102.13775269230769,4.0308,93.4604,130110.0,1433.0,53,Transportation and Material Moving Occupations,67130.0,32.27403846153846,49330.0,23.716346153846157,0.0,0.0,76.24304923076923,False,False,False,False,0.0,0.0,0.0,0.0,0.0,0.0,,
53-3011.00,"Ambulance Drivers and Attendants, Except Emergency Medical Technicians",155773.41664615384,1715.0550011538462,12.895150384615384,4.087272727272727,88.04909090909092,12080.0,133.0,53,Transportation and Material Moving Occupations,34330.0,16.51,34330.0,16.51,0.0,0.0,1.1018246153846154,False,False,False,False,0.0,0.0,0.0,0.0,0.0,0.0,,
53-3031.00,Driver/Sales Workers,19890317.144561537,161059.05789999999,47.650608846153844,3.880909090909091,63.86181818181819,417420.0,3380.0,53,Transportation and Material Moving Occupations,37130.0,17.85,26310.0,12.65,0.0,0.0,44.519309615384614,False,False,False,False,0.0,0.0,0.0,0.0,0.0,0.0,,
53-3032.00,Heavy and Tractor-Trailer Truck Drivers,106982890.53332308,1254561.5423230769,51.67057423076923,4.340344827586207,78.19413793103449,2070480.0,24280.0,53,Transportation and Material Moving Occupations,57440.0,27.62,59580.0,28.64,8106407.003076923,95061.80307692307,24.903088461538463,False,False,False,False,7.57729293223007,7.57729293223007,156886.33470323717,1839.766723945461,9011551065.353943,109613301.41267057,0.011726749352807077,0.9923587195510154
53-3033.00,Light Truck Drivers,36082699.24181538,358138.23424615385,36.285535384615386,4.41,78.43153846153847,994410.0,9870.0,53,Transportation and Material Moving Occupations,44140.0,21.22,43760.0,21.04,4380523.299173077,43478.81151923077,22.04848076923077,False,True,True,False,12.140231721069782,12.14023172106978,120723.67825749003,1198.2408708695873,5328743158.28561,52435020.50925314,0.009925483452499472,0.8399292722573133
53-3052.00,"Bus Drivers, Transit and Intercity",8474634.1875,63710.5,56.884375,4.2542857142857144,84.59285714285714,148980.0,1120.0,53,Transportation and Material Moving Occupations,57440.0,27.61,49500.0,23.8,1040647.7616,7823.368861538462,32.405720384615385,True,False,True,False,12.279559666834292,12.279559666834292,18294.08799164973,137.53106826854406,1050812414.2403604,6807787.879292931,0.007517787622499664,0.6361815942739859
53-4011.00,Locomotive Engineers,2331473.328369231,25508.460923076924,72.88131692307692,4.5878571428571435,90.2242857142857,31990.0,350.0,53,Transportation and Material Moving Occupations,77400.0,37.21,79800.0,38.37,0.0,0.0,42.80503,False,False,False,False,0.0,0.0,0.0,0.0,0.0,0.0,,
53-4013.00,"Rail Yard Engineers, Dinkey Operators, and Hostlers",228229.50276923075,2489.7763938461535,69.16045538461537,4.204782608695653,76.55434782608695,3300.0,36.0,53,Transportation and Material Moving Occupations,58030.0,27.9,58030.0,27.9,0.0,0.0,21.80336846153846,False,False,False,False,0.0,0.0,0.0,0.0,0.0,0.0,,
53-4022.00,"Railroad Brake, Signal, and Switch Operators and Locomotive Firers",1375156.7274307692,15120.102059230769,110.36570846153846,4.226,80.89920000000001,12460.0,137.0,53,Transportation and Material Moving Occupations,65480.0,31.48,65480.0,31.48,0.0,0.0,38.917845692307694,True,True,True,True,0.0,0.0,0.0,0.0,0.0,0.0,,
53-4031.00,Railroad Conductors and Yardmasters,2202948.946153846,24242.23846153846,51.57923076923077,4.0745,73.827,42710.0,470.0,53,Transportation and Material Moving Occupations,74080.0,35.62,74080.0,35.62,0.0,0.0,29.097885,False,False,False,False,0.0,0.0,0.0,0.0,0.0,0.0,,
53-4041.00,Subway and Streetcar Operators,511841.54353846156,50071.455346153845,55.63495038461538,4.564,96.20599999999999,9200.0,900.0,53,Transportation and Material Moving Occupations,84830.0,40.78,57200.0,27.5,0.0,0.0,26.26502076923077,False,False,False,False,0.0,0.0,0.0,0.0,0.0,0.0,,
53-5011.00,Sailors and Marine Oilers,1298434.252553846,14284.432944230768,41.40415346153846,3.7621428571428575,73.96857142857142,31360.0,345.0,53,Transportation and Material Moving Occupations,49610.0,23.85,49610.0,23.85,0.0,0.0,15.545869615384614,False,False,False,False,0.0,0.0,0.0,0.0,0.0,0.0,,
53-5021.00,"Captains, Mates, and Pilots of Water Vessels",3721240.573603846,41008.30245,105.14949346153846,4.3389655172413795,84.44413793103449,35390.0,390.0,53,Transportation and Material Moving Occupations,85540.0,41.13,49120.0,23.62,143516.19586153846,1581.5574000000001,79.19853653846154,False,False,False,False,3.8566761009635506,3.8566761009635497,1364.8776721310005,15.041036793757849,116751636.07408579,738815.7273093855,0.011020062164453236,0.9325563674874356
53-5022.00,Motorboat Operators,127878.91953846153,1396.9966,53.73063846153846,4.254375,75.67375,2380.0,26.0,53,Transportation and Material Moving Occupations,51880.0,24.94,51880.0,24.94,9973.076023076921,108.94956999999998,21.258763846153848,False,False,False,False,7.798842889095075,7.798842889095075,185.6124607604628,2.0276991511647195,9629574.464252809,105197.03196242565,0.01092436974789916,0.9244585390862843
53-5031.00,Ship Engineers,254523.951,2818.1556346153843,29.664796153846154,4.333529411764706,88.21411764705883,8580.0,95.0,53,Transportation and Material Moving Occupations,101320.0,48.71,101320.0,48.71,0.0,0.0,13.317369615384614,False,False,False,False,0.0,0.0,0.0,0.0,0.0,0.0,,
53-6011.00,Bridge and Lock Tenders,255078.64984615386,2813.3674615384616,93.77891538461539,4.566111111111111,74.32722222222223,2720.0,30.0,53,Transportation and Material Moving Occupations,58490.0,28.12,58490.0,28.12,0.0,0.0,55.04918076923077,False,False,False,False,0.0,0.0,0.0,0.0,0.0,0.0,,
53-6021.00,Parking Attendants,8423641.491326923,26900.600380769232,62.55953576923077,3.95,66.38133333333333,134650.0,430.0,53,Transportation and Material Moving Occupations,34600.0,16.63,34590.0,16.63,0.0,0.0,34.16623615384616,False,True,True,False,0.0,0.0,0.0,0.0,0.0,0.0,,
53-6031.00,Automotive and Watercraft Service Attendants,5508444.193007693,94731.5629,56.054179230769236,3.9314285714285715,65.79714285714286,98270.0,1690.0,53,Transportation and Material Moving Occupations,34850.0,16.76,34350.0,16.51,0.0,0.0,22.300322692307695,False,False,False,False,0.0,0.0,0.0,0.0,0.0,0.0,,
53-6041.00,Traffic Technicians,157279.8106153846,1722.1931769230769,20.749315384615382,3.7939130434782613,53.59608695652174,7580.0,83.0,53,Transportation and Material Moving Occupations,58480.0,28.12,58480.0,28.12,3990.7563,43.698254999999996,16.640893846153848,False,False,False,False,2.537360824879857,2.537360824879857,192.33195052589315,2.106009484650281,11247572.466754232,123159.43466234843,0.010949868073878627,0.9266162969916002
53-6051.00,Transportation Inspectors,339442.78973846155,3493.4077846153846,14.555865769230769,4.094285714285714,75.64428571428572,23320.0,240.0,53,Transportation and Material Moving Occupations,85750.0,41.23,62960.0,30.27,0.0,0.0,9.320641318681318,False,False,False,False,0.0,0.0,0.0,0.0,0.0,0.0,,
53-6051.01,Aviation Inspectors,354741.8308923077,3650.8593230769234,15.211913846153847,4.2846153846153845,78.90153846153846,23320.0,240.0,53,Transportation and Material Moving Occupations,85750.0,41.23,62960.0,30.27,0.0,0.0,6.552465384615385,False,False,False,False,0.0,0.0,0.0,0.0,0.0,0.0,,
53-6051.07,"Transportation Vehicle, Equipment and Systems Inspectors, Except Aviation",961234.7845692307,9892.639292307693,41.21933038461538,3.8392857142857144,54.53357142857143,23320.0,240.0,53,Transportation and Material Moving Occupations,85750.0,41.23,62960.0,30.27,0.0,0.0,6.680162692307692,False,False,False,False,0.0,0.0,0.0,0.0,0.0,0.0,,
53-6061.00,Passenger Attendants,774002.0937384615,1832.6805692307692,30.544676153846154,4.185,59.73083333333333,25340.0,60.0,53,Transportation and Material Moving Occupations,37560.0,18.06,33780.0,16.24,0.0,0.0,20.174645769230768,False,True,True,False,0.0,0.0,0.0,0.0,0.0,0.0,,
53-7011.00,Conveyor Operators and Tenders,1707166.7751461538,15067.089726923077,65.50908576923077,4.308,56.552499999999995,26060.0,230.0,53,Transportation and Material Moving Occupations,41230.0,19.82,40680.0,19.56,60948.99770000001,537.92285,34.25875307692308,False,False,False,False,3.570184154666556,3.570184154666555,930.3899907061044,8.211423555733077,38359979.31681269,334040.7102472216,0.008825786646201074,0.7468690659068303
53-7021.00,Crane and Tower Operators,1117087.569230769,13564.634769230768,26.597323076923075,4.134545454545454,76.08545454545455,42000.0,510.0,53,Transportation and Material Moving Occupations,66370.0,31.91,69020.0,33.18,0.0,0.0,16.180288846153847,False,False,False,False,0.0,0.0,0.0,0.0,0.0,0.0,,
53-7031.00,Dredge Operators,33738.22521538461,360.31114307692303,32.755558461538456,4.276666666666666,91.56833333333333,1030.0,11.0,53,Transportation and Material Moving Occupations,48430.0,23.28,48430.0,23.28,0.0,0.0,12.878022307692307,False,False,False,False,0.0,0.0,0.0,0.0,0.0,0.0,,
53-7041.00,Hoist and Winch Operators,121793.91027692308,1325.9820876923077,49.110447692307694,4.202307692307692,69.09461538461538,2480.0,27.0,53,Transportation and Material Moving Occupations,52310.0,25.15,52310.0,25.15,0.0,0.0,39.53571576923077,False,False,False,False,0.0,0.0,0.0,0.0,0.0,0.0,,
53-7051.00,Industrial Truck and Tractor Operators,33152652.325315382,284716.9218153846,41.14406384615384,4.276666666666667,69.55666666666667,805770.0,6920.0,53,Transportation and Material Moving Occupations,46390.0,22.3,47500.0,22.84,10014951.27973846,86008.98873846153,32.98274307692307,False,False,False,False,30.208597434272367,30.208597434272367,243411.81554613647,2090.4349424516477,11291874123.18527,99295659.76645327,0.00858805862715167,0.7267516859332578
53-7061.00,Cleaners of Vehicles and Equipment,17763444.0432,211379.094,47.50092,3.6670000000000003,74.3255,373960.0,4450.0,53,Transportation and Material Moving Occupations,35270.0,16.96,34170.0,16.43,0.0,0.0,8.058274230769232,False,False,False,False,0.0,0.0,0.0,0.0,0.0,0.0,,
53-7062.00,"Laborers and Freight, Stock, and Material Movers, Hand",104293614.92297308,1040303.0460576924,34.96816961538462,3.82,53.29923076923077,2982530.0,29750.0,53,Transportation and Material Moving Occupations,38940.0,18.72,39570.0,19.02,3460642.750959615,69038.11317307693,13.616541153846153,False,False,False,False,3.318173172456916,6.636346344913832,98965.51032047925,987.1565188059326,3853716971.8794622,39061783.449150756,0.019949505956352493,1.688197265151098
53-7062.04,Recycling and Reclamation Workers,121318984.78642309,1210126.9048076924,40.67653461538462,3.992857142857143,54.92785714285714,2982530.0,29750.0,53,Transportation and Material Moving Occupations,38940.0,18.72,39570.0,19.02,6614474.935073078,131955.50711538462,7.700707692307693,True,False,True,False,5.452135085631964,10.904270171263928,162611.564569499,1622.0101879755093,6332094324.336291,64182943.1381909,0.019949505956352493,1.688197265151098
53-7063.00,Machine Feeders and Offbearers,3046065.1355346153,10438.432676923077,65.24020423076924,4.075384615384616,72.78307692307693,46690.0,160.0,53,Transportation and Material Moving Occupations,39700.0,19.09,39440.0,18.96,223038.23774615384,764.3203692307692,16.47918307692308,False,False,False,False,7.322175587916585,7.3221755879165835,3418.7237819982533,11.715480940666536,135723334.14533067,462058.56829988817,0.0034268579995716426,0.28999276050221345
53-7064.00,"Packers and Packagers, Hand",29866163.405723076,348597.4779,49.657760384615386,4.128333333333333,72.48166666666667,601440.0,7020.0,53,Transportation and Material Moving Occupations,35580.0,17.1,35430.0,17.03,2629083.924923077,30686.634000000002,12.669730000000001,False,False,False,False,8.802884686619244,8.802884686619244,52944.06965920278,617.962505000671,1883749998.4744349,21894411.55217377,0.011671987230646448,0.987724556425988
53-7065.00,Stockers and Order Fillers,200687368.488,1948729.4886153846,72.20190769230769,3.9113333333333333,81.50099999999999,2779530.0,26990.0,53,Transportation and Material Moving Occupations,37090.0,17.83,37800.0,18.17,13989278.2755,135839.73573076923,47.73937269230769,True,True,True,True,6.970682002009748,6.970682002009748,193752.19745046154,1881.387072342431,7186269003.437618,71116431.3345439,0.009710274758682224,0.8217175566823054
53-7071.00,Gas Compressor and Gas Pumping Station Operators,153588.00549615384,1683.1562246153846,30.056361153846154,3.9853846153846155,91.80461538461539,5110.0,56.0,53,Transportation and Material Moving Occupations,71510.0,34.38,71510.0,34.38,0.0,0.0,28.503204615384615,False,False,False,False,0.0,0.0,0.0,0.0,0.0,0.0,,
53-7072.00,"Pump Operators, Except Wellhead Pumpers",310134.70384615386,4922.773076923077,24.613865384615387,4.162142857142857,76.58714285714287,12600.0,200.0,53,Transportation and Material Moving Occupations,60020.0,28.86,73840.0,35.5,0.0,0.0,19.405186153846152,False,False,False,False,0.0,0.0,0.0,0.0,0.0,0.0,,
53-7073.00,Wellhead Pumpers,353158.5493269231,3663.8927307692306,20.354959615384615,4.058571428571429,70.29571428571428,17350.0,180.0,53,Transportation and Material Moving Occupations,70010.0,33.66,66890.0,32.16,0.0,0.0,12.788731923076924,False,False,False,False,0.0,0.0,0.0,0.0,0.0,0.0,,
53-7081.00,Refuse and Recyclable Material Collectors,5067620.027815385,24759.17243076923,36.410547692307695,3.975,82.45785714285715,139180.0,680.0,53,Transportation and Material Moving Occupations,48350.0,23.24,50720.0,24.38,622249.691153846,3040.162307692307,22.10393346153846,False,False,False,False,12.278933458673173,12.278933458673173,17089.819587781323,83.49674751897757,826292777.069227,4234955.034162543,0.0048857594481965805,0.4134501253653936
53-7121.00,"Tank Car, Truck, and Ship Loaders",715618.2726,2621.312353846154,65.53280884615384,4.287894736842105,67.15578947368421,10920.0,40.0,53,Transportation and Material Moving Occupations,58070.0,27.92,47540.0,22.86,32551.969800000006,119.23798461538465,39.83031692307692,False,False,False,False,4.54878963357538,4.54878963357538,496.7278279864315,1.819515853430152,28844984.97117208,86499.78367206943,0.0036630036630036634,0.3099762359855391
