soc_code_2019,title,task_comp_nat,task_comp_ut,freq_sum_eco,importance,relevance,tot_emp_nat,tot_emp_ut,major_group_code,major_occ_category,a_med_nat,h_med_nat,a_med_ut,h_med_ut,ai_task_comp_nat,ai_task_comp_ut,freq_sum_ai,code_changed,title_changed,code_or_title_changed,code_and_title_changed,pct_automated_nat,pct_automated_ut,people_automated_nat,people_automated_ut,eco_value_nat,eco_value_ut,ut_share_of_nat,ut_concentration_index
11-1011.00,Chief Executives,3761657.2440192304,70669.79386923077,17.756229615384616,3.950967741935484,72.6974193548387,211850.0,3980.0,11,Management Occupations,206420.0,99.24,163980.0,78.84,1229955.3047015383,46213.269215384615,15.507808461538461,False,False,False,False,32.697165768015694,65.39324184374848,69268.94567954126,1301.3471975670245,14298495767.170906,213394913.45704067,0.037573128908614084,2.967681551954241
11-1011.03,Chief Sustainability Officers,1618392.793826923,30404.547176923075,7.639333461538461,3.757222222222222,96.50277777777778,211850.0,3980.0,11,Management Occupations,206420.0,99.24,163980.0,78.84,98350.49101153846,3695.580769230769,3.695580769230769,False,False,False,False,6.077047017675762,12.154697610611677,12874.224106946102,241.8664713034953,2657497340.155814,39661263.96434716,0.037575620937135984,2.967878382702337
11-1021.00,General and Operations Managers,69870293.94412307,894913.3179076923,19.492775384615385,3.6958823529411764,69.39117647058823,3584420.0,45910.0,11,Management Occupations,102950.0,49.5,91230.0,43.86,66962070.641253844,857664.1864346154,18.68142423076923,False,False,False,False,95.83768274226095,95.83768274226097,3435225.06775015,43999.080146972,353656420724.8779,4014036081.8082557,0.012808208859452856,1.0116454564703743
11-2011.00,Advertising and Promotions Managers,372525.7100769231,4096.017286153846,17.655246923076923,3.691904761904762,72.79380952380953,21100.0,232.0,11,Management Occupations,126960.0,61.04,108370.0,52.10000000000001,426436.8736289593,4688.784582081448,20.210278371040722,False,False,False,False,114.4717967360975,114.4717967360975,24153.549111316574,265.5745684277462,3066534595.1727524,28780315.980514858,0.010995260663507108,0.868451288935303
11-2021.00,Marketing Managers,3934261.3544769227,67039.20849230769,10.219391538461538,3.4295,73.021,384980.0,6560.0,11,Management Occupations,161030.0,77.42,135190.0,65.0,3383506.893507692,57654.43716923076,8.788786153846154,False,False,False,False,86.00107081491906,86.00107081491905,331086.9224232754,5641.670245458691,53314927117.82004,762697400.4835604,0.017039846225777963,1.3458777259507089
11-2022.00,Sales Managers,6808787.663576922,97669.57838461538,11.278242307692308,3.584705882352941,82.30588235294118,603710.0,8660.0,11,Management Occupations,138060.0,66.38,130430.0,62.71,5880069.456292307,84347.45406153846,9.739890769230769,False,False,False,False,86.36000631576866,86.36000631576866,521363.994128927,7478.776546945566,71979513029.43967,975456825.0181102,0.01434463566944394,1.1329988180982662
11-3012.00,Administrative Services Managers,1594059.623069231,11352.98621923077,6.272368076923077,3.655,74.9975,254140.0,1810.0,11,Management Occupations,108390.0,52.11,105800.0,50.86,2405606.3130845465,23582.167334615384,13.710562403846154,True,False,True,False,150.91068604151388,207.7177482578959,383524.4175059034,2731.4834173514014,41570211613.46487,288990945.55577826,0.009803003594706053,0.7742818808757909
11-3013.00,Facilities Managers,1464904.6937076922,16612.428307692306,10.382767692307691,3.921818181818182,82.02363636363636,141090.0,1600.0,11,Management Occupations,104690.0,50.33,94310.0,45.34,2405606.3130845465,23582.167334615384,13.710562403846154,True,True,True,True,164.21589222954339,141.9549682793561,231692.20234666276,2627.454275672694,24255856663.672123,247795212.73869178,0.009803003594706053,0.7742818808757909
11-3021.00,Computer and Information Systems Managers,8508774.72885,106562.20498846154,13.172089615384616,3.84,89.90588235294118,645970.0,8090.0,11,Management Occupations,171200.0,82.31,162400.0,78.08,7676525.86305,96139.28546538462,11.883718846153846,False,False,False,False,90.21893407310266,90.21893407310264,582787.2484320212,7298.711766514005,99773176931.56204,1185310790.8818743,0.01252380141492639,0.9891817769505635
11-3031.00,Financial Managers,15301560.974023078,162058.7496576923,18.691897307692308,3.904705882352941,57.60529411764706,818620.0,8670.0,11,Management Occupations,161700.0,77.74,137760.0,66.23,2853213.848885,90646.25417846153,18.636154230769232,False,False,False,False,18.64655412430667,55.93419322926321,152644.4213723993,1616.6562425773884,24682602935.916965,222710563.97746104,0.03176987740119267,2.5093166794994275
11-3031.01,Treasurers and Controllers,9755610.406215385,103321.61713846153,11.917141538461538,4.113181818181818,79.08318181818181,818620.0,8670.0,11,Management Occupations,161700.0,77.74,137760.0,66.23,1154528.1552992307,36687.18458307692,9.639302307692308,False,False,False,False,11.834504528426748,35.50775297478392,96879.62097060705,1026.0515426145992,15665434710.94716,141348860.5105872,0.03177677773788751,2.509861696710034
11-3031.03,Investment Fund Managers,30074163.70826154,318515.3054538461,36.737636153846154,4.047,78.4505,818620.0,8670.0,11,Management Occupations,161700.0,77.74,137760.0,66.23,8201138.660535896,260574.64581923076,30.05474576923077,True,False,True,False,27.2697147627849,81.80914428835473,223235.33899110978,2364.284269933451,36097154314.86245,325703801.0260322,0.03177298380200826,2.509562035919326
11-3051.00,Industrial Production Managers,3881767.2143153846,37926.64442692308,16.561853461538462,3.6976923076923076,84.13461538461539,234380.0,2290.0,11,Management Occupations,121440.0,58.39,108370.0,52.10000000000001,192595.0973053846,11301.764946923076,23.254660384615384,False,False,False,False,4.961531350852836,29.79901100583595,11628.837180128876,113.61906793452994,1412205987.1548507,12312898.39206501,0.058681477903887946,4.634906500343473
11-3051.01,Quality Control Systems Managers,6802797.196561539,66466.4458576923,29.024648846153845,3.8985185185185185,85.9774074074074,234380.0,2290.0,11,Management Occupations,121440.0,58.39,108370.0,52.1,282015.9056661539,16535.77230269231,17.799539615384617,False,False,False,False,4.145587432897431,24.87837598251628,9716.427825224999,94.93395221335116,1179962995.0953238,10287992.401360866,0.058634183287048725,4.631170975355872
11-3051.02,Geothermal Production Managers,5157451.309338462,50390.66259230769,22.004656153846156,3.9629411764705886,79.54529411764706,234380.0,2290.0,11,Management Occupations,121440.0,58.39,108370.0,52.1,35779.44071538461,2094.462732692308,11.571617307692307,False,False,False,False,0.6937426757786297,4.156450074169167,1625.9940834899523,15.88670727533062,197460721.4990198,1721642.4674275792,0.05853816300129367,4.623586894952514
11-3051.03,Biofuels Production Managers,6401449.12143077,62545.091253846156,27.312266923076923,4.057142857142857,90.90785714285714,234380.0,2290.0,11,Management Occupations,121440.0,58.39,108370.0,52.1,8119.1004819230775,480.028366923077,8.276351153846155,False,False,False,False,0.12683222701469196,0.7674916724876599,297.26937367703505,2.904457998636446,36100392.739339136,314756.1133122316,0.059123343527013254,4.66980687985089
11-3051.04,Biomass Power Plant Managers,6470586.0831,63220.59105,27.607245,3.856842105263158,82.88631578947368,234380.0,2290.0,11,Management Occupations,121440.0,58.39000000000001,108370.0,52.1,110569.83300692309,6486.797655,12.794472692307693,False,False,False,False,1.7088070784764222,10.260577364532564,4005.102030533038,39.13168209711007,486379590.5879321,4240700.388863819,0.058666975237213606,4.633761019581191
11-3051.06,Hydroelectric Production Managers,4036669.0464615384,39440.10630769231,17.222753846153847,3.967777777777778,85.05777777777777,234380.0,2290.0,11,Management Occupations,121440.0,58.39,108370.0,52.1,13833.485325,808.97575,6.2228903846153845,False,False,False,False,0.34269555333316587,2.0511500240105063,803.2098379022741,7.847728171329498,97541802.71485217,850458.3019269777,0.05847953216374269,4.618955988237269
11-3061.00,Purchasing Managers,1297151.7996461538,7983.4551923076915,15.966910384615383,4.051666666666667,93.56722222222223,81240.0,500.0,11,Management Occupations,139510.0,67.07,123360.0,59.31,1055340.877153846,6495.204807692307,12.990409615384614,False,False,False,False,81.35831731041266,81.35831731041266,66095.49698297924,406.79158655206334,9220982784.095434,50181810.11706253,0.006154603643525358,0.48611612136175103
11-3071.00,"Transportation, Storage, and Distribution Managers",5219563.607307692,63712.983,24.50499346153846,3.914615384615385,92.16576923076923,213000.0,2600.0,11,Management Occupations,102010.0,49.05,97980.0,47.11,2082167.6023351648,50832.260714285716,19.550869505494504,False,False,False,False,39.891603187285796,79.78320637457159,84969.11478891874,1037.1816828694307,8667699399.617601,101623061.28754681,0.024413145539906103,1.9282514857936994
11-3071.04,Supply Chain Managers,2135131.006153846,26062.631999999998,10.02408923076923,3.627666666666667,86.03133333333334,213000.0,2600.0,11,Management Occupations,102010.0,49.05,97980.0,47.11,895618.4267307691,21864.862999999998,8.409562692307691,True,False,True,False,41.94676692668644,83.8935338533729,89346.61355384212,1090.6159400938475,9114248048.627436,106858549.81039518,0.024413145539906103,1.9282514857936994
11-3111.00,Compensation and Benefits Managers,144427.84978846152,1223.3549807692307,7.196205769230768,3.875,74.67545454545454,20070.0,170.0,11,Management Occupations,140360.0,67.48,132920.0,63.91,132236.40548076923,1120.0891346153844,6.588759615384615,False,False,False,False,91.5587995490145,91.55879954901447,18375.85106948721,155.64995923332464,2579234456.1132245,20688992.581293512,0.00847035376183358,0.669023670045129
11-3121.00,Human Resources Managers,3016879.0499076922,28976.149003846152,13.998139615384614,3.9057692307692307,94.71076923076923,215520.0,2070.0,11,Management Occupations,140030.0,67.32,131070.0,63.02,2424834.4194461536,23289.75152307692,11.251087692307692,False,False,False,False,80.37559276764333,80.37559276764333,173225.4775328249,1663.7747702902168,24256763618.92147,218070959.14193872,0.00960467706013363,0.758617228636018
11-3131.00,Training and Development Managers,225863.96110769227,2511.8323076923075,5.023664615384615,3.9616666666666664,92.47166666666668,44960.0,500.0,11,Management Occupations,127090.0,61.1,109980.0,52.88,188505.97083076922,2096.3742307692305,4.192748461538461,False,False,False,False,83.45995966168736,83.45995966168735,37523.59786389464,417.2997983084368,4768874052.522369,45894631.81796188,0.011120996441281138,0.8783824221403169
11-9013.00,"Farmers, Ranchers, and Other Agricultural Managers",111296.43807692306,1224.0725,18.831884615384613,3.8590000000000004,84.1375,5910.0,65.0,11,Management Occupations,87980.0,42.3,87980.0,42.3,71285.28263496503,784.0174909090908,12.061807552447553,False,False,False,False,64.04992277084004,64.04992277084003,3785.350435756646,41.63244980104602,333035131.33786976,3662822.933496029,0.010998307952622674,0.8686919764679737
11-9021.00,Construction Managers,3542852.23845,50549.69605,10.170964999999999,3.6260000000000003,92.7368,348330.0,4970.0,11,Management Occupations,106980.0,51.43,99900.0,48.03,2276480.808086982,32481.008285798816,6.535414142011834,False,False,False,False,64.25559562943963,64.25559562943963,223821.51625602704,3193.503102783149,23944425809.069775,319030959.9680366,0.01426807912037436,1.1269520643422066
11-9031.00,"Education and Childcare Administrators, Preschool and Daycare",1319669.5139846154,10134.295346153845,18.42599153846154,3.928235294117647,85.17294117647059,71620.0,550.0,11,Management Occupations,56270.0,27.05,59400.0,28.56,1090304.2350416668,8372.903229166666,15.223460416666667,False,True,True,False,82.61949097767652,82.6194909776765,59172.07943821193,454.4072003772209,3329612909.988185,26991787.70240692,0.00767941915666015,0.6065523746072538
11-9032.00,"Education Administrators, Kindergarten through Secondary",5998869.808296153,52738.554457692306,18.768168846153845,3.776875,81.05875,319630.0,2810.0,11,Management Occupations,104070.0,48.39,124650.0,59.92788461538461,3918104.8310559997,34445.685871999995,12.2582512,False,True,True,False,65.31405008385823,65.31405008385822,208763.2982830361,1835.3248073564164,21725996452.315567,228773237.2369773,0.00879141507367894,0.6943824240239933
11-9033.00,"Education Administrators, Postsecondary",3399529.7362076924,47210.338134615384,19.269525769230768,3.6974074074074075,66.34962962962963,176420.0,2450.0,11,Management Occupations,103960.0,49.97999999999999,100110.0,48.13,2112350.7564,29334.879,11.973419999999999,False,False,False,False,62.13655770978516,62.136557709785166,109621.31511160298,1522.3456638897364,11396231919.002245,152402024.41200152,0.013887314363450858,1.0968776846570707
11-9041.00,Architectural and Engineering Managers,2924808.6847,34484.76532307693,13.905147307692308,3.346315789473684,80.61105263157894,210340.0,2480.0,11,Management Occupations,167740.0,80.64,149990.0,72.11,1019204.9613292308,24037.85286153846,13.775273846153846,False,False,False,False,34.84689329120245,69.70571681823951,73296.95534871523,864.2029536218208,12294831290.193493,129621801.0137369,0.023584905660377357,1.8628336650673891
11-9041.01,Biofuels/Biodiesel Technology and Product Development Managers,4531095.1737,53423.58101538462,21.541766538461538,3.548888888888889,65.62444444444445,210340.0,2480.0,11,Management Occupations,167740.0,80.64,149990.0,72.11,168313.3241053846,3967.3623634615387,5.397771923076923,False,False,False,False,3.714627869269481,7.426238166848158,7813.348260221426,92.12277115788312,1310611037.169542,13817494.44597089,0.02357129112949779,1.861758332953631
11-9051.00,Food Service Managers,15459950.063007694,127867.58026153847,63.30078230769231,4.3246153846153845,77.12461538461538,244230.0,2020.0,11,Management Occupations,65310.0,31.4,57450.0,27.62,10848005.35988502,89722.68282753037,44.41716971659919,False,False,False,False,70.16843725674084,70.16843725674084,171372.37431213816,1417.402432586165,11192329766.325743,81429769.75207518,0.00827089219178643,0.6532693679961173
11-9071.00,Gambling Managers,208125.23921538462,2297.486406923077,45.04875307692308,4.254736842105263,70.18,4620.0,51.0,11,Management Occupations,85580.0,41.14,85580.0,41.14,187610.60228698223,2071.026129142012,40.60835547337278,False,True,True,False,90.14312872108115,90.14312872108117,4164.612546913949,45.97299564775139,356407541.76489574,3934368.967534564,0.011038961038961041,0.8719029258315418
11-9081.00,Lodging Managers,1749823.7902307692,19254.4093,42.31738307692308,4.142083333333333,84.895,41350.0,455.0,11,Management Occupations,68130.0,32.76,64160.0,30.850000000000005,1645913.1486923078,18111.0153,39.80442923076923,False,False,False,False,94.06165111489554,94.06165111489554,38894.492736009306,427.98051257277467,2649881790.104314,27459229.686669223,0.011003627569528414,0.8691121418737622
11-9111.00,Medical and Health Services Managers,10661587.530676924,93833.42623846153,18.84205346153846,3.9766666666666666,87.50055555555555,565840.0,4980.0,11,Management Occupations,117960.0,56.71,107980.0,51.91,8472068.780153846,74563.30857692308,14.972551923076923,False,False,False,False,79.46348286103635,79.46348286103637,449636.1714208881,3957.28144647961,53039082780.80796,427307250.5908683,0.008801074508695038,0.6951453662630945
11-9121.00,Natural Sciences Managers,1200077.1593461537,13681.855192307692,11.897265384615384,3.795,83.3125,100870.0,1150.0,11,Management Occupations,161180.0,77.49,117190.0,56.34,108752.90288076922,3723.844065384615,11.897265384615384,False,False,False,False,9.062159214830972,27.217391304347828,9141.000000000002,104.21483097055618,1473346380.0000002,12212936.04143948,0.03424133027021114,2.704522277195311
11-9121.01,Clinical Research Coordinators,2941782.8445923077,33538.71588461538,29.164100769230767,3.9381818181818184,75.16272727272727,100870.0,1150.0,11,Management Occupations,161180.0,77.49,117190.0,56.34,559334.5182565384,19123.018654615385,27.554781923076924,False,False,False,False,19.01345367095085,57.01774248127176,19178.87071788812,218.65471721593477,3091250382.309207,25624146.310535394,0.03418887629932509,2.700379245027192
11-9121.02,Water Resource Specialists,996863.9141999999,11365.059,9.88266,3.505714285714286,93.07190476190476,100870.0,1150.0,11,Management Occupations,161180.0,77.49,117190.0,56.34,18628.846068461535,636.997845,4.454530384615384,False,False,False,False,1.8687451519811005,5.604879349944422,1885.003234803336,21.490569247782656,303824821.3856017,2518479.8101476496,0.03419416547106648,2.700797005747632
11-9131.00,Postmasters and Mail Superintendents,301335.21450384613,2400.208080769231,21.820073461538463,4.1269230769230765,70.48692307692308,13810.0,110.0,11,Management Occupations,92730.0,44.58,94720.0,45.54,287763.1979846154,2292.103676923077,20.837306153846153,False,False,False,False,95.49604033449017,95.49604033449015,13188.003170193093,105.04564436793919,1222923533.9720056,9949923.4345312,0.007965242577842143,0.6291278938359379
11-9141.00,"Property, Real Estate, and Community Association Managers",4577611.797415385,49535.24093076923,15.43153923076923,3.9722222222222223,77.22222222222223,296640.0,3210.0,11,Management Occupations,66700.0,32.07,59100.0,28.42,3944309.584984615,42682.15266923077,13.296620769230769,False,False,False,False,86.1652267501507,86.16522675015071,255600.528631647,2765.903778679837,17048555259.730854,163464913.3199784,0.010821197411003236,0.8547030513428127
11-9151.00,Social and Community Service Managers,3901607.0141,40315.341799999995,19.95809,3.915625,77.901875,195490.0,2020.0,11,Management Occupations,78240.0,37.61,77600.0,37.31,2974831.706334615,30738.963869230767,15.217308846153845,False,False,False,False,76.24631839095748,76.24631839095748,149053.9278224828,1540.175631497341,11661979312.831055,119517629.00419366,0.010333009361092639,0.8161439344503133
11-9161.00,Emergency Management Directors,52149.507092307686,746.7709846153845,4.148727692307691,3.8552173913043477,94.66347826086958,12570.0,180.0,11,Management Occupations,86130.0,41.41,79750.0,38.34,40469.34222692307,579.5132538461537,3.2195180769230762,False,False,False,False,77.60254024125284,77.60254024125283,9754.639308325482,139.6845724342551,840167083.6260738,11139844.651631845,0.01431980906921241,1.1310379102461665
11-9171.00,Funeral Home Managers,206782.37723076923,2679.3448269230767,15.760851923076922,3.978695652173913,90.83826086956523,13120.0,170.0,11,Management Occupations,76830.0,36.94,89060.0,42.82,162701.6122523077,2108.1763782692306,12.40103751923077,True,True,True,True,78.68253302394945,78.68253302394943,10323.148332742167,133.76030614071405,793127486.4045807,11912692.864891993,0.01295731707317073,1.0234226416010472
11-9179.01,Fitness and Wellness Coordinators,204348.30261923076,2259.7143092307692,19.480295769230768,3.82625,91.34541666666667,10490.0,116.0,11,Management Occupations,61340.0,29.49,59840.0,28.77,80516.98146346152,890.3689084615385,15.351188076923076,True,False,True,False,39.40183521538302,39.401835215383024,4133.252514093679,45.7061288498443,253533709.21450624,2735054.7503746827,0.011058150619637754,0.8734185985002335
11-9179.02,Spa Managers,427354.80108846154,4725.753758461538,40.73925653846154,4.081428571428571,90.75333333333333,10490.0,116.0,11,Management Occupations,61340.0,29.49,59840.0,28.77,197862.21861538463,2187.9902153846156,37.723969230769235,True,False,True,False,46.299285303788494,46.299285303788494,4856.795028367414,53.707170952394655,297915807.0400571,3213837.109791296,0.01105815061963775,0.8734185985002333
11-9199.01,Regulatory Affairs Managers,6081092.562353846,58692.595176923074,9.637536153846153,3.867037037037037,92.75296296296295,630980.0,6090.0,11,Management Occupations,136550.0,65.65,136550.0,65.65,776375.8315564101,44959.860669230766,7.382571538461538,False,False,False,False,12.767045125455112,76.60227075273069,80557.50133259667,777.5130481402164,11000126806.966076,106169406.72354655,0.057909917905480376,4.573965491702188
11-9199.02,Compliance Managers,14167251.726815384,136737.3974076923,22.452774615384616,3.949655172413793,72.49206896551723,630980.0,6090.0,11,Management Occupations,136550.0,65.65,136550.0,65.65,1921556.8631887985,111277.2001979757,18.272118259109313,False,False,False,False,13.56337065396903,81.3802239238142,85582.15615241378,826.009272826714,11686243422.612103,112791566.2044878,0.057909917905480376,4.573965491702188
11-9199.08,Loss Prevention Managers,9764933.631653845,94247.75082692307,15.475821153846153,3.8,90.90777777777777,630980.0,6090.0,11,Management Occupations,136550.0,65.65,136550.0,65.65,1385577.0714871793,80238.65446153846,13.175476923076921,False,False,False,False,14.189313760369204,85.13588256221523,89531.7319651776,864.1292080064845,12225557999.845001,117996843.35328546,0.057909917905480376,4.573965491702188
11-9199.09,Wind Energy Operations Managers,10660457.09303077,102891.03251538462,16.89507923076923,3.983125,96.07625,630980.0,6090.0,11,Management Occupations,136550.0,65.65,136550.0,65.65,1131845.533305128,65545.08191538462,10.762739230769231,False,False,False,False,10.617232670492784,63.70339602295672,66992.61470427537,646.5894696330106,9147841537.868803,88291792.0783876,0.057909917905480376,4.573965491702188
11-9199.10,Wind Energy Development Managers,3776027.004615384,36444.902307692304,5.984384615384615,3.720666666666667,92.466,630980.0,6090.0,11,Management Occupations,136550.0,65.65,136550.0,65.65,455443.22458205116,26374.679746153844,4.330817692307692,False,True,True,False,12.061439815588432,72.3686388935306,76105.2729483999,734.5416847693356,10392175021.104006,100301667.05525278,0.057909917905480376,4.573965491702188
11-9199.11,Brownfield Redevelopment Specialists and Site Managers,3289709.8477384606,31751.137869230763,5.213651538461537,3.6208695652173915,87.46347826086956,630980.0,6090.0,11,Management Occupations,136550.0,65.65,136550.0,65.65,382495.7076769229,22150.295030769226,3.637158461538461,False,False,False,False,11.627034765387375,69.76220859232426,73364.26396264126,708.0864172120912,10017890244.098663,96689200.27031106,0.057909917905480376,4.573965491702188
13-1011.00,"Agents and Business Managers of Artists, Performers, and Athletes",376402.44835384615,3441.0913,26.469933076923077,3.7214285714285715,77.18785714285715,14220.0,130.0,13,Business and Financial Operations Occupations,96310.0,46.3,60470.0,29.07,277049.87342307693,2532.80475,19.483113461538462,False,False,False,False,73.60469482457499,73.60469482457498,10466.587604054565,95.68610327194749,1008037052.1464951,5786138.664854664,0.009142053445850912,0.7220772968953197
13-1021.00,"Buyers and Purchasing Agents, Farm Products",4561914.542076923,50256.9513323077,28.107914615384615,3.6875,68.82583333333334,162300.0,1788.0,13,Business and Financial Operations Occupations,75650.0,36.37,75650.0,36.37,4219728.5879999995,46487.213279999996,25.99956,False,False,False,False,92.49907136749793,92.49907136749792,150125.99282944913,1653.883396050863,11357031357.547827,125116278.91124779,0.011016635859519409,0.870139590567818
13-1022.00,"Wholesale and Retail Buyers, Except Farm Products",3254423.4324230766,35852.79788769231,20.051900384615383,3.5869999999999997,69.869,162300.0,1788.0,13,Business and Financial Operations Occupations,75650.0,36.37,75650.0,36.37,2887883.8015384614,31814.76424615385,17.793492307692308,False,False,False,False,88.73718683214776,88.73718683214776,144020.4542285758,1586.6209005588018,10895147362.39176,120027871.12727337,0.01101663585951941,0.8701395905678181
13-1023.00,"Purchasing Agents, Except Wholesale, Retail, and Farm Products",4360544.437615384,48038.530218461536,26.867186923076922,3.858421052631579,96.05631578947369,162300.0,1788.0,13,Business and Financial Operations Occupations,75650.0,36.37,75650.0,36.37,4150051.8246923075,45719.60975076923,25.570251538461537,False,False,False,False,95.17279055552551,95.17279055552552,154465.4390716179,1701.689495132796,11685310465.767895,128732810.30679603,0.011016635859519409,0.870139590567818
13-1031.00,"Claims Adjusters, Examiners, and Investigators",20123297.739369232,137885.0313923077,65.97369923076923,4.271481481481481,80.82925925925926,305020.0,2090.0,13,Business and Financial Operations Occupations,76790.0,36.92,66240.0,31.84,20116707.19569231,137839.87292307694,65.95209230769231,False,False,False,False,99.96724918667765,99.96724918667765,304920.10346920416,2089.3155080015626,23414814745.40019,138396259.2500235,0.006852009704281687,0.5412001444613854
13-1032.00,"Insurance Appraisers, Auto Damage",182667.22162692307,1875.9149846153846,23.448937307692308,4.428571428571429,92.83857142857143,7790.0,80.0,13,Business and Financial Operations Occupations,76650.0,36.85,66080.0,31.77,111485.35957307692,1144.9074153846154,14.311342692307692,False,False,False,False,61.031945731770655,61.03194573177066,4754.388572504934,48.82555658541653,364423884.0825032,3226392.779164324,0.010269576379974327,0.8111337345197156
13-1041.00,Compliance Officers,14583969.62616923,140424.37506153845,36.664327692307694,4.315,64.13333333333334,397770.0,3830.0,13,Business and Financial Operations Occupations,78420.0,37.7,64730.0,31.12,2771839.1842507496,186824.06548951048,48.77912937062937,False,False,False,False,19.00606800001152,133.04247600008063,75600.43668364582,727.9324044004413,5928586244.731505,47119064.536840566,0.06740075923272242,5.323591502032239
13-1041.01,Environmental Compliance Inspectors,6045848.662257692,58213.541434615385,15.199358076923076,3.9584615384615387,70.0,397770.0,3830.0,13,Business and Financial Operations Occupations,78420.0,37.7,64730.0,31.12,676573.5715038461,45601.572396153846,11.906415769230769,False,False,False,False,11.190712988359756,78.3349909185183,44513.299053798604,428.60430745417864,3490732911.798887,27743556.821508985,0.06740075923272243,5.32359150203224
13-1041.03,Equal Opportunity Representatives and Officers,10563055.434403846,101708.2794423077,26.55568653846154,4.054444444444445,70.97222222222223,397770.0,3830.0,13,Business and Financial Operations Occupations,78420.0,37.7,64730.0,31.12,942648.1314642858,63535.199750000014,16.588825,False,False,False,False,8.92401007755846,62.468070542909224,35497.03488550429,341.789585970489,2783677475.7212462,22124039.89986975,0.06740075923272244,5.323591502032242
13-1041.04,Government Property Inspectors and Investigators,3278084.836303846,31563.629542307688,8.241156538461537,3.743846153846154,54.159230769230774,397770.0,3830.0,13,Business and Financial Operations Occupations,78420.0,37.7,64730.0,31.12,372832.2906708791,25129.179457692306,6.561143461538461,False,False,False,False,11.373479006457332,79.61435304520133,45240.28744398533,435.6042459473158,3547743341.35733,28196662.84016975,0.06740075923272242,5.323591502032239
13-1041.06,Coroners,12729691.18371923,122570.12151153845,32.002642692307695,4.592499999999999,94.421,397770.0,3830.0,13,Business and Financial Operations Occupations,78420.0,37.7,64730.0,31.12,1629371.3290499998,109820.86465,28.673855,False,False,False,False,12.799771066983157,89.59839746888211,50913.6493731389,490.2312318654549,3992648383.8415523,31732667.638650894,0.06740075923272244,5.323591502032242
13-1041.07,Regulatory Affairs Specialists,7165845.826546154,68997.63560769231,18.015048461538463,3.799,84.16666666666667,397770.0,3830.0,13,Business and Financial Operations Occupations,78420.0,37.7,64730.0,31.12,906887.31899011,61124.893838461554,15.959502307692308,False,False,False,False,12.65569119043157,88.589838333021,50340.542848179655,484.7129725935291,3947705370.1542487,31375470.71597914,0.06740075923272244,5.323591502032242
13-1041.08,Customs Brokers,26179455.607176926,252073.59774615386,65.81556076923077,3.9743478260869565,95.0,397770.0,3830.0,13,Business and Financial Operations Occupations,78420.0,37.7,64730.0,31.12,3655096.9028769233,246356.30632307692,64.32279538461539,True,False,True,False,13.961699424624028,97.73189597236819,55535.45180132699,534.7330879631003,4355090130.260062,34613272.78385148,0.06740075923272242,5.323591502032239
13-1051.00,Cost Estimators,1355131.3331846152,15432.18846153846,6.172875384615384,3.869285714285714,91.88214285714285,219530.0,2500.0,13,Business and Financial Operations Occupations,77070.0,37.05,79150.0,38.05,1193910.189876923,13596.207692307693,5.4384830769230765,False,False,False,False,88.10291376491047,88.10291376491047,193412.32658810794,2202.5728441227616,14906288010.14548,174333640.61231658,0.011387965198378354,0.8994687218017731
13-1071.00,Human Resources Specialists,23671072.81786154,269616.8889615385,25.80065923076923,4.067692307692308,75.9326923076923,917460.0,10450.0,13,Business and Financial Operations Occupations,72910.0,35.05,67620.0,32.51,22998366.797884617,261954.6716346154,25.067432692307694,False,False,False,False,97.15810928742818,97.15810928742816,891386.7894684385,10153.022420536245,64991010820.14385,686547376.0766609,0.011390142349530225,0.8996406822292621
13-1074.00,Farm Labor Contractors,4117.635834615385,50.215071153846154,10.04301423076923,4.227142857142857,88.15142857142857,410.0,5.0,13,Business and Financial Operations Occupations,48690.0,23.41,48690.0,23.41,2507.378023076923,30.57778076923077,6.115556153846153,False,False,False,False,60.89363226340605,60.89363226340606,249.66389227996478,3.0446816131703027,12156134.915111486,148245.54774526204,0.012195121951219513,0.9632213097421622
13-1075.00,Labor Relations Specialists,468818.8635692307,1524.2601230769228,7.2583815384615376,3.6592857142857143,76.82785714285714,64590.0,210.0,13,Business and Financial Operations Occupations,93500.0,44.95,91730.0,44.1,106910.68464230766,347.5962807692307,1.6552203846153843,False,False,False,False,22.804262573474738,22.80426257347474,14729.273196207334,47.88895140429695,1377187043.8453858,4392853.512316159,0.003251277287505806,0.2567993645109155
13-1081.00,Logisticians,4886196.8722,82321.34435,20.735855,3.804090909090909,93.18045454545454,235640.0,3970.0,13,Business and Financial Operations Occupations,80880.0,38.89,84000.0,40.38,235642.5354053846,69517.78743846154,17.51077769230769,False,False,False,False,4.822616475935957,84.44685638623386,11364.013463895491,191.45787409465748,919121408.9598674,16082461.42395123,0.2950137474920116,23.301409316598313
13-1081.01,Logistics Engineers,2383244.833846153,40152.27461538461,10.113923076923076,3.566333333333333,84.307,235640.0,3970.0,13,Business and Financial Operations Occupations,80880.0,38.89,84000.0,40.38,151997.99949230766,26197.449769230767,6.598853846153845,False,False,False,False,6.377775263945863,65.24524456005051,15028.589631962031,253.19767797865074,1215512329.433089,21268604.950206663,0.17235391160892596,13.61322675928903
13-1081.02,Logistics Analysts,10086125.83733846,169928.36349615385,42.80311423076923,3.7638709677419353,78.88516129032259,235640.0,3970.0,13,Business and Financial Operations Occupations,80880.0,38.89,84000.0,40.38,1714103.8739784616,161807.8842423077,40.75765346153846,False,False,False,False,16.994670715220636,95.22123376770473,40046.24207334591,674.6884273942592,3238940058.892217,56673827.90111777,0.09439794559634772,7.45594124913124
13-1111.00,Management Analysts,4840301.409461538,39907.172376923074,5.4148130769230765,3.950909090909091,93.01,893900.0,7370.0,13,Business and Financial Operations Occupations,101190.0,48.65,101190.0,48.65,4558228.170192307,37581.54336538461,5.099259615384614,False,False,False,False,94.17240342269076,94.17240342269078,841807.1141954326,6940.50613225231,85182461885.43582,702309815.5226113,0.008244770108513258,0.6512061375205038
13-1121.00,"Meeting, Convention, and Event Planners",3809366.884823077,54593.28794615385,28.28667769230769,3.958571428571428,76.91809523809523,134670.0,1930.0,13,Business and Financial Operations Occupations,59440.0,28.58,49400.0,23.75,3462280.2363461535,49619.07519230769,25.709365384615385,False,False,False,False,90.88860015401107,90.88860015401107,122399.67782740672,1754.1499829724137,7275436850.061055,86655009.15883723,0.014331328432464544,1.131947757331214
13-1131.00,Fundraisers,2346779.698026923,14621.68036153846,22.15406115384615,3.7889285714285714,85.91,105930.0,660.0,13,Business and Financial Operations Occupations,66490.0,31.97,60610.0,29.140000000000004,2277659.292385714,14191.023628571427,21.50155095238095,False,False,False,False,97.0546700357378,97.05467003573781,102810.01196885706,640.5608222358695,6835837695.809305,38824391.435716055,0.006230529595015576,0.49211306790565296
13-1141.00,"Compensation, Benefits, and Job Analysis Specialists",906916.3433730769,9479.344411538461,8.859200384615384,3.433636363636364,56.49409090909091,102370.0,1070.0,13,Business and Financial Operations Occupations,77020.0,37.03,68030.0,32.71,905326.458526923,9462.726488461538,8.843669615384615,False,False,False,False,99.82469332945962,99.82469332945962,102190.53856136782,1068.124218625218,7870715279.99655,72664490.59307358,0.010452280941682135,0.8255644985520887
13-1151.00,Training and Development Specialists,3766936.234680769,58668.299846153845,8.627691153846154,3.8549999999999995,90.17699999999999,436610.0,6800.0,13,Business and Financial Operations Occupations,65850.0,31.660000000000004,60510.0,29.09,2157706.636696154,33605.28876923077,4.94195423076923,False,False,False,False,57.28014763910676,57.28014763910677,250090.85260710403,3895.0500394592596,16468482644.1778,235689477.8876798,0.015574540207507846,1.2301417794192293
13-1161.00,Market Research Analysts and Marketing Specialists,7355767.129092307,113692.61733076922,8.541894615384615,3.986923076923077,95.22538461538463,861140.0,13310.0,13,Business and Financial Operations Occupations,76950.0,37.0,64900.0,31.2,3516746.0541230766,108711.4522153846,8.167652307692308,False,False,False,False,47.80937178141797,95.61874356283595,411705.62415850273,6363.4273841067325,31680747778.996784,412986437.22852695,0.030912511322200804,2.4415983507415535
13-1161.01,Search Marketing Strategists,17069857.230299998,263836.07745,19.822394999999997,3.516111111111111,88.40555555555555,861140.0,13310.0,13,Business and Financial Operations Occupations,76950.0,37.0,64900.0,31.200000000000003,6779166.001515384,209561.04577692304,15.744631538461537,True,False,True,False,39.71425132649596,79.42850265299192,341995.30387298734,5285.966851556612,26316538633.026375,343059248.6660241,0.0309125113222008,2.441598350741553
13-1199.04,Business Continuity Planners,4376459.1996153835,35998.52984615384,3.8791519230769222,4.022380952380952,89.60904761904762,1128200.0,9280.0,13,Business and Financial Operations Occupations,81270.0,39.07,79790.0,38.36,753371.2797115382,24787.397538461533,2.671055769230769,False,False,False,False,17.214173498469876,68.8566939938795,194210.30540973716,1597.4753006580045,15783471520.64934,127462554.23950218,0.03290196773621699,2.5987338693898097
13-1199.05,Sustainability Specialists,5708399.101923076,46954.39076923076,5.059740384615385,3.834285714285714,98.75714285714285,1128200.0,9280.0,13,Business and Financial Operations Occupations,81270.0,39.07,79790.0,38.36,1055621.3752692307,34732.020430769226,3.7426746153846153,False,False,False,False,18.49242417044049,73.96969668176196,208631.52949090963,1716.0969630168775,16955484401.726225,136927376.67911667,0.03290196773621698,2.598733869389809
13-1199.06,Online Merchants,73865434.46346153,607579.5353846154,65.47193269230769,3.9535294117647055,73.16647058823528,1128200.0,9280.0,13,Business and Financial Operations Occupations,81270.0,39.07,79790.0,38.36,18310557.77573077,602453.3811692308,64.91954538461539,False,False,False,False,24.789074766477302,99.15629906590918,279670.3415153969,2300.4261383290936,22728808654.956306,183551001.57727838,0.03290196773621698,2.598733869389809
13-2011.00,Accountants and Auditors,14161886.521499999,161733.90899999999,9.77835,4.1476,82.08879999999999,1448290.0,16540.0,13,Business and Financial Operations Occupations,81680.0,39.27,75100.0,36.11,14129356.459554195,161362.40382867132,9.755888986013986,False,False,False,False,99.77029852699062,99.77029852699062,1444963.2565365522,16502.007376364247,118024598793.90558,1239300753.9649549,0.011420364705963585,0.9020277692845354
13-2023.00,Appraisers and Assessors of Real Estate,1099536.0570403845,12099.177875,37.22823961538462,4.167241379310345,86.71344827586208,29535.0,325.0,13,Business and Financial Operations Occupations,65420.0,31.45,65420.0,31.45,1133493.3848446154,12492.029685692307,19.188985692307693,True,False,True,False,103.08833235497829,103.24692978937055,30447.138961042838,335.0370801536794,1991851830.8314223,21918125.783653706,0.011020822752666328,0.8704702887532775
13-2031.00,Budget Analysts,651969.1173,5252.242200000001,13.82169,3.9676923076923076,87.18692307692308,47170.0,380.0,13,Business and Financial Operations Occupations,87930.0,42.27,80420.0,38.66,576985.6896461538,4648.178123076923,12.232047692307692,False,False,False,False,88.4989295253163,88.4989295253163,41744.945057091696,336.2959321962019,3670633018.870073,27044918.867218554,0.008055967776128896,0.6362937462702094
13-2041.00,Credit Analysts,1596081.7668038462,20374.503776923077,23.69128346153846,4.0627272727272725,80.45454545454545,67370.0,860.0,13,Business and Financial Operations Occupations,80970.0,38.93,72500.0,34.86,1485568.070626923,18963.76043846154,22.05088423076923,False,False,False,False,93.07593768217609,93.07593768217612,62705.25921648203,800.4530640667144,5077244838.75855,58032847.1448368,0.012765325812676266,1.00825837558286
13-2052.00,Personal Financial Advisors,2334375.1432615384,22611.885815384616,8.630490769230768,3.8352380952380956,90.05047619047619,270480.0,2620.0,13,Business and Financial Operations Occupations,102140.0,49.11,67210.0,32.31,2211717.768830769,21423.767207692308,8.177010384615384,False,False,False,False,94.74560141779976,94.74560141779975,256267.9027148648,2482.3347571463537,26175203583.296288,166837719.02780643,0.00968648328896776,0.7650786238723977
13-2053.00,Insurance Underwriters,2530888.469030769,10797.706323076922,23.473274615384614,4.197142857142857,95.71428571428571,107820.0,460.0,13,Business and Financial Operations Occupations,79880.0,38.4,63410.0,30.49,2530888.469030769,10797.706323076922,23.473274615384614,False,False,False,False,100.0,100.0,107820.0,460.0,8612661600.0,29168600.0,0.00426636987571879,0.3369755871218174
13-2061.00,Financial Examiners,286857.8562692307,2739.371538461538,4.56561923076923,3.918823529411765,89.76941176470588,62830.0,600.0,13,Business and Financial Operations Occupations,90400.0,43.46,80030.0,38.48,219976.45704230765,2100.6823846153843,3.501137307692307,False,False,False,False,76.68482917053126,76.68482917053126,48181.07816784479,460.1089750231875,4355569466.373169,36822521.27110569,0.009549578226961643,0.7542652942752568
13-2071.00,Credit Counselors,2370648.4061884615,22770.368896153846,84.33469961538462,4.326086956521739,92.8395652173913,28110.0,270.0,13,Business and Financial Operations Occupations,50480.0,24.270000000000003,49250.0,23.68,2000944.9077576925,19219.32141923077,71.18267192307692,False,False,False,False,84.40496290104952,84.4049629010495,23726.235071485018,227.89339983283367,1197700346.4085636,11223749.941767057,0.0096051227321238,0.7586524296581811
13-2072.00,Loan Officers,5378415.729188462,103484.47295,18.512428076923076,3.988235294117647,82.49,290530.0,5590.0,13,Business and Financial Operations Occupations,74180.0,35.66,60870.0,29.27,6856017.915429586,131914.57043076924,23.598313136094674,True,True,True,True,127.47281468448473,127.47281468448475,370346.7685028335,7125.730340862697,27472323287.540188,433743205.8483124,0.019240698034626375,1.5197101296238336
13-2081.00,"Tax Examiners and Collectors, and Revenue Agents",3186899.0175423077,189916.0819346154,59.534821923076926,4.215714285714286,54.46619047619048,53530.0,3190.0,13,Business and Financial Operations Occupations,59740.0,28.72,48530.0,23.33,2780066.1586653846,165671.79238076924,51.93473115384616,False,False,False,False,87.23420928502884,87.23420928502884,46696.47223027593,2782.77127619242,2789647251.036684,135047890.03361815,0.05959275172800299,4.706882686388096
13-2082.00,Tax Preparers,3289218.747742308,65721.78278076922,44.708695769230765,4.453333333333333,100.0,73570.0,1470.0,13,Business and Financial Operations Occupations,50560.0,24.31,58660.0,28.2,2513560.5604576925,50223.37941923077,34.16556423076923,False,False,False,False,76.41816349803368,76.41816349803368,56220.84288550338,1123.347003421095,2842525816.291051,65895535.22068143,0.019980970504281634,1.5781799194824007
13-2099.01,Financial Quantitative Analysts,1005153.9346538461,16640.83799230769,7.886653076923077,3.2952380952380955,88.80952380952381,127450.0,2110.0,13,Business and Financial Operations Occupations,80190.0,38.55,77940.0,37.47,329705.28674999997,10919.188592307692,7.744105384615384,False,False,False,False,32.801472031599175,65.61681928130747,41805.47610427315,692.1110598667426,3352381128.801664,53943136.00601392,0.033118027011156785,2.615799127008545
13-2099.04,"Fraud Examiners, Investigators and Analysts",2120057.172134615,35098.63188076923,16.63442269230769,4.211304347826087,87.55782608695652,127450.0,2110.0,13,Business and Financial Operations Occupations,80190.0,38.55,77940.0,37.47,287169.9575192308,9504.443038461537,13.577775769230769,False,False,False,False,13.545387421325477,27.079240782798387,17263.59626847932,285.8076745899676,1384367784.7693567,22275850.157542072,0.03309692671394798,2.6141325380236453
15-1211.00,Computer Systems Analysts,11835830.269384615,66811.3359923077,23.776276153846155,3.494090909090909,81.31,497800.0,2810.0,15,Computer and Mathematical Occupations,103790.0,49.9,93330.0,44.87,3387976.694266154,38256.02833153846,23.776276153846155,True,False,True,False,28.624748895138612,57.25978647686832,142494.00000000003,804.355443953395,14789452260.000004,75070493.58417036,0.01129170351032324,0.8918655744435652
15-1211.01,Health Informatics Specialists,7412360.131769231,41841.56683461538,14.890237307692306,3.9811764705882355,97.75941176470589,497800.0,2810.0,15,Computer and Mathematical Occupations,103790.0,49.9,93330.0,44.87,1584410.5909623075,17883.175006538462,14.890237307692306,True,True,True,True,21.37525110486139,42.74021352313168,106406.0,600.6445560466051,11043878740.0,56058156.41582965,0.011286957502396482,0.891490715053922
15-1212.00,Information Security Analysts,2389953.011873077,22909.876723076923,13.31969576923077,4.047272727272728,89.25272727272727,179430.0,1720.0,15,Computer and Mathematical Occupations,124910.0,60.05,97180.0,46.72,2389953.011873077,22909.876723076923,13.31969576923077,True,False,True,False,100.0,100.0,179430.0,1720.0,22412601300.0,167149600.0,0.00958591094019952,0.7571350026530377
15-1221.00,Computer and Information Research Scientists,769683.2944,17401.883215384616,20.002164615384615,3.4686666666666666,78.06266666666667,38480.0,870.0,15,Computer and Mathematical Occupations,140910.0,67.74,94830.0,45.59,769683.2944,17401.883215384616,20.002164615384615,True,False,True,False,100.0,100.0,38480.0,870.0,5422216800.0,82502100.0,0.02260914760914761,1.785764247323437
15-1231.00,Computer Network Support Specialists,4510489.3294230765,30798.834615384614,30.798834615384614,3.7973076923076925,86.64307692307692,146450.0,1000.0,15,Computer and Mathematical Occupations,73340.0,35.26,69280.0,33.31,4510489.3294230765,30798.834615384614,30.798834615384614,True,False,True,False,100.0,100.0,146450.0,1000.0,10740643000.0,69280000.0,0.006828269033799932,0.5393250078447067
15-1232.00,Computer User Support Specialists,17634547.81498846,271899.98567307694,25.29302192307692,3.469375,88.588125,697210.0,10750.0,15,Computer and Mathematical Occupations,60340.0,29.01,57560.0,27.67,17461515.30981923,269232.06721153844,25.044843461538463,True,False,True,False,99.01878683261636,99.01878683261634,690368.8836756845,10644.519584506259,41656858440.9908,612698547.2841803,0.015418596979389281,1.217824736503659
15-1241.00,Computer Network Architects,2869741.87815,27398.81235,16.212315,3.597272727272727,93.48484848484848,177010.0,1690.0,15,Computer and Mathematical Occupations,130390.0,62.69,128990.0,62.01,766878.3901353846,14645.041159999999,14.822916153846153,True,False,True,False,26.722904801102125,53.451372172341614,47302.21378843087,451.61709113862594,6167735655.873501,58254088.58597136,0.01909695376526983,1.508356611065235
15-1241.01,Telecommunications Engineering Specialists,1917793.1272346152,18310.09765,10.834377307692307,3.866153846153846,86.05346153846153,177010.0,1690.0,15,Computer and Mathematical Occupations,130390.0,62.690000000000005,128990.0,62.01,398369.21922653844,7605.73287,10.834377307692307,True,False,True,False,20.77227275295181,41.53846153846154,36769.0,351.0514095248856,4794309910.0,45282121.314615,0.019092170034539967,1.5079787721721511
15-1242.00,Database Administrators,627585.7130153846,6860.734769230769,8.575918461538462,3.373333333333333,89.315,73180.0,800.0,15,Computer and Mathematical Occupations,104620.0,50.3,97890.0,47.06,844771.9444011627,11975.313018783541,17.07921923076923,True,False,True,False,134.60662454252744,174.5485494132609,98505.12784022158,1076.8529963402195,10305606474.643982,105413139.8117441,0.014175793950250723,1.1196629988624327
15-1243.00,Database Architects,973730.0834653846,9471.205073076922,15.033658846153845,3.7864,97.5244,64770.0,630.0,15,Computer and Mathematical Occupations,135980.0,65.37,127770.0,61.43,844771.9444011627,11975.313018783541,17.07921923076923,True,True,True,True,86.75627453089712,126.43916931779735,56192.039013662055,546.5645295446518,7640993465.077766,69834549.93992016,0.014175793950250723,1.1196629988624327
15-1243.01,Data Warehousing Specialists,435725.875776923,4238.185915384615,6.727279230769231,3.839444444444444,97.10055555555556,64770.0,630.0,15,Computer and Mathematical Occupations,135980.0,65.37,127770.0,61.43,217862.9378884615,4238.185915384615,6.727279230769231,True,False,True,False,50.0,100.0,32385.0,315.0,4403712300.0,40247550.0,0.01945345067160723,1.536514215262625
15-1244.00,Network and Computer Systems Administrators,6655998.797942308,51815.54138461538,20.893363461538463,3.5725000000000002,86.69800000000001,318570.0,2480.0,15,Computer and Mathematical Occupations,96800.0,46.54,88330.0,42.47,6655998.797942308,51815.54138461539,20.893363461538463,True,False,True,False,100.0,100.00000000000003,318570.0,2480.0,30837576000.0,219058400.0,0.007784788272593151,0.6148748643913932
15-1251.00,Computer Programmers,3363296.492,36733.92,30.6116,3.621176470588235,81.01176470588236,109870.0,1200.0,15,Computer and Mathematical Occupations,98670.0,47.44,88410.0,42.51,3363296.492,36733.92,30.6116,True,False,True,False,100.0,100.0,109870.0,1200.0,10840872900.0,106092000.0,0.010921998725766815,0.8626647572460977
15-1253.00,Software Quality Assurance Analysts and Testers,7881601.509,169624.0565,39.447455,3.9307407407407404,95.53407407407407,199800.0,4300.0,15,Computer and Mathematical Occupations,102610.0,49.32999999999999,107170.0,51.52000000000001,24747115.062284056,453977.31980289856,35.06440444444444,True,True,True,True,313.98586992789893,267.63734411863834,627343.768115942,13501.392406899655,64371744046.37681,1446944224.247436,0.018344656282573504,1.4489370358041593
15-1254.00,Web Developers,1719424.8592615386,38592.21406153846,21.80351076923077,3.631111111111111,93.20962962962962,78860.0,1770.0,15,Computer and Mathematical Occupations,90930.0,43.72,80350.0,38.63,1311677.4677917159,28366.389947041418,19.49580065088757,True,False,True,False,76.2858266661945,73.50288299554121,60159.00290896098,1350.2591319916426,5470258134.511822,108493321.25552848,0.02162604042806183,1.7081143648236827
15-1255.01,Video Game Designers,1931472.4379230768,19765.51686923077,17.33817269230769,3.93625,97.08333333333333,111400.0,1140.0,15,Computer and Mathematical Occupations,98090.0,47.16,99300.0,47.74,965736.2189615384,19765.516869230767,17.33817269230769,True,False,True,False,50.0,99.99999999999997,55700.0,570.0,5463613000.0,56601000.0,0.02046678635547576,1.616551670281819
15-1299.01,Web Administrators,11516474.26523077,130267.37015384616,26.21073846153846,3.898285714285714,91.24799999999999,439380.0,4970.0,15,Computer and Mathematical Occupations,108970.0,52.39,95640.0,45.98,1891735.7750076922,128389.00453076923,25.832797692307693,True,False,True,False,16.426344829502256,98.55806897701352,72174.07391186702,816.3893380262621,7864808834.176148,78079476.28883171,0.06786835996176431,5.360524546938698
15-1299.02,Geographic Information Systems Technologists and Technicians,16014978.181246154,181151.71733076923,36.44903769230769,3.832692307692308,93.44500000000001,439380.0,4970.0,15,Computer and Mathematical Occupations,108970.0,52.39,95640.0,45.98,2977143.3798470413,202053.8385612426,40.654695887573965,True,True,True,True,18.58974358974359,111.53846153846155,81679.61538461539,923.9102564102566,8900627688.461538,88362776.92307694,0.0678683599617643,5.360524546938697
15-1299.03,Document Management Specialists,8183849.46293077,92570.74020384616,18.62590346153846,3.8330434782608696,88.08434782608695,439380.0,4970.0,15,Computer and Mathematical Occupations,108970.0,52.39,95640.0,45.98,1363974.9104884616,92570.74020384616,18.62590346153846,True,False,True,False,16.666666666666664,100.0,73229.99999999999,828.3333333333333,7979873099.999998,79221800.0,0.06786835996176431,5.360524546938698
15-1299.08,Computer Systems Engineers/Architects,9242391.084507693,104544.32083846153,21.035074615384612,3.7175000000000002,93.28964285714287,439380.0,4970.0,15,Computer and Mathematical Occupations,108970.0,52.39,95640.0,45.98,1540398.5140846153,104544.32083846153,21.035074615384612,True,False,True,False,16.666666666666664,100.0,73229.99999999999,828.3333333333333,7979873099.999998,79221800.0,0.0678683599617643,5.360524546938697
15-1299.09,Information Technology Project Managers,10682897.400553845,120838.45436923076,24.313572307692304,4.055238095238095,98.39047619047618,439380.0,4970.0,15,Computer and Mathematical Occupations,108970.0,52.39,95640.0,45.98,1487181.0732392308,100932.54040692307,20.30835823076923,True,False,True,False,13.921139719661907,83.52683831797144,61166.70370025049,691.8806440671968,6665335702.216295,66171464.798586704,0.0678683599617643,5.360524546938697
15-2011.00,Actuaries,281908.5639,3183.1595076923077,9.947373461538461,3.5493333333333337,84.62933333333334,28340.0,320.0,15,Computer and Mathematical Occupations,125770.0,60.47,128860.0,61.95,175000.3393,1976.009476923077,6.175029615384616,False,False,False,False,62.07698584214596,62.07698584214597,17592.617787664163,198.64635469486709,2212623539.154522,25597569.26598057,0.011291460832745237,0.8918464067619738
15-2021.00,Mathematicians,25071.91239230769,271.0477015384615,11.29365423076923,3.8927272727272726,89.77181818181818,2220.0,24.0,15,Computer and Mathematical Occupations,121680.0,58.5,121680.0,58.5,26362.330169999997,284.998164,11.874923499999998,False,False,False,False,105.14686617239543,105.14686617239543,2334.260429027179,25.235247881374903,284032809.0040271,3070624.9622056982,0.010810810810810811,0.8538826745822411
15-2031.00,Operations Research Analysts,1050814.1382461537,10629.05911923077,9.751430384615384,4.143529411764706,98.04,107760.0,1090.0,15,Computer and Mathematical Occupations,91290.0,43.89,82230.0,39.54,1013735.0412923077,10254.001438461539,9.40734076923077,False,False,False,False,96.47139340780735,96.47139340780735,103957.5735362532,1051.5381881451,9490286888.124554,86467985.21117158,0.010115070527097253,0.7989302214620867
15-2041.00,Statisticians,757381.4071538461,8336.278575384615,25.41548346153846,4.084210526315789,94.98842105263158,29800.0,328.0,15,Computer and Mathematical Occupations,103300.0,49.66,88060.0,42.34,335037.4916153846,3687.6609815384613,22.48573769230769,False,False,False,False,44.236297386071,44.23629738607101,13182.416621049158,145.09505542631288,1361743636.9543781,12777070.580841113,0.011006711409395974,0.8693557163364161
15-2041.01,Biostatisticians,211187.32769230765,2324.477969230769,7.086823076923076,3.9812,90.66680000000001,29800.0,328.0,15,Computer and Mathematical Occupations,103300.0,49.66,88060.0,42.34,97797.6228076923,1076.4302107692306,6.5635988461538455,False,False,False,False,46.30847119301586,46.30847119301586,13799.924415518728,151.89178551309203,1425532192.1230845,13375590.632282885,0.011006711409395973,0.8693557163364158
15-2051.01,Business Intelligence Analysts,4104048.035384615,84914.9760576923,17.580740384615385,3.732941176470588,96.21823529411765,233440.0,4830.0,15,Computer and Mathematical Occupations,112590.0,54.13,116420.0,55.97,1183832.869353846,73482.42921923076,15.213753461538461,True,False,True,False,28.845492527060586,86.53647758118177,67336.91775517023,1393.2372890570261,7581463570.054616,162200685.192019,0.06207162440027417,4.902674330917762
15-2051.02,Clinical Data Managers,2772919.0152615383,57373.19586923077,11.87850846153846,3.7285714285714286,93.0952380952381,233440.0,4830.0,15,Computer and Mathematical Occupations,112590.0,54.13,116420.0,55.96999999999999,846932.1416410255,52570.453788461535,10.884151923076923,True,False,True,False,30.54298149277699,91.62894447833096,71299.5359967386,1475.2260061011286,8027614757.872799,171745811.6302934,0.06207162440027416,4.902674330917762
15-2099.01,Bioinformatics Technicians,85406.93682307692,934.7111111538461,18.327668846153845,3.6231578947368424,73.98315789473685,4660.0,51.0,15,Computer and Mathematical Occupations,71490.0,34.37,71490.0,34.37,82125.59423846153,898.7994219230769,17.623518076923077,True,False,True,False,96.15799054892604,96.15799054892604,4480.962359579953,49.04057517995228,320343999.0863708,3505910.7196147884,0.01094420600858369,0.864418780545434
17-1011.00,"Architects, Except Landscape and Naval",2800991.1880692304,32763.078499999996,25.202368076923076,3.73375,94.04791666666667,111140.0,1300.0,17,Architecture and Engineering Occupations,96690.0,46.49,81710.0,39.29,2390024.492707692,27956.017999999996,21.50462923076923,False,False,False,False,85.3278119148663,85.3278119148663,94833.3301621824,1109.261554893262,9169434693.381416,90637761.65032844,0.011696958790714414,0.9238743172441469
17-1012.00,Landscape Architects,263769.7183,1751.28005,13.471385000000001,3.8063157894736848,98.12105263157895,19580.0,130.0,17,Architecture and Engineering Occupations,79660.0,38.3,82180.0,39.51,184533.55503846155,1225.19725,9.42459423076923,False,False,False,False,69.9600986147247,69.96009861472469,13698.187308763096,90.9481281991421,1091197601.0160682,7474117.175405498,0.006639427987742594,0.5244095588279596
17-1021.00,Cartographers and Photogrammetrists,505202.9437615385,7899.967846153846,39.49983923076923,4.03,77.66071428571429,12790.0,200.0,17,Architecture and Engineering Occupations,78380.0,37.68,65250.0,31.37,505202.9437615385,7899.967846153846,39.49983923076923,False,False,False,False,100.0,100.0,12790.0,200.0,1002480200.0,13050000.0,0.01563721657544957,1.2350922189031632
17-1022.00,Surveyors,1303777.602076923,16211.251269230768,24.562501923076923,4.0216666666666665,87.76333333333334,53080.0,660.0,17,Architecture and Engineering Occupations,72740.0,34.97,64260.0,30.899999999999995,650297.9423999999,10340.08032,24.50256,False,False,False,False,49.877980827717295,63.78335730089909,26475.232223352337,329.19467346293413,1925808391.926649,21154049.716728147,0.015900527505651848,1.2558896082259903
17-1022.01,Geodetic Surveyors,615536.5241076923,7653.619176923077,11.596392692307692,4.13875,94.44624999999999,53080.0,660.0,17,Architecture and Engineering Occupations,72740.0,34.97,64260.0,30.9,298524.0534076923,2677.0431315384612,11.248080384615385,False,False,False,False,48.498186820098994,34.97748019146533,25742.837564108544,320.08803301265334,1872534004.4132555,20568857.001393102,0.008967596081386586,0.7082979307056533
17-2011.00,Aerospace Engineers,756699.2263076924,11056.388461538461,11.05638846153846,3.5485714285714285,72.725,68440.0,1000.0,17,Architecture and Engineering Occupations,134830.0,64.82,130670.0,62.82,695367.9574923078,10160.25653846154,10.160256538461539,False,False,False,False,91.89489473715335,91.89489473715336,62892.86595810776,918.9489473715336,8479845117.131669,120079058.95303829,0.014611338398597311,1.1540641057693937
17-2021.00,Agricultural Engineers,15541.845415384614,175.77087076923075,9.251098461538461,3.612142857142857,84.47357142857143,1680.0,19.0,17,Architecture and Engineering Occupations,84630.0,40.69,84630.0,40.69,10935.137446153845,123.6711973076923,6.509010384615384,False,False,False,False,70.35932448105123,70.35932448105123,1182.0366512816609,13.368271651399734,100035761.79796696,1131356.8298579594,0.01130952380952381,0.8932730955823147
17-2031.00,Bioengineers and Biomedical Engineers,305259.06831538456,5585.710307692307,13.964275769230769,3.496666666666667,82.75366666666667,21860.0,400.0,17,Architecture and Engineering Occupations,106950.0,51.42,86140.0,41.41,229373.20494615383,4197.130923076923,10.492827307692307,False,True,True,False,75.14050482168551,75.14050482168551,16425.714354020452,300.56201928674204,1756730150.1624875,25890412.341359958,0.018298261665141813,1.445272596502421
17-2041.00,Chemical Engineers,240688.33219615382,2651.9521107692303,11.839071923076922,4.043846153846154,96.15153846153846,20330.0,224.0,17,Architecture and Engineering Occupations,121860.0,58.59,80820.0,38.85,211770.74898041956,2333.332403916084,10.416662517482516,False,False,False,False,87.98546528953996,87.98546528953997,17887.445093363476,197.0874422485695,2179764059.0772734,15928607.082529387,0.011018199704869652,0.8702631095594706
17-2051.00,Civil Engineers,4120917.3000346157,53452.150342307694,11.59482653846154,3.59125,73.5125,355410.0,4610.0,17,Architecture and Engineering Occupations,99590.0,47.88,92000.0,44.23,368217.20888192306,14329.929350769231,7.557979615384615,False,False,False,False,8.93532148482645,26.808892175525834,31757.026089221683,411.9183204504993,3162682228.2255874,37896485.48144594,0.03891705494776165,3.0738304043234352
17-2051.01,Transportation Engineers,4595191.987396154,59603.936473076916,12.929270384615384,3.661153846153846,89.85961538461538,355410.0,4610.0,17,Architecture and Engineering Occupations,99590.0,47.88,92000.0,44.23,751960.9571861537,29258.677836923074,10.78064769230769,False,False,False,False,16.36408139744014,49.08849912981706,58159.581694641995,754.3841524219904,5792112740.969397,69403342.02282311,0.03890983641811587,3.07326025491389
17-2051.02,Water/Wastewater Engineers,2404722.513980769,31191.49936538461,6.7660519230769225,3.75,82.29035714285715,355410.0,4610.0,17,Architecture and Engineering Occupations,99590.0,47.88,92000.0,44.23,712155.7948153846,27711.97952307692,6.0112753846153835,True,False,True,False,29.61488448979023,88.8446534693707,105254.26096516347,1365.24617497933,10482271849.52063,125602648.09809835,0.03891280492951802,3.0734947202560323
17-2061.00,Computer Hardware Engineers,641360.4632038461,3642.649573076923,8.471278076923078,3.6205555555555557,94.93,75710.0,430.0,17,Architecture and Engineering Occupations,155020.0,74.53,104080.0,50.04,479064.8449005917,2720.880772781065,6.327629704142011,False,False,False,False,74.69510086535045,74.69510086535045,56551.660865156824,321.18893372100695,8766638467.31661,33429344.221682403,0.00567956676793026,0.4485957387598552
17-2071.00,Electrical Engineers,3008797.784192308,30599.56430769231,15.937273076923079,3.6295454545454544,71.88409090909092,188790.0,1920.0,17,Architecture and Engineering Occupations,111910.0,53.8,107520.0,51.68999999999999,2605801.276938462,26501.077661538464,13.802644615384617,False,False,False,False,86.60606208329725,86.60606208329723,163503.58460705687,1662.8363919993071,18297686153.375732,178788168.86776552,0.010170030192277132,0.8032711637576461
17-2072.00,"Electronics Engineers, Except Computer",1396058.9962846152,16495.90681153846,14.861177307692307,3.339,78.1875,93940.0,1110.0,17,Architecture and Engineering Occupations,127590.0,61.34000000000001,110390.0,53.07000000000001,301338.71062615386,7119.493753846154,12.274989230769231,False,False,False,False,21.584955322670314,43.1591535717591,20276.907030116494,239.59300408164052,2587130567.9725633,26448671.720572297,0.023626216953847406,1.866096602360065
17-2072.01,Radio Frequency Identification Device Specialists,1895338.4260461538,22395.418915384616,20.176053076923075,3.765238095238095,89.95380952380953,93940.0,1110.0,17,Architecture and Engineering Occupations,127590.0,61.34,110390.0,53.07,406499.39593576925,9609.057573076923,18.13029730769231,False,False,False,False,21.447325203223127,42.906353345665465,20147.617295907807,238.0653097557767,2570634490.784877,26280029.54394019,0.023638553142143526,1.8670709656747857
17-2081.00,Environmental Engineers,377388.5641730769,4276.075957692307,9.944362692307692,3.7551724137931037,91.9548275862069,37950.0,430.0,17,Architecture and Engineering Occupations,104170.0,50.08,99180.0,47.68,210340.26876923075,2383.302123076923,5.542563076923076,False,False,False,False,55.735729361625566,55.73572936162557,21151.7092927369,239.66363625498994,2203373557.024403,23769839.443769902,0.011330698287220027,0.8949455436497666
17-2111.00,"Health and Safety Engineers, Except Mining Safety Engineers and Inspectors",282958.5984923077,2924.6366769230767,12.185986153846153,3.8468,88.79,23220.0,240.0,17,Architecture and Engineering Occupations,109660.0,52.72,102980.0,49.51,35425.11740591716,730.8580047337277,8.59832946745562,False,False,False,False,12.519540877949394,24.989702498795225,2907.0373918598493,30.046898107078547,318785720.3913511,3094229.567066949,0.020631067961165046,1.6295273128405023
17-2111.02,Fire-Prevention and Protection Engineers,326258.9419153846,3372.185446153846,14.05077269230769,3.87,91.15384615384616,23220.0,240.0,17,Architecture and Engineering Occupations,109660.0,52.72,102980.0,49.51,67302.33605128205,1392.7719743589741,8.98562564102564,False,False,False,False,20.62850313195,41.30176102703674,4789.938427238791,49.50840751668,525264647.9310058,5098375.806067707,0.02069425901201602,1.6345184041152043
17-2112.00,Industrial Engineers,5602449.210957692,73263.90482307693,15.99648576923077,3.5355,79.7645,350230.0,4580.0,17,Architecture and Engineering Occupations,101140.0,48.63,100710.0,48.42,503529.0282269231,26342.16112,11.513182307692308,False,False,False,False,8.987658955338373,35.95516944341554,31477.477959281583,411.6347801544975,3183632120.801739,41455738.709359445,0.05231507945581342,4.132061946920898
17-2112.01,Human Factors Engineers and Ergonomists,3511624.7390461536,45921.94073846153,10.026624615384614,4.014230769230769,92.11538461538461,350230.0,4580.0,17,Architecture and Engineering Occupations,101140.0,48.63,100710.0,48.42,184978.52740615382,9674.838775384615,4.221133846153846,False,False,False,False,5.267605201357553,21.06800936503438,18448.733696714557,241.25631822217593,1865904926.0857103,24296923.80815534,0.05230249646296381,4.131068089958946
17-2112.02,Validation Engineers,5973837.817592308,78120.59847692307,17.05689923076923,3.8566666666666665,94.88714285714286,350230.0,4580.0,17,Architecture and Engineering Occupations,101140.0,48.63,100710.0,48.42,1205913.1146586537,63079.48565384615,13.772813461538462,True,False,True,False,20.186572710550823,80.74629084220332,70699.43360416214,924.5450301432278,7150540714.724959,93110929.98572446,0.05230848299688776,4.131540931236804
17-2112.03,Manufacturing Engineers,5687453.803665385,74375.52014615384,16.239196538461538,3.682916666666667,92.5,350230.0,4580.0,17,Architecture and Engineering Occupations,101140.0,48.63,100710.0,48.42,1132067.2241484162,59216.719145701354,12.929414660633483,True,False,True,False,19.90464034044258,79.61856136177033,69712.02186433204,911.6325275922702,7050673891.358542,91810511.85381754,0.05230848299688776,4.131540931236804
17-2121.00,Marine Engineers and Naval Architects,100139.02236923076,1103.427616153846,11.864813076923076,3.6910714285714286,84.02035714285715,8440.0,93.0,17,Architecture and Engineering Occupations,105670.0,50.8,105670.0,50.8,85321.72003369962,940.1563937362637,10.109208534798533,False,False,False,False,85.20326843126442,85.20326843126445,7191.155855598718,79.2390396410759,759889439.2611165,8373189.318872491,0.011018957345971565,0.8703229511959395
17-2131.00,Materials Engineers,534227.7344884615,11496.336842307692,23.461911923076922,3.776666666666667,90.93095238095238,22770.0,490.0,17,Architecture and Engineering Occupations,108310.0,52.07,85720.0,41.21,369571.21239560435,7953.003692307692,16.23061978021978,False,False,False,False,69.17858967945186,69.17858967945187,15751.96487001119,338.9750894293141,1706095315.0709121,29056944.665880803,0.021519543258673696,1.6997027766991692
17-2141.00,Mechanical Engineers,11712176.841138462,144584.69109230768,40.843133076923074,3.5475,66.93285714285715,286760.0,3540.0,17,Architecture and Engineering Occupations,102320.0,49.19,99050.0,47.62,3389778.9675333337,125538.6129,35.462885,False,False,False,False,28.94234789579762,86.82704368739286,82995.07682598926,1024.5591155112356,8492056260.835221,101482580.3913879,0.03703445389873064,2.9251347655735263
17-2141.01,Fuel Cell Engineers,5955371.4604,73517.9766,20.767789999999998,3.623076923076923,95.62884615384615,286760.0,3540.0,17,Architecture and Engineering Occupations,102320.0,49.190000000000005,99050.0,47.62,1589525.2753487183,58867.20053076924,16.62915269230769,False,False,False,False,26.69061511810307,80.07184535430922,76538.00791267237,944.8477751808487,7831368969.624637,93587172.13166305,0.03703445389873064,2.9251347655735263
17-2141.02,Automotive Engineers,3215837.9249384613,39698.93379230769,11.214388076923075,3.7004,89.714,286760.0,3540.0,17,Architecture and Engineering Occupations,102320.0,49.19,99050.0,47.62,872432.1535179488,32310.048369230764,9.127132307692307,False,False,False,False,27.129232687765004,81.38769806329499,77795.78765543492,960.3748371468812,7960064992.904101,95125127.61939858,0.037034453898730633,2.925134765573526
17-2151.00,"Mining and Geological Engineers, Including Mining Safety Engineers",53346.31890769231,1733.5583692307694,7.879810769230769,3.7344444444444442,66.77833333333334,6770.0,220.0,17,Architecture and Engineering Occupations,101020.0,48.57,110960.0,53.35,38444.57246538461,1249.3066384615386,5.678666538461538,False,False,False,False,72.06602677104506,72.06602677104506,4878.8700123997505,158.54525889629912,492863448.6526228,17592181.92713335,0.03249630723781389,2.5666931207900454
17-2161.00,Nuclear Engineers,103004.7754153846,1132.0741938461538,6.988112307692307,3.8939999999999997,87.618,14740.0,162.0,17,Architecture and Engineering Occupations,127520.0,61.31,127520.0,61.31,68252.4078076923,750.1282269230769,4.630421153846154,False,False,False,False,66.26140150536968,66.26140150536966,9766.93058189149,107.34347043869887,1245478987.8028028,13688439.350342881,0.010990502035278155,0.868075432741851
17-2171.00,Petroleum Engineers,286276.12407692306,5734.577076923077,15.090992307692307,3.744782608695652,68.10565217391304,18970.0,380.0,17,Architecture and Engineering Occupations,141280.0,67.92,166580.0,80.09,201007.54275,4026.5085,10.596074999999999,False,False,False,False,70.21456763051214,70.21456763051214,13319.703479508153,266.8153569959461,1881807707.5849118,44446102.1683847,0.020031628887717447,1.5821811287066827
17-2199.03,"Energy Engineers, Except Wind and Solar",1233751.7994230767,12439.819138461537,8.184091538461537,3.7304761904761907,91.77238095238096,150750.0,1520.0,17,Architecture and Engineering Occupations,117750.0,56.61,113290.0,54.46999999999999,96004.31127403845,7744.029353846153,5.094756153846153,False,True,True,False,7.781493110602286,62.251944884818286,11730.600864232947,118.27869528115474,1381278251.7634294,13399793.38840202,0.08066334991708125,6.371125919536349
17-2199.05,Mechatronics Engineers,3568334.1369230766,35979.22313846154,23.67054153846154,3.6030434782608696,68.74826086956521,150750.0,1520.0,17,Architecture and Engineering Occupations,117750.0,56.61,113290.0,54.47,440880.108858173,35562.86649230769,23.39662269230769,False,False,False,False,12.355348236483751,98.84278589187,18625.687466499254,187.801293194553,2193174699.1802874,21276008.506010912,0.08066334991708125,6.371125919536349
17-2199.06,Microsystems Engineers,1062922.5951923076,10717.362153846152,7.050896153846153,3.5112,63.5576,150750.0,1520.0,17,Architecture and Engineering Occupations,117750.0,56.61,113290.0,54.47,122935.8911808894,9916.420807692306,6.523961057692307,False,False,False,False,11.565836659879022,92.52669327903217,17435.498764767624,175.80071723016113,2053029979.5513878,19916463.255004954,0.08066334991708125,6.371125919536349
17-2199.07,Photonics Engineers,1300952.7285576921,13117.400646153845,8.629868846153846,3.3123076923076926,82.44,150750.0,1520.0,17,Architecture and Engineering Occupations,117750.0,56.61,113290.0,54.47,145995.80489291955,11776.510696503496,7.747704405594404,False,False,False,False,11.222222121381655,89.77777697105324,16917.499847982846,170.57777624500116,1992035607.09998,19324756.27079618,0.08066334991708127,6.37112591953635
17-2199.08,Robotics Engineers,2461721.8725,24821.3416,16.329829999999998,3.6304166666666666,81.25,150750.0,1520.0,17,Architecture and Engineering Occupations,117750.0,56.60999999999999,113290.0,54.47,264584.2312860577,21342.25043076923,14.04095423076923,False,False,False,False,10.747933559909404,85.98346847927523,16202.509841563427,163.36859011062293,1907845533.8440936,18508027.57363247,0.08066334991708125,6.371125919536349
17-2199.09,Nanosystems Engineers,3266502.834807692,32935.88264615384,21.668343846153846,3.3731999999999998,84.7616,150750.0,1520.0,17,Architecture and Engineering Occupations,117750.0,56.61,113290.0,54.47,249896.74575721152,20157.508646153845,13.261518846153846,False,False,False,False,7.650284062034913,61.20227249627932,11532.803223517632,116.28431774293068,1357987579.5692012,13173850.357096616,0.08066334991708125,6.371125919536349
17-2199.10,Wind Energy Engineers,1588832.9299038462,16020.073323076924,10.539521923076924,3.3475,53.694375,150750.0,1520.0,17,Architecture and Engineering Occupations,117750.0,56.61,113290.0,54.47,87750.6183173077,7078.258830769231,4.656749230769231,False,False,False,False,5.522960700633152,44.183685605065214,8325.863256204477,83.9490026496239,980370398.4180771,9510582.510175893,0.08066334991708125,6.371125919536349
17-2199.11,Solar Energy Systems Engineers,1638306.5287499998,16518.9116,10.867704999999999,3.7507692307692304,88.18769230769232,150750.0,1520.0,17,Architecture and Engineering Occupations,117750.0,56.61,113290.0,54.47,188031.40993990385,15167.243415384615,9.978449615384616,False,False,False,False,11.477181262493573,91.81745009994857,17301.850753209063,174.4531551899023,2037292926.1903672,19763797.95146403,0.08066334991708125,6.371125919536349
17-3011.00,Architectural and Civil Drafters,4427743.655865384,64668.09538461538,40.41755961538461,3.7256,83.39119999999998,109550.0,1600.0,17,Architecture and Engineering Occupations,64280.0,30.9,62350.0,29.97,4479213.622130435,65419.82469565217,40.88739043478261,False,False,False,False,101.1624423242495,101.16244232424947,110823.45556621533,1618.599077187992,7123731723.796321,100919652.4626713,0.014605203103605658,1.1535795147254373
17-3012.00,Electrical and Electronics Drafters,1087911.0781,11411.654665384614,54.34121269230769,3.7340740740740737,70.83111111111111,20020.0,210.0,17,Architecture and Engineering Occupations,73720.0,35.44,64200.0,30.87,1039274.7498913044,10901.483390468227,51.91182566889632,False,False,False,False,95.52938386346452,95.52938386346453,19124.982649465597,200.61170611327546,1409893720.918604,12879271.532472285,0.010489510489510488,0.8285050426453562
17-3013.00,Mechanical Drafters,1513709.3038846154,23141.921688461538,37.93757653846154,3.8973333333333335,84.99600000000001,39900.0,610.0,17,Architecture and Engineering Occupations,68510.0,32.94,68520.0,32.94,1389014.0233846153,21235.552738461538,34.81238153846154,False,False,False,False,91.76227032627757,91.76227032627759,36613.145860184755,559.7498489902932,2508366622.8812575,38354059.652814895,0.015288220551378446,1.2075270654963146
17-3021.00,Aerospace Engineering and Operations Technologists and Technicians,115342.08293076923,3182.7285576923077,12.730914230769232,4.329090909090909,73.27454545454545,9060.0,250.0,17,Architecture and Engineering Occupations,79830.0,38.38,78610.0,37.79,103388.19348461539,2852.8750961538462,11.411500384615385,False,True,True,False,89.63614221070655,89.63614221070655,8121.034484290014,224.0903555267664,648302182.8808718,17615742.847959105,0.02759381898454746,2.1794742659728836
17-3022.00,Civil Engineering Technologists and Technicians,796294.2348807693,11663.08955,12.816581923076923,3.8757142857142854,68.12214285714286,62130.0,910.0,17,Architecture and Engineering Occupations,64200.0,30.86,61770.0,29.7,734467.6921384615,10757.5342,11.821466153846155,False,True,True,False,92.23571639300326,92.23571639300326,57306.05059497292,839.3450191763296,3679048448.1972613,51846341.83452188,0.01464670851440528,1.1568577842098848
17-3023.00,Electrical and Electronic Engineering Technologists and Technicians,2698829.213319231,34641.42771923077,29.110443461538463,3.7119230769230773,84.31692307692308,92710.0,1190.0,17,Architecture and Engineering Occupations,77180.0,37.11,65830.0,31.65,2374011.1738690473,30472.152916666666,25.60685119047619,False,True,True,False,87.96448334532822,87.96448334532823,81551.8725094538,1046.777351809406,6294173520.279644,68909353.06961319,0.012835724301585591,1.013818740207531
17-3024.00,Electro-Mechanical and Mechatronics Technologists and Technicians,677929.0511692308,18472.18123076923,46.18045307692308,3.799615384615385,65.01615384615386,14680.0,400.0,17,Architecture and Engineering Occupations,70760.0,34.02,69770.0,33.54,200074.71099,19344.908000000003,48.36227,False,True,True,False,29.512632722396127,104.72454637775567,4332.454483647752,118.05053088958452,306564479.2629149,8236385.540166312,0.09668842156151802,7.636852540377792
17-3024.01,Robotics Technicians,182286.92949230768,4966.9463076923075,12.417365769230768,3.7240909090909096,76.03272727272727,14680.0,400.0,17,Architecture and Engineering Occupations,70760.0,34.02,69770.0,33.54,31079.958169999998,3881.3559999999998,9.70339,False,False,False,False,17.050020128465405,78.14370761344743,2502.942954858722,68.20008051386162,177108243.48580316,4758319.617452125,0.12488292226038089,9.863771139413961
17-3025.00,Environmental Engineering Technologists and Technicians,254267.83173076922,1830.7283884615385,20.341426538461537,3.6915384615384617,65.345,12500.0,90.0,17,Architecture and Engineering Occupations,58890.0,28.31,50100.0,24.09,235731.17307692306,1697.2644461538462,18.858493846153845,False,True,True,False,92.70979009508618,92.70979009508618,11588.72376188577,83.43881108557757,682459942.337453,4180284.4353874363,0.007200000000000001,0.5686858612717727
17-3026.00,Industrial Engineering Technologists and Technicians,470368.53279230767,8457.791353846154,6.407417692307693,3.4514285714285715,70.76571428571428,73410.0,1320.0,17,Architecture and Engineering Occupations,64790.0,31.15,65330.0,31.41,611124.9176146154,21977.520535384618,16.64963676923077,False,True,True,False,129.9247026553239,259.8494053106478,95377.72421927327,1715.0060750502755,6179522752.166715,112041346.8830345,0.03596240294237842,2.840459734817917
17-3026.01,Nanotechnology Engineering Technologists and Technicians,1770427.3041576922,31834.410046153844,24.116977307692306,3.8286956521739133,88.91434782608695,73410.0,1320.0,17,Architecture and Engineering Occupations,64790.0,31.15,65330.0,31.41,583484.18670989,20983.493432967032,15.896585934065932,True,True,True,True,32.957251921026575,65.91450384205316,24193.918635225607,435.03572535755075,1567523988.3762672,28420883.93760879,0.03596240294237843,2.8404597348179172
17-3027.00,Mechanical Engineering Technologists and Technicians,744793.5727884616,23467.461038461537,19.887678846153847,3.496923076923077,74.40038461538461,37450.0,1180.0,17,Architecture and Engineering Occupations,68730.0,33.04,60830.0,29.25,262176.29256,16512.615,22.01682,False,True,True,False,35.201202338310736,70.36387520975096,13182.85027569737,415.3741875920667,906057299.4486803,25267211.831225418,0.06298286865972456,4.9746481818225545
17-3027.01,Automotive Engineering Technicians,851540.4766346153,26830.914884615384,22.73806346153846,3.7994444444444446,95.26888888888888,37450.0,1180.0,17,Architecture and Engineering Occupations,68730.0,33.04,60830.0,29.25,141264.60342192306,8910.632165384615,20.722400384615383,False,False,False,False,16.589299898017394,33.21031803687728,6212.692811807514,195.75373879660526,426998376.9555304,11907699.930997498,0.06307760011735368,4.982130465235242
17-3029.01,Non-Destructive Testing Specialists,4593976.18928077,77743.1151423077,71.32395884615384,4.469375,90.218125,64410.0,1090.0,17,Architecture and Engineering Occupations,77390.0,37.21,64680.0,31.09,2148705.4240326923,72724.38789615384,66.71962192307693,False,False,False,False,46.77223684890479,93.54447369780958,30125.997754379576,509.81738165306217,2331450966.2114353,32974988.24532006,0.03384567613724577,2.6732718728382068
17-3029.08,Photonics Technicians,1672910.5500807692,28310.394342307693,25.972838846153845,3.6183333333333336,64.83666666666666,64410.0,1090.0,17,Architecture and Engineering Occupations,77390.0,37.21,64680.0,31.09,546881.9242153846,18509.588492307692,16.981273846153847,False,False,False,False,32.69044625183222,65.38089250366444,21055.916430805133,356.3258641449712,1629517372.5800092,23047156.892896738,0.03384567613724577,2.6732718728382068
17-3031.00,Surveying and Mapping Technicians,2410532.8086153846,19974.443230769233,42.49881538461538,3.895263157894737,82.2421052631579,56720.0,470.0,17,Architecture and Engineering Occupations,51940.0,24.97,48720.0,23.42,3679234.286834008,30487.308089068825,64.86661295546558,False,False,False,False,152.63157894736844,152.6315789473684,86572.63157894737,717.3684210526316,4496582484.210526,34950189.47368421,0.008286318758815232,0.6544878222401785
19-1011.00,Animal Scientists,25326.5193,276.8485915384615,10.253651538461538,4.017777777777777,87.92333333333333,2470.0,27.0,19,"Life, Physical, and Social Science Occupations",79120.0,38.04,79120.0,38.04,6247.117349999999,68.2883273076923,2.529197307692307,False,False,False,False,24.666308370293894,24.666308370293898,609.2578167462592,6.659903259979351,48204478.46096403,526931.5459295663,0.010931174089068827,0.863389465493582
19-1012.00,Food Scientists and Technologists,103610.32528846154,937.32375,7.210182692307692,3.7707692307692304,86.95538461538462,14370.0,130.0,19,"Life, Physical, and Social Science Occupations",85310.0,41.02,69170.0,33.26,60225.15636923076,544.8344,4.191033846153846,False,False,False,False,58.12659713359444,58.12659713359445,8352.792008097522,75.56457627367277,712576686.2107996,5226801.740849946,0.009046624913013222,0.7145399555916109
19-1013.00,Soil and Plant Scientists,219194.8979230769,924.3158346153846,13.204511923076922,3.3622222222222224,75.40518518518519,16600.0,70.0,19,"Life, Physical, and Social Science Occupations",71410.0,34.33,72550.0,34.88,128065.91623076922,540.0369961538461,7.71481423076923,False,False,False,False,58.425591765238984,58.425591765238984,9698.648233029671,40.89791423566729,692580470.3206488,2967143.6777976616,0.004216867469879518,0.3330656818024103
19-1021.00,Biochemists and Biophysicists,1057233.5910615386,11331.878003846154,30.626697307692307,3.8562499999999997,82.25875,34520.0,370.0,19,"Life, Physical, and Social Science Occupations",103650.0,49.830000000000005,78260.0,37.63,634243.2888615385,6798.088553846153,18.373212307692306,False,False,False,False,59.990837807632715,59.990837807632715,20708.837211194812,221.96609988824105,2146470976.9403422,17371066.977253743,0.01071842410196987,0.8465855891534529
19-1022.00,Microbiologists,634060.628,4492.332384615384,32.08808846153846,3.9435714285714285,83.44142857142857,19760.0,140.0,19,"Life, Physical, and Social Science Occupations",87330.0,41.98,67780.0,32.59,491189.2844,3480.086023076923,24.85775730769231,False,False,False,False,77.46724251738274,77.46724251738274,15307.52712143483,108.45413952433584,1336806343.5149038,7351021.576959483,0.00708502024291498,0.5596042831902845
19-1023.00,Zoologists and Wildlife Biologists,147778.64224615385,3056.8868076923077,8.733962307692307,3.525714285714286,76.48642857142856,16920.0,350.0,19,"Life, Physical, and Social Science Occupations",72860.0,35.03,69990.0,33.65,85001.42049230769,1758.3036153846156,5.023724615384616,False,False,False,False,57.5194217515691,57.5194217515691,9732.286160365491,201.31797613049184,709094369.6442297,14090245.149373123,0.020685579196217496,1.633832836264779
19-1029.01,Bioinformatics Scientists,762580.6844115384,6513.417334615385,12.771406538461537,3.5395000000000003,76.7255,59710.0,510.0,19,"Life, Physical, and Social Science Occupations",93330.0,44.87,89860.0,43.2,76857.12695692308,2627.4277384615384,9.731213846153846,False,False,False,False,10.078556738718278,40.338697852172665,6017.906228688684,51.40063936746322,561651188.3235148,4618861.453560245,0.03418586984046594,2.700141782437512
19-1029.02,Molecular and Cellular Biologists,853749.5639076923,7292.116523076923,14.298267692307691,3.7681818181818185,94.05636363636363,59710.0,510.0,19,"Life, Physical, and Social Science Occupations",93330.0,44.87,89860.0,43.2,32939.964384615385,1121.7393276923076,8.902693076923077,False,False,False,False,3.8582701271138644,15.382904594878683,2303.7730928996884,19.677177648280708,215011142.76032794,1768191.1834745044,0.03405405405405405,2.6897304249340594
19-1029.03,Geneticists,684223.6188576923,5844.147473076923,11.459112692307691,3.7412500000000004,87.01375,59710.0,510.0,19,"Life, Physical, and Social Science Occupations",93330.0,44.87,89860.0,43.20000000000001,23457.670461538462,803.2966153846154,7.046461538461538,False,False,False,False,3.428363157165039,13.745317329606719,2047.0756411432446,17.4846521015417,191053569.58789903,1571170.837844537,0.0342445178732352,2.7047740473024127
19-1029.04,Biologists,1823733.7371076923,15577.025723076924,30.543187692307693,3.6699999999999995,68.20904761904762,59710.0,510.0,19,"Life, Physical, and Social Science Occupations",93330.0,44.87,89860.0,43.2,359151.5488846755,12270.459884855769,24.059725264423076,True,False,True,False,19.69320090849794,78.77280363399176,11758.81026246412,100.43532463333949,1097449761.7957764,9025118.271551887,0.0341651314687657,2.698503779830328
19-1031.00,Conservation Scientists,240474.48579230768,2819.1616153846153,9.397205384615384,3.8676666666666666,83.61566666666666,25590.0,300.0,19,"Life, Physical, and Social Science Occupations",67950.0,32.67,77380.0,37.2,6577.116117692307,231.65054538461538,2.9322853846153847,False,False,False,False,2.7350577738100714,8.217001257411471,699.9012843179974,8.205173321430214,47558292.26940792,634916.31161227,0.03522068658047259,2.781875900361002
19-1031.02,Range Managers,156557.73027692307,1835.3778461538461,6.117926153846153,3.669375,84.485625,25590.0,300.0,19,"Life, Physical, and Social Science Occupations",67950.0,32.67,77380.0,37.2,997.9529673076922,35.71203461538462,1.984001923076923,False,False,False,False,0.6374344885701198,1.9457592718699048,163.11948562509363,1.9123034657103595,11083969.048225112,147974.04217666763,0.03578528827037774,2.8264704834581145
19-1031.03,Park Naturalists,457363.82013461535,5361.82673076923,17.872755769230768,3.6119999999999997,86.2145,25590.0,300.0,19,"Life, Physical, and Social Science Occupations",67950.0,32.67,77380.0,37.2,91998.24623076923,3228.8457788461537,15.90564423076923,False,False,False,False,20.114893697470755,60.21913689073891,5147.401297182766,60.344681092412266,349765918.14356893,4669471.422930861,0.03509681881051176,2.772092310160448
19-1032.00,Foresters,68150.40444230768,282.48872307692307,7.062218076923076,3.2895999999999996,68.5616,9650.0,40.0,19,"Life, Physical, and Social Science Occupations",70660.0,33.97,68930.0,33.14,22692.182846153846,94.06086153846154,2.3515215384615384,False,False,False,False,33.297209358990344,33.297209358990344,3213.1807031425683,13.318883743596139,227043348.48405388,918070.6564460818,0.004145077720207254,0.3273954296325691
19-1041.00,Epidemiologists,159844.44583846154,2510.645746153846,13.948031923076925,3.8449999999999998,90.46124999999999,11460.0,180.0,19,"Life, Physical, and Social Science Occupations",83980.0,40.38,72160.0,34.69,83650.0353,1313.8749000000003,7.299305,False,False,False,False,52.332150085800635,52.33215008580064,5997.264399832752,94.19787015444113,503650264.2979545,6797318.3103444725,0.015706806282722516,1.2405887025998532
19-1042.00,"Medical Scientists, Except Epidemiologists",2370289.019076923,25022.244923076923,15.164996923076922,4.117142857142857,67.44785714285715,156300.0,1650.0,19,"Life, Physical, and Social Science Occupations",100590.0,48.36,78570.0,37.77,1599962.906076923,16890.20342307692,10.236486923076923,False,False,False,False,67.50075173111198,67.50075173111196,105503.67495572801,1113.7624035633476,10612614663.79668,87508312.04797222,0.010556621880998079,0.8338057786827545
19-2011.00,Astronomers,8418.5448,91.7405523076923,5.396503076923076,3.9105882352941177,92.83764705882353,1560.0,17.0,19,"Life, Physical, and Social Science Occupations",132170.0,63.540000000000006,132170.0,63.540000000000006,5370.891,58.528940384615375,3.4428788461538455,False,False,False,False,63.798330086691465,63.798330086691465,995.2539493523868,10.845716114737549,131542714.48590496,1433478.2988848619,0.010897435897435897,0.8607246831926757
19-2012.00,Physicists,299754.27984615386,842.7955384615385,14.046592307692308,3.943,77.899,21340.0,60.0,19,"Life, Physical, and Social Science Occupations",166290.0,79.95,133900.0,64.37,252353.5025,709.5225,11.825375000000001,False,False,False,False,84.18678880232106,84.18678880232106,17965.460730415314,50.51207328139264,2987476464.8607626,6763566.612378474,0.0028116213683223993,0.22207351658535324
19-2021.00,Atmospheric and Space Scientists,328318.0772923077,3627.204270769231,37.39385846153846,3.764074074074074,76.29629629629629,8780.0,97.0,19,"Life, Physical, and Social Science Occupations",97450.0,46.85,59640.0,28.67,310017.7747076923,3425.0255292307693,35.30954153846154,False,False,False,False,94.42604478695145,94.42604478695145,8290.606732294336,91.5932634433429,807919626.0620831,5462622.231760971,0.011047835990888382,0.8726039063427287
19-2031.00,Chemists,1125829.3577884615,10007.372069230769,13.52347576923077,3.855,89.64666666666666,83250.0,740.0,19,"Life, Physical, and Social Science Occupations",84150.0,40.46,77270.0,37.15,873342.0017307692,7763.040015384615,10.490594615384616,False,False,False,False,77.57321264443935,77.57321264443935,64579.69952649576,574.0417735688512,5434381715.154618,44356207.84366514,0.008888888888888889,0.7020813102120649
19-2032.00,Materials Scientists,107384.16376153845,1031.3004923076921,12.891256153846154,3.94375,89.285625,8330.0,80.0,19,"Life, Physical, and Social Science Occupations",104160.0,50.08,118720.0,57.08,89391.74822307692,858.5041846153846,10.731302307692307,False,False,False,False,83.24481477695706,83.24481477695706,6934.293070920523,66.59585182156565,722275966.2670816,7906259.528256274,0.009603841536614645,0.7585512355232393
19-2041.00,"Environmental Scientists and Specialists, Including Health",945298.4042538462,9572.078507692308,11.130323846153846,3.4513636363636366,70.89999999999999,84930.0,860.0,19,"Life, Physical, and Social Science Occupations",80060.0,38.49,81480.0,39.17,30303.819205,5878.927253846155,6.835961923076923,False,False,False,False,3.2057410727271627,61.417457547195575,2722.635893067179,27.5693732254536,217974229.59895834,2246352.530409959,0.19399954883825854,15.322888960752827
19-2041.01,Climate Change Policy Analysts,308323.76357307687,3122.0821461538458,3.6303280769230764,4.090714285714285,97.515,84930.0,860.0,19,"Life, Physical, and Social Science Occupations",80060.0,38.49,81480.0,39.17,12741.271938461538,2156.5624615384613,2.507630769230769,False,True,True,False,4.132432671035972,69.07449453869025,3509.675067510851,35.53892097090936,280984585.90491873,2895711.2807096946,0.16925802007478843,13.368700406025837
19-2041.02,Environmental Restoration Planners,702091.516973077,7109.368946153847,8.266708076923077,3.8865217391304347,94.66260869565217,84930.0,860.0,19,"Life, Physical, and Social Science Occupations",80060.0,38.49,81480.0,39.17,5975.299839999999,1203.1743999999997,1.3990399999999996,False,False,False,False,0.8510713625712605,16.923786191331573,722.8149082317716,7.31921371811284,57868561.55303563,596369.5337518342,0.2013579957855303,15.904089619062812
19-2041.03,Industrial Ecologists,1104303.5009538461,11182.161907692307,13.002513846153844,3.4678947368421054,89.70184210526315,84930.0,860.0,19,"Life, Physical, and Social Science Occupations",80060.0,38.49,81480.0,39.17,53300.450334999994,6155.282299999999,7.157304999999999,False,False,False,False,4.826612456535865,55.04554799699088,4099.24195933591,41.50886712620844,328185311.26443297,3382142.493443464,0.11548274472942123,9.121306131733217
19-2042.00,"Geoscientists, Except Hydrologists and Geographers",360298.6529423077,5442.094269230769,16.006159615384615,3.6296875,60.8021875,22510.0,340.0,19,"Life, Physical, and Social Science Occupations",99240.0,47.71,104000.0,50.0,319872.38985000004,4831.4799,14.210235,False,False,False,False,88.77979066472366,88.77979066472368,19984.330878629295,301.85128826006047,1983244996.3951712,31392533.97904629,0.015104398045313194,1.1930080015820295
19-2043.00,Hydrologists,54864.48879999999,959.1693846153845,9.591693846153845,3.536,88.6156,5720.0,100.0,19,"Life, Physical, and Social Science Occupations",92060.0,44.26,89310.0,42.94,33181.871387499996,580.1026466346153,5.801026466346153,False,False,False,False,60.479687523307426,60.479687523307426,3459.4381263331848,60.47968752330743,318475873.91023296,5401440.892706587,0.017482517482517484,1.3808417377422606
19-2099.01,Remote Sensing Scientists and Technologists,697420.3051461538,3706.396661538461,30.886638846153843,3.8633333333333333,95.16666666666667,22580.0,120.0,19,"Life, Physical, and Social Science Occupations",117960.0,56.71,106850.0,51.37,592146.7522538461,3146.926938461538,26.224391153846152,False,False,False,False,84.90529281761503,84.90529281761503,19171.615118217476,101.88635138113804,2261483719.3449335,10886556.6450746,0.005314437555358724,0.4197563192144763
19-3011.00,Economists,170846.61075384615,753.1021884615385,10.758602692307692,3.8042857142857143,91.66571428571429,15880.0,70.0,19,"Life, Physical, and Social Science Occupations",115440.0,55.5,115440.0,55.5,23262.704289230765,206.45574153846152,6.072227692307692,False,False,False,False,13.616134488466619,27.414040843542892,2162.242156768499,9.531294141926633,249609234.57735553,1100292.5957440105,0.008874967371443488,0.7009817310261416
19-3011.01,Environmental Economists,84846.30863076923,374.00765769230765,5.342966538461538,3.5770000000000004,96.29650000000001,15880.0,70.0,19,"Life, Physical, and Social Science Occupations",115440.0,55.5,115440.0,55.5,18275.830036153846,160.11922153846152,4.447756153846154,False,False,False,False,21.539923576034255,42.811749504388494,3420.53986387424,15.077946503223979,394867121.88564223,1740598.144332176,0.008761255779995132,0.692000317926226
19-3022.00,Survey Researchers,136239.62936923077,705.9048153846154,17.647620384615383,4.344375,96.091875,7720.0,40.0,19,"Life, Physical, and Social Science Occupations",63380.0,30.47,50150.0,24.11,88497.69444615385,458.5372769230769,11.463431923076923,False,False,False,False,64.95738050366478,64.95738050366477,5014.709774882921,25.982952201465913,317832305.5320795,1303045.0529035155,0.005181347150259067,0.40924428704071136
19-3032.00,Industrial-Organizational Psychologists,14685.993403846154,167.8399246153846,13.986660384615384,3.906,94.7692,1050.0,12.0,19,"Life, Physical, and Social Science Occupations",109840.0,52.81,109840.0,52.81,6662.746326923077,76.1456723076923,6.345472692307692,False,False,False,False,45.36803295293699,45.36803295293699,476.36434600583846,5.4441639543524385,52323859.7652813,597986.9687460718,0.011428571428571427,0.9026759702726548
19-3033.00,Clinical and Counseling Psychologists,3333402.625776923,46175.406923076924,46.17540692307692,3.8853333333333335,95.589,72190.0,1000.0,19,"Life, Physical, and Social Science Occupations",95830.0,46.07,88990.0,42.79,2072021.56365,28702.335,28.702335,True,True,True,True,62.159354757425064,62.159354757425064,44872.83819938515,621.5935475742506,4300164084.647079,55315609.79863256,0.013852334118298934,1.094114799817943
19-3034.00,School Psychologists,1181815.07685,13330.82963076923,18.515041153846155,4.002105263157895,92.55315789473684,63830.0,720.0,19,"Life, Physical, and Social Science Occupations",86930.0,41.79,75870.0,36.48,649631.9363000001,7327.823815384616,10.177533076923078,True,False,True,False,54.96900056745964,54.96900056745964,35086.713062209485,395.7768040857094,3050087966.4978704,30027586.125982773,0.011279962400125333,0.8909382128650675
19-3039.02,Neuropsychologists,336768.68222307693,3710.3238738461537,18.930223846153844,4.24,98.0,17790.0,196.0,19,"Life, Physical, and Social Science Occupations",117580.0,56.53000000000001,90270.0,43.4,50853.29659615384,560.2724076923076,2.8585326923076924,True,True,True,True,15.100363923527905,15.100363923527906,2686.354741995614,29.596713290114693,315861590.56384426,2671695.3086986532,0.011017425519955031,0.8702019612240602
19-3039.03,Clinical Neuropsychologists,303654.38306538464,3345.489549230769,17.06882423076923,4.388333333333333,95.37055555555555,17790.0,196.0,19,"Life, Physical, and Social Science Occupations",117580.0,56.53,90270.0,43.4,50853.29659615384,560.2724076923076,2.8585326923076924,True,True,True,True,16.747097829707208,16.747097829707208,2979.308703904912,32.82431174622613,350307117.40513957,2963050.621331833,0.011017425519955031,0.8702019612240602
19-3041.00,Sociologists,35741.37286538461,387.7030276923077,12.115719615384617,3.8973333333333335,98.33333333333333,2950.0,32.0,19,"Life, Physical, and Social Science Occupations",101690.0,48.89,101690.0,48.89,17847.30598076923,193.59789538461538,6.049934230769231,False,False,False,False,49.93458434847722,49.934584348477216,1473.070238280078,15.979066991512711,149796512.53070113,1624911.3223669275,0.010847457627118645,0.8567771921231979
19-3051.00,Urban and Regional Planners,310070.6551384615,3962.334115384615,7.204243846153846,4.1078947368421055,98.52631578947368,43040.0,550.0,19,"Life, Physical, and Social Science Occupations",83720.0,40.25,75480.0,36.29,258975.8350153846,3309.403096153846,6.017096538461538,False,False,False,False,83.521555724046,83.521555724046,35947.6775836294,459.368556482253,3009539567.301453,34673138.643280454,0.012778810408921934,1.009323444920342
19-3091.00,Anthropologists and Archeologists,50161.34149615384,683.7357576923075,6.215779615384615,3.7056666666666667,78.16666666666667,8070.0,110.0,19,"Life, Physical, and Social Science Occupations",64910.0,31.21,72550.0,34.88,21763.303257692303,296.64973461538455,2.696815769230769,False,False,False,False,43.38660531908028,43.38660531908028,3501.299049249779,47.72526585098831,227269321.28680316,3462468.037489202,0.013630731102850062,1.076611674581698
19-3092.00,Geographers,14354.796623076923,156.03039807692306,10.402026538461538,3.8708333333333336,90.41666666666667,1380.0,15.0,19,"Life, Physical, and Social Science Occupations",97200.0,46.73,97200.0,46.73,13188.165853846154,143.34962884615382,9.556641923076924,False,False,False,False,91.87288542036687,91.87288542036686,1267.845818801063,13.780932813055031,123234613.58746332,1339506.669428949,0.010869565217391302,0.858523341291927
19-3093.00,Historians,60186.98740769231,1725.1047346153846,19.167830384615385,3.723809523809524,82.60380952380953,3140.0,90.0,19,"Life, Physical, and Social Science Occupations",74050.0,35.6,32000.0,15.39,37377.01053076923,1071.3155884615385,11.903506538461539,False,False,False,False,62.10148096894478,62.10148096894479,1949.9865024248659,55.8913328720503,144396500.5045613,1788522.6519056095,0.02866242038216561,2.2638768362729804
19-3094.00,Political Scientists,32556.509730769223,361.13103230769224,5.471682307692307,3.5964285714285715,97.52785714285714,5950.0,66.0,19,"Life, Physical, and Social Science Occupations",139380.0,67.01,139380.0,67.01,6772.338057692306,75.12173307692305,1.1382080769230767,False,False,False,False,20.80179390756914,20.801793907569134,1237.706737500364,13.729183978995634,172511565.07280073,1913573.6629924115,0.011092436974789914,0.8761266770293413
19-3099.01,Transportation Planners,277024.82685384614,1723.4436076923075,7.493233076923076,3.8350000000000004,94.0909090909091,36970.0,230.0,19,"Life, Physical, and Social Science Occupations",100340.0,48.24,84640.0,40.69,264940.21544615383,1648.2620923076922,7.166356923076923,False,False,False,False,95.63771538279204,95.63771538279204,35357.263377018215,219.96674538042168,3547747807.2500076,18617985.32899889,0.0062212604814714636,0.49138095487522804
19-4012.00,Agricultural Technicians,261256.97427692305,546.5627076923076,18.21875692307692,3.6107692307692307,58.606923076923074,14340.0,30.0,19,"Life, Physical, and Social Science Occupations",46790.0,22.49,47840.0,23.0,227878.81640921472,1260.8667120192308,21.92811673076923,True,True,True,True,87.22401269474679,230.69021985470823,12507.92342042669,26.167203808424038,585245736.8417648,1251839.030195006,0.005533058016919932,0.437023869974833
19-4012.01,Precision Agriculture Technicians,268272.59866153845,561.2397461538461,18.707991538461535,3.7763636363636364,96.44136363636363,14340.0,30.0,19,"Life, Physical, and Social Science Occupations",46790.0,22.49,47840.0,23.0,115580.88811153844,483.6020423076923,16.120068076923076,True,False,True,False,43.08337440655245,86.16674881310492,6178.155889899621,12.925012321965735,289075914.0884033,618332.5894828407,0.004184100418410042,0.3304776041793193
19-4013.00,Food Science Technicians,732549.5344615384,4642.919584615384,51.58799538461538,4.15375,82.92625,14200.0,90.0,19,"Life, Physical, and Social Science Occupations",49430.0,23.76,48790.0,23.46,227878.81640921472,1260.8667120192308,21.92811673076923,True,True,True,True,31.10763241105837,27.156763950794982,4417.283802370288,27.996869169952532,218346338.35116333,1365967.246801984,0.005533058016919932,0.437023869974833
19-4021.00,Biological Technicians,2381918.3583384613,27198.700246153847,31.262873846153845,3.935294117647059,73.10058823529413,76190.0,870.0,19,"Life, Physical, and Social Science Occupations",52000.0,25.0,50690.0,24.37,2090970.6969192307,23876.420873076924,27.444161923076923,False,False,False,False,87.78515391173252,87.78515391173252,66883.508765349,763.7308390320729,3477942455.798148,38713516.230535775,0.011418821367633548,0.9019058700223894
19-4031.00,Chemical Technicians,1981411.9616,27064.577476923077,35.61128615384616,3.99375,76.60375,55640.0,760.0,19,"Life, Physical, and Social Science Occupations",57790.0,27.78,52890.0,25.43,1228206.6904,16776.367446153847,22.074167692307693,False,False,False,False,61.986437661768065,61.98643766176808,34489.25391500775,471.0969262294373,1993133983.748298,24916316.42827494,0.01365923795830338,1.078863264254701
19-4042.00,"Environmental Science and Protection Technicians, Including Health",667351.0309499999,5421.485907692308,16.94214346153846,3.4972,77.9128,39390.0,320.0,19,"Life, Physical, and Social Science Occupations",49490.0,23.79,54060.0,25.99,363409.41299999994,2952.297846153846,9.225930769230768,True,False,True,False,54.455510840025624,54.455510840025624,21450.025719886093,174.257634688082,1061561772.8771627,9420367.731237713,0.008123889312008125,0.6416584708716512
19-4043.00,"Geological Technicians, Except Hydrologic Technicians",185693.78604615387,2294.8768615384615,19.12397384615385,3.6134782608695653,68.82391304347826,9710.0,120.0,19,"Life, Physical, and Social Science Occupations",48390.0,23.270000000000003,61150.0,29.4,77473.19899038461,970.6694984615384,10.493724307692307,True,True,True,True,41.720943193612726,42.297236715821505,4051.1035840997956,50.065131832335275,196032902.43458912,3061482.811547302,0.012529100529100529,0.9896003229655772
19-4051.00,Nuclear Technicians,249923.39177692306,2753.7468876923076,41.72343769230769,4.27125,65.023125,5990.0,66.0,19,"Life, Physical, and Social Science Occupations",104240.0,50.11,104240.0,50.11,49366.07788153846,545.0513330769231,25.954825384615386,False,False,False,False,19.752483963406554,19.793080312246364,1183.1737894080525,13.036639415848326,123334035.80789539,1358939.2927080295,0.011041009463722398,0.8720647189148283
19-4051.02,Nuclear Monitoring Technicians,157000.24761923077,1729.885866923077,26.210391923076923,4.278125,88.815,5990.0,66.0,19,"Life, Physical, and Social Science Occupations",104240.0,50.11,104240.0,50.11,14294.471338846153,156.93838615384615,13.078198846153846,False,False,False,False,9.104744454616542,9.072181532588054,545.3741928315309,6.009131340046918,56849805.86075878,626391.8508864907,0.010978956999085087,0.8671635579014525
19-4061.00,Social Science Research Assistants,792843.6415153847,35381.91114230769,24.06932730769231,3.9272727272727277,63.55181818181818,32940.0,1470.0,19,"Life, Physical, and Social Science Occupations",58040.0,27.9,58040.0,27.9,584945.9861538461,26104.14692307692,17.757923076923078,False,False,False,False,73.77822757534162,73.77822757534163,24302.54816331753,1084.539945357522,1410519895.3989494,62946698.42855057,0.044626593806921674,3.524793463154834
19-4071.00,Forest and Conservation Technicians,532563.4863230769,21761.76408076923,17.135247307692307,3.461,53.133500000000005,31080.0,1270.0,19,"Life, Physical, and Social Science Occupations",54310.0,26.110000000000003,44780.0,21.53,178429.19220000002,7291.02555,5.740965,True,False,True,False,33.50383508864084,33.50383508864084,10412.991945549573,425.49870562573864,565529592.5627973,19053832.037920576,0.04086229086229086,3.2274732045221612
19-4092.00,Forensic Science Technicians,394072.0363461538,4254.762346153846,20.260773076923076,4.06625,70.63,19450.0,210.0,19,"Life, Physical, and Social Science Occupations",67440.0,32.42,64430.0,30.98,350368.1406923077,3782.8950923076923,18.013786153846155,False,False,False,False,88.90966837965215,88.90966837965215,17292.930499842343,186.71030359726953,1166235232.9093676,12029744.860772075,0.010796915167095116,0.8527851390107987
19-4099.01,Quality Control Analysts,3116666.2137692305,61984.11797692307,43.650787307692305,3.8492307692307692,82.86576923076925,71400.0,1420.0,19,"Life, Physical, and Social Science Occupations",60130.0,28.91,52400.0,25.19,1085890.7858076922,43192.29456153846,30.417108846153845,False,False,False,False,34.841420650382666,69.68284130076533,24876.774344373225,494.74817323543385,1495840441.327162,25924804.277536735,0.03977591036414566,3.1416663671254166
19-4099.03,Remote Sensing Technicians,2361481.7326153843,46965.04286153846,33.07397384615384,3.7338888888888886,68.55000000000001,71400.0,1420.0,19,"Life, Physical, and Social Science Occupations",60130.0,28.91,52400.0,25.19,1232071.7011009615,49006.77354519231,34.51181235576923,False,False,False,False,52.17367062739967,104.34734125479932,37252.00082796337,740.8661229090753,2239962809.7854376,38821384.84043555,0.039775910364145656,3.141666367125416
19-5011.00,Occupational Health and Safety Specialists,617026.6715884614,5284.819269230768,4.804381153846153,3.821818181818182,89.92045454545455,128430.0,1100.0,19,"Life, Physical, and Social Science Occupations",83910.0,40.34,87000.0,41.83,276386.29961538455,2367.2423076923073,2.152038461538461,True,False,True,False,44.79325000714492,44.79325000714492,57527.97098417622,492.72575007859416,4827172045.282227,42867140.25683769,0.008564977030288873,0.6764974082281635
19-5012.00,Occupational Health and Safety Technicians,280403.50669230765,1961.4871692307688,8.915850769230769,3.5603846153846153,79.85384615384615,31450.0,220.0,19,"Life, Physical, and Social Science Occupations",58440.0,28.1,63510.0,30.54,154441.7327307692,1080.355523076923,4.910706923076922,True,False,True,False,55.078388481154484,55.078388481154484,17322.153177323085,121.17245465853986,1012306631.6827611,7695662.595363867,0.0069952305246422895,0.5525123188473325
21-1011.00,Substance Abuse and Behavioral Disorder Counselors,6344164.329108974,69867.03163846154,39.20708846153846,4.357826086956522,90.22130434782609,161811.66666666666,1782.0,21,Community and Social Service Occupations,60200.0,28.94,60200.0,28.94,2189487.8513051276,24112.398267692304,13.53108769230769,False,False,False,False,34.51184013722792,34.51184013722792,55844.183723384114,615.0009912454016,3361819860.1477237,37023059.67297317,0.011012802949931505,0.8698368514719605
21-1012.00,"Educational, Guidance, and Career Counselors and Advisors",11810169.48425,126950.2664,34.497355,3.816857142857143,73.76657142857142,342350.0,3680.0,21,Community and Social Service Occupations,65140.0,31.32,62500.0,30.05,8297305.593088675,89189.67309059828,24.236324209401708,False,True,True,False,70.25560136248623,70.25560136248622,240520.0512644716,2585.406130139493,15667476139.36768,161587883.1337183,0.0107492332408354,0.8490190227188399
21-1013.00,Marriage and Family Therapists,2789126.696326923,83838.93819230769,42.34289807692308,3.9953333333333334,82.914,65870.0,1980.0,21,Community and Social Service Occupations,63780.0,30.66,81170.0,39.02,2672715.3293615384,80339.70475384616,40.575608461538465,False,False,False,False,95.82624313486046,95.82624313486048,63120.74635293258,1897.359614070237,4025841202.3900404,154008679.87408113,0.030059207529983305,2.3742008782410426
21-1014.00,Mental Health Counselors,7721003.246197435,85029.88732615384,47.71598615384615,4.0488888888888885,90.93518518518519,161811.66666666666,1782.0,21,Community and Social Service Occupations,60200.0,28.94,60200.0,28.94,6246234.539266666,68788.55016,38.60188,False,False,False,False,80.89926062837641,80.89926062837641,130904.44194378633,1441.6248243976675,7880447405.015937,86785814.42873958,0.011012802949931505,0.8698368514719605
21-1015.00,Rehabilitation Counselors,1763044.843253846,11895.05123076923,19.825085384615384,4.1135294117647065,84.63117647058823,88930.0,600.0,21,Community and Social Service Occupations,46110.0,22.17,46700.0,22.45,1246061.404503846,8407.02623076923,14.011710384615384,False,False,False,False,70.67667105983169,70.67667105983169,62852.76357350832,424.06002635899017,2898140928.3744683,19803603.23096484,0.006746879568199708,0.5328965302970244
21-1021.00,"Child, Family, and School Social Workers",11087600.20436923,52982.83991538461,28.952371538461538,4.158095238095238,64.96190476190476,382960.0,1830.0,21,Community and Social Service Occupations,58570.0,28.16,49070.0,23.59,8929377.277476924,42669.62716153846,23.316736153846154,False,False,False,False,80.53480566478373,80.53480566478373,308416.0917738558,1473.7869436655424,18063930495.194733,72318725.32566817,0.004778566952162106,0.37743103650488
21-1022.00,Healthcare Social Workers,5973536.545546154,62003.471726923075,32.12615115384615,4.055294117647058,87.64470588235294,185940.0,1930.0,21,Community and Social Service Occupations,68090.0,32.74,72370.0,34.79,2887096.0297153844,29967.16864230769,15.527030384615385,False,False,False,False,48.33143662388728,48.33143662388728,89867.47325845601,932.7967268410245,6119076254.16827,67506499.12148494,0.010379692373884048,0.8198311524136527
21-1023.00,Mental Health and Substance Abuse Social Workers,2956789.4217576925,39452.038984615385,23.48335653846154,3.9784615384615383,89.82153846153847,125910.0,1680.0,21,Community and Social Service Occupations,60060.0,28.88,60060.0,28.88,1939615.3655307693,25880.023938461538,15.404776153846154,False,False,False,False,65.59869807629877,65.59869807629877,82595.32074786778,1102.0581276818195,4960674964.116939,66189611.14857008,0.01334286395044079,1.0538747329845148
21-1091.00,Health Education Specialists,434178.6438461538,3265.5032307692304,6.664292307692308,3.816875,77.09125,65150.0,490.0,21,Community and Social Service Occupations,63000.0,30.29,61660.0,29.64,165704.66496153845,1246.2822076923076,2.543433076923077,False,True,True,False,38.165088797010014,38.16508879701001,24864.555351252024,187.00893510534908,1566466987.1288774,11530970.938595824,0.007521105141980046,0.5940480771364555
21-1092.00,Probation Officers and Correctional Treatment Specialists,2696388.5416384614,25777.499303846154,31.057228076923078,4.1519047619047615,79.69714285714285,86820.0,830.0,21,Community and Social Service Occupations,64520.0,31.02,74860.0,35.99,1548901.8249923077,14807.515719230769,17.840380384615386,False,False,False,False,57.443569466109544,57.443569466109544,49872.50701047631,476.78162656870916,3217774152.3159313,35691872.56493357,0.009560009214466713,0.7550891769298729
21-1093.00,Social and Human Service Assistants,5969506.526853846,88088.98886923077,14.071723461538461,3.4921052631578946,59.93578947368421,424220.0,6260.0,21,Community and Social Service Occupations,45120.0,21.69,40500.0,19.47,4610739.4933846155,68038.35092307693,10.868746153846153,False,False,False,False,77.2382017281192,77.2382017281192,327659.89937102725,4835.111428180261,14784014659.620749,195822012.84130058,0.014756494271840084,1.1655291186574106
21-1094.00,Community Health Workers,2005652.1157461538,19154.91893846154,33.025722307692305,3.7275,54.091071428571425,60730.0,580.0,21,Community and Social Service Occupations,51030.0,24.54,55520.0,26.69,1846291.6205576924,17632.951423076924,30.401640384615387,False,False,False,False,92.05442988156621,92.05442988156621,55904.65526707516,533.9156933130839,2852814558.2788453,29642999.29274242,0.009550469290301334,0.7543356741534206
21-2011.00,Clergy,1572777.8291076922,17330.88516923077,27.079508076923076,4.173333333333334,97.01380952380953,58080.0,640.0,21,Community and Social Service Occupations,60820.0,29.24,60820.0,29.24,1339104.4087384616,14755.971446153846,23.056205384615385,False,False,False,False,85.14263006226352,85.1426300622635,49450.839540162655,544.9128323984864,3007600060.8326926,33141598.466475945,0.011019283746556474,0.8703487316678491
21-2021.00,"Directors, Religious Activities and Education",93101.63479999999,260.3028,4.33838,3.6468421052631577,89.15157894736842,21460.0,60.0,21,Community and Social Service Occupations,54840.0,26.37,31200.0,15.0,48814.740099999995,136.4811,2.274685,False,False,False,False,52.43166804198802,52.43166804198802,11251.83596181063,31.45900082519281,617050684.145695,981520.8257460156,0.0027958993476234857,0.22083172618506236
23-1011.00,Lawyers,21959794.8825,171801.8055,29.36783,4.082272727272727,75.10954545454545,747750.0,5850.0,23,Legal Occupations,151160.0,72.67,125710.0,60.43999999999999,9508431.276634615,74388.93075,12.716056538461538,False,False,False,False,43.29927181702406,43.299271817024064,323770.3050117974,2533.007401295907,48941119305.5833,318424360.4169085,0.0078234704112337,0.6179301401314814
23-1012.00,Judicial Law Clerks,350767.6481,15654.53195,26.533105,3.6127777777777776,74.4,13220.0,590.0,23,Legal Occupations,60400.0,29.040000000000003,50490.0,24.28,277507.7825384615,12384.991807692308,20.991511538461538,False,False,False,False,79.1144177753095,79.11441777530952,10458.926029895916,466.77506487432606,631719132.2057134,23567473.025504723,0.04462934947049925,3.525011116893027
23-1021.00,"Administrative Law Judges, Adjudicators, and Hearing Officers",688821.4375615384,7639.424446153846,42.441246923076925,4.311428571428571,78.3157142857143,16230.0,180.0,23,Legal Occupations,115230.0,55.4,103790.0,49.9,271899.1237961539,3015.5170846153846,16.75287269230769,False,False,False,False,39.47309258531356,39.47309258531355,6406.48292659639,71.05156665356441,738219027.6317021,7374442.10297345,0.011090573012939002,0.875979453591763
23-1022.00,"Arbitrators, Mediators, and Conciliators",196371.51016153846,999.3461076923077,24.983652692307693,3.8560000000000003,79.7105,7860.0,40.0,23,Legal Occupations,67710.0,32.55,55890.0,26.87,71885.05084615384,365.82723076923077,9.145680769230768,False,False,False,False,36.60665989023561,36.60665989023561,2877.283467372519,14.642663956094246,194820863.57579327,818378.4885061075,0.005089058524173028,0.40195494859469366
23-1023.00,"Judges, Magistrate Judges, and Magistrates",739956.8118307692,2892.7162307692306,28.927162307692306,4.286190476190477,83.36476190476189,25580.0,100.0,23,Legal Occupations,156210.0,75.1,123640.0,59.44,138445.57144615386,541.2258461538461,5.412258461538461,False,False,False,False,18.709952963824712,18.70995296382471,4786.005968146362,18.709952963824712,747621992.2841432,2313298.5844472875,0.003909304143862391,0.30877305472579075
23-2011.00,Paralegals and Legal Assistants,8293004.963815385,65265.465784615386,22.583206153846156,3.61,62.82,367220.0,2890.0,23,Legal Occupations,61010.0,29.33,55630.0,26.75,7805266.873122116,61426.99543413462,21.255015721153846,False,False,False,False,94.11868083015263,94.11868083015261,345622.6197444865,2720.029875991411,21086436030.611122,151315262.00140217,0.007869941724306955,0.6216006371730777
23-2093.00,"Title Examiners, Abstractors, and Searchers",3115143.2284923075,86010.80535384615,64.66977846153846,4.160625,76.46,48170.0,1330.0,23,Legal Occupations,54980.0,26.43,59310.0,28.51,2947794.5531346155,81390.21705769231,61.19565192307692,False,False,False,False,94.62789788196395,94.62789788196395,45582.25840974203,1258.5510418301205,2506112567.367617,74644662.29094444,0.027610545982976957,2.180795433682379
25-1011.00,"Business Teachers, Postsecondary",969677.6955461538,5098.574334615384,11.857149615384614,3.9108,81.048,81780.0,430.0,25,Educational Instruction and Library Occupations,97270.0,46.76442307692307,124620.0,59.91346153846154,600597.0695307691,3157.944973076923,7.344058076923076,False,False,False,False,61.93780390013956,61.93780390013958,50652.736029534135,266.33255677060015,4926991633.592785,33190363.22475219,0.0052580092932257285,0.41529938104070246
25-1021.00,"Computer Science Teachers, Postsecondary",607802.2822153847,7044.066184615384,16.771586153846155,3.8784615384615386,78.19346153846153,36240.0,420.0,25,Educational Instruction and Library Occupations,96690.0,46.48557692307692,100340.0,48.24038461538461,304455.3900923077,3528.4565076923077,8.401086923076923,False,False,False,False,50.09118902656884,50.09118902656884,18153.046903228547,210.38299391158915,1755218105.0731683,21109829.609088857,0.011589403973509934,0.9153791917086112
25-1022.00,"Mathematical Science Teachers, Postsecondary",589155.4976384615,4223.769442307693,12.067912692307694,3.6743478260869566,76.39304347826086,48820.0,350.0,25,Educational Instruction and Library Occupations,79350.0,38.14903846153846,79780.0,38.35576923076923,375211.8932923077,2689.9664615384618,7.6856184615384615,False,False,False,False,63.68639430443853,63.68639430443853,31091.69769942689,222.90238006553486,2467126212.449524,17783151.88162837,0.007169192953707498,0.5662525929864821
25-1031.00,"Architecture Teachers, Postsecondary",131915.63316923077,1735.7320153846154,14.46443346153846,3.9136363636363636,88.78863636363636,9120.0,120.0,25,Educational Instruction and Library Occupations,101480.0,48.78846153846154,61530.0,29.58173076923077,64855.27698461538,853.3589076923078,7.111324230769231,False,False,False,False,49.16420853729627,49.164208537296275,4483.77581860142,58.99705024475552,455013570.0716721,3630088.501559807,0.013157894736842106,1.0392650973533857
25-1032.00,"Engineering Teachers, Postsecondary",790830.465,7727.985,19.815346153846153,3.67125,89.47666666666667,39910.0,390.0,25,Educational Instruction and Library Occupations,106120.0,51.01923076923077,102870.0,49.45673076923077,414696.73589999997,4052.4111,10.390797692307691,False,False,False,False,52.438133614389784,52.438133614389784,20928.05912550296,204.50872109612018,2220885634.398374,21037812.139157884,0.00977198697068404,0.7718320592722212
25-1041.00,"Agricultural Sciences Teachers, Postsecondary",140455.57730769232,1614.431923076923,16.14431923076923,3.8443478260869566,87.96826086956521,8700.0,100.0,25,Educational Instruction and Library Occupations,86350.0,41.51442307692308,62170.0,29.889423076923077,66161.93400000001,760.482,7.60482,False,False,False,False,47.10523801775476,47.10523801775475,4098.155707544664,47.10523801775476,353875745.3464818,2928532.6475638133,0.011494252873563216,0.9078637632052562
25-1042.00,"Biological Science Teachers, Postsecondary",844850.839326923,9678.10351153846,15.865743461538461,3.7177777777777776,89.56296296296296,53250.0,610.0,25,Educational Instruction and Library Occupations,83460.0,40.125,103830.0,49.91826923076923,429132.7589423077,4915.887003846154,8.058831153846153,False,False,False,False,50.79390810384822,50.79390810384823,27047.756065299174,309.8428394334741,2257405721.209869,32170982.018377617,0.011455399061032864,0.9047949279493512
25-1043.00,"Forestry and Conservation Science Teachers, Postsecondary",25550.873334615386,273.0627684615385,19.504483461538463,3.8207999999999998,89.814,1310.0,14.0,25,Educational Instruction and Library Occupations,100830.0,48.47596153846154,100830.0,48.47596153846154,12826.652376923077,137.0787276923077,9.791337692307692,False,False,False,False,50.200446023682474,50.200446023682474,657.6258429102404,7.028062443315545,66308413.74063954,708639.5361595064,0.010687022900763359,0.8441053920488567
25-1051.00,"Atmospheric, Earth, Marine, and Space Sciences Teachers, Postsecondary",142386.54596923076,2356.5717538461536,12.40300923076923,3.5276923076923077,81.78307692307693,11480.0,190.0,25,Educational Instruction and Library Occupations,101390.0,48.74519230769231,77900.0,37.45192307692308,77592.79898461538,1284.2013769230769,6.758954615384615,False,False,False,False,54.49447379767391,54.49447379767391,6255.965591972965,103.53950021558043,634292351.3701389,8065727.066793716,0.016550522648083623,1.307228920364363
25-1052.00,"Chemistry Teachers, Postsecondary",394897.7099076923,5422.822892307692,19.367224615384615,3.812857142857143,89.57892857142858,20390.0,280.0,25,Educational Instruction and Library Occupations,86220.0,41.45192307692308,105090.0,50.52403846153846,212049.4595153846,2911.9101846153844,10.39967923076923,False,False,False,False,53.69731304973923,53.69731304973923,10948.88213084183,150.35247653926984,944012617.3211826,15800541.759511868,0.01373222167729279,1.0846278210730773
25-1053.00,"Environmental Science Teachers, Postsecondary",94363.91832692307,1045.5469211538461,13.234771153846154,3.696,90.1648,7130.0,79.0,25,Educational Instruction and Library Occupations,87710.0,42.16826923076924,87710.0,42.16826923076924,47869.188326923075,530.3879211538462,6.713771153846153,False,False,False,False,50.72827535741007,50.728275357410055,3616.9260329833382,40.075337532353956,317240582.3529686,3515007.8549627652,0.011079943899018233,0.8751399220911258
25-1054.00,"Physics Teachers, Postsecondary",178842.3405923077,1973.9772692307693,13.159848461538461,3.6962500000000005,87.13666666666667,13590.0,150.0,25,Educational Instruction and Library Occupations,97360.0,46.8076923076923,81060.0,38.97115384615385,86312.89163076923,952.680923076923,6.351206153846154,False,False,False,False,48.2620006788715,48.2620006788715,6558.805892258637,72.39300101830725,638565341.6703008,5868176.662543985,0.011037527593818984,0.8717897063891533
25-1061.00,"Anthropology and Archeology Teachers, Postsecondary",83755.38461538461,1114.6153846153845,15.923076923076923,3.921538461538461,90.91653846153847,5260.0,70.0,25,Educational Instruction and Library Occupations,95770.0,46.04326923076923,75520.0,36.30769230769231,44687.688968205126,594.7030851282051,8.495758358974358,False,False,False,False,53.3550041867955,53.3550041867955,2806.4732202254436,37.34850293075685,268775940.30099076,2820558.9413307575,0.013307984790874524,1.0511198323041846
25-1062.00,"Area, Ethnic, and Cultural Studies Teachers, Postsecondary",229752.31984615384,3216.1304615384615,20.100815384615384,3.8104347826086955,87.81695652173913,11430.0,160.0,25,Educational Instruction and Library Occupations,84290.0,40.52403846153846,64890.0,31.197115384615383,115908.6669923077,1622.5185230769232,10.140740769230769,False,False,False,False,50.44940006260749,50.44940006260749,5766.366427156036,80.71904010017198,486047026.1449822,5237858.51210016,0.01399825021872266,1.1056398586016771
25-1063.00,"Economics Teachers, Postsecondary",235807.92567692307,3037.7832615384614,18.986145384615384,3.6731818181818183,89.98454545454545,12420.0,160.0,25,Educational Instruction and Library Occupations,119980.0,57.68269230769231,102590.0,49.32211538461539,118335.52917692307,1524.4512615384615,9.527820384615385,False,False,False,False,50.18301604461456,50.18301604461456,6232.730592741128,80.2928256713833,747803016.5170805,8237240.985627213,0.01288244766505636,1.0175091452348766
25-1064.00,"Geography Teachers, Postsecondary",47107.08299230769,1002.2783615384615,14.318262307692306,3.6431999999999998,89.3984,3290.0,70.0,25,Educational Instruction and Library Occupations,86730.0,41.69711538461539,81940.0,39.39423076923077,27269.36113461538,580.199173076923,8.288559615384615,False,False,False,False,57.88802745240733,57.88802745240733,1904.516103184201,40.52161921668513,165178681.62916577,3320341.4786151797,0.02127659574468085,1.6805137744437724
25-1065.00,"Political Science Teachers, Postsecondary",242042.12864230768,1409.680423076923,14.09680423076923,3.8245454545454547,91.44772727272726,17170.0,100.0,25,Educational Instruction and Library Occupations,94680.0,45.51923076923077,70820.0,34.04807692307692,112929.03813461539,657.7113461538462,6.577113461538461,False,False,False,False,46.65676953349847,46.65676953349847,8010.967328901686,46.656769533498476,758478386.7004117,3304232.4183623623,0.005824111822947,0.46001250669107335
25-1066.00,"Psychology Teachers, Postsecondary",959735.2741500001,5766.25375,23.065015,3.6558620689655172,84.29379310344828,41610.0,250.0,25,Educational Instruction and Library Occupations,80330.0,38.62019230769231,81370.0,39.12019230769231,493228.7121,2963.4025,11.85361,False,False,False,False,51.392162545742984,51.392162545742984,21384.278835283658,128.48040636435746,1717799118.8383362,10454450.665867766,0.006008171112713291,0.47455027276410305
25-1067.00,"Sociology Teachers, Postsecondary",144958.9675,936.73,11.709125,3.6804166666666664,87.93624999999999,12380.0,80.0,25,Educational Instruction and Library Occupations,82540.0,39.68269230769231,86810.0,41.73557692307692,74525.48587692306,481.58633846153845,6.01982923076923,False,False,False,False,51.411435361474325,51.411435361474325,6364.7356977505215,41.129148289179454,525345284.49232805,3570421.362983668,0.006462035541195478,0.5103983676824382
25-1071.00,"Health Specialties Teachers, Postsecondary",2407803.3767538457,34169.59345384615,10.481470384615383,3.8786363636363634,81.94590909090908,229720.0,3260.0,25,Educational Instruction and Library Occupations,105620.0,50.77884615384616,136030.0,65.39903846153847,1002268.4483538461,14223.381253846152,4.363000384615384,False,False,False,False,41.625842792241826,41.625842792241826,95622.88606233793,1357.0024750270834,10099689225.904133,184593046.67793414,0.014191189273898657,1.1208789853746943
25-1072.00,"Nursing Instructors and Teachers, Postsecondary",1330937.5326923076,13264.562615384615,17.925084615384613,4.056206896551724,81.42758620689655,74250.0,740.0,25,Educational Instruction and Library Occupations,79940.0,38.43269230769231,75380.0,36.24038461538461,639879.360576923,6377.248846153846,8.617903846153846,False,False,False,False,48.077339834464894,48.077339834464894,35697.42482709019,355.77231477504023,2853652140.6775894,26818117.087742534,0.009966329966329967,0.7871820750862546
25-1081.00,"Education Teachers, Postsecondary",677157.6274846154,3437.9300769230767,11.459766923076922,3.62375,84.70041666666667,59090.0,300.0,25,Educational Instruction and Library Occupations,72090.0,34.65865384615385,67580.0,32.49038461538461,318545.2128653846,1617.254423076923,5.390848076923077,False,False,False,False,47.04151587993768,47.04151587993769,27796.831733455172,141.12454763981302,2003873599.6647832,9537196.929498564,0.00507700118463361,0.4010026099112742
25-1082.00,"Library Science Teachers, Postsecondary",81016.23653846154,1383.2040384615386,19.760057692307694,3.9528,85.5784,4100.0,70.0,25,Educational Instruction and Library Occupations,78630.0,37.80288461538461,79880.0,38.40384615384615,45831.90046153846,782.4958615384616,11.178512307692309,False,False,False,False,56.571253392868094,56.57125339286808,2319.421389107592,39.599877375007665,182376103.82552996,3163238.2047156123,0.01707317073170732,1.348509833639027
25-1111.00,"Criminal Justice and Law Enforcement Teachers, Postsecondary",210125.31669230768,1239.6773846153844,15.495967307692306,3.795217391304348,80.38130434782609,13560.0,80.0,25,Educational Instruction and Library Occupations,71470.0,34.36057692307692,79700.0,38.31730769230769,98752.96347692308,582.6133538461538,7.282666923076922,False,False,False,False,46.99717531968305,46.99717531968305,6372.816973349021,37.59774025574644,455465229.08525455,2996539.898382991,0.0058997050147492625,0.4659831704947333
25-1112.00,"Law Teachers, Postsecondary",369527.95707692305,1620.7366538461538,16.20736653846154,3.7673913043478264,81.01565217391304,22800.0,100.0,25,Educational Instruction and Library Occupations,126650.0,60.88942307692309,138020.0,66.35576923076923,196719.99599999998,862.807,8.62807,False,False,False,False,53.23548387410635,53.23548387410635,12137.690323296247,53.23548387410635,1537238479.4454696,7347561.484304158,0.004385964912280702,0.34642169911779525
25-1113.00,"Social Work Teachers, Postsecondary",239689.51476923077,2693.1406153846156,17.95427076923077,3.92,87.87166666666667,13350.0,150.0,25,Educational Instruction and Library Occupations,76210.0,36.63942307692308,64140.0,30.836538461538463,116408.71898076923,1307.9631346153847,8.719754230769231,False,False,False,False,48.56646278117159,48.56646278117158,6483.622781286407,72.84969417175738,494116892.1618371,4672579.384176518,0.011235955056179775,0.8874623303242393
25-1121.00,"Art, Drama, and Music Teachers, Postsecondary",2733515.41215,24852.67868846154,27.924358076923077,3.8785714285714286,83.10214285714287,97890.0,890.0,25,Educational Instruction and Library Occupations,80190.0,38.552884615384606,63500.0,30.528846153846157,1293121.44075,11756.850365384615,13.209944230769231,False,False,False,False,47.306169740338774,47.30616974033877,46308.00955881763,421.0249106890151,3713439286.5215855,26735081.828752458,0.00909183777709674,0.718111055112708
25-1122.00,"Communications Teachers, Postsecondary",588625.2656307692,4224.583246153847,20.117063076923078,3.899545454545455,84.25636363636363,29260.0,210.0,25,Educational Instruction and Library Occupations,77800.0,37.40384615384615,62810.0,30.197115384615383,271376.92297692306,1947.6812653846152,9.274672692307693,False,False,False,False,46.103512509969526,46.103512509969526,13489.887760417085,96.817376270936,1049513267.7604492,6081099.40357749,0.007177033492822967,0.5668718712836649
25-1123.00,"English Language and Literature Teachers, Postsecondary",1342732.7148538462,10139.783884615385,22.532853076923075,3.6827272727272726,80.4718181818182,59590.0,450.0,25,Educational Instruction and Library Occupations,78270.0,37.62980769230769,62780.0,30.182692307692307,907383.0494346154,6852.196211538461,15.227102692307692,False,False,False,False,67.57733980834615,67.57733980834615,40269.336791793474,304.09802913755766,3151880990.693675,19091274.26925587,0.007551602617888907,0.5964568942689341
25-1124.00,"Foreign Language and Literature Teachers, Postsecondary",334494.52499615384,1738.044296153846,15.800402692307692,3.875,86.30583333333334,21170.0,110.0,25,Educational Instruction and Library Occupations,77010.0,37.02403846153846,65040.0,31.26923076923077,192787.5443730769,1001.730273076923,9.106638846153846,False,False,False,False,57.63548577522866,57.63548577522866,12201.432338615907,63.39903435275152,939632304.396811,4123473.194302959,0.0051960321209258385,0.41040416692840354
25-1125.00,"History Teachers, Postsecondary",262716.7191,2116.5496,13.228435,3.7836000000000003,91.8752,19860.0,160.0,25,Educational Instruction and Library Occupations,81500.0,39.18269230769231,78110.0,37.55288461538461,146671.87467692306,1181.646523076923,7.385290769230769,False,False,False,False,55.82890772212109,55.82890772212109,11087.621073613249,89.32625235539373,903641117.4994798,6977273.571479805,0.008056394763343404,0.6363274714912975
25-1126.00,"Philosophy and Religion Teachers, Postsecondary",308601.6376,1036.5698,14.80814,3.9263636363636363,87.80681818181819,20840.0,70.0,25,Educational Instruction and Library Occupations,78050.0,37.52403846153846,87240.0,41.94230769230769,163672.31832307694,549.7630653846154,7.853758076923077,False,False,False,False,53.036762732679975,53.036762732679975,11052.861353490507,37.12573391287598,862675828.6399341,3238849.0265593003,0.0033589251439539347,0.2653018386717856
25-1192.00,"Family and Consumer Sciences Teachers, Postsecondary",44027.08813076923,3013.2607846153846,16.74033769230769,4.086956521739131,84.3004347826087,2630.0,180.0,25,Educational Instruction and Library Occupations,77280.0,37.15384615384615,74790.0,35.95673076923077,36981.53886948052,2531.055892207792,14.061421623376624,False,True,True,False,83.99723997107867,83.99723997107866,2209.127411239369,151.1950319479416,170721366.34057844,11307876.439386552,0.06844106463878326,5.405759137564377
25-1193.00,"Recreation and Fitness Studies Teachers, Postsecondary",271735.6382769231,4071.748523076923,21.430255384615386,3.857391304347826,84.46478260869566,12680.0,190.0,25,Educational Instruction and Library Occupations,75890.0,36.48557692307692,55770.0,26.8125,139682.09481538463,2093.0282346153845,11.015938076923076,False,False,False,False,51.40367148788779,51.40367148788779,6517.985544664171,97.6669758269868,494649922.98456395,5446887.241871054,0.014984227129337536,1.1835164042415525
25-1194.00,"Career/Technical Education Teachers, Postsecondary",2801498.2155,70573.05446153846,25.204662307692306,4.0515,89.0005,111150.0,2800.0,25,Educational Instruction and Library Occupations,61490.0,29.559999999999995,49850.0,23.97,1800686.55825,45361.42476923077,16.200508846153845,False,True,True,False,64.27584170096003,64.27584170096003,71442.59805061707,1799.7235676268808,4393005354.132444,89716219.8462,0.025191183085919926,1.9897041180099004
25-2011.00,"Preschool Teachers, Except Special Education",27926988.99526154,265415.5734923077,62.74599846153846,4.195,88.985,445080.0,4230.0,25,Educational Instruction and Library Occupations,37120.0,17.85,34210.0,16.45,7515080.450169231,71422.64380384615,16.88478576923077,False,False,False,False,26.90974115198863,26.90974115198863,119769.875919271,1138.282050729119,4445857794.12334,38940628.95544316,0.009503909409544351,0.7506581816688379
25-2012.00,"Kindergarten Teachers, Except Special Education",11955403.201384615,54337.992,104.49613846153846,4.173513513513513,97.21486486486486,114410.0,520.0,25,Educational Instruction and Library Occupations,61430.0,19.27,60420.0,29.048076923076923,4803032.392792308,21830.0572,41.98087923076923,False,False,False,False,40.17457472480764,40.17457472480764,45963.73094265242,208.90778856899976,2823551991.8071384,12622208.585338965,0.004545057250240363,0.3589874717892299
25-2021.00,"Elementary School Teachers, Except Special Education",141818567.9799269,1608208.7791538462,101.78536576923076,4.135526315789474,94.36578947368422,1393310.0,15800.0,25,Educational Instruction and Library Occupations,62340.0,29.971153846153847,61710.0,29.66826923076923,58624682.199738465,664798.1990769231,42.07583538461539,False,False,False,False,41.337804375542866,41.337804375542866,575963.7621448763,6531.373091335773,35905580932.11159,403051033.4663305,0.011339902821339112,0.8956725559293662
25-2022.00,"Middle School Teachers, Except Special and Career/Technical Education",43775572.027707696,375398.6220923077,70.56365076923078,3.8017142857142856,91.218,620370.0,5320.0,25,Educational Instruction and Library Occupations,62970.0,30.274038461538463,75490.0,36.29326923076923,20794398.205084614,178322.93381538463,33.51934846153846,False,False,False,False,47.50228778717689,47.5022877871769,294689.94274530926,2527.1217102778105,18556625694.672123,190772417.90887192,0.008575527507777618,0.6773307286972627
25-2023.00,"Career/Technical Education Teachers, Middle School",1041120.0511538462,12464.113288461538,73.31831346153847,4.067096774193549,98.81838709677419,14200.0,170.0,25,Educational Instruction and Library Occupations,63620.0,30.58653846153846,71910.0,34.57211538461539,404229.2481538461,4839.364238461538,28.46684846153846,False,False,False,False,38.826382001369524,38.826382001369524,5513.346244194473,66.00484940232819,350759088.0556524,4746408.72052142,0.011971830985915493,0.9455848632257564
25-2031.00,"Secondary School Teachers, Except Special and Career/Technical Education",86618501.18136923,915820.205676923,80.76015923076923,3.9459375,93.9715625,1072540.0,11340.0,25,Educational Instruction and Library Occupations,64580.0,31.048076923076923,74280.0,35.71153846153846,38363532.691884615,405618.86803846154,35.76885961538461,False,False,False,False,44.29022918736006,44.29022918736006,475030.42412611167,5022.511989846631,30677464790.064293,373072190.6058077,0.010573032241221773,0.8351019369935311
25-2032.00,"Career/Technical Education Teachers, Secondary School",7054440.917115384,58758.86642307692,67.53892692307691,4.005151515151515,95.36121212121212,104450.0,870.0,25,Educational Instruction and Library Occupations,63910.0,30.72596153846154,65240.0,31.365384615384617,2821194.7008653847,23498.70167307692,27.01000192307692,False,False,False,False,39.991754612624824,39.99175461262482,41771.38769288663,347.928265129836,2669609387.4523845,22698840.017070502,0.008329344183820009,0.6578861487506543
25-2051.00,"Special Education Teachers, Preschool",2590541.0143846152,13779.473480769231,91.86315653846154,4.2444444444444445,87.14416666666666,28200.0,150.0,25,Educational Instruction and Library Occupations,62190.0,29.89903846153846,56040.0,26.942307692307693,618093.3701538462,3287.7306923076926,21.918204615384617,False,False,False,False,23.8596249479059,23.859624947905896,6728.414235309464,35.78943742185885,418440081.29389554,2005640.07312097,0.005319148936170213,0.4201284436109431
25-2057.00,"Special Education Teachers, Middle School",7693687.177219231,64564.667384615386,80.70583423076923,4.0455,90.17025,95330.0,800.0,25,Educational Instruction and Library Occupations,64880.0,31.19230769230769,73640.0,35.40384615384615,2863793.9371769233,24032.67753846154,30.040846923076924,True,False,True,False,37.22264593310381,37.22264593310381,35484.348368027866,297.7811674648305,2302224522.117648,21928605.172110118,0.008391901814748767,0.6628272098928547
25-2058.00,"Special Education Teachers, Secondary School",12717758.106507692,107036.05237692308,78.12850538461538,4.078,89.31725,162780.0,1370.0,25,Educational Instruction and Library Occupations,69590.0,33.45673076923077,60080.0,28.88461538461538,4312841.950661538,36298.03091538462,26.494913076923076,True,False,True,False,33.91196714501632,33.91196714501633,55201.90011865756,464.5939498867236,3841500229.2573795,27912804.50919435,0.008416267354711881,0.6647517012927541
25-2059.01,Adapted Physical Education Specialists,2042089.3627884616,6746.41975,51.895536538461535,4.2245,96.42999999999999,39350.0,130.0,25,Educational Instruction and Library Occupations,67430.0,32.41826923076923,65030.0,31.26442307692308,582007.5068461539,1922.7694,14.790533846153846,False,False,False,False,28.500589516387564,28.50058951638756,11214.981974698505,37.05076637130384,756226234.5539201,2409411.3371258886,0.0033036848792884366,0.26093873346509394
25-3011.00,"Adult Basic Education, Adult Secondary Education, and English as a Second Language Instructors",1530023.2642692307,6751.3436923076915,42.19589807692307,3.6772972972972973,80.04702702702703,36260.0,160.0,25,Educational Instruction and Library Occupations,59950.0,28.82,49060.0,23.59,688961.4143192308,3040.0944923076922,19.000590576923077,False,True,True,False,45.029473107279344,45.029473107279344,16327.686948699491,72.04715697164694,978844832.5745345,3534633.521028999,0.004412575841147269,0.34852354064581265
25-3021.00,Self-Enrichment Teachers,15895244.799276922,280273.9910153846,51.520954230769235,3.759666666666667,73.59233333333333,308520.0,5440.0,25,Educational Instruction and Library Occupations,45590.0,21.92,38010.0,18.280000000000005,6671964.286523078,117643.86658461539,21.62571076923077,False,True,True,False,41.97459284695374,41.97459284695373,129500.01385142168,2283.4178508742834,5903905631.486315,86792712.51173152,0.017632568391028135,1.3926933808173982
25-3041.00,Tutors,9250088.58816923,103273.06049999999,52.96054384615384,3.9363157894736847,90.43052631578948,174660.0,1950.0,25,Educational Instruction and Library Occupations,40090.0,19.27,35460.0,17.05,7355803.145746154,82124.21925,42.11498423076923,True,False,True,False,79.52143458554713,79.52143458554713,138892.13764711661,1550.6679744181688,5568185798.272905,54986686.37286826,0.011164548265200962,0.8818223258202893
25-4011.00,Archivists,152766.82961538463,2166.9053846153847,21.669053846153847,4.220769230769231,98.01384615384616,7050.0,100.0,25,Educational Instruction and Library Occupations,61570.0,29.6,51250.0,24.64,148459.47484615384,2105.808153846154,21.058081538461536,False,False,False,False,97.18043846293384,97.18043846293384,6851.220911636836,97.18043846293384,421829671.52948,4980497.4712253595,0.014184397163120567,1.1203425162958482
25-4012.00,Curators,79565.5395076923,583.1350615384615,6.4792784615384615,3.6573333333333333,81.81333333333333,12280.0,90.0,25,Educational Instruction and Library Occupations,61770.0,29.7,50040.0,24.06,64161.88063076923,470.24179615384617,5.224908846153846,False,False,False,False,80.64028853165274,80.64028853165274,9902.627431686957,72.57625967848747,611685296.4553033,3631716.0343115134,0.00732899022801303,0.5788740444541659
25-4013.00,Museum Technicians and Conservators,258732.68445384616,1385.714453846154,19.79592076923077,3.8037500000000004,64.87958333333334,13070.0,70.0,25,Educational Instruction and Library Occupations,47460.0,22.820000000000004,43230.0,20.78,206389.1994423077,1105.3744423076923,15.791063461538462,False,False,False,False,79.76927997248228,79.76927997248228,10425.844892403435,55.8384959807376,494810598.593467,2413898.1812472865,0.005355776587605203,0.4230214474307583
25-4022.00,Librarians and Media Collections Specialists,4863107.241603846,60129.44552692308,36.88923038461539,3.807142857142857,83.28821428571429,131830.0,1630.0,25,Educational Instruction and Library Occupations,64320.0,30.92,49760.0,23.92,4419763.159489616,54647.75809730769,33.526231961538464,True,True,True,True,90.88352240474106,90.88352240474103,119811.74758617014,1481.4014151972792,7706291604.742463,73714534.42021662,0.012364408708184782,0.9765922799069816
25-4031.00,Library Technicians,4318637.4384,29856.3792,58.54192,3.6703225806451614,65.68741935483871,73770.0,510.0,25,Educational Instruction and Library Occupations,39970.0,19.22,36630.0,17.61,3760746.309023077,25999.466146153845,50.979345384615385,False,False,False,False,87.0817789792603,87.0817789792603,64240.22835300033,444.11707279422757,2567681927.2694235,16268008.376452556,0.006913379422529483,0.5460473793332956
25-9021.00,Farm and Home Management Educators,61005.585115384616,671.8938711538461,5.945963461538462,3.7733333333333334,86.34533333333334,10260.0,113.0,25,Educational Instruction and Library Occupations,58120.0,27.94,58120.0,27.94,50253.823315384616,553.4777811538461,4.8980334615384615,False,True,True,False,82.37577464478973,82.37577464478973,8451.754478555427,93.08462534861239,491215970.29364145,5410078.425261352,0.011013645224171538,0.8699033777846855
25-9031.00,Instructional Coordinators,1641903.3040192307,25541.583292307692,7.7870680769230765,3.8461538461538463,80.13153846153847,210850.0,3280.0,25,Educational Instruction and Library Occupations,74720.0,35.92,59690.0,28.7,849503.4587307689,13214.945907692305,4.028946923076921,False,False,False,False,51.73894568890027,51.73894568890029,109091.56698504623,1697.037418595929,8151321885.122654,101296163.515991,0.015556082523120705,1.2286839149549538
25-9042.00,"Teaching Assistants, Preschool, Elementary, Middle, and Secondary School, Except Special Education",17096834.767641347,188317.56104538462,44.688552692307695,3.964642857142857,75.10857142857142,382577.5,4214.0,25,Educational Instruction and Library Occupations,35550.0,17.091346153846153,35550.0,17.091346153846153,39665035.31848001,436900.9124480001,25.919608000000007,True,True,True,True,232.0022147816086,232.0022147816086,887588.2732561086,9776.573330896987,31553763114.25466,347557181.9133879,0.011014761714946645,0.869991562856636
25-9044.00,"Teaching Assistants, Postsecondary",1532042.050430769,20656.524646153845,9.883504615384615,3.7405,71.233,155010.0,2090.0,25,Educational Instruction and Library Occupations,44930.0,21.60096153846154,30010.0,14.427884615384617,1317681.4042961537,17766.299819230768,8.500621923076922,True,True,True,True,86.00817477076801,86.00817477076801,133321.27171216748,1797.5708527090515,5990124738.027685,53945101.28979863,0.013483001096703438,1.064943346000979
27-1011.00,Art Directors,1417871.445623077,11259.650153846154,28.149125384615385,4.1293750000000005,80.50875,50370.0,400.0,27,"Arts, Design, Entertainment, Sports, and Media Occupations",111040.0,53.38,91020.0,43.76,1287663.717,10225.64,25.5641,False,False,False,False,90.8166760093079,90.8166760093079,45744.35970588839,363.2667040372316,5079453701.741847,33064535.40146882,0.007941234862021045,0.6272316648708144
27-1012.00,Craft Artists,83272.08119230768,914.6590153846154,19.055396153846154,3.7199999999999998,94.93333333333334,4370.0,48.0,27,"Arts, Design, Entertainment, Sports, and Media Occupations",38480.0,18.5,20030.0,9.63,78505.13272252746,862.2989406593406,17.96456126373626,False,False,False,False,94.2754541479857,94.2754541479857,4119.837346266975,45.25221799103314,158531341.0843532,906401.9263603939,0.010983981693363846,0.8675604290950002
27-1013.00,"Fine Artists, Including Painters, Sculptors, and Illustrators",355191.3807692308,4972.679330769231,35.51913807692308,3.6310714285714285,55.799642857142864,10000.0,140.0,27,"Arts, Design, Entertainment, Sports, and Media Occupations",60560.0,29.12,43680.0,21.0,316454.82692307694,4430.367576923077,31.64548269230769,False,False,False,False,89.09417403027548,89.09417403027548,8909.417403027548,124.73184364238568,539554317.9273483,5448286.930299407,0.013999999999999999,1.105778063584002
27-1014.00,Special Effects Artists and Animators,570138.9244923077,5090.526111538462,26.792242692307692,3.7,65.96769230769232,21280.0,190.0,27,"Arts, Design, Entertainment, Sports, and Media Occupations",99800.0,47.98,62820.0,30.2,481923.4129230769,4302.887615384616,22.646776923076924,False,True,True,False,84.52736556308899,84.527365563089,17987.423391825338,160.6019945698691,1795144854.5041687,10089017.298879176,0.00892857142857143,0.7052156017755117
27-1021.00,Commercial and Industrial Designers,727500.1440384616,11062.812107692307,24.049591538461538,3.5288235294117647,78.85823529411765,30250.0,460.0,27,"Arts, Design, Entertainment, Sports, and Media Occupations",79450.0,38.2,66040.0,31.75,685069.78375,10417.5901,22.646935,False,False,False,False,94.16764922506758,94.16764922506759,28485.71389058294,433.17118643531086,2263189968.606815,28606625.15218793,0.015206611570247934,1.2010812497016317
27-1022.00,Fashion Designers,397647.4403653846,6275.641096153846,19.01709423076923,3.8325000000000005,73.712,20910.0,330.0,27,"Arts, Design, Entertainment, Sports, and Media Occupations",80690.0,38.79,58490.0,28.12,369704.16885,5834.64255,17.680735000000002,False,False,False,False,92.97285266322638,92.97285266322636,19440.623491880637,306.81041378864705,1568663909.5598485,17945341.102497965,0.015781922525107604,1.2465216949604452
27-1023.00,Floral Designers,1454594.9683076923,36219.99423076923,36.21999423076923,4.149333333333334,91.432,40160.0,1000.0,27,"Arts, Design, Entertainment, Sports, and Media Occupations",36120.0,17.37,34910.0,16.79,1162446.9550769231,28945.39230769231,28.94539230769231,False,False,False,False,79.91550778079065,79.91550778079065,32094.067924765524,799.1550778079065,1159237733.4425306,27898503.766274016,0.0249003984063745,1.966736738019355
27-1024.00,Graphic Designers,9723598.907215385,139323.47916153847,45.38224076923077,4.057894736842105,96.3157894736842,214260.0,3070.0,27,"Arts, Design, Entertainment, Sports, and Media Occupations",61300.0,29.47,59010.0,28.37,9723598.907215385,139323.47916153847,45.38224076923077,False,False,False,False,100.0,100.0,214260.0,3070.0,13134138000.0,181160700.0,0.014328386072995428,1.131715357577205
27-1025.00,Interior Designers,880038.0720384615,14418.559961538462,12.647859615384615,4.15,95.5,69580.0,1140.0,27,"Arts, Design, Entertainment, Sports, and Media Occupations",63490.0,30.52,60170.0,28.93,836168.3905076922,13699.798292307692,12.017366923076922,False,False,False,False,95.01502458533953,95.01502458533953,66111.45410647924,1083.1712802728707,4197416221.220367,65174415.934018634,0.016384018396090834,1.294077723982428
27-1026.00,Merchandise Displayers and Window Trimmers,5439882.863446154,55111.03275,28.262068076923075,3.84375,74.54041666666667,192480.0,1950.0,27,"Arts, Design, Entertainment, Sports, and Media Occupations",37350.0,17.96,43260.0,20.8,5216510.785846154,52848.0675,27.101573076923078,False,False,False,False,95.89380721594263,95.89380721594262,184576.40012924638,1869.9292407108815,6893928544.827353,80893138.95315273,0.010130922693266832,0.8001822912914158
27-1027.00,Set and Exhibit Designers,87264.58865384615,3056.2713076923073,8.04281923076923,3.9125925925925924,82.38962962962962,10850.0,380.0,27,"Arts, Design, Entertainment, Sports, and Media Occupations",66280.0,31.87,35230.0,16.94,74397.1688653846,2605.6151307692303,6.856881923076922,False,False,False,False,85.25470641991684,85.25470641991684,9250.135646560979,323.967884395684,613098990.6540617,11413388.567259947,0.035023041474654376,2.7662650701903937
27-2011.00,Actors,1167558.2286153848,22267.863123076924,30.091706923076924,3.9305555555555554,78.18055555555556,38800.0,740.0,27,"Arts, Design, Entertainment, Sports, and Media Occupations",78000.0,23.33,41288.0,19.85,1153140.1486153847,21992.879123076924,29.720106923076926,False,False,False,False,98.76510827069426,98.76510827069426,38320.86200902937,730.8618012031375,2989027236.704291,30175822.04807514,0.019072164948453606,1.5063986875039792
27-2012.00,Producers and Directors,7416706.323592308,65349.92836923077,51.054631538461535,3.8433333333333333,68.21407407407408,145270.0,1280.0,27,"Arts, Design, Entertainment, Sports, and Media Occupations",83480.0,40.13,71500.0,34.38,611723.3872119838,21557.773724696355,43.115547449392714,False,False,False,False,8.247911681039751,32.98821324316336,11981.741299046445,105.57326951730882,1000235763.6443973,7548488.77048758,0.035241048773611505,2.7834841908252503
27-2012.03,Media Programming Directors,4257913.371165385,37517.23766153846,29.310341923076923,3.707826086956522,78.23391304347825,145270.0,1280.0,27,"Arts, Design, Entertainment, Sports, and Media Occupations",83480.0,40.13,71500.0,34.38,264362.62709538464,9321.967416923077,23.24680153846154,False,True,True,False,6.208736628735802,24.84715826101365,9019.431700564499,79.47182884781827,752942158.3631244,5682235.762619006,0.03526204713330988,2.785142728362801
27-2012.04,Talent Directors,2529586.0071423077,22288.63556923077,17.412996538461538,3.854,77.14666666666668,145270.0,1280.0,27,"Arts, Design, Entertainment, Sports, and Media Occupations",83480.0,40.13,71500.0,34.38,25194.918946153848,890.7294576923078,8.483137692307693,False,False,False,False,0.9960095792361192,3.9963390981274363,1446.9031157563104,12.748922614222327,120787472.1033368,911547.9669168964,0.03535353535353536,2.7923688474343495
27-2012.05,Media Technical Directors/Managers,6180512.094126923,54457.599507692306,42.54499961538462,4.006666666666667,74.58266666666667,145270.0,1280.0,27,"Arts, Design, Entertainment, Sports, and Media Occupations",83480.0,40.13,71500.0,34.38,231010.750315,8128.540591538462,29.66620653846154,False,True,True,False,3.7377283111300708,14.926365952634912,5429.797917578653,47.842922382464906,453279530.15946597,3420768.950346241,0.035186849878001795,2.779203337265558
27-2021.00,Athletes and Sports Competitors,279605.63462307694,5642.702438461539,19.457594615384618,3.9311111111111114,93.73222222222222,14370.0,290.0,27,"Arts, Design, Entertainment, Sports, and Media Occupations",62360.0,29.980769230769237,178920.0,86.01923076923077,205775.4486230769,4152.740438461538,14.319794615384616,False,False,False,False,73.5948862048052,73.5948862048052,10575.585147630507,213.4251699939351,659493489.8062384,38186031.41531487,0.020180932498260265,1.5939737470889783
27-2022.00,Coaches and Scouts,8799725.527,94330.3645,35.06705,4.0381481481481485,76.58666666666667,250940.0,2690.0,27,"Arts, Design, Entertainment, Sports, and Media Occupations",45920.0,22.07692307692308,39920.0,19.192307692307693,8013731.934607692,85904.75374230769,31.934852692307693,False,False,False,False,91.0679760410633,91.06797604106332,228525.97907744427,2449.728555504603,10493912959.23624,97793163.93574375,0.010719693950745198,0.8466858870762977
27-2023.00,"Umpires, Referees, and Other Sports Officials",312561.9942,19897.845784615383,20.726922692307692,4.23,70.23875,15080.0,960.0,27,"Arts, Design, Entertainment, Sports, and Media Occupations",38820.0,18.66346153846154,29920.0,14.384615384615383,292843.6298,18642.565292307692,19.419338846153845,False,False,False,False,93.69137490613053,93.69137490613055,14128.659335844484,899.4371990988532,548474555.4174829,26911160.997037686,0.0636604774535809,5.028168534675266
27-2031.00,Dancers,345363.0289153846,8005.103319230769,38.11953961538462,3.994285714285714,81.19928571428571,9060.0,210.0,27,"Arts, Design, Entertainment, Sports, and Media Occupations",51020.0,23.97,35547.2,17.09,169614.26365384617,3931.456442307692,18.72122115384615,False,False,False,False,49.111876330978774,49.111876330978774,4449.535995586677,103.13494029505542,227015326.49483225,3666158.3496563938,0.023178807947019864,1.8307583834172219
27-2032.00,Choreographers,107873.95777307692,5032.021353846154,31.45013346153846,3.8905555555555558,94.61666666666666,3430.0,160.0,27,"Arts, Design, Entertainment, Sports, and Media Occupations",55600.0,26.73,37710.0,18.13,69450.18618461538,3239.658830769231,20.247867692307693,False,False,False,False,64.38086412914451,64.38086412914453,2208.2636396296566,103.00938260663122,122779458.36340891,3884483.818096063,0.046647230320699715,3.6843917153985917
27-2041.00,Music Directors and Composers,464103.12063461536,4893.22025,37.640155769230766,3.927857142857143,89.15392857142857,12330.0,130.0,27,"Arts, Design, Entertainment, Sports, and Media Occupations",63670.0,30.61,78010.0,37.51,472763.8855464497,4984.534073076923,38.34256979289941,False,False,False,False,101.86612942830283,101.86612942830283,12560.093758509738,132.42596825679368,799701169.604315,10330549.783712475,0.010543390105433901,0.8327606781712449
27-2042.00,Musicians and Singers,1557057.3769999999,11368.345907692308,40.601235384615386,3.903703703703704,78.53999999999999,38350.0,280.0,27,"Arts, Design, Entertainment, Sports, and Media Occupations",88296.0,42.45,38979.2,18.74,1669672.23696,12190.566528,43.5377376,False,False,False,False,107.23254400406081,107.2325440040608,41123.680625557325,300.25112321137027,3631056504.5142097,11703548.581880644,0.007301173402868318,0.5766769562367677
27-3011.00,Broadcast Announcers and Radio Disc Jockeys,1854899.7113076923,13204.897442307692,77.67586730769231,4.08,74.65791666666667,23880.0,170.0,27,"Arts, Design, Entertainment, Sports, and Media Occupations",45680.0,21.96,49050.0,23.58,1811170.113415385,12893.589584615384,75.84464461538461,False,True,True,False,97.6424818212151,97.64248182121507,23317.024658906168,165.99221909606567,1065121686.4188337,8141918.346662021,0.007118927973199328,0.5622824563570242
27-3023.00,"News Analysts, Reporters, and Journalists",2918964.862903846,15455.409623076923,70.25186192307692,4.088333333333334,91.34466666666667,41550.0,220.0,27,"Arts, Design, Entertainment, Sports, and Media Occupations",60280.0,28.98,53630.0,25.79,2772035.4332884615,14677.443930769232,66.71565423076923,True,True,True,True,94.96638580742571,94.96638580742572,39458.53330298539,208.9260487763366,2378560387.503959,11204703.99587493,0.00529482551143201,0.41820727864617585
27-3031.00,Public Relations Specialists,3007429.774488461,28081.777715384615,10.718235769230768,3.8449999999999998,91.16055555555556,280590.0,2620.0,27,"Arts, Design, Entertainment, Sports, and Media Occupations",69780.0,33.55,75700.0,36.39,2918049.0171,27247.187799999996,10.39969,False,False,False,False,97.02800184574004,97.02800184574004,272250.87037896196,2542.133648358389,18997665735.043964,192439517.18073004,0.009337467479240172,0.7375119077123423
27-3041.00,Editors,5149079.004892308,29660.593346153848,53.92835153846154,3.9147619047619044,74.8352380952381,95480.0,550.0,27,"Arts, Design, Entertainment, Sports, and Media Occupations",75260.0,36.18,59860.0,28.78,4654491.466476923,26811.58678846154,48.748339615384616,False,False,False,False,90.39464071253398,90.39464071253401,86308.80295232745,497.1705239189369,6495600510.192163,29760627.561787564,0.00576036866359447,0.45497780759710427
27-3042.00,Technical Writers,1746883.1579538463,19504.18796923077,31.458367692307693,3.8986666666666663,84.32,55530.0,620.0,27,"Arts, Design, Entertainment, Sports, and Media Occupations",91670.0,44.07,74940.0,36.03,1689755.0259115384,18866.34460769231,30.42958807692308,False,False,False,False,96.72971075471224,96.72971075471224,53714.008382091706,599.724206679216,4923963148.386347,44943332.04854044,0.01116513596254277,0.8818687445937607
27-3043.00,Writers and Authors,574849.1794615384,7576.46408076923,12.02613346153846,3.9775,86.27,47800.0,630.0,27,"Arts, Design, Entertainment, Sports, and Media Occupations",72270.0,34.75,61020.0,29.34,409486.45205076924,10785.499733076922,30.211483846153847,False,False,False,False,71.23371950088465,142.35532060995243,34049.71792142286,448.7724328555733,2460773114.18123,27384093.852847084,0.02633908809207614,2.080370416216029
27-3043.05,"Poets, Lyricists and Creative Writers",607025.8413846154,8000.549792307692,12.699285384615385,3.996875,81.60125,47800.0,630.0,27,"Arts, Design, Entertainment, Sports, and Media Occupations",72270.0,34.75,61020.0,29.34,116647.21719358973,3077.971225,11.27461987179487,False,False,False,False,19.21618640279291,38.47199636154235,9185.33710053501,121.06197433759533,663824312.2556652,7387201.674080067,0.02638700947225981,2.0841554455720126
27-3091.00,Interpreters and Translators,2716131.725630769,35122.393003846155,50.90201884615385,4.187647058823529,70.44529411764705,53360.0,690.0,27,"Arts, Design, Entertainment, Sports, and Media Occupations",59440.0,28.58,65990.0,31.72,2716131.725630769,35122.393003846155,50.90201884615385,False,False,False,False,100.0,100.0,53360.0,690.0,3171718400.0,45533100.0,0.012931034482758622,1.0213467336059134
27-3092.00,Court Reporters and Simultaneous Captioners,585477.98505,6443.502765,46.356135,4.707142857142857,81.50285714285714,12630.0,139.0,27,"Arts, Design, Entertainment, Sports, and Media Occupations",67310.0,32.36,84510.0,40.63,490571.8757076923,5399.009558461538,38.84179538461538,True,True,True,True,83.78997814337926,83.78997814337926,10582.6742395088,116.46806961929717,712319803.0613374,9842716.563526804,0.0110055423594616,0.8692633799240828
27-4011.00,Audio and Video Technicians,2097721.755692308,57771.161365384614,29.93324423076923,3.3513793103448277,65.14896551724138,70080.0,1930.0,27,"Arts, Design, Entertainment, Sports, and Media Occupations",54830.0,26.36,41600.0,20.0,1700487.9924923077,46831.36166538462,24.26495423076923,False,True,True,False,81.06356278557536,81.06356278557537,56809.344800131206,1564.5267617616043,3114856375.391194,65084313.28928274,0.027539954337899547,2.175219812782457
27-4012.00,Broadcast Technicians,1068053.3063076923,14186.666307692309,50.666665384615385,3.923333333333333,65.03407407407407,21080.0,280.0,27,"Arts, Design, Entertainment, Sports, and Media Occupations",53920.0,25.92,34570.0,16.62,989167.2195230769,13138.843523076923,46.92444115384615,False,False,False,False,92.61403093658986,92.61403093658984,19523.037721433142,259.31928662245156,1052682193.939675,8964667.73853815,0.013282732447817837,1.0491252975180287
27-4014.00,Sound Engineering Technicians,437435.0312884615,10726.376246153846,33.51992576923077,4.074285714285714,93.91571428571429,13050.0,320.0,27,"Arts, Design, Entertainment, Sports, and Media Occupations",66430.0,31.94,32880.0,15.81,422239.1143846154,10353.756061538463,32.35548769230769,False,False,False,False,96.52613169569737,96.52613169569739,12596.660186288507,308.88362142623157,836796136.1751455,10156093.472494494,0.02452107279693487,1.9367760281712139
27-4021.00,Photographers,2563535.072342308,32525.82075,50.03972423076923,3.972142857142857,83.75071428571428,51230.0,650.0,27,"Arts, Design, Entertainment, Sports, and Media Occupations",42520.0,20.44,47610.0,22.890000000000004,2474976.648103846,31402.20225,48.31108038461539,False,False,False,False,96.54545688904712,96.54545688904714,49460.23756425884,627.5454697788063,2103049301.2322857,29877439.816168964,0.012687878196369316,1.0021412416407818
27-4031.00,"Camera Operators, Television, Video, and Film",1252807.5769076922,20487.45015384615,51.218625384615386,4.123333333333333,68.41952380952381,24460.0,400.0,27,"Arts, Design, Entertainment, Sports, and Media Occupations",68810.0,33.08,46600.0,22.41,1078178.0504692309,17631.693384615384,44.079233461538465,False,True,True,False,86.06094585814209,86.06094585814209,21050.507356901555,344.24378343256836,1448485411.228396,16041760.307957686,0.016353229762878167,1.2916459100385493
27-4032.00,Film and Video Editors,3147208.1748,57796.96232307692,109.05087230769232,4.173181818181818,72.13636363636364,28860.0,530.0,27,"Arts, Design, Entertainment, Sports, and Media Occupations",70980.0,34.12,62860.0,30.219999999999995,2942037.9282,54029.10956153846,101.94171615384616,False,False,False,False,93.48088098388857,93.48088098388858,26978.58225195024,495.4486692146094,1914939768.243428,31143903.34683035,0.018364518364518363,1.4505058254121401
29-1011.00,Chiropractors,2504130.4377076924,29945.753307692306,66.54611846153846,4.585454545454545,98.91818181818181,37630.0,450.0,29,Healthcare Practitioners and Technical Occupations,79000.0,37.98,59920.0,28.81,1308713.5366384615,15650.308038461539,34.77846230769231,False,False,False,False,52.26219516889351,52.26219516889351,19666.26404205463,235.1798782600208,1553634859.3223157,14091978.305340447,0.011958543715120914,0.9445353794707889
29-1021.00,"Dentists, General",10363999.11975,67577.40196153846,91.32081346153846,4.2985,91.54400000000001,113490.0,740.0,29,Healthcare Practitioners and Technical Occupations,172790.0,83.07,132270.0,63.59000000000001,4271971.1994,27854.95363076923,37.64182923076923,False,False,False,False,41.21933193972568,41.21933193972568,46779.819818394666,305.02305635397005,8083085066.420414,40345399.66393962,0.006520398272975592,0.5150080982919587
29-1022.00,Oral and Maxillofacial Surgeons,167975.67775,1859.3930557692306,31.515136538461537,4.021428571428571,84.66214285714285,5330.0,59.0,29,Healthcare Practitioners and Technical Occupations,179210.0,86.16,179210.0,86.16,35859.819749999995,396.947348076923,6.727921153846153,False,False,False,False,21.348221498692535,21.348221498692535,1137.8602058803122,12.595450684228595,203915927.49581075,2257230.7171206065,0.011069418386491557,0.8743085734582703
29-1023.00,Orthodontists,346163.2279615385,6721.616076923076,67.21616076923077,4.8,99.16363636363636,5150.0,100.0,29,Healthcare Practitioners and Technical Occupations,179210.0,86.16,124830.0,60.02,96947.36940384615,1882.4731923076924,18.824731923076925,False,False,False,False,28.006258774146218,28.006258774146225,1442.3223268685304,28.006258774146218,258478584.19810933,3496021.2827766724,0.01941747572815534,1.5336727650263555
29-1024.00,Prosthodontists,24369.172,256.5176,32.0647,4.381666666666667,94.665,760.0,8.0,29,Healthcare Practitioners and Technical Occupations,179210.0,86.16000000000001,179210.0,86.16000000000001,5679.472107692307,59.78391692307692,7.472989615384615,False,False,False,False,23.305970788389146,23.305970788389146,177.12537799175752,1.8644776630711317,31742638.989902865,334133.04199897754,0.010526315789473686,0.8314120778827085
29-1031.00,Dietitians and Nutritionists,2230557.04765,31752.738434615385,29.130952692307694,3.498571428571428,75.11107142857144,76570.0,1090.0,29,Healthcare Practitioners and Technical Occupations,73850.0,35.5,61170.0,29.41,1830109.08235,26052.225411538464,23.90112423076923,False,False,False,False,82.04717670315173,82.04717670315175,62823.52320160328,894.3142260643539,4639517188.438402,54705201.20835653,0.014235340211571112,1.124366209543613
29-1041.00,Optometrists,2040292.4227269231,19969.441234615384,48.70595423076923,4.642,100.0,41890.0,410.0,29,Healthcare Practitioners and Technical Occupations,134830.0,64.82,124830.0,60.02,408925.99100000004,4002.3790000000004,9.7619,False,False,False,False,20.042518731381453,20.042518731381453,8395.811096575691,82.17432679866396,1132007210.1513004,10257821.21427722,0.00978753879207448,0.7730604066252446
29-1051.00,Pharmacists,30149563.783915386,286029.8568,91.67623615384616,4.049,73.33500000000001,328870.0,3120.0,29,Healthcare Practitioners and Technical Occupations,137480.0,66.1,136230.0,65.5,15519953.984711539,147238.29,47.19175961538461,False,False,False,False,51.4765457170274,51.4765457170274,169290.91589958803,1606.0682263712547,23274115117.875362,218794674.47855604,0.009487031349773467,0.7493250825080876
29-1071.00,Physician Assistants,13963759.279292308,149925.92256923078,89.77600153846154,4.5475,93.91833333333334,155540.0,1670.0,29,Healthcare Practitioners and Technical Occupations,133260.0,64.07,134390.0,64.61,2636402.40388,56634.288479999996,47.67196,False,False,False,False,18.880319770261856,37.77484741095935,29366.44937066529,315.30134016337297,3913373043.1348567,42373347.104555696,0.02148165560638663,1.696710252786331
29-1071.01,Anesthesiologist Assistants,8131873.962046154,87310.20648461538,52.281560769230765,4.38375,70.791875,155540.0,1670.0,29,Healthcare Practitioners and Technical Occupations,133260.0,64.07,134390.0,64.61,776092.8672011538,16650.053945384614,34.543680384615385,False,False,False,False,9.543837875788624,19.0699972154097,14844.485432001624,159.38209252567,1978176128.6685364,21419359.414524794,0.021453687630747318,1.6945012260759877
29-1081.00,Podiatrists,546839.9347384615,5169.705265384615,57.44116961538461,4.2309090909090905,93.8,9520.0,90.0,29,Healthcare Practitioners and Technical Occupations,152800.0,73.46,146330.0,70.35,150464.4275076923,1422.457823076923,15.805086923076923,False,False,False,False,27.51525957584925,27.51525957584925,2619.4527116208487,24.76373361826432,400252374.3356657,3623677.140360618,0.009453781512605041,0.7466988724681887
29-1122.00,Occupational Therapists,8061842.5362,51352.68755,52.940915000000004,4.148823529411764,96.79058823529412,152280.0,970.0,29,Healthcare Practitioners and Technical Occupations,98340.0,47.28,93310.0,44.86,1461106.5517407693,18613.027781923076,32.25828038461538,False,False,False,False,18.123729720345928,36.24547938956522,27598.81561814278,175.8001782873555,2714067527.888161,16403914.635993142,0.012738994127257472,1.0061785898604816
29-1122.01,"Low Vision Therapists, Orientation and Mobility Specialists, and Vision Rehabilitation Therapists",3278645.8564153844,20884.465988461536,21.530377307692305,4.1657142857142855,90.88952380952381,152280.0,970.0,29,Healthcare Practitioners and Technical Occupations,98340.0,47.28,93310.0,44.86,196863.3599376923,2508.179357307692,6.382135769230769,False,False,False,False,6.004410618258336,12.009784490986922,9143.516489483794,58.24278299710586,899173411.5758363,5434634.081459948,0.012740711923750243,1.006314268551868
29-1123.00,Physical Therapists,21100812.31413846,197743.20352307693,84.8683276923077,4.27125,94.36375,248630.0,2330.0,29,Healthcare Practitioners and Technical Occupations,101020.0,48.57,97580.0,46.91,12772566.139534617,119696.25188076922,51.371781923076924,False,False,False,False,60.53115846623801,60.531158466238,150498.61929460758,1410.3759922633458,15203370521.141256,137624489.32505727,0.009371355025539957,0.7401884866642701
29-1124.00,Radiation Therapists,2046201.8216538462,9848.030157692308,109.4225573076923,4.492272727272727,85.23590909090909,18700.0,90.0,29,Healthcare Practitioners and Technical Occupations,101990.0,49.03,104040.0,50.02,1160795.2933076923,5586.715315384616,62.07461461538462,False,False,False,False,56.72926692878602,56.72926692878602,10608.372915682987,51.05634023590742,1081947953.670508,5311901.638143808,0.004812834224598931,0.380137607801987
29-1125.00,Recreational Therapists,298476.3352846154,5152.9779,19.81914576923077,4.443636363636364,95.93454545454546,15060.0,260.0,29,Healthcare Practitioners and Technical Occupations,60280.0,28.980000000000004,51490.0,24.75,207399.10857692306,3580.5955,13.771521153846153,False,False,False,False,69.48594714524197,69.48594714524198,10464.58364007344,180.6634625776291,630805101.823627,9302361.688122123,0.017264276228419657,1.3636041383600863
29-1126.00,Respiratory Therapists,8382616.582623078,62676.06593076923,61.44712346153846,4.460909090909091,90.67090909090909,136420.0,1020.0,29,Healthcare Practitioners and Technical Occupations,80450.0,38.68,78990.0,37.98,4058135.6382384617,30342.313084615387,29.74736576923077,False,False,False,False,48.411323579452024,48.41132357945203,66042.72762708845,493.79550051041065,5313137437.599265,39004906.585317336,0.007476909544055124,0.5905573255155728
29-1127.00,Speech-Language Pathologists,7659674.763365385,62120.52355769231,42.841740384615385,4.336086956521739,87.18173913043479,178790.0,1450.0,29,Healthcare Practitioners and Technical Occupations,95410.0,45.87,85320.0,41.02,4956942.435192307,40201.16634615384,27.72494230769231,False,False,False,False,64.71478996602208,64.71478996602208,115703.57298025089,938.3644545073201,11039277898.045736,80061255.25856456,0.00811007327031713,0.6405672225982609
29-1128.00,Exercise Physiologists,488170.3455384615,12640.66246153846,60.193630769230765,4.072,93.4104,8110.0,210.0,29,Healthcare Practitioners and Technical Occupations,58160.0,27.96,33540.0,16.13,343622.2377807692,8897.73981923077,42.37018961538461,False,False,False,False,70.38982210231288,70.3898221023129,5708.614572497575,147.81862641485705,332013023.53645897,4957836.729954305,0.025893958076448835,2.045212201450066
29-1129.01,Art Therapists,772345.7793692307,5196.94365,39.976489615384615,3.9336,94.62639999999999,19320.0,130.0,29,Healthcare Practitioners and Technical Occupations,65010.0,31.26,59660.0,28.68,323685.3628615385,4356.0142,33.507801538461536,True,False,True,False,41.90938456683093,83.81876913366185,8096.893098311735,54.48219993688021,526379020.3212459,3250408.048234273,0.013457556935817804,1.0629336606471478
29-1129.02,Music Therapists,1344922.9742307693,9049.68875,69.61299038461539,4.171666666666667,97.69133333333335,19320.0,130.0,29,Healthcare Practitioners and Technical Occupations,65010.0,31.26,59660.0,28.68,623198.7046384616,8386.73205,64.51332346153846,True,False,True,False,46.33712982670261,92.67425965340522,8952.333482518943,60.23826877471339,581991199.6985565,3593815.1150994007,0.013457556935817806,1.062933660647148
29-1131.00,Veterinarians,4548638.2436,34976.5064,56.41372,4.175238095238096,80.99095238095238,80630.0,620.0,29,Healthcare Practitioners and Technical Occupations,125510.0,60.34,121850.0,58.580000000000005,1596875.7544807692,12279.089269230768,19.804982692307693,False,False,False,False,35.10667740455282,35.10667740455281,28306.513991290936,217.66139990822748,3552750571.0469255,26522041.57881752,0.007689445615775765,0.6073443059319301
29-1141.00,Registered Nurses,235801173.82881537,1852204.6737538462,71.84657384615385,4.264074074074074,69.25703703703704,3282010.0,25780.0,29,Healthcare Practitioners and Technical Occupations,93600.0,45.0,82270.0,39.55,4406146.441098077,173035.8437053846,42.34846884615384,False,False,False,False,1.868585456786915,9.342155656841879,61327.16155029222,481.72133075966667,5740222321.107352,39631213.88159778,0.039271469075880625,3.1018235020590215
29-1141.01,Acute Care Nurses,180622652.10079613,1418780.5555615383,55.03415653846154,4.318846153846154,88.01923076923077,3282010.0,25780.0,29,Healthcare Practitioners and Technical Occupations,93600.0,45.0,82270.0,39.55,5476984.6194108715,215099.1998843077,36.15720287179487,False,False,False,False,3.0322800355929056,15.160850565729223,99519.73399616271,781.7217931758511,9315047102.04083,64312251.924577266,0.03927328901417377,3.101967248333424
29-1141.02,Advanced Practice Psychiatric Nurses,332808312.1465423,2614190.1722230767,101.40380807692308,4.182916666666666,91.04041666666666,3282010.0,25780.0,29,Healthcare Practitioners and Technical Occupations,93600.0,45.0,82270.0,39.55,9054743.901383078,355616.16271846154,68.02145423076924,False,False,False,False,2.7207084591673567,13.603301186617564,89293.92370071856,701.3986407733445,8357911258.387257,57704066.17642305,0.03927401664713483,3.1020247198024724
29-1141.03,Critical Care Nurses,335421361.4090462,2634715.5240615383,102.19998153846154,4.2027586206896554,97.13172413793104,3282010.0,25780.0,29,Healthcare Practitioners and Technical Occupations,93600.0,45.0,82270.0,39.55,7928555.634041667,311359.61789,75.09879833333333,False,False,False,False,2.3637598991117317,11.81758011620262,77578.83626483695,609.3773019910044,7261379074.388739,50133470.634799935,0.039270660667771726,3.10175965063379
29-1141.04,Clinical Nurse Specialists,75492050.51850384,592985.7198384615,23.001773461538463,3.951,96.31733333333334,3282010.0,25780.0,29,Healthcare Practitioners and Technical Occupations,93600.0,45.0,82270.0,39.55,1683000.7349399999,66100.54185,10.376851153846154,False,False,False,False,2.229374779702771,11.14707144516175,73168.30320732291,574.7328182073744,6848553180.205424,47283268.95392069,0.03927540878486695,3.102134676614306
29-1151.00,Nurse Anesthetists,3970795.0411538463,43769.43888461538,78.86385384615384,4.474166666666666,99.07458333333334,50350.0,555.0,29,Healthcare Practitioners and Technical Occupations,223210.0,107.31,122040.0,58.68,2426616.99125,26748.211124999998,48.194975,False,False,False,False,61.11161533396259,61.11161533396259,30769.698320650165,339.1694651034924,6868104362.152323,41392241.52123021,0.011022840119165838,0.8706296287262323
29-1161.00,Nurse Midwives,820111.8955846154,9904.733038461538,99.04733038461538,4.5561904761904755,96.68142857142857,8280.0,100.0,29,Healthcare Practitioners and Technical Occupations,128790.0,61.92,138020.0,66.36,470520.9200769231,5682.619807692307,56.82619807692308,False,False,False,False,57.37277103406883,57.37277103406883,4750.4654416209,57.37277103406884,611812444.2263557,7918589.858122181,0.012077294685990336,0.9539148236576968
29-1171.00,Nurse Practitioners,37060865.97175384,344819.5344,120.56627076923077,4.53,98.06666666666668,307390.0,2860.0,29,Healthcare Practitioners and Technical Occupations,129210.0,62.12,125700.0,60.43,20379765.23593077,189616.2158,66.29937615384615,False,False,False,False,54.98998661138498,54.98998661138498,169033.71984473628,1572.7136170856104,21840846941.138374,197690101.66766122,0.009304141318845766,0.7348796693475126
29-1181.00,Audiologists,902729.2397307693,9192.762115384616,61.28508076923077,4.264545454545455,97.31318181818182,14730.0,150.0,29,Healthcare Practitioners and Technical Occupations,92120.0,44.29,96520.0,46.4,565069.3309961539,5754.270173076923,38.36180115384615,False,False,False,False,62.59566059527224,62.59566059527224,9220.340805683602,93.89349089290836,849377795.0195733,9062599.740983514,0.010183299389002037,0.8043192199476303
29-1211.00,Anesthesiologists,2789186.4239846156,47940.18203076923,66.58358615384616,4.318888888888889,91.81333333333333,41890.0,720.0,29,Healthcare Practitioners and Technical Occupations,257920.0,124.0,257920.0,124.0,1066441.8229423077,18329.866615384613,25.458148076923074,True,False,True,False,38.23487070537204,38.23487070537204,16016.587338480347,275.2910690786787,4130998206.3408513,71003072.5367728,0.01718787300071616,1.3575694945614047
29-1213.00,Dermatologists,866560.5415384616,9542.482153846153,85.96830769230769,4.286666666666666,91.38111111111111,10080.0,111.0,29,Healthcare Practitioners and Technical Occupations,249103.6,119.76134615384616,249103.6,119.76134615384616,311799.6775384615,3433.508353846154,30.932507692307695,True,False,True,False,35.981291853527416,35.98129185352742,3626.9142188355636,39.93923395741543,903477388.8031267,9949006.960034432,0.011011904761904763,0.8697659088564644
29-1215.00,Family Medicine Physicians,8936731.469519231,53810.79625,82.78584038461538,4.508333333333334,89.08083333333333,107950.0,650.0,29,Healthcare Practitioners and Technical Occupations,238380.0,114.61,238380.0,114.61,2432280.2196103893,14645.503869817072,22.531544415103188,True,True,True,True,27.21666448081424,27.21666448081424,29380.389307038975,176.9083191252926,7003697203.0119505,42171405.11308725,0.006021306160259378,0.47558773329557424
29-1216.00,General Internal Medicine Physicians,5927426.798461539,10673.637692307693,88.94698076923076,4.106842105263158,87.01368421052632,66640.0,120.0,29,Healthcare Practitioners and Technical Occupations,236350.0,113.63,236350.0,113.63,1747245.3008410253,3146.3000615384613,26.219167179487176,True,True,True,True,29.47729867021761,29.47729867021761,19643.671833833017,35.372758404261134,4642781837.926434,8360351.448847119,0.0018007202881152463,0.1422283566606074
29-1217.00,Neurologists,663262.3038461539,5168.277692307693,86.13796153846154,4.377916666666667,94.18041666666666,7700.0,60.0,29,Healthcare Practitioners and Technical Occupations,249103.6,119.76134615384616,249103.6,119.76134615384616,323087.01276923076,2517.5611384615386,41.959352307692306,True,False,True,False,48.7118008811446,48.711800881144605,3750.808667848134,29.227080528686756,934339942.0721744,7280570.977185775,0.007792207792207793,0.6154608888222648
29-1218.00,Obstetricians and Gynecologists,1347258.2809615384,12863.27001923077,67.70142115384616,4.42,89.84400000000001,19900.0,190.0,29,Healthcare Practitioners and Technical Occupations,257920.0,124.0,257920.0,124.0,608155.7103846153,5806.511807692308,30.56058846153846,True,False,True,False,45.14024660145897,45.14024660145897,8982.909073690334,85.76646854277203,2316871908.286211,22120887.566551764,0.009547738693467337,0.7541200002905974
29-1221.00,"Pediatricians, General",4179698.0105538466,24323.19605769231,97.29278423076924,4.201764705882353,78.97411764705882,42960.0,250.0,29,Healthcare Practitioners and Technical Occupations,210130.0,101.03,194160.0,93.35,1270250.946,7392.056250000001,29.568225,True,False,True,False,30.390974247244255,30.390974247244262,13055.962536616133,75.97743561811063,2743449407.819148,14751778.89961236,0.005819366852886407,0.4596377292764043
29-1222.00,"Physicians, Pathologists",819454.4991538461,9027.88855,69.44529653846153,4.099473684210526,79.38052631578948,11800.0,130.0,29,Healthcare Practitioners and Technical Occupations,266020.0,127.89423076923076,266020.0,127.89423076923076,683673.887,7532.00045,57.938465,True,True,True,True,83.43036589657503,83.43036589657501,9844.783175795854,108.45947566554753,2618909220.425213,28852389.716548953,0.011016949152542373,0.8701643357501228
29-1223.00,Psychiatrists,874342.5713846154,4583.24735,35.25574884615385,4.090833333333333,93.935,24800.0,130.0,29,Healthcare Practitioners and Technical Occupations,257920.0,124.0,257920.0,124.0,525471.2326153846,2754.4863,21.188356153846154,True,False,True,False,60.099010366525384,60.099010366525384,14904.554570898295,78.128713476483,3844182714.9260883,20150957.779854495,0.005241935483870968,0.41402980491336494
29-1224.00,Radiologists,2132022.3235807694,19463.117446153847,81.0963226923077,4.628235294117647,87.97529411764705,26290.0,240.0,29,Healthcare Practitioners and Technical Occupations,249103.6,119.76134615384616,249103.6,119.76134615384616,2091972.8237208792,19097.50770989011,79.57294879120879,True,True,True,True,98.1215253040772,98.1215253040772,25796.149002441893,235.49166072978525,6425913582.644685,58661820.457768135,0.009128946367440091,0.7210420454821511
29-1229.01,Allergists and Immunologists,26908317.967569232,298640.0078846154,85.32571653846153,4.4175,93.426875,315360.0,3500.0,29,Healthcare Practitioners and Technical Occupations,249103.6,119.76134615384616,232740.0,111.89,2295445.097076923,152854.9817307692,43.67285192307692,True,False,True,False,8.530615328105856,51.18369196863514,26902.148498714625,298.57153648370496,6701422038.764409,69489539.40121749,0.06659056316590563,5.259598856468807
29-1229.02,Hospitalists,17098597.35636923,189767.5378846154,54.219296538461535,4.503571428571428,97.42857142857143,315360.0,3500.0,29,Healthcare Practitioners and Technical Occupations,249103.6,119.76134615384616,232740.0,111.89,1618856.0052923076,107800.53307692308,30.800152307692308,True,False,True,False,9.467770785825794,56.806624714954765,29857.561950180225,331.37197750390277,7437626169.012915,77123514.04425833,0.06659056316590564,5.259598856468809
29-1229.03,Urologists,12950300.124553846,143727.96307692307,41.06513230769231,4.5928571428571425,97.90714285714286,315360.0,3500.0,29,Healthcare Practitioners and Technical Occupations,249103.6,119.76134615384616,232740.0,111.89,1270376.049046154,84595.05653846153,24.170016153846156,True,False,True,False,9.809626316208018,58.857757897248106,30935.637550793606,343.3369210672806,7706178682.19787,79908235.00919889,0.06659056316590563,5.259598856468807
29-1229.04,Physical Medicine and Rehabilitation Physicians,19568533.627938464,217179.94576923078,62.051413076923076,4.3406666666666665,93.234,315360.0,3500.0,29,Healthcare Practitioners and Technical Occupations,249103.6,119.76134615384616,232740.0,111.89,1341828.4176,89353.11,25.52946,True,False,True,False,6.857071884447384,41.14243130668431,21624.46189479327,239.99751595565846,5386731306.055824,55857021.86351995,0.06659056316590563,5.259598856468807
29-1229.05,Preventive Medicine Physicians,5224033.857046153,57978.55942307692,16.565302692307693,4.066,96.842,315360.0,3500.0,29,Healthcare Practitioners and Technical Occupations,249103.6,119.76134615384616,232740.0,111.89,535631.6218153846,35668.01134615385,10.190860384615386,True,False,True,False,10.253218805098804,61.51931283059283,32334.55082375959,358.86265817845816,8054653014.581479,83521695.06445435,0.06659056316590564,5.259598856468809
29-1229.06,Sports Medicine Physicians,17578218.676984616,195090.58019230768,55.74016576923077,3.854074074074074,94.62444444444445,315360.0,3500.0,29,Healthcare Practitioners and Technical Occupations,249103.6,119.76134615384616,232740.0,111.89,1644560.1486570134,109512.18645927602,31.28919613122172,True,False,True,False,9.355670098758397,56.13402059255039,29504.04122344448,327.4484534565439,7349562883.308425,76210353.05747603,0.06659056316590564,5.259598856468809
29-1241.00,"Ophthalmologists, Except Pediatric",1082915.2454346153,5365.3934538461535,89.42322423076924,4.405555555555555,91.53666666666668,12110.0,60.0,29,Healthcare Practitioners and Technical Occupations,301500.0,144.95192307692307,168530.0,81.02,614515.0705884616,3044.665915384616,50.744431923076924,True,True,True,True,56.74636802641311,56.74636802641311,6871.985167998628,34.047820815847864,2071903528.1515863,5738079.242094841,0.004954582989265071,0.3913335131239834
29-1291.00,Acupuncturists,868517.356,9570.1557,102.9049,4.512222222222222,99.89722222222223,8440.0,93.0,29,Healthcare Practitioners and Technical Occupations,78140.0,37.57,78140.0,37.57,401368.93938461534,4422.667223076923,47.55556153846154,True,False,True,False,46.2131167111202,46.21311671112021,3900.3870504185447,42.97819854134179,304776244.1197051,3358316.4340204475,0.011018957345971565,0.8703229511959395
29-1292.00,Dental Hygienists,18496249.963507693,332657.25501538464,84.43077538461539,4.2875,88.12625,219070.0,3940.0,29,Healthcare Practitioners and Technical Occupations,94260.0,45.32,82610.0,39.72,10156666.15678846,182668.84857692308,46.362651923076925,True,False,True,False,54.91202906982294,54.91202906982296,120295.78208326112,2163.5339453510237,11339080419.168194,178729539.22544807,0.017985118911763364,1.4205392831126935
29-1299.01,Naturopathic Physicians,2239202.075573077,16683.39738846154,72.53651038461538,4.168,91.975,30870.0,230.0,29,Healthcare Practitioners and Technical Occupations,113730.0,54.67999999999999,113730.0,54.67999999999999,537908.0165307692,8015.474169230769,34.84988769230769,True,False,True,False,24.022307874696967,48.044615749393934,7415.686440918953,55.25130811180303,843386018.9257125,6283731.271555359,0.014901198574667963,1.1769584646412168
29-1299.02,Orthoptists,2453309.331092308,18278.624753846154,79.47228153846154,4.27875,93.750625,30870.0,230.0,29,Healthcare Practitioners and Technical Occupations,113730.0,54.68,113730.0,54.68,513363.84350192314,7649.736573076923,33.25972423076924,True,False,True,False,20.92536138821735,41.8507227764347,6459.659060542696,48.12833119289991,734657024.9555209,5473635.106568506,0.014901198574667962,1.1769584646412166
29-2011.00,Medical and Clinical Laboratory Technologists,12574163.327015383,138482.94382423075,73.3101873076923,4.586666666666667,82.60066666666667,171520.0,1889.0,29,Healthcare Practitioners and Technical Occupations,61890.0,29.75,61890.0,29.75,2344614.871630769,25808.260713846154,54.67851846153846,False,False,False,False,18.646289304938506,18.636418320658496,31982.115415830525,352.2284049702884,1979373123.0857513,21799415.983611148,0.011007462686567163,0.8694150553232426
29-2011.01,Cytogenetic Technologists,16711070.369476922,184043.91282615386,97.42928153846154,4.625333333333333,93.49266666666668,171520.0,1889.0,29,Healthcare Practitioners and Technical Occupations,61890.0,29.75,61890.0,29.75,2788786.7908923076,30697.46654153846,65.03700538461538,False,False,False,False,16.688259514399974,16.6794250731536,28623.702719098837,315.2412222270155,1771520961.285027,19510279.24362999,0.011007462686567163,0.8694150553232426
29-2011.02,Cytotechnologists,10731611.969969232,118190.38602653846,62.56770038461539,4.409230769230769,95.00461538461538,171520.0,1889.0,29,Healthcare Practitioners and Technical Occupations,61890.0,29.75,61890.0,29.75,2043101.8592000003,22489.36748,47.646965,False,False,False,False,19.038163743874705,19.028085308859417,32654.258453493894,359.6309131217932,2020972055.686737,22257557.21310778,0.011007462686567163,0.8694150553232426
29-2011.04,Histotechnologists,7950070.480738461,87556.45486307691,46.350690769230766,4.271875,92.2625,171520.0,1889.0,29,Healthcare Practitioners and Technical Occupations,61890.0,29.75,61890.0,29.75,507714.7746940171,5589.72783451923,9.687569903846153,True,True,True,True,6.386292749531157,6.384141344302477,10953.769323995839,120.63707003864356,677928783.4621024,7466228.26469165,0.011009582767978289,0.8695825081459165
29-2012.00,Medical and Clinical Laboratory Technicians,9284982.99963077,102258.23744346153,54.13352961538462,4.536153846153846,60.41230769230769,171520.0,1889.0,29,Healthcare Practitioners and Technical Occupations,61890.0,29.75,61890.0,29.75,2871090.9597538463,31636.904815384616,33.47820615384615,False,False,False,False,30.921876322961705,30.938245765165494,53037.20226914392,584.1142437407466,3282472448.4373174,36150830.54511481,0.011019123134328358,0.8703360458479494
29-2031.00,Cardiovascular Technologists and Technicians,8072176.475623077,98956.06990384616,131.94142653846154,4.497619047619048,66.77904761904762,61180.0,750.0,29,Healthcare Practitioners and Technical Occupations,67260.0,32.34,89420.0,42.99,6014694.887492307,73733.59211538461,98.31145615384615,False,False,False,False,74.5114394569532,74.5114394569532,45586.09865976397,558.835795927149,3066120995.855725,49971096.87180566,0.012258908139915006,0.9682594074720984
29-2032.00,Diagnostic Medical Sonographers,11504387.086753845,87819.74875384616,133.0602253846154,4.433,88.42,86460.0,660.0,29,Healthcare Practitioners and Technical Occupations,89340.0,42.95,91140.0,43.82,10148741.141423076,77471.30642307692,117.38076730769231,False,False,False,False,88.21626971425832,88.21626971425832,76271.78679494774,582.2273801141049,6814121432.260631,53064203.42359952,0.0076335877862595426,0.6029324228920405
29-2033.00,Nuclear Medicine Technologists,1455359.1392,9439.2397,85.81127,4.554117647058824,84.23235294117647,16960.0,110.0,29,Healthcare Practitioners and Technical Occupations,97020.0,46.64,106720.0,51.31,971188.5164307692,6298.982123076923,57.26347384615384,False,False,False,False,66.7318801436616,66.7318801436616,11317.726872365007,73.40506815802776,1098045861.156853,7833788.873824722,0.006485849056603774,0.512279257893532
29-2034.00,Radiologic Technologists and Technicians,44056765.530961536,311508.5005769231,197.15727884615384,4.567407407407408,92.21000000000001,223460.0,1580.0,29,Healthcare Practitioners and Technical Occupations,77660.0,37.34,80080.0,38.5,33986377.71776518,240304.64868016195,152.09154979757085,False,True,True,False,77.14224434810303,77.14224434810303,172382.05922027104,1218.8474607000278,13387190719.04625,97605304.65285823,0.007070616665174975,0.5584666288829971
29-2035.00,Magnetic Resonance Imaging Technologists,5230142.749161539,39040.314284615386,125.9364976923077,4.4425,88.75916666666666,41530.0,310.0,29,Healthcare Practitioners and Technical Occupations,88180.0,42.4,86680.0,41.67,3337519.9548846157,24912.862653846154,80.36407307692308,False,False,False,False,63.81317135980016,63.81317135980016,26501.610065725006,197.8208312153805,2336911975.595631,17147109.649749182,0.007464483505899349,0.5895758654862934
29-2036.00,Medical Dosimetrists,247894.7338923077,2747.447932307692,62.44199846153846,4.165263157894737,85.9278947368421,3970.0,44.0,29,Healthcare Practitioners and Technical Occupations,138110.0,66.4,138110.0,66.4,105321.34390384615,1167.289453846154,26.52930576923077,True,True,True,True,42.486317579299865,42.48631757929988,1686.7068078982047,18.69397973489194,232951077.23882106,2581825.5411859257,0.011083123425692697,0.8753910542946403
29-2051.00,Dietetic Technicians,481862.3937307692,10457.781500000001,16.088894615384618,4.229230769230769,78.5576923076923,29950.0,650.0,29,Healthcare Practitioners and Technical Occupations,37040.0,17.81,39180.0,18.84,333718.94628846156,7242.64825,11.14253576923077,False,False,False,False,69.25606783809741,69.25606783809741,20742.192317510173,450.1644409476331,768290803.4405768,17637442.796328265,0.021702838063439065,1.714180160576202
29-2052.00,Pharmacy Technicians,68474530.28510769,753624.0113769231,140.33966692307692,4.446666666666666,70.90523809523809,487920.0,5370.0,29,Healthcare Practitioners and Technical Occupations,43460.0,20.9,46760.0,22.48,64006841.637784615,704453.0652461539,131.18306615384614,False,False,False,False,93.47540081148284,93.47540081148283,456085.17563938705,5019.629023576628,19821461733.28776,234717853.14244315,0.011005902606984752,0.8692918337675515
29-2053.00,Psychiatric Technicians,4618900.796807692,63708.97650769231,33.88775346153846,4.24,79.203125,136300.0,1880.0,29,Healthcare Practitioners and Technical Occupations,42590.0,20.47,39340.0,18.91,2380449.618846154,32833.78784615385,17.46478076923077,False,False,False,False,51.53714538513964,51.53714538513965,70245.12915994533,968.8983332406252,2991740050.9220715,38116460.429686196,0.013793103448275864,1.0894365158463077
29-2055.00,Surgical Technologists,10411336.087976923,95072.3464,91.4157176923077,4.644375,86.790625,113890.0,1040.0,29,Healthcare Practitioners and Technical Occupations,62830.0,30.21,63380.0,30.47,4522156.946165385,41294.6108,39.706356538461534,False,False,False,False,43.43493388315069,43.4349338831507,49468.04619952032,451.7233123847672,3108077342.715862,28630223.538946547,0.009131618228114848,0.7212530801195153
29-2056.00,Veterinary Technologists and Technicians,12683812.769707693,153573.42601153845,96.58706038461538,4.352258064516128,94.22290322580645,131320.0,1590.0,29,Healthcare Practitioners and Technical Occupations,45980.0,22.11,39400.0,18.94,5512672.532015385,66746.49197307692,41.97892576923077,False,False,False,False,43.46226668672616,43.46226668672615,57074.648613008794,691.050040318946,2624292343.2261443,27227371.58856647,0.012107828205909228,0.9563264876955764
29-2057.00,Ophthalmic Medical Technicians,7125207.330692308,69836.71586538461,93.11562115384615,4.3625,91.2325,76520.0,750.0,29,Healthcare Practitioners and Technical Occupations,44080.0,21.19,36000.0,17.31,2545716.4210923077,24951.480865384616,33.268641153846154,False,False,False,False,35.728313618699396,35.7283136186994,27339.305581028777,267.96235214024546,1205116590.0117486,9646644.677048836,0.009801359121798223,0.7741519935852454
29-2061.00,Licensed Practical and Licensed Vocational Nurses,31443231.118084617,84023.6241,49.71812076923077,4.185,79.43272727272728,632430.0,1690.0,29,Healthcare Practitioners and Technical Occupations,62340.0,29.969999999999995,61710.0,29.67,16502525.771746155,44098.5857,26.093837692307694,False,False,False,False,52.48355587175869,52.48355587175869,331921.75239976344,886.9720942327218,20692002044.601254,54735047.93510126,0.0026722325000395303,0.2110640056671392
29-2081.00,"Opticians, Dispensing",7610661.2259,64942.27172307692,95.50334076923076,4.458571428571428,95.77285714285715,79690.0,680.0,29,Healthcare Practitioners and Technical Occupations,46560.0,22.38,39760.0,19.12,3122144.99405,26641.46813846154,39.178629615384615,False,False,False,False,41.02330798045462,41.02330798045462,32691.474129624283,278.9584942670914,1522115035.4753065,11091389.732059553,0.00853306562931359,0.6739769134298277
29-2091.00,Orthotists and Prosthetists,479682.29993076925,4830.637461538461,48.30637461538461,4.241333333333333,96.19066666666666,9930.0,100.0,29,Healthcare Practitioners and Technical Occupations,78310.0,37.65,92070.0,44.26,249043.79656153847,2507.9939230769232,25.07993923076923,False,False,False,False,51.91848784028138,51.91848784028138,5155.505842539941,51.91848784028138,403727662.5293028,4780135.175454707,0.010070493454179255,0.7954093393641218
29-2092.00,Hearing Aid Specialists,388114.2052153846,9170.940576923078,36.683762307692305,4.469090909090909,83.32636363636364,10580.0,250.0,29,Healthcare Practitioners and Technical Occupations,61560.0,29.6,47710.0,22.94,203630.1551769231,4811.6766346153845,19.246706538461538,False,False,False,False,52.46655557580486,52.466555575804854,5550.961579920155,131.16638893951213,341717194.85988474,6257948.416304124,0.02362948960302457,1.866355089765059
29-2099.01,Neurodiagnostic Technologists,9168466.565769231,75850.80923076923,52.674173076923076,4.6425,96.77374999999999,174060.0,1440.0,29,Healthcare Practitioners and Technical Occupations,48790.0,23.46,44360.0,21.33,1718119.9055307691,42642.065907692304,29.61254576923077,False,False,False,False,18.739446702520855,56.21834010756256,32617.880930407802,269.8480325163003,1591426410.5945966,11970458.72242308,0.02481902792140641,1.9603097596407189
29-2099.05,Ophthalmic Medical Technologists,22901740.715907693,189466.31409230767,131.57382923076923,4.204516129032259,91.53645161290324,174060.0,1440.0,29,Healthcare Practitioners and Technical Occupations,48790.0,23.46,44360.0,21.33,3461619.1202999996,85914.0216,59.662515,False,False,False,False,15.115091744513276,45.34527523353984,26309.32869049981,217.65732112099118,1283632146.8094857,9655278.76492717,0.024819027921406413,1.960309759640719
29-2099.08,Patient Representatives,4858475.725107692,40194.21489230769,27.91264923076923,3.8576923076923078,74.70846153846153,174060.0,1440.0,29,Healthcare Practitioners and Technical Occupations,48790.0,23.46,44360.0,21.33,1114580.7580153844,27662.810953846154,19.210285384615386,True,False,True,False,22.940955581097995,68.822866743294,39931.02728445917,330.3497603678111,1948234821.208763,14654315.3699161,0.024819027921406417,1.9603097596407193
29-9091.00,Athletic Trainers,1247761.9134807691,15516.210323076923,43.10058423076923,3.866521739130435,90.05,28950.0,360.0,29,Healthcare Practitioners and Technical Occupations,60250.0,29.76,63190.0,30.37980769230769,943849.0223653846,11736.982661538463,32.60272961538462,False,False,False,False,75.64335889467999,75.64335889467999,21898.752400009857,272.316092020848,1319399832.1005938,17207653.854797382,0.012435233160621763,0.9821862888977074
29-9092.00,Genetic Counselors,112125.94829999999,1597.2357307692307,31.944714615384616,4.189473684210526,96.79578947368421,3510.0,50.0,29,Healthcare Practitioners and Technical Occupations,98910.0,47.55,91620.0,44.05,62837.59409999999,895.1224230769232,17.902448461538462,False,False,False,False,56.04197338146392,56.041973381463926,1967.0732656893836,28.02098669073196,194563216.70933694,2567282.800604862,0.014245014245014249,1.1251303048270274
29-9093.00,Surgical Assistants,2103065.760253846,30359.21701153846,91.99762730769231,4.3525,80.23285714285714,22860.0,330.0,29,Healthcare Practitioners and Technical Occupations,60290.0,28.99,44720.0,21.5,719876.1622846153,10391.913103846153,31.490645769230767,True,False,True,False,34.229845584939014,34.229845584939014,7824.942700717058,112.95849043029875,471765795.42623144,5051503.69204296,0.014435695538057743,1.1401911041829793
29-9099.01,Midwives,1863258.1822730768,8567.86288846154,50.39919346153846,4.206388888888889,95.08111111111111,36970.0,170.0,29,Healthcare Practitioners and Technical Occupations,64030.0,30.78,62110.0,29.86,1367248.2292384615,6287.0489307692305,36.98264076923077,False,False,False,False,73.3794297669736,73.3794297669736,27128.375184850138,124.74503060385513,1737029863.0859544,7747913.850805442,0.004598322964565864,0.36319461882082066
31-1121.00,Home Health Aides,33793837.91325,372227.5827461539,16.947167307692308,3.953333333333333,76.62066666666666,1994070.0,21964.0,31,Healthcare Support Occupations,34900.0,16.78,34900.0,16.78,3151624.9506750004,34714.07243307693,3.160997307692308,True,False,True,False,9.326034405341398,9.326034405341398,185967.6542665912,2048.370196789185,6490271133.904034,71488119.86794254,0.011014658462340841,0.8699834075376
31-1122.00,Personal Care Aides,59606573.2449,656546.046403077,29.891916153846154,4.337272727272727,81.1590909090909,1994070.0,21964.0,31,Healthcare Support Occupations,34900.0,16.78,34900.0,16.78,88391326.4919,973600.2723415385,22.16354653846154,True,False,True,False,148.29123984151,148.29123984151,2957031.1263075983,32570.687918789255,103200386308.13518,1136717008.365745,0.011014658462340841,0.8699834075376
31-1131.00,Nursing Assistants,125412376.97866154,1115535.429,90.32675538461538,4.266666666666667,78.1590909090909,1388430.0,12350.0,31,Healthcare Support Occupations,39530.0,19.01,38500.0,18.51,32035979.121853847,284958.07649999997,23.073528461538462,True,False,True,False,25.54451154952964,25.544511549529638,354667.6617071344,3154.7471763669105,14020012667.283022,121457766.29012606,0.008894938887808531,0.7025591642184968
31-1132.00,Orderlies,3836191.2979076924,42254.54013538462,72.35366461538462,4.123181818181818,60.05227272727273,53020.0,584.0,31,Healthcare Support Occupations,37700.0,18.12,37700.0,18.12,398535.71949230775,4389.755944615385,7.516705384615385,True,False,True,False,10.388838526109847,10.388838526109847,5508.162186543441,60.670816992481505,207657714.43268773,2287289.8006165526,0.011014711429649188,0.8699875911152897
31-1133.00,Psychiatric Aides,1670925.7433076925,6224.0787,47.87752846153846,4.208235294117648,85.20882352941176,34900.0,130.0,31,Healthcare Support Occupations,41590.0,20.0,35390.0,17.02,945615.3120769231,3522.3493,27.094994615384614,True,False,True,False,56.59230015841541,56.59230015841541,19750.71275528698,73.56999020594004,821432143.4923855,2603641.9533882183,0.0037249283667621777,0.2942102911705286
31-2011.00,Occupational Therapy Assistants,3643796.72685,17492.658050000002,76.055035,4.462727272727272,94.48363636363636,47910.0,230.0,31,Healthcare Support Occupations,68340.0,32.86,61280.0,29.46,1831970.8973307693,8794.683915384616,38.237756153846156,False,False,False,False,50.27642963262873,50.27642963262873,24087.437436992423,115.63578815504607,1646135474.4440622,7086161.098141223,0.00480066791901482,0.3791766625284321
31-2012.00,Occupational Therapy Aides,276751.11346153845,3044.2622480769232,55.35022269230769,4.003333333333333,78.128,5000.0,55.0,31,Healthcare Support Occupations,37370.0,17.969999999999995,37370.0,17.969999999999995,175989.29615384614,1935.8822576923078,35.19785923076923,False,False,False,False,63.591179075167226,63.591179075167226,3179.558953758361,34.975148491341976,118820118.10194995,1307021.2991214497,0.011000000000000001,0.8688256213874304
31-2021.00,Physical Therapist Assistants,10524578.689342307,76003.8087,97.44078038461538,4.143809523809524,90.6252380952381,108010.0,780.0,31,Healthcare Support Occupations,65510.0,31.5,61110.0,29.380000000000003,4016867.182326923,29008.021499999995,37.18977115384615,False,False,False,False,38.16653664620889,38.16653664620889,41223.67623157022,297.6989858404293,2700563029.9301653,18192385.024708636,0.007221553559855568,0.5703882508203748
31-2022.00,Physical Therapist Aides,3875116.3004423077,73962.6833076923,88.05081346153847,4.0063157894736845,76.97,44010.0,840.0,31,Healthcare Support Occupations,34520.0,16.59,27860.0,13.39,1296951.882507692,24754.364492307694,29.469481538461537,False,False,False,False,33.468721502878694,33.46872150287871,14729.584333416913,281.137260624181,508465251.18955183,7832484.080989683,0.019086571233810502,1.5075365556700784
31-9011.00,Massage Therapists,5095316.207261538,96558.47039999999,53.05410461538462,3.9650000000000003,92.85642857142857,96040.0,1820.0,31,Healthcare Support Occupations,57950.0,27.86,61010.0,29.33,467862.5538461538,8866.199999999999,4.871538461538461,False,False,False,False,9.182208420733225,9.182208420733225,8818.59296727219,167.11619325734472,511037462.45342344,10195758.950630601,0.018950437317784258,1.4967841343806778
31-9091.00,Dental Assistants,27627779.482642308,464350.9803038462,73.58969576923077,4.30625,85.090625,375430.0,6310.0,31,Healthcare Support Occupations,47300.0,22.74,37320.0,17.94,9338998.712873077,156964.23268846155,24.875472692307692,False,False,False,False,33.80292910887206,33.80292910887205,126906.33675343836,2132.9648267698267,6002669728.437634,79602247.33504993,0.016807394187997763,1.327517699935513
31-9092.00,Medical Assistants,76086946.97365385,926322.5717307692,95.89260576923077,4.4079999999999995,86.29350000000001,793460.0,9660.0,31,Healthcare Support Occupations,44200.0,21.25,43040.0,20.69,45111816.4310077,549215.0161615384,56.85455653846154,False,False,False,False,59.28982332098077,59.28982332098077,470441.032122654,5727.396932806743,20793493619.82131,246507163.98800224,0.012174526756232196,0.9615946158255758
31-9093.00,Medical Equipment Preparers,4564384.713584615,42030.48045769231,62.73206038461539,4.469333333333333,79.91333333333334,72760.0,670.0,31,Healthcare Support Occupations,46490.0,22.35,45250.0,21.76,1711114.0186,15756.547450000002,23.517235,False,False,False,False,37.4883829031183,37.48838290311829,27276.547400308875,251.1721654508926,1268086688.6403596,11365540.48665289,0.009208356239692139,0.7273141665370312
31-9094.00,Medical Transcriptionists,3632645.9365807693,20242.280584615386,84.34283576923077,4.559333333333333,82.484,43070.0,240.0,31,Healthcare Support Occupations,37550.0,18.05,38900.0,18.7,3632645.9365807693,20242.280584615386,84.34283576923077,False,False,False,False,100.0,100.0,43070.0,240.0,1617278500.0,9336000.0,0.0055723241235198515,0.44012526992630024
31-9095.00,Pharmacy Aides,2514387.4093846157,15906.1004,61.17730923076923,4.148571428571429,72.48428571428572,41100.0,260.0,31,Healthcare Support Occupations,37000.0,17.79,38970.0,18.73,2248915.4591538464,14226.7158,54.71813769230769,False,False,False,False,89.44188356814345,89.44188356814345,36760.61414650696,232.54889727717298,1360142723.4207575,9062430.52689143,0.00632603406326034,0.4996564069027469
31-9096.00,Veterinary Assistants and Laboratory Animal Caretakers,10163161.481515385,64081.58566153846,89.00220230769231,4.205357142857143,85.04714285714286,114190.0,720.0,31,Healthcare Support Occupations,37320.0,17.94,35730.0,17.18,4108683.0826576925,25906.40003076923,35.98111115384615,False,False,False,False,40.427214406958974,40.42721440695897,46163.83613130645,291.07594373010465,1722834364.4203568,10400143.46947664,0.0063052806725632715,0.49801721803290355
31-9097.00,Phlebotomists,14549494.306953847,147715.92002307693,104.76306384615386,4.449565217391305,79.09782608695652,138880.0,1410.0,31,Healthcare Support Occupations,43660.0,20.99,38730.0,18.62,6064304.274215385,61568.75739230769,43.66578538461539,False,False,False,False,41.68051580539803,41.68051580539803,57885.90035053679,587.6952728561122,2527298409.304436,22761437.917717226,0.010152649769585253,0.8018983858898963
31-9099.01,Speech-Language Pathology Assistants,4012075.190423077,26708.46002307692,38.70791307692308,4.1499999999999995,82.08909090909091,103650.0,690.0,31,Healthcare Support Occupations,46050.0,22.14,45760.0,22.0,1037127.2778046153,13807.246738461537,20.304774615384616,False,False,False,False,25.85014558750703,51.69615442646883,26793.675901451035,178.3660045537985,1233848775.26182,8162028.368381819,0.013312972316848741,1.0515137677908877
31-9099.02,Endoscopy Technicians,5436763.376480769,36192.63608076923,52.45309576923077,4.5675,93.88416666666667,103650.0,690.0,31,Healthcare Support Occupations,46050.0,22.14,45760.0,22.0,6513.518215384615,87.19569230769233,8.719569230769231,False,False,False,False,0.11980507085450594,0.24092108713248245,124.17795594069541,0.826654988896091,5718394.871069023,37827.73229188513,0.013386880856760378,1.057351370801303
33-1011.00,First-Line Supervisors of Correctional Officers,2832667.1913923076,13794.5958,53.05613769230769,4.301304347826087,93.52695652173912,53390.0,260.0,33,Protective Service Occupations,76310.0,36.69,97430.0,46.84000000000001,825016.2853230769,4017.6856,15.452636923076923,False,False,False,False,29.125069398553887,29.125069398553887,15549.87455188792,75.72518043624011,1186610927.054567,7377904.329902873,0.004869825810076793,0.3846390395898651
33-1012.00,First-Line Supervisors of Police and Detectives,1916414.0579153844,16144.283515384615,12.514948461538461,3.864,81.76050000000001,153130.0,1290.0,33,Protective Service Occupations,105980.0,50.95,109760.0,52.77,1054657.549653846,8884.661653846153,6.8873346153846144,False,False,False,False,55.032864390541455,55.03286439054145,84271.82524123613,709.9239506379848,8931128039.066206,77921252.82202521,0.008424214719519362,0.6653794171261406
33-1021.00,First-Line Supervisors of Firefighting and Prevention Workers,2096150.135353846,17229.24428076923,22.375641923076923,4.1196,84.5008,93680.0,770.0,33,Protective Service Occupations,92430.0,44.44,102070.0,49.07,931375.1189454545,7655.41035,9.942091363636363,False,True,True,False,44.43265314047895,44.43265314047895,41624.50946200068,342.1314291816879,3847353409.572723,34921354.97657488,0.008219470538001709,0.6492078725140918
33-2011.00,Firefighters,8514144.526461538,67910.19442307693,25.62648846153846,4.357777777777778,95.61148148148149,332240.0,2650.0,33,Protective Service Occupations,59530.0,28.62,49270.0,23.69,5564801.232738461,44385.75507692308,16.74934153846154,False,False,False,False,65.35948756147299,65.35948756147297,217150.36147423784,1732.0264203790343,12926961018.561378,85336941.73207502,0.007976161810739225,0.6299903401365635
33-2021.00,Fire Inspectors and Investigators,285448.38130769227,1218.996646153846,20.316610769230767,4.332333333333334,79.80466666666666,14050.0,60.0,33,Protective Service Occupations,78060.0,37.53,72550.0,34.88,153865.40294230767,657.0764538461538,10.95127423076923,False,False,False,False,53.903056740914614,53.903056740914614,7573.379472098503,32.34183404454877,591178001.5920092,2346400.059932013,0.004270462633451958,0.3372988501018817
33-2022.00,Forest Fire Inspectors and Prevention Specialists,33710.456423076925,727.5638076923077,12.126063461538461,3.97875,93.74875,2780.0,60.0,33,Protective Service Occupations,52380.0,25.19,77480.0,37.25,28154.14313076923,607.643376923077,10.127389615384615,False,False,False,False,83.5175376370637,83.51753763706373,2321.7875463103705,50.11052258223822,121615231.6757372,3882563.2896718173,0.021582733812949645,1.7046938287523161
33-3011.00,Bailiffs,547235.5080038462,1294.4660153846155,32.36165038461538,4.234,79.898,16910.0,40.0,33,Protective Service Occupations,57050.0,27.43,57860.0,27.82,252785.35267692307,597.9547076923077,14.948867692307692,False,False,False,False,46.19315614204377,46.19315614204376,7811.262703619602,18.477262456817506,445632537.2414983,1069094.405751461,0.002365464222353637,0.18683417480510303
33-3012.00,Correctional Officers and Jailers,22759338.212653846,123333.21380769231,62.28950192307693,4.1866666666666665,81.7274074074074,365380.0,1980.0,33,Protective Service Occupations,57970.0,27.87,61340.0,29.489999999999995,12545793.078076923,67985.85115384616,34.336288461538466,False,False,False,False,55.12371651958515,55.12371651958515,201411.03541926024,1091.449587087786,11675797723.254517,66949517.6719648,0.005419015819147189,0.42801634421626106
33-3021.00,Detectives and Criminal Investigators,2832603.6384692304,14317.700492307691,25.567322307692304,4.36,93.87133333333333,110790.0,560.0,33,Protective Service Occupations,93580.0,44.99,74530.0,35.83,780590.9866269231,11836.743907692307,21.13704269230769,False,False,False,False,27.557367223067004,82.672101669201,30530.807146435935,154.32125644917522,2857072932.763475,11501563.24315703,0.015163823449769834,1.1977016664868694
33-3021.02,Police Identification and Records Officers,1819288.68345,9195.790799999999,16.421055,4.389333333333334,77.70466666666667,110790.0,560.0,33,Protective Service Occupations,93580.0,44.99,74530.0,35.83,537984.417234965,8157.900721678321,14.56767986013986,False,False,False,False,29.57114075017279,88.71342225051838,32761.866837116435,165.59838820096763,3065855498.617356,12342047.872618118,0.015163823449769834,1.1977016664868694
33-3021.06,Intelligence Analysts,3566038.764911538,18024.927415384613,32.187370384615384,3.8738095238095234,81.98761904761905,110790.0,560.0,33,Protective Service Occupations,93580.0,44.99,74530.0,35.83,1183799.0757461537,17950.920184615385,32.055214615384614,False,False,False,False,33.19647243867019,99.5894173160106,36778.371814802704,185.9002456565531,3441720034.429237,13855145.308782902,0.015163823449769836,1.1977016664868696
33-3031.00,Fish and Game Wardens,83383.17729230771,922.1504030769232,12.988033846153849,3.8266666666666667,86.29166666666667,6420.0,71.0,33,Protective Service Occupations,68180.0,32.78,68180.0,32.78,30182.526253846154,333.7942934615385,4.701328076923077,False,False,False,False,36.19738085541934,36.19738085541934,2323.8718509179216,25.70014040734773,158441582.7955839,1752235.5729729685,0.011059190031152648,0.8735006955325341
33-3041.00,Parking Enforcement Workers,264712.55281153845,1703.4269807692308,34.068539615384616,3.929090909090909,78.7159090909091,7770.0,50.0,33,Protective Service Occupations,47150.0,22.67,53020.0,25.49,184579.95408461537,1187.7731923076922,23.755463846153845,False,False,False,False,69.72844775367592,69.72844775367591,5417.900390460619,34.86422387683796,255454003.41021818,1848501.1499499488,0.006435006435006435,0.5082634967751435
33-3051.00,Police and Sheriff's Patrol Officers,42193594.48596923,339704.64683076926,63.25971076923077,4.119666666666666,89.00733333333334,666990.0,5370.0,33,Protective Service Occupations,76290.0,36.68,77210.0,37.12,11333112.997828847,182487.94374230772,33.982857307692306,False,False,False,False,26.859795037366354,53.71959007473271,179152.14691972986,1442.370993506573,13667517288.506191,111365464.4086425,0.016102190437637748,1.2718177829708504
33-3051.04,Customs and Border Protection Officers,19976733.506180767,160834.58361923078,29.95057423076923,4.234545454545454,84.47454545454546,666990.0,5370.0,33,Protective Service Occupations,76290.0,36.68,77210.0,37.12,6086361.223453847,98003.7474923077,18.250232307692308,True,True,True,True,30.467249420786118,60.93449884157223,203213.50691170135,1636.0912938962147,15503158442.293695,126322608.80172673,0.016102190437637744,1.2718177829708501
33-3052.00,Transit and Railroad Police,66237.17307692308,728.6089038461539,22.079057692307693,3.9508333333333336,79.55083333333333,3000.0,33.0,33,Protective Service Occupations,82320.0,39.58,82320.0,39.58,34089.174230769226,374.98091653846154,11.363058076923076,False,False,False,False,51.46532173282896,51.46532173282896,1543.959651984869,16.983556171833555,127098758.55139442,1398086.3440653384,0.011000000000000001,0.8688256213874304
33-9011.00,Animal Control Workers,310175.6550923077,4735.506184615385,26.308367692307694,4.408666666666666,90.82199999999999,11790.0,180.0,33,Protective Service Occupations,45830.0,22.030000000000005,46690.0,22.45,174579.65411538462,2665.338230769231,14.807434615384617,False,False,False,False,56.284125220411006,56.284125220411006,6635.898363486457,101.31142539673982,304123221.99858433,4730230.451773782,0.015267175572519085,1.205864845784081
33-9021.00,Private Detectives and Investigators,559848.2957307692,5207.891123076923,14.46636423076923,4.187142857142857,72.825,38700.0,360.0,33,Protective Service Occupations,52370.0,25.18,51130.0,24.58,519248.94438461534,4830.222738461538,13.417285384615385,False,False,False,False,92.74815130174514,92.74815130174512,35893.53455377537,333.8933446862825,1879744404.581216,17071966.713809624,0.009302325581395349,0.7347362548730911
33-9031.00,Gambling Surveillance Officers and Gambling Investigators,583744.1,6421.185100000001,58.374410000000005,4.6075,94.845,10000.0,110.0,33,Protective Service Occupations,43900.0,21.11,43900.0,21.11,508773.5692307693,5596.509261538462,50.87735692307693,False,True,True,False,87.15695271794084,87.15695271794083,8715.695271794084,95.87264798973493,382619022.4317603,4208809.246749364,0.011,0.8688256213874302
33-9032.00,Security Guards,61619366.458057694,347355.4403846154,49.622205769230774,4.406428571428571,86.41285714285713,1241770.0,7000.0,33,Protective Service Occupations,38370.0,18.45,42440.0,20.4,43009284.71627692,242448.27384615384,34.63546769230769,False,False,False,False,69.79832346304947,69.79832346304947,866734.6412671093,4885.882642413463,33256608185.418983,207356859.34402737,0.005637114763603566,0.4452427033927387
33-9091.00,Crossing Guards and Flaggers,2564739.4211307694,48063.97895,28.440224230769232,4.285833333333334,69.36416666666666,90180.0,1690.0,33,Protective Service Occupations,37700.0,18.13,34480.0,16.58,1826939.4164307693,34237.3876,20.25880923076923,False,True,True,False,71.23294481219807,71.23294481219808,64237.86963164022,1203.8367673261473,2421767685.1128364,41508291.73740556,0.018740297183410956,1.4801863950329213
33-9092.00,"Lifeguards, Ski Patrol, and Other Recreational Protective Service Workers",5726443.8668,83350.2868,39.880520000000004,4.101333333333334,80.50133333333333,143590.0,2090.0,33,Protective Service Occupations,33720.0,16.21,28400.0,13.65,2068567.2047115385,30108.680673076924,14.406067307692307,False,False,False,False,36.123067872967326,36.123067872967326,51869.113158793785,754.9721185450171,1749026495.7145264,21441208.166678485,0.014555331151194372,1.1496404210851157
33-9093.00,Transportation Security Screeners,6318464.810323076,65448.06018461538,136.35012538461538,4.3076923076923075,84.31461538461538,46340.0,480.0,33,Protective Service Occupations,63360.0,30.46,59950.0,28.82,3759444.9457923076,38941.164738461535,81.12742653846153,False,False,False,False,59.49934135345891,59.49934135345891,27571.99478319286,285.59683849660274,1746961589.4630995,17121530.467871334,0.010358221838584376,0.8181353204888111
33-9099.02,Retail Loss Prevention Specialists,2255613.8388615386,18998.071076923075,27.140101538461536,4.3100000000000005,93.49190476190476,83110.0,700.0,33,Protective Service Occupations,41600.0,20.0,49000.0,23.56,1985430.900553846,16722.435692307692,23.889193846153844,False,False,False,False,88.02175560139051,88.02175560139054,73154.88108031565,616.1522892097336,3043243052.941131,30191462.171276946,0.008422572494284684,0.6652497073661426
35-1011.00,Chefs and Head Cooks,8802565.764092308,90768.01029230769,48.28085653846154,4.314285714285714,98.01714285714286,182320.0,1880.0,35,Food Preparation and Serving Related Occupations,60990.0,29.32,44490.0,21.39,4100507.789907692,42282.55070769231,22.490718461538464,False,False,False,False,46.5830974718145,46.5830974718145,84930.3033106122,875.7622324701125,5179899198.914238,38962661.722595304,0.010311540149188241,0.814448207052719
35-1012.00,First-Line Supervisors of Food Preparation and Serving Workers,81716568.43091539,791387.109423077,68.81627038461538,4.163846153846154,76.39192307692308,1187460.0,11500.0,35,Food Preparation and Serving Related Occupations,42010.0,20.2,38070.0,18.31,57594817.470807694,557779.1259615384,48.502532692307696,False,False,False,False,70.48119931700187,70.48119931700185,836936.0494096704,8105.337921455215,35159683435.70026,308570214.66980004,0.009684536742290265,0.7649248775427036
35-2011.00,"Cooks, Fast Food",93300652.26983461,872647.2572115385,139.62356115384614,4.5405263157894735,95.14999999999999,668230.0,6250.0,35,Food Preparation and Serving Related Occupations,30160.0,14.5,29960.0,14.410000000000002,13686588.681592308,128011.58173076923,20.481853076923077,False,False,False,False,14.669338690161945,14.669338690161945,98024.92192926917,916.8336681351216,2956431645.3867583,27468336.697328243,0.009353067057749577,0.7387440271206892
35-2012.00,"Cooks, Institution and Cafeteria",13192633.684453845,161280.57955384615,29.43076269230769,4.3623529411764705,76.22529411764705,448260.0,5480.0,35,Food Preparation and Serving Related Occupations,36450.0,17.53,37740.0,18.15,5423934.965907692,66307.8651076923,12.099975384615384,False,False,False,False,41.11335989188602,41.11335989188601,184294.7470513683,2253.012122075354,6717543530.022374,85028677.48712386,0.01222504796323562,0.9655849902863025
35-2013.00,"Cooks, Private Household",14374.382192307694,159.7153576923077,15.971535769230771,4.083846153846154,95.1,900.0,10.0,35,Food Preparation and Serving Related Occupations,44530.0,21.41,44530.0,21.41,1975.1721923076925,21.946357692307693,2.194635769230769,False,False,False,False,13.740918850513701,13.740918850513701,123.66826965462332,1.3740918850513701,5506948.047720376,61188.31164133751,0.01111111111111111,0.877601637765081
35-2014.00,"Cooks, Restaurant",105328071.355,843564.605,72.5335,4.2025,83.8955,1452130.0,11630.0,35,Food Preparation and Serving Related Occupations,36830.0,17.71,36510.0,17.55,21190414.79129231,169712.43898461538,14.592643076923077,False,False,False,False,20.118487425704092,20.11848742570409,292146.5914548768,2339.780087609386,10759758963.283113,85425370.99861869,0.008008924820780508,0.6325780985508944
35-2015.00,"Cooks, Short Order",8924950.681823077,30853.4394,59.33353730769231,4.442727272727272,87.17727272727274,150420.0,520.0,35,Food Preparation and Serving Related Occupations,35620.0,17.12,36680.0,17.64,3060377.573146154,10579.685800000001,20.34554961538462,False,False,False,False,34.29013427916241,34.29013427916241,51579.219982716095,178.30869825164453,1837251815.7843473,6540363.051870321,0.0034569871027788856,0.27304717888183616
35-2021.00,Food Preparation Workers,60910793.288196154,642161.7888884615,68.53380884615385,4.230645161290322,80.4874193548387,888770.0,9370.0,35,Food Preparation and Serving Related Occupations,34220.0,16.45,32090.0,15.43,18059465.249053843,190394.80336153848,20.319616153846155,False,False,False,False,29.649039643280382,29.64903964328039,263511.76963758306,2778.115014575372,9017372756.998093,89149710.81772368,0.010542660080785807,0.8327030177968351
35-3011.00,Bartenders,63054530.82664616,280764.79975384613,84.56771076923077,4.277,85.589,745610.0,3320.0,35,Food Preparation and Serving Related Occupations,33530.0,16.12,34120.0,16.41,20714069.579884615,92234.15861538461,27.781373076923074,False,False,False,False,32.85104069179923,32.85104069179923,244940.64450212423,1090.6545509677344,8212859810.156225,37213133.279019095,0.0044527299794798894,0.35169508102655045
35-3023.00,Fast Food and Counter Workers,666727470.0600346,8989789.92566923,176.33954346153845,4.348888888888889,73.97259259259259,3780930.0,50980.0,35,Food Preparation and Serving Related Occupations,30480.0,14.65,28670.0,13.79,79321477.06276155,2139055.1534461537,41.95871230769231,True,True,True,True,11.897136480010213,23.79427296002042,449822.4023136501,6065.160177509206,13710586822.520056,173888142.28918892,0.026966910257529227,2.1299584146724455
35-3023.01,Baristas,422036291.7855,5690507.403,111.62235,4.092631578947368,92.35578947368421,3780930.0,50980.0,35,Food Preparation and Serving Related Occupations,30480.0,14.65,28670.0,13.79,82776865.35425192,2232236.299407692,43.78651038461538,True,False,True,False,19.613684170157402,39.227368340314804,741579.6688947323,9999.056189946243,22603348307.911438,286672940.9657588,0.02696691025752923,2.1299584146724455
35-3031.00,Waiters and Waitresses,376361987.3642,2946904.113092308,163.4444876923077,4.3404,91.088,2302690.0,18030.0,35,Food Preparation and Serving Related Occupations,33760.0,16.23,29860.0,14.35,197931693.7472,1549799.7725538462,85.95672615384616,False,False,False,False,52.59077706900948,52.59077706900946,1211002.5644903744,9482.11710554241,40883446577.19504,283136016.77149636,0.007829972770976553,0.6184437234718512
35-3041.00,"Food Servers, Nonrestaurant",16030611.51933846,136252.53002307692,58.98377923076923,4.506428571428572,88.53785714285713,271780.0,2310.0,35,Food Preparation and Serving Related Occupations,34460.0,16.57,28280.0,13.6,7349778.735476922,62469.603646153846,27.043118461538462,False,False,False,False,45.84839902464449,45.84839902464449,124606.7788691788,1059.0980174692877,4293949599.8319016,29951291.934031457,0.008499521671940541,0.6713274725563337
35-9011.00,Dining Room and Cafeteria Attendants and Bartender Helpers,72624660.12266923,527283.8870230769,139.12503615384617,4.17,76.00652173913043,522010.0,3790.0,35,Food Preparation and Serving Related Occupations,32670.0,15.710000000000004,27760.0,13.34,15817058.799907692,114838.13116923076,30.300298461538464,False,False,False,False,21.779184609182796,21.779184609182796,113689.5215783951,825.4310966880279,3714236669.966168,22913967.244059652,0.007260397310396353,0.5734562913386126
35-9021.00,Dishwashers,19074172.799496155,132642.07344615384,40.43965653846154,3.9815384615384612,73.50923076923077,471670.0,3280.0,35,Food Preparation and Serving Related Occupations,33670.0,16.19,30130.0,14.48,2388214.330284616,16607.676984615387,5.063316153846155,False,False,False,False,12.520670518134871,12.520670518134871,59056.246632886745,410.6779929948238,1988423824.1292968,12373727.928934041,0.0069540144592617715,0.5492569030641167
35-9031.00,"Hosts and Hostesses, Restaurant, Lounge, and Coffee Shop",49017052.976596154,500326.2342923077,114.75372346153847,4.172857142857143,70.73095238095237,427150.0,4360.0,35,Food Preparation and Serving Related Occupations,30380.0,14.61,28790.0,13.84,34531207.028134614,352466.49336923077,80.84093884615385,False,False,False,False,70.44733400154024,70.44733400154024,300915.78718757915,3071.5037624671545,9141821614.758654,88428593.32142937,0.010207187170783097,0.8062059760248573
37-1011.00,First-Line Supervisors of Housekeeping and Janitorial Workers,7934771.6894307695,102217.08634615385,45.429816153846154,4.137307692307692,80.21423076923078,174660.0,2250.0,37,Building and Grounds Cleaning and Maintenance Occupations,47520.0,22.85,49770.0,23.93,3936255.453969231,50707.516153846154,22.536673846153846,False,False,False,False,49.607671247962685,49.607671247962685,86644.75860169163,1116.1726030791606,4117358928.7523866,55551910.45524982,0.01288217107523188,1.0174872990234107
37-1012.00,"First-Line Supervisors of Landscaping, Lawn Service, and Groundskeeping Workers",3616901.2767846156,59732.922076923074,29.138010769230767,3.858571428571429,91.74,124130.0,2050.0,37,Building and Grounds Cleaning and Maintenance Occupations,56170.0,27.01,54600.0,26.25,2101731.3958346155,34709.976326923075,16.931695769230767,False,False,False,False,58.1086193677653,58.1086193677653,72130.22922120708,1191.2266970391886,4051554975.3552012,65040977.658339694,0.01651494401031177,1.3044187719943403
37-2011.00,"Janitors and Cleaners, Except Maids and Housekeeping Cleaners",47943230.43242308,537642.3904576923,21.793368076923077,3.6966666666666663,68.64619047619047,2199900.0,24670.0,37,Building and Grounds Cleaning and Maintenance Occupations,35930.0,17.27,30390.0,14.61,13178087.199576922,147780.9951423077,5.990311923076923,False,False,False,False,27.486857019682255,27.486857019682255,604683.3675759899,6781.007626755612,21726273397.005318,206074821.77710307,0.01121414609754989,0.8857397683212008
37-2012.00,Maids and Housekeeping Cleaners,45174509.74938461,447036.9424615385,52.84124615384615,3.9939999999999998,65.285,854910.0,8460.0,37,Building and Grounds Cleaning and Maintenance Occupations,34660.0,16.66,34660.0,16.67,20379155.513365384,201667.60903846152,23.837778846153846,False,False,False,False,45.11206790383154,45.11206790383153,385667.5797166462,3816.4809446641484,13367238312.978958,132279229.54205938,0.009895778503000316,0.7816096279074204
37-2021.00,Pest Control Workers,3260015.232680769,29849.27067692308,33.91962576923077,3.896153846153846,74.06076923076922,96110.0,880.0,37,Building and Grounds Cleaning and Maintenance Occupations,44730.0,21.51,42460.0,20.41,1919440.0904538461,17574.729784615385,19.971283846153845,False,False,False,False,58.878255267398124,58.87825526739812,56587.891137496335,518.1286463531035,2531176370.580211,21999742.324152775,0.00915617521589845,0.7231926928622872
37-3011.00,Landscaping and Groundskeeping Workers,24364777.8882,322563.4926,25.82574,3.5384615384615383,70.73038461538462,943430.0,12490.0,37,Building and Grounds Cleaning and Maintenance Occupations,38090.0,18.31,38940.0,18.72,11309360.230703846,149723.78372692305,11.987492692307692,False,False,False,False,46.41684107525164,46.41684107525163,437910.40375624655,5797.46345029893,16680007279.075432,225753226.75464034,0.013238926046447535,1.0456652862551832
37-3012.00,"Pesticide Handlers, Sprayers, and Applicators, Vegetation",688662.8764615385,6558.694061538461,27.327891923076923,4.029,84.85,25200.0,240.0,37,Building and Grounds Cleaning and Maintenance Occupations,45200.0,21.73,38180.0,18.36,136582.19723076923,1300.7828307692307,5.419928461538461,False,False,False,False,19.83295483162251,19.83295483162251,4997.904617568872,47.59909159589402,225905288.714113,1817333.3171312339,0.009523809523809523,0.7522299752272124
37-3013.00,Tree Trimmers and Pruners,2117396.1872846154,19462.175107692306,44.23221615384615,3.813333333333333,69.73541666666667,47870.0,440.0,37,Building and Grounds Cleaning and Maintenance Occupations,50430.0,24.25,53900.0,25.91,240346.89275,2209.163,5.020824999999999,False,False,False,False,11.351059107092516,11.351059107092516,5433.7519945651875,49.944660071207075,274024113.0859224,2692017.1778380615,0.009191560476289952,0.7259875674847965
39-1013.00,First-Line Supervisors of Gambling Services Workers,3090549.143965385,34016.62003346154,121.0555873076923,4.26,83.05892857142858,25530.0,281.0,39,Personal Care and Service Occupations,61590.0,29.61,61590.0,29.61,2548100.385760324,28046.07161765182,99.808084048583,True,True,True,True,82.4481432607455,82.44814326074548,21049.010974468325,231.67928256269485,1296408585.917504,14269127.013036376,0.011006658832745788,0.8693515636145279
39-1022.00,First-Line Supervisors of Personal Service Workers,1870216.2339538462,14848.531653846154,17.46886076923077,4.08,90.02764705882353,107060.0,850.0,39,Personal Care and Service Occupations,47080.0,22.64,43660.0,20.99,3943199.9848938272,25910.693367378917,15.34690623931624,True,False,True,False,210.84192904033677,174.5000379257526,225727.36923058453,1792.1563968428627,10627244543.37592,78245548.28615938,0.006570981301136462,0.5190033556440975
39-2011.00,Animal Trainers,919591.1396423077,11889.2937,45.72805269230769,4.217333333333333,66.61999999999999,20110.0,260.0,39,Personal Care and Service Occupations,38750.0,18.63,35380.0,17.01,303031.7503653846,3917.8645,15.068709615384616,False,False,False,False,32.95287843717748,32.952878437177475,6626.823853716392,85.67748393666145,256789424.3315102,3031269.381679082,0.012928891098955744,1.0211774402636946
39-2021.00,Animal Caretakers,15583167.864615384,133184.66584615383,56.196061538461535,4.084090909090909,63.691818181818185,277300.0,2370.0,39,Personal Care and Service Occupations,33470.0,16.09,31550.0,15.17,9386656.407153847,80224.93936153846,33.850185384615386,False,True,True,False,60.23586788452736,60.23586788452736,167034.06164379435,1427.5900688632985,5590630043.217797,45040466.67263707,0.00854670032455824,0.6750538382087696
39-3011.00,Gambling Dealers,11882998.472123077,130887.6910523077,143.2031630769231,4.567142857142857,80.55857142857143,82980.0,914.0,39,Personal Care and Service Occupations,33280.0,16.0,33280.0,16.0,11083056.293834135,122076.56607091347,133.5629825721154,False,True,True,False,93.26817906973929,93.26817906973929,77393.93499206967,852.4711566974172,2575670156.5360785,28370240.094890043,0.011014702337912751,0.8699868730122389
39-3012.00,Gambling and Sports Book Writers and Runners,888152.7872307693,9816.425543076923,116.86220884615385,4.351111111111111,52.64555555555555,7600.0,84.0,39,Personal Care and Service Occupations,30460.0,14.65,30460.0,14.65,844319.5383794872,9331.952792615386,111.09467610256411,False,True,True,False,95.06467248862072,95.06467248862074,7224.915109135174,79.8543248904414,220070914.2242574,2432362.736162845,0.01105263157894737,0.8729826817768439
39-3021.00,Motion Picture Projectionists,38922.90675,419.16976500000004,19.960465,4.003529411764706,71.64647058823529,1950.0,21.0,39,Personal Care and Service Occupations,38180.0,18.35,38180.0,18.35,33952.6845,365.64429461538464,17.411633076923078,False,False,False,False,87.23059847014125,87.23059847014123,1700.9966701677542,18.31842567872966,64944052.86700486,699397.4924138985,0.010769230769230769,0.8505985104492324
39-3031.00,"Ushers, Lobby Attendants, and Ticket Takers",10102084.0998,119486.10503076923,84.74191846153846,3.8317391304347823,64.79304347826087,119210.0,1410.0,39,Personal Care and Service Occupations,31150.0,14.98,25570.0,12.289999999999996,8924908.13725,105562.62455769231,74.86710961538462,False,False,False,False,88.34719696529447,88.34719696529446,105318.69350232754,1245.695477210652,3280677302.597503,31852433.35227637,0.01182786678969885,0.9342139739316232
39-3091.00,Amusement and Recreation Attendants,16974595.929876924,272258.64996923076,45.68098153846154,3.5011764705882356,59.572941176470586,371590.0,5960.0,39,Personal Care and Service Occupations,30490.0,14.66,27170.0,13.06,13940226.004653845,223589.83553846154,37.51507307692307,False,False,False,False,82.1240520966847,82.12405209668471,305164.76518607064,4894.593504962408,9304473690.523294,132986105.52982862,0.016039182970478218,1.2668411918974933
39-3092.00,Costume Attendants,138036.82485769232,2633.4529384615385,21.945441153846154,3.552380952380952,72.67333333333333,6290.0,120.0,39,Personal Care and Service Occupations,54810.0,26.35,39940.0,19.2,94881.1832423077,1810.1338615384616,15.084448846153848,False,False,False,False,68.73613859209273,68.73613859209273,4323.503117442633,82.48336631051129,236971205.8670307,3294385.6504418207,0.019077901430842606,1.506851778674543
39-3093.00,"Locker Room, Coatroom, and Dressing Room Attendants",982317.0760615385,9849.435923076922,65.66290615384615,3.9460869565217394,60.09478260869565,14960.0,150.0,39,Personal Care and Service Occupations,34800.0,16.73,22880.0,11.0,602977.7542461539,6045.899942307692,40.305999615384614,False,False,False,False,61.38321005919066,61.38321005919066,9182.928224854923,92.07481508878598,319565902.2249513,2106671.7692314233,0.010026737967914437,0.7919533495874728
39-4011.00,Embalmers,77291.56986923076,858.7952207692308,22.59987423076923,4.3769230769230765,90.8673076923077,3420.0,38.0,39,Personal Care and Service Occupations,56280.0,27.06,56280.0,27.06,16574.855053846157,184.16505615384617,4.846448846153846,False,False,False,False,21.444583260359536,21.444583260359533,733.4047475042961,8.148941638936623,41276019.18954179,458622.43543935317,0.01111111111111111,0.877601637765081
39-4021.00,Funeral Attendants,649961.3284307692,4040.9899346153843,21.268368076923075,4.211666666666667,70.24208333333333,30560.0,190.0,39,Personal Care and Service Occupations,34610.0,16.64,38360.0,18.44,395017.56092307693,2455.9337884615384,12.925967307692307,False,False,False,False,60.77554827404664,60.77554827404663,18573.007552548654,115.47354172068863,642811791.393709,4429565.060405616,0.006217277486910994,0.4910663614457751
39-4031.00,"Morticians, Undertakers, and Funeral Arrangers",332977.4141153846,4146.022276923077,12.956319615384615,4.278181818181818,93.95136363636362,25700.0,320.0,39,Personal Care and Service Occupations,49800.0,23.94,61190.0,29.42,159501.68375213677,1986.0131829059828,6.206291196581197,False,True,True,False,47.90165248171026,47.90165248171025,12310.724687799537,153.2852879414728,613074089.4524169,9379526.76913872,0.012451361867704278,0.9834602010752658
39-5011.00,Barbers,1280029.8488846153,20508.765534615384,70.71988115384616,3.928333333333333,80.11388888888888,18100.0,290.0,39,Personal Care and Service Occupations,38960.0,18.73,25290.0,12.16,341463.1343461539,5470.956296153847,18.86536653846154,False,False,False,False,26.676185297061313,26.676185297061313,4828.389538768098,77.36093736147781,188114056.43040508,1956458.1058717738,0.016022099447513812,1.2654918644015811
39-5012.00,"Hairdressers, Hairstylists, and Cosmetologists",25339382.568076923,310460.1803846154,85.76248076923076,4.137272727272727,78.01863636363636,295460.0,3620.0,39,Personal Care and Service Occupations,35250.0,16.95,34960.0,16.81,8396433.9855,102873.7935,28.418174999999998,False,False,False,False,33.13590598722007,33.13590598722007,97903.34782984042,1199.5197967373665,3451093011.001875,41935212.093938336,0.012252081500033846,0.9677202111414859
39-5091.00,"Makeup Artists, Theatrical and Performance",63831.61096923077,711.3763873076923,19.226388846153846,4.103809523809524,91.28428571428572,3320.0,37.0,39,Personal Care and Service Occupations,50280.0,24.17,50280.0,24.17,7668.455553846154,85.46170346153846,2.3097757692307694,False,False,False,False,12.013570451077344,12.013570451077346,398.85053897576785,4.445021066898617,20054205.099701606,223495.65924366246,0.011144578313253013,0.8802450161920844
39-5092.00,Manicurists and Pedicurists,18185338.716284614,110721.18011538462,123.02353346153846,4.147777777777778,91.40277777777777,147820.0,900.0,39,Personal Care and Service Occupations,34660.0,16.66,38390.0,18.46,2574303.0384,15673.608,17.41512,False,False,False,False,14.155925707860268,14.155925707860268,20925.28938135905,127.40333137074242,725270529.9579047,4891013.891322802,0.006088485996482209,0.4808938753820293
39-5093.00,Shampooers,118744.19501538461,1308.9911261538462,13.357052307692307,4.5600000000000005,79.1125,8890.0,98.0,39,Personal Care and Service Occupations,31470.0,15.13,31470.0,15.13,18528.052469230766,204.24624769230766,2.0841453846153843,False,False,False,False,15.603333255011123,15.603333255011123,1387.1363263704886,15.291266589910899,43653180.19087928,481216.159584496,0.011023622047244094,0.8706913886488207
39-5094.00,Skincare Specialists,4845245.917661538,55874.846146153846,68.98129153846153,4.049444444444444,88.45555555555556,70240.0,810.0,39,Personal Care and Service Occupations,41560.0,19.98,44960.0,21.62,752756.4337846154,8680.704888461538,10.716919615384615,False,False,False,False,15.53597993944378,15.53597993944378,10912.47230946531,125.84143750949463,453522349.1813783,5657831.0304268785,0.011531890660592254,0.9108365517237245
39-6011.00,Baggage Porters and Bellhops,1684373.2507538463,10790.34753846154,53.951737692307695,4.128823529411765,74.9535294117647,31220.0,200.0,39,Personal Care and Service Occupations,36020.0,17.32,32530.0,15.64,866310.7996846155,5549.716846153847,27.748584230769232,False,False,False,False,51.4322344704118,51.4322344704118,16057.143601662563,102.86446894082361,578378312.5318855,3346181.174644992,0.0064061499039077515,0.5059842882694254
39-6012.00,Concierges,1647653.192,13047.027538461538,37.27722153846154,3.886875,87.3775,44200.0,350.0,39,Personal Care and Service Occupations,37320.0,17.94,35350.0,16.99,1536044.52,12163.248461538462,34.75213846153846,False,False,False,False,93.2262036366692,93.2262036366692,41205.98200740779,326.2917127283422,1537807248.5164585,11534412.044946896,0.007918552036199095,0.6254400812126709
39-7011.00,Tour Guides and Escorts,1563492.203975,17226.806573076923,63.802987307692305,3.9489473684210528,58.7321052631579,24505.0,270.0,39,Personal Care and Service Occupations,36660.0,17.63,36660.0,17.63,982021.748825,10820.072319230769,40.07434192307692,False,False,False,False,62.8095072254484,62.80950722544839,15391.46974559613,169.58566950871068,564251280.8735541,6217010.644189334,0.011018159559273617,0.8702599386937959
39-7012.00,Travel Guides,820294.3849749999,9038.13441923077,33.47457192307692,4.219411764705883,64.4835294117647,24505.0,270.0,39,Personal Care and Service Occupations,36660.0,17.63,36660.0,17.63,649008.412325,7150.878242307692,26.48473423076923,False,False,False,False,79.11896316890915,79.11896316890913,19388.101924541188,213.62120055605467,710767816.55368,7831353.212384964,0.011018159559273617,0.8702599386937959
39-9011.00,Childcare Workers,35321845.761876926,265501.2052153846,67.90312153846153,4.14375,78.65083333333332,520180.0,3910.0,39,Personal Care and Service Occupations,32050.0,15.410000000000002,30860.0,14.839999999999998,5490137.28486,82541.07224423077,40.560723461538466,False,False,False,False,15.543177788250063,31.088774974588283,80852.50221891917,607.7382515205775,2591322696.116359,18754802.441925023,0.015034427731315938,1.1874814559877258
39-9011.01,Nannies,26951677.198423076,202585.75463461538,51.81221346153846,4.379473684210526,97.89473684210526,520180.0,3910.0,39,Personal Care and Service Occupations,32050.0,15.410000000000002,30860.0,14.839999999999998,5162321.489582308,77599.95504807692,41.38664269230769,False,False,False,False,19.15398975572604,38.304744175145274,99635.22391133574,748.9209994488882,3193308926.35831,23111702.04299269,0.015031988070614268,1.1872887614672618
39-9031.00,Exercise Trainers and Group Fitness Instructors,16647981.83613846,308702.1202076923,54.831637692307694,3.6614285714285715,75.5104761904762,303620.0,5630.0,39,Personal Care and Service Occupations,46180.0,22.2,48730.0,23.43,10872742.670969231,201612.34845384615,35.81036384615385,False,True,True,False,65.30967403728974,65.30967403728972,198293.2323120191,3676.9346482994124,9157181468.169043,179177025.41163036,0.018542915486463342,1.4645963699873743
39-9032.00,Recreation Workers,6889752.598538462,132392.54605769232,22.250848076923077,3.9479166666666665,76.7625,309640.0,5950.0,39,Personal Care and Service Occupations,35380.0,17.01,31060.0,14.93,5135981.887984615,98692.32732692307,16.58694576923077,False,False,False,False,74.54522952063797,74.54522952063797,230821.84868770343,4435.441156477959,8166477006.570948,137764802.32020542,0.019215863583516343,1.5177486016767892
39-9041.00,Residential Advisors,2862143.33405,38364.67939615385,34.56277423076923,3.826,74.77066666666666,82810.0,1110.0,39,Personal Care and Service Occupations,39180.0,18.84,39520.0,19.0,1627124.6446,21810.268753846154,19.648890769230768,False,False,False,False,56.849865806600974,56.84986580660096,47077.37387444627,631.0335104532708,1844491508.4008048,24938444.33311326,0.013404178239343074,1.0587175898168288
41-1011.00,First-Line Supervisors of Retail Sales Workers,56869491.416738465,480741.2359692308,51.08833538461539,4.189047619047619,81.6252380952381,1113160.0,9410.0,41,Sales and Related Occupations,47320.0,22.75,46900.0,22.55,40904899.20144615,345785.96202307695,36.74664846153846,False,False,False,False,71.92766839023737,71.92766839023739,800670.0334527664,6768.393595521337,37887705982.9849,317437659.6299507,0.008453411908440836,0.6676855321995465
41-1012.00,First-Line Supervisors of Non-Retail Sales Workers,4413389.112338462,41310.660153846155,20.15154153846154,3.869444444444445,65.87777777777778,219010.0,2050.0,41,Sales and Related Occupations,84130.0,40.45,77110.0,37.07,3753927.5477967034,35137.89997252748,17.140439010989013,False,False,False,False,85.05770627162447,85.05770627162448,186284.88250548474,1743.6829785683015,15672147165.186432,134455394.47740173,0.009360303182503082,0.7393155662648165
41-2011.00,Cashiers,335380479.4909423,2962783.4342884617,106.53662115384616,4.351071428571428,65.97714285714285,3148030.0,27810.0,41,Sales and Related Occupations,31190.0,14.99,30290.0,14.56,313498938.25874615,2769479.7930692313,99.58575307692308,False,False,False,False,93.47560678981404,93.47560678981407,2942640.144425383,25995.566248247284,91780946104.62769,787405701.6594102,0.008834096244317876,0.6977535598968948
41-2012.00,Gambling Change Persons and Booth Cashiers,1475125.7347846155,16278.177283076922,67.26519538461538,4.5976923076923075,72.30153846153846,21930.0,242.0,41,Sales and Related Occupations,34810.0,16.74,34810.0,16.74,1320635.8652723078,14573.364313538463,60.22051369230769,False,True,True,False,89.52700330084981,89.52700330084983,19633.271823876366,216.65534798805658,683434192.1891363,7541772.663464249,0.011035111719106247,0.8715988905847454
41-2021.00,Counter and Rental Clerks,34984445.664684616,295764.3417038462,87.76389961538462,4.175625,80.68,398620.0,3370.0,41,Sales and Related Occupations,38540.0,18.53,37300.0,17.94,29241568.56652308,247213.1003692308,73.35700307692308,False,False,False,False,83.5844845071856,83.58448450718559,333184.4721425433,2816.797127892155,12840929556.37362,105066532.87037738,0.008454166875721238,0.6677451626465032
41-2022.00,Parts Salespersons,23277127.263423078,281896.8479423077,87.81833269230769,4.196315789473684,91.28684210526316,265060.0,3210.0,41,Sales and Related Occupations,37440.0,18.0,37220.0,17.89,20899659.76766923,253104.60972692308,78.84878807692309,False,False,False,False,89.78625038713552,89.78625038713552,237987.43527614142,2882.13863742705,8910249576.738735,107273200.0850348,0.012110465554968686,0.9565347964624309
41-2031.00,Retail Salespersons,409196967.23596156,4261829.080507692,107.67632846153846,4.190833333333333,71.34708333333333,3800250.0,39580.0,41,Sales and Related Occupations,34580.0,16.62,34300.0,16.49,287877172.34942305,2998270.7668153844,75.75216692307693,False,False,False,False,70.35173654730926,70.35173654730926,2673541.86813912,27845.217325425005,92451077800.25076,955090954.2620777,0.010415104269455957,0.8226281307931773
41-3011.00,Advertising Sales Agents,3465029.6338846153,29861.75123076923,35.54970384615385,4.1615,91.8895,97470.0,840.0,41,Sales and Related Occupations,61460.0,29.55,70790.0,34.04,3465029.6338846153,29861.75123076923,35.54970384615385,False,False,False,False,100.0,100.0,97470.0,840.0,5990506200.0,59463600.0,0.008618036318867345,0.6806882508981239
41-3021.00,Insurance Sales Agents,10178141.677676924,102544.53892692308,21.679606538461538,3.9499999999999997,74.94684210526316,469480.0,4730.0,41,Sales and Related Occupations,60370.0,29.02,52440.0,25.21,9857344.368553847,99312.51355384615,20.996303076923077,False,False,False,False,96.84817406475426,96.84817406475426,454682.80759920826,4580.918633262877,27449201094.764202,240223373.12830526,0.010074976569821929,0.795763434430849
41-3031.00,"Securities, Commodities, and Financial Services Sales Agents",45601353.559346154,306068.7926807692,96.55166961538461,4.191923076923077,81.99923076923076,472300.0,3170.0,41,Sales and Related Occupations,78140.0,37.57,63480.0,30.52,52616946.414630175,353156.2992470414,111.4057726331361,False,False,False,False,115.38461538461537,115.38461538461537,544961.5384615384,3657.6923076923076,42583294615.384605,232190307.69230768,0.006711835697649799,0.530128620060084
41-3041.00,Travel Agents,1348756.20425,10489.05923846154,22.80230269230769,4.445,96.6725,59150.0,460.0,41,Sales and Related Occupations,48450.0,23.29,41040.0,19.73,1348756.20425,10489.05923846154,22.80230269230769,False,False,False,False,100.0,100.0,59150.0,460.0,2865817500.0,18878400.0,0.007776838546069316,0.614246962019854
41-4011.00,"Sales Representatives, Wholesale and Manufacturing, Technical and Scientific Products",15070293.268099999,183039.9992076923,51.27170846153846,3.758787878787879,71.42272727272727,293930.0,3570.0,41,Sales and Related Occupations,100070.0,48.11,84340.0,40.55,4989742.905594342,170500.5137300248,47.759247543424316,False,False,False,False,33.109793000222275,93.14931953018686,97319.61456555333,1182.0196101079353,9738773829.574923,99691533.91650327,0.03417020013974367,2.6989041244859684
41-4011.07,Solar Sales Representatives and Assessors,7614757.57455,92486.93410384616,25.90670423076923,4.323846153846154,91.00923076923078,293930.0,3570.0,41,Sales and Related Occupations,100070.0,48.11,84340.0,40.55,1100724.049356923,92486.93410384617,25.906704230769233,False,False,False,False,14.455142380838973,100.00000000000003,42487.99999999999,516.0485829959514,4251774159.999999,43523537.48987854,0.08402372434569763,6.636542228721536
41-4012.00,"Sales Representatives, Wholesale and Manufacturing, Except Technical and Scientific Products",63420590.30246154,697353.1589230769,50.061246153846156,4.122222222222223,73.40388888888889,1266860.0,13930.0,41,Sales and Related Occupations,66780.0,32.11,61080.0,29.37,63420590.30246154,697353.1589230769,50.061246153846156,False,False,False,False,100.0,100.0,1266860.0,13930.0,84600910800.0,850844400.0,0.010995690131506244,0.8684852100990498
41-9011.00,Demonstrators and Product Promoters,4006248.654023077,37730.61106923077,61.85346076923077,4.055238095238095,71.55904761904762,64770.0,610.0,41,Sales and Related Occupations,37960.0,18.25,37300.0,17.93,3220450.2700730767,30330.00871923077,49.721325769230766,False,False,False,False,80.38568117431001,80.38568117431001,52065.80569660059,490.35265516329105,1976417984.2429583,18290154.037590757,0.00941794040450826,0.7438679931033342
41-9012.00,Models,84659.7663076923,632.9702153846154,15.824255384615384,3.6149999999999998,48.544,5350.0,40.0,41,Sales and Related Occupations,89990.0,43.26,89990.0,43.26,22920.342423076923,171.36704615384616,4.284176153846154,False,False,False,False,27.073477075018044,27.073477075018044,1448.4310235134656,10.829390830007217,130344307.80597676,974536.8807923495,0.007476635514018692,0.5905356814867836
41-9021.00,Real Estate Brokers,920140.2375230769,7421.982153846154,18.554955384615386,3.927058823529412,81.55588235294118,49590.0,400.0,41,Sales and Related Occupations,72280.0,34.75,81230.0,39.05,688593.8084538461,5554.295692307693,13.88573923076923,False,False,False,False,74.83574572365947,74.83574572365947,37111.04630436273,299.3429828946379,2682386426.8793383,24315630.500531435,0.008066142367412786,0.6370973776878993
41-9022.00,Real Estate Sales Agents,7431746.105153846,199245.6589576923,38.99132269230769,3.8621212121212123,82.49636363636364,190600.0,5110.0,41,Sales and Related Occupations,56320.0,27.08,55380.0,26.63,7220851.896846154,193591.56974230768,37.88484730769231,False,False,False,False,97.16225224430852,97.1622522443085,185191.25277765203,4964.991089684165,10429971356.437363,274961206.54670906,0.02681007345225603,2.1175707933271815
41-9031.00,Sales Engineers,1047134.2031307692,7757.9178923076925,18.471233076923077,3.8244,75.5672,56690.0,420.0,41,Sales and Related Occupations,121520.0,58.42,110400.0,53.08,1035244.1297461538,7669.8277384615385,18.261494615384613,False,False,False,False,98.8645129393094,98.8645129393094,56046.2923852945,415.2309543450995,6810745450.660988,45841497.35969899,0.007408714058916917,0.5851709632654801
41-9041.00,Telemarketers,5437613.98075,71213.67098076922,81.85479423076923,4.3275,76.20833333333333,66430.0,870.0,41,Sales and Related Occupations,34410.0,16.54,32090.0,15.43,5437613.98075,71213.67098076922,81.85479423076923,False,False,False,False,100.0,100.0,66430.0,870.0,2285856300.0,27918300.0,0.01309649254854734,1.0344152978624994
41-9091.00,"Door-to-Door Sales Workers, News and Street Vendors, and Related Workers",76230.61584230768,8968.307746153845,16.607977307692305,3.9958333333333336,87.84750000000001,4590.0,540.0,41,Sales and Related Occupations,34530.0,16.6,33230.0,15.98,74730.85099615385,8791.864823076923,16.281231153846154,False,True,True,False,98.03259513309419,98.03259513309418,4499.696116609023,529.3760137187087,155374506.90650958,17591164.93587269,0.11764705882352941,9.292252635159683
43-1011.00,First-Line Supervisors of Office and Administrative Support Workers,38738608.64703077,486181.7383923077,25.902063846153847,3.7764285714285717,75.82392857142858,1495580.0,18770.0,43,Office and Administrative Support Occupations,66140.0,31.8,63970.0,30.76,24203156.36183077,303757.2345923077,16.183123846153848,False,False,False,False,62.478125072480864,62.478125072480864,934410.3429590092,11727.144076104658,61801900083.30887,750185406.548415,0.012550314927987805,0.9912759241742679
43-2011.00,"Switchboard Operators, Including Answering Service",3402863.648203846,10476.210503846154,95.2382773076923,4.269473684210527,70.56368421052632,35730.0,110.0,43,Office and Administrative Support Occupations,38370.0,18.45,41290.0,19.85,3378377.123376923,10400.825176923077,94.55295615384615,False,False,False,False,99.28041416411592,99.28041416411592,35472.89198083862,109.20845558052751,1361094865.3047779,4509217.130919981,0.0030786453960257487,0.24316418174851115
43-2021.00,Telephone Operators,262013.29296153848,2918.6290861538464,66.33247923076924,4.097857142857143,60.71357142857143,3950.0,44.0,43,Office and Administrative Support Occupations,39130.0,18.81,39130.0,18.81,262013.29296153854,2918.6290861538464,66.33247923076924,False,False,False,False,100.00000000000003,100.0,3950.0000000000014,44.00000000000001,154563500.00000006,1721720.0000000002,0.011139240506329112,0.8798234140632204
43-3011.00,Bill and Account Collectors,9111713.600892307,174481.97175384616,55.21581384615385,4.1546666666666665,86.72866666666667,165020.0,3160.0,43,Office and Administrative Support Occupations,46040.0,22.14,44640.0,21.46,7464516.837953846,142939.48132307694,45.23401307692308,False,False,False,False,81.92220656741064,81.92220656741064,135188.02527754105,2588.7417275301764,6224056683.777989,115561430.71694708,0.019149194037086415,1.5124827643945526
43-3021.00,Billing and Posting Clerks,22336201.9875,232189.5009,53.499885,4.180434782608696,65.63956521739131,417500.0,4340.0,43,Office and Administrative Support Occupations,47170.0,22.68,44780.0,21.53,25886746.062753037,269098.1506882591,62.00418218623482,False,False,False,False,115.89591675988615,115.89591675988615,483865.45247252466,5029.882787379059,22823933393.128986,225238151.21883425,0.010395209580838323,0.8210567657749477
43-3031.00,"Bookkeeping, Accounting, and Auditing Clerks",88562468.39933461,850480.0265307692,60.83548115384615,4.2942857142857145,64.5425,1455770.0,13980.0,43,Office and Administrative Support Occupations,49210.0,23.66,48210.0,23.18,85241217.05044615,818585.5007076924,58.55404153846153,False,False,False,False,96.24982070970212,96.24982070970212,1401176.0149456304,13455.724935216356,68951871695.47447,648700499.1267805,0.009603165335183444,0.758497826329726
43-3041.00,Gambling Cage Workers,1318084.4585307692,14558.531083846154,97.70826230769231,4.635882352941176,80.79823529411765,13490.0,149.0,43,Office and Administrative Support Occupations,36990.0,17.78,36990.0,17.78,1162590.1487887574,12841.062429171598,86.18162704142011,False,True,True,False,88.20300863608264,88.20300863608264,11898.585865007548,131.42248286776314,440128691.1466292,4861317.641278558,0.011045218680504077,0.8723971803135462
43-3051.00,Payroll and Timekeeping Clerks,2923872.9813076924,28502.87136923077,18.629327692307694,4.3376190476190475,75.65190476190476,156950.0,1530.0,43,Office and Administrative Support Occupations,55290.0,26.58,54790.0,26.34,2593586.194,25283.1276,16.52492,False,False,False,False,88.70379153201202,88.70379153201202,139220.60080949287,1357.168010439784,7697507018.756861,74359235.29199576,0.009748327492832111,0.7699633355861845
43-3061.00,Procurement Clerks,2010692.7201153846,20140.494692307693,33.567491153846156,4.123684210526316,83.48526315789474,59900.0,600.0,43,Office and Administrative Support Occupations,48510.0,23.32,49000.0,23.56,1667903.8195,16706.883,27.844805,False,False,False,False,82.95170131238584,82.95170131238584,49688.06908611911,497.710207874315,2410368231.367638,24387800.185841437,0.010016694490818032,0.7911600741120933
43-3071.00,Tellers,37789590.99916923,474402.2445230769,111.36202923076924,4.275714285714286,76.36857142857143,339340.0,4260.0,43,Office and Administrative Support Occupations,39340.0,18.91,38000.0,18.27,35738937.97464616,448658.7958153846,105.31896615384616,False,False,False,False,94.57349770054894,94.57349770054891,320925.70709704276,4028.831002043385,12625217317.197662,153095578.07764864,0.01255378086874521,0.9915496785499265
43-4011.00,Brokerage Clerks,1266729.9131115384,10111.089353846155,31.59715423076923,3.9850000000000003,62.011,40090.0,320.0,43,Office and Administrative Support Occupations,62940.0,30.26,59140.0,28.43,1266729.9131115384,10111.089353846153,31.59715423076923,False,False,False,False,100.0,99.99999999999997,40090.0,320.0,2523264600.0,18924800.0,0.007982040409079572,0.6304546562143761
43-4021.00,Correspondence Clerks,172550.59425384615,2480.7593423076924,27.563992692307693,3.725882352941176,65.38882352941175,6260.0,90.0,43,Office and Administrative Support Occupations,46740.0,22.47,45900.0,22.07,151679.41476923076,2180.6944615384614,24.22993846153846,False,False,False,False,87.90431318137858,87.90431318137858,5502.810005154299,79.11388186324072,257201339.64091194,3631327.177522749,0.01437699680511182,1.1355548348078526
43-4031.00,"Court, Municipal, and License Clerks",13927584.067615384,108956.45438461538,81.92214615384616,4.368888888888889,81.09629629629629,170010.0,1330.0,43,Office and Administrative Support Occupations,47700.0,22.93,47330.0,22.760000000000005,15132973.341773078,118386.29812692308,89.01225423076923,False,False,False,False,108.65469034906408,108.65469034906405,184723.83906244385,1445.1073816425521,8811327123.278572,68396932.37314199,0.007823069231221693,0.6178984532702795
43-4041.00,"Credit Authorizers, Checkers, and Clerks",273809.2592,4120.875138461538,22.893750769230767,3.9545454545454546,61.89545454545455,11960.0,180.0,43,Office and Administrative Support Occupations,49130.0,23.62,49800.0,23.94,373376.26254545455,5619.375188811188,31.21875104895105,False,False,False,False,136.36363636363637,136.36363636363637,16309.09090909091,245.45454545454547,801265636.3636364,12223636.363636365,0.015050167224080266,1.1887246264042068
43-4051.00,Customer Service Representatives,142807148.95564616,2554982.943276923,52.388413846153846,4.053846153846154,67.59538461538462,2725930.0,48770.0,43,Office and Administrative Support Occupations,42830.0,20.59,40150.0,19.3,134584956.70125,2407878.53625,49.372125,False,False,False,False,94.24245052539361,94.24245052539362,2568983.231606862,45962.043121234456,110029551809.72191,1845376031.3175633,0.01789114173878273,1.4131165762298632
43-4061.00,"Eligibility Interviewers, Government Programs",6132944.1059,82029.01050384615,39.248330384615386,4.205294117647059,69.24352941176471,156260.0,2090.0,43,Office and Administrative Support Occupations,51500.0,24.76,49000.0,23.56,5430389.2895,72632.23867307692,34.75226730769231,False,False,False,False,88.54457493385387,88.54457493385388,138359.75279164006,1850.581616117546,7125527268.769463,90678499.18975975,0.013375143990784589,1.0564243444490704
43-4071.00,File Clerks,3278874.6576384613,24078.846561538463,41.51525269230769,3.9157894736842107,80.73947368421052,78980.0,580.0,43,Office and Administrative Support Occupations,41270.0,19.84,38670.0,18.59,3010689.470969231,22109.393430769233,38.11964384615385,False,False,False,False,91.82081614359772,91.82081614359771,72520.08059021347,532.5607336328668,2992903725.95811,20594123.569582958,0.0073436312990630545,0.5800304569680582
43-4081.00,"Hotel, Motel, and Resort Desk Clerks",24055810.4496,325737.55495384615,92.01625846153847,4.441,89.80449999999999,261430.0,3540.0,43,Office and Administrative Support Occupations,34270.0,16.48,34270.0,16.48,21558526.61815,291922.06031538465,82.46385884615385,False,False,False,False,89.61879153195802,89.61879153195804,234290.40670199785,3172.5052202313145,8029132237.677466,108721753.89732715,0.01354090961251578,1.0695172007495501
43-4111.00,"Interviewers, Except Eligibility and Loan",9244608.877726924,42312.11233846154,58.76682269230769,4.06125,76.28812500000001,157310.0,720.0,43,Office and Administrative Support Occupations,43830.0,21.07,41030.0,19.73,9030992.96993077,41334.40301538462,57.40889307692308,False,False,False,False,97.689292098546,97.689292098546,153675.02540022272,703.3629031095312,6735576363.291761,28858979.914584067,0.004576949971394063,0.36150649117778433
43-4121.00,"Library Assistants, Clerical",5747966.704696153,59583.01941923077,71.78677038461538,3.8578125,77.878125,80070.0,830.0,43,Office and Administrative Support Occupations,36010.0,17.31,33450.0,16.08,5058316.434415384,52434.153123076925,63.17367846153846,False,False,False,False,88.00183950757202,88.00183950757202,70463.07289371292,730.4152679128478,2537375254.902602,24432390.711684756,0.010365929811415013,0.8187441281510124
43-4131.00,Loan Interviewers and Clerks,5640092.733115384,86018.74532307693,32.582858076923074,4.349444444444444,79.50555555555555,173100.0,2640.0,43,Office and Administrative Support Occupations,48950.0,23.53,47120.0,22.66,5257453.052653846,80182.99283076923,30.37234576923077,False,False,False,False,93.21572004986908,93.21572004986906,161356.41140632337,2460.8950093165436,7898396338.339529,115957372.83899553,0.015251299826689775,1.204610913535432
43-4141.00,New Accounts Clerks,1391566.0566076923,5488.690730769231,36.59127153846154,4.082666666666666,77.24933333333334,38030.0,150.0,43,Office and Administrative Support Occupations,46610.0,22.41,38480.0,18.5,1285364.1221923078,5069.80326923077,33.79868846153846,False,False,False,False,92.36817153514943,92.36817153514943,35127.615634817324,138.55225730272414,1637298164.7388356,5331490.861008825,0.003944254535892716,0.31153358164156175
43-4151.00,Order Clerks,4634810.226884616,46670.34992307692,55.55994038461539,4.126315789473685,68.35157894736842,83420.0,840.0,43,Office and Administrative Support Occupations,44660.0,21.47,41960.0,20.17,3899434.917015385,39265.46787692308,46.74460461538462,False,False,False,False,84.13364789773651,84.13364789773651,70184.2890762918,706.7226423409867,3134430350.1471915,29654082.0726278,0.010069527691201152,0.795333059398707
43-4161.00,"Human Resources Assistants, Except Payroll and Timekeeping",2650453.128946154,16318.408765384616,28.62878730769231,3.7263157894736842,68.50631578947369,92580.0,570.0,43,Office and Administrative Support Occupations,49440.0,23.77,47120.0,22.65,2569783.8308076924,15821.741019230769,27.757440384615386,False,False,False,False,96.95639597405231,96.95639597405231,89762.23139277764,552.6514570520982,4437844720.058927,26040936.656294867,0.006156837329876863,0.4862925471737812
43-4171.00,Receptionists and Information Clerks,74812123.07148461,937740.2133,77.56329307692307,3.9883333333333337,69.14777777777778,964530.0,12090.0,43,Office and Administrative Support Occupations,37230.0,17.9,36090.0,17.35,71927123.32405384,901577.8886999999,74.57219923076923,False,False,False,False,96.14367347298233,96.14367347298233,927334.5737489564,11623.770122883565,34524666180.673645,419501863.7348679,0.012534602345183665,0.990034879218049
43-4181.00,Reservation and Transportation Ticket Agents and Travel Clerks,16674512.812615385,461872.4908076923,130.84206538461538,4.259047619047619,71.39571428571428,127440.0,3530.0,43,Office and Administrative Support Occupations,41460.0,19.94,37540.0,18.05,16309454.5116,451760.62795,127.97751500000001,False,False,False,False,97.81068085695918,97.81068085695918,124649.93168410879,3452.7170342506593,5167986167.62315,129614997.46576975,0.027699309478970494,2.1878063427335706
43-5011.00,Cargo and Freight Agents,3079296.4947692305,20780.52849230769,31.48564923076923,3.171666666666667,62.88625,97800.0,660.0,43,Office and Administrative Support Occupations,49900.0,23.99,55220.0,26.55,561383.8902307692,7585.897366153846,27.485135384615383,False,False,False,False,18.230913820230896,36.504833690644155,17829.833716185818,120.32403121352391,889708702.4376724,6644293.003610791,0.013512851897184822,1.0673010860261745
43-5011.01,Freight Forwarders,12434049.117461538,83910.76091538461,127.13751653846154,4.2945161290322575,77.40709677419355,97800.0,660.0,43,Office and Administrative Support Occupations,49900.0,23.99,55220.0,26.55,3158909.8282692307,42599.52147692307,110.93625384615385,False,False,False,False,25.40531888227039,50.767650075155814,24846.40186686044,167.67510462298458,1239835453.156336,9259019.277281208,0.013485513608428446,1.0651417945974084
43-5021.00,Couriers and Messengers,3492582.4700307692,50504.5296,48.562047692307694,4.294666666666667,79.57400000000001,71920.0,1040.0,43,Office and Administrative Support Occupations,38340.0,18.43,41600.0,20.0,2467493.2665230767,35681.2152,34.30886076923077,False,False,False,False,70.64953476964965,70.64953476964965,50811.14540633203,734.7551616043564,1948099314.8787699,30565814.722741228,0.01446051167964405,1.1421511859679032
43-5031.00,Public Safety Telecommunicators,11248012.799999999,93418.33846153846,111.21230769230769,4.562777777777778,88.74,101140.0,840.0,43,Office and Administrative Support Occupations,50730.0,24.39,51760.0,24.88,11104614.096199999,92227.36643076922,109.79448384615384,False,True,True,False,98.7251196602479,98.7251196602479,99850.58602437472,829.2910051460823,5065420229.016529,42924102.42636122,0.008305319359303936,0.6559885684698451
43-5032.00,"Dispatchers, Except Police, Fire, and Ambulance",13565174.905384615,135651.74905384614,64.28992846153847,4.355833333333334,79.05916666666667,211000.0,2110.0,43,Office and Administrative Support Occupations,48880.0,23.5,49660.0,23.87,13565174.905384615,135651.74905384614,64.28992846153847,False,False,False,False,100.0,100.0,211000.0,2110.0,10313680000.0,104782600.0,0.01,0.7898414739885731
43-5041.00,"Meter Readers, Utilities",451446.1938,4831.9929,23.00949,4.058333333333334,83.40583333333333,19620.0,210.0,43,Office and Administrative Support Occupations,49180.0,23.64,53650.0,25.790000000000003,420963.82227692305,4505.728984615384,21.455852307692307,False,False,False,False,93.24783951183754,93.24783951183754,18295.226112222525,195.82046297485883,899759220.1991037,10505767.838601176,0.010703363914373088,0.8453960730764543
43-5051.00,Postal Service Clerks,6591046.388653846,54038.81230769231,84.43564423076923,4.278421052631579,63.823684210526324,78060.0,640.0,43,Office and Administrative Support Occupations,61630.0,29.630000000000003,59550.0,28.630000000000003,5446999.719184616,44658.97796923077,69.77965307692308,False,False,False,False,82.64241211473417,82.64241211473417,64510.6668967615,528.9114375342987,3975792400.847411,31496676.105167486,0.008198821419420958,0.6475769194884534
43-5052.00,Postal Service Mail Carriers,11173709.337461539,80800.24309615385,33.25112884615385,4.247142857142857,87.46285714285715,336040.0,2430.0,43,Office and Administrative Support Occupations,57490.0,27.640000000000004,58390.0,28.07,9903821.802984616,71617.32823846154,29.47215153846154,False,False,False,False,88.63504055703835,88.63504055703835,297849.19028787164,2153.831485536032,17123349949.64974,125762220.4404489,0.007231281990239258,0.5711566425997597
43-5053.00,"Postal Service Mail Sorters, Processors, and Processing Machine Operators",6161782.61895,48444.28396923077,55.050322692307695,4.217142857142857,48.58571428571429,111930.0,880.0,43,Office and Administrative Support Occupations,56530.0,27.18,55410.0,26.640000000000004,4912163.98365,38619.711476923076,43.88603576923077,False,False,False,False,79.71985198801217,79.71985198801217,89230.43033018202,701.5346974945071,5044196226.565189,38872037.58817064,0.007862056642544447,0.6209778407128957
43-5061.00,"Production, Planning, and Expediting Clerks",8126480.936538462,105327.63603461538,21.107742692307692,3.7570588235294116,65.12235294117647,385000.0,4990.0,43,Office and Administrative Support Occupations,57770.0,27.78,53110.0,25.53,7098264.842307692,92000.88717692308,18.43705153846154,False,False,False,False,87.34733887570349,87.34733887570349,336287.25467145845,4358.632209897604,19427314702.370155,231486956.66766176,0.012961038961038961,1.0237166117410337
43-5071.00,"Shipping, Receiving, and Inventory Clerks",21930113.678,388673.12,25.5706,3.919090909090909,74.1509090909091,857630.0,15200.0,43,Office and Administrative Support Occupations,43190.0,20.77,38110.0,18.32,17318246.61649231,306935.7981538462,20.193144615384615,False,True,True,False,78.97016345093434,78.97016345093434,677271.8128042482,12003.46484454202,29251369595.01548,457452045.2254964,0.017723260613551298,1.3998566286890979
43-5111.00,"Weighers, Measurers, Checkers, and Samplers, Recordkeeping",3261974.5708,15745.6536,65.60688999999999,4.027222222222222,62.29555555555555,49720.0,240.0,43,Office and Administrative Support Occupations,45650.0,21.95,46530.0,22.37,2210648.880676923,10670.871507692307,44.461964615384616,False,False,False,False,67.77026714021136,67.77026714021136,33695.37682211309,162.64864113650728,1538193951.9294624,7568041.272081683,0.004827031375703943,0.3812589576775091
43-6011.00,Executive Secretaries and Executive Administrative Assistants,19341519.47235,284740.9428,40.911055,3.8595454545454544,74.64999999999999,472770.0,6960.0,43,Office and Administrative Support Occupations,74260.0,35.7,55900.0,26.88,16823391.892926924,247669.70741538462,35.58472807692308,False,False,False,False,86.9807148139374,86.9807148139374,411218.72542585176,6053.857751050044,30537102550.123753,338410648.2836974,0.014721746303699473,1.1627845800199819
43-6012.00,Legal Secretaries and Administrative Assistants,6852306.631361539,47000.42079230769,44.34001961538462,3.9692857142857143,74.58714285714287,154540.0,1060.0,43,Office and Administrative Support Occupations,54140.0,26.03,46050.0,22.140000000000004,6852306.631361539,47000.42079230769,44.34001961538462,False,True,True,False,100.0,100.0,154540.0,1060.0,8366795600.0,48813000.0,0.006859065614080497,0.5417574494809676
43-6013.00,Medical Secretaries and Administrative Assistants,70196644.32447693,435159.03301923076,84.49689961538462,4.354,75.61466666666666,830760.0,5150.0,43,Office and Administrative Support Occupations,44640.0,21.46,40470.0,19.46,68798758.66144615,426493.33996153844,82.81424076923076,False,True,True,False,98.00861469022766,98.00861469022766,814216.3674005354,5047.443656546724,36346618640.7599,204270044.78044593,0.006199142953440223,0.4896340207811102
43-6014.00,"Secretaries and Administrative Assistants, Except Legal, Medical, and Executive",106276655.47245385,911823.3954576923,61.155157307692306,3.7761290322580647,72.94709677419355,1737820.0,14910.0,43,Office and Administrative Support Occupations,46290.0,22.26,45150.0,21.71,99933453.3950846,857400.5306192307,57.50506576923077,False,False,False,False,94.03142482309921,94.03142482309921,1634096.9068607828,14020.085441124093,75642345818.58563,633006857.6667528,0.008579714815113187,0.6776614595970597
43-9021.00,Data Entry Keyers,6299847.295846154,113162.54382692308,46.56894807692308,4.275555555555555,75.48333333333333,135280.0,2430.0,43,Office and Administrative Support Occupations,39850.0,19.16,41600.0,20.0,6299847.295846154,113162.54382692308,46.56894807692308,False,False,False,False,100.0,100.0,135280.0,2430.0,5390908000.0,101088000.0,0.017962743938497932,1.4187720149262513
43-9022.00,Word Processors and Typists,1939683.0043153847,2153.408830769231,53.83522076923077,3.91421052631579,84.50421052631579,36030.0,40.0,43,Office and Administrative Support Occupations,47850.0,23.01,39520.0,19.0,1939683.0043153847,2153.408830769231,53.83522076923077,False,False,False,False,100.0,100.0,36030.0,40.0,1724035500.0,1580800.0,0.0011101859561476548,0.0876870912005077
43-9031.00,Desktop Publishers,272076.3538461538,2992.839892307692,68.01908846153846,4.098888888888889,74.3138888888889,4000.0,44.0,43,Office and Administrative Support Occupations,53620.0,25.78,53620.0,25.78,259797.15538461538,2857.768709230769,64.94928884615385,False,False,False,False,95.48685569769076,95.48685569769076,3819.4742279076304,42.01421650698393,204800208.10040715,2252802.2891044784,0.011,0.8688256213874302
43-9041.00,Insurance Claims and Policy Processing Clerks,19259989.83368077,163954.16325,84.07905807692308,4.281428571428571,74.64666666666666,229070.0,1950.0,43,Office and Administrative Support Occupations,48450.0,23.29,43480.0,20.91,22928559.32581044,195183.52767857144,100.09411675824175,False,False,False,False,119.04761904761905,119.04761904761905,272702.38095238095,2321.4285714285716,13212430357.142857,100935714.2857143,0.00851268171301349,0.6723669071802145
43-9051.00,"Mail Clerks and Mail Machine Operators, Except Postal Service",5204385.595419231,65542.23848846155,82.96485884615385,3.981923076923077,55.45730769230769,62730.0,790.0,43,Office and Administrative Support Occupations,38150.0,18.34,41170.0,19.79,3903264.062342308,49156.36233461538,62.22324346153846,False,False,False,False,74.99951705688107,74.99951705688106,47047.19704978149,592.4961847493605,1794850567.449164,24393067.926131174,0.012593655348318187,0.9946991303219713
43-9061.00,"Office Clerks, General",125023837.32138462,1840087.147846154,49.79938153846154,3.7920000000000003,71.62,2510550.0,36950.0,43,Office and Administrative Support Occupations,43630.0,20.97,41530.0,19.97,116478798.98590384,1714322.2092884616,46.39572961538462,False,False,False,False,93.16527270434436,93.16527270434437,2338960.7538789175,34424.56826425524,102048857691.73717,1429652320.0145202,0.014717890502081218,1.1624800328166247
43-9071.00,"Office Machine Operators, Except Computer",1608114.1303461539,11050.097096153846,65.00057115384615,3.993333333333333,81.65277777777777,24740.0,170.0,43,Office and Administrative Support Occupations,39020.0,18.76,38270.0,18.4,1192910.4178076924,8197.040057692308,48.2178826923077,False,False,False,False,74.18070616361744,74.18070616361744,18352.306704878956,126.10720047814966,716107007.6243769,4826122.562298788,0.0068714632174615995,0.5427366636138132
43-9081.00,Proofreaders and Copy Markers,232392.726,2567.12895,45.03735,4.180909090909091,80.63909090909091,5160.0,57.0,43,Office and Administrative Support Occupations,49210.0,23.66,49210.0,23.66,226180.50673846152,2498.5055976923077,43.83343153846154,False,False,False,False,97.32684436020666,97.32684436020668,5022.065168986664,55.476301285317795,247135826.96583372,2729988.786250489,0.011046511627906977,0.8724993026617958
43-9111.00,Statistical Assistants,112455.41826923077,953.0120192307693,19.060240384615383,4.1850000000000005,74.61142857142856,5900.0,50.0,43,Office and Administrative Support Occupations,51440.0,24.73,51430.0,24.73,112455.41826923077,953.0120192307692,19.060240384615383,False,False,False,False,100.0,99.99999999999999,5900.0,50.0,303496000.0,2571500.0,0.00847457627118644,0.6693571813462483
45-1011.00,"First-Line Supervisors of Farming, Fishing, and Forestry Workers",988615.6641423077,4352.18545,33.478349615384616,3.924074074074074,88.49851851851852,29530.0,130.0,45,"Farming, Fishing, and Forestry Occupations",59330.0,28.53,57190.0,27.5,685771.6600292308,3018.97446,23.222880461538463,False,False,False,False,69.36686165337922,69.36686165337922,20484.03424624288,90.17692014939298,1215317751.82959,5157218.063343785,0.0044023027429732475,0.34771212874539276
45-2011.00,Agricultural Inspectors,670705.7886,6102.368630769231,55.476078461538464,4.264375,48.215625,12090.0,110.0,45,"Farming, Fishing, and Forestry Occupations",50990.0,24.51,51330.0,24.68,607498.01775,5527.27725,50.247975000000004,False,False,False,False,90.57593181327137,90.57593181327137,10950.630156224508,99.6335249945985,558372631.6658877,5114188.837972742,0.009098428453267164,0.7186316140508109
45-2021.00,Animal Breeders,29110.52701923077,319.7109903846154,16.82689423076923,3.9780952380952384,60.857619047619046,1730.0,19.0,45,"Farming, Fishing, and Forestry Occupations",52000.0,25.0,52000.0,25.0,14543.6256,159.72768,8.40672,False,False,False,False,49.96002164575139,49.96002164575139,864.308374471499,9.492404112692764,44944035.472517945,493605.01386002376,0.010982658959537572,0.8674559540914963
45-2041.00,"Graders and Sorters, Agricultural Products",856949.0463653846,3508.1650576923075,31.892409615384615,4.434,79.6,26870.0,110.0,45,"Farming, Fishing, and Forestry Occupations",35430.0,17.03,42660.0,20.51,287130.1226653846,1175.4489576923077,10.685899615384615,False,False,False,False,33.50609045931052,33.50609045931052,9003.086506416737,36.85669950524157,318979354.922345,1572306.8008936055,0.004093784890212133,0.32334410918772993
45-2091.00,Agricultural Equipment Operators,1243667.4411,2411.7662076923075,40.19610346153846,4.152352941176471,64.75470588235294,30940.0,60.0,45,"Farming, Fishing, and Forestry Occupations",42580.0,20.47,42060.0,20.22,404517.40209999995,784.4552076923076,13.074253461538461,False,False,False,False,32.526171284359755,32.526171284359755,10063.597395380908,19.515702770615853,428507977.09531903,820830.4585321028,0.0019392372333548802,0.1531689994806541
45-2092.00,"Farmworkers and Laborers, Crop, Nursery, and Greenhouse",9849089.54535,29356.4517,37.63647653846154,3.6076923076923078,60.689230769230775,261690.0,780.0,45,"Farming, Fishing, and Forestry Occupations",35690.0,17.16,33200.0,15.96,2530609.5342,7542.8004,9.670256923076924,False,False,False,False,25.693842284079583,25.693842284079583,67238.21587320785,200.41196981582073,2399731924.514788,6653677.397885248,0.0029806259314456036,0.2354221979101559
45-2093.00,"Farmworkers, Farm, Ranch, and Aquacultural Animals",458327.0076,2329.1603999999998,12.939779999999999,4.072631578947369,69.9042105263158,35420.0,180.0,45,"Farming, Fishing, and Forestry Occupations",36150.0,17.38,42120.0,20.25,62126.20319230769,315.7175769230769,1.7539865384615383,False,False,False,False,13.554995049850449,13.554995049850449,4801.17924665703,24.398991089730806,173562629.76665163,1027685.5046994615,0.005081874647092038,0.4013875361884335
45-4011.00,Forest and Conservation Workers,62362.700146153846,686.7650815384616,11.076856153846153,3.3182352941176467,54.188235294117646,5630.0,62.0,45,"Farming, Fishing, and Forestry Occupations",43680.0,21.0,43680.0,21.0,23156.29610384615,255.00716846153847,4.113018846153846,False,False,False,False,37.13164447590759,37.1316444759076,2090.5115839935975,23.021619575062704,91313545.98884034,1005584.3430387389,0.011012433392539966,0.8698076622964749
45-4021.00,Fallers,399324.0179769231,4372.160780769231,97.15912846153847,4.198333333333334,82.89055555555555,4110.0,45.0,45,"Farming, Fishing, and Forestry Occupations",53900.0,25.92,53900.0,25.92,94631.2704,1036.1088,23.024639999999998,False,False,False,False,23.697865928382182,23.697865928382182,973.9822896565076,10.66403966777198,52497645.41248576,574791.7380929098,0.010948905109489052,0.864789935023985
45-4022.00,Logging Equipment Operators,1034312.3838153846,11390.296233846153,45.928613846153844,3.968888888888889,78.44666666666666,22520.0,248.0,45,"Farming, Fishing, and Forestry Occupations",49210.0,23.66,49210.0,23.66,267003.69410769234,2940.3603969230767,11.856291923076922,False,False,False,False,25.814608650702386,25.814608650702382,5813.449868138177,64.02022945374192,286079868.0110797,3150435.4914186397,0.011012433392539963,0.8698076622964745
45-4023.00,Log Graders and Scalers,195706.00843846155,2128.524563076923,59.12568230769231,4.275833333333334,64.65083333333334,3310.0,36.0,45,"Farming, Fishing, and Forestry Occupations",46710.0,22.46,46710.0,22.46,152364.5679923077,1657.1372953846153,46.03159153846154,False,False,False,False,77.85380183675747,77.85380183675747,2576.960840796672,28.02736866123269,120369840.87361255,1309158.3901661788,0.010876132930513593,0.8590420865132514
47-1011.00,First-Line Supervisors of Construction Trades and Extraction Workers,21333744.593107693,350675.01471153845,26.466038846153847,4.024666666666667,95.12466666666666,806080.0,13250.0,47,Construction and Extraction Occupations,78690.0,37.83,76080.0,36.58,4219962.72033,138733.55137923078,13.78924076923077,False,False,False,False,19.780693923247522,39.56185800501114,159448.21757651362,2620.9419448302965,12546980241.095858,199401263.16268897,0.03287553956599452,2.596646462897476
47-1011.03,Solar Energy Installation Managers,11264566.200123077,185162.14538461537,13.974501538461539,3.8666666666666667,85.71933333333332,806080.0,13250.0,47,Construction and Extraction Occupations,78690.0,37.83,76080.0,36.58,482947.2974288462,15876.369040384616,4.9784788461538465,False,False,False,False,4.2873137664508505,8.57430605343577,34559.178808607016,568.0690740547377,2719461780.449286,43218695.154084444,0.03287391631531745,2.5965182518267333
47-2011.00,Boilermakers,215728.63335000002,2375.77256,21.212255,3.8823529411764706,82.10764705882353,10170.0,112.0,47,Construction and Extraction Occupations,73340.0,35.26,73340.0,35.26,90881.30557211538,1000.8560692307692,8.936214903846153,False,False,False,False,42.12760455616884,42.12760455616885,4284.377383362371,47.1829171029091,314216237.2957963,3460395.1403273535,0.011012782694198624,0.869835251590169
47-2021.00,Brickmasons and Blockmasons,2446317.0056307693,82732.3202576923,45.70846423076923,3.9378571428571427,89.02785714285713,53520.0,1810.0,47,Construction and Extraction Occupations,60800.0,29.23,56340.0,27.09,685141.3026461538,23170.884861538463,12.801593846153846,False,False,False,False,28.00705309529146,28.007053095291468,14989.37481659999,506.92766102477543,911353988.8492794,28560304.42213585,0.033819133034379674,2.6711753884890084
47-2022.00,Stonemasons,320578.1822115385,12090.377157692308,36.63750653846154,3.9741176470588235,80.62941176470588,8750.0,330.0,47,Construction and Extraction Occupations,51990.0,25.0,50630.0,24.34,2250.708653846153,84.8838692307692,0.2572238461538461,False,False,False,False,0.7020779263016059,0.702077926301606,61.43181855139051,2.3168571567952996,3193840.246486793,117302.47784854601,0.037714285714285714,2.978830701899761
47-2031.00,Carpenters,36436207.4186077,733173.3197999999,52.220321923076924,3.8075862068965516,70.00586206896551,697740.0,14040.0,47,Construction and Extraction Occupations,59310.0,28.51,51720.0,24.86,14046370.324153846,282642.588,20.131238461538462,False,False,False,False,38.55058283859826,38.55058283859827,268982.8366980355,5412.501830539196,15953372044.560484,279934594.6754872,0.02012210852179895,1.589327585461571
47-2041.00,Carpet Installers,457156.4365846154,10681.225153846153,30.517786153846156,4.1606250000000005,94.120625,14980.0,350.0,47,Construction and Extraction Occupations,49850.0,23.97,43270.0,20.81,158221.82513846154,3696.771615384616,10.562204615384616,False,False,False,False,34.609996158104224,34.60999615810423,5184.577424484013,121.13498655336478,258451184.61052805,5241510.868164094,0.023364485981308414,1.845424004646199
47-2042.00,"Floor Layers, Except Carpet, Wood, and Hard Tiles",492227.1082884615,5150.0623,19.80793192307692,3.919285714285714,88.86642857142859,24850.0,260.0,47,Construction and Extraction Occupations,54340.0,26.13,43930.0,21.12,76634.4371153846,801.8089999999999,3.0838807692307686,False,False,False,False,15.568918457549529,15.568918457549533,3868.876236701058,40.47918798962878,210234734.7023355,1778250.728384392,0.010462776659959759,0.8263934939115855
47-2043.00,Floor Sanders and Finishers,54870.24316153847,609.6693684615385,13.253681923076925,4.3757142857142854,98.85142857142857,4140.0,46.0,47,Construction and Extraction Occupations,49150.0,23.63,49150.0,23.63,14300.77970769231,158.89755230769234,3.454294615384616,False,False,False,False,26.06290565469282,26.06290565469282,1079.0042941042827,11.988936601158699,53033061.0552255,589256.2339469501,0.011111111111111112,0.8776016377650812
47-2044.00,Tile and Stone Setters,2043779.9709,102874.83075,52.756323461538464,4.0856,82.2688,38740.0,1950.0,47,Construction and Extraction Occupations,52240.0,25.11,48790.0,23.46,288995.8853,14546.77275,7.459883461538462,False,True,True,False,14.140264089814798,14.140264089814798,5477.938308394252,275.7351497513886,286167497.2305157,13453117.95637025,0.050335570469798654,3.975712117392146
47-2051.00,Cement Masons and Concrete Finishers,7562715.1595653845,210044.7128076923,36.84994961538462,3.506153846153846,76.86999999999999,205230.0,5700.0,47,Construction and Extraction Occupations,54660.0,26.28,55540.0,26.7,916853.8952192308,25464.440884615382,4.467445769230769,False,False,False,False,12.123342951236058,12.123342951236056,24880.73673882176,691.0305482204552,1359981070.1439974,38379836.648164086,0.02777371729279345,2.19368338046819
47-2053.00,Terrazzo Workers and Finishers,46764.425153846154,516.021243076923,32.25132769230769,3.7911538461538465,79.07538461538462,1450.0,16.0,47,Construction and Extraction Occupations,57260.0,27.53,57260.0,27.53,8840.67676923077,97.55229538461538,6.097018461538461,False,False,False,False,18.90470531851211,18.90470531851211,274.1182271184256,3.0247528509619377,15696009.68480105,173197.34824608054,0.011034482758620689,0.871549212677046
47-2061.00,Construction Laborers,49743555.551053844,1045514.8534499999,47.03170730769231,3.6237037037037036,55.64888888888889,1057660.0,22230.0,47,Construction and Extraction Occupations,46730.0,22.47,46100.0,22.16,11912541.329392307,250378.94384999998,11.263110384615384,False,False,False,False,23.94790882442245,23.947908824422452,253287.45247238647,5323.620131669111,11836122654.03462,245418888.06994602,0.02101809655276743,1.660096436167197
47-2071.00,"Paving, Surfacing, and Tamping Equipment Operators",2486537.126,29394.2655,54.433825,3.6915,74.20750000000001,45680.0,540.0,47,Construction and Extraction Occupations,51650.0,24.83,47890.0,23.02,408923.934,4834.0395,8.951925,False,False,False,False,16.445518939740133,16.445518939740133,7512.313051673293,88.80580227459672,388010969.1189256,4252909.870930437,0.011821366024518389,0.9337005165364042
47-2072.00,Pile Driver Operators,63741.94363076922,691.9355723076923,20.967744615384614,4.516,97.92999999999999,3040.0,33.0,47,Construction and Extraction Occupations,70510.0,33.9,70510.0,33.9,21247.50356923077,230.64724269230769,6.989310384615385,False,True,True,False,33.333629881618904,33.333629881618904,1013.3423484012147,11.000097860934238,71450768.98576964,775616.9001744731,0.010855263157894738,0.8573937053165431
47-2073.00,Operating Engineers and Other Construction Equipment Operators,26309389.178419232,354327.65701538464,56.06450269230769,4.098076923076923,75.92769230769231,469270.0,6320.0,47,Construction and Extraction Occupations,58710.0,28.23,59760.0,28.73,5099273.903603846,68675.62612307693,10.866396538461538,False,False,False,False,19.38195474255488,19.38195474255488,90953.69902038727,1224.9395397294684,5339891669.486937,73202386.89423303,0.013467726468770645,1.0637368925368726
47-2081.00,Drywall and Ceiling Tile Installers,3987861.870269231,88031.20895769232,48.10448576923077,3.566153846153846,81.29307692307692,82900.0,1830.0,47,Construction and Extraction Occupations,58140.0,27.95,50860.0,24.45,1215098.1092692309,26823.03425769231,14.65739576923077,False,False,False,False,30.46991467603657,30.46991467603657,25259.559266434317,557.5994385714692,1468590775.7504911,28359507.445744924,0.02207478890229192,1.7435583804572843
47-2082.00,Tapers,538785.7211538461,17241.143076923076,43.102857692307694,4.016875,94.646875,12500.0,400.0,47,Construction and Extraction Occupations,64700.0,31.11,54580.0,26.24,0.0,0.0,0.0,False,False,False,False,0.0,0.0,0.0,0.0,0.0,0.0,,
47-2111.00,Electricians,37731727.338130765,577220.531876923,50.81166653846154,4.097619047619047,92.97857142857143,742580.0,11360.0,47,Construction and Extraction Occupations,62350.0,29.98,61430.0,29.53,19016396.48778461,290913.11926153844,25.608549230769228,False,False,False,False,50.398955545740684,50.3989555457407,374252.56409156113,5725.321349996142,23334647371.108837,351706490.530263,0.015298015028683781,1.208300673935494
47-2121.00,Glaziers,1609170.135,20890.9807,28.231055,3.8777777777777778,81.92629629629629,57000.0,740.0,47,Construction and Extraction Occupations,55440.0,26.65,50640.0,24.35,520273.0465384616,6754.4220076923075,9.127597307692309,False,False,False,False,32.33176127386068,32.33176127386068,18429.103926100586,239.255033426569,1021709521.6630166,12115874.892721456,0.012982456140350875,1.0254082293886735
47-2131.00,"Insulation Workers, Floor, Ceiling, and Wall",982334.4943499999,8904.871096153845,25.442488846153847,3.754,84.46900000000001,38610.0,350.0,47,Construction and Extraction Occupations,48680.0,23.41,48330.0,23.23,286791.4566,2599.7671538461536,7.427906153846154,False,False,False,False,29.19488812105359,29.19488812105359,11272.146303538791,102.18210842368757,548728082.0562683,4938461.30011682,0.009065009065009065,0.7159920121626536
47-2132.00,"Insulation Workers, Mechanical",925927.0146923077,12639.409326923078,36.11259807692308,4.32,95.58777777777777,25640.0,350.0,47,Construction and Extraction Occupations,57250.0,27.52,45800.0,22.02,270614.6286307692,3694.0374423076923,10.554392692307692,False,False,False,False,29.226345525807606,29.226345525807606,7493.63499281707,102.29220934032662,429010603.33877724,4684983.187786959,0.013650546021840876,1.078176739063965
47-2141.00,"Painters, Construction and Maintenance",5070780.792084616,75774.44755769231,22.619238076923075,3.7915789473684205,83.41947368421053,224180.0,3350.0,47,Construction and Extraction Occupations,48660.0,23.4,45900.0,22.07,773250.8818692308,11554.957865384615,3.449241153846154,False,False,False,False,15.24914827862919,15.249148278629187,34185.54061103092,510.8464673340779,1663468406.1327646,23447852.850634176,0.014943349094477651,1.1802876875108035
47-2142.00,Paperhangers,80791.51236923077,903.5892830769232,53.15231076923077,4.074,77.949,1520.0,17.0,47,Construction and Extraction Occupations,48260.0,23.2,48260.0,23.2,19486.20824615385,217.9378553846154,12.819873846153847,False,False,False,False,24.119127956286555,24.11912795628655,366.61074493555566,4.100251752568714,17692634.550589915,197878.14957896614,0.01118421052631579,0.8833753327503777
47-2151.00,Pipelayers,1206918.9409153846,25518.536273076923,35.941600384615384,4.226428571428571,95.25071428571428,33580.0,710.0,47,Construction and Extraction Occupations,48710.0,23.42,51180.0,24.61,111633.13243846153,2360.3193576923077,3.3243934615384614,False,False,False,False,9.249430815444297,9.249430815444297,3105.9588678261953,65.67095878965452,151291256.45181397,3361039.670854518,0.021143537820131033,1.6700043077185436
47-2152.00,"Plumbers, Pipefitters, and Steamfitters",21044260.370907694,312474.5420692308,46.155766923076925,3.7613333333333334,83.83933333333333,455940.0,6770.0,47,Construction and Extraction Occupations,62970.0,30.27,61680.0,29.65,2867776.760526923,85164.05083461538,12.579623461538462,False,False,False,False,13.627358291439103,27.254716582878203,62132.57739398745,922.5721563304272,3912488398.4993896,56904250.60246075,0.02969688994165899,2.3455835324396364
47-2152.04,Solar Thermal Installers and Technicians,8654437.034584615,128504.93206153846,18.981526153846154,4.198095238095238,84.58809523809524,455940.0,6770.0,47,Construction and Extraction Occupations,62970.0,30.27,61680.0,29.65,1394329.3160884615,41407.244242307694,6.116284230769231,True,False,True,False,16.111149812708582,32.222299625417165,73457.1764560635,1090.7248423203712,4625598401.438319,67275908.2743205,0.02969688994165899,2.3455835324396364
47-2161.00,Plasterers and Stucco Masons,317491.2335076923,18246.622615384615,15.205518846153847,3.948,80.27066666666666,20880.0,1200.0,47,Construction and Extraction Occupations,56020.0,26.93,53170.0,25.56,11112.56086153846,638.652923076923,0.5322107692307692,False,False,False,False,3.500115810684021,3.50011581068402,730.8241812708236,42.00138972820825,40940770.63479154,2233213.891848833,0.05747126436781609,4.539318816026282
47-2171.00,Reinforcing Iron and Rebar Workers,371916.15353846154,7364.676307692307,26.302415384615387,4.022857142857143,97.61571428571428,14140.0,280.0,47,Construction and Extraction Occupations,59280.0,28.5,49990.0,24.04,81461.247,1613.094,5.76105,False,False,False,False,21.90312150331909,21.90312150331909,3097.101380569319,61.32874020929344,183596169.84014925,3065823.723062579,0.019801980198019802,1.5640425227496495
47-2181.00,Roofers,3311164.411823077,71192.2142076923,24.215038846153845,3.8714814814814815,81.03407407407407,136740.0,2940.0,47,Construction and Extraction Occupations,50970.0,24.510000000000005,49800.0,23.94,133696.95648461537,2874.5725615384613,0.9777457692307692,False,False,False,False,4.03776254683179,4.037762546831791,5521.236506537791,118.71021887685464,281417424.7382312,5911768.900067361,0.02150065818341378,1.6982111551312014
47-2211.00,Sheet Metal Workers,3517478.9841730767,55994.60032692308,29.943636538461536,3.82,80.26263157894736,117470.0,1870.0,47,Construction and Extraction Occupations,60850.0,29.26,60490.0,29.08,1344031.5592153848,21395.581984615386,11.441487692307692,False,False,False,False,38.21008072152996,38.21008072152996,44885.38182358124,714.5285094926103,2731275483.9649186,43221829.539207995,0.015918958031837915,1.2573453276229092
47-2221.00,Structural Iron and Steel Workers,3669836.630092308,68043.94246153846,56.703285384615384,3.9457894736842105,81.87052631578948,64720.0,1200.0,47,Construction and Extraction Occupations,62700.0,30.14,47840.0,23.0,1124245.4196615384,20845.094307692307,17.370911923076925,False,False,False,False,30.634753886394666,30.634753886394666,19826.812715274627,367.61704663673595,1243141157.247719,17586799.511101447,0.018541409147095178,1.4644773930566866
47-2231.00,Solar Photovoltaic Installers,1161272.5495538462,22174.228315384615,41.06338576923077,4.242692307692308,93.41269230769231,28280.0,540.0,47,Construction and Extraction Occupations,51860.0,24.93,47960.0,23.06,513094.65587692306,9797.422707692307,18.143375384615386,False,False,False,False,44.1838271363644,44.18382713636441,12495.186314163853,238.59266653636777,648000362.2525374,11442904.287084198,0.019094766619519095,1.5081838612228764
47-3011.00,"Helpers--Brickmasons, Blockmasons, Stonemasons, and Tile and Marble Setters",857437.0213153847,20806.262330769234,54.753321923076925,3.9833333333333334,88.44533333333334,15660.0,380.0,47,Construction and Extraction Occupations,46480.0,22.35,48090.0,23.12,213643.8447923077,5184.205684615385,13.64264653846154,False,False,False,False,24.916564071908052,24.916564071908045,3901.933933660801,94.6829434732506,181361889.23655403,4553302.7516286215,0.024265644955300127,1.9166012778777632
47-3012.00,Helpers--Carpenters,839415.277376923,21147.39829230769,34.10870692307692,3.6566666666666663,86.01666666666667,24610.0,620.0,47,Construction and Extraction Occupations,41600.0,20.0,43090.0,20.72,62549.46697307691,1575.8094076923073,2.5416280769230766,False,False,False,False,7.451552129064991,7.451552129064991,1833.8269789628944,46.19962320020294,76287202.3248564,1990741.7636967448,0.02519301097114994,1.989848491966336
47-3013.00,Helpers--Electricians,3448048.1341846157,16587.44446923077,53.507885384615385,3.6608,81.1696,64440.0,310.0,47,Construction and Extraction Occupations,39890.0,19.18,42120.0,20.25,1475653.0990153847,7098.889830769231,22.899644615384616,False,False,False,False,42.79676621638412,42.79676621638412,27578.23614983793,132.6699752707908,1100095840.017035,5588059.358405708,0.004810676598386096,0.37996718953516084
47-3014.00,"Helpers--Painters, Paperhangers, Plasterers, and Stucco Masons",143089.16734615384,2972.7666346153846,19.81844423076923,3.53,66.43454545454546,7220.0,150.0,47,Construction and Extraction Occupations,38140.0,18.34,40620.0,19.53,14506.146307692308,301.3742307692308,2.0091615384615387,False,False,False,False,10.137836830512681,10.137836830512681,731.9518191630156,15.20675524576902,27916642.382877413,617698.3980831376,0.02077562326869806,1.640944890557977
47-3015.00,"Helpers--Pipelayers, Plumbers, Pipefitters, and Steamfitters",1232517.5040307692,6778.281415384616,28.24283923076923,3.7386666666666666,80.97733333333333,43640.0,240.0,47,Construction and Extraction Occupations,39270.0,18.88,44810.0,21.55,202076.37955384617,1111.327476923077,4.630531153846154,False,False,False,False,16.395416608119948,16.395416608119945,7154.959807783545,39.348999859487876,280975271.65165985,1763228.6837036517,0.005499541704857928,0.4343766126426616
47-3016.00,Helpers--Roofers,197015.98378846154,2172.129801923077,38.10754038461538,3.9838888888888895,88.50944444444445,5170.0,57.0,47,Construction and Extraction Occupations,40590.0,19.51,40590.0,19.51,32649.31754615385,359.96346230769234,6.315148461538462,False,False,False,False,16.571913059201236,16.571913059201236,856.767905160704,9.445990443744705,34776209.27047297,383412.75211159757,0.011025145067698259,0.8708116831208638
47-4011.00,Construction and Building Inspectors,3201034.0983653846,29395.109423076923,23.329451923076924,3.5678947368421055,71.14894736842105,137210.0,1260.0,47,Construction and Extraction Occupations,72120.0,34.67,71040.0,34.15,1144586.8744653845,21021.492046153846,16.683723846153846,False,False,False,False,35.75678481681499,71.51356963363,49061.88444715185,450.53548869186886,3538343106.328592,32006041.116670363,0.01836600830843233,1.4506235073618572
47-4011.01,Energy Auditors,2540406.314392308,23328.56173846154,18.51473153846154,3.965238095238095,91.86571428571429,137210.0,1260.0,47,Construction and Extraction Occupations,72120.0,34.67,71040.0,34.15,1113155.678421154,20444.226438461537,16.22557653846154,True,False,True,False,43.81801730356006,87.63603460712012,60122.70154221476,552.1070180248568,4336049235.224528,39221682.560485825,0.018366008308432328,1.4506235073618567
47-4021.00,Elevator and Escalator Installers and Repairers,684034.0786384615,6740.695719230769,29.30737269230769,4.3185,82.471,23340.0,230.0,47,Construction and Extraction Occupations,106580.0,51.24,78680.0,37.83,305183.2382538461,3007.375526923077,13.075545769230768,False,True,True,False,44.61520964880864,44.61520964880864,10413.189932031937,102.61498219225987,1109837782.9559639,8073746.798887007,0.00985432733504713,0.7783356427479512
47-4031.00,Fence Erectors,862436.2827076924,9485.27537076923,38.09347538461539,4.0375,92.57000000000001,22640.0,249.0,47,Construction and Extraction Occupations,46940.0,22.57,57430.0,27.610000000000003,156368.83741538462,1719.7809415384613,6.906750769230769,False,False,False,False,18.131059714284202,18.131059714284202,4104.871919313943,45.14633868856767,192682687.89259648,2592754.230884441,0.0109982332155477,0.8686860734238279
47-4041.00,Hazardous Materials Removal Workers,1441134.0961,6269.517523076923,28.497806923076922,4.027142857142858,63.49428571428571,50570.0,220.0,47,Construction and Extraction Occupations,48490.0,23.31,45740.0,21.99,342222.1665,1488.8051538461536,6.767296153846154,False,False,False,False,23.746726097600654,23.746726097600654,12008.71938755665,52.24279741472144,582302803.1026219,2389585.5537493587,0.004350405378683013,0.3436130596746807
47-4051.00,Highway Maintenance Workers,2088216.6333653845,16513.080461538462,13.760900384615384,3.896315789473684,67.97105263157896,151750.0,1200.0,47,Construction and Extraction Occupations,49070.0,23.59,52470.0,25.23,67534.58653846153,534.0461538461537,0.4450384615384615,False,False,False,False,3.2340795231394317,3.2340795231394317,4907.715676364088,38.80895427767318,240821608.23918578,2036305.8309495118,0.007907742998352552,0.6245863385741598
47-4061.00,Rail-Track Laying and Maintenance Equipment Operators,405040.1156923077,2703.5444615384613,24.577676923076922,3.821923076923077,70.86884615384615,16480.0,110.0,47,Construction and Extraction Occupations,67370.0,32.39,61520.0,29.58,15411.487507692309,102.86793846153847,0.935163076923077,False,False,False,False,3.8049286751141906,3.8049286751141915,627.0522456588186,4.18542154262561,42244509.79003461,257487.13330232754,0.0066747572815533986,0.5272000129778097
47-4071.00,Septic Tank Servicers and Sewer Pipe Cleaners,1180427.4764423077,11377.614230769232,40.63433653846154,3.630909090909091,63.61181818181819,29050.0,280.0,47,Construction and Extraction Occupations,49140.0,23.62,48720.0,23.42,367390.3221153846,3541.111538461538,12.646826923076924,False,False,False,False,31.123498007913447,31.12349800791344,9041.376171298856,87.14579442215765,444293225.0576258,4245743.104247521,0.009638554216867469,0.7612929869769378
47-4091.00,Segmental Pavers,310780.35569807695,3429.4283211538464,18.537450384615386,3.97,85.365,16765.0,185.0,47,Construction and Extraction Occupations,48120.0,23.14,48120.0,23.14,29264.364984615382,322.9291692307692,1.745563076923077,False,False,False,False,9.416414019760538,9.416414019760538,1578.6618104128543,17.420365936556994,75965206.31706655,838268.0088671226,0.01103489412466448,0.8715817040732837
47-4099.03,Weatherization Installers and Technicians,325117.2549557692,3587.6344865384613,19.392618846153844,4.022,94.09,16765.0,185.0,47,Construction and Extraction Occupations,48120.0,23.14,48120.0,23.14,163256.19655961538,1801.514844230769,9.737918076923076,False,False,False,False,50.21455923089215,50.21455923089215,8418.470855059068,92.89693457715047,405096817.54544234,4470200.491852481,0.01103489412466448,0.8715817040732837
47-5011.00,"Derrick Operators, Oil and Gas",367819.97723076923,4064.677284615385,33.317026923076924,4.221333333333333,90.29133333333333,11040.0,122.0,47,Construction and Extraction Occupations,62740.0,30.16,62740.0,30.16,160524.9035076923,1773.916506153846,14.54029923076923,False,False,False,False,43.64224714390089,43.64224714390089,4818.104084686658,53.24354151555908,302287850.2732409,3340499.794686177,0.01105072463768116,0.8728320636467927
47-5012.00,"Rotary Drill Operators, Oil and Gas",831995.9040884615,12711.931307692308,63.55965653846154,4.1705,79.6965,13090.0,200.0,47,Construction and Extraction Occupations,65010.0,31.26,68660.0,33.01,335744.93674615386,5129.792769230769,25.648963846153848,False,False,False,False,40.35415740585857,40.354157405858565,5282.359204426887,80.70831481171714,343406171.8797919,5541432.894972499,0.015278838808250572,1.2067860565142443
47-5013.00,"Service Unit Operators, Oil and Gas",661144.4955846153,19480.6855,14.98514269230769,4.003684210526315,71.01947368421052,44120.0,1300.0,47,Construction and Extraction Occupations,57980.0,27.880000000000003,55570.0,26.72,339685.2931846153,10008.859499999997,7.699122692307691,False,True,True,False,51.37837423636863,51.378374236368614,22668.13871308584,667.9188650727921,1314298682.5847168,37116251.33209506,0.029465095194922932,2.3272754219971548
47-5022.00,"Excavating and Loading Machine and Dragline Operators, Surface Mining",1610321.7649115385,30596.58425,47.071668076923075,4.019375,75.551875,34210.0,650.0,47,Construction and Extraction Occupations,52550.0,25.26,52240.0,25.12,125036.05002307694,2375.7215,3.6549561538461544,True,True,True,True,7.764662488427937,7.764662488427937,2656.291037291197,50.47030617478159,139588094.0096524,2636568.7945705904,0.019000292312189415,1.500721888607344
47-5023.00,"Earth Drillers, Except Oil and Gas",1223958.998523077,35151.03384615385,70.30206769230769,3.988571428571429,66.76142857142857,17410.0,500.0,47,Construction and Extraction Occupations,59600.0,28.65,57850.0,27.81,247748.93609001068,6546.3922010950855,22.91452094017094,True,False,True,False,20.241604203160694,18.62361212403253,3524.063291770277,101.20802101580348,210034172.1895085,5854884.015764232,0.02642349268743858,2.0870370412172767
47-5032.00,"Explosives Workers, Ordnance Handling Experts, and Blasters",251987.79307692306,2794.9350288461537,44.364048076923076,4.2704545454545455,81.08727272727273,5680.0,63.0,47,Construction and Extraction Occupations,59110.0,28.42,59110.0,28.42,247748.93609001068,6546.3922010950855,22.91452094017094,True,True,True,True,98.31783240959676,234.22341247759394,5584.452880865096,61.940234418045954,330097009.7879358,3661287.2564506964,0.02642349268743858,2.0870370412172767
47-5041.00,Continuous Mining Machine Operators,1353177.1126153846,132109.34153846154,94.36381538461538,4.36,74.68533333333333,14340.0,1400.0,47,Construction and Extraction Occupations,63380.0,30.469999999999995,67870.0,32.63,567100.8417461538,55365.493615384614,39.546781153846155,False,False,False,False,41.9088407909942,41.9088407909942,6009.7277694285685,586.7237710739188,380896546.0263827,39820942.34278687,0.09762900976290098,7.711144097517449
47-5043.00,"Roof Bolters, Mining",240507.62536153846,2696.2738269230767,107.85095307692308,4.787857142857143,97.00285714285714,2230.0,25.0,47,Construction and Extraction Occupations,76640.0,36.85,76640.0,36.85,90222.11278076922,1011.4586634615384,40.458346538461534,True,False,True,False,37.51320260434345,37.51320260434345,836.5444180768588,9.378300651085862,64112764.201410465,718752.9618992205,0.011210762331838566,0.8854725044714945
47-5044.00,"Loading and Moving Machine Operators, Underground Mining",864376.6587307692,9588.517584615385,141.00761153846153,4.0312,68.3156,6130.0,68.0,47,Construction and Extraction Occupations,68860.0,33.11,68860.0,33.11,336271.76433076925,3730.2577446153846,54.85673153846154,True,True,True,True,38.9033832570795,38.9033832570795,2384.7773936589733,26.454300614814056,164215771.3273569,1821643.1403360958,0.011092985318107667,0.8761699874587758
47-5051.00,"Rock Splitters, Quarry",66773.93089230769,737.1148215384616,21.679847692307693,3.678888888888889,69.92444444444443,3080.0,34.0,47,Construction and Extraction Occupations,47460.0,22.82,47460.0,22.82,2592.656338461539,28.62023230769231,0.8417715384615385,False,False,False,False,3.8827373255034936,3.8827373255034927,119.5883096255076,1.3201306906711878,5675661.174826591,62653.40257925457,0.011038961038961037,0.8719029258315415
47-5071.00,"Roustabouts, Oil and Gas",386379.70456153847,4091.380061538461,8.523708461538462,3.366153846153846,69.2476923076923,45330.0,480.0,47,Construction and Extraction Occupations,47510.0,22.84,47680.0,22.93,82628.69211923078,874.9563692307693,1.8228257692307692,False,False,False,False,21.385360344689264,21.385360344689264,9693.983844247643,102.64972965450846,460561172.4402055,4894339.109926963,0.010589013898080741,0.8363642345345578
47-5081.00,Helpers--Extraction Workers,155266.09107692307,5083.116076923077,23.105073076923077,3.850714285714286,69.4042857142857,6720.0,220.0,47,Construction and Extraction Occupations,48400.0,23.27,54100.0,26.01,22538.078769230768,737.8537692307692,3.353880769230769,False,False,False,False,14.51577650529296,14.51577650529296,975.4601811556869,31.934708311644513,47212272.767935246,1727667.7196599683,0.03273809523809524,2.5857905398435426
49-1011.00,"First-Line Supervisors of Mechanics, Installers, and Repairers",17087454.08903077,182344.31096538462,28.446850384615384,3.6427272727272726,76.7390909090909,600680.0,6410.0,49,"Installation, Maintenance, and Repair Occupations",78300.0,37.64,77380.0,37.2,10540716.236815384,112482.5049576923,17.54797269230769,False,False,False,False,61.68687378409379,61.68687378409379,370540.7134462946,3954.128609560412,29013337862.844868,305970471.8077847,0.010671239262169542,0.8428587348116723
49-2011.00,"Computer, Automated Teller, and Office Machine Repairers",4512823.693430769,50066.938661538465,61.81103538461539,3.9248000000000003,84.258,73010.0,810.0,49,"Installation, Maintenance, and Repair Occupations",46860.0,22.53,45310.0,21.78,2678356.489819231,29714.67958846154,36.68478961538462,False,False,False,False,59.34990311538346,59.34990311538345,43331.364264541466,480.73421523460604,2030507729.436413,21782067.29228,0.011094370634159703,0.8762794054660239
49-2021.00,"Radio, Cellular, and Tower Equipment Installers and Repairers",107589.75807692307,377.5079230769231,9.437698076923077,4.0616666666666665,73.3111111111111,11400.0,40.0,49,"Installation, Maintenance, and Repair Occupations",64190.0,30.86,86040.0,41.36,104606.19591608392,367.03928391608395,9.175982097902098,False,False,False,False,97.22690875584458,97.22690875584458,11083.867598166282,38.89076350233783,711473461.1262937,3346161.291741147,0.0035087719298245615,0.27713735929423616
49-2022.00,"Telecommunications Equipment Installers and Repairers, Except Line Installers",8730161.58833077,127074.93636923078,56.72988230769231,3.7279487179487174,73.48769230769231,153890.0,2240.0,49,"Installation, Maintenance, and Repair Occupations",62630.0,30.11,62380.0,29.99,6279255.113323078,91399.90547692309,40.80352923076923,False,False,False,False,71.92598956835216,71.92598956835216,110686.90534673716,1611.1421663310884,6932320881.866148,100503048.3357333,0.014555851582299044,1.149681526892198
49-2091.00,Avionics Technicians,745593.2397692308,7848.349892307693,35.674317692307696,4.015384615384615,84.2023076923077,20900.0,220.0,49,"Installation, Maintenance, and Repair Occupations",81390.0,39.13,59510.0,28.61,594843.9271923078,6261.515023076923,28.461431923076926,False,False,False,False,79.7812929978306,79.7812929978306,16674.290236546596,175.51884459522734,1357120482.3525274,10445126.44186198,0.010526315789473682,0.8314120778827083
49-2092.00,"Electric Motor, Power Tool, and Related Repairers",1089172.2933461538,3943.894846153846,65.73158076923077,3.843225806451613,64.76290322580645,16570.0,60.0,49,"Installation, Maintenance, and Repair Occupations",53990.0,25.96,41460.0,19.93,458522.8859,1660.3121999999998,27.67187,False,False,False,False,42.09828772740138,42.09828772740137,6975.686276430409,25.258972636440827,376617302.06447774,1047237.0055068367,0.003621001810500905,0.28600174073213264
49-2093.00,"Electrical and Electronics Installers and Repairers, Transportation Equipment",182951.07841923076,2027.228091923077,25.02750730769231,3.6473333333333335,73.70466666666667,7310.0,81.0,49,"Installation, Maintenance, and Repair Occupations",82730.0,39.77,82730.0,39.77,128793.42237692307,1427.1227376923077,17.61879923076923,False,False,False,False,70.39773883256053,70.39773883256052,5146.074708660175,57.02216845437403,425734760.6474563,4717443.996230364,0.011080711354309165,0.8752005388929468
49-2094.00,"Electrical and Electronics Repairers, Commercial and Industrial Equipment",1452773.307676923,18889.2012,24.216924615384617,3.9085,85.8235,59990.0,780.0,49,"Installation, Maintenance, and Repair Occupations",71300.0,34.28,70970.0,34.12,962725.519,12517.518,16.0481,False,False,False,False,66.2681172563295,66.2681172563295,39754.24354207207,516.8913145993702,2834477564.549739,36683776.5971173,0.013002167027837973,1.0269650770313168
49-2095.00,"Electrical and Electronics Repairers, Powerhouse, Substation, and Relay",308833.5832615385,1072.3388307692308,13.404235384615385,4.051333333333333,74.32,23040.0,80.0,49,"Installation, Maintenance, and Repair Occupations",100940.0,48.53,104730.0,50.35,292054.0297846154,1014.0764923076923,12.675956153846153,False,False,False,False,94.56679765855867,94.56679765855867,21788.190180531918,75.65343812684694,2199299916.8228917,7923184.575024679,0.0034722222222222225,0.2742505118015879
49-2096.00,"Electronic Equipment Installers and Repairers, Motor Vehicles",314098.0284,3469.3273353846153,30.976136923076922,4.1875,88.47583333333334,10140.0,112.0,49,"Installation, Maintenance, and Repair Occupations",47940.0,23.05,47940.0,23.05,205800.12960000001,2273.137526153846,20.29587076923077,False,False,False,False,65.52098739630293,65.52098739630293,6643.828121985117,73.38350588385929,318505120.1679665,3518005.272072214,0.011045364891518736,0.8724087286658793
49-2097.00,Audiovisual Equipment Installers and Repairers,701724.8058923077,12027.759415384615,31.65199846153846,3.956363636363636,84.09181818181818,22170.0,380.0,49,"Installation, Maintenance, and Repair Occupations",50620.0,24.34,53600.0,25.77,550228.3705269231,9431.068146153846,24.818600384615387,False,True,True,False,78.41084794305613,78.41084794305611,17383.684988975543,297.9612221836133,879962134.141942,15970721.509041673,0.017140279657194404,1.353810374901478
49-2098.00,Security and Fire Alarm Systems Installers,1460720.646,14874.225692307691,17.920753846153847,4.16375,89.683125,81510.0,830.0,49,"Installation, Maintenance, and Repair Occupations",59300.0,28.51,58860.0,28.3,743771.226,7573.673384615385,9.124907692307692,False,False,False,False,50.91810183122448,50.91810183122448,41503.34480263107,422.6202451991632,2461148346.7960224,24875427.632422745,0.010182799656483867,0.8042797490007552
49-3011.00,Aircraft Mechanics and Service Technicians,5847270.848253846,86172.11236153846,42.87169769230769,4.170263157894737,78.09342105263158,136390.0,2010.0,49,"Installation, Maintenance, and Repair Occupations",78680.0,37.83,65980.0,31.72,2343116.6212769235,34530.86303076923,17.17953384615385,False,False,False,False,40.07197001959712,40.07197001959712,54654.15990972851,805.446597393902,4300189301.697439,53143366.49604966,0.014737150817508612,1.1640012924092906
49-3021.00,Automotive Body and Related Repairers,7878710.1318,82736.10046923076,50.75834384615384,4.0612,82.7148,155220.0,1630.0,49,"Installation, Maintenance, and Repair Occupations",51680.0,24.85,51080.0,24.56,1659113.0883,17422.718296153846,10.68878423076923,False,False,False,False,21.058181612793422,21.058181612793422,32686.50949937795,343.2483602885328,1689238810.9278524,17533126.243538257,0.010501224069063265,0.829430229739321
49-3022.00,Automotive Glass Installers and Repairers,1055640.386346154,5573.602884615385,55.73602884615385,4.234444444444445,91.01333333333334,18940.0,100.0,49,"Installation, Maintenance, and Repair Occupations",47260.0,22.72,39300.0,18.89,84006.47600000001,443.54,4.4354000000000005,False,False,False,False,7.957868710458141,7.95786871045814,1507.2203337607718,7.957868710458141,71231232.97353408,312744.24032100494,0.005279831045406547,0.4170229535314535
49-3023.00,Automotive Service Technicians and Mechanics,38230869.30709231,494508.22473461536,55.50036192307692,4.033571428571428,85.28571428571429,688840.0,8910.0,49,"Installation, Maintenance, and Repair Occupations",49670.0,23.88,46990.0,22.59,22946314.3252,296805.7323,33.31153,False,False,False,False,60.020383373660735,60.02038337366075,413444.4088311246,5347.816158593171,20535783786.64196,251293881.2922931,0.012934788920504035,1.021643274670197
49-3031.00,Bus and Truck Mechanics and Diesel Engine Specialists,8010950.091315385,81718.77508461538,27.890366923076922,3.9396153846153843,87.04923076923077,287230.0,2930.0,49,"Installation, Maintenance, and Repair Occupations",60640.0,29.15,62970.0,30.28,5178293.244496154,52823.17030384615,18.028385769230766,False,False,False,False,64.64018856027958,64.64018856027958,185666.01360169105,1893.9575248161918,11258787064.806545,119262505.3376756,0.010200884308742122,0.8057081498403784
49-3041.00,Farm Equipment Mechanics and Service Technicians,893917.5254153846,4362.938030769231,24.238544615384615,3.880714285714286,88.18142857142857,36880.0,180.0,49,"Installation, Maintenance, and Repair Occupations",52080.0,25.04,57100.0,27.45,444977.39889230765,2171.7985846153842,12.065547692307693,False,False,False,False,49.778350489944366,49.77835048994436,18358.255660691484,89.60103088189986,956097954.8088125,5116218.863356482,0.004880694143167027,0.38549746561264403
49-3042.00,"Mobile Heavy Equipment Mechanics, Except Engines",5722558.273246154,66663.18507692308,31.74437384615385,4.0255,93.2355,180270.0,2100.0,49,"Installation, Maintenance, and Repair Occupations",63980.0,30.76,63890.0,30.72,2390513.8078038464,27847.556423076923,13.260741153846155,False,False,False,False,41.77351620829916,41.77351620829915,75305.11766870088,877.2438403742823,4818021428.443482,56047108.96151289,0.01164919287735064,0.9201015673023815
49-3043.00,Rail Car Repairers,544791.2393076923,2381.6010461538463,29.770013076923075,3.626,66.7525,18300.0,80.0,49,"Installation, Maintenance, and Repair Occupations",65680.0,31.579999999999995,75280.0,36.19,231085.57269230767,1010.2101538461537,12.627626923076923,False,False,False,False,42.41727032651364,42.41727032651363,7762.360469751996,33.93381626121091,509831835.6533111,2554537.688143957,0.004371584699453552,0.34528589026822865
49-3051.00,Motorboat Mechanics and Service Technicians,639305.8465384615,1581.7876615384616,26.363127692307692,3.94,96.42307692307692,24250.0,60.0,49,"Installation, Maintenance, and Repair Occupations",54950.0,26.42,45290.0,21.77,269338.47298076923,666.4044692307692,11.106741153846155,False,False,False,False,42.12983104082491,42.129831040824904,10216.484027400042,25.277898624494945,561395797.3056322,1144836.028703376,0.002474226804123711,0.19542469459511083
49-3052.00,Motorcycle Mechanics,416697.67336153844,7138.289907692308,29.742874615384615,4.368461538461538,94.06692307692308,14010.0,240.0,49,"Installation, Maintenance, and Repair Occupations",47200.0,22.69,42120.0,20.25,156490.28283461538,2680.775723076923,11.169898846153846,False,False,False,False,37.55487319432189,37.554873194321885,5261.4377345244975,90.13169566637254,248339861.0695563,3796347.021467611,0.017130620985010708,1.3530474929140437
49-3053.00,Outdoor Power Equipment and Other Small Engine Mechanics,947052.3380923077,9957.325984615383,27.659238846153844,4.331428571428572,96.92928571428571,34240.0,360.0,49,"Installation, Maintenance, and Repair Occupations",46560.0,22.38,44140.0,21.22,494572.0418461538,5199.939692307692,14.444276923076922,False,False,False,False,52.2222502340677,52.222250234067715,17880.89848014478,188.00010084264375,832534633.235541,8298324.451194295,0.010514018691588786,0.8304408020907895
49-3091.00,Bicycle Repairers,367066.65548076923,12536.827788461538,29.155413461538462,4.272142857142857,93.72357142857143,12590.0,430.0,49,"Installation, Maintenance, and Repair Occupations",40360.0,19.4,43760.0,21.04,130338.16384999998,4451.58145,10.352514999999999,False,False,False,False,35.50803700196855,35.50803700196856,4470.461858547841,152.68455910846478,180427840.61099085,6681476.306586419,0.03415409054805401,2.6976317221214168
49-3092.00,Recreational Vehicle Service Technicians,571291.650926923,8244.187373076922,30.534027307692305,3.9035294117647057,90.65176470588234,18710.0,270.0,49,"Installation, Maintenance, and Repair Occupations",50540.0,24.3,51300.0,24.66,361906.52973461535,5222.595565384615,19.342946538461536,False,False,False,False,63.348821770355045,63.348821770355045,11852.56455323343,171.04181877995862,599028612.5204176,8774445.303411877,0.014430785676109033,1.1398033029231145
49-3093.00,Tire Repairers and Changers,11285527.98966923,207462.34158461538,105.84813346153847,4.170416666666667,83.34958333333334,106620.0,1960.0,49,"Installation, Maintenance, and Repair Occupations",37120.0,17.85,36060.0,17.34,2502020.497176923,45994.74933846154,23.466708846153846,False,False,False,False,22.170167842100717,22.170167842100717,23637.832953247787,434.5352897051741,877436359.2245579,15669342.546768578,0.018383042581129244,1.4519689448673825
49-9011.00,Mechanical Door Repairers,725280.0868615385,3630.2900307692307,25.930643076923076,3.7032,82.5284,27970.0,140.0,49,"Installation, Maintenance, and Repair Occupations",51050.0,24.54,49410.0,23.75,197668.12095384614,989.400676923077,7.067147692307692,False,False,False,False,27.254039444155108,27.254039444155115,7622.954832530184,38.15565522181715,389151844.2006659,1885270.9245099854,0.005005362888809439,0.39534432019449495
49-9012.00,"Control and Valve Installers and Repairers, Except Mechanical Door",1019441.3067692308,7387.2558461538465,21.727223076923075,3.743125,48.1321875,46920.0,340.0,49,"Installation, Maintenance, and Repair Occupations",74690.0,35.91,69450.0,33.39,402754.6570615385,2918.5120076923076,8.583858846153847,False,False,False,False,39.50739040955002,39.50739040955001,18536.86758016087,134.32512739247005,1384518639.5622153,9328880.097407045,0.007246376811594202,0.5723488941946181
49-9021.00,"Heating, Air Conditioning, and Refrigeration Mechanics and Installers",15469515.745430768,209316.14773846153,38.97879846153846,4.008214285714286,87.6842857142857,396870.0,5370.0,49,"Installation, Maintenance, and Repair Occupations",59810.0,28.75,56200.0,27.02,9546632.546461537,129174.33107692307,24.054810256410256,False,False,False,False,61.71254940078733,61.71254940078733,244918.59480690467,3313.9639028222796,14648581155.400969,186244771.3386121,0.01353087912918588,1.0687249515757395
49-9031.00,Home Appliance Repairers,1962645.0292230768,15361.96798076923,61.447871923076924,4.069310344827587,84.27413793103447,31940.0,250.0,49,"Installation, Maintenance, and Repair Occupations",49410.0,23.76,34920.0,16.79,1221131.934976923,9558.01451923077,38.232058076923074,False,False,False,False,62.218685335081425,62.21868533508144,19872.648096025005,155.54671333770358,981907542.4245955,5431691.229752609,0.007827175954915467,0.6182228193398349
49-9041.00,Industrial Machinery Mechanics,8708288.8586,80903.6648,20.63869,3.930625,85.16125,421940.0,3920.0,49,"Installation, Maintenance, and Repair Occupations",63760.0,30.65,69670.0,33.49,4250387.1113153845,39487.88329230769,10.073439615384615,False,False,False,False,48.80852232086734,48.80852232086734,205942.67908066764,1913.2940749779998,13130905218.183369,133299198.20371725,0.009290420438924966,0.733795937345406
49-9043.00,"Maintenance Workers, Machinery",1812666.0066307692,47128.033776923075,32.059886923076924,3.876111111111111,91.93555555555555,56540.0,1470.0,49,"Installation, Maintenance, and Repair Occupations",60500.0,29.09,63820.0,30.68,855699.7806076924,22247.58891923077,15.134414230769233,False,False,False,False,47.206698723180395,47.20669872318039,26690.667458086195,693.9384712307517,1614785381.2142148,44287153.23394658,0.025999292536257514,2.053531953949774
49-9044.00,Millwrights,1492237.3413307692,8808.090553846154,36.70037730769231,4.182608695652174,95.25608695652173,40660.0,240.0,49,"Installation, Maintenance, and Repair Occupations",65170.0,31.329999999999995,62480.0,30.04,191192.90637692309,1128.5365846153845,4.702235769230769,False,False,False,False,12.812499800227373,12.812499800227373,5209.56241877245,30.749999520545693,339507182.8314006,1921259.9700436948,0.005902606984751598,0.4662123801211449
49-9045.00,"Refractory Materials Repairers, Except Brickmasons",14785.802730769232,161.29966615384618,13.441638846153847,3.746,58.787,1100.0,12.0,49,"Installation, Maintenance, and Repair Occupations",58540.0,28.15,58540.0,28.15,1030.5426153846156,11.24228307692308,0.9368569230769233,False,False,False,False,6.969811745425618,6.969811745425618,76.66792919968181,0.8363774094510742,4488140.575349373,48961.533549265885,0.01090909090909091,0.8616452443511706
49-9051.00,Electrical Power-Line Installers and Repairers,6774723.745846154,48750.84196153846,54.77622692307692,4.17,93.62869565217392,123680.0,890.0,49,"Installation, Maintenance, and Repair Occupations",92560.0,44.5,81380.0,39.12,2850970.370523077,20515.55328076923,23.05118346153846,False,False,False,False,42.082459410557036,42.082459410557036,52047.58579897694,374.53388875395757,4817524541.553306,30479567.866797067,0.007195989650711513,0.5683691072524498
49-9052.00,Telecommunications Line Installers and Repairers,4834759.029092307,32932.986473076926,49.15371115384615,3.847368421052632,72.37210526315789,98360.0,670.0,49,"Installation, Maintenance, and Repair Occupations",70500.0,33.9,55980.0,26.91,2497971.7830615384,17015.464565384616,25.396215769230768,False,False,False,False,51.66693454690161,51.66693454690161,50819.596820332416,346.16846146424075,3582781575.833435,19378510.4727682,0.006811712078080521,0.5380172708136884
49-9061.00,Camera and Photographic Equipment Repairers,78452.70426923077,858.6863153846153,39.03119615384615,3.8546666666666667,77.18666666666667,2010.0,22.0,49,"Installation, Maintenance, and Repair Occupations",49300.0,23.7,49300.0,23.7,27029.883957692306,295.8494761538461,13.447703461538461,False,False,False,False,34.453731339753766,34.45373133975377,692.5199999290506,7.579820894745828,34141235.9965022,373685.17011096934,0.010945273631840795,0.8645031058581395
49-9062.00,Medical Equipment Repairers,1680269.118042308,12153.845338461539,27.62237576923077,3.9735,83.81,60830.0,440.0,49,"Installation, Maintenance, and Repair Occupations",62630.0,30.110000000000003,59980.0,28.84,547255.8550038461,3958.451030769231,8.996479615384615,False,False,False,False,32.569535982513166,32.56953598251317,19812.04873816276,143.30595832305792,1240828612.4711337,8595491.380217014,0.007233273056057867,0.5713139052358576
49-9063.00,Musical Instrument Repairers and Tuners,287549.2974346154,5018.312346153846,50.18312346153846,3.602413793103448,63.41137931034483,5730.0,100.0,49,"Installation, Maintenance, and Repair Occupations",45320.0,21.79,41440.0,19.92,118390.0789054945,2066.1444835164834,20.661444835164836,False,False,False,False,41.172098127770504,41.1720981277705,2359.16122272125,41.172098127770504,106917186.61372705,1706171.7464148097,0.017452006980802792,1.3784318917776144
49-9064.00,Watch and Clock Repairers,63475.560000000005,683.5829538461538,48.82735384615385,4.338666666666667,96.48,1300.0,14.0,49,"Installation, Maintenance, and Repair Occupations",60690.0,29.18,60690.0,29.18,22241.340500000002,239.52212846153844,17.108723461538464,False,True,True,False,35.03921903170291,35.039219031702906,455.5098474121379,4.905490664438408,27644892.63944265,297714.228424767,0.010769230769230767,0.8505985104492323
49-9071.00,"Maintenance and Repair Workers, General",43127326.367,444591.2929,28.15651,3.6377777777777776,74.16185185185185,1531700.0,15790.0,49,"Installation, Maintenance, and Repair Occupations",48620.0,23.38,49070.0,23.59,18407861.02453846,189763.0904076923,12.017928461538462,False,False,False,False,42.68259262791611,42.68259262791611,653769.271281791,6739.581375947953,31786261969.72068,330711258.1177661,0.010308807207677744,0.8142323479976216
49-9081.00,Wind Turbine Service Technicians,230967.3982846154,2552.580872307692,20.585329615384616,4.160833333333334,88.53750000000001,11220.0,124.0,49,"Installation, Maintenance, and Repair Occupations",62580.0,30.09,62580.0,30.09,146499.50979230768,1619.0676661538462,13.056997307692308,False,False,False,False,63.428653082795684,63.42865308279569,7116.694875889675,78.65152982266665,445362765.3331759,4922012.736302478,0.011051693404634582,0.872908580878637
49-9091.00,"Coin, Vending, and Amusement Machine Servicers and Repairers",1063696.5633461538,9033.516461538462,37.639651923076926,3.955,65.02777777777777,28260.0,240.0,49,"Installation, Maintenance, and Repair Occupations",47350.0,22.77,50280.0,24.17,586668.8611384615,4982.325784615385,20.75969076923077,False,False,False,False,55.15377987994351,55.15377987994351,15586.458194072035,132.36907171186442,738018795.4893109,6655516.925672543,0.008492569002123142,0.6707783218586607
49-9092.00,Commercial Divers,66020.34713076922,731.4207553846153,19.247914615384616,3.880434782608696,84.49347826086957,3430.0,38.0,49,"Installation, Maintenance, and Repair Occupations",61130.0,29.39,61130.0,29.39,11718.241446153845,129.82308307692307,3.4163969230769227,False,False,False,False,17.749439309888874,17.749439309888874,608.8057683291884,6.744786937757771,37216296.617963284,412308.82550513255,0.011078717201166181,0.8750430324071654
49-9094.00,Locksmiths and Safe Repairers,395909.2917692308,3819.060692307692,25.460404615384615,3.975714285714286,83.675,15550.0,150.0,49,"Installation, Maintenance, and Repair Occupations",50490.0,24.27,47690.0,22.93,84589.55984615385,815.9764615384615,5.4398430769230774,False,False,False,False,21.365894058242954,21.365894058242958,3322.3965260567797,32.04884108736443,167747800.6006068,1528409.2314564097,0.00964630225080386,0.761904958831421
49-9095.00,Manufactured Building and Mobile Home Installers,33832.96622307692,375.9218469230769,12.962822307692306,3.777857142857143,76.11214285714286,2610.0,29.0,49,"Installation, Maintenance, and Repair Occupations",41080.0,19.75,41080.0,19.75,13712.540469230767,152.36156076923078,5.253846923076923,False,False,False,False,40.53011603776457,40.53011603776457,1057.8360285856552,11.753733650951727,43455904.054298714,482843.37838109693,0.011111111111111113,0.8776016377650813
49-9096.00,Riggers,1060446.169646154,21042.338215384614,43.83820461538461,4.147142857142858,85.03642857142857,24190.0,480.0,49,"Installation, Maintenance, and Repair Occupations",62060.0,29.84,91070.0,43.79,486270.8317269231,9649.028492307692,20.102142692307694,False,False,False,False,45.85530559171903,45.85530559171904,11092.398422636834,220.10546684025135,688394246.1088419,20045004.86514169,0.019842910293509715,1.567275351444874
49-9097.00,Signal and Track Switch Repairers,92194.64023461539,1010.6598807692308,11.229554230769232,3.953333333333333,86.09916666666668,8210.0,90.0,49,"Installation, Maintenance, and Repair Occupations",83600.0,40.19,83600.0,40.19,32193.339350000002,352.91115,3.9212350000000002,False,False,False,False,34.91888386144241,34.91888386144241,2866.840365024422,31.426995475298167,239667854.5160417,2627296.8217349267,0.010962241169305725,0.8658432723382652
49-9098.00,"Helpers--Installation, Maintenance, and Repair Workers",3486857.5565307694,26453.50206923077,35.74797576923077,3.724375,81.98125,97540.0,740.0,49,"Installation, Maintenance, and Repair Occupations",38860.0,18.68,41760.0,20.08,699099.8300692308,5303.812530769231,7.167314230769231,False,False,False,False,20.049566658088448,20.049566658088448,19556.347318299475,148.36679326985453,759959656.7891176,6195797.286949125,0.0075866311256920236,0.5992235910924175
49-9099.01,Geothermal Technicians,8236785.85155,95959.07083846154,44.840687307692306,3.79625,56.65416666666667,183690.0,2140.0,49,"Installation, Maintenance, and Repair Occupations",48640.0,23.39,50080.0,24.08,4346588.43405,50638.02737692308,23.662629615384617,False,False,False,False,52.77044362191423,52.77044362191422,96934.02788909426,1129.2874935089646,4714871116.525545,56554717.67492895,0.011650062605476618,0.9201702620368807
51-1011.00,First-Line Supervisors of Production and Operating Workers,25538464.113946155,332491.3154923077,37.27481115384615,3.9549999999999996,88.658,685140.0,8920.0,51,Production Occupations,71190.0,34.23,67050.0,32.23,16538802.373638462,215322.5868769231,24.139303461538464,False,False,False,False,64.76036420924342,64.76036420924342,443699.1593432104,5776.624487464513,31586943153.643147,387322671.88449556,0.013019236944274164,1.0283133298271991
51-2011.00,"Aircraft Structure, Surfaces, Rigging, and Systems Assemblers",1336626.26075,9753.429692307693,40.639290384615386,4.128888888888889,56.53370370370371,32890.0,240.0,51,Production Occupations,61680.0,29.65,59810.0,28.75,358234.65425,2614.0564615384615,10.891901923076924,False,False,False,False,26.801407750958706,26.8014077509587,8814.983009290318,64.32337860230089,543708152.0130268,3847181.274203616,0.007297050775311644,0.5763513340141608
51-2021.00,"Coil Winders, Tapers, and Finishers",421844.70326153847,4644.797883076923,34.66267076923077,4.191818181818181,72.31090909090909,12170.0,134.0,51,Production Occupations,47260.0,22.72,47260.0,22.72,262749.08768076927,2893.0466515384614,21.589900384615387,False,False,False,False,62.28573824663341,62.28573824663339,7580.174344615286,83.46288925048877,358239039.5265184,3944456.145978099,0.011010682004930154,0.8696693304393489
51-2022.00,Electrical and Electronic Equipment Assemblers,4016720.0578846154,44223.60283269231,44.09132884615384,3.9125,71.128125,91100.0,1003.0,51,Production Occupations,44210.0,21.26,44210.0,21.26,2861931.026923077,31509.51503846154,31.415269230769233,False,False,False,False,71.2504477703208,71.25044777032079,64909.15791876225,714.6419911363176,2869633871.588479,31594322.428136602,0.011009879253567507,0.869605925807397
51-2023.00,Electromechanical Equipment Assemblers,2965947.3250769232,32654.72192153846,32.55705076923077,3.7964285714285713,71.99357142857143,91100.0,1003.0,51,Production Occupations,44210.0,21.26,44210.0,21.26,1260319.7615,13875.968395000002,13.834465,False,False,False,False,42.49299206510058,42.492992065100594,38711.11577130663,426.20471041295883,1711418428.249466,18842510.24735691,0.01100987925356751,0.8696059258073972
51-2031.00,Engine and Other Machine Assemblers,1657448.8926384614,6039.6367769230765,43.140262692307694,4.229166666666667,79.05666666666666,38420.0,140.0,51,Production Occupations,52540.0,25.26,46060.0,22.149999999999995,301420.0463461539,1098.3551923076925,7.845394230769232,False,False,False,False,18.185782239495122,18.185782239495126,6986.977536414026,25.460095135293173,367095799.76319295,1172691.9819316035,0.003643935450286309,0.2878131347173353
51-2041.00,Structural Metal Fabricators and Fitters,3475440.012992308,57945.702726923075,65.10753115384615,3.87,72.49391304347826,53380.0,890.0,51,Production Occupations,49900.0,23.99,50440.0,24.25,1141113.2319461538,19025.67958846154,21.377168076923077,False,False,False,False,32.833633372473905,32.833633372473905,17526.59349422657,292.21933701501774,874577015.3619058,14739543.359037494,0.016672911202697642,1.3168956760019297
51-2051.00,Fiberglass Laminators and Fabricators,964792.4193846154,5730.408538461538,52.09462307692308,4.171875,73.981875,18520.0,110.0,51,Production Occupations,45760.0,22.0,46870.0,22.53,93310.29186153846,554.2187961538461,5.038352692307692,True,False,True,False,9.67154073630218,9.67154073630218,1791.1693443631636,10.6386948099324,81963909.19805837,498635.62574153155,0.005939524838012959,0.4691283052847896
51-2061.00,Timing Device Assemblers and Adjusters,17710.874,231.0114,77.0038,4.13470588235294,66.25411764705882,230.0,3.0,51,Production Occupations,40790.0,19.61,40790.0,19.61,6551.036215384615,85.44829846153846,28.482766153846153,True,False,True,False,36.98877997429498,36.98877997429497,85.07419394087844,1.1096633992288494,3470176.3708484317,45263.17005454477,0.013043478260869565,1.0302280095503125
51-2092.00,Team Assemblers,22722879.70657692,250297.71047346154,31.174207307692306,4.0600000000000005,70.81272727272727,728900.0,8029.0,51,Production Occupations,42210.0,20.29,42210.0,20.29,7487692.813423077,82468.37413384616,20.545185384615387,False,False,False,False,32.952217809153105,32.948113659469556,240188.715610917,2645.7335678969025,10138365685.936806,111676413.90092826,0.01101385649609,0.8699200649170346
51-3011.00,Bakers,14606320.141353846,250062.9219076923,62.98814153846154,4.307222222222222,81.40666666666667,231890.0,3970.0,51,Production Occupations,36650.0,17.62,35490.0,17.06,7492162.37193077,128267.21556153847,32.309122307692306,False,False,False,False,51.29397616528162,51.29397616528162,118945.60132967155,2036.37085376168,4359356288.732463,72270801.60000202,0.017120186295226186,1.3522233178380418
51-3021.00,Butchers and Meat Cutters,4600621.333938462,45336.028569230766,32.85219461538461,4.297272727272727,76.5409090909091,140040.0,1380.0,51,Production Occupations,38960.0,18.73,41680.0,20.04,1496684.7713076922,14748.821653846153,10.687551923076922,False,False,False,False,32.53223125030424,32.53223125030425,45558.13664292607,448.94479125419855,1774945003.6083996,18712018.899474997,0.00985432733504713,0.7783356427479512
51-3022.00,"Meat, Poultry, and Fish Cutters and Trimmers",6610284.646846154,65592.16461538462,46.85154615384616,4.23,66.21083333333333,141090.0,1400.0,51,Production Occupations,37700.0,18.13,42760.0,20.56,1693655.918526923,16805.714692307694,12.004081923076923,False,False,False,False,25.621527801151295,25.621527801151295,36149.413574644364,358.7013892161181,1362832891.7640924,15338071.40288121,0.009922744347579561,0.7837395021504022
51-3023.00,Slaughterers and Meat Packers,3007995.2826923076,34759.0566,44.56289307692308,4.377142857142857,54.63285714285714,67500.0,780.0,51,Production Occupations,39790.0,19.13,40470.0,19.46,0.0,0.0,0.0,False,False,False,False,0.0,0.0,0.0,0.0,0.0,0.0,,
51-3091.00,"Food and Tobacco Roasting, Baking, and Drying Machine Operators and Tenders",2122325.355,16325.579653846155,108.8371976923077,4.206315789473685,67.49421052631578,19500.0,150.0,51,Production Occupations,42730.0,20.54,40500.0,19.47,1339160.2875,10301.232980769231,68.67488653846154,False,False,False,False,63.09872726842111,63.09872726842111,12304.251817342116,94.64809090263167,525760680.1550286,3833247.6815565825,0.007692307692307692,0.6075703646065946
51-3092.00,Food Batchmakers,27201661.79016923,495987.4251615385,158.46243615384617,4.4796,68.9008,171660.0,3130.0,51,Production Occupations,40790.0,19.61,38790.0,18.65,14925758.102423077,272152.0614038462,86.94954038461539,False,False,False,False,54.870758329247714,54.87075832924773,94191.14374798663,1717.4547357054535,3842056753.480375,66620069.19801454,0.018233717814284053,1.4401746554725818
51-3093.00,Food Cooking Machine Operators and Tenders,2008503.6442615385,37759.287599999996,72.61401461538462,4.388823529411765,80.87823529411764,27660.0,520.0,51,Production Occupations,40550.0,19.49,37610.0,18.08,1440001.334376923,27071.6086,52.06078576923077,False,False,False,False,71.6952313475321,71.6952313475321,19830.90099072738,372.81520300716693,804143035.1739953,14021579.785099547,0.018799710773680405,1.4848791268042587
51-4021.00,"Extruding and Drawing Machine Setters, Operators, and Tenders, Metal and Plastic",4114219.763769231,45713.552930769234,62.62130538461538,3.92875,65.83125,65700.0,730.0,51,Production Occupations,46980.0,22.59,44910.0,21.59,3056638.7018076926,33962.6522423077,46.52418115384616,False,False,False,False,74.29449269397709,74.29449269397709,48811.481699942946,542.3497966660328,2293163410.2633195,24356929.368271533,0.011111111111111112,0.8776016377650812
51-4022.00,"Forging Machine Setters, Operators, and Tenders, Metal and Plastic",424521.26764615386,4652.287864615385,48.461331923076926,4.171538461538462,76.61461538461539,8760.0,96.0,51,Production Occupations,49240.0,23.67,49240.0,23.67,272495.9049230769,2986.2564923076925,31.106838461538462,False,False,False,False,64.18898785306727,64.18898785306727,5622.955335928693,61.62142833894459,276874320.74112886,3034239.1314096316,0.010958904109589043,0.865579697521724
51-4023.00,"Rolling Machine Setters, Operators, and Tenders, Metal and Plastic",2165090.7988846153,8718.48643846154,96.87207153846154,4.092631578947368,77.33,22350.0,90.0,51,Production Occupations,48630.0,23.38,46050.0,22.14,1448687.277173077,5833.640042307692,64.8182226923077,False,False,False,False,66.91115577782666,66.91115577782666,14954.64331634426,60.220040200044,727244304.4738214,2773132.851212026,0.004026845637583892,0.3180569693913716
51-4031.00,"Cutting, Punching, and Press Machine Setters, Operators, and Tenders, Metal and Plastic",15279083.34265,98981.62115,87.59435500000001,3.9553125000000002,67.359375,174430.0,1130.0,51,Production Occupations,45590.0,21.92,44940.0,21.61,7775450.11405,50371.25855,44.576335,False,False,False,False,50.889506521282115,50.8895065212821,88766.56622507238,575.0514236904879,4046867754.20105,25842810.980650526,0.0064782434214298,0.5116785332838889
51-4032.00,"Drilling and Boring Machine Tool Setters, Operators, and Tenders, Metal and Plastic",377547.84581538464,4123.8747753846155,71.10128923076923,4.202941176470588,86.86352941176472,5310.0,58.0,51,Production Occupations,46630.0,22.42,46630.0,22.42,186250.53125769232,2034.3749176923077,35.075429615384614,False,False,False,False,49.33163659176753,49.33163659176752,2619.5099030228557,28.612349223225166,122147746.77795576,1334193.8442789896,0.010922787193973634,0.8627270337351645
51-4033.00,"Grinding, Lapping, Polishing, and Buffing Machine Tool Setters, Operators, and Tenders, Metal and Plastic",5344077.448557693,37349.84951923077,76.22418269230769,4.053888888888888,75.11666666666666,70110.0,490.0,51,Production Occupations,45190.0,21.73,42920.0,20.64,2582937.5027538463,18052.194784615385,36.84121384615385,False,False,False,False,48.33271088634676,48.33271088634677,33886.063602417715,236.8302833430991,1531311214.1932566,10164755.761085814,0.006989017258593638,0.5520215693259175
51-4034.00,"Lathe and Turning Machine Tool Setters, Operators, and Tenders, Metal and Plastic",1025834.3861230769,2703.8333846153846,54.07666769230769,3.9694444444444446,92.28722222222223,18970.0,50.0,51,Production Occupations,48620.0,23.38,57500.0,27.65,560450.8327923077,1477.2030384615387,29.544060769230768,False,False,False,False,54.633656306883275,54.63365630688328,10364.004601415756,27.316828153441637,503897903.7208341,1570717.618822894,0.002635740643120717,0.20818172746140565
51-4035.00,"Milling and Planing Machine Setters, Operators, and Tenders, Metal and Plastic",1002449.474273077,6532.979919230769,72.58866576923077,4.156666666666667,82.25066666666666,13810.0,90.0,51,Production Occupations,48310.0,23.219999999999995,45000.0,21.64,624397.6223346154,4069.209703846154,45.213441153846155,False,False,False,False,62.28719136068134,62.28719136068133,8601.861126910093,56.058472224613205,415555911.0410266,2522631.2501075943,0.006517016654598117,0.5147410040475855
51-4041.00,Machinists,27890362.933269233,343507.2646153846,93.34436538461539,4.200689655172414,75.81758620689655,298790.0,3680.0,51,Production Occupations,56150.0,27.0,60450.0,29.06,18263590.578573078,224940.63833846155,61.12517346153846,False,False,False,False,65.48351709251949,65.48351709251949,195658.200720739,2409.7934290047174,10986207970.469494,145672012.78333518,0.012316342581746378,0.9727958178914786
51-4051.00,Metal-Refining Furnace Operators and Tenders,1388530.8445423075,35515.7914,68.29959884615384,4.36,73.27066666666666,20330.0,520.0,51,Production Occupations,55770.0,26.81,70450.0,33.87,912449.2537576923,23338.593800000002,44.881911153846154,False,False,False,False,65.71328662550935,65.71328662550935,13359.511170966052,341.7090904526487,745059938.0047767,24073405.4223891,0.025577963600590264,2.020253647191628
51-4052.00,"Pourers and Casters, Metal",248742.1925153846,1706.6359692307692,42.66589923076923,4.405625,74.1275,5830.0,40.0,51,Production Occupations,48940.0,23.53,44450.0,21.37,164512.4894346154,1128.7306307692309,28.21826576923077,False,False,False,False,66.13775000171728,66.1377500017173,3855.830825100117,26.45510000068691,188704360.58039972,1175929.1950305332,0.0068610634648370505,0.5419152480196042
51-4061.00,"Model Makers, Metal and Plastic",146181.22062307692,3168.014069230769,45.257343846153844,4.360625,88.87375,3230.0,70.0,51,Production Occupations,62700.0,30.14,51960.0,24.98,79179.22491153845,1715.9584346153845,24.51369192307692,False,False,False,False,54.16511407829824,54.165114078298245,1749.533184729033,37.91557985480877,109695730.68251038,1970093.5292558635,0.021671826625386997,1.7117307485820468
51-4062.00,"Patternmakers, Metal and Plastic",59666.48832692307,646.0702557692307,38.00413269230769,3.6993333333333336,69.58933333333333,1570.0,17.0,51,Production Occupations,54540.0,26.219999999999995,54540.0,26.219999999999995,36774.77483461538,398.19819884615384,23.42342346153846,False,False,False,False,61.63388505976754,61.63388505976754,967.6519954383505,10.477760460160482,52775739.83120763,571457.0554971527,0.010828025477707007,0.8552423603697925
51-4071.00,Foundry Mold and Coremakers,872549.4271384615,6173.698776923076,68.59665307692308,4.490769230769231,70.60307692307693,12720.0,90.0,51,Production Occupations,45700.0,21.97,45630.0,21.94,155262.38944615383,1098.5546423076921,12.206162692307691,False,False,False,False,17.794108232394247,17.794108232394247,2263.4105671605485,16.014697409154824,103437862.91923706,730750.6427797346,0.007075471698113207,0.5588500995202167
51-4072.00,"Molding, Coremaking, and Casting Machine Setters, Operators, and Tenders, Metal and Plastic",11377993.80683077,207981.6720923077,73.49175692307692,3.7955172413793106,58.65551724137931,154820.0,2830.0,51,Production Occupations,41230.0,19.82,45820.0,22.03,5077940.763176923,92821.16238076922,32.79899730769231,False,False,False,False,44.629491361898836,44.62949136189883,69095.37852649177,1263.0146055417372,2848802456.6472554,57871329.2259224,0.01827929208112647,1.443774300082458
51-4081.00,"Multiple Machine Tool Setters, Operators, and Tenders, Metal and Plastic",8397106.388596155,97001.61403846154,64.6677426923077,3.9776190476190476,77.82000000000001,129850.0,1500.0,51,Production Occupations,46060.0,22.14,40180.0,19.32,4563538.246211538,52717.03788461538,35.14469192307692,False,False,False,False,54.3465574332741,54.346557433274114,70569.00482710642,815.1983614991115,3250408362.3365216,32754670.165034298,0.011551790527531768,0.9124083257472927
51-4111.00,Tool and Die Makers,1991305.6082153847,5056.825415384616,36.12018153846154,3.9905882352941178,87.6029411764706,55130.0,140.0,51,Production Occupations,63180.0,30.380000000000003,66660.0,32.05,497273.72380384617,1262.8028538461538,9.020020384615385,False,False,False,False,24.97224543296017,24.972245432960168,13767.198907190943,34.96114360614424,869811626.9563237,2330509.832785575,0.0025394522038817337,0.2005764671837479
51-4121.00,"Welders, Cutters, Solderers, and Brazers",35776332.921215385,356885.87929615384,84.37018423076923,3.886896551724138,73.2948275862069,424040.0,4230.0,51,Production Occupations,51000.0,24.520000000000003,56050.0,26.95,7937810.0932153845,79183.41829615385,18.71948423076923,False,False,False,False,22.187321743387116,22.187321743387116,94083.11912065872,938.523709745275,4798239075.153595,52604253.93122266,0.009975474011885671,0.7879043097282482
51-4122.00,"Welding, Soldering, and Brazing Machine Setters, Operators, and Tenders",3165948.532923077,7851.622153846154,87.24024615384616,3.8113793103448277,70.88793103448276,36290.0,90.0,51,Production Occupations,47060.0,22.62,47320.0,22.75,1627759.5181807692,4036.879488461538,44.854216538461536,False,False,False,False,51.414591906769914,51.414591906769914,18658.3554029668,46.273132716092924,878062205.2636176,2189644.6401255173,0.0024800220446403965,0.19588242672629255
51-4191.00,"Heat Treating Equipment Setters, Operators, and Tenders, Metal and Plastic",1324609.1980461539,9986.77256923077,90.78884153846154,4.279565217391304,57.54565217391304,14590.0,110.0,51,Production Occupations,47450.0,22.81,46360.0,22.29,858475.7010076923,6472.400761538462,58.84000692307692,False,False,False,False,64.80973424267133,64.80973424267133,9455.740226005746,71.29070766693846,448674873.7239727,3305037.207439267,0.0075394105551747775,0.5954939145904252
51-4192.00,"Layout Workers, Metal and Plastic",256008.8178576923,2829.3309638461537,45.63437038461539,4.094285714285714,73.33285714285715,5610.0,62.0,51,Production Occupations,61870.0,29.74,61870.0,29.74,117182.31651923078,1295.0630346153846,20.88811346153846,False,False,False,False,45.77276575854858,45.77276575854857,2567.852159054575,28.37911477030012,158873013.08070657,1755815.8308384684,0.01105169340463458,0.8729085808786368
51-4193.00,"Plating Machine Setters, Operators, and Tenders, Metal and Plastic",4636232.321342308,26484.348392307693,147.13526884615385,3.9927272727272722,59.75575757575758,31510.0,180.0,51,Production Occupations,41600.0,20.0,46280.0,22.25,1803011.0591576924,10299.650607692307,57.22028115384615,False,True,True,False,38.88957528848931,38.889575288489304,12254.105173402982,70.00123551928077,509770775.2135641,3239657.179832314,0.005712472231037765,0.45119474870816606
51-4194.00,"Tool Grinders, Filers, and Sharpeners",344972.46598846157,3792.8909873076923,60.20461884615385,4.171666666666667,73.17833333333334,5730.0,63.0,51,Production Occupations,48970.0,23.54,48970.0,23.54,225321.9888923077,2477.3621815384618,39.32320923076923,False,False,False,False,65.31593419975846,65.31593419975847,3742.60302964616,41.14903854584782,183275270.36177245,2015068.4175901678,0.01099476439790576,0.8684120918198971
51-5111.00,Prepress Technicians and Workers,1390924.2395192308,16881.61192307692,60.29147115384615,4.243333333333333,61.93333333333333,23070.0,280.0,51,Production Occupations,47300.0,22.74,37590.0,18.07,1244071.879453846,15099.268584615384,53.92595923076923,False,False,False,False,89.44210217257096,89.44210217257097,20634.29297121212,250.4378860831987,976002057.5383332,9413960.13786744,0.012136974425661032,0.9586285770125724
51-5112.00,Printing Press Operators,13499339.347765384,164660.12435769232,93.02831884615385,4.318695652173913,76.92391304347827,145110.0,1770.0,51,Production Occupations,45160.0,21.71,39740.0,19.11,7968383.403911538,97195.49738076923,54.91271038461538,False,False,False,False,59.027950913987404,59.027950913987404,85655.45957128712,1044.794731177577,3868200554.2393265,41520142.61699691,0.012197643167252428,0.9634204458409305
51-5113.00,Print Binding and Finishing Workers,1925655.9627038462,42768.88757307692,52.80109576923077,4.2536000000000005,66.74680000000001,36470.0,810.0,51,Production Occupations,39820.0,19.14,38330.0,18.43,1358241.7318884614,30166.59728076923,37.24271269230769,False,False,False,False,70.5339768990371,70.53397689903711,25723.74137507883,571.3252128822005,1024319381.555639,21898895.409774747,0.022210035645736224,1.7542407291767048
51-6011.00,Laundry and Dry-Cleaning Workers,16240529.86633846,122203.0042153846,83.13129538461538,3.9517391304347824,53.67652173913043,195360.0,1470.0,51,Production Occupations,33800.0,16.25,33690.0,16.2,5354779.279384615,40292.41165384615,27.409803846153842,False,False,False,False,32.9717030383559,32.9717030383559,64413.51905573208,484.6840346638317,2177176944.0837445,16329005.12782449,0.007524570024570025,0.5943217479336622
51-6021.00,"Pressers, Textile, Garment, and Related Materials",3722999.515757692,33303.01467692308,138.76256115384615,4.238571428571428,74.46678571428572,26830.0,240.0,51,Production Occupations,33880.0,16.29,34450.0,16.56,801230.6053692307,7167.176492307692,29.863235384615383,False,False,False,False,21.521104205842665,21.52110420584266,5774.112258427586,51.650650094022396,195626923.31552663,1779364.8957390715,0.008945210585165859,0.7065298313725588
51-6031.00,Sewing Machine Operators,12330838.89495,129395.60844230768,112.51792038461538,4.039615384615384,70.22423076923077,109590.0,1150.0,51,Production Occupations,36000.0,17.31,37480.0,18.02,5327634.77235,55906.37821153846,48.614241923076925,False,False,False,False,43.205777139233334,43.20577713923334,47349.21116688581,496.86643710118335,1704571602.0078893,18622554.06255235,0.01049365818049092,0.8288326444811196
51-6041.00,Shoe and Leather Workers and Repairers,795604.0941538461,7289.566307692308,104.13666153846154,4.284230769230769,60.49230769230769,7640.0,70.0,51,Production Occupations,35950.0,17.29,36500.0,17.55,117169.68167692308,1073.5442038461538,15.33634576923077,False,False,False,False,14.727134078104173,14.72713407810417,1125.1530435671589,10.308993854672922,40449251.91623936,376278.27569556166,0.009162303664921465,0.7236767431832475
51-6042.00,Shoe Machine Operators and Tenders,334881.80676923075,3686.7721846153845,102.41033846153846,4.252631578947368,66.02631578947368,3270.0,36.0,51,Production Occupations,38160.0,18.35,38160.0,18.35,116784.18636923077,1285.6974646153847,35.71381846153846,False,False,False,False,34.873254983871824,34.873254983871824,1140.3554379726086,12.554371794193857,43515963.513034746,479074.8276664376,0.011009174311926606,0.8695502465929245
51-6051.00,"Sewers, Hand",146506.1187692308,1635.1129326923078,65.40451730769232,4.491818181818181,65.60636363636364,2240.0,25.0,51,Production Occupations,33760.0,16.23,33760.0,16.23,34629.86929230769,386.49407692307693,15.459763076923078,False,False,False,False,23.63714879844367,23.637148798443672,529.4721330851382,5.909287199610917,17874979.212954268,199497.53585886455,0.011160714285714288,0.8815195022193897
51-6052.00,"Tailors, Dressmakers, and Custom Sewers",1318075.019273077,17800.89037692308,80.91313807692308,4.086818181818182,85.78909090909092,16290.0,220.0,51,Production Occupations,40860.0,19.64,40570.0,19.5,467273.36828076927,6310.628669230769,28.684675769230772,False,False,False,False,35.451196741326015,35.45119674132601,5774.999949162007,77.99263283091723,235966497.92275962,3164161.113950312,0.013505217925107428,1.066698123250375
51-6061.00,Textile Bleaching and Dyeing Machine Operators and Tenders,503287.63384615385,5534.434461538462,86.47553846153846,4.324347826086957,67.58869565217391,5820.0,64.0,51,Production Occupations,37320.0,17.94,37320.0,17.94,274889.8975153846,3022.8442338461537,47.23194115384615,False,False,False,False,54.61884596978069,54.61884596978069,3178.8168354412364,34.956061420659644,118633444.29866694,1304560.212219018,0.010996563573883162,0.8685541982004927
51-6062.00,"Textile Cutting Machine Setters, Operators, and Tenders",479232.5646769231,5295.091953461539,53.48577730769231,4.122222222222223,72.76444444444445,8960.0,99.0,51,Production Occupations,37940.0,18.24,37940.0,18.24,240808.23975384614,2660.716041923077,26.875919615384614,False,False,False,False,50.248722124338144,50.248722124338144,4502.285502340697,49.746234903094766,170816711.95880607,1887372.1522234154,0.011049107142857144,0.8727043071971957
51-6063.00,"Textile Knitting and Weaving Machine Setters, Operators, and Tenders",1196356.9397192309,13173.92363076923,82.33702269230768,4.273157894736842,72.04894736842105,14530.0,160.0,51,Production Occupations,38260.0,18.4,38260.0,18.4,271980.00059615384,2994.962153846154,18.71851346153846,False,False,False,False,22.73401788098324,22.734017880983245,3303.2527981068647,36.37442860957319,126382452.05556865,1391685.63860227,0.011011699931176875,0.8697497304760611
51-6064.00,"Textile Winding, Twisting, and Drawing Out Machine Setters, Operators, and Tenders",1769284.457,19496.484065,85.887595,4.135217391304348,64.08695652173913,20600.0,227.0,51,Production Occupations,37660.0,18.11,37660.0,18.11,609246.4261538462,6713.540715384615,29.57506923076923,False,False,False,False,34.43462263761051,34.43462263761051,7093.532263347765,78.16659338737585,267142425.03767684,2943753.9069685745,0.011019417475728155,0.8703592941524566
51-6091.00,"Extruding and Forming Machine Setters, Operators, and Tenders, Synthetic and Glass Fibers",803260.9026153847,8841.260941538461,53.91012769230769,3.9452941176470584,69.87176470588236,14900.0,164.0,51,Production Occupations,44980.0,21.63,44980.0,21.63,470303.68596153846,5176.496946153846,31.564005769230768,False,False,False,False,58.549306262790694,58.549306262790694,8723.846633155814,96.02086227097674,392398621.5593485,4319018.384948534,0.011006711409395973,0.8693557163364158
51-6092.00,Fabric and Apparel Patternmakers,117453.49,1314.164923076923,41.067653846153846,4.296250000000001,85.69,2860.0,32.0,51,Production Occupations,67670.0,32.54,67670.0,32.54,105428.74429999999,1179.622313846154,36.86319730769231,False,False,False,False,89.7621214150384,89.76212141503842,2567.1966724700983,28.723878852812287,173722198.82605156,1943744.8819698074,0.01118881118881119,0.8837387121550468
51-6093.00,Upholsterers,1450327.3004615386,8982.494,69.0961076923077,4.084545454545455,68.19181818181818,20990.0,130.0,51,Production Occupations,46190.0,22.21,43150.0,20.74,369752.0737,2290.0319,17.61563,False,False,False,False,25.49438830685553,25.49438830685553,5351.272105608976,33.14270479891219,247175258.5580786,1430107.7120730611,0.00619342544068604,0.48918242791097893
51-7011.00,Cabinetmakers and Bench Carpenters,4395318.787092308,112728.81978461538,55.259225384615384,4.136,75.9675,79540.0,2040.0,51,Production Occupations,46020.0,22.12,46750.0,22.48,1432518.673376923,36740.48395384615,18.010041153846153,False,False,False,False,32.591917509687526,32.591917509687526,25923.61118720546,664.8751171976255,1193004586.8351953,31082911.728988994,0.025647472969575057,2.0257437854371245
51-7021.00,Furniture Finishers,912994.7257038462,10265.576676923078,64.15985423076923,4.012727272727273,66.36136363636363,14230.0,160.0,51,Production Occupations,42530.0,20.45,46380.0,22.3,126634.02880769229,1423.8541538461536,8.899088461538462,False,False,False,False,13.870181857848909,13.870181857848909,1973.7268783718996,22.192290972558254,83942604.13715689,1029278.4553072518,0.011243851018973999,0.8880859862134342
51-7031.00,"Model Makers, Wood",13926.532153846154,154.73924615384615,38.68481153846154,3.952142857142857,85.17142857142858,360.0,4.0,51,Production Occupations,51850.0,24.93,51850.0,24.93,7324.277538461538,81.38086153846153,20.345215384615383,False,False,False,False,52.592256690684906,52.592256690684906,189.33212408646565,2.103690267627396,9816870.633883243,109076.34037648048,0.011111111111111112,0.8776016377650812
51-7032.00,"Patternmakers, Wood",8909.641176923076,98.99601307692308,49.49800653846154,4.101,89.1755,180.0,2.0,51,Production Occupations,52520.0,25.25,52520.0,25.25,6085.200738461539,67.61334153846154,33.80667076923077,False,False,False,False,68.29905512045603,68.29905512045602,122.93829921682085,1.3659811024091206,6456719.474867431,71741.32749852701,0.01111111111111111,0.877601637765081
51-7041.00,"Sawing Machine Setters, Operators, and Tenders, Wood",3925008.0137538463,24565.418723076924,90.98303230769231,4.209545454545455,64.91227272727272,43140.0,270.0,51,Production Occupations,39950.0,19.21,38170.0,18.35,2159039.3439461538,13512.763626923077,50.04727269230769,False,False,False,False,55.007259510822394,55.007259510822394,23730.13175296878,148.51960067922045,948018763.5311028,5668993.157925844,0.0062586926286509045,0.49433750110550473
51-7042.00,"Woodworking Machine Setters, Operators, and Tenders, Except Sawing",6385542.652326923,77614.33058076924,100.79783192307693,4.0888,75.83359999999999,63350.0,770.0,51,Production Occupations,40440.0,19.44,37880.0,18.21,3204863.781269231,38954.14540769231,50.58979923076924,False,False,False,False,50.18937239580355,50.18937239580355,31794.967412741553,386.4581674476874,1285788482.1712685,14639035.382918399,0.012154696132596685,0.9600283109253374
51-8011.00,Nuclear Power Reactor Operators,313129.7466,3448.8066496153847,54.74296269230769,4.416315789473684,81.15157894736842,5720.0,63.0,51,Production Occupations,122610.0,58.95,122610.0,58.95,196929.1786,2168.975218846154,34.42817807692308,False,False,False,False,62.890600697723684,62.890600697723684,3597.3423599097946,39.62107843956592,441070146.7485399,4857940.427475178,0.011013986013986014,0.8699302947776241
51-8012.00,Power Distributors and Dispatchers,668161.4875615385,2911.3790307692307,72.78447576923077,4.454285714285715,82.98571428571428,9180.0,40.0,51,Production Occupations,107240.0,51.56,100620.0,48.38,343439.97445384617,1496.470476923077,37.411761923076924,False,False,False,False,51.40074380928981,51.400743809289814,4718.588281692804,20.56029752371592,506021407.3287363,2068777.136836296,0.004357298474945534,0.3441575050059142
51-8013.00,Power Plant Operators,2329510.4315076927,25782.342015384616,75.83041769230769,4.288181818181818,73.76227272727273,30720.0,340.0,51,Production Occupations,99670.0,47.92,103760.0,49.88,436058.87343589746,14478.517282051282,42.583874358974356,False,False,False,False,18.71890623617744,56.15671870853232,5750.44799575371,63.644281203003295,573147151.7367722,6603730.617623622,0.033203125,2.6225205191026837
51-8013.03,Biomass Plant Technicians,2538744.552369231,28098.08423846154,82.64142423076923,4.165,84.36277777777778,30720.0,340.0,51,Production Occupations,99670.0,47.92,103760.0,49.88,335291.3526153846,11132.720692307692,32.74329615384615,True,False,True,False,13.206974774302555,39.62092432290766,4057.182650665745,44.90371423262869,404379394.7918548,4659209.388777552,0.033203125,2.6225205191026837
51-8013.04,Hydroelectric Plant Technicians,626707.2354461539,6936.2128923076925,20.400626153846154,4.109523809523809,89.34857142857143,30720.0,340.0,51,Production Occupations,99670.0,47.92,103760.0,49.88,77730.46941538462,2580.8944923076924,7.590866153846154,True,False,True,False,12.402995373118387,37.20898611935516,3810.2001786219685,42.17018426860252,379762651.8032516,4375578.319710197,0.033203125,2.6225205191026837
51-8021.00,Stationary Engineers and Boiler Operators,1815840.2566384615,6489.357642307693,58.994160384615384,4.0484,81.11,30780.0,110.0,51,Production Occupations,75190.0,36.15,69450.0,33.39,1159489.7622692308,4143.725596153847,37.67023269230769,False,False,False,False,63.85417208536358,63.85417208536358,19654.31416787491,70.23958929389994,1477807882.2825143,4878139.476461351,0.0035737491877842757,0.2822695326144998
51-8031.00,Water and Wastewater Treatment Plant and System Operators,3171588.9074999997,43789.19596153846,25.022397692307692,4.2162500000000005,92.08125,126750.0,1750.0,51,Production Occupations,58260.0,28.01,59120.0,28.42,1176569.94,16244.555384615385,9.282603076923078,False,False,False,False,37.09717666175814,37.09717666175814,47020.67141877844,649.2005915807674,2739424316.8580317,38380738.97425497,0.013806706114398423,1.0905109108323494
51-8091.00,Chemical Plant and System Operators,1034096.0254153847,19128.45786923077,57.96502384615385,4.440526315789474,82.32052631578946,17840.0,330.0,51,Production Occupations,73540.0,35.35,53420.0,25.68,282235.31846153847,5220.720576923077,15.820365384615386,False,False,False,False,27.292950705246906,27.292950705246906,4869.062405816047,90.06673732731478,358070849.3237121,4811365.108025156,0.01849775784753363,1.4610296323779657
51-8092.00,Gas Plant Operators,658406.2102230769,6621.306953846154,41.38316846153846,4.163157894736842,79.37,15910.0,160.0,51,Production Occupations,83400.0,40.1,95690.0,46.01,328562.605226923,3304.212246153846,20.65132653846154,False,False,False,False,49.90271964713115,49.90271964713116,7939.522695858566,79.84435143540985,662156192.8346044,7640305.988854368,0.010056568196103082,0.7943094647276663
51-8093.00,"Petroleum Pump System Operators, Refinery Operators, and Gaugers",1972452.542307692,37344.196153846155,56.582115384615385,3.877916666666667,76.74249999999999,34860.0,660.0,51,Production Occupations,97540.0,46.9,101920.0,49.0,1159930.728276923,21960.82273846154,33.273973846153844,False,False,False,False,58.80652149530805,58.80652149530804,20499.953393264386,388.1230418690331,1999565453.9790082,39557500.427291855,0.0189328743545611,1.4953969387046993
51-8099.01,Biofuels Processing Technicians,1243630.560826923,6237.645446153846,77.97056807692307,4.316842105263158,85.5278947368421,15950.0,80.0,51,Production Occupations,61710.0,29.67,63380.0,30.47,541352.0976346154,2715.2456307692305,33.940570384615384,False,False,False,False,43.52997704355673,43.52997704355672,6943.0313384472975,34.82398163484538,428454463.89558274,2207143.9560165005,0.005015673981191222,0.3961587330350209
51-9011.00,Chemical Equipment Operators and Tenders,13060689.821423076,153763.71346153846,102.50914230769231,4.324347826086957,91.0004347826087,127410.0,1500.0,51,Production Occupations,57090.0,27.45,39110.0,18.81,5878965.010003846,69213.15057692307,46.14210038461539,False,False,False,False,45.01266847606126,45.01266847606125,57350.640905349646,675.1900271409188,3274148089.2864113,26406681.961481333,0.01177301624676242,0.9298816505634248
51-9012.00,"Separating, Filtering, Clarifying, Precipitating, and Still Machine Setters, Operators, and Tenders",4069499.1003076923,36790.67452307692,75.08300923076924,3.9685,74.48949999999999,54200.0,490.0,51,Production Occupations,49500.0,23.8,45620.0,21.94,2218385.946,20055.5187,40.92963,False,False,False,False,54.51250611733196,54.51250611733196,29545.77831559392,267.11127997492656,1462516026.6218991,12185616.592456149,0.00904059040590406,0.7140633251926214
51-9021.00,"Crushing, Grinding, and Polishing Machine Setters, Operators, and Tenders",1812560.5812115385,15871.808942307693,63.48723576923077,3.8319047619047617,74.96095238095238,28550.0,250.0,51,Production Occupations,46890.0,22.54,50440.0,24.25,990502.8400192307,8673.404903846153,34.69361961538461,False,False,False,False,54.64660603824707,54.64660603824706,15601.606023919538,136.6165150956177,731559306.4615871,6890937.021422957,0.008756567425569175,0.6916300122491882
51-9022.00,"Grinding and Polishing Workers, Hand",945992.0539615385,6386.4442461538465,79.83055307692308,3.949411764705882,74.42117647058824,11850.0,80.0,51,Production Occupations,41690.0,20.04,35710.0,17.17,534493.5481153845,3608.3952615384615,45.104940769230765,False,False,False,False,56.50084965059502,56.50084965059502,6695.35068359551,45.20067972047602,279129169.9990968,1614116.2728181987,0.006751054852320676,0.5332263115534671
51-9023.00,"Mixing and Blending Machine Setters, Operators, and Tenders",8208823.264184616,132689.22967692307,81.40443538461538,4.342499999999999,86.6,100840.0,1630.0,51,Production Occupations,47680.0,22.92,44920.0,21.6,4811157.110784615,77768.60462692307,47.71080038461538,False,False,False,False,58.60958332208056,58.60958332208056,59101.90382198604,955.3362081499131,2817978774.232294,42913702.4700941,0.016164220547401825,1.2767171783036235
51-9031.00,"Cutters and Trimmers, Hand",528295.438676923,5828.43624,74.72354153846155,4.054444444444445,67.02333333333334,7070.0,78.0,51,Production Occupations,38800.0,18.65,38800.0,18.65,331000.4782269231,3651.77331,46.81760653846154,False,False,False,False,62.65442667002566,62.65442667002564,4429.667965570814,48.87045280262001,171871117.0641476,1896173.5687416564,0.011032531824611032,0.8713951198176618
51-9032.00,"Cutting and Slicing Machine Setters, Operators, and Tenders",5621717.998923076,73316.47369230769,118.25237692307692,4.098400000000001,70.9344,47540.0,620.0,51,Production Occupations,45700.0,21.97,44830.0,21.55,4462452.6305,58197.74149999999,93.867325,False,False,False,False,79.37880611149207,79.37880611149204,37736.684425403335,492.1485978912508,1724566478.2409325,22063021.643464774,0.013041649137568362,1.0300835378058797
51-9041.00,"Extruding, Forming, Pressing, and Compacting Machine Setters, Operators, and Tenders",5994482.306196154,82632.01922692308,104.5974926923077,4.176153846153846,63.95692307692308,57310.0,790.0,51,Production Occupations,45130.0,21.7,38940.0,18.72,3440326.7282576924,47423.80239615385,60.03012961538462,False,False,False,False,57.39155697734937,57.39155697734938,32891.101303718926,453.39330012106,1484375401.8368351,17655135.106714077,0.013784679811551213,1.0887711820816135
51-9051.00,"Furnace, Kiln, Oven, Drier, and Kettle Operators and Tenders",1080851.6429538461,10701.501415384615,66.88438384615385,3.998823529411765,61.52117647058823,16160.0,160.0,51,Production Occupations,47010.0,22.6,37180.0,17.88,786309.2275692308,7785.239876923077,48.657749230769234,False,False,False,False,72.74904309904512,72.74904309904512,11756.245364805693,116.39846895847221,552661094.5995156,4327695.075875997,0.0099009900990099,0.7820212613748246
51-9061.00,"Inspectors, Testers, Sorters, Samplers, and Weighers",68537629.96816154,806897.9068615384,115.93360730769231,4.124516129032258,65.03483870967742,591180.0,6960.0,51,Production Occupations,47460.0,22.82,48000.0,23.08,40283235.305446155,474257.10904615384,68.14038923076923,False,False,False,False,58.77535497530236,58.77535497530236,347468.14354299253,4090.7647062810447,16490838092.550426,196356705.90149015,0.011773064041408708,0.9298854255828121
51-9071.00,Jewelers and Precious Stone and Metal Workers,1485717.3654923076,30450.227815384616,63.43797461538461,3.943793103448276,82.91862068965517,23420.0,480.0,51,Production Occupations,49140.0,23.63,46200.0,22.21,109657.02925384615,4488.884238461538,14.250426153846153,False,False,False,False,7.380746284641439,14.741709867252888,1728.5707798630249,35.42758216627891,84941968.12246904,1636754.2960820857,0.04093567251461988,3.2332691917660883
51-9071.06,Gem and Diamond Workers,965553.0222461538,19789.30190769231,41.22771230769231,4.175714285714286,55.50214285714286,23420.0,480.0,51,Production Occupations,49140.0,23.63,46200.0,22.21,67453.33730384614,2772.0549576923077,16.800333076923074,False,False,False,False,6.985979614763186,14.007846111109057,1636.116425777538,33.532702150863294,80398761.16270822,1549210.8393698842,0.04109589041095891,3.2459238657064646
51-9081.00,Dental Laboratory Technicians,2736965.3092923076,94405.93785,80.68883576923076,4.4541176470588235,65.29294117647059,33920.0,1170.0,51,Production Occupations,48310.0,23.23,45770.0,22.0,738416.5737846154,25470.14715,21.769356538461537,False,False,False,False,26.979391053207998,26.979391053207998,9151.409445248153,315.65887532253356,442104590.29993826,14447706.72351236,0.03449292452830189,2.724394235161057
51-9082.00,Medical Appliance Technicians,457609.06141153845,8363.612088461537,39.82672423076923,4.183333333333334,85.45466666666667,11490.0,210.0,51,Production Occupations,47060.0,22.63,40600.0,19.52,118685.49539999999,2169.1866,10.32946,False,False,False,False,25.936002017508862,25.93600201750887,2980.0466318117683,54.46560423676861,140240994.4930618,2211303.532012806,0.018276762402088774,1.443574495540473
51-9083.00,Ophthalmic Laboratory Technicians,2122233.1681384617,23328.710386153845,113.24616692307691,4.417222222222223,76.83055555555556,18740.0,206.0,51,Production Occupations,38420.0,18.47,38420.0,18.47,599216.0480538461,6586.8999946153845,31.975242692307692,False,False,False,False,28.23516553458895,28.23516553458896,5291.270021181969,58.16444100125324,203290594.21381125,2234677.8232681495,0.010992529348986126,0.8682355583865851
51-9111.00,Packaging and Filling Machine Operators and Tenders,34366853.66357692,472716.5824615385,89.52965576923077,4.284000000000001,86.549,383860.0,5280.0,51,Production Occupations,40900.0,19.67,40430.0,19.44,26561123.162284616,365348.6435076923,69.19481884615385,False,False,False,False,77.28703774368188,77.28703774368188,296674.02308289724,4080.7555928664033,12133967544.090498,164984948.61958867,0.013755014849163758,1.0864281203198212
51-9123.00,"Painting, Coating, and Decorating Workers",224983.7462653846,3984.3638653846156,26.562425769230767,4.2155555555555555,70.86444444444444,8470.0,150.0,51,Production Occupations,40860.0,19.64,42020.0,20.2,41441.048465384614,733.9028653846153,4.892685769230769,False,False,False,False,18.419574370720053,18.41957437072005,1560.1379491999885,27.62936155608008,63747236.60431153,1160985.772586485,0.017709563164108617,1.3987747473233287
51-9124.00,"Coating, Painting, and Spraying Machine Setters, Operators, and Tenders",13147922.649230769,146729.16812307693,82.43211692307692,4.099130434782609,72.37652173913044,159500.0,1780.0,51,Production Occupations,47590.0,22.88,45720.0,21.98,7114632.5953846155,79398.40764755245,44.60584699300699,True,False,True,False,54.11221822027423,54.11221822027423,86308.9880613374,963.1974843208814,4107444741.839047,44037388.9831507,0.011159874608150471,0.8814531810029217
51-9141.00,Semiconductor Processing Technicians,3008713.8776153848,13101.708953846155,93.58363538461539,4.1745,58.0955,32150.0,140.0,51,Production Occupations,51180.0,24.6,39090.0,18.8,1702854.909173077,7415.23133076923,52.965938076923074,False,True,True,False,56.597435929092335,56.597435929092335,18196.075651203188,79.23641030072926,931275151.8285792,3097351.2786555067,0.004354587869362363,0.34394341013499286
51-9151.00,Photographic Process Workers and Processing Machine Operators,497345.72907692305,9857.302738461538,89.61184307692308,3.998518518518519,72.92888888888889,5550.0,110.0,51,Production Occupations,40100.0,19.28,40250.0,19.35,456098.09278846154,9039.782019230768,82.17983653846153,False,False,False,False,91.7064460641861,91.70644606418608,5089.7077565623285,100.8770906706047,204097281.0381494,4060302.899491839,0.01981981981981982,1.5654515700674418
51-9161.00,Computer Numerically Controlled Tool Operators,19552548.48244231,106077.68603076923,110.49758961538461,4.262962962962963,83.08666666666667,176950.0,960.0,51,Production Occupations,49970.0,24.02,45880.0,22.06,13899183.549442308,75406.70363076923,78.54864961538462,True,True,True,True,71.0863014195997,71.08630141959972,125787.21036198169,682.4284936281572,6285586901.788225,31309819.28765985,0.005425261373269285,0.4285096439836282
51-9162.00,Computer Numerically Controlled Tool Programmers,844453.4579076923,4487.000307692308,29.913335384615387,4.048,77.03933333333333,28230.0,150.0,51,Production Occupations,65670.0,31.57,69590.0,33.46,853705.4553772189,4536.16076183432,30.24107174556213,True,True,True,True,101.09561958482003,101.09561958482003,28539.293408794692,151.64342937723004,1874175398.1555474,10552866.250361439,0.005313496280552604,0.41968197342644686
51-9191.00,Adhesive Bonding Machine Operators and Tenders,867845.9765384615,4991.718846153846,71.31026923076922,4.23,82.640625,12170.0,70.0,51,Production Occupations,45210.0,21.74,54640.0,26.27,489450.0643076923,2815.242769230769,40.21775384615385,False,False,False,False,56.3982639246586,56.3982639246586,6863.668719630951,39.47878474726102,310306462.8145153,2157120.798590342,0.005751848808545604,0.4543048741101077
51-9192.00,"Cleaning, Washing, and Metal Pickling Equipment Operators and Tenders",405145.9454076923,5541.953176923077,29.168174615384615,3.960909090909091,71.74545454545455,13890.0,190.0,51,Production Occupations,41460.0,19.93,43730.0,21.02,281203.42930384615,3846.5551884615384,20.245027307692308,False,False,False,False,69.40793373135583,69.40793373135583,9640.761995285324,131.87507408957606,399705992.3245295,5766896.989937161,0.013678905687544997,1.0804167030801215
51-9193.00,Cooling and Freezing Equipment Operators and Tenders,395275.6543038462,4378.62257423077,59.98113115384616,3.8955555555555557,56.053333333333335,6590.0,73.0,51,Production Occupations,40160.0,19.31,40160.0,19.31,236122.37401923077,2615.6196211538463,35.83040576923077,False,False,False,False,59.73612881245776,59.73612881245776,3936.6108887409664,43.60737403309417,158094293.29183722,1751272.1411690617,0.011077389984825494,0.8749382033560824
51-9194.00,Etchers and Engravers,1144383.631203846,10911.882061538461,136.39852576923076,4.17576923076923,46.301153846153845,8390.0,80.0,51,Production Occupations,40450.0,19.45,39190.0,18.84,825408.6130461538,7870.403938461539,98.38004923076923,False,False,False,False,72.12691535773338,72.1269153577334,6051.448198513831,57.701532286186705,244781079.62988445,2261323.050295657,0.009535160905840287,0.7531265544587109
51-9195.00,"Molders, Shapers, and Casters, Except Metal and Plastic",2615499.5277884617,38385.74846538462,75.26617346153846,3.8240909090909088,48.28409090909091,34750.0,510.0,51,Production Occupations,45690.0,21.97,39260.0,18.87,6612.882147692308,13071.976338461538,25.631326153846153,False,False,False,False,0.25283438507380795,34.054243726026456,87.85994881314826,1.2894553638764206,4014321.061272744,50624.01758578827,1.9767441860465116,156.13145416053186
51-9195.03,"Stone Cutters and Carvers, Manufacturing",1545986.6420192309,22689.300357692307,44.48882423076923,3.94125,67.443125,34750.0,510.0,51,Production Occupations,45690.0,21.97,39260.0,18.87,7416.320401538462,13318.040157692307,26.11380423076923,False,False,False,False,0.4797143907952478,58.69744746526359,166.70075080134862,2.4465433930557636,7616557.304113618,96051.29361136928,1.7957746478873238,141.83772948386346
51-9195.04,"Glass Blowers, Molders, Benders, and Finishers",3154935.82,46302.6552,90.78952,4.14375,47.724375,34750.0,510.0,51,Production Occupations,45690.0,21.97,39260.0,18.87,70455.68199692309,15663.64333846154,30.713026153846155,False,False,False,False,2.233189073143272,33.828823143735264,776.0332029172871,11.389264273030687,35456957.04129085,447142.51535918476,0.22231909328683522,17.5596840337477
51-9195.05,"Potters, Manufacturing",2156722.2758653844,31652.614696153847,62.06395038461538,4.186521739130435,75.88521739130434,34750.0,510.0,51,Production Occupations,45690.0,21.97,39260.0,18.87,164129.44595384615,14303.830730769234,28.046726923076925,False,False,False,False,7.6101335712308735,45.190044702712385,2644.5214160027285,38.81168121327746,120828183.49716467,1523746.604433273,0.08714969241285032,6.883444151301646
51-9196.00,"Paper Goods Machine Setters, Operators, and Tenders",6154645.676846154,58404.06418461539,63.48267846153846,4.192857142857142,58.62357142857143,96950.0,920.0,51,Production Occupations,49390.0,23.75,59100.0,28.42,3937426.5838653846,37363.924261538465,40.61296115384616,False,False,False,False,63.97487021353686,63.974870213536875,62023.63667202398,588.5688059645391,3063347415.2312646,34784416.43250427,0.009489427539969057,0.7495143435476919
51-9197.00,Tire Builders,3167911.1067923075,34896.87485307692,151.06872230769233,4.396,50.7365,20970.0,231.0,51,Production Occupations,55580.0,26.72,55580.0,26.72,810020.521973077,8922.97284576923,38.627588076923075,False,False,False,False,25.569547082186578,25.569547082186574,5361.934023134526,59.065653759850996,298016293.00581694,3282869.0359725184,0.011015736766809727,0.8700685764967112
51-9198.00,Helpers--Production Workers,15836644.606846156,121027.55446153847,94.55277692307693,3.7243333333333335,56.074666666666666,167490.0,1280.0,51,Production Occupations,38220.0,18.38,35940.0,17.280000000000005,10150138.277723078,77569.86683076923,60.60145846153846,False,False,False,False,64.09273258133979,64.09273258133979,107348.91780048602,820.3869770411492,4102875638.3345757,29484707.954858903,0.007642247298346169,0.6036163870710929
53-1041.00,Aircraft Cargo Handling Supervisors,178738.66286153847,879.6194038461538,17.592388076923076,4.498333333333333,72.11166666666666,10160.0,50.0,53,Transportation and Material Moving Occupations,63940.0,30.74,78990.0,37.98,99347.08252307691,488.91280769230764,9.778256153846153,True,False,True,False,55.58231270871542,55.582312708715435,5647.162971205486,27.79115635435771,361079600.37887883,2195223.4404307157,0.004921259842519685,0.3887015127896521
53-1042.00,"First-Line Supervisors of Helpers, Laborers, and Material Movers, Hand",6507501.0368,71661.99491538461,52.84807884615385,3.9945833333333334,79.10666666666667,123136.0,1356.0,53,Transportation and Material Moving Occupations,61900.0,29.76,61900.0,29.76,7315186.360675769,80567.76867423077,35.98381807692307,True,False,True,False,112.41160499719167,112.42747117124176,138419.15392934193,1524.3013637619192,8568145628.226266,94354254.4168628,0.011013768440314623,0.8699131099066929
53-1042.01,Recycling Coordinators,3852470.02624,42424.22488615385,31.286301538461537,3.66,59.20086956521739,123136.0,1356.0,53,Transportation and Material Moving Occupations,61900.0,29.76,61900.0,29.76,2368610.91499,26099.14752,22.65551,True,False,True,False,61.48291612541779,61.5194445862889,75707.60360019444,833.7083426606653,4686300662.852036,51606546.41069518,0.011018756755205692,0.870307107705321
53-1043.00,First-Line Supervisors of Material-Moving Machine and Vehicle Operators,4035866.65344,44443.827816923076,32.77568423076923,3.9463157894736844,86.13684210526316,123136.0,1356.0,53,Transportation and Material Moving Occupations,61900.0,29.76,61900.0,29.76,5103407.169163637,56208.10163412587,8.289057902097902,True,True,True,True,126.45133269737023,126.46998333641113,155707.1130302338,1714.6800713763403,9638270296.571472,106138696.41819546,0.011013838357588356,0.8699186322629472
53-2011.00,"Airline Pilots, Copilots, and Flight Engineers",8067072.610961539,144606.13542307692,81.23940192307693,4.28375,78.83291666666666,99300.0,1780.0,53,Transportation and Material Moving Occupations,226600.0,108.9423076923077,133230.0,64.05288461538461,6440360.02373077,115446.53416153847,64.85760346153846,False,False,False,False,79.83515624961164,79.83515624961164,79276.31015586435,1421.0657812430873,17964011881.318863,189328594.0350165,0.017925478348439074,1.415828624068137
53-2012.00,Commercial Pilots,2811212.5928692305,36882.58852307692,54.23910076923077,4.40875,83.19208333333333,51830.0,680.0,53,Transportation and Material Moving Occupations,122670.0,58.97596153846154,101160.0,48.63461538461539,1920919.373403846,25202.106384615385,37.06192115384616,False,False,False,False,68.33063348806654,68.33063348806654,35415.76733686488,464.64830771885244,4344452179.213215,47003822.80883911,0.013119814779085472,1.0362573843569933
53-2021.00,Air Traffic Controllers,3444597.9766153847,53821.843384615386,153.77669538461538,4.473478260869565,83.81739130434782,22400.0,350.0,53,Transportation and Material Moving Occupations,144580.0,69.51,156120.0,75.06,2093339.6873846154,32708.432615384616,93.45266461538462,False,False,False,False,60.771669193207345,60.771669193207345,13612.853899278445,212.7008421762257,1968146416.7576776,33206855.480552357,0.015625,1.2341273031071454
53-2022.00,Airfield Operations Specialists,1163714.9696,20281.090215384615,69.93479384615385,4.045925925925926,67.87296296296296,16640.0,290.0,53,Transportation and Material Moving Occupations,56750.0,27.28,61400.0,29.52,716951.2896,12494.94435,43.086014999999996,False,False,False,False,61.60883964966399,61.608839649663985,10251.710917704087,178.66563498402556,581784594.5797069,10970069.988019168,0.017427884615384616,1.376526607311816
53-2031.00,Flight Attendants,13289143.002796154,146363.39960807693,102.13775269230769,4.0308,93.4604,130110.0,1433.0,53,Transportation and Material Moving Occupations,67130.0,32.27403846153846,49330.0,23.716346153846157,9919983.135415385,109256.28954769231,76.24304923076923,False,False,False,False,74.6472750976352,74.6472750976352,97123.56962953316,1069.6954521491125,6519905229.230561,52768076.65451572,0.011013757589731766,0.8699122528826572
53-3011.00,"Ambulance Drivers and Attendants, Except Emergency Medical Technicians",155773.41664615384,1715.0550011538462,12.895150384615384,4.087272727272727,88.04909090909092,12080.0,133.0,53,Transportation and Material Moving Occupations,34330.0,16.51,34330.0,16.51,13310.041353846154,146.54267384615386,1.1018246153846154,False,False,False,False,8.544488296151647,8.544488296151647,1032.1741861751188,11.364169433881692,35434539.81139183,390131.9366651585,0.011009933774834437,0.8696102321231806
53-3031.00,Driver/Sales Workers,19890317.144561537,161059.05789999999,47.650608846153844,3.880909090909091,63.86181818181819,417420.0,3380.0,53,Transportation and Material Moving Occupations,37130.0,17.85,26310.0,12.65,18583250.219653845,150475.2665,44.519309615384614,False,False,False,False,93.42862702787484,93.42862702787485,389989.77493975515,3157.8875935421697,14480320343.51311,83084022.58609448,0.008097359973168511,0.6395630736623489
53-3032.00,Heavy and Tractor-Trailer Truck Drivers,106982890.53332308,1254561.5423230769,51.67057423076923,4.340344827586207,78.19413793103449,2070480.0,24280.0,53,Transportation and Material Moving Occupations,57440.0,27.62,59580.0,28.64,51561346.59784615,604646.9878461539,24.903088461538463,False,False,False,False,48.19588098695632,48.19588098695633,997886.0766587332,11701.959903632995,57318576243.27763,697202771.0584538,0.01172674935280708,0.9262272993915689
53-3033.00,Light Truck Drivers,36082699.24181538,358138.23424615385,36.285535384615386,4.41,78.43153846153847,994410.0,9870.0,53,Transportation and Material Moving Occupations,44140.0,21.22,43760.0,21.04,21925229.761730768,217618.5051923077,22.04848076923077,False,True,True,False,60.763829265639146,60.763829265639146,604241.5946004422,5997.389948518584,26671223985.66352,262445784.14717323,0.009925483452499472,0.7839558480171374
53-3052.00,"Bus Drivers, Transit and Intercity",8474634.1875,63710.5,56.884375,4.2542857142857144,84.59285714285714,148980.0,1120.0,53,Transportation and Material Moving Occupations,57440.0,27.61,49500.0,23.8,4827804.2228999995,36294.40683076923,32.405720384615385,True,False,True,False,56.967700505833776,56.967700505833776,84870.48021359116,638.0382456653383,4874960383.468677,31582893.160434246,0.007517787622499664,0.5937860456888184
53-4011.00,Locomotive Engineers,2331473.328369231,25508.460923076924,72.88131692307692,4.5878571428571435,90.2242857142857,31990.0,350.0,53,Transportation and Material Moving Occupations,77400.0,37.21,79800.0,38.37,1369332.9097,14981.7605,42.80503,False,False,False,False,58.73251445933511,58.73251445933511,18788.5313755413,205.5638006076729,1454232328.4668968,16403991.288492298,0.010940919037199126,0.8641591619130997
53-4013.00,"Rail Yard Engineers, Dinkey Operators, and Hostlers",228229.50276923075,2489.7763938461535,69.16045538461537,4.204782608695653,76.55434782608695,3300.0,36.0,53,Transportation and Material Moving Occupations,58030.0,27.9,58030.0,27.9,71951.11592307693,784.9212646153845,21.80336846153846,False,False,False,False,31.52577342107638,31.525773421076376,1040.3505228955205,11.349278431587498,60371540.84362706,658598.6273850225,0.010909090909090908,0.8616452443511705
53-4022.00,"Railroad Brake, Signal, and Switch Operators and Locomotive Firers",1375156.7274307692,15120.102059230769,110.36570846153846,4.226,80.89920000000001,12460.0,137.0,53,Transportation and Material Moving Occupations,65480.0,31.48,65480.0,31.48,484916.3573261538,5331.744859846153,38.917845692307694,True,True,True,True,35.26262480874685,35.26262480874686,4393.723051169857,48.30979598798318,287700985.39060223,3163325.4412931385,0.010995184590690208,0.8684452803887199
53-4031.00,Railroad Conductors and Yardmasters,2202948.946153846,24242.23846153846,51.57923076923077,4.0745,73.827,42710.0,470.0,53,Transportation and Material Moving Occupations,74080.0,35.62,74080.0,35.62,1242770.66835,13676.00595,29.097885,False,False,False,False,56.41395686993871,56.41395686993871,24094.40097915082,265.14559728871194,1784913224.535493,19641985.84714778,0.011004448606883635,0.8691769908092469
53-4041.00,Subway and Streetcar Operators,511841.54353846156,50071.455346153845,55.63495038461538,4.564,96.20599999999999,9200.0,900.0,53,Transportation and Material Moving Occupations,84830.0,40.78,57200.0,27.5,241638.1910769231,23638.518692307694,26.26502076923077,False,False,False,False,47.20956986149085,47.20956986149085,4343.2804272571575,424.88612875341767,368440478.64422464,24303486.56469549,0.09782608695652174,7.726710071627345
53-5011.00,Sailors and Marine Oilers,1298434.252553846,14284.432944230768,41.40415346153846,3.7621428571428575,73.96857142857142,31360.0,345.0,53,Transportation and Material Moving Occupations,49610.0,23.85,49610.0,23.85,487518.47113846155,5363.325017307692,15.545869615384614,False,False,False,False,37.54664282612524,37.54664282612524,11774.627190272875,129.53591775013209,584139254.9094373,6426276.879584053,0.011001275510204082,0.8689263664733983
53-5021.00,"Captains, Mates, and Pilots of Water Vessels",3721240.573603846,41008.30245,105.14949346153846,4.3389655172413795,84.44413793103449,35390.0,390.0,53,Transportation and Material Moving Occupations,85540.0,41.13,49120.0,23.62,2802836.2080961536,30887.429249999997,79.19853653846154,False,False,False,False,75.31994109646448,75.31994109646448,26655.727154038777,293.74777027621144,2280130900.756477,14428890.475967506,0.011020062164453236,0.8704102143417448
53-5022.00,Motorboat Operators,127878.91953846153,1396.9966,53.73063846153846,4.254375,75.67375,2380.0,26.0,53,Transportation and Material Moving Occupations,51880.0,24.94,51880.0,24.94,50595.857953846156,552.72786,21.258763846153848,False,False,False,False,39.56544060307664,39.56544060307663,941.6574863532239,10.287014556799926,48853190.39200526,533690.3152067802,0.010924369747899159,0.8628520304076848
53-5031.00,Ship Engineers,254523.951,2818.1556346153843,29.664796153846154,4.333529411764706,88.21411764705883,8580.0,95.0,53,Transportation and Material Moving Occupations,101320.0,48.71,101320.0,48.71,114263.03129999999,1265.1501134615382,13.317369615384614,False,False,False,False,44.892840477712056,44.892840477712056,3851.8057129876943,42.64819845382645,390264954.8399132,4321115.467341696,0.011072261072261072,0.8745331005700983
53-6011.00,Bridge and Lock Tenders,255078.64984615386,2813.3674615384616,93.77891538461539,4.566111111111111,74.32722222222223,2720.0,30.0,53,Transportation and Material Moving Occupations,58490.0,28.12,58490.0,28.12,149733.7716923077,1651.475423076923,55.04918076923077,False,False,False,False,58.70102095279904,58.701020952799055,1596.667769916134,17.610306285839712,93389097.86239468,1030026.8146587647,0.011029411764705883,0.8711486845462203
53-6021.00,Parking Attendants,8423641.491326923,26900.600380769232,62.55953576923077,3.95,66.38133333333333,134650.0,430.0,53,Transportation and Material Moving Occupations,34600.0,16.63,34590.0,16.63,4600483.698115384,14691.481546153846,34.16623615384616,False,True,True,False,54.61395410585902,54.61395410585902,73537.68920353918,234.84000265519379,2544404046.442456,8123115.691843153,0.0031934645376903085,0.252233073757955
53-6031.00,Automotive and Watercraft Service Attendants,5508444.193007693,94731.5629,56.054179230769236,3.9314285714285715,65.79714285714286,98270.0,1690.0,53,Transportation and Material Moving Occupations,34850.0,16.76,34350.0,16.51,2191452.710973077,37687.54535,22.300322692307695,False,False,False,False,39.783514803596674,39.783514803596674,39095.25999749445,672.3414001807838,1362469810.9126816,23094927.096209925,0.017197517044876362,1.3583312211668754
53-6041.00,Traffic Technicians,157279.8106153846,1722.1931769230769,20.749315384615382,3.7939130434782613,53.59608695652174,7580.0,83.0,53,Transportation and Material Moving Occupations,58480.0,28.12,58480.0,28.12,126137.97535384615,1381.194189230769,16.640893846153848,False,False,False,False,80.19972484727023,80.19972484727022,6079.1391434230845,66.5657716232343,355508057.107382,3892766.3245267416,0.010949868073878627,0.8648659939452712
53-6051.00,Transportation Inspectors,339442.78973846155,3493.4077846153846,14.555865769230769,4.094285714285714,75.64428571428572,23320.0,240.0,53,Transportation and Material Moving Occupations,85750.0,41.23,62960.0,30.27,72452.45185054945,643.124250989011,9.320641318681318,False,False,False,False,21.34452521627388,18.409652999036222,4977.5432804350685,51.22686051905731,426824336.29730713,3225243.1382798483,0.008876500857632934,0.7011028521253629
53-6051.01,Aviation Inspectors,354741.8308923077,3650.8593230769234,15.211913846153847,4.2846153846153845,78.90153846153846,23320.0,240.0,53,Transportation and Material Moving Occupations,85750.0,41.23,62960.0,30.27,50934.497589743594,812.5057076923077,6.552465384615385,False,False,False,False,14.358187604101941,22.255190786358007,3348.3293492765724,34.45965024984466,287119241.7004661,2169579.5797302197,0.015951972555746142,1.2599529516455796
53-6051.07,"Transportation Vehicle, Equipment and Systems Inspectors, Except Aviation",961234.7845692307,9892.639292307693,41.21933038461538,3.8392857142857144,54.53357142857143,23320.0,240.0,53,Transportation and Material Moving Occupations,85750.0,41.23,62960.0,30.27,51927.13132820512,313.9676465384615,6.680162692307692,False,False,False,False,5.402127779996625,3.173750070748017,1259.776198295213,12.9651066719919,108025809.0038145,816283.1160686101,0.006046312178387651,0.4775628123172762
53-6061.00,Passenger Attendants,774002.0937384615,1832.6805692307692,30.544676153846154,4.185,59.73083333333333,25340.0,60.0,53,Transportation and Material Moving Occupations,37560.0,18.06,33780.0,16.24,511225.5237923077,1210.478746153846,20.174645769230768,False,True,True,False,66.04963060539897,66.04963060539897,16736.9763954081,39.62977836323938,628640833.4115282,1338693.9131102264,0.002367797947908445,0.18701850212831245
53-7011.00,Conveyor Operators and Tenders,1707166.7751461538,15067.089726923077,65.50908576923077,4.308,56.552499999999995,26060.0,230.0,53,Transportation and Material Moving Occupations,41230.0,19.82,40680.0,19.56,892783.1051846154,7879.513207692307,34.25875307692308,False,False,False,False,52.296185597226284,52.296185597226284,13628.38596663717,120.28122687362045,561898353.4044505,4893040.30921888,0.008825786646201074,0.6970972333744121
53-7021.00,Crane and Tower Operators,1117087.569230769,13564.634769230768,26.597323076923075,4.134545454545454,76.08545454545455,42000.0,510.0,53,Transportation and Material Moving Occupations,66370.0,31.91,69020.0,33.18,679572.1315384614,8251.94731153846,16.180288846153847,False,False,False,False,60.83427568766319,60.83427568766319,25550.395788818536,310.25480600708227,1695779768.5038862,21413786.710608818,0.012142857142857144,0.959093218414696
53-7031.00,Dredge Operators,33738.22521538461,360.31114307692303,32.755558461538456,4.276666666666666,91.56833333333333,1030.0,11.0,53,Transportation and Material Moving Occupations,48430.0,23.28,48430.0,23.28,13264.362976923076,141.65824538461538,12.878022307692307,False,False,False,False,39.31553272954777,39.315532729547776,404.949987114342,4.324708600250254,19611727.875947583,209445.63751011982,0.010679611650485438,0.8435200207644956
53-7041.00,Hoist and Winch Operators,121793.91027692308,1325.9820876923077,49.110447692307694,4.202307692307692,69.09461538461538,2480.0,27.0,53,Transportation and Material Moving Occupations,52310.0,25.15,52310.0,25.15,98048.5751076923,1067.4643257692308,39.53571576923077,False,False,False,False,80.5036761565164,80.5036761565164,1996.491168681607,21.73599256225943,104436453.03373486,1137009.7709317908,0.010887096774193548,0.8599080563585271
53-7051.00,Industrial Truck and Tractor Operators,33152652.325315382,284716.9218153846,41.14406384615384,4.276666666666667,69.55666666666667,805770.0,6920.0,53,Transportation and Material Moving Occupations,46390.0,22.3,47500.0,22.84,26576504.889092304,228240.58209230768,32.98274307692307,False,False,False,False,80.16403824438044,80.16403824438045,645937.7709617442,5547.351446511126,29965053194.915314,263499193.70927846,0.00858805862715167,0.6783204884769756
53-7061.00,Cleaners of Vehicles and Equipment,17763444.0432,211379.094,47.50092,3.6670000000000003,74.3255,373960.0,4450.0,53,Transportation and Material Moving Occupations,35270.0,16.96,34170.0,16.43,3013472.2313384614,35859.32032692308,8.058274230769232,False,False,False,False,16.964459279460755,16.96445927946076,63440.29192147144,754.9184379360036,2237539096.0702977,25795563.024273243,0.01189966841373409,0.9398851639878999
53-7062.00,"Laborers and Freight, Stock, and Material Movers, Hand",104293614.92297308,1040303.0460576924,34.96816961538462,3.82,53.29923076923077,2982530.0,29750.0,53,Transportation and Material Moving Occupations,38940.0,18.72,39570.0,19.02,20305871.243790384,405092.0993269231,13.616541153846153,False,False,False,False,19.469908353246222,38.939816706492444,580695.8576080746,5792.29773509075,22612296695.258423,229201221.377541,0.019949505956352493,1.575694718990927
53-7062.04,Recycling and Reclamation Workers,121318984.78642309,1210126.9048076924,40.67653461538462,3.992857142857143,54.92785714285714,2982530.0,29750.0,53,Transportation and Material Moving Occupations,38940.0,18.72,39570.0,19.02,11483795.856769232,229096.05384615384,7.700707692307693,True,False,True,False,9.465786312823147,18.93157262564629,282319.9165158442,2816.0714280648863,10993537549.126972,111431946.40852755,0.01994950595635249,1.5756947189909267
53-7063.00,Machine Feeders and Offbearers,3046065.1355346153,10438.432676923077,65.24020423076924,4.075384615384616,72.78307692307693,46690.0,160.0,53,Transportation and Material Moving Occupations,39700.0,19.09,39440.0,18.96,769413.0578615386,2636.6692923076926,16.47918307692308,False,False,False,False,25.259245079357072,25.25924507935707,11793.541527551817,40.414792126971314,468203598.6438071,1593959.4014877486,0.0034268579995716426,0.27066745735311987
53-7064.00,"Packers and Packagers, Hand",29866163.405723076,348597.4779,49.657760384615386,4.128333333333333,72.48166666666667,601440.0,7020.0,53,Transportation and Material Moving Occupations,35580.0,17.1,35430.0,17.03,7620082.4112,88941.5046,12.669730000000001,False,False,False,False,25.514098706564393,25.514098706564393,153451.9952607609,1791.0897292008203,5459821991.377872,63458309.10558506,0.011671987230646448,0.9219019598629593
53-7065.00,Stockers and Order Fillers,200687368.488,1948729.4886153846,72.20190769230769,3.9113333333333333,81.50099999999999,2779530.0,26990.0,53,Transportation and Material Moving Occupations,37090.0,17.83,37800.0,18.17,132693018.57945,1288485.6689653846,47.73937269230769,True,True,True,True,66.11926778410286,66.11926778410287,1837804.8838394743,17845.59037492936,68164183141.6061,674563316.1723299,0.009710274758682223,0.7669577728231601
53-7071.00,Gas Compressor and Gas Pumping Station Operators,153588.00549615384,1683.1562246153846,30.056361153846154,3.9853846153846155,91.80461538461539,5110.0,56.0,53,Transportation and Material Moving Occupations,71510.0,34.38,71510.0,34.38,145651.3755846154,1596.1794584615384,28.503204615384615,False,False,False,False,94.83251971018193,94.83251971018191,4845.941757190296,53.106211037701875,346533295.05667806,3797625.151306061,0.01095890410958904,0.8655796975217237
53-7072.00,"Pump Operators, Except Wellhead Pumpers",310134.70384615386,4922.773076923077,24.613865384615387,4.162142857142857,76.58714285714287,12600.0,200.0,53,Transportation and Material Moving Occupations,60020.0,28.86,73840.0,35.5,244505.34553846155,3881.037230769231,19.405186153846152,False,False,False,False,78.83843455963297,78.83843455963299,9933.642754513754,157.67686911926594,596217238.1259155,11642860.015766596,0.015873015873015872,1.2537166253786873
53-7073.00,Wellhead Pumpers,353158.5493269231,3663.8927307692306,20.354959615384615,4.058571428571429,70.29571428571428,17350.0,180.0,53,Transportation and Material Moving Occupations,70010.0,33.66,66890.0,32.16,221884.4988653846,2301.971746153846,12.788731923076924,False,False,False,False,62.82857919998518,62.82857919998519,10900.758491197428,113.09144255997333,763162101.968732,7564686.592836616,0.01037463976945245,0.8194320767604792
53-7081.00,Refuse and Recyclable Material Collectors,5067620.027815385,24759.17243076923,36.410547692307695,3.975,82.45785714285715,139180.0,680.0,53,Transportation and Material Moving Occupations,48350.0,23.24,50720.0,24.38,3076425.459176923,15030.674753846153,22.10393346153846,False,False,False,False,60.70750060760077,60.70750060760077,84492.69934565875,412.81100413168525,4085222013.362601,20937774.129559077,0.00488575944819658,0.38589754441171836
53-7121.00,"Tank Car, Truck, and Ship Loaders",715618.2726,2621.312353846154,65.53280884615384,4.287894736842105,67.15578947368421,10920.0,40.0,53,Transportation and Material Moving Occupations,58070.0,27.92,47540.0,22.86,434947.0608,1593.212676923077,39.83031692307692,False,False,False,False,60.77919995247477,60.77919995247477,6637.088634810245,24.311679980989908,385415737.02343094,1155777.2662962603,0.0036630036630036634,0.28931922124123555
