soc_code_2019,title,task_comp_nat,task_comp_ut,freq_sum_eco,importance,relevance,tot_emp_nat,tot_emp_ut,major_group_code,major_occ_category,a_med_nat,h_med_nat,a_med_ut,h_med_ut,ai_task_comp_nat,ai_task_comp_ut,freq_sum_ai,code_changed,title_changed,code_or_title_changed,code_and_title_changed,pct_automated_nat,pct_automated_ut,people_automated_nat,people_automated_ut,eco_value_nat,eco_value_ut,ut_share_of_nat,ut_concentration_index
11-1011.00,Chief Executives,3761657.2440192304,70669.79386923077,17.756229615384616,3.950967741935484,72.6974193548387,211850.0,3980.0,11,Management Occupations,206420.0,99.24,163980.0,78.84,930589.9948738462,34965.17783846154,15.507808461538461,False,False,False,False,24.738830108814902,49.47683575129994,52409.21158552437,984.6054383308332,10818309455.48394,161455599.77749002,0.037573128908614084,2.958895101711236
11-1011.03,Chief Sustainability Officers,1618392.793826923,30404.547176923075,7.639333461538461,3.757222222222222,96.50277777777778,211850.0,3980.0,11,Management Occupations,206420.0,99.24,163980.0,78.84,64697.48247115384,2431.0480769230767,3.695580769230769,False,False,False,False,3.9976378242618913,7.995672695853309,8468.995730698816,159.10598540562327,1748170098.7308497,26090199.486814104,0.037575620937135984,2.9590913497001834
11-1021.00,General and Operations Managers,69870293.94412307,894913.3179076923,19.492775384615385,3.6958823529411764,69.39117647058823,3584420.0,45910.0,11,Management Occupations,102950.0,49.5,91230.0,43.86,66962070.641253844,857664.1864346154,18.68142423076923,False,False,False,False,95.83768274226095,95.83768274226097,3435225.06775015,43999.080146972,353656420724.8779,4014036081.8082557,0.012808208859452856,1.0086502656753964
11-2011.00,Advertising and Promotions Managers,372525.7100769231,4096.017286153846,17.655246923076923,3.691904761904762,72.79380952380953,21100.0,232.0,11,Management Occupations,126960.0,61.04,108370.0,52.10000000000001,401997.2386674208,4420.064425158371,20.210278371040722,False,False,False,False,107.91127371703072,107.91127371703072,22769.278754293482,250.35415502351125,2890787630.6451006,27130879.779897913,0.010995260663507108,0.8658800548237188
11-2021.00,Marketing Managers,3934261.3544769227,67039.20849230769,10.219391538461538,3.4295,73.021,384980.0,6560.0,11,Management Occupations,161030.0,77.42,135190.0,65.0,3153931.0297615384,53742.49975384615,8.788786153846154,False,False,False,False,80.16577307891806,80.16577307891805,308622.1931992188,5258.874713977025,49697431770.8702,710947272.582554,0.01703984622577796,1.3418929696804653
11-2022.00,Sales Managers,6808787.663576922,97669.57838461538,11.278242307692308,3.584705882352941,82.30588235294118,603710.0,8660.0,11,Management Occupations,138060.0,66.38,130430.0,62.71,4630194.7115230765,66418.4562153846,9.739890769230769,False,False,False,False,68.00321790459029,68.00321790459029,410542.226811802,5889.0786705375185,56679459833.63738,768112530.9982085,0.014344635669443937,1.1296443349550027
11-3012.00,Administrative Services Managers,1594059.623069231,11352.98621923077,6.272368076923077,3.655,74.9975,254140.0,1810.0,11,Management Occupations,108390.0,52.11,105800.0,50.86,2006252.4955560733,19667.300425824174,13.710562403846154,True,False,True,False,125.85805866490733,173.23460141711286,319855.6702909955,2278.0308618348226,34669156102.841,241015665.18212423,0.009803003594706053,0.7719894552562375
11-3013.00,Facilities Managers,1464904.6937076922,16612.428307692306,10.382767692307691,3.921818181818182,82.02363636363636,141090.0,1600.0,11,Management Occupations,104690.0,50.33,94310.0,45.34,2006252.4955560733,19667.300425824174,13.710562403846154,True,True,True,True,136.954472476856,118.3890763081116,193229.06521759613,2191.271559629696,20229150837.63014,206658820.78867665,0.009803003594706053,0.7719894552562375
11-3021.00,Computer and Information Systems Managers,8508774.72885,106562.20498846154,13.172089615384616,3.84,89.90588235294118,645970.0,8090.0,11,Management Occupations,171200.0,82.31,162400.0,78.08,7676525.86305,96139.28546538462,11.883718846153846,False,False,False,False,90.21893407310266,90.21893407310264,582787.2484320212,7298.711766514005,99773176931.56204,1185310790.8818743,0.01252380141492639,0.986253094640044
11-3031.00,Financial Managers,15301560.974023078,162058.7496576923,18.691897307692308,3.904705882352941,57.60529411764706,818620.0,8670.0,11,Management Occupations,161700.0,77.74,137760.0,66.23,2705716.05106,85960.26722461538,18.636154230769232,False,False,False,False,17.68261457542403,53.04265731173694,144753.41943733618,1533.0826836892634,23406627923.01726,211197470.50503293,0.03176987740119268,2.501887315613048
11-3031.01,Treasurers and Controllers,9755610.406215385,103321.61713846153,11.917141538461538,4.113181818181818,79.08318181818181,818620.0,8670.0,11,Management Occupations,161700.0,77.74,137760.0,66.23,1006439.3900365385,31981.400803846154,9.639302307692308,False,False,False,False,10.316518886356175,30.953252271485265,84453.0869074889,894.4421874470804,13656064152.940956,123218355.7427098,0.03177677773788751,2.502430719184684
11-3031.03,Investment Fund Managers,30074163.70826154,318515.3054538461,36.737636153846154,4.047,78.4505,818620.0,8670.0,11,Management Occupations,161700.0,77.74,137760.0,66.23,7809171.440089743,248120.67767307692,30.05474576923077,True,False,True,False,25.966379367498487,77.89913810249548,212565.9747782161,2251.285091162119,34371918121.63754,310137034.1584935,0.03177298380200826,2.502131945603261
11-3051.00,Industrial Production Managers,3881767.2143153846,37926.64442692308,16.561853461538462,3.6976923076923076,84.13461538461539,234380.0,2290.0,11,Management Occupations,121440.0,58.39,108370.0,52.10000000000001,164851.41662846153,9673.724762307693,23.254660384615384,False,False,False,False,4.246813565236829,25.50640824802466,9953.681634202081,97.25203064392339,1208775097.6575007,10539202.560881978,0.05868147790388795,4.621183877267749
11-3051.01,Quality Control Systems Managers,6802797.196561539,66466.4458576923,29.024648846153845,3.8985185185185185,85.9774074074074,234380.0,2290.0,11,Management Occupations,121440.0,58.39,108370.0,52.1,206686.36330307694,12118.886108846153,17.799539615384617,False,False,False,False,3.038255548872546,18.233088820174377,7121.063355447473,69.5760520691813,864781933.8855412,7539956.762737177,0.05863418328704871,4.617459412093627
11-3051.02,Geothermal Production Managers,5157451.309338462,50390.66259230769,22.004656153846156,3.9629411764705886,79.54529411764706,234380.0,2290.0,11,Management Occupations,121440.0,58.39,108370.0,52.1,22939.844118461537,1342.8563342307693,11.571617307692307,False,False,False,False,0.44479031875540853,2.66489120235494,1042.4995490989265,10.185698299498855,126601145.24257363,1103824.124716691,0.05853816300129367,4.609897785967772
11-3051.03,Biofuels Production Managers,6401449.12143077,62545.091253846156,27.312266923076923,4.057142857142857,90.90785714285714,234380.0,2290.0,11,Management Occupations,121440.0,58.39,108370.0,52.1,6883.105001538462,406.9521815384616,8.276351153846155,False,False,False,False,0.10752416946492951,0.6506540695364905,252.0151483919018,2.4623034807468858,30604719.620712552,266839.82820854,0.05912334352701326,4.655980926804402
11-3051.04,Biomass Power Plant Managers,6470586.0831,63220.59105,27.607245,3.856842105263158,82.88631578947368,234380.0,2290.0,11,Management Occupations,121440.0,58.39000000000001,108370.0,52.1,89593.9839023077,5256.208035000001,12.794472692307693,False,False,False,False,1.384634757217912,8.314076075060676,3245.3069439673422,31.708135940290184,394110075.275394,3436210.691849247,0.05866697523721361,4.620041787944051
11-3051.06,Hydroelectric Production Managers,4036669.0464615384,39440.10630769231,17.222753846153847,3.967777777777778,85.05777777777777,234380.0,2290.0,11,Management Occupations,121440.0,58.39,108370.0,52.1,9233.699895,539.98245,6.2228903846153845,False,False,False,False,0.2287455272830472,1.369120168661115,536.133766846006,5.2382725747817815,65108084.64577897,567671.5989291017,0.05847953216374269,4.605280590033391
11-3061.00,Purchasing Managers,1297151.7996461538,7983.4551923076915,15.966910384615383,4.051666666666667,93.56722222222223,81240.0,500.0,11,Management Occupations,139510.0,67.07,123360.0,59.31,885769.3125692307,5451.559038461538,12.990409615384614,False,False,False,False,68.28570972270609,68.2857097227061,55475.31057872643,341.42854861353044,7739360578.838124,42118625.756965116,0.006154603643525357,0.48467687155078154
11-3071.00,"Transportation, Storage, and Distribution Managers",5219563.607307692,63712.983,24.50499346153846,3.914615384615385,92.16576923076923,213000.0,2600.0,11,Management Occupations,102010.0,49.05,97980.0,47.11,1128874.7969505494,27559.384714285716,19.550869505494504,False,False,False,False,21.62776204834556,43.25552409669112,46067.13316297604,562.3218132569846,4699308253.955186,55096291.26291935,0.024413145539906107,1.9225424885716862
11-3071.04,Supply Chain Managers,2135131.006153846,26062.631999999998,10.02408923076923,3.627666666666667,86.03133333333334,213000.0,2600.0,11,Management Occupations,102010.0,49.05,97980.0,47.11,743472.1990384614,18150.495,8.409562692307691,True,False,True,False,34.82091716600226,69.64183433200454,74168.55356358482,905.3438463160587,7565934149.021288,88705590.06204744,0.024413145539906107,1.9225424885716862
11-3111.00,Compensation and Benefits Managers,144427.84978846152,1223.3549807692307,7.196205769230768,3.875,74.67545454545454,20070.0,170.0,11,Management Occupations,140360.0,67.48,132920.0,63.91,102036.25052307692,864.2831384615383,6.588759615384615,False,False,False,False,70.6485976717966,70.64859767179658,14179.173552729575,120.10261604205421,1990188799.861123,15964039.724309845,0.008470353761833582,0.6670428836685135
11-3121.00,Human Resources Managers,3016879.0499076922,28976.149003846152,13.998139615384614,3.9057692307692307,94.71076923076923,215520.0,2070.0,11,Management Occupations,140030.0,67.32,131070.0,63.02,2003707.8420923075,19244.966746153845,11.251087692307692,False,False,False,False,66.41657848874038,66.41657848874038,143141.00995893328,1374.823174716926,20044035624.549427,180198073.51014748,0.00960467706013363,0.7563711815395876
11-3131.00,Training and Development Managers,225863.96110769227,2511.8323076923075,5.023664615384615,3.9616666666666664,92.47166666666668,44960.0,500.0,11,Management Occupations,127090.0,61.1,109980.0,52.88,101710.56978461538,1131.1228846153845,4.192748461538461,False,False,False,False,45.03178341768284,45.03178341768283,20246.289824590203,225.1589170884142,2573100973.807169,24762977.701383792,0.011120996441281138,0.8757817848039476
11-9013.00,"Farmers, Ranchers, and Other Agricultural Managers",111296.43807692306,1224.0725,18.831884615384613,3.8590000000000004,84.1375,5910.0,65.0,11,Management Occupations,87980.0,42.3,87980.0,42.3,42025.146644055945,462.2055045454545,12.061807552447553,False,False,False,False,37.759651045624715,37.75965104562471,2231.5953767964206,24.543773179656064,196335761.25054908,2159361.1643461403,0.010998307952622672,0.8661200297499345
11-9021.00,Construction Managers,3542852.23845,50549.69605,10.170964999999999,3.6260000000000003,92.7368,348330.0,4970.0,11,Management Occupations,106980.0,51.43,99900.0,48.03,1960505.3061639052,27972.644824260355,6.535414142011834,False,False,False,False,55.33691992250931,55.33691992250932,192755.0931660767,2750.2449201487125,20620939866.906883,274749467.52285635,0.01426807912037436,1.1236154838950645
11-9031.00,"Education and Childcare Administrators, Preschool and Daycare",1319669.5139846154,10134.295346153845,18.42599153846154,3.928235294117647,85.17294117647059,71620.0,550.0,11,Management Occupations,56270.0,27.05,59400.0,28.56,549481.2584339743,4219.69690224359,15.223460416666667,False,True,True,False,41.63779284215398,41.63779284215398,29820.98723355068,229.00786063184688,1678026951.6318967,13603066.921531705,0.007679419156660151,0.6047565477417487
11-9032.00,"Education Administrators, Kindergarten through Secondary",5998869.808296153,52738.554457692306,18.768168846153845,3.776875,81.05875,319630.0,2810.0,11,Management Occupations,104070.0,48.39,124650.0,59.92788461538461,2754968.0647559995,24220.067772,12.2582512,False,True,True,False,45.924785047776986,45.924785047776986,146789.3904482096,1290.4864598425333,15276371863.945173,160859137.2193718,0.008791415073678942,0.6923265576813643
11-9033.00,"Education Administrators, Postsecondary",3399529.7362076924,47210.338134615384,19.269525769230768,3.6974074074074075,66.34962962962963,176420.0,2450.0,11,Management Occupations,103960.0,49.97999999999999,100110.0,48.13,1815071.7248076922,25206.471634615384,11.973419999999999,False,False,False,False,53.39184727451378,53.39184727451378,94193.8969616972,1308.1002582255876,9792397528.13804,130953916.85096358,0.013887314363450856,1.0936301457853357
11-9041.00,Architectural and Engineering Managers,2924808.6847,34484.76532307693,13.905147307692308,3.346315789473684,80.61105263157894,210340.0,2480.0,11,Management Occupations,167740.0,80.64,149990.0,72.11,873616.0987784616,20604.153273076925,13.775273846153846,False,False,False,False,29.869170703316243,59.7485674617272,62826.813657355386,740.7554334422427,10538569722.884792,111105907.462002,0.02358490566037736,1.8573183511691271
11-9041.01,Biofuels/Biodiesel Technology and Product Development Managers,4531095.1737,53423.58101538462,21.541766538461538,3.548888888888889,65.62444444444445,210340.0,2480.0,11,Management Occupations,167740.0,80.64,149990.0,72.11,91865.9618123077,2165.399330769231,5.397771923076923,False,False,False,False,2.0274560187022472,4.053265036923773,4264.550989738307,50.28090926381573,715335783.0187037,7541633.580479722,0.02357129112949779,1.8562462028040112
11-9051.00,Food Service Managers,15459950.063007694,127867.58026153847,63.30078230769231,4.3246153846153845,77.12461538461538,244230.0,2020.0,11,Management Occupations,65310.0,31.4,57450.0,27.62,7316237.694396559,60511.81321983806,44.41716971659919,False,False,False,False,47.323811943627994,47.323811943627994,115578.94590992265,955.9410012612855,7548460957.3770485,54918810.52246085,0.00827089219178643,0.6513352255698865
11-9071.00,Gambling Managers,208125.23921538462,2297.486406923077,45.04875307692308,4.254736842105263,70.18,4620.0,51.0,11,Management Occupations,85580.0,41.14,85580.0,41.14,75480.31082307691,833.2242103846154,40.60835547337278,False,True,True,False,36.26677432666581,36.26677432666581,1675.5249738919604,18.496054906599564,143391427.26567397,1582892.3789067906,0.011038961038961041,0.8693214724173421
11-9081.00,Lodging Managers,1749823.7902307692,19254.4093,42.31738307692308,4.142083333333333,84.895,41350.0,455.0,11,Management Occupations,68130.0,32.76,64160.0,30.850000000000005,1347830.3978653846,14831.023725,39.80442923076923,False,False,False,False,77.02663578986035,77.02663578986035,31850.513899107253,350.4711928438646,2169975511.946177,22486231.732862353,0.011003627569528416,0.8665389511669842
11-9111.00,Medical and Health Services Managers,10661587.530676924,93833.42623846153,18.84205346153846,3.9766666666666666,87.50055555555555,565840.0,4980.0,11,Management Occupations,117960.0,56.71,107980.0,51.91,7572406.4666461535,66645.31352307693,14.972551923076923,False,False,False,False,71.02513059014737,71.02513059014738,401888.5989312899,3537.0515033893394,47406779129.93496,381930821.3359809,0.008801074508695038,0.6930872410682587
11-9121.00,Natural Sciences Managers,1200077.1593461537,13681.855192307692,11.897265384615384,3.795,83.3125,100870.0,1150.0,11,Management Occupations,161180.0,77.49,117190.0,56.34,91270.49076115384,3125.223018076923,11.897265384615384,False,False,False,False,7.605385207971241,22.84209980408218,7671.552059280591,87.46192989166929,1236500760.9148457,10249663.564004723,0.03424133027021114,2.696514965762577
11-9121.01,Clinical Research Coordinators,2941782.8445923077,33538.71588461538,29.164100769230767,3.9381818181818184,75.16272727272727,100870.0,1150.0,11,Management Occupations,161180.0,77.49,117190.0,56.34,406883.68025076925,13910.895812307692,27.554781923076924,False,False,False,False,13.831193590605018,41.47712709146622,13951.524974843282,159.0587262919577,2248706795.44524,18640092.13415452,0.034188876299325086,2.692384199919319
11-9121.02,Water Resource Specialists,996863.9141999999,11365.059,9.88266,3.505714285714286,93.07190476190476,100870.0,1150.0,11,Management Occupations,161180.0,77.49,117190.0,56.34,17494.303246153846,598.2031,4.454530384615384,False,False,False,False,1.7549339480498016,5.263528328361516,1770.201873397835,20.181740402572718,285321137.95426303,2365098.1577774966,0.034194165471066476,2.6928007237706004
11-9131.00,Postmasters and Mail Superintendents,301335.21450384613,2400.208080769231,21.820073461538463,4.1269230769230765,70.48692307692308,13810.0,110.0,11,Management Occupations,92730.0,44.58,94720.0,45.54,287763.1979846154,2292.103676923077,20.837306153846153,False,False,False,False,95.49604033449017,95.49604033449015,13188.003170193093,105.04564436793919,1222923533.9720056,9949923.4345312,0.007965242577842143,0.6272652273608116
11-9141.00,"Property, Real Estate, and Community Association Managers",4577611.797415385,49535.24093076923,15.43153923076923,3.9722222222222223,77.22222222222223,296640.0,3210.0,11,Management Occupations,66700.0,32.07,59100.0,28.42,3309732.5051076924,35815.26881538461,13.296620769230769,False,False,False,False,72.30260344436451,72.30260344436451,214478.44285736288,2320.9135705641006,14305712138.586103,137165992.02033836,0.010821197411003234,0.8521725218025985
11-9151.00,Social and Community Service Managers,3901607.0141,40315.341799999995,19.95809,3.915625,77.901875,195490.0,2020.0,11,Management Occupations,78240.0,37.61,77600.0,37.31,1729717.4750307691,17873.18686153846,15.217308846153845,False,False,False,False,44.33346230872948,44.33346230872948,86667.48546733527,895.5359386363355,6780864062.964312,69493588.83817963,0.010333009361092639,0.8137275673483727
11-9161.00,Emergency Management Directors,52149.507092307686,746.7709846153845,4.148727692307691,3.8552173913043477,94.66347826086958,12570.0,180.0,11,Management Occupations,86130.0,41.41,79750.0,38.34,24468.33655384615,350.3819076923076,3.2195180769230762,False,False,False,False,46.91959314310634,46.91959314310633,5897.792858088467,84.4552676575914,507976898.86715966,6735307.595692915,0.014319809069212408,1.1276892327862191
11-9171.00,Funeral Home Managers,206782.37723076923,2679.3448269230767,15.760851923076922,3.978695652173913,90.83826086956523,13120.0,170.0,11,Management Occupations,76830.0,36.94,89060.0,42.82,67776.63323076924,878.2033269230768,12.40103751923077,True,True,True,True,32.776793718320825,32.77679371832082,4300.315335843692,55.7205493211454,330393227.25287086,4962472.122541209,0.01295731707317073,1.0203925819532824
11-9179.01,Fitness and Wellness Coordinators,204348.30261923076,2259.7143092307692,19.480295769230768,3.82625,91.34541666666667,10490.0,116.0,11,Management Occupations,61340.0,29.49,59840.0,28.77,45628.0887326923,504.56227769230765,15.351188076923076,True,False,True,False,22.328587097546237,22.328587097546237,2342.2687865326,25.901161033153635,143674767.3659097,1549925.4762239135,0.011058150619637752,0.870832657615847
11-9179.02,Spa Managers,427354.80108846154,4725.753758461538,40.73925653846154,4.081428571428571,90.75333333333333,10490.0,116.0,11,Management Occupations,61340.0,29.49,59840.0,28.77,183358.3008076923,2027.6037076923078,37.723969230769235,True,False,True,False,42.905403271633666,42.905403271633666,4500.7768031943715,49.77026779509505,276077649.10794276,2978252.824858488,0.01105815061963775,0.8708326576158468
11-9199.01,Regulatory Affairs Managers,6081092.562353846,58692.595176923074,9.637536153846153,3.867037037037037,92.75296296296295,630980.0,6090.0,11,Management Occupations,136550.0,65.65,136550.0,65.65,681319.9484269229,39455.18228076923,7.382571538461538,False,False,False,False,11.203906887468923,67.22344132481355,70694.4116785514,682.3179294468574,9653321914.706194,93170513.26596838,0.057909917905480376,4.560423297399164
11-9199.02,Compliance Managers,14167251.726815384,136737.3974076923,22.452774615384616,3.949655172413793,72.49206896551723,630980.0,6090.0,11,Management Occupations,136550.0,65.65,136550.0,65.65,1691205.0286497972,97937.54437044535,18.272118259109313,False,False,False,False,11.937424853182575,71.62454911909548,75322.76333861142,726.9891735588188,10285323333.887388,99270371.64945671,0.05790991790548038,4.560423297399164
11-9199.08,Loss Prevention Managers,9764933.631653845,94247.75082692307,15.475821153846153,3.8,90.90777777777777,630980.0,6090.0,11,Management Occupations,136550.0,65.65,136550.0,65.65,821558.4487743587,47576.38232307692,13.175476923076921,False,False,False,False,8.413354148267926,50.480124889607566,53086.58200474096,512.3732676295167,7248972772.747377,69964569.69481051,0.057909917905480376,4.560423297399164
11-9199.09,Wind Energy Operations Managers,10660457.09303077,102891.03251538462,16.89507923076923,3.983125,96.07625,630980.0,6090.0,11,Management Occupations,136550.0,65.65,136550.0,65.65,871756.5884910256,50483.35247307693,10.762739230769231,False,False,False,False,8.177478516009721,49.06487109605833,51598.253940318136,498.008441624992,7045741575.550442,68003052.70389265,0.05790991790548037,4.560423297399163
11-9199.10,Wind Energy Development Managers,3776027.004615384,36444.902307692304,5.984384615384615,3.720666666666667,92.466,630980.0,6090.0,11,Management Occupations,136550.0,65.65,136550.0,65.65,249221.689526923,14432.407580769228,4.330817692307692,False,True,True,False,6.600103474427033,39.6006208465622,41645.33290293969,401.94630159260623,5686670207.896415,54885767.48247038,0.05790991790548037,4.560423297399163
11-9199.11,Brownfield Redevelopment Specialists and Site Managers,3289709.8477384606,31751.137869230763,5.213651538461537,3.6208695652173915,87.46347826086956,630980.0,6090.0,11,Management Occupations,136550.0,65.65,136550.0,65.65,262461.9554307691,15199.15029230769,3.637158461538461,False,False,False,False,7.978270655425762,47.869623932554575,50341.29218160547,485.8766829154289,6874103447.398228,66346461.05210181,0.057909917905480376,4.560423297399164
13-1011.00,"Agents and Business Managers of Artists, Performers, and Athletes",376402.44835384615,3441.0913,26.469933076923077,3.7214285714285715,77.18785714285715,14220.0,130.0,13,Business and Financial Operations Occupations,96310.0,46.3,60470.0,29.07,240006.1772769231,2194.1493,19.483113461538462,False,False,False,False,63.76318175574127,63.76318175574127,9067.124445666408,82.89213628246365,873254755.3621317,5012487.481000577,0.009142053445850914,0.719939434011549
13-1021.00,"Buyers and Purchasing Agents, Farm Products",4561914.542076923,50256.9513323077,28.107914615384615,3.6875,68.82583333333334,162300.0,1788.0,13,Business and Financial Operations Occupations,75650.0,36.37,75650.0,36.37,3338074.725115385,36774.35371846154,25.99956,False,False,False,False,73.17267113021467,73.17267113021465,118759.2452443384,1308.3273598082383,8984136902.7342,98974964.76949322,0.011016635859519409,0.8675633578814105
13-1022.00,"Wholesale and Retail Buyers, Except Farm Products",3254423.4324230766,35852.79788769231,20.051900384615383,3.5869999999999997,69.869,162300.0,1788.0,13,Business and Financial Operations Occupations,75650.0,36.37,75650.0,36.37,2050869.6173076923,22593.68376923077,17.793492307692308,False,False,False,False,63.017909620344646,63.01790962034464,102278.06731381937,1126.7602240117624,7737335792.290435,85239410.94648983,0.011016635859519409,0.8675633578814105
13-1023.00,"Purchasing Agents, Except Wholesale, Retail, and Farm Products",4360544.437615384,48038.530218461536,26.867186923076922,3.858421052631579,96.05631578947369,162300.0,1788.0,13,Business and Financial Operations Occupations,75650.0,36.37,75650.0,36.37,3717382.559423077,40953.050007692305,25.570251538461537,False,False,False,False,85.25042257007641,85.2504225700764,138361.435831234,1524.277555552966,10467042620.632853,115311597.07758188,0.011016635859519407,0.8675633578814104
13-1031.00,"Claims Adjusters, Examiners, and Investigators",20123297.739369232,137885.0313923077,65.97369923076923,4.271481481481481,80.82925925925926,305020.0,2090.0,13,Business and Financial Operations Occupations,76790.0,36.92,66240.0,31.84,6690427.520484615,45842.87429615385,65.95209230769231,False,False,False,False,33.247172541682666,33.247172541682666,101410.52568664047,694.8659061211677,7787314267.477121,46027917.621466145,0.006852009704281688,0.539597806724816
13-1032.00,"Insurance Appraisers, Auto Damage",182667.22162692307,1875.9149846153846,23.448937307692308,4.428571428571429,92.83857142857143,7790.0,80.0,13,Business and Financial Operations Occupations,76650.0,36.85,66080.0,31.77,37111.392215384614,381.1182769230769,14.311342692307692,False,False,False,False,20.316393869054618,20.316393869054618,1582.6470823993548,16.253115095243697,121309898.86591054,1074005.8454937034,0.010269576379974325,0.8087322011765954
13-1041.00,Compliance Officers,14583969.62616923,140424.37506153845,36.664327692307694,4.315,64.13333333333334,397770.0,3830.0,13,Business and Financial Operations Occupations,78420.0,37.7,64730.0,31.12,2004925.9222347154,135133.52936398602,48.77912937062937,False,False,False,False,13.747463644172091,96.23224550920465,54683.28613742333,526.5278575717911,4288263298.8967376,34082148.22062203,0.06740075923272243,5.307829881040295
13-1041.01,Environmental Compliance Inspectors,6045848.662257692,58213.541434615385,15.199358076923076,3.9584615384615387,70.0,397770.0,3830.0,13,Business and Financial Operations Occupations,78420.0,37.7,64730.0,31.12,403306.1060357142,27183.137749999998,11.906415769230769,False,False,False,False,6.670793937556291,46.69555756289404,26534.41704541766,255.49140780840594,2080828984.701653,16537958.827438116,0.06740075923272243,5.307829881040295
13-1041.03,Equal Opportunity Representatives and Officers,10563055.434403846,101708.2794423077,26.55568653846154,4.054444444444445,70.97222222222223,397770.0,3830.0,13,Business and Financial Operations Occupations,78420.0,37.7,64730.0,31.12,593545.3565307693,40005.40766923078,16.588825,False,False,False,False,5.6190688406083105,39.33348188425818,22350.970127287674,215.2103365952983,1752763077.3818994,13930565.087813659,0.06740075923272244,5.307829881040296
13-1041.04,Government Property Inspectors and Investigators,3278084.836303846,31563.629542307688,8.241156538461537,3.743846153846154,54.159230769230774,397770.0,3830.0,13,Business and Financial Operations Occupations,78420.0,37.7,64730.0,31.12,129440.58681593408,8724.393826923077,6.561143461538461,False,False,False,False,3.9486649455321237,27.64065461872487,15706.604553843128,151.23386741388035,1231711929.1123781,9789368.237700475,0.06740075923272242,5.307829881040294
13-1041.06,Coroners,12729691.18371923,122570.12151153845,32.002642692307695,4.592499999999999,94.421,397770.0,3830.0,13,Business and Financial Operations Occupations,78420.0,37.7,64730.0,31.12,0.0,0.0,28.673855,False,False,False,False,0.0,0.0,0.0,0.0,0.0,0.0,,
13-1041.07,Regulatory Affairs Specialists,7165845.826546154,68997.63560769231,18.015048461538463,3.799,84.16666666666667,397770.0,3830.0,13,Business and Financial Operations Occupations,78420.0,37.7,64730.0,31.12,881914.8594247253,59441.73110384617,15.959502307692308,False,False,False,False,12.307198351346571,86.15038845942601,48954.34288215126,471.3656968565737,3838999568.8183017,30511501.55752602,0.06740075923272244,5.307829881040296
13-1041.08,Customs Brokers,26179455.607176926,252073.59774615386,65.81556076923077,3.9743478260869565,95.0,397770.0,3830.0,13,Business and Financial Operations Occupations,78420.0,37.7,64730.0,31.12,3232256.727395605,217856.55746153847,64.32279538461539,True,False,True,False,12.34653911790856,86.42577382535991,49110.82864930487,472.8724482158978,3851271182.6784883,30609033.573015064,0.06740075923272242,5.307829881040294
13-1051.00,Cost Estimators,1355131.3331846152,15432.18846153846,6.172875384615384,3.869285714285714,91.88214285714285,219530.0,2500.0,13,Business and Financial Operations Occupations,77070.0,37.05,79150.0,38.05,998192.8622807693,11367.385576923078,5.4384830769230765,False,False,False,False,73.66023040253776,73.66023040253776,161706.30380269117,1841.505760063444,12462704834.073408,145755180.9090216,0.011387965198378354,0.8968056540059557
13-1071.00,Human Resources Specialists,23671072.81786154,269616.8889615385,25.80065923076923,4.067692307692308,75.9326923076923,917460.0,10450.0,13,Business and Financial Operations Occupations,72910.0,35.05,67620.0,32.51,21124426.518346153,240610.22509615385,25.067432692307694,False,False,False,False,89.24152564139908,89.24152564139908,818755.30114958,9325.739429526204,59695449006.81588,630606500.2245619,0.011390142349530225,0.8969771053081516
13-1074.00,Farm Labor Contractors,4117.635834615385,50.215071153846154,10.04301423076923,4.227142857142857,88.15142857142857,410.0,5.0,13,Business and Financial Operations Occupations,48690.0,23.41,48690.0,23.41,1359.7985884615387,16.582909615384615,6.115556153846153,False,False,False,False,33.02377002429971,33.02377002429971,135.3974570996288,1.6511885012149856,6592502.186180927,80396.36812415766,0.012195121951219511,0.960369488897207
13-1075.00,Labor Relations Specialists,468818.8635692307,1524.2601230769228,7.2583815384615376,3.6592857142857143,76.82785714285714,64590.0,210.0,13,Business and Financial Operations Occupations,93500.0,44.95,91730.0,44.1,49320.89915769229,160.3559192307692,1.6552203846153843,False,False,False,False,10.520246301994,10.520246301994002,6795.027086457924,22.092517234187397,635335032.5838159,2026546.60589201,0.003251277287505806,0.256039055562934
13-1081.00,Logisticians,4886196.8722,82321.34435,20.735855,3.804090909090909,93.18045454545454,235640.0,3970.0,13,Business and Financial Operations Occupations,80880.0,38.89,84000.0,40.38,167800.8141396154,49503.54701153846,17.51077769230769,False,False,False,False,3.434180376446097,60.13452210045019,8092.302639057582,136.33696094491003,654505437.4469773,11452304.719372442,0.29501374749201154,23.232420555517333
13-1081.01,Logistics Engineers,2383244.833846153,40152.27461538461,10.113923076923076,3.566333333333333,84.307,235640.0,3970.0,13,Business and Financial Operations Occupations,80880.0,38.89,84000.0,40.38,139455.18030230768,24035.645819230765,6.598853846153845,False,False,False,False,5.851483587494058,59.861230900282166,13788.435925570999,232.3038984235141,1115208697.6601825,19513527.467575185,0.17235391160892594,13.572921916106486
13-1081.02,Logistics Analysts,10086125.83733846,169928.36349615385,42.80311423076923,3.7638709677419353,78.88516129032259,235640.0,3970.0,13,Business and Financial Operations Occupations,80880.0,38.89,84000.0,40.38,1544076.9817846154,145757.69492307692,40.75765346153846,False,False,False,False,15.30892045852234,85.77596578006002,36073.94016846204,607.7641422033369,2917660280.8252096,51052187.945080295,0.09439794559634772,7.433866354755487
13-1111.00,Management Analysts,4840301.409461538,39907.172376923074,5.4148130769230765,3.950909090909091,93.01,893900.0,7370.0,13,Business and Financial Operations Occupations,101190.0,48.65,101190.0,48.65,2784870.4999230765,22960.617053846152,5.099259615384614,False,False,False,False,57.535063714821035,57.535063714821035,514305.9345467852,4240.33419578231,52042617516.78919,429079417.271212,0.008244770108513258,0.6492781037254035
13-1121.00,"Meeting, Convention, and Event Planners",3809366.884823077,54593.28794615385,28.28667769230769,3.958571428571428,76.91809523809523,134670.0,1930.0,13,Business and Financial Operations Occupations,59440.0,28.58,49400.0,23.75,2449261.47045,35101.170549999995,25.709365384615385,False,False,False,False,64.29576211753502,64.29576211753502,86587.1028436844,1240.9082088684258,5146737393.028601,61300865.51810024,0.014331328432464542,1.1285963860761268
13-1131.00,Fundraisers,2346779.698026923,14621.68036153846,22.15406115384615,3.7889285714285714,85.91,105930.0,660.0,13,Business and Financial Operations Occupations,66490.0,31.97,60610.0,29.140000000000004,1526474.2980626372,9510.74329010989,21.50155095238095,False,False,False,False,65.04548762485183,65.04548762485183,68902.68504100555,429.30021832402207,4581339528.376459,26019886.232618976,0.006230529595015576,0.4906560628633706
13-1141.00,"Compensation, Benefits, and Job Analysis Specialists",906916.3433730769,9479.344411538461,8.859200384615384,3.433636363636364,56.49409090909091,102370.0,1070.0,13,Business and Financial Operations Occupations,77020.0,37.03,68030.0,32.71,602228.3781999999,6294.660199999999,8.843669615384615,False,False,False,False,66.40396135768634,66.40396135768634,67977.7352418635,710.5223865272438,5235645168.328326,48336837.9554484,0.010452280941682135,0.8231202398734098
13-1151.00,Training and Development Specialists,3766936.234680769,58668.299846153845,8.627691153846154,3.8549999999999995,90.17699999999999,436610.0,6800.0,13,Business and Financial Operations Occupations,65850.0,31.660000000000004,60510.0,29.09,1537302.9703653846,23942.78692307692,4.94195423076923,False,False,False,False,40.810432526359556,40.810432526359556,178182.42945333847,2775.1094117924495,11733312979.502338,167921870.50756112,0.015574540207507844,1.2264996839492515
13-1161.00,Market Research Analysts and Marketing Specialists,7355767.129092307,113692.61733076922,8.541894615384615,3.986923076923077,95.22538461538463,861140.0,13310.0,13,Business and Financial Operations Occupations,76950.0,37.0,64900.0,31.2,2632638.622303846,81381.47121923076,8.167652307692308,False,False,False,False,35.79013005851791,71.58026011703582,308203.1259859211,4763.666310788734,23716230544.61663,309161943.5701889,0.030912511322200804,2.434369481320551
13-1161.01,Search Marketing Strategists,17069857.230299998,263836.07745,19.822394999999997,3.516111111111111,88.40555555555555,861140.0,13310.0,13,Business and Financial Operations Occupations,76950.0,37.0,64900.0,31.200000000000003,6593876.660565384,203833.28692692306,15.744631538461537,True,False,True,False,38.6287745210948,77.2575490421896,332647.82891095575,5141.489888757717,25597250434.698044,333682693.78037584,0.030912511322200804,2.434369481320551
13-1199.04,Business Continuity Planners,4376459.1996153835,35998.52984615384,3.8791519230769222,4.022380952380952,89.60904761904762,1128200.0,9280.0,13,Business and Financial Operations Occupations,81270.0,39.07,79790.0,38.36,632550.8229807691,20812.166769230764,2.671055769230769,False,False,False,False,14.453483835433895,57.81393534173558,163064.2046313652,1341.2832999282653,13252227910.39105,107020994.50127628,0.03290196773621698,2.591039766960534
13-1199.05,Sustainability Specialists,5708399.101923076,46954.39076923076,5.059740384615385,3.834285714285714,98.75714285714285,1128200.0,9280.0,13,Business and Financial Operations Occupations,81270.0,39.07,79790.0,38.36,541880.2094807691,17828.925169230766,3.7426746153846153,False,False,False,False,9.492682620915865,37.97073048366346,107096.44532917278,880.9209472209923,8703728111.901873,70288682.37876298,0.03290196773621699,2.5910397669605345
13-1199.06,Online Merchants,73865434.46346153,607579.5353846154,65.47193269230769,3.9535294117647055,73.16647058823528,1128200.0,9280.0,13,Business and Financial Operations Occupations,81270.0,39.07,79790.0,38.36,18310557.77573077,602453.3811692308,64.91954538461539,False,False,False,False,24.789074766477302,99.15629906590918,279670.3415153969,2300.4261383290936,22728808654.956306,183551001.57727838,0.03290196773621698,2.591039766960534
13-2011.00,Accountants and Auditors,14161886.521499999,161733.90899999999,9.77835,4.1476,82.08879999999999,1448290.0,16540.0,13,Business and Financial Operations Occupations,81680.0,39.27,75100.0,36.11,6909402.982396503,78907.90195944055,9.755888986013986,False,False,False,False,48.788718733954894,48.788718733954894,706602.1345519954,8069.65407859614,57715262350.206985,606031021.3025701,0.011420364705963585,0.899357124886248
13-2023.00,Appraisers and Assessors of Real Estate,1099536.0570403845,12099.177875,37.22823961538462,4.167241379310345,86.71344827586208,29535.0,325.0,13,Business and Financial Operations Occupations,65420.0,31.45,65420.0,31.45,778023.6155238461,8574.460364076924,19.188985692307693,True,False,True,False,70.7592634677255,70.86812387306047,20898.748465192726,229.9676062701079,1367196124.5929081,15044480.802190458,0.01102082275266633,0.8678930769647997
13-2031.00,Budget Analysts,651969.1173,5252.242200000001,13.82169,3.9676923076923076,87.18692307692308,47170.0,380.0,13,Business and Financial Operations Occupations,87930.0,42.27,80420.0,38.66,368217.7827346154,2966.3505923076923,12.232047692307692,False,False,False,False,56.4777951844584,56.4777951844584,26640.575988509027,214.61562170094192,2342505846.6695986,17259388.29718975,0.008055967776128896,0.6344098637701288
13-2041.00,Credit Analysts,1596081.7668038462,20374.503776923077,23.69128346153846,4.0627272727272725,80.45454545454545,67370.0,860.0,13,Business and Financial Operations Occupations,80970.0,38.93,72500.0,34.86,1485568.070626923,18963.76043846154,22.05088423076923,False,False,False,False,93.07593768217609,93.07593768217612,62705.25921648203,800.4530640667144,5077244838.75855,58032847.1448368,0.012765325812676266,1.005273212958751
13-2052.00,Personal Financial Advisors,2334375.1432615384,22611.885815384616,8.630490769230768,3.8352380952380956,90.05047619047619,270480.0,2620.0,13,Business and Financial Operations Occupations,102140.0,49.11,67210.0,32.31,1935903.2790461539,18752.09476153846,8.177010384615384,False,False,False,False,82.93025586030495,82.93025586030494,224309.75605095283,2172.77270353999,22910998483.044323,146032053.40492272,0.00968648328896776,0.762813446445859
13-2053.00,Insurance Underwriters,2530888.469030769,10797.706323076922,23.473274615384614,4.197142857142857,95.71428571428571,107820.0,460.0,13,Business and Financial Operations Occupations,79880.0,38.4,63410.0,30.49,2170462.8796615386,9259.997446153846,23.473274615384614,False,False,False,False,85.75893036063896,85.75893036063896,92465.27871484091,394.4910796589392,7386126463.741492,25014679.361173335,0.00426636987571879,0.3359778994732206
13-2061.00,Financial Examiners,286857.8562692307,2739.371538461538,4.56561923076923,3.918823529411765,89.76941176470588,62830.0,600.0,13,Business and Financial Operations Occupations,90400.0,43.46,80030.0,38.48,160984.83840384614,1537.3373076923074,3.501137307692307,False,False,False,False,56.12007302067881,56.120073020678795,35260.2418788925,336.7204381240728,3187525865.851882,26947736.663069546,0.009549578226961642,0.752032132002906
13-2071.00,Credit Counselors,2370648.4061884615,22770.368896153846,84.33469961538462,4.326086956521739,92.8395652173913,28110.0,270.0,13,Business and Financial Operations Occupations,50480.0,24.270000000000003,49250.0,23.68,1659571.3160192308,15940.386173076924,71.18267192307692,False,False,False,False,70.00495356827277,70.00495356827277,19678.392448041475,189.01337463433646,993365250.7771337,9308908.700741071,0.0096051227321238,0.7564062783416636
13-2072.00,Loan Officers,5378415.729188462,103484.47295,18.512428076923076,3.988235294117647,82.49,290530.0,5590.0,13,Business and Financial Operations Occupations,74180.0,35.66,60870.0,29.27,5511074.890355325,106036.92781153845,23.598313136094674,True,True,True,True,102.4665099881909,102.4665099881909,297695.951468691,5727.87790833987,22083085679.9475,348655928.28064793,0.019240698034626372,1.5152107056782493
13-2081.00,"Tax Examiners and Collectors, and Revenue Agents",3186899.0175423077,189916.0819346154,59.534821923076926,4.215714285714286,54.46619047619048,53530.0,3190.0,13,Business and Financial Operations Occupations,59740.0,28.72,48530.0,23.33,1911997.7166153847,113941.20523076924,51.93473115384616,False,False,False,False,59.99555386257236,59.99555386257236,32115.619982634984,1913.8581682160582,1918587137.762614,92879536.90352531,0.05959275172800299,4.692946962558032
13-2082.00,Tax Preparers,3289218.747742308,65721.78278076922,44.708695769230765,4.453333333333333,100.0,73570.0,1470.0,13,Business and Financial Operations Occupations,50560.0,24.31,58660.0,28.2,2319580.3807076924,46347.46716923077,34.16556423076923,False,False,False,False,70.52070897686062,70.52070897686063,51882.08559427636,1036.654421959851,2623158247.6466126,60810148.39216486,0.019980970504281634,1.5735073833311042
13-2099.01,Financial Quantitative Analysts,1005153.9346538461,16640.83799230769,7.886653076923077,3.2952380952380955,88.80952380952381,127450.0,2110.0,13,Business and Financial Operations Occupations,80190.0,38.55,77940.0,37.47,307413.000375,10180.912049999999,7.744105384615384,False,False,False,False,30.583673781356346,61.180284638947725,38978.89223433866,645.3155167866189,3125717368.271617,50295891.37834908,0.03311802701115678,2.60805449926706
13-2099.04,"Fraud Examiners, Investigators and Analysts",2120057.172134615,35098.63188076923,16.63442269230769,4.211304347826087,87.55782608695652,127450.0,2110.0,13,Business and Financial Operations Occupations,80190.0,38.55,77940.0,37.47,72956.55080769231,2414.637615384616,13.577775769230769,False,False,False,False,3.441253932517055,6.8795775960361905,4385.878136992987,72.61045797610986,351703567.8054676,5659259.094658002,0.033096926713948,2.6063928445720896
15-1211.00,Computer Systems Analysts,11835830.269384615,66811.3359923077,23.776276153846155,3.494090909090909,81.31,497800.0,2810.0,15,Computer and Mathematical Occupations,103790.0,49.9,93330.0,44.87,3352517.062366154,37855.62868153846,23.776276153846155,True,False,True,False,28.32515325129331,56.66048750454108,141002.6128849381,795.9368063613421,14634661191.327726,74284782.13770406,0.01129170351032324,0.8892250173770102
15-1211.01,Health Informatics Specialists,7412360.131769231,41841.56683461538,14.890237307692306,3.9811764705882355,97.75941176470589,497800.0,2810.0,15,Computer and Mathematical Occupations,103790.0,49.9,93330.0,44.87,1556919.5368023077,17572.88464653846,14.890237307692306,True,True,True,True,21.004369851504933,41.998629535069114,104559.75312079156,590.2227928272887,10852256776.406956,55085493.25457086,0.01128695750239648,0.8888512678380425
15-1212.00,Information Security Analysts,2389953.011873077,22909.876723076923,13.31969576923077,4.047272727272728,89.25272727272727,179430.0,1720.0,15,Computer and Mathematical Occupations,124910.0,60.05,97180.0,46.72,2389953.011873077,22909.876723076923,13.31969576923077,True,False,True,False,100.0,100.0,179430.0,1720.0,22412601300.0,167149600.0,0.00958591094019952,0.7548933440007919
15-1221.00,Computer and Information Research Scientists,769683.2944,17401.883215384616,20.002164615384615,3.4686666666666666,78.06266666666667,38480.0,870.0,15,Computer and Mathematical Occupations,140910.0,67.74,94830.0,45.59,672412.5884,15202.675465384615,20.002164615384615,True,False,True,False,87.36224279418374,87.36224279418373,33616.991027201904,760.0515123093985,4736970205.643021,72075684.91230026,0.022609147609147607,1.7804771137714852
15-1231.00,Computer Network Support Specialists,4510489.3294230765,30798.834615384614,30.798834615384614,3.7973076923076925,86.64307692307692,146450.0,1000.0,15,Computer and Mathematical Occupations,73340.0,35.26,69280.0,33.31,4510489.3294230765,30798.834615384614,30.798834615384614,True,False,True,False,100.0,100.0,146450.0,1000.0,10740643000.0,69280000.0,0.006828269033799932,0.5377282218475314
15-1232.00,Computer User Support Specialists,17634547.81498846,271899.98567307694,25.29302192307692,3.469375,88.588125,697210.0,10750.0,15,Computer and Mathematical Occupations,60340.0,29.01,57560.0,27.67,16516329.969907692,254658.63538461537,25.044843461538463,True,False,True,False,93.65893666901772,93.6589366690177,652999.4723500585,10068.335691919405,39401988161.60253,579533402.426881,0.01541859697938928,1.2142191082498646
15-1241.00,Computer Network Architects,2869741.87815,27398.81235,16.212315,3.597272727272727,93.48484848484848,177010.0,1690.0,15,Computer and Mathematical Occupations,130390.0,62.69,128990.0,62.01,696521.0715538461,13301.430699999999,14.822916153846153,True,False,True,False,24.27120978569904,48.547471803098055,42962.46844166587,410.18344537831376,5601876260.108813,52909562.61934869,0.01909695376526983,1.5038908016177541
15-1241.01,Telecommunications Engineering Specialists,1917793.1272346152,18310.09765,10.834377307692307,3.866153846153846,86.05346153846153,177010.0,1690.0,15,Computer and Mathematical Occupations,130390.0,62.690000000000005,128990.0,62.01,335142.7882961538,6398.603099999999,10.834377307692307,True,False,True,False,17.47544005329798,34.94576174474962,30933.276438342757,295.33493690073584,4033389914.795512,38095253.51082592,0.019092170034539963,1.5035140813967969
15-1242.00,Database Administrators,627585.7130153846,6860.734769230769,8.575918461538462,3.373333333333333,89.315,73180.0,800.0,15,Computer and Mathematical Occupations,104620.0,50.3,97890.0,47.06,840751.3325023255,11918.317652951699,17.07921923076923,True,False,True,False,133.9659770874541,173.7178021573335,98036.3020325989,1071.7278166996327,10256557918.650497,104911435.97672705,0.014175793950250721,1.1163479992385812
15-1243.00,Database Architects,973730.0834653846,9471.205073076922,15.033658846153845,3.7864,97.5244,64770.0,630.0,15,Computer and Mathematical Occupations,135980.0,65.37,127770.0,61.43,840751.3325023255,11918.317652951699,17.07921923076923,True,True,True,True,86.34336627561058,125.8373940907583,55924.59833671297,543.9632075363467,7604626881.826229,69502179.026919,0.014175793950250721,1.1163479992385812
15-1243.01,Data Warehousing Specialists,435725.875776923,4238.185915384615,6.727279230769231,3.839444444444444,97.10055555555556,64770.0,630.0,15,Computer and Mathematical Occupations,135980.0,65.37,127770.0,61.43,213863.7142384615,4160.387215384615,6.727279230769231,True,False,True,False,49.08216980621838,98.16433961243675,31790.52138348765,309.2176697791758,4322875097.72665,39508741.66768529,0.019453450671607225,1.5319650392598338
15-1244.00,Network and Computer Systems Administrators,6655998.797942308,51815.54138461538,20.893363461538463,3.5725000000000002,86.69800000000001,318570.0,2480.0,15,Computer and Mathematical Occupations,96800.0,46.54,88330.0,42.47,6655998.797942308,51815.54138461539,20.893363461538463,True,False,True,False,100.0,100.00000000000003,318570.0,2480.0,30837576000.0,219058400.0,0.007784788272593151,0.613054397030907
15-1251.00,Computer Programmers,3363296.492,36733.92,30.6116,3.621176470588235,81.01176470588236,109870.0,1200.0,15,Computer and Mathematical Occupations,98670.0,47.44,88410.0,42.51,3363296.492,36733.92,30.6116,True,False,True,False,100.0,100.0,109870.0,1200.0,10840872900.0,106092000.0,0.010921998725766815,0.8601106553880511
15-1253.00,Software Quality Assurance Analysts and Testers,7881601.509,169624.0565,39.447455,3.9307407407407404,95.53407407407407,199800.0,4300.0,15,Computer and Mathematical Occupations,102610.0,49.32999999999999,107170.0,51.52000000000001,23584387.848356668,432647.4887130063,35.06440444444444,True,True,True,True,299.2334466722995,255.06257640584505,597868.4264512544,12867.03820690888,61347279238.163216,1378960484.6344247,0.018344656282573504,1.4446471506033844
15-1254.00,Web Developers,1719424.8592615386,38592.21406153846,21.80351076923077,3.631111111111111,93.20962962962962,78860.0,1770.0,15,Computer and Mathematical Occupations,90930.0,43.72,80350.0,38.63,1311677.4677917159,28366.389947041418,19.49580065088757,True,False,True,False,76.2858266661945,73.50288299554121,60159.00290896098,1350.2591319916426,5470258134.511822,108493321.25552848,0.02162604042806183,1.7030571302069826
15-1255.01,Video Game Designers,1931472.4379230768,19765.51686923077,17.33817269230769,3.93625,97.08333333333333,111400.0,1140.0,15,Computer and Mathematical Occupations,98090.0,47.16,99300.0,47.74,957795.7555,19603.001099999998,17.33817269230769,True,False,True,False,49.588890666745584,99.17778133349114,55242.02420275458,565.3133536008996,5418690154.048197,56135616.01256933,0.02046678635547576,1.6117655264292803
15-1299.01,Web Administrators,11516474.26523077,130267.37015384616,26.21073846153846,3.898285714285714,91.24799999999999,439380.0,4970.0,15,Computer and Mathematical Occupations,108970.0,52.39,95640.0,45.98,1876079.595323077,127326.44529230769,25.832797692307693,True,False,True,False,16.290398885248443,97.74239331149064,71576.7546220046,809.6328245968476,7799718951.159842,77433283.3444425,0.0678683599617643,5.344653577839242
15-1299.02,Geographic Information Systems Technologists and Technicians,16014978.181246154,181151.71733076923,36.44903769230769,3.832692307692308,93.44500000000001,439380.0,4970.0,15,Computer and Mathematical Occupations,108970.0,52.39,95640.0,45.98,2977143.3798470413,202053.8385612426,40.654695887573965,True,True,True,True,18.58974358974359,111.53846153846155,81679.61538461539,923.9102564102566,8900627688.461538,88362776.92307694,0.0678683599617643,5.344653577839242
15-1299.03,Document Management Specialists,8183849.46293077,92570.74020384616,18.62590346153846,3.8330434782608696,88.08434782608695,439380.0,4970.0,15,Computer and Mathematical Occupations,108970.0,52.39,95640.0,45.98,1363974.9104884616,92570.74020384616,18.62590346153846,True,False,True,False,16.666666666666664,100.0,73229.99999999999,828.3333333333333,7979873099.999998,79221800.0,0.06786835996176431,5.344653577839244
15-1299.08,Computer Systems Engineers/Architects,9242391.084507693,104544.32083846153,21.035074615384612,3.7175000000000002,93.28964285714287,439380.0,4970.0,15,Computer and Mathematical Occupations,108970.0,52.39,95640.0,45.98,1469076.9442153845,99703.84286153845,21.035074615384612,True,False,True,False,15.894987896345189,95.36992737807114,69839.39781896149,789.9808984483559,7610399180.332233,75553773.12760076,0.0678683599617643,5.344653577839242
15-1299.09,Information Technology Project Managers,10682897.400553845,120838.45436923076,24.313572307692304,4.055238095238095,98.39047619047618,439380.0,4970.0,15,Computer and Mathematical Occupations,108970.0,52.39,95640.0,45.98,1311705.2573676922,89023.28457076923,20.30835823076923,True,False,True,False,12.27855335669224,73.67132014015344,53949.50773863437,610.2441018276044,5878877858.278987,58363745.89879208,0.06786835996176431,5.344653577839244
15-2011.00,Actuaries,281908.5639,3183.1595076923077,9.947373461538461,3.5493333333333337,84.62933333333334,28340.0,320.0,15,Computer and Mathematical Occupations,125770.0,60.47,128860.0,61.95,68538.0337,773.8945230769232,6.175029615384616,False,False,False,False,24.31215027731905,24.312150277319052,6890.063388592218,77.79888088742095,866563272.3832432,10025163.791153064,0.011291460832745237,0.8892059064454028
15-2021.00,Mathematicians,25071.91239230769,271.0477015384615,11.29365423076923,3.8927272727272726,89.77181818181818,2220.0,24.0,15,Computer and Mathematical Occupations,121680.0,58.5,121680.0,58.5,21622.932346153844,233.76143076923074,11.874923499999998,False,False,False,False,86.2436498971972,86.2436498971972,1914.609027717778,20.698475975327327,232969626.49269924,2518590.556677829,0.01081081081081081,0.8513545739413079
15-2031.00,Operations Research Analysts,1050814.1382461537,10629.05911923077,9.751430384615384,4.143529411764706,98.04,107760.0,1090.0,15,Computer and Mathematical Occupations,91290.0,43.89,82230.0,39.54,928091.1648923077,9387.707588461539,9.40734076923077,False,False,False,False,88.3211532004437,88.32115320044369,95174.87468879814,962.7005698848363,8688514310.340382,79162867.8616301,0.010115070527097253,0.7965648192059426
15-2041.00,Statisticians,757381.4071538461,8336.278575384615,25.41548346153846,4.084210526315789,94.98842105263158,29800.0,328.0,15,Computer and Mathematical Occupations,103300.0,49.66,88060.0,42.34,314432.45353846153,3460.8672738461537,22.48573769230769,False,False,False,False,41.515734419737505,41.515734419737505,12371.688857081777,136.17160889673903,1277995458.9365475,11991271.87944684,0.011006711409395973,0.8667818044758148
15-2041.01,Biostatisticians,211187.32769230765,2324.477969230769,7.086823076923076,3.9812,90.66680000000001,29800.0,328.0,15,Computer and Mathematical Occupations,103300.0,49.66,88060.0,42.34,86527.74992307692,952.3859723076922,6.5635988461538455,False,False,False,False,40.97203694397077,40.97203694397077,12209.66700930329,134.38828117622413,1261258602.06103,11834232.040378297,0.011006711409395973,0.8667818044758148
15-2051.01,Business Intelligence Analysts,4104048.035384615,84914.9760576923,17.580740384615385,3.732941176470588,96.21823529411765,233440.0,4830.0,15,Computer and Mathematical Occupations,112590.0,54.13,116420.0,55.97,1137773.3616615385,70623.44075769231,15.213753461538461,True,False,True,False,27.723197970681422,83.16959391204428,64717.03334275872,1339.0304619839126,7286490784.061204,155889926.3841671,0.06207162440027416,4.888158924425477
15-2051.02,Clinical Data Managers,2772919.0152615383,57373.19586923077,11.87850846153846,3.7285714285714286,93.0952380952381,233440.0,4830.0,15,Computer and Mathematical Occupations,112590.0,54.13,116420.0,55.96999999999999,846932.1416410255,52570.453788461535,10.884151923076923,True,False,True,False,30.54298149277699,91.62894447833096,71299.5359967386,1475.2260061011286,8027614757.872799,171745811.6302934,0.06207162440027416,4.888158924425477
15-2099.01,Bioinformatics Technicians,85406.93682307692,934.7111111538461,18.327668846153845,3.6231578947368424,73.98315789473685,4660.0,51.0,15,Computer and Mathematical Occupations,71490.0,34.37,71490.0,34.37,82125.59423846153,898.7994219230769,17.623518076923077,True,False,True,False,96.15799054892604,96.15799054892604,4480.962359579953,49.04057517995228,320343999.0863708,3505910.7196147884,0.01094420600858369,0.8618594855296395
17-1011.00,"Architects, Except Landscape and Naval",2800991.1880692304,32763.078499999996,25.202368076923076,3.73375,94.04791666666667,111140.0,1300.0,17,Architecture and Engineering Occupations,96690.0,46.49,81710.0,39.29,1972561.8780769228,23072.974999999995,21.50462923076923,False,False,False,False,70.42370880990319,70.42370880990319,78268.9099713264,915.5082145287415,7567820905.12755,74806176.20914347,0.011696958790714413,0.9211389915101877
17-1012.00,Landscape Architects,263769.7183,1751.28005,13.471385000000001,3.8063157894736848,98.12105263157895,19580.0,130.0,17,Architecture and Engineering Occupations,79660.0,38.3,82180.0,39.51,111060.23762307693,737.3764500000001,9.42459423076923,False,False,False,False,42.104999140485845,42.104999140485845,8244.15883170713,54.736498882631594,656729692.5337899,4498245.478174664,0.006639427987742595,0.5228569331789698
17-1021.00,Cartographers and Photogrammetrists,505202.9437615385,7899.967846153846,39.49983923076923,4.03,77.66071428571429,12790.0,200.0,17,Architecture and Engineering Occupations,78380.0,37.68,65250.0,31.37,398623.0374923077,6233.354769230769,39.49983923076923,False,False,False,False,78.90354607285549,78.90354607285549,10091.763542718218,157.80709214571098,790992426.4782538,10296912.762507642,0.01563721657544957,1.231435466607834
17-1022.00,Surveyors,1303777.602076923,16211.251269230768,24.562501923076923,4.0216666666666665,87.76333333333334,53080.0,660.0,17,Architecture and Engineering Occupations,72740.0,34.97,64260.0,30.899999999999995,603358.7267692308,9593.72203076923,24.50256,False,False,False,False,46.277733703054714,59.17940491723965,24564.22104958144,305.4330424401611,1786801439.146554,19627127.307204753,0.015900527505651844,1.2521712808515053
17-1022.01,Geodetic Surveyors,615536.5241076923,7653.619176923077,11.596392692307692,4.13875,94.44624999999999,53080.0,660.0,17,Architecture and Engineering Occupations,72740.0,34.97,64260.0,30.9,240912.36882307692,2160.4048146153846,11.248080384615385,False,False,False,False,39.13859850515185,28.227231649170122,20774.7680865346,258.3147501340022,1511156630.614527,16599305.843610983,0.008967596081386586,0.7062008645560623
17-2011.00,Aerospace Engineers,756699.2263076924,11056.388461538461,11.05638846153846,3.5485714285714285,72.725,68440.0,1000.0,17,Architecture and Engineering Occupations,134830.0,64.82,130670.0,62.82,253198.7024153846,3699.5719230769228,10.160256538461539,False,False,False,False,33.46094374258391,33.46094374258391,22900.669897424425,334.6094374258391,3087697322.2697353,43723415.18843439,0.014611338398597311,1.1506472543771329
17-2021.00,Agricultural Engineers,15541.845415384614,175.77087076923075,9.251098461538461,3.612142857142857,84.47357142857143,1680.0,19.0,17,Architecture and Engineering Occupations,84630.0,40.69,84630.0,40.69,4378.386276923076,49.517463846153845,6.509010384615384,False,False,False,False,28.171598416420903,28.171598416420906,473.28285339587114,5.352603699119971,40053927.88289257,452990.85105652316,0.011309523809523811,0.8906283712511005
17-2031.00,Bioengineers and Biomedical Engineers,305259.06831538456,5585.710307692307,13.964275769230769,3.496666666666667,82.75366666666667,21860.0,400.0,17,Architecture and Engineering Occupations,106950.0,51.42,86140.0,41.41,184418.58577692305,3374.5395384615385,10.492827307692307,False,True,True,False,60.41379435332197,60.41379435332198,13206.455445636182,241.65517741328784,1412430409.9107897,20816176.982380614,0.018298261665141816,1.4409935606508875
17-2041.00,Chemical Engineers,240688.33219615382,2651.9521107692303,11.839071923076922,4.043846153846154,96.15153846153846,20330.0,224.0,17,Architecture and Engineering Occupations,121860.0,58.59,80820.0,38.85,165501.27974195805,1823.5261516083915,10.416662517482516,False,False,False,False,68.76165463936135,68.76165463936135,13979.244388182164,154.02610639216942,1703510721.1438785,12448389.918615133,0.01101819970486965,0.8676865111689079
17-2051.00,Civil Engineers,4120917.3000346157,53452.150342307694,11.59482653846154,3.59125,73.5125,355410.0,4610.0,17,Architecture and Engineering Occupations,99590.0,47.88,92000.0,44.23,331950.18566346157,12918.523615384614,7.557979615384615,False,False,False,False,8.055249875086627,24.168388984642075,28629.16358104538,371.34701924149346,2851178401.0363092,34163925.7702174,0.038917054947761646,3.064729677904443
17-2051.01,Transportation Engineers,4595191.987396154,59603.936473076916,12.929270384615384,3.661153846153846,89.85961538461538,355410.0,4610.0,17,Architecture and Engineering Occupations,99590.0,47.88,92000.0,44.23,495177.66739269224,19267.282036153843,10.78064769230769,False,False,False,False,10.775995186945009,32.32551938051419,38298.96449392125,496.7733781181649,3814193873.9496174,45703150.78687117,0.03890983641811587,3.0641612165430696
17-2051.02,Water/Wastewater Engineers,2404722.513980769,31191.49936538461,6.7660519230769225,3.75,82.29035714285715,355410.0,4610.0,17,Architecture and Engineering Occupations,99590.0,47.88,92000.0,44.23,554139.4608115384,21563.12074230769,6.0112753846153835,True,False,True,False,23.04380058779497,69.1314017633849,81899.97166908211,1062.3192070973482,8156418178.523887,97733367.05295603,0.03891280492951802,3.0643949877008714
17-2061.00,Computer Hardware Engineers,641360.4632038461,3642.649573076923,8.471278076923078,3.6205555555555557,94.93,75710.0,430.0,17,Architecture and Engineering Occupations,155020.0,74.53,104080.0,50.04,371906.3086236686,2112.2667112426034,6.327629704142011,False,False,False,False,57.98709617456793,57.98709617456793,43902.030513765385,249.34451355064212,6805692770.24391,25951776.97035083,0.00567956676793026,0.4472675759941292
17-2071.00,Electrical Engineers,3008797.784192308,30599.56430769231,15.937273076923079,3.6295454545454544,71.88409090909092,188790.0,1920.0,17,Architecture and Engineering Occupations,111910.0,53.8,107520.0,51.68999999999999,1597205.805138462,16243.631261538463,13.802644615384617,False,False,False,False,53.08451812647228,53.08451812647227,100218.26177096702,1019.2227480282678,11215425674.78892,109586829.86799936,0.010170030192277132,0.800892909221761
17-2072.00,"Electronics Engineers, Except Computer",1396058.9962846152,16495.90681153846,14.861177307692307,3.339,78.1875,93940.0,1110.0,17,Architecture and Engineering Occupations,127590.0,61.34000000000001,110390.0,53.07000000000001,194984.85132000002,4606.7544,12.274989230769231,False,False,False,False,13.96680597588788,27.926651457425145,13120.417533749074,155.03154633235548,1674034073.1310444,17113932.39962872,0.023626216953847406,1.860571627844359
17-2072.01,Radio Frequency Identification Device Specialists,1895338.4260461538,22395.418915384616,20.176053076923075,3.765238095238095,89.95380952380953,93940.0,1110.0,17,Architecture and Engineering Occupations,127590.0,61.34,110390.0,53.07,363786.85628115386,8599.394934615384,18.13029730769231,False,False,False,False,19.193767787426015,38.39800883879872,18030.625459508,213.0508224404288,2300527502.3786254,23518680.289198935,0.023638553142143522,1.8615431063499672
17-2081.00,Environmental Engineers,377388.5641730769,4276.075957692307,9.944362692307692,3.7551724137931037,91.9548275862069,37950.0,430.0,17,Architecture and Engineering Occupations,104170.0,50.08,99180.0,47.68,102942.93646153845,1166.4153538461537,5.542563076923076,False,False,False,False,27.277704264066426,27.277704264066426,10351.888768213208,117.29412833548564,1078356252.9847698,11633231.648313466,0.011330698287220026,0.8922958676815684
17-2111.00,"Health and Safety Engineers, Except Mining Safety Engineers and Inspectors",282958.5984923077,2924.6366769230767,12.185986153846153,3.8468,88.79,23220.0,240.0,17,Architecture and Engineering Occupations,109660.0,52.72,102980.0,49.51,21443.74113846154,442.40728076923074,8.59832946745562,False,False,False,False,7.57840237148492,15.126914199635705,1759.7050306587983,18.18816569156381,192969253.6620438,1873017.3029172411,0.020631067961165046,1.6247027518479449
17-2111.02,Fire-Prevention and Protection Engineers,326258.9419153846,3372.185446153846,14.05077269230769,3.87,91.15384615384616,23220.0,240.0,17,Architecture and Engineering Occupations,109660.0,52.72,102980.0,49.51,28773.24310897436,595.4409455128205,8.98562564102564,False,False,False,False,8.81914314441586,17.65741994385131,2047.8050381333626,21.165943546598065,224562300.48170453,2179668.8664286686,0.02069425901201602,1.6296790659390523
17-2112.00,Industrial Engineers,5602449.210957692,73263.90482307693,15.99648576923077,3.5355,79.7645,350230.0,4580.0,17,Architecture and Engineering Occupations,101140.0,48.63,100710.0,48.42,361332.36299423076,18903.131279999998,11.513182307692308,False,False,False,False,6.44954285863957,25.8014247611408,22588.233953813367,295.3890629256923,2284573982.088684,29748632.52724647,0.052315079455813415,4.119828101724897
17-2112.01,Human Factors Engineers and Ergonomists,3511624.7390461536,45921.94073846153,10.026624615384614,4.014230769230769,92.11538461538461,350230.0,4580.0,17,Architecture and Engineering Occupations,101140.0,48.63,100710.0,48.42,96438.3000876923,5043.963849230769,4.221133846153846,False,False,False,False,2.7462587051339487,10.983777619411976,9618.221862990627,125.77864869513485,972786959.222872,12667167.710087031,0.0523024964629638,4.118837187287132
17-2112.02,Validation Engineers,5973837.817592308,78120.59847692307,17.05689923076923,3.8566666666666665,94.88714285714286,350230.0,4580.0,17,Architecture and Engineering Occupations,101140.0,48.63,100710.0,48.42,890383.4315951923,46574.60659230769,13.772813461538462,True,False,True,False,14.904713833594698,59.61885533437879,52200.77925939871,682.6358935786371,5279586814.295586,68748260.84230454,0.052308482996887756,4.119308628618166
17-2112.03,Manufacturing Engineers,5687453.803665385,74375.52014615384,16.239196538461538,3.682916666666667,92.5,350230.0,4580.0,17,Architecture and Engineering Occupations,101140.0,48.63,100710.0,48.42,1132067.2241484162,59216.719145701354,12.929414660633483,True,False,True,False,19.90464034044258,79.61856136177033,69712.02186433204,911.6325275922702,7050673891.358542,91810511.85381754,0.05230848299688776,4.119308628618167
17-2121.00,Marine Engineers and Naval Architects,100139.02236923076,1103.427616153846,11.864813076923076,3.6910714285714286,84.02035714285715,8440.0,93.0,17,Architecture and Engineering Occupations,105670.0,50.8,105670.0,50.8,49218.87604615384,542.3406957692307,10.109208534798533,False,False,False,False,49.1505457929027,49.1505457929027,4148.306064920987,45.7100075873995,438351501.88020074,4830176.501760505,0.011018957345971563,0.8677461756315286
17-2131.00,Materials Engineers,534227.7344884615,11496.336842307692,23.461911923076922,3.776666666666667,90.93095238095238,22770.0,490.0,17,Architecture and Engineering Occupations,108310.0,52.07,85720.0,41.21,285412.12386923074,6141.938546153847,16.23061978021978,False,False,False,False,53.42517908444441,53.425179084444416,12164.913277527992,261.7833775137776,1317581757.0890567,22440071.120481018,0.0215195432586737,1.6946704463719715
17-2141.00,Mechanical Engineers,11712176.841138462,144584.69109230768,40.843133076923074,3.5475,66.93285714285715,286760.0,3540.0,17,Architecture and Engineering Occupations,102320.0,49.19,99050.0,47.62,2584539.6819333336,95717.0157,35.462885,False,False,False,False,22.067116275560846,66.20134882668253,63279.66263179828,781.1759161548539,6474775080.4856,77375474.49513827,0.03703445389873064,2.9164742841095124
17-2141.01,Fuel Cell Engineers,5955371.4604,73517.9766,20.767789999999998,3.623076923076923,95.62884615384615,286760.0,3540.0,17,Architecture and Engineering Occupations,102320.0,49.190000000000005,99050.0,47.62,978723.6445128206,36246.4956923077,16.62915269230769,False,False,False,False,16.434300547342907,49.302901642028736,47127.00024956052,581.7742393759389,4822034665.535032,57624738.41018675,0.03703445389873065,2.916474284109513
17-2141.02,Automotive Engineers,3215837.9249384613,39698.93379230769,11.214388076923075,3.7004,89.714,286760.0,3540.0,17,Architecture and Engineering Occupations,102320.0,49.19,99050.0,47.62,702419.0979333334,26013.707699999995,9.127132307692307,False,False,False,False,21.84249064563087,65.5274719368926,62635.52617541108,773.2241688553328,6408867038.268062,76587853.92512071,0.03703445389873064,2.9164742841095124
17-2151.00,"Mining and Geological Engineers, Including Mining Safety Engineers",53346.31890769231,1733.5583692307694,7.879810769230769,3.7344444444444442,66.77833333333334,6770.0,220.0,17,Architecture and Engineering Occupations,101020.0,48.57,110960.0,53.35,25605.53566153846,832.0853538461538,5.678666538461538,False,False,False,False,47.998692666770395,47.998692666770395,3249.511493540356,105.59712386689488,328265651.07744676,11717056.864270655,0.03249630723781389,2.559093881788127
17-2161.00,Nuclear Engineers,103004.7754153846,1132.0741938461538,6.988112307692307,3.8939999999999997,87.618,14740.0,162.0,17,Architecture and Engineering Occupations,127520.0,61.31,127520.0,61.31,36975.92495384615,406.38397846153845,4.630421153846154,False,False,False,False,35.89729195052785,35.89729195052785,5291.260833507806,58.15361295985512,674741581.4889154,7415748.724640724,0.010990502035278155,0.8655053114321912
17-2171.00,Petroleum Engineers,286276.12407692306,5734.577076923077,15.090992307692307,3.744782608695652,68.10565217391304,18970.0,380.0,17,Architecture and Engineering Occupations,141280.0,67.92,166580.0,80.09,108072.3599576923,2164.8654076923076,10.596074999999999,False,False,False,False,37.75109094625474,37.75109094625474,7161.381952504525,143.454145595768,1011760042.2498392,23896591.573343035,0.020031628887717447,1.57749674612741
17-2199.03,"Energy Engineers, Except Wind and Solar",1233751.7994230767,12439.819138461537,8.184091538461537,3.7304761904761907,91.77238095238096,150750.0,1520.0,17,Architecture and Engineering Occupations,117750.0,56.61,113290.0,54.46999999999999,90171.51111778845,7273.536153846153,5.094756153846153,False,True,True,False,7.30872377733951,58.469790218716064,11017.901094339311,111.09260141556055,1297357853.858454,12585680.814368855,0.08066334991708125,6.35226285087352
17-2199.05,Mechatronics Engineers,3568334.1369230766,35979.22313846154,23.67054153846154,3.6030434782608696,68.74826086956521,150750.0,1520.0,17,Architecture and Engineering Occupations,117750.0,56.61,113290.0,54.47,358480.6227043269,28916.247907692305,23.39662269230769,False,False,False,False,10.046161848885585,80.36929479108468,15144.588987195018,152.7016601030609,1783275353.2422135,17299571.07307577,0.08066334991708127,6.352262850873521
17-2199.06,Microsystems Engineers,1062922.5951923076,10717.362153846152,7.050896153846153,3.5112,63.5576,150750.0,1520.0,17,Architecture and Engineering Occupations,117750.0,56.61,113290.0,54.47,107409.23367187499,8663.988599999999,6.523961057692307,False,False,False,False,10.105085182843643,80.84068146274915,15233.415913136792,153.59729477922338,1793734723.7718573,17401037.525538217,0.08066334991708125,6.35226285087352
17-2199.07,Photonics Engineers,1300952.7285576921,13117.400646153845,8.629868846153846,3.3123076923076926,82.44,150750.0,1520.0,17,Architecture and Engineering Occupations,117750.0,56.61,113290.0,54.47,104493.29348666957,8428.779096503495,7.747704405594404,False,False,False,False,8.032059212675358,64.25647370140285,12108.329263108102,122.08730003266544,1425755770.730979,13831270.220700668,0.08066334991708125,6.35226285087352
17-2199.08,Robotics Engineers,2461721.8725,24821.3416,16.329829999999998,3.6304166666666666,81.25,150750.0,1520.0,17,Architecture and Engineering Occupations,117750.0,56.60999999999999,113290.0,54.47,237756.29743990384,19178.219415384614,14.04095423076923,False,False,False,False,9.658129949442687,77.2650395955415,14559.630898784852,146.80357523152884,1714396538.3319163,16631377.037979903,0.08066334991708125,6.35226285087352
17-2199.09,Nanosystems Engineers,3266502.834807692,32935.88264615384,21.668343846153846,3.3731999999999998,84.7616,150750.0,1520.0,17,Architecture and Engineering Occupations,117750.0,56.61,113290.0,54.47,216809.92557692307,17488.61489230769,13.261518846153846,False,False,False,False,6.6373714195685745,53.09897135654861,10005.837414999627,100.88804557744234,1178187355.6162062,11429606.683468442,0.08066334991708125,6.35226285087352
17-2199.10,Wind Energy Engineers,1588832.9299038462,16020.073323076924,10.539521923076924,3.3475,53.694375,150750.0,1520.0,17,Architecture and Engineering Occupations,117750.0,56.61,113290.0,54.47,75014.15668269231,6050.89316923077,4.656749230769231,False,False,False,False,4.721336980800873,37.77069584640699,7117.415498557317,71.76432210817327,838075674.955124,8130180.051634951,0.08066334991708127,6.352262850873521
17-2199.11,Solar Energy Systems Engineers,1638306.5287499998,16518.9116,10.867704999999999,3.7507692307692304,88.18769230769232,150750.0,1520.0,17,Architecture and Engineering Occupations,117750.0,56.61,113290.0,54.47,144810.1963341346,11680.875538461538,9.978449615384616,False,False,False,False,8.839017228639278,70.71213782911423,13324.818472173713,134.35306187531702,1568997375.0984547,15220858.379854666,0.08066334991708125,6.35226285087352
17-3011.00,Architectural and Civil Drafters,4427743.655865384,64668.09538461538,40.41755961538461,3.7256,83.39119999999998,109550.0,1600.0,17,Architecture and Engineering Occupations,64280.0,30.9,62350.0,29.97,4198162.6757842805,61315.01854180602,40.88739043478261,False,False,False,False,94.81494418094914,94.81494418094914,103869.7713502298,1517.039106895186,6676748902.392772,94587388.31491485,0.014605203103605661,1.150164098067673
17-3012.00,Electrical and Electronics Drafters,1087911.0781,11411.654665384614,54.34121269230769,3.7340740740740737,70.83111111111111,20020.0,210.0,17,Architecture and Engineering Occupations,73720.0,35.44,64200.0,30.87,818193.5433913043,8582.449755852842,51.91182566889632,False,False,False,False,75.20775915070666,75.20775915070666,15056.593381971476,157.93629421648401,1109972064.1189373,10139510.088698274,0.010489510489510488,0.8260520778626326
17-3013.00,Mechanical Drafters,1513709.3038846154,23141.921688461538,37.93757653846154,3.8973333333333335,84.99600000000001,39900.0,610.0,17,Architecture and Engineering Occupations,68510.0,32.94,68520.0,32.94,1299798.7743461537,19871.610334615383,34.81238153846154,False,False,False,False,85.86845380486825,85.86845380486825,34261.513068142434,523.7975682096964,2347256260.298438,35890609.373728395,0.015288220551378446,1.2039519256801579
17-3021.00,Aerospace Engineering and Operations Technologists and Technicians,115342.08293076923,3182.7285576923077,12.730914230769232,4.329090909090909,73.27454545454545,9060.0,250.0,17,Architecture and Engineering Occupations,79830.0,38.38,78610.0,37.79,54990.321623076925,1517.3929807692307,11.411500384615385,False,True,True,False,47.67585275539309,47.67585275539308,4319.432259638614,119.18963188848272,344820277.2869505,9369496.962753627,0.02759381898454746,2.1730214704627753
17-3022.00,Civil Engineering Technologists and Technicians,796294.2348807693,11663.08955,12.816581923076923,3.8757142857142854,68.12214285714286,62130.0,910.0,17,Architecture and Engineering Occupations,64200.0,30.86,61770.0,29.7,522732.59500384616,7656.311949999999,11.821466153846155,False,True,True,False,65.64565861538806,65.64565861538806,40785.647697740606,597.3754934000314,2618438582.194947,36899884.22731993,0.014646708514405278,1.153432661540473
17-3023.00,Electrical and Electronic Engineering Technologists and Technicians,2698829.213319231,34641.42771923077,29.110443461538463,3.7119230769230773,84.31692307692308,92710.0,1190.0,17,Architecture and Engineering Occupations,77180.0,37.11,65830.0,31.65,1842065.7433412087,23644.248026923076,25.60685119047619,False,True,True,False,68.25425389091933,68.25425389091933,63278.51878227131,812.22562130194,4883836079.6157,53468812.65030671,0.01283572430158559,1.0108171149454155
17-3024.00,Electro-Mechanical and Mechatronics Technologists and Technicians,677929.0511692308,18472.18123076923,46.18045307692308,3.799615384615385,65.01615384615386,14680.0,400.0,17,Architecture and Engineering Occupations,70760.0,34.02,69770.0,33.54,91399.2438046154,8837.248615384617,48.36227,False,True,True,False,13.482125252927018,47.84085054700717,1979.175987129686,53.928501011708065,140046492.8492966,3762591.5155868717,0.09668842156151801,7.614242019779645
17-3024.01,Robotics Technicians,182286.92949230768,4966.9463076923075,12.417365769230768,3.7240909090909096,76.03272727272727,14680.0,400.0,17,Architecture and Engineering Occupations,70760.0,34.02,69770.0,33.54,24397.849714615382,3046.8747692307693,9.70339,False,False,False,False,13.384311087232915,61.34301803327481,1964.8168676057917,53.53724434893165,139030441.55178583,3735293.538224961,0.1248829222603809,9.834567354301715
17-3025.00,Environmental Engineering Technologists and Technicians,254267.83173076922,1830.7283884615385,20.341426538461537,3.6915384615384617,65.345,12500.0,90.0,17,Architecture and Engineering Occupations,58890.0,28.31,50100.0,24.09,165415.61538461538,1190.9924307692309,18.858493846153845,False,True,True,False,65.05565971859359,65.05565971859359,8131.957464824199,58.55009374673423,478890975.1034971,2933359.6967113847,0.007200000000000001,0.5670021462449111
17-3026.00,Industrial Engineering Technologists and Technicians,470368.53279230767,8457.791353846154,6.407417692307693,3.4514285714285715,70.76571428571428,73410.0,1320.0,17,Architecture and Engineering Occupations,64790.0,31.15,65330.0,31.41,465618.9848492308,16744.77755076923,16.64963676923077,False,True,True,False,98.99024964215154,197.98049928430305,72668.74226230345,1306.6712952764003,4708207811.174641,85364835.72040723,0.03596240294237842,2.8320499517295654
17-3026.01,Nanotechnology Engineering Technologists and Technicians,1770427.3041576922,31834.410046153844,24.116977307692306,3.8286956521739133,88.91434782608695,73410.0,1320.0,17,Architecture and Engineering Occupations,64790.0,31.15,65330.0,31.41,329881.23535013734,11863.321908791208,15.896585934065932,True,True,True,True,18.632859681696072,37.265719363392144,13678.382292333086,245.95374779838815,886222388.7202606,16068158.343668697,0.03596240294237842,2.8320499517295654
17-3027.00,Mechanical Engineering Technologists and Technicians,744793.5727884616,23467.461038461537,19.887678846153847,3.496923076923077,74.40038461538461,37450.0,1180.0,17,Architecture and Engineering Occupations,68730.0,33.04,60830.0,29.25,217125.81871999998,13675.206923076923,22.01682,False,True,True,False,29.152482869460624,58.27305689637328,10917.604834613005,343.99929785963536,750366980.2829518,20925477.288801618,0.06298286865972456,4.959919681489607
17-3027.01,Automotive Engineering Technicians,851540.4766346153,26830.914884615384,22.73806346153846,3.7994444444444446,95.26888888888888,37450.0,1180.0,17,Architecture and Engineering Occupations,68730.0,33.04,60830.0,29.25,105067.15932769231,6627.384261538461,20.722400384615383,False,False,False,False,12.338480930810201,24.700552664861032,4620.76110858842,145.59407498356038,317584910.9932821,8856487.581249978,0.06307760011735367,4.967379812016358
17-3029.01,Non-Destructive Testing Specialists,4593976.18928077,77743.1151423077,71.32395884615384,4.469375,90.218125,64410.0,1090.0,17,Architecture and Engineering Occupations,77390.0,37.21,64680.0,31.09,1243229.7926711538,42077.95292692308,66.71962192307693,False,False,False,False,27.06217319044906,54.124346380898125,17430.74575196824,294.97768777589476,1348965413.744822,19079156.845344875,0.03384567613724577,2.6653570848511836
17-3029.08,Photonics Technicians,1672910.5500807692,28310.394342307693,25.972838846153845,3.6183333333333336,64.83666666666666,64410.0,1090.0,17,Architecture and Engineering Occupations,77390.0,37.21,64680.0,31.09,250259.0351423077,8470.186253846154,16.981273846153847,False,False,False,False,14.959498888343134,29.91899777668627,9635.413233981812,163.05853788294016,745684630.1778524,10546626.23026857,0.03384567613724577,2.6653570848511836
17-3031.00,Surveying and Mapping Technicians,2410532.8086153846,19974.443230769233,42.49881538461538,3.895263157894737,82.2421052631579,56720.0,470.0,17,Architecture and Engineering Occupations,51940.0,24.97,48720.0,23.42,2661328.1685619433,22052.61352651822,64.86661295546558,False,False,False,False,110.40414629704279,110.40414629704276,62621.23177968266,518.8994875961012,3252546778.6367173,25280783.03568205,0.008286318758815234,0.6525500723219035
19-1011.00,Animal Scientists,25326.5193,276.8485915384615,10.253651538461538,4.017777777777777,87.92333333333333,2470.0,27.0,19,"Life, Physical, and Social Science Occupations",79120.0,38.04,79120.0,38.04,2905.495199999999,31.760473846153833,2.529197307692307,False,False,False,False,11.47214572039514,11.47214572039514,283.36199929376,3.0974793445066875,22419601.38412229,245072.56573736912,0.010931174089068825,0.8608332179831645
19-1012.00,Food Scientists and Technologists,103610.32528846154,937.32375,7.210182692307692,3.7707692307692304,86.95538461538462,14370.0,130.0,19,"Life, Physical, and Social Science Occupations",85310.0,41.02,69170.0,33.26,20830.271157692303,188.44364999999996,4.191033846153846,False,False,False,False,20.104435633899172,20.10443563389917,2889.007400591311,26.13576632406892,246461221.34444475,1807810.9566358472,0.009046624913013222,0.7124244086043304
19-1013.00,Soil and Plant Scientists,219194.8979230769,924.3158346153846,13.204511923076922,3.3622222222222224,75.40518518518519,16600.0,70.0,19,"Life, Physical, and Social Science Occupations",71410.0,34.33,72550.0,34.88,47204.80707692307,199.05641538461538,7.71481423076923,False,False,False,False,21.535540983936986,21.535540983936986,3574.8998033335397,15.074878688755891,255283594.95604807,1093682.44886924,0.004216867469879519,0.3320795702572271
19-1021.00,Biochemists and Biophysicists,1057233.5910615386,11331.878003846154,30.626697307692307,3.8562499999999997,82.25875,34520.0,370.0,19,"Life, Physical, and Social Science Occupations",103650.0,49.830000000000005,78260.0,37.63,560947.2782307692,6012.470826923077,18.373212307692306,False,False,False,False,53.0580264355333,53.058026435533314,18315.630725546096,196.3146978114732,1898415124.702853,15363588.250725891,0.010718424101969872,0.8440790930805696
19-1022.00,Microbiologists,634060.628,4492.332384615384,32.08808846153846,3.9435714285714285,83.44142857142857,19760.0,140.0,19,"Life, Physical, and Social Science Occupations",87330.0,41.98,67780.0,32.59,80581.4472,570.9211846153846,24.85775730769231,False,False,False,False,12.708792131467906,12.708792131467908,2511.257325178058,17.79230898405507,219308102.20779982,1205962.7029392526,0.00708502024291498,0.5579474561001992
19-1023.00,Zoologists and Wildlife Biologists,147778.64224615385,3056.8868076923077,8.733962307692307,3.525714285714286,76.48642857142856,16920.0,350.0,19,"Life, Physical, and Social Science Occupations",72860.0,35.03,69990.0,33.65,19832.563246153848,410.2480576923078,5.023724615384616,False,False,False,False,13.420453013175534,13.420453013175537,2270.7406498293003,46.97158554611437,165446163.7465628,3287541.2723725447,0.020685579196217496,1.6289955278575559
19-1029.01,Bioinformatics Scientists,762580.6844115384,6513.417334615385,12.771406538461537,3.5395000000000003,76.7255,59710.0,510.0,19,"Life, Physical, and Social Science Occupations",93330.0,44.87,89860.0,43.2,76857.12695692308,2627.4277384615384,9.731213846153846,False,False,False,False,10.078556738718278,40.338697852172665,6017.906228688684,51.40063936746322,561651188.3235148,4618861.453560245,0.03418586984046594,2.6921474403879673
19-1029.02,Molecular and Cellular Biologists,853749.5639076923,7292.116523076923,14.298267692307691,3.7681818181818185,94.05636363636363,59710.0,510.0,19,"Life, Physical, and Social Science Occupations",93330.0,44.87,89860.0,43.2,23717.845307692307,807.6887861538461,8.902693076923077,False,False,False,False,2.7780799323789394,11.076191440411051,1658.7915276234646,14.168207655132592,154815013.27309796,1273155.1398902147,0.03405405405405405,2.68176690791512
19-1029.03,Geneticists,684223.6188576923,5844.147473076923,11.459112692307691,3.7412500000000004,87.01375,59710.0,510.0,19,"Life, Physical, and Social Science Occupations",93330.0,44.87,89860.0,43.20000000000001,21093.71939307692,722.3442507692307,7.046461538461538,False,False,False,False,3.0828692275038345,12.3601304398453,1840.7812157425394,15.722633060269557,171800110.8652512,1412835.8067958225,0.03424451787323521,2.696765990450914
19-1029.04,Biologists,1823733.7371076923,15577.025723076924,30.543187692307693,3.6699999999999995,68.20904761904762,59710.0,510.0,19,"Life, Physical, and Social Science Occupations",93330.0,44.87,89860.0,43.2,223676.27051832931,7641.929188701923,24.059725264423076,True,False,True,False,12.264743803723423,49.05897521489369,7323.278525203255,62.55019339898946,683481584.7572198,5620760.378833192,0.0341651314687657,2.6905142874346812
19-1031.00,Conservation Scientists,240474.48579230768,2819.1616153846153,9.397205384615384,3.8676666666666666,83.61566666666666,25590.0,300.0,19,"Life, Physical, and Social Science Occupations",67950.0,32.67,77380.0,37.2,3793.218393076923,133.59975615384616,2.9322853846153847,False,False,False,False,1.577389127407487,4.738988904530019,403.6538777035759,4.73216738222246,27428280.989957985,366175.112036374,0.03522068658047258,2.773639567131568
19-1031.02,Range Managers,156557.73027692307,1835.3778461538461,6.117926153846153,3.669375,84.485625,25590.0,300.0,19,"Life, Physical, and Social Science Occupations",67950.0,32.67,77380.0,37.2,769.3313419230769,27.530743846153847,1.984001923076923,False,False,False,False,0.49140425104673224,1.5000041492189913,125.75034784285877,1.4742127531401967,8544736.135922253,114074.58283798842,0.03578528827037773,2.8181021185134743
19-1031.03,Park Naturalists,457363.82013461535,5361.82673076923,17.872755769230768,3.6119999999999997,86.2145,25590.0,300.0,19,"Life, Physical, and Social Science Occupations",67950.0,32.67,77380.0,37.2,63956.59779692307,2244.6731246153845,15.90564423076923,False,False,False,False,13.983746632625818,41.863962364433846,3578.440763288947,41.95123989787746,243155049.86548394,3246186.9432977578,0.03509681881051176,2.763884943323463
19-1032.00,Foresters,68150.40444230768,282.48872307692307,7.062218076923076,3.2895999999999996,68.5616,9650.0,40.0,19,"Life, Physical, and Social Science Occupations",70660.0,33.97,68930.0,33.14,3019.0952884615385,12.514384615384614,2.3515215384615384,False,False,False,False,4.430047500330443,4.430047500330442,427.4995837818878,1.7720190001321772,30207120.590028193,122145.26967911098,0.004145077720207254,0.32642610607076056
19-1041.00,Epidemiologists,159844.44583846154,2510.645746153846,13.948031923076925,3.8449999999999998,90.46124999999999,11460.0,180.0,19,"Life, Physical, and Social Science Occupations",83980.0,40.38,72160.0,34.69,81391.0929923077,1278.394130769231,7.299305,False,False,False,False,50.91893719883228,50.91893719883228,5835.310202986179,91.6540869578981,490049350.84677935,6613758.914881927,0.015706806282722512,1.2369156767995442
19-1042.00,"Medical Scientists, Except Epidemiologists",2370289.019076923,25022.244923076923,15.164996923076922,4.117142857142857,67.44785714285715,156300.0,1650.0,19,"Life, Physical, and Social Science Occupations",100590.0,48.36,78570.0,37.77,1099612.1599615384,11608.189788461537,10.236486923076923,False,False,False,False,46.39148015754498,46.391480157544976,72509.8834862428,765.4594225994922,7293769179.881164,60142146.8336421,0.01055662188099808,0.8313371199474864
19-2011.00,Astronomers,8418.5448,91.7405523076923,5.396503076923076,3.9105882352941177,92.83764705882353,1560.0,17.0,19,"Life, Physical, and Social Science Occupations",132170.0,63.540000000000006,132170.0,63.540000000000006,4645.7591999999995,50.626863076923065,3.4428788461538455,False,False,False,False,55.18482481675455,55.18482481675455,860.883267141371,9.381420218848273,113782941.41807501,1239942.3103251762,0.010897435897435897,0.8581763253350684
19-2012.00,Physicists,299754.27984615386,842.7955384615385,14.046592307692308,3.943,77.899,21340.0,60.0,19,"Life, Physical, and Social Science Occupations",166290.0,79.95,133900.0,64.37,228419.46955384617,642.2290615384616,11.825375000000001,False,False,False,False,76.20223793671282,76.20223793671282,16261.557575694516,45.72134276202769,2704134409.262241,6122087.795835507,0.0028116213683223993,0.22141602087039639
19-2021.00,Atmospheric and Space Scientists,328318.0772923077,3627.204270769231,37.39385846153846,3.764074074074074,76.29629629629629,8780.0,97.0,19,"Life, Physical, and Social Science Occupations",97450.0,46.85,59640.0,28.67,233936.60617692306,2584.493257307692,35.30954153846154,False,False,False,False,71.25303854915212,71.25303854915212,6256.016784615556,69.11544739267757,609648835.6607859,4122045.28249929,0.011047835990888382,0.8700203775271509
19-2031.00,Chemists,1125829.3577884615,10007.372069230769,13.52347576923077,3.855,89.64666666666666,83250.0,740.0,19,"Life, Physical, and Social Science Occupations",84150.0,40.46,77270.0,37.15,610196.5324038462,5423.969176923077,10.490594615384616,False,False,False,False,54.199735349102475,54.199735349102475,45121.279678127816,401.07804158335836,3796955684.914456,30991300.2731461,0.008888888888888889,0.7000026496850754
19-2032.00,Materials Scientists,107384.16376153845,1031.3004923076921,12.891256153846154,3.94375,89.285625,8330.0,80.0,19,"Life, Physical, and Social Science Occupations",104160.0,50.08,118720.0,57.08,51659.45295,496.12919999999997,10.731302307692307,False,False,False,False,48.10714274845687,48.10714274845688,4007.324990946457,38.4857141987655,417402971.056983,4569023.98967744,0.009603841536614645,0.7563053838134067
19-2041.00,"Environmental Scientists and Specialists, Including Health",945298.4042538462,9572.078507692308,11.130323846153846,3.4513636363636366,70.89999999999999,84930.0,860.0,19,"Life, Physical, and Social Science Occupations",80060.0,38.49,81480.0,39.17,19436.950555,3770.759638461539,6.835961923076923,False,False,False,False,2.0561708839805135,39.39332126696708,1746.3059317646503,17.68306960223242,139809252.8970779,1440816.5111898975,0.19399954883825854,15.277522300255145
19-2041.01,Climate Change Policy Analysts,308323.76357307687,3122.0821461538458,3.6303280769230764,4.090714285714285,97.515,84930.0,860.0,19,"Life, Physical, and Social Science Occupations",80060.0,38.49,81480.0,39.17,9735.264398076923,1647.7715769230767,2.507630769230769,False,True,True,False,3.157481046954571,52.77796995037427,2681.648653178517,27.15433700380931,214692791.17347208,2212535.3790703826,0.1692580200747884,13.329119534940176
19-2041.02,Environmental Restoration Planners,702091.516973077,7109.368946153847,8.266708076923077,3.8865217391304347,94.66260869565217,84930.0,860.0,19,"Life, Physical, and Social Science Occupations",80060.0,38.49,81480.0,39.17,3479.3882196153836,700.6026384615383,1.3990399999999996,False,False,False,False,0.4955747413978237,9.854638910540194,420.89162786917166,4.261942776021284,33696583.72720588,347263.0973902142,0.20135799578553032,15.85700219082909
19-2041.03,Industrial Ecologists,1104303.5009538461,11182.161907692307,13.002513846153844,3.4678947368421054,89.70184210526315,84930.0,860.0,19,"Life, Physical, and Social Science Occupations",80060.0,38.49,81480.0,39.17,27624.319977692307,3190.132292307692,7.157304999999999,False,False,False,False,2.50151520427416,28.528761420572636,2124.536862990044,21.513030756757775,170090421.2509829,1752881.7460606236,0.11548274472942123,9.094300571643753
19-2042.00,"Geoscientists, Except Hydrologists and Geographers",360298.6529423077,5442.094269230769,16.006159615384615,3.6296875,60.8021875,22510.0,340.0,19,"Life, Physical, and Social Science Occupations",99240.0,47.71,104000.0,50.0,292031.7794346154,4410.964238461538,14.210235,False,False,False,False,81.05269810192061,81.05269810192061,18244.96234274233,275.57917354653006,1810630062.8937488,28660234.048839126,0.015104398045313192,1.1894758485319472
19-2043.00,Hydrologists,54864.48879999999,959.1693846153845,9.591693846153845,3.536,88.6156,5720.0,100.0,19,"Life, Physical, and Social Science Occupations",92060.0,44.26,89310.0,42.94,25203.245787499996,440.6161850961538,5.801026466346153,False,False,False,False,45.93726532179044,45.93726532179044,2627.6115764064134,45.937265321790434,241897921.7239744,4102657.165889104,0.017482517482517484,1.3767534631043878
19-2099.01,Remote Sensing Scientists and Technologists,697420.3051461538,3706.396661538461,30.886638846153843,3.8633333333333333,95.16666666666667,22580.0,120.0,19,"Life, Physical, and Social Science Occupations",117960.0,56.71,106850.0,51.37,539972.1276153845,2869.6481538461535,26.224391153846152,False,False,False,False,77.42420512150505,77.42420512150505,17482.385516435843,92.90904614580606,2062222195.5187721,9927331.580679378,0.005314437555358725,0.4185135416629105
19-3011.00,Economists,170846.61075384615,753.1021884615385,10.758602692307692,3.8042857142857143,91.66571428571429,15880.0,70.0,19,"Life, Physical, and Social Science Occupations",115440.0,55.5,115440.0,55.5,18570.36877153846,164.8114169230769,6.072227692307692,False,False,False,False,10.869614966078803,21.884336474942266,1726.0948566133138,7.608730476255162,199260390.24744093,878351.8461788959,0.008874967371443488,0.6989063260363909
19-3011.01,Environmental Economists,84846.30863076923,374.00765769230765,5.342966538461538,3.5770000000000004,96.29650000000001,15880.0,70.0,19,"Life, Physical, and Social Science Occupations",115440.0,55.5,115440.0,55.5,11702.098538846152,102.52507846153846,4.447756153846154,False,False,False,False,13.792112736183817,27.412561308005305,2190.1875025059903,9.654478915328673,252835245.28929153,1114513.045985542,0.008761255779995133,0.6899515043135935
19-3022.00,Survey Researchers,136239.62936923077,705.9048153846154,17.647620384615383,4.344375,96.091875,7720.0,40.0,19,"Life, Physical, and Social Science Occupations",63380.0,30.47,50150.0,24.11,39088.53644615385,202.53127692307692,11.463431923076923,False,False,False,False,28.691017897749692,28.691017897749692,2214.9465817062764,11.476407159099876,140383314.3485438,575541.8190288588,0.005181347150259067,0.40803263258845063
19-3032.00,Industrial-Organizational Psychologists,14685.993403846154,167.8399246153846,13.986660384615384,3.906,94.7692,1050.0,12.0,19,"Life, Physical, and Social Science Occupations",109840.0,52.81,109840.0,52.81,4007.867769230769,45.80420307692307,6.345472692307692,False,False,False,False,27.290409705489438,27.290409705489438,286.5493019076391,3.2748491646587325,31474575.32153508,359709.4322461152,0.011428571428571429,0.9000034067379541
19-3033.00,Clinical and Counseling Psychologists,3333402.625776923,46175.406923076924,46.17540692307692,3.8853333333333335,95.589,72190.0,1000.0,19,"Life, Physical, and Social Science Occupations",95830.0,46.07,88990.0,42.79,1403084.2291615384,19435.991538461538,28.702335,True,True,True,True,42.09165188482201,42.091651884822,30385.963495653006,420.91651884822005,2911886881.7884274,37457361.0123031,0.013852334118298934,1.0908754410523755
19-3034.00,School Psychologists,1181815.07685,13330.82963076923,18.515041153846155,4.002105263157895,92.55315789473684,63830.0,720.0,19,"Life, Physical, and Social Science Occupations",86930.0,41.79,75870.0,36.48,601488.4779500001,6784.767415384616,10.177533076923078,True,False,True,False,50.89531261973763,50.89531261973763,32486.47804517853,366.44625086211096,2824049536.4673696,27802277.052908357,0.011279962400125331,0.8883004014490224
19-3039.02,Neuropsychologists,336768.68222307693,3710.3238738461537,18.930223846153844,4.24,98.0,17790.0,196.0,19,"Life, Physical, and Social Science Occupations",117580.0,56.53000000000001,90270.0,43.4,40682.63727692308,448.2179261538461,2.8585326923076924,True,True,True,True,12.080291138822325,12.080291138822325,2149.083793596492,23.677370632091755,252689272.45107552,2137356.2469589226,0.01101742551995503,0.8676255438761051
19-3039.03,Clinical Neuropsychologists,303654.38306538464,3345.489549230769,17.06882423076923,4.388333333333333,95.37055555555555,17790.0,196.0,19,"Life, Physical, and Social Science Occupations",117580.0,56.53,90270.0,43.4,40682.63727692308,448.2179261538461,2.8585326923076924,True,True,True,True,13.39767826376577,13.397678263765766,2383.4469631239303,26.25944939698091,280245693.9241117,2370440.497065467,0.01101742551995503,0.8676255438761051
19-3041.00,Sociologists,35741.37286538461,387.7030276923077,12.115719615384617,3.8973333333333335,98.33333333333333,2950.0,32.0,19,"Life, Physical, and Social Science Occupations",101690.0,48.89,101690.0,48.89,17685.25,191.84,6.049934230769231,False,False,False,False,49.48117148887725,49.48117148887724,1459.694558921879,15.83397487644072,148436339.69676587,1610156.9051852569,0.010847457627118645,0.8542405216495836
19-3051.00,Urban and Regional Planners,310070.6551384615,3962.334115384615,7.204243846153846,4.1078947368421055,98.52631578947368,43040.0,550.0,19,"Life, Physical, and Social Science Occupations",83720.0,40.25,75480.0,36.29,115736.69544615384,1478.9772884615384,6.017096538461538,False,False,False,False,37.32591057172818,37.32591057172818,16065.071910071809,205.29250814450498,1344967820.3112118,15495478.514747236,0.012778810408921933,1.0063351289327147
19-3091.00,Anthropologists and Archeologists,50161.34149615384,683.7357576923075,6.215779615384615,3.7056666666666667,78.16666666666667,8070.0,110.0,19,"Life, Physical, and Social Science Occupations",64910.0,31.21,72550.0,34.88,9428.165480769228,128.51278846153843,2.696815769230769,False,False,False,False,18.79568049728523,18.79568049728523,1516.8114161309181,20.67524854701375,98456229.02105789,1499989.2820858476,0.013630731102850062,1.073424137528229
19-3092.00,Geographers,14354.796623076923,156.03039807692306,10.402026538461538,3.8708333333333336,90.41666666666667,1380.0,15.0,19,"Life, Physical, and Social Science Occupations",97200.0,46.73,97200.0,46.73,10343.288423076923,112.42704807692306,9.556641923076924,False,False,False,False,72.05458004503487,72.05458004503485,994.3532046214812,10.80818700675523,96651131.48920797,1050555.7770566083,0.010869565217391302,0.8559815009735975
19-3093.00,Historians,60186.98740769231,1725.1047346153846,19.167830384615385,3.723809523809524,82.60380952380953,3140.0,90.0,19,"Life, Physical, and Social Science Occupations",74050.0,35.6,32000.0,15.39,27641.161553846156,792.2625923076923,11.903506538461539,False,False,False,False,45.92547782232647,45.925477822326464,1442.0600036210512,41.33293004009383,106784543.26813884,1322653.7612830026,0.028662420382165606,2.2571741490641366
19-3094.00,Political Scientists,32556.509730769223,361.13103230769224,5.471682307692307,3.5964285714285715,97.52785714285714,5950.0,66.0,19,"Life, Physical, and Social Science Occupations",139380.0,67.01,139380.0,67.01,3701.13571153846,41.054614615384594,1.1382080769230767,False,False,False,False,11.368343050730985,11.368343050730983,676.4164115184935,7.50310641348245,94278919.43744762,1045782.9719111839,0.011092436974789914,0.8735327183044848
19-3099.01,Transportation Planners,277024.82685384614,1723.4436076923075,7.493233076923076,3.8350000000000004,94.0909090909091,36970.0,230.0,19,"Life, Physical, and Social Science Occupations",100340.0,48.24,84640.0,40.69,193239.98601923077,1202.1962884615384,7.166356923076923,False,False,False,False,69.75547578671751,69.75547578671751,25788.599398349463,160.43759430945028,2587628063.630385,13579437.982351871,0.0062212604814714636,0.48992611740874564
19-4012.00,Agricultural Technicians,261256.97427692305,546.5627076923076,18.21875692307692,3.6107692307692307,58.606923076923074,14340.0,30.0,19,"Life, Physical, and Social Science Occupations",46790.0,22.49,47840.0,23.0,108323.49539487177,599.3601846153846,21.92811673076923,True,True,True,True,41.46243203446609,109.6599120613256,5945.712753742438,12.438729610339827,278199899.74760866,595068.8245586574,0.005533058016919932,0.4357299681793351
19-4012.01,Precision Agriculture Technicians,268272.59866153845,561.2397461538461,18.707991538461535,3.7763636363636364,96.44136363636363,14340.0,30.0,19,"Life, Physical, and Social Science Occupations",46790.0,22.49,47840.0,23.0,109106.49944999999,456.51255,16.120068076923076,True,False,True,False,40.67001251501364,81.34002503002728,5832.079794652956,12.201003754504091,272883013.5918118,583696.0196154757,0.004184100418410042,0.3294991551864895
19-4013.00,Food Science Technicians,732549.5344615384,4642.919584615384,51.58799538461538,4.15375,82.92625,14200.0,90.0,19,"Life, Physical, and Social Science Occupations",49430.0,23.76,48790.0,23.46,108323.49539487177,599.3601846153846,21.92811673076923,True,True,True,True,14.787190531012365,12.909122669309275,2099.781055403756,13.30847147791113,103792177.56860766,649320.323407284,0.005533058016919932,0.4357299681793351
19-4021.00,Biological Technicians,2381918.3583384613,27198.700246153847,31.262873846153845,3.935294117647059,73.10058823529413,76190.0,870.0,19,"Life, Physical, and Social Science Occupations",52000.0,25.0,50690.0,24.37,1496069.0670923076,17083.34543076923,27.444161923076923,False,False,False,False,62.809418377207116,62.809418377207116,47854.4958615941,546.441939881702,2488433784.802893,27699141.93260347,0.011418821367633548,0.8992355865327045
19-4031.00,Chemical Technicians,1981411.9616,27064.577476923077,35.61128615384616,3.99375,76.60375,55640.0,760.0,19,"Life, Physical, and Social Science Occupations",57790.0,27.78,52890.0,25.43,1149847.894,15706.046,22.074167692307693,False,False,False,False,58.03174283209091,58.03174283209091,32288.861711775386,441.04124552389095,1865973318.3234994,23326671.475758594,0.013659237958303379,1.075669060892774
19-4042.00,"Environmental Science and Protection Technicians, Including Health",667351.0309499999,5421.485907692308,16.94214346153846,3.4972,77.9128,39390.0,320.0,19,"Life, Physical, and Social Science Occupations",49490.0,23.79,54060.0,25.99,166035.4857,1348.8539076923075,9.225930769230768,True,False,True,False,24.879782603114,24.87978260311399,9800.146367366604,79.61530432996479,485009243.72097325,4304003.352077897,0.008123889312008123,0.6397587049673193
19-4043.00,"Geological Technicians, Except Hydrologic Technicians",185693.78604615387,2294.8768615384615,19.12397384615385,3.6134782608695653,68.82391304347826,9710.0,120.0,19,"Life, Physical, and Social Science Occupations",48390.0,23.270000000000003,61150.0,29.4,58309.24640624999,730.56241,10.493724307692307,True,True,True,True,31.400752630331603,31.834492832449346,3049.0130804051987,37.680903156397925,147541742.96080756,2304187.228013733,0.01252910052910053,0.9866704014608683
19-4051.00,Nuclear Technicians,249923.39177692306,2753.7468876923076,41.72343769230769,4.27125,65.023125,5990.0,66.0,19,"Life, Physical, and Social Science Occupations",104240.0,50.11,104240.0,50.11,39245.90018769231,433.3143553846154,25.954825384615386,False,False,False,False,15.70317204350462,15.735446032505227,940.6200054059268,10.364093548713049,98050229.36351381,1080353.1115178482,0.011041009463722398,0.8694827864779131
19-4051.02,Nuclear Monitoring Technicians,157000.24761923077,1729.885866923077,26.210391923076923,4.278125,88.815,5990.0,66.0,19,"Life, Physical, and Social Science Occupations",104240.0,50.11,104240.0,50.11,7753.796229615385,85.12859538461538,13.078198846153846,False,False,False,False,4.9387159238248435,4.921052712918708,295.8290838371081,3.2595525097243967,30837223.69918015,339775.7536136711,0.010978956999085087,0.8645961363905322
19-4061.00,Social Science Research Assistants,792843.6415153847,35381.91114230769,24.06932730769231,3.9272727272727277,63.55181818181818,32940.0,1470.0,19,"Life, Physical, and Social Science Occupations",58040.0,27.9,58040.0,27.9,533625.9855923076,23813.910103846152,17.757923076923078,False,False,False,False,67.30532448647416,67.30532448647418,22170.373885844587,989.3882699511702,1286768500.3344197,57424095.187965915,0.044626593806921674,3.514357565017284
19-4071.00,Forest and Conservation Technicians,532563.4863230769,21761.76408076923,17.135247307692307,3.461,53.133500000000005,31080.0,1270.0,19,"Life, Physical, and Social Science Occupations",54310.0,26.110000000000003,44780.0,21.53,79814.43216923077,3261.4005423076924,5.740965,True,False,True,False,14.986838981449013,14.986838981449013,4657.909555434354,190.33285506440245,252971067.95563975,8523105.249783942,0.04086229086229086,3.2179175860281575
19-4092.00,Forensic Science Technicians,394072.0363461538,4254.762346153846,20.260773076923076,4.06625,70.63,19450.0,210.0,19,"Life, Physical, and Social Science Occupations",67440.0,32.42,64430.0,30.98,145600.79240384616,1572.0394038461538,18.013786153846155,False,False,False,False,36.94776055511589,36.947760555115885,7186.3394279700415,77.59029716574337,484646731.0222996,4999142.846388845,0.010796915167095114,0.8502602878565504
19-4099.01,Quality Control Analysts,3116666.2137692305,61984.11797692307,43.650787307692305,3.8492307692307692,82.86576923076925,71400.0,1420.0,19,"Life, Physical, and Social Science Occupations",60130.0,28.91,52400.0,25.19,882299.2742307691,35094.25684615385,30.417108846153845,False,False,False,False,28.309071736101473,56.61814347220295,20212.67721957645,401.98881865264093,1215388281.213132,21064214.097398385,0.03977591036414566,3.132364797960527
19-4099.03,Remote Sensing Technicians,2361481.7326153843,46965.04286153846,33.07397384615384,3.7338888888888886,68.55000000000001,71400.0,1420.0,19,"Life, Physical, and Social Science Occupations",60130.0,28.91,52400.0,25.19,1232071.7011009615,49006.77354519231,34.51181235576923,False,False,False,False,52.17367062739967,104.34734125479932,37252.00082796337,740.8661229090753,2239962809.7854376,38821384.84043555,0.039775910364145656,3.1323647979605265
19-5011.00,Occupational Health and Safety Specialists,617026.6715884614,5284.819269230768,4.804381153846153,3.821818181818182,89.92045454545455,128430.0,1100.0,19,"Life, Physical, and Social Science Occupations",83910.0,40.34,87000.0,41.83,243798.96537692304,2088.1325384615384,2.152038461538461,True,False,True,False,39.51190063620617,39.51190063620617,50745.133987079585,434.6309069982679,4258024192.855848,37812888.90884931,0.008564977030288875,0.6744944942655774
19-5012.00,Occupational Health and Safety Technicians,280403.50669230765,1961.4871692307688,8.915850769230769,3.5603846153846153,79.85384615384615,31450.0,220.0,19,"Life, Physical, and Social Science Occupations",58440.0,28.1,63510.0,30.54,41092.122442307686,287.4488692307692,4.910706923076922,True,False,True,False,14.654639282881327,14.654639282881329,4608.884054466177,32.24020642233892,269343184.1430034,2047575.5098827449,0.00699523052464229,0.5508764890208464
21-1011.00,Substance Abuse and Behavioral Disorder Counselors,6344164.329108974,69867.03163846154,39.20708846153846,4.357826086956522,90.22130434782609,161811.66666666666,1782.0,21,Community and Social Service Occupations,60200.0,28.94,60200.0,28.94,963818.6209782049,10614.344552307692,13.53108769230769,False,False,False,False,15.192207688503734,15.192207688503734,24582.764464229364,270.7251410091365,1479882420.7466078,16297653.488750018,0.011012802949931507,0.8672615151088129
21-1012.00,"Educational, Guidance, and Career Counselors and Advisors",11810169.48425,126950.2664,34.497355,3.816857142857143,73.76657142857142,342350.0,3680.0,21,Community and Social Service Occupations,65140.0,31.32,62500.0,30.05,5687043.694983974,61131.35912820513,24.236324209401708,False,True,True,False,48.15378562152047,48.15378562152047,164854.48507527533,1772.0593108719531,10738621157.803434,110753706.92949708,0.010749233240835402,0.8465053219501131
21-1013.00,Marriage and Family Therapists,2789126.696326923,83838.93819230769,42.34289807692308,3.9953333333333334,82.914,65870.0,1980.0,21,Community and Social Service Occupations,63780.0,30.66,81170.0,39.02,2170756.4905384616,65251.21984615385,40.575608461538465,False,False,False,False,77.82925362971822,77.82925362971822,51266.12936589539,1541.0192218684208,3269753730.9568076,125084530.23905972,0.0300592075299833,2.3671715533224615
21-1014.00,Mental Health Counselors,7721003.246197435,85029.88732615384,47.71598615384615,4.0488888888888885,90.93518518518519,161811.66666666666,1782.0,21,Community and Social Service Occupations,60200.0,28.94,60200.0,28.94,4220823.095608974,46483.093038461535,38.60188,False,False,False,False,54.666770120679764,54.666770120679764,88457.21184510726,974.1618435505135,5325124153.075457,58644542.981740914,0.011012802949931505,0.8672615151088127
21-1015.00,Rehabilitation Counselors,1763044.843253846,11895.05123076923,19.825085384615384,4.1135294117647065,84.63117647058823,88930.0,600.0,21,Community and Social Service Occupations,46110.0,22.17,46700.0,22.45,666064.3910038462,4493.856230769231,14.011710384615384,False,False,False,False,37.77920871113913,37.77920871113913,33597.050306816025,226.67525226683475,1549159989.647287,10585734.280861182,0.006746879568199708,0.531318777170163
21-1021.00,"Child, Family, and School Social Workers",11087600.20436923,52982.83991538461,28.952371538461538,4.158095238095238,64.96190476190476,382960.0,1830.0,21,Community and Social Service Occupations,58570.0,28.16,49070.0,23.59,4225422.889938462,20191.466180769232,23.316736153846154,False,False,False,False,38.1094448938858,38.10944489388581,145943.93016562506,697.4028415581101,8547935989.80066,34221557.435256466,0.004778566952162106,0.3763135719237385
21-1022.00,Healthcare Social Workers,5973536.545546154,62003.471726923075,32.12615115384615,4.055294117647058,87.64470588235294,185940.0,1930.0,21,Community and Social Service Occupations,68090.0,32.74,72370.0,34.79,1560322.8760846155,16195.671457692308,15.527030384615385,False,False,False,False,26.12058810032704,26.120588100327037,48568.621513748105,504.12735033631185,3307037438.8711085,36483696.343838885,0.010379692373884048,0.8174038685214154
21-1023.00,Mental Health and Substance Abuse Social Workers,2956789.4217576925,39452.038984615385,23.48335653846154,3.9784615384615383,89.82153846153847,125910.0,1680.0,21,Community and Social Service Occupations,60060.0,28.88,60060.0,28.88,1647500.0976692308,21982.36966153846,15.404776153846154,False,False,False,False,55.71922320696948,55.71922320696948,70156.07393989527,936.0829498770872,4213573800.83011,56221141.96961786,0.01334286395044079,1.050754513465803
21-1091.00,Health Education Specialists,434178.6438461538,3265.5032307692304,6.664292307692308,3.816875,77.09125,65150.0,490.0,21,Community and Social Service Occupations,63000.0,30.29,61660.0,29.64,155699.27876923076,1171.0306461538462,2.543433076923077,False,True,True,False,35.86064883108369,35.860648831083694,23363.212713451023,175.71717927231006,1471882400.9474144,10834721.273930639,0.007521105141980047,0.5922892718939338
21-1092.00,Probation Officers and Correctional Treatment Specialists,2696388.5416384614,25777.499303846154,31.057228076923078,4.1519047619047615,79.69714285714285,86820.0,830.0,21,Community and Social Service Occupations,64520.0,31.02,74860.0,35.99,672138.8017846154,6425.653138461538,17.840380384615386,False,False,False,False,24.9273719794177,24.927371979417696,21641.944352530445,206.8971874291669,1396338249.6252644,15488323.450947434,0.009560009214466713,0.752853575378299
21-1093.00,Social and Human Service Assistants,5969506.526853846,88088.98886923077,14.071723461538461,3.4921052631578946,59.93578947368421,424220.0,6260.0,21,Community and Social Service Occupations,45120.0,21.69,40500.0,19.47,1553110.047223077,22918.459515384617,10.868746153846153,False,False,False,False,26.017394239145325,26.017394239145332,110370.9898413023,1628.6888793704973,4979939061.63956,65961899.61450514,0.014756494271840084,1.1620783226644533
21-1094.00,Community Health Workers,2005652.1157461538,19154.91893846154,33.025722307692305,3.7275,54.091071428571425,60730.0,580.0,21,Community and Social Service Occupations,51030.0,24.54,55520.0,26.69,525644.1237538462,5020.148061538462,30.401640384615387,False,False,False,False,26.208140465989693,26.208140465989693,15916.203704995542,152.0072147027402,812203875.0659225,8439440.560296137,0.009550469290301334,0.7521023035065235
21-2011.00,Clergy,1572777.8291076922,17330.88516923077,27.079508076923076,4.173333333333334,97.01380952380953,58080.0,640.0,21,Community and Social Service Occupations,60820.0,29.24,60820.0,29.24,583415.7444923078,6428.823630769231,23.056205384615385,False,False,False,False,37.09460635157261,37.09460635157261,21544.54736899337,237.4054806500647,1310339370.9821768,14439001.333136935,0.011019283746556474,0.8677718797748869
21-2021.00,"Directors, Religious Activities and Education",93101.63479999999,260.3028,4.33838,3.6468421052631577,89.15157894736842,21460.0,60.0,21,Community and Social Service Occupations,54840.0,26.37,31200.0,15.0,26091.90163846154,72.95033076923076,2.274685,False,False,False,False,28.025180969713265,28.025180969713258,6014.203836100467,16.815108581827957,329818938.37174964,524631.3877530323,0.0027958993476234852,0.2201779070537865
23-1011.00,Lawyers,21959794.8825,171801.8055,29.36783,4.082272727272727,75.10954545454545,747750.0,5850.0,23,Legal Occupations,151160.0,72.67,125710.0,60.43999999999999,7531817.710384615,58924.953,12.716056538461538,False,False,False,False,34.298215218698616,34.298215218698616,256464.90429781892,2006.445590293869,38767234933.65831,252230275.15584227,0.007823470411233702,0.6161006269795926
23-1012.00,Judicial Law Clerks,350767.6481,15654.53195,26.533105,3.6127777777777776,74.4,13220.0,590.0,23,Legal Occupations,60400.0,29.040000000000003,50490.0,24.28,276002.01945384615,12317.790580769231,20.991511538461538,False,False,False,False,78.68514127481933,78.68514127481933,10402.175676531115,464.24233352143403,628291410.8624793,23439595.419497203,0.04462934947049925,3.5145745743454526
23-1021.00,"Administrative Law Judges, Adjudicators, and Hearing Officers",688821.4375615384,7639.424446153846,42.441246923076925,4.311428571428571,78.3157142857143,16230.0,180.0,23,Legal Occupations,115230.0,55.4,103790.0,49.9,140802.4224115385,1561.5795461538462,16.75287269230769,False,False,False,False,20.441062768020977,20.441062768020974,3317.5844872498046,36.79391298243776,382285260.465795,3818840.228447215,0.011090573012939,0.8733859307530977
23-1022.00,"Arbitrators, Mediators, and Conciliators",196371.51016153846,999.3461076923077,24.983652692307693,3.8560000000000003,79.7105,7860.0,40.0,23,Legal Occupations,67710.0,32.55,55890.0,26.87,46628.53400769231,237.29533846153845,9.145680769230768,False,False,False,False,23.7450605585988,23.7450605585988,1866.3617599058657,9.49802422343952,126371354.76322617,530844.5738480348,0.0050890585241730275,0.4007648757738981
23-1023.00,"Judges, Magistrate Judges, and Magistrates",739956.8118307692,2892.7162307692306,28.927162307692306,4.286190476190477,83.36476190476189,25580.0,100.0,23,Legal Occupations,156210.0,75.1,123640.0,59.44,113651.22179230768,444.2971923076923,5.412258461538461,False,False,False,False,15.359169613036839,15.359169613036839,3928.875587014823,15.359169613036839,613729655.4475855,1899007.7309558748,0.003909304143862392,0.3078588666519585
23-2011.00,Paralegals and Legal Assistants,8293004.963815385,65265.465784615386,22.583206153846156,3.61,62.82,367220.0,2890.0,23,Legal Occupations,61010.0,29.33,55630.0,26.75,5893783.810283653,46383.735122596154,21.255015721153846,False,False,False,False,71.06933899111144,71.06933899111144,260980.82664315944,2053.9038968431205,15922440233.499157,114258673.7813828,0.007869941724306955,0.619760256736725
23-2093.00,"Title Examiners, Abstractors, and Searchers",3115143.2284923075,86010.80535384615,64.66977846153846,4.160625,76.46,48170.0,1330.0,23,Legal Occupations,54980.0,26.43,59310.0,28.51,2510215.030923077,69308.40753846154,61.19565192307692,False,False,False,False,80.5810470595277,80.5810470595277,38815.890368574495,1071.7279258917185,2134097652.4642258,63564183.28463782,0.027610545982976957,2.174338726575242
25-1011.00,"Business Teachers, Postsecondary",969677.6955461538,5098.574334615384,11.857149615384614,3.9108,81.048,81780.0,430.0,25,Educational Instruction and Library Occupations,97270.0,46.76442307692307,124620.0,59.91346153846154,476842.47800769226,2507.2421807692303,7.344058076923076,False,False,False,False,49.175357976973906,49.175357976973906,40215.60775356926,211.4540393009878,3911772166.189682,26351402.3776891,0.005258009293225727,0.4140697991992604
25-1021.00,"Computer Science Teachers, Postsecondary",607802.2822153847,7044.066184615384,16.771586153846155,3.8784615384615386,78.19346153846153,36240.0,420.0,25,Educational Instruction and Library Occupations,96690.0,46.48557692307692,100340.0,48.24038461538461,240857.18686153844,2791.3912384615383,8.401086923076923,False,False,False,False,39.627555524081885,39.62755552408189,14361.026121927274,166.43573320114393,1388567615.7291481,16700161.469402783,0.011589403973509934,0.9126690175943657
25-1022.00,"Mathematical Science Teachers, Postsecondary",589155.4976384615,4223.769442307693,12.067912692307694,3.6743478260869566,76.39304347826086,48820.0,350.0,25,Educational Instruction and Library Occupations,79350.0,38.14903846153846,79780.0,38.35576923076923,281927.48225384613,2021.1925192307694,7.6856184615384615,False,False,False,False,47.85281362626823,47.85281362626824,23361.743612344148,167.48484769193882,1853754355.639508,13361941.14886288,0.007169192953707498,0.5645760821661173
25-1031.00,"Architecture Teachers, Postsecondary",131915.63316923077,1735.7320153846154,14.46443346153846,3.9136363636363636,88.78863636363636,9120.0,120.0,25,Educational Instruction and Library Occupations,101480.0,48.78846153846154,61530.0,29.58173076923077,47356.58215384615,623.1129230769232,7.111324230769231,False,False,False,False,35.89914327522785,35.899143275227864,3274.00186670078,43.07897193027342,332245709.4327951,2650649.1428697235,0.013157894736842106,1.036188132757513
25-1032.00,"Engineering Teachers, Postsecondary",790830.465,7727.985,19.815346153846153,3.67125,89.47666666666667,39910.0,390.0,25,Educational Instruction and Library Occupations,106120.0,51.01923076923077,102870.0,49.45673076923077,365411.662,3570.798,10.390797692307691,False,False,False,False,46.20606794656046,46.20606794656045,18440.841717472278,180.20366499158578,1956942123.0581582,18537551.01768443,0.009771986970684038,0.7695468868687717
25-1041.00,"Agricultural Sciences Teachers, Postsecondary",140455.57730769232,1614.431923076923,16.14431923076923,3.8443478260869566,87.96826086956521,8700.0,100.0,25,Educational Instruction and Library Occupations,86350.0,41.51442307692308,62170.0,29.889423076923077,52314.95042307692,601.3212692307692,7.60482,False,False,False,False,37.24661663557293,37.24661663557293,3240.4556472948443,37.24661663557293,279813345.1439098,2315622.1562335687,0.011494252873563218,0.9051758401100113
25-1042.00,"Biological Science Teachers, Postsecondary",844850.839326923,9678.10351153846,15.865743461538461,3.7177777777777776,89.56296296296296,53250.0,610.0,25,Educational Instruction and Library Occupations,83460.0,40.125,103830.0,49.91826923076923,354001.78096153843,4055.231669230769,8.058831153846153,False,False,False,False,41.90109833394556,41.90109833394556,22312.33486282601,255.59669983706794,1862187467.6514587,26538605.344082765,0.011455399061032864,0.9021160907913296
25-1043.00,"Forestry and Conservation Science Teachers, Postsecondary",25550.873334615386,273.0627684615385,19.504483461538463,3.8207999999999998,89.814,1310.0,14.0,25,Educational Instruction and Library Occupations,100830.0,48.47596153846154,100830.0,48.47596153846154,10759.061742307693,114.98233923076923,9.791337692307692,False,False,False,False,42.1083913704496,42.108391370449596,551.6199269528898,5.895174791862944,55619837.23465988,594410.4742635407,0.010687022900763357,0.841606239125186
25-1051.00,"Atmospheric, Earth, Marine, and Space Sciences Teachers, Postsecondary",142386.54596923076,2356.5717538461536,12.40300923076923,3.5276923076923077,81.78307692307693,11480.0,190.0,25,Educational Instruction and Library Occupations,101390.0,48.74519230769231,77900.0,37.45192307692308,64323.1288,1064.5814,6.758954615384615,False,False,False,False,45.175004676284516,45.175004676284516,5186.090536837462,85.83250888494058,525817719.5299503,6686352.442136872,0.016550522648083623,1.303358592074781
25-1052.00,"Chemistry Teachers, Postsecondary",394897.7099076923,5422.822892307692,19.367224615384615,3.812857142857143,89.57892857142858,20390.0,280.0,25,Educational Instruction and Library Occupations,86220.0,41.45192307692308,105090.0,50.52403846153846,164792.1839,2262.9628,10.39967923076923,False,False,False,False,41.73034681272787,41.73034681272786,8508.817715115212,116.84497107563804,733630263.3972336,12279238.010338802,0.013732221677292789,1.0814165505188755
25-1053.00,"Environmental Science Teachers, Postsecondary",94363.91832692307,1045.5469211538461,13.234771153846154,3.696,90.1648,7130.0,79.0,25,Educational Instruction and Library Occupations,87710.0,42.16826923076924,87710.0,42.16826923076924,37902.49588846153,419.95752807692304,6.713771153846153,False,False,False,False,40.16630144283393,40.16630144283393,2863.857292874059,31.731378139838803,251188923.15798372,2783159.1766452612,0.011079943899018233,0.8725488848634092
25-1054.00,"Physics Teachers, Postsecondary",178842.3405923077,1973.9772692307693,13.159848461538461,3.6962500000000005,87.13666666666667,13590.0,150.0,25,Educational Instruction and Library Occupations,97360.0,46.8076923076923,81060.0,38.97115384615385,67633.25368846154,746.5039038461539,6.351206153846154,False,False,False,False,37.81724924001054,37.81724924001054,5139.364171717432,56.72587386001581,500368495.7584092,4598199.335092882,0.011037527593818985,0.8692085881851103
25-1061.00,"Anthropology and Archeology Teachers, Postsecondary",83755.38461538461,1114.6153846153845,15.923076923076923,3.921538461538461,90.91653846153847,5260.0,70.0,25,Educational Instruction and Library Occupations,95770.0,46.04326923076923,75520.0,36.30769230769231,28654.75229230769,381.3370076923077,8.495758358974358,False,False,False,False,34.21242995169082,34.21242995169082,1799.5738154589374,23.948700966183573,172345184.30650243,1808605.8969661833,0.013307984790874526,1.0480077692528458
25-1062.00,"Area, Ethnic, and Cultural Studies Teachers, Postsecondary",229752.31984615384,3216.1304615384615,20.100815384615384,3.8104347826086955,87.81695652173913,11430.0,160.0,25,Educational Instruction and Library Occupations,84290.0,40.52403846153846,64890.0,31.197115384615383,89796.97706538462,1257.000553846154,10.140740769230769,False,False,False,False,39.084252609729575,39.084252609729575,4467.33007329209,62.53480417556732,376551251.8777903,4057883.442952563,0.01399825021872266,1.1023663774568118
25-1063.00,"Economics Teachers, Postsecondary",235807.92567692307,3037.7832615384614,18.986145384615384,3.6731818181818183,89.98454545454545,12420.0,160.0,25,Educational Instruction and Library Occupations,119980.0,57.68269230769231,102590.0,49.32211538461539,91500.95838461538,1178.7563076923077,9.527820384615385,False,False,False,False,38.80317343954736,38.80317343954736,4819.354141191782,62.08507750327577,578226109.86019,6369308.101061061,0.01288244766505636,1.014496593746486
25-1064.00,"Geography Teachers, Postsecondary",47107.08299230769,1002.2783615384615,14.318262307692306,3.6431999999999998,89.3984,3290.0,70.0,25,Educational Instruction and Library Occupations,86730.0,41.69711538461539,81940.0,39.39423076923077,21852.910126923074,464.9555346153846,8.288559615384615,False,False,False,False,46.38986058740153,46.38986058740153,1526.2264133255103,32.472902411181074,132369616.8277215,2660829.6235721773,0.02127659574468085,1.6755382572249145
25-1065.00,"Political Science Teachers, Postsecondary",242042.12864230768,1409.680423076923,14.09680423076923,3.8245454545454547,91.44772727272726,17170.0,100.0,25,Educational Instruction and Library Occupations,94680.0,45.51923076923077,70820.0,34.04807692307692,84455.15542692308,491.87626923076925,6.577113461538461,False,False,False,False,34.89275024172828,34.89275024172828,5991.085216504745,34.89275024172828,567235948.2986693,2471104.572119197,0.005824111822947,0.4586505421640709
25-1066.00,"Psychology Teachers, Postsecondary",959735.2741500001,5766.25375,23.065015,3.6558620689655172,84.29379310344828,41610.0,250.0,25,Educational Instruction and Library Occupations,80330.0,38.62019230769231,81370.0,39.12019230769231,272612.8281807692,1637.9045192307692,11.85361,False,False,False,False,28.40500245468332,28.405002454683327,11819.32152139373,71.0125061367083,949446097.8135582,5778287.624343954,0.00600817111271329,0.47314526609932095
25-1067.00,"Sociology Teachers, Postsecondary",144958.9675,936.73,11.709125,3.6804166666666664,87.93624999999999,12380.0,80.0,25,Educational Instruction and Library Occupations,82540.0,39.68269230769231,86810.0,41.73557692307692,55268.395876923074,357.14633846153845,6.01982923076923,False,False,False,False,38.12692434976338,38.12692434976338,4720.113234500706,30.501539479810702,389598146.3756883,2647838.642242367,0.006462035541195477,0.508887225134546
25-1071.00,"Health Specialties Teachers, Postsecondary",2407803.3767538457,34169.59345384615,10.481470384615383,3.8786363636363634,81.94590909090908,229720.0,3260.0,25,Educational Instruction and Library Occupations,105620.0,50.77884615384616,136030.0,65.39903846153847,796482.8868,11303.039399999998,4.363000384615384,False,False,False,False,33.07923290122647,33.079232901226455,75989.61382069744,1078.3829925799828,8026023011.7420635,146692438.48065504,0.014191189273898657,1.1175603855650416
25-1072.00,"Nursing Instructors and Teachers, Postsecondary",1330937.5326923076,13264.562615384615,17.925084615384613,4.056206896551724,81.42758620689655,74250.0,740.0,25,Educational Instruction and Library Occupations,79940.0,38.43269230769231,75380.0,36.24038461538461,354177.32625,3529.8481,8.617903846153846,False,False,False,False,26.611115664725972,26.611115664725972,19758.753381059036,196.92225591897218,1579514745.2818594,14843999.651172124,0.009966329966329967,0.7848514557075088
25-1081.00,"Education Teachers, Postsecondary",677157.6274846154,3437.9300769230767,11.459766923076922,3.62375,84.70041666666667,59090.0,300.0,25,Educational Instruction and Library Occupations,72090.0,34.65865384615385,67580.0,32.49038461538461,266611.26186153846,1353.5856923076924,5.390848076923077,False,False,False,False,39.37211234729771,39.37211234729771,23264.981186018213,118.11633704189313,1677172493.700053,7982302.057291138,0.00507700118463361,0.39981535669100177
25-1082.00,"Library Science Teachers, Postsecondary",81016.23653846154,1383.2040384615386,19.760057692307694,3.9528,85.5784,4100.0,70.0,25,Educational Instruction and Library Occupations,78630.0,37.80288461538461,79880.0,38.40384615384615,37645.386307692315,642.7261076923078,11.178512307692309,False,False,False,False,46.46647131013126,46.466471310131254,1905.1253237153817,32.526529917091885,149800004.20374045,2598219.2097773,0.017073170731707315,1.3445172844560898
25-1111.00,"Criminal Justice and Law Enforcement Teachers, Postsecondary",210125.31669230768,1239.6773846153844,15.495967307692306,3.795217391304348,80.38130434782609,13560.0,80.0,25,Educational Instruction and Library Occupations,71470.0,34.36057692307692,79700.0,38.31730769230769,70291.87947692307,414.7013538461538,7.282666923076922,False,False,False,False,33.452360992680106,33.452360992680106,4536.140150607422,26.761888794144085,324197936.56391245,2132922.5368932835,0.005899705014749262,0.4646035285520411
25-1112.00,"Law Teachers, Postsecondary",369527.95707692305,1620.7366538461538,16.20736653846154,3.7673913043478264,81.01565217391304,22800.0,100.0,25,Educational Instruction and Library Occupations,126650.0,60.88942307692309,138020.0,66.35576923076923,145613.31369230768,638.6548846153846,8.62807,False,False,False,False,39.40522250174322,39.40522250174322,8984.390730397454,39.40522250174322,1137873086.0048375,5438708.809690599,0.004385964912280702,0.34539604425250436
25-1113.00,"Social Work Teachers, Postsecondary",239689.51476923077,2693.1406153846156,17.95427076923077,3.92,87.87166666666667,13350.0,150.0,25,Educational Instruction and Library Occupations,76210.0,36.63942307692308,64140.0,30.836538461538463,87523.91959615385,983.4148269230769,8.719754230769231,False,False,False,False,36.51553956393148,36.515539563931476,4874.824531784852,54.773309345897225,371510377.56732357,3513160.061445848,0.011235955056179775,0.8848348099951795
25-1121.00,"Art, Drama, and Music Teachers, Postsecondary",2733515.41215,24852.67868846154,27.924358076923077,3.8785714285714286,83.10214285714287,97890.0,890.0,25,Educational Instruction and Library Occupations,80190.0,38.552884615384606,63500.0,30.528846153846157,910316.3835,8276.448884615384,13.209944230769231,False,False,False,False,33.30203954416361,33.302039544163605,32599.366509781757,296.38815194305613,2614143200.4193993,18820647.648384064,0.00909183777709674,0.7159849351283907
25-1122.00,"Communications Teachers, Postsecondary",588625.2656307692,4224.583246153847,20.117063076923078,3.899545454545455,84.25636363636363,29260.0,210.0,25,Educational Instruction and Library Occupations,77800.0,37.40384615384615,62810.0,30.197115384615383,224127.6161384615,1608.5714076923077,9.274672692307693,False,False,False,False,38.07645189988354,38.07645189988354,11141.169825905923,79.96054898975542,866783012.4554808,5022322.082046539,0.0071770334928229675,0.5651935269586434
25-1123.00,"English Language and Literature Teachers, Postsecondary",1342732.7148538462,10139.783884615385,22.532853076923075,3.6827272727272726,80.4718181818182,59590.0,450.0,25,Educational Instruction and Library Occupations,78270.0,37.62980769230769,62780.0,30.182692307692307,796791.0914769231,6017.049692307693,15.227102692307692,False,False,False,False,59.341005299305024,59.341005299305024,35361.30505785586,267.0345238468726,2767729346.8783784,16764427.407106662,0.007551602617888908,0.5946909572127361
25-1124.00,"Foreign Language and Literature Teachers, Postsecondary",334494.52499615384,1738.044296153846,15.800402692307692,3.875,86.30583333333334,21170.0,110.0,25,Educational Instruction and Library Occupations,77010.0,37.02403846153846,65040.0,31.26923076923077,146260.19165384615,759.9726538461539,9.106638846153846,False,False,False,False,43.72573561720567,43.72573561720567,9256.73823016244,48.098309178926236,712861411.1048095,3128314.0289973626,0.0051960321209258385,0.4091890784058955
25-1125.00,"History Teachers, Postsecondary",262716.7191,2116.5496,13.228435,3.7836000000000003,91.8752,19860.0,160.0,25,Educational Instruction and Library Occupations,81500.0,39.18269230769231,78110.0,37.55288461538461,108978.97723846152,877.9776615384615,7.385290769230769,False,False,False,False,41.48155382413252,41.48155382413252,8238.236589472719,66.37048611861202,671416282.0420266,5184198.670724785,0.008056394763343404,0.6344434891405517
25-1126.00,"Philosophy and Religion Teachers, Postsecondary",308601.6376,1036.5698,14.80814,3.9263636363636363,87.80681818181819,20840.0,70.0,25,Educational Instruction and Library Occupations,78050.0,37.52403846153846,87240.0,41.94230769230769,127163.01087692307,427.1310346153846,7.853758076923077,False,False,False,False,41.20620093460031,41.20620093460031,8587.372274770705,28.84434065422022,670244406.0458535,2516380.278674172,0.0033589251439539347,0.2645163563469275
25-1192.00,"Family and Consumer Sciences Teachers, Postsecondary",44027.08813076923,3013.2607846153846,16.74033769230769,4.086956521739131,84.3004347826087,2630.0,180.0,25,Educational Instruction and Library Occupations,77280.0,37.15384615384615,74790.0,35.95673076923077,28642.704278071928,1960.337174925075,14.061421623376624,False,True,True,False,65.05700352700453,65.05700352700453,1710.999192760219,117.10260634860815,132226017.61650974,8758103.928812403,0.06844106463878327,5.3897542418717785
25-1193.00,"Recreation and Fitness Studies Teachers, Postsecondary",271735.6382769231,4071.748523076923,21.430255384615386,3.857391304347826,84.46478260869566,12680.0,190.0,25,Educational Instruction and Library Occupations,75890.0,36.48557692307692,55770.0,26.8125,103504.05527692309,1550.928273076923,11.015938076923076,False,False,False,False,38.089981841632095,38.089981841632095,4829.80969751895,72.37096549910099,366534257.9447131,4036128.7458848623,0.014984227129337538,1.1800123530771676
25-1194.00,"Career/Technical Education Teachers, Postsecondary",2801498.2155,70573.05446153846,25.204662307692306,4.0515,89.0005,111150.0,2800.0,25,Educational Instruction and Library Occupations,61490.0,29.559999999999995,49850.0,23.97,1106318.05875,27869.46076923077,16.200508846153845,False,True,True,False,39.490228929257015,39.490228929257015,43893.389454869175,1105.7264100191962,2699004517.5799055,55120461.539456934,0.025191183085919926,1.9838131772451528
25-2011.00,"Preschool Teachers, Except Special Education",27926988.99526154,265415.5734923077,62.74599846153846,4.195,88.985,445080.0,4230.0,25,Educational Instruction and Library Occupations,37120.0,17.85,34210.0,16.45,4426497.091338461,42069.02735769231,16.88478576923077,False,False,False,False,15.850248274490026,15.850248274490026,70546.2850201002,670.465502010928,2618678099.9461193,22936624.823793847,0.009503909409544351,0.7484356990178962
25-2012.00,"Kindergarten Teachers, Except Special Education",11955403.201384615,54337.992,104.49613846153846,4.173513513513513,97.21486486486486,114410.0,520.0,25,Educational Instruction and Library Occupations,61430.0,19.27,60420.0,29.048076923076923,2824697.6205461537,12838.4124,41.98087923076923,False,False,False,False,23.626954047179368,23.626954047179368,27031.598125377914,122.86016104533272,1660551072.8419652,7423210.930359003,0.004545057250240363,0.3579246132905944
25-2021.00,"Elementary School Teachers, Except Special Education",141818567.9799269,1608208.7791538462,101.78536576923076,4.135526315789474,94.36578947368422,1393310.0,15800.0,25,Educational Instruction and Library Occupations,62340.0,29.971153846153847,61710.0,29.66826923076923,37743042.33915385,428002.43230769236,42.07583538461539,False,False,False,False,26.613611233541732,26.613611233541732,370810.1066780603,4204.950574899593,23116302050.31028,259487499.9770539,0.011339902821339114,0.8930207274872222
25-2022.00,"Middle School Teachers, Except Special and Career/Technical Education",43775572.027707696,375398.6220923077,70.56365076923078,3.8017142857142856,91.218,620370.0,5320.0,25,Educational Instruction and Library Occupations,62970.0,30.274038461538463,75490.0,36.29326923076923,15325264.483061539,131422.22713846155,33.51934846153846,False,False,False,False,35.008713246194546,35.00871324619455,217183.5543654171,1862.4635446975499,13676048418.390316,140597372.98921803,0.008575527507777616,0.675325347512803
25-2023.00,"Career/Technical Education Teachers, Middle School",1041120.0511538462,12464.113288461538,73.31831346153847,4.067096774193549,98.81838709677419,14200.0,170.0,25,Educational Instruction and Library Occupations,63620.0,30.58653846153846,71910.0,34.57211538461539,286370.3459230769,3428.377380769231,28.46684846153846,False,False,False,False,27.50598699983735,27.505986999837358,3905.8501539769036,46.760177899723494,248490186.7960106,3362524.3927691164,0.011971830985915494,0.9427852588188076
25-2031.00,"Secondary School Teachers, Except Special and Career/Technical Education",86618501.18136923,915820.205676923,80.76015923076923,3.9459375,93.9715625,1072540.0,11340.0,25,Educational Instruction and Library Occupations,64580.0,31.048076923076923,74280.0,35.71153846153846,26421521.281292304,279355.59636923077,35.76885961538461,False,False,False,False,30.503323101803232,30.503323101803236,327160.3415960804,3459.0768397444863,21128014860.27487,256940227.65622044,0.010573032241221775,0.8326294407068595
25-2032.00,"Career/Technical Education Teachers, Secondary School",7054440.917115384,58758.86642307692,67.53892692307691,4.005151515151515,95.36121212121212,104450.0,870.0,25,Educational Instruction and Library Occupations,63910.0,30.72596153846154,65240.0,31.365384615384617,1962145.4749999999,16343.384999999998,27.01000192307692,False,False,False,False,27.814329980983615,27.814329980983615,29052.067665137387,241.98467083455745,1856717644.4789305,15787079.925246527,0.008329344183820009,0.65593833736646
25-2051.00,"Special Education Teachers, Preschool",2590541.0143846152,13779.473480769231,91.86315653846154,4.2444444444444445,87.14416666666666,28200.0,150.0,25,Educational Instruction and Library Occupations,62190.0,29.89903846153846,56040.0,26.942307692307693,374323.87967307697,1991.084466346154,21.918204615384617,False,False,False,False,14.449641121084426,14.449641121084422,4074.7987961458084,21.67446168162664,253411737.13230783,1214636.8326383568,0.005319148936170213,0.4188845643062286
25-2057.00,"Special Education Teachers, Middle School",7693687.177219231,64564.667384615386,80.70583423076923,4.0455,90.17025,95330.0,800.0,25,Educational Instruction and Library Occupations,64880.0,31.19230769230769,73640.0,35.40384615384615,1612305.6937038463,13530.311076923077,30.040846923076924,True,False,True,False,20.956215876281448,20.956215876281444,19977.560594859104,167.64972701025158,1296144131.3944585,12345725.897034926,0.008391901814748767,0.660864769449877
25-2058.00,"Special Education Teachers, Secondary School",12717758.106507692,107036.05237692308,78.12850538461538,4.078,89.31725,162780.0,1370.0,25,Educational Instruction and Library Occupations,69590.0,33.45673076923077,60080.0,28.88461538461538,2645835.0729,22268.05535,26.494913076923076,True,False,True,False,20.80425693539589,20.80425693539589,33865.16943943743,285.0183200149237,2356677141.2904506,17123900.666496616,0.008416267354711881,0.6627835629850857
25-2059.01,Adapted Physical Education Specialists,2042089.3627884616,6746.41975,51.895536538461535,4.2245,96.42999999999999,39350.0,130.0,25,Educational Instruction and Library Occupations,67430.0,32.41826923076923,65030.0,31.26442307692308,174717.26907692308,577.2108,14.790533846153846,False,False,False,False,8.555809175674254,8.555809175674252,3366.7109106278185,11.122551928376529,227017316.70363382,723299.5519023257,0.0033036848792884366,0.26016616903797274
25-3011.00,"Adult Basic Education, Adult Secondary Education, and English as a Second Language Instructors",1530023.2642692307,6751.3436923076915,42.19589807692307,3.6772972972972973,80.04702702702703,36260.0,160.0,25,Educational Instruction and Library Occupations,59950.0,28.82,49060.0,23.59,595159.2837076923,2626.1854769230767,19.000590576923077,False,True,True,False,38.89870811813781,38.89870811813781,14104.67156363677,62.2379329890205,845575060.2400243,3053392.992441346,0.004412575841147269,0.3474916628331869
25-3021.00,Self-Enrichment Teachers,15895244.799276922,280273.9910153846,51.520954230769235,3.759666666666667,73.59233333333333,308520.0,5440.0,25,Educational Instruction and Library Occupations,45590.0,21.92,38010.0,18.280000000000005,4698332.062476924,82843.66141538462,21.62571076923077,False,True,True,False,29.5580981721694,29.558098172169395,91192.64448077703,1607.9605405660154,4157472661.878625,61118580.14691424,0.01763256839102813,1.3885700168782122
25-3041.00,Tutors,9250088.58816923,103273.06049999999,52.96054384615384,3.9363157894736847,90.43052631578948,174660.0,1950.0,25,Educational Instruction and Library Occupations,40090.0,19.27,35460.0,17.05,4682217.767192308,52274.846249999995,42.11498423076923,True,False,True,False,50.61808568169624,50.61808568169624,88409.54845165067,987.0526707930767,3544338797.4266753,35000887.7063225,0.01116454826520096,0.8792115039199782
25-4011.00,Archivists,152766.82961538463,2166.9053846153847,21.669053846153847,4.220769230769231,98.01384615384616,7050.0,100.0,25,Educational Instruction and Library Occupations,61570.0,29.6,51250.0,24.64,108109.16048076923,1533.4632692307691,21.058081538461536,False,False,False,False,70.76743083099365,70.76743083099363,4989.1038735850525,70.76743083099365,307179125.4966317,3626830.8300884245,0.014184397163120565,1.1170255048166096
25-4012.00,Curators,79565.5395076923,583.1350615384615,6.4792784615384615,3.6573333333333333,81.81333333333333,12280.0,90.0,25,Educational Instruction and Library Occupations,61770.0,29.7,50040.0,24.06,38508.384415384615,282.2275730769231,5.224908846153846,False,False,False,False,48.398319993370585,48.398319993370585,5943.313695185908,43.55848799403353,367118486.9516335,2179666.739221438,0.007328990228013029,0.5771601651515789
25-4013.00,Museum Technicians and Conservators,258732.68445384616,1385.714453846154,19.79592076923077,3.8037500000000004,64.87958333333334,13070.0,70.0,25,Educational Instruction and Library Occupations,47460.0,22.820000000000004,43230.0,20.78,73944.20866153846,396.02866153846156,15.791063461538462,False,False,False,False,28.57938447847278,28.57938447847278,3735.325551336392,20.005569134930944,177278550.66642517,864840.7537030648,0.005355776587605203,0.42176900277505497
25-4022.00,Librarians and Media Collections Specialists,4863107.241603846,60129.44552692308,36.88923038461539,3.807142857142857,83.28821428571429,131830.0,1630.0,25,Educational Instruction and Library Occupations,64320.0,30.92,49760.0,23.92,3536129.942555,43722.155855000005,33.526231961538464,True,True,True,True,72.7133860488092,72.71338604880918,95858.05682814516,1185.22819259559,6165590215.186296,58976954.86355656,0.012364408708184784,0.973700871470839
25-4031.00,Library Technicians,4318637.4384,29856.3792,58.54192,3.6703225806451614,65.68741935483871,73770.0,510.0,25,Educational Instruction and Library Occupations,39970.0,19.22,36630.0,17.61,3048681.752873077,21076.693696153845,50.979345384615385,False,False,False,False,70.59360264339705,70.59360264339705,52076.900670034,360.02737348132496,2081513719.781259,13187802.690620933,0.006913379422529483,0.5444306903305028
25-9021.00,Farm and Home Management Educators,61005.585115384616,671.8938711538461,5.945963461538462,3.7733333333333334,86.34533333333334,10260.0,113.0,25,Educational Instruction and Library Occupations,58120.0,27.94,58120.0,27.94,36162.65644615385,398.28266846153844,4.8980334615384615,False,True,True,False,59.27761593919082,59.27761593919081,6081.883395360978,66.98370601128562,353479062.93838006,3893092.99337592,0.011013645224171538,0.8673278444562884
25-9031.00,Instructional Coordinators,1641903.3040192307,25541.583292307692,7.7870680769230765,3.8461538461538463,80.13153846153847,210850.0,3280.0,25,Educational Instruction and Library Occupations,74720.0,35.92,59690.0,28.7,654792.3232115383,10186.003415384612,4.028946923076921,False,False,False,False,39.88007829746526,39.88007829746525,84087.14509020551,1308.0665681568605,6282991481.140156,78078493.453283,0.015556082523120702,1.2250461358017208
25-9042.00,"Teaching Assistants, Preschool, Elementary, Middle, and Secondary School, Except Special Education",17096834.767641347,188317.56104538462,44.688552692307695,3.964642857142857,75.10857142857142,382577.5,4214.0,25,Educational Instruction and Library Occupations,35550.0,17.091346153846153,35550.0,17.091346153846153,21385266.86944103,235553.61877743594,25.919608000000007,True,True,True,True,125.08319323478673,125.08319323478676,478540.15359781624,5271.005762913913,17012102460.402367,187384254.8715896,0.011014761714946645,0.8674157684376423
25-9044.00,"Teaching Assistants, Postsecondary",1532042.050430769,20656.524646153845,9.883504615384615,3.7405,71.233,155010.0,2090.0,25,Educational Instruction and Library Occupations,44930.0,21.60096153846154,30010.0,14.427884615384617,751251.8512730768,10129.129534615384,8.500621923076922,True,True,True,True,49.035981163953366,49.035981163953366,76010.67440224411,1024.8520063266253,3415159600.892828,30755808.709862027,0.013483001096703438,1.0617903555074082
27-1011.00,Art Directors,1417871.445623077,11259.650153846154,28.149125384615385,4.1293750000000005,80.50875,50370.0,400.0,27,"Arts, Design, Entertainment, Sports, and Media Occupations",111040.0,53.38,91020.0,43.76,870861.4598076922,6915.715384615384,25.5641,False,False,False,False,61.42033979850664,61.42033979850664,30937.425156507794,245.68135919402656,3435291689.3786254,22361917.313840296,0.007941234862021045,0.6253746125834504
27-1012.00,Craft Artists,83272.08119230768,914.6590153846154,19.055396153846154,3.7199999999999998,94.93333333333334,4370.0,48.0,27,"Arts, Design, Entertainment, Sports, and Media Occupations",38480.0,18.5,20030.0,9.63,13246.764192307692,145.50221538461537,17.96456126373626,False,False,False,False,15.907809679592072,15.90780967959207,695.1712829981735,7.635748646204195,26750190.969769716,152944.04538347002,0.010983981693363844,0.8649918325627933
27-1013.00,"Fine Artists, Including Painters, Sculptors, and Illustrators",355191.3807692308,4972.679330769231,35.51913807692308,3.6310714285714285,55.799642857142864,10000.0,140.0,27,"Arts, Design, Entertainment, Sports, and Media Occupations",60560.0,29.12,43680.0,21.0,232860.1576923077,3260.042207692308,31.64548269230769,False,False,False,False,65.5590676744484,65.5590676744484,6555.90676744484,91.78269474422775,397025713.8364595,4009068.1064278684,0.014,1.1025041732539937
27-1014.00,Special Effects Artists and Animators,570138.9244923077,5090.526111538462,26.792242692307692,3.7,65.96769230769232,21280.0,190.0,27,"Arts, Design, Entertainment, Sports, and Media Occupations",99800.0,47.98,62820.0,30.2,481923.4129230769,4302.887615384616,22.646776923076924,False,True,True,False,84.52736556308899,84.527365563089,17987.423391825338,160.6019945698691,1795144854.5041687,10089017.298879176,0.00892857142857143,0.7031276615140267
27-1021.00,Commercial and Industrial Designers,727500.1440384616,11062.812107692307,24.049591538461538,3.5288235294117647,78.85823529411765,30250.0,460.0,27,"Arts, Design, Entertainment, Sports, and Media Occupations",79450.0,38.2,66040.0,31.75,620630.4076923077,9437.68553846154,22.646935,False,False,False,False,85.31000478530436,85.31000478530437,25806.276447554566,392.42602201240004,2050308663.7582102,25915814.4936989,0.015206611570247934,1.1975251940893439
27-1022.00,Fashion Designers,397647.4403653846,6275.641096153846,19.01709423076923,3.8325000000000005,73.712,20910.0,330.0,27,"Arts, Design, Entertainment, Sports, and Media Occupations",80690.0,38.79,58490.0,28.12,310909.16545384616,4906.744361538462,17.680735000000002,False,False,False,False,78.18714114396471,78.18714114396471,16348.93121320302,258.01756577508354,1319195259.5933518,15091447.422184637,0.015781922525107604,1.2428311032787385
27-1023.00,Floral Designers,1454594.9683076923,36219.99423076923,36.21999423076923,4.149333333333334,91.432,40160.0,1000.0,27,"Arts, Design, Entertainment, Sports, and Media Occupations",36120.0,17.37,34910.0,16.79,509669.74135384616,12690.979615384616,28.94539230769231,False,False,False,False,35.038601979134235,35.03860197913424,14071.502554820308,350.38601979134233,508262672.2801095,12231975.950915761,0.024900398406374504,1.9609137970510704
27-1024.00,Graphic Designers,9723598.907215385,139323.47916153847,45.38224076923077,4.057894736842105,96.3157894736842,214260.0,3070.0,27,"Arts, Design, Entertainment, Sports, and Media Occupations",61300.0,29.47,59010.0,28.37,9723598.907215385,139323.47916153847,45.38224076923077,False,False,False,False,100.0,100.0,214260.0,3070.0,13134138000.0,181160700.0,0.014328386072995428,1.1283646743908473
27-1025.00,Interior Designers,880038.0720384615,14418.559961538462,12.647859615384615,4.15,95.5,69580.0,1140.0,27,"Arts, Design, Entertainment, Sports, and Media Occupations",63490.0,30.52,60170.0,28.93,364604.81992307695,5973.692076923077,12.017366923076922,False,False,False,False,41.430573461274314,41.430573461274314,28827.393014354668,472.3085374585272,1830251182.4813778,28418804.69887958,0.01638401839609083,1.2902463325971676
27-1026.00,Merchandise Displayers and Window Trimmers,5439882.863446154,55111.03275,28.262068076923075,3.84375,74.54041666666667,192480.0,1950.0,27,"Arts, Design, Entertainment, Sports, and Media Occupations",37350.0,17.96,43260.0,20.8,1795556.7869538465,18190.647,27.101573076923078,False,False,False,False,33.00726931124331,33.00726931124331,63532.391970281125,643.6417515692445,2372934840.09,27843942.17288552,0.010130922693266832,0.7978131820171622
27-1027.00,Set and Exhibit Designers,87264.58865384615,3056.2713076923073,8.04281923076923,3.9125925925925924,82.38962962962962,10850.0,380.0,27,"Arts, Design, Entertainment, Sports, and Media Occupations",66280.0,31.87,35230.0,16.94,33034.181249999994,1156.9575,6.856881923076922,False,False,False,False,37.85519620225016,37.85519620225017,4107.288787944143,143.84974556855062,272231100.86493784,5067826.536380039,0.03502304147465438,2.7580749561324405
27-2011.00,Actors,1167558.2286153848,22267.863123076924,30.091706923076924,3.9305555555555554,78.18055555555556,38800.0,740.0,27,"Arts, Design, Entertainment, Sports, and Media Occupations",78000.0,23.33,41288.0,19.85,132771.854,2532.2467,29.720106923076926,False,False,False,False,11.371754379861212,11.371754379861214,4412.2406993861505,84.15098241097297,344154774.55211973,3474425.7617842522,0.01907216494845361,1.501938674904189
27-2012.00,Producers and Directors,7416706.323592308,65349.92836923077,51.054631538461535,3.8433333333333333,68.21407407407408,145270.0,1280.0,27,"Arts, Design, Entertainment, Sports, and Media Occupations",83480.0,40.13,71500.0,34.38,307862.29064,10849.390000000001,43.115547449392714,False,False,False,False,4.150930038320377,16.601992183832763,6030.056066668011,53.13190449050082,503389080.4454456,3798931.171070809,0.035241048773611505,2.7752430959110157
27-2012.03,Media Programming Directors,4257913.371165385,37517.23766153846,29.310341923076923,3.707826086956522,78.23391304347825,145270.0,1280.0,27,"Arts, Design, Entertainment, Sports, and Media Occupations",83480.0,40.13,71500.0,34.38,158677.85048153845,5595.305842692307,23.24680153846154,False,True,True,False,3.7266575585145962,14.91396006595775,5413.715435254154,47.70121674898684,451936964.5350168,3410636.997552559,0.03526204713330988,2.7768967229966552
27-2012.04,Talent Directors,2529586.0071423077,22288.63556923077,17.412996538461538,3.854,77.14666666666668,145270.0,1280.0,27,"Arts, Design, Entertainment, Sports, and Media Occupations",83480.0,40.13,71500.0,34.38,3876.6404769230776,137.05294615384616,8.483137692307693,False,False,False,False,0.15325197348409386,0.6149005654839022,222.62914188034316,1.9616252605964013,18585080.764171045,140256.2061326427,0.03535353535353535,2.784101447611095
27-2012.05,Media Technical Directors/Managers,6180512.094126923,54457.599507692306,42.54499961538462,4.006666666666667,74.58266666666667,145270.0,1280.0,27,"Arts, Design, Entertainment, Sports, and Media Occupations",83480.0,40.13,71500.0,34.38,166847.95184,5870.853833846154,29.66620653846154,False,True,True,False,2.6995813502015227,10.780596072760932,3921.681827437752,34.55464128257949,327381998.95450354,2470656.8517044336,0.0351868498780018,2.7709749167256263
27-2021.00,Athletes and Sports Competitors,279605.63462307694,5642.702438461539,19.457594615384618,3.9311111111111114,93.73222222222222,14370.0,290.0,27,"Arts, Design, Entertainment, Sports, and Media Occupations",62360.0,29.980769230769237,178920.0,86.01923076923077,24201.147069230763,488.40171538461533,14.319794615384616,False,False,False,False,8.655457570393809,8.65545757039381,1243.7892528655905,25.100826954142043,77562697.80869822,4491039.958635095,0.02018093249826027,1.5892544499635066
27-2022.00,Coaches and Scouts,8799725.527,94330.3645,35.06705,4.0381481481481485,76.58666666666667,250940.0,2690.0,27,"Arts, Design, Entertainment, Sports, and Media Occupations",45920.0,22.07692307692308,39920.0,19.192307692307693,3912155.661669231,41937.11138076923,31.934852692307693,False,False,False,False,44.45770097789586,44.45770097789586,111562.15483393187,1195.9121563053986,5122934149.974152,47740813.279711515,0.010719693950745197,0.8441790940501551
27-2023.00,"Umpires, Referees, and Other Sports Officials",312561.9942,19897.845784615383,20.726922692307692,4.23,70.23875,15080.0,960.0,27,"Arts, Design, Entertainment, Sports, and Media Occupations",38820.0,18.66346153846154,29920.0,14.384615384615383,66315.8138,4221.696369230769,19.419338846153845,False,False,False,False,21.21685138646969,21.21685138646969,3199.501189079629,203.681773310109,124204636.1600712,6094158.657438462,0.0636604774535809,5.013281575993909
27-2031.00,Dancers,345363.0289153846,8005.103319230769,38.11953961538462,3.994285714285714,81.19928571428571,9060.0,210.0,27,"Arts, Design, Entertainment, Sports, and Media Occupations",51020.0,23.97,35547.2,17.09,0.0,0.0,18.72122115384615,False,False,False,False,0.0,0.0,0.0,0.0,0.0,0.0,,
27-2032.00,Choreographers,107873.95777307692,5032.021353846154,31.45013346153846,3.8905555555555558,94.61666666666666,3430.0,160.0,27,"Arts, Design, Entertainment, Sports, and Media Occupations",55600.0,26.73,37710.0,18.13,0.0,0.0,20.247867692307693,False,False,False,False,0.0,0.0,0.0,0.0,0.0,0.0,,
27-2041.00,Music Directors and Composers,464103.12063461536,4893.22025,37.640155769230766,3.927857142857143,89.15392857142857,12330.0,130.0,27,"Arts, Design, Entertainment, Sports, and Media Occupations",63670.0,30.61,78010.0,37.51,338076.4950772189,3564.4723730769233,38.34256979289941,False,False,False,False,72.84512429369848,72.84512429369848,8981.803825413022,94.69866158180801,571871449.5640471,7387442.589996843,0.010543390105433903,0.830295113677553
27-2042.00,Musicians and Singers,1557057.3769999999,11368.345907692308,40.601235384615386,3.903703703703704,78.53999999999999,38350.0,280.0,27,"Arts, Design, Entertainment, Sports, and Media Occupations",88296.0,42.45,38979.2,18.74,432518.21775,3157.8905076923074,43.5377376,False,False,False,False,27.77792418821057,27.777924188210562,10652.833926178753,77.77818772698959,940602624.3458792,3031731.5350478725,0.007301173402868317,0.5749695818795273
27-3011.00,Broadcast Announcers and Radio Disc Jockeys,1854899.7113076923,13204.897442307692,77.67586730769231,4.08,74.65791666666667,23880.0,170.0,27,"Arts, Design, Entertainment, Sports, and Media Occupations",45680.0,21.96,49050.0,23.58,1762136.7307846157,12544.524465384615,75.84464461538461,False,True,True,False,94.99902986896907,94.99902986896906,22685.768332709813,161.49835077724742,1036285897.4381843,7921494.105623987,0.007118927973199328,0.5606176999676324
27-3023.00,"News Analysts, Reporters, and Journalists",2918964.862903846,15455.409623076923,70.25186192307692,4.088333333333334,91.34466666666667,41550.0,220.0,27,"Arts, Design, Entertainment, Sports, and Media Occupations",60280.0,28.98,53630.0,25.79,2697641.9641153845,14283.543492307694,66.71565423076923,True,True,True,True,92.41776077536319,92.4177607753632,38399.57960216341,203.319073705799,2314726658.4184103,10904001.922842002,0.00529482551143201,0.4169690873575359
27-3031.00,Public Relations Specialists,3007429.774488461,28081.777715384615,10.718235769230768,3.8449999999999998,91.16055555555556,280590.0,2620.0,27,"Arts, Design, Entertainment, Sports, and Media Occupations",69780.0,33.55,75700.0,36.39,2030522.9899615382,18959.942384615384,10.39969,False,False,False,False,67.51688791492774,67.51688791492774,189445.63580049574,1768.9424633711067,13219516466.158592,133908944.47719277,0.009337467479240174,0.7353283473918386
27-3041.00,Editors,5149079.004892308,29660.593346153848,53.92835153846154,3.9147619047619044,74.8352380952381,95480.0,550.0,27,"Arts, Design, Entertainment, Sports, and Media Occupations",75260.0,36.18,59860.0,28.78,3798404.6028923076,21880.210846153845,48.748339615384616,False,False,False,False,73.76862152014601,73.76862152014601,70434.27982743541,405.7274183608031,5300883899.812789,24286843.263077673,0.00576036866359447,0.45363074936388814
27-3042.00,Technical Writers,1746883.1579538463,19504.18796923077,31.458367692307693,3.8986666666666663,84.32,55530.0,620.0,27,"Arts, Design, Entertainment, Sports, and Media Occupations",91670.0,44.07,74940.0,36.03,1500105.4886076923,16748.88173846154,30.42958807692308,False,False,False,False,85.87325842472437,85.87325842472437,47685.42040324944,532.4142022332911,4371322488.365876,39899120.31536283,0.01116513596254277,0.8792577852608322
27-3043.00,Writers and Authors,574849.1794615384,7576.46408076923,12.02613346153846,3.9775,86.27,47800.0,630.0,27,"Arts, Design, Entertainment, Sports, and Media Occupations",72270.0,34.75,61020.0,29.34,289074.8169207692,7613.967068076923,30.211483846153847,False,False,False,False,50.287071330874255,100.49499327005171,24037.220096157893,316.80854938450784,1737169896.349331,19331657.683442667,0.026339088092076142,2.074211038658466
27-3043.05,"Poets, Lyricists and Creative Writers",607025.8413846154,8000.549792307692,12.699285384615385,3.996875,81.60125,47800.0,630.0,27,"Arts, Design, Entertainment, Sports, and Media Occupations",72270.0,34.75,61020.0,29.34,106185.71427273503,2801.923448333333,11.27461987179487,False,False,False,False,17.49278317880624,35.02163627588825,8361.550359469382,110.20453402647931,604289244.4788523,6724680.666295768,0.02638700947225981,2.077984861632793
27-3091.00,Interpreters and Translators,2716131.725630769,35122.393003846155,50.90201884615385,4.187647058823529,70.44529411764705,53360.0,690.0,27,"Arts, Design, Entertainment, Sports, and Media Occupations",59440.0,28.58,65990.0,31.72,2061598.858646154,26658.60593076923,50.90201884615385,False,False,False,False,75.90202047978315,75.90202047978313,40501.31812801229,523.7239413105037,2407398349.5290504,34560542.88708014,0.01293103448275862,1.0183228201237626
27-3092.00,Court Reporters and Simultaneous Captioners,585477.98505,6443.502765,46.356135,4.707142857142857,81.50285714285714,12630.0,139.0,27,"Arts, Design, Entertainment, Sports, and Media Occupations",67310.0,32.36,84510.0,40.63,462749.83648846153,5092.812927307692,38.84179538461538,True,True,True,True,79.0379567301651,79.0379567301651,9982.493935019853,109.8627598549295,671921666.7661862,9284501.835340092,0.0110055423594616,0.8666897414450013
27-4011.00,Audio and Video Technicians,2097721.755692308,57771.161365384614,29.93324423076923,3.3513793103448277,65.14896551724138,70080.0,1930.0,27,"Arts, Design, Entertainment, Sports, and Media Occupations",54830.0,26.36,41600.0,20.0,1217221.0294153846,33522.21156923077,24.26495423076923,False,True,True,False,58.025857152521496,58.02585715252151,40664.520692487065,1119.899043043665,2229635669.5690656,46587800.19061646,0.027539954337899544,2.1687796134827626
27-4012.00,Broadcast Technicians,1068053.3063076923,14186.666307692309,50.666665384615385,3.923333333333333,65.03407407407407,21080.0,280.0,27,"Arts, Design, Entertainment, Sports, and Media Occupations",53920.0,25.92,34570.0,16.62,901174.3862615385,11970.058261538461,46.92444115384615,False,False,False,False,84.37541281314303,84.37541281314303,17786.33702101055,236.25115587680048,959039292.1728889,8167202.458660993,0.013282732447817835,1.0460191397096714
27-4014.00,Sound Engineering Technicians,437435.0312884615,10726.376246153846,33.51992576923077,4.074285714285714,93.91571428571429,13050.0,320.0,27,"Arts, Design, Entertainment, Sports, and Media Occupations",66430.0,31.94,32880.0,15.81,346581.3278076923,8498.54596923077,32.35548769230769,False,False,False,False,79.23035491392622,79.23035491392623,10339.561316267373,253.5371357245639,686857058.2396415,8336301.022623661,0.02452107279693487,1.9310417922346912
27-4021.00,Photographers,2563535.072342308,32525.82075,50.03972423076923,3.972142857142857,83.75071428571428,51230.0,650.0,27,"Arts, Design, Entertainment, Sports, and Media Occupations",42520.0,20.44,47610.0,22.890000000000004,1465338.7439769227,18592.0395,48.31108038461539,False,False,False,False,57.16086195918667,57.16086195918668,29283.50958169133,371.5456027347133,1245134827.4135153,17689286.146199703,0.012687878196369318,0.999174190088252
27-4031.00,"Camera Operators, Television, Video, and Film",1252807.5769076922,20487.45015384615,51.218625384615386,4.123333333333333,68.41952380952381,24460.0,400.0,27,"Arts, Design, Entertainment, Sports, and Media Occupations",68810.0,33.08,46600.0,22.41,778831.8760307692,12736.416615384616,44.079233461538465,False,True,True,False,62.16691935669496,62.16691935669497,15206.028474647586,248.66767742677985,1046326819.3405005,11587913.76808794,0.01635322976287817,1.2878217185539
27-4032.00,Film and Video Editors,3147208.1748,57796.96232307692,109.05087230769232,4.173181818181818,72.13636363636364,28860.0,530.0,27,"Arts, Design, Entertainment, Sports, and Media Occupations",70980.0,34.12,62860.0,30.219999999999995,2148895.4979,39463.430834615385,101.94171615384616,False,False,False,False,68.27942031627948,68.2794203162795,19705.44070327826,361.88092767628126,1398692181.1186907,22747835.11373104,0.018364518364518367,1.446211295477222
29-1011.00,Chiropractors,2504130.4377076924,29945.753307692306,66.54611846153846,4.585454545454545,98.91818181818181,37630.0,450.0,29,Healthcare Practitioners and Technical Occupations,79000.0,37.98,59920.0,28.81,430062.6757076923,5142.923307692308,34.77846230769231,False,False,False,False,17.174132354757695,17.1741323547577,6462.626005095321,77.28359559640963,510547454.4025303,4630833.048136865,0.011958543715120916,0.9417388822829378
29-1021.00,"Dentists, General",10363999.11975,67577.40196153846,91.32081346153846,4.2985,91.54400000000001,113490.0,740.0,29,Healthcare Practitioners and Technical Occupations,172790.0,83.07,132270.0,63.59000000000001,173382.03405000002,1130.5199153846156,37.64182923076923,False,False,False,False,1.6729259820140001,1.6729259820140003,1898.6036969876886,12.379652266903602,328059732.8025027,1637456.6053433393,0.006520398272975594,0.5134833076595519
29-1022.00,Oral and Maxillofacial Surgeons,167975.67775,1859.3930557692306,31.515136538461537,4.021428571428571,84.66214285714285,5330.0,59.0,29,Healthcare Practitioners and Technical Occupations,179210.0,86.16,179210.0,86.16,0.0,0.0,6.727921153846153,False,False,False,False,0.0,0.0,0.0,0.0,0.0,0.0,,
29-1023.00,Orthodontists,346163.2279615385,6721.616076923076,67.21616076923077,4.8,99.16363636363636,5150.0,100.0,29,Healthcare Practitioners and Technical Occupations,179210.0,86.16,124830.0,60.02,0.0,0.0,18.824731923076925,False,False,False,False,0.0,0.0,0.0,0.0,0.0,0.0,,
29-1024.00,Prosthodontists,24369.172,256.5176,32.0647,4.381666666666667,94.665,760.0,8.0,29,Healthcare Practitioners and Technical Occupations,179210.0,86.16000000000001,179210.0,86.16000000000001,0.0,0.0,7.472989615384615,False,False,False,False,0.0,0.0,0.0,0.0,0.0,0.0,,
29-1031.00,Dietitians and Nutritionists,2230557.04765,31752.738434615385,29.130952692307694,3.498571428571428,75.11107142857144,76570.0,1090.0,29,Healthcare Practitioners and Technical Occupations,73850.0,35.5,61170.0,29.41,1483801.6731,21122.421623076923,23.90112423076923,False,False,False,False,66.52157471889171,66.52157471889171,50935.569762255385,725.0851644359198,3761591826.94256,44353459.50854521,0.014235340211571112,1.1210372850676815
29-1041.00,Optometrists,2040292.4227269231,19969.441234615384,48.70595423076923,4.642,100.0,41890.0,410.0,29,Healthcare Practitioners and Technical Occupations,134830.0,64.82,124830.0,60.02,408925.99100000004,4002.3790000000004,9.7619,False,False,False,False,20.042518731381453,20.042518731381453,8395.811096575691,82.17432679866396,1132007210.1513004,10257821.21427722,0.00978753879207448,0.7707715974391048
29-1051.00,Pharmacists,30149563.783915386,286029.8568,91.67623615384616,4.049,73.33500000000001,328870.0,3120.0,29,Healthcare Practitioners and Technical Occupations,137480.0,66.1,136230.0,65.5,14194646.463692307,134665.056,47.19175961538461,False,False,False,False,47.08076894719475,47.08076894719475,154834.52483663938,1468.9199911524763,21286650474.541183,200110970.39470184,0.009487031349773467,0.7471065467797655
29-1071.00,Physician Assistants,13963759.279292308,149925.92256923078,89.77600153846154,4.5475,93.91833333333334,155540.0,1670.0,29,Healthcare Practitioners and Technical Occupations,133260.0,64.07,134390.0,64.61,1290549.3190730768,27723.136015384614,47.67196,False,False,False,False,9.242133821276262,18.491222558649252,14375.214945613097,154.34363481531358,1915641143.6524014,20742241.082829993,0.021481655606386634,1.6916867824604511
29-1071.01,Anesthesiologist Assistants,8131873.962046154,87310.20648461538,52.281560769230765,4.38375,70.791875,155540.0,1670.0,29,Healthcare Practitioners and Technical Occupations,133260.0,64.07,134390.0,64.61,104656.34107499999,2245.26445,34.543680384615385,False,False,False,False,1.2869892175341366,2.57159447950181,2001.7830289525962,21.492719932820084,266757606.43822297,2888406.631771691,0.02145368763074732,1.6894842960418934
29-1081.00,Podiatrists,546839.9347384615,5169.705265384615,57.44116961538461,4.2309090909090905,93.8,9520.0,90.0,29,Healthcare Practitioners and Technical Occupations,152800.0,73.46,146330.0,70.35,26589.261138461545,251.36906538461545,15.805086923076923,False,False,False,False,4.862348092989671,4.862348092989671,462.8955384526167,4.376113283690704,70730438.27555983,640356.6568024607,0.009453781512605043,0.7444881121913224
29-1122.00,Occupational Therapists,8061842.5362,51352.68755,52.940915000000004,4.148823529411764,96.79058823529412,152280.0,970.0,29,Healthcare Practitioners and Technical Occupations,98340.0,47.28,93310.0,44.86,211083.57593769234,2688.9924342307695,32.25828038461538,False,False,False,False,2.618304376324223,5.236322698033298,3987.1539042665268,25.397552450344964,392096714.94557023,2369845.6191416886,0.012738994127257474,1.0031995848828201
29-1122.01,"Low Vision Therapists, Orientation and Mobility Specialists, and Vision Rehabilitation Therapists",3278645.8564153844,20884.465988461536,21.530377307692305,4.1657142857142855,90.88952380952381,152280.0,970.0,29,Healthcare Practitioners and Technical Occupations,98340.0,47.28,93310.0,44.86,93635.18035615384,1192.9788588461538,6.382135769230769,False,False,False,False,2.855910167087312,5.712278492087195,4348.980002440559,27.70232862074693,427678693.4400045,2584904.283601896,0.012740711923750243,1.003334861868683
29-1123.00,Physical Therapists,21100812.31413846,197743.20352307693,84.8683276923077,4.27125,94.36375,248630.0,2330.0,29,Healthcare Practitioners and Technical Occupations,101020.0,48.57,97580.0,46.91,6747253.523019231,63230.90821153846,51.371781923076924,False,False,False,False,31.976273816237295,31.97627381623729,79502.60958931078,745.0471799183291,8031353620.712175,72701703.81643055,0.009371355025539959,0.7379970017644708
29-1124.00,Radiation Therapists,2046201.8216538462,9848.030157692308,109.4225573076923,4.492272727272727,85.23590909090909,18700.0,90.0,29,Healthcare Practitioners and Technical Occupations,101990.0,49.03,104040.0,50.02,501943.4365,2415.77055,62.07461461538462,False,False,False,False,24.530495046392996,24.530495046392996,4587.20257367549,22.077445541753697,467848790.4891633,2296937.4341640547,0.004812834224598931,0.37901212984285504
29-1125.00,Recreational Therapists,298476.3352846154,5152.9779,19.81914576923077,4.443636363636364,95.93454545454546,15060.0,260.0,29,Healthcare Practitioners and Technical Occupations,60280.0,28.980000000000004,51490.0,24.75,20982.066969230767,362.24019999999996,13.771521153846153,False,False,False,False,7.029725471945065,7.029725471945067,1058.6766560749268,18.27728622705717,63817028.828196585,941097.4678311738,0.017264276228419653,1.359566899288742
29-1126.00,Respiratory Therapists,8382616.582623078,62676.06593076923,61.44712346153846,4.460909090909091,90.67090909090909,136420.0,1020.0,29,Healthcare Practitioners and Technical Occupations,80450.0,38.68,78990.0,37.98,935988.5336000001,6998.301600000001,29.74736576923077,False,False,False,False,11.165827810140778,11.165827810140778,15232.42229859405,113.89144366343594,1225448373.9218915,8996285.134974804,0.007476909544055124,0.5888088553830992
29-1127.00,Speech-Language Pathologists,7659674.763365385,62120.52355769231,42.841740384615385,4.336086956521739,87.18173913043479,178790.0,1450.0,29,Healthcare Practitioners and Technical Occupations,95410.0,45.87,85320.0,41.02,1950298.2577384615,15817.06176923077,27.72494230769231,False,False,False,False,25.461893853069697,25.461893853069697,45523.320019903316,369.1974608695106,4343379963.098975,31499927.361386646,0.008110073270317132,0.638670687565736
29-1128.00,Exercise Physiologists,488170.3455384615,12640.66246153846,60.193630769230765,4.072,93.4104,8110.0,210.0,29,Healthcare Practitioners and Technical Occupations,58160.0,27.96,33540.0,16.13,234961.46955769227,6084.082442307692,42.37018961538461,False,False,False,False,48.131041081269515,48.13104108126952,3903.4274316909577,101.07518627066598,227023339.4271461,3390061.747518137,0.02589395807644883,2.0391569172391995
29-1129.01,Art Therapists,772345.7793692307,5196.94365,39.976489615384615,3.9336,94.62639999999999,19320.0,130.0,29,Healthcare Practitioners and Technical Occupations,65010.0,31.26,59660.0,28.68,60254.39118461538,810.8769,33.507801538461536,True,False,True,False,7.801478663329359,15.602957326658718,1507.245677755232,10.141922262328167,97986041.51086763,605067.0821704984,0.013457556935817806,1.0597866202530257
29-1129.02,Music Therapists,1344922.9742307693,9049.68875,69.61299038461539,4.171666666666667,97.69133333333335,19320.0,130.0,29,Healthcare Practitioners and Technical Occupations,65010.0,31.26,59660.0,28.68,65072.75831538462,875.72035,64.51332346153846,True,False,True,False,4.838400381449583,9.676800762899166,934.7789536960595,6.2899204958844575,60769979.77978083,375256.65678446676,0.013457556935817806,1.0597866202530257
29-1131.00,Veterinarians,4548638.2436,34976.5064,56.41372,4.175238095238096,80.99095238095238,80630.0,620.0,29,Healthcare Practitioners and Technical Occupations,125510.0,60.34,121850.0,58.580000000000005,339463.89831538463,2610.2891846153843,19.804982692307693,False,False,False,False,7.462978591296314,7.462978591296313,6017.399638162218,46.27046726603715,755243828.58574,5638056.436366627,0.007689445615775764,0.6055461343858861
29-1141.00,Registered Nurses,235801173.82881537,1852204.6737538462,71.84657384615385,4.264074074074074,69.25703703703704,3282010.0,25780.0,29,Healthcare Practitioners and Technical Occupations,93600.0,45.0,82270.0,39.55,1351382.9200942307,53070.79255615384,42.34846884615384,False,False,False,False,0.573102711132089,2.86527689451273,18809.288289626274,147.74587892985252,1760549383.9090192,12155053.459558968,0.03927146907588063,3.0926398961409682
29-1141.01,Acute Care Nurses,180622652.10079613,1418780.5555615383,55.03415653846154,4.318846153846154,88.01923076923077,3282010.0,25780.0,29,Healthcare Practitioners and Technical Occupations,93600.0,45.0,82270.0,39.55,2557676.560756923,100448.37077538461,36.15720287179487,False,False,False,False,1.4160331115776201,7.079908896526159,46474.34832528865,365.0533361647105,4349999003.247018,30032937.966270734,0.03927328901417376,3.092783216824057
29-1141.02,Advanced Practice Psychiatric Nurses,332808312.1465423,2614190.1722230767,101.40380807692308,4.182916666666666,91.04041666666666,3282010.0,25780.0,29,Healthcare Practitioners and Technical Occupations,93600.0,45.0,82270.0,39.55,1199125.465103077,47094.473478461536,68.02145423076924,False,False,False,False,0.36030514303232836,1.801493784915156,11825.250824835319,92.88666587373426,1106843477.2045858,7641786.001432117,0.03927401664713483,3.0928405181366405
29-1141.03,Critical Care Nurses,335421361.4090462,2634715.5240615383,102.19998153846154,4.2027586206896554,97.13172413793104,3282010.0,25780.0,29,Healthcare Practitioners and Technical Occupations,93600.0,45.0,82270.0,39.55,856329.3825,33628.620599999995,75.09879833333333,False,False,False,False,0.25529959657390655,1.2763662829207416,8378.95828951527,65.81623599675311,784270495.8986293,5414701.735452878,0.039270660667771726,3.092576233761414
29-1141.04,Clinical Nurse Specialists,75492050.51850384,592985.7198384615,23.001773461538463,3.951,96.31733333333334,3282010.0,25780.0,29,Healthcare Practitioners and Technical Occupations,93600.0,45.0,82270.0,39.55,985765.2522999999,38716.333249999996,10.376851153846154,False,False,False,False,1.3057868285858512,6.5290498497243625,42856.05429287049,336.63184440943246,4011326681.812678,27694701.839564007,0.03927540878486694,3.0929501493980265
29-1151.00,Nurse Anesthetists,3970795.0411538463,43769.43888461538,78.86385384615384,4.474166666666666,99.07458333333334,50350.0,555.0,29,Healthcare Practitioners and Technical Occupations,223210.0,107.31,122040.0,58.68,50378.3121923077,555.3120807692309,48.194975,False,False,False,False,1.2687210412569823,1.2687210412569825,638.8010442728905,7.041401778976251,142586781.09215188,859332.6731062616,0.01102284011916584,0.868051945177992
29-1161.00,Nurse Midwives,820111.8955846154,9904.733038461538,99.04733038461538,4.5561904761904755,96.68142857142857,8280.0,100.0,29,Healthcare Practitioners and Technical Occupations,128790.0,61.92,138020.0,66.36,259197.12636923077,3130.400076923077,56.82619807692308,False,False,False,False,31.605092886070445,31.60509288607045,2616.901690966633,31.60509288607044,337030768.77959263,4362134.920135442,0.012077294685990338,0.9510905566373307
29-1171.00,Nurse Practitioners,37060865.97175384,344819.5344,120.56627076923077,4.53,98.06666666666668,307390.0,2860.0,29,Healthcare Practitioners and Technical Occupations,129210.0,62.12,125700.0,60.43,13310670.58806923,123844.3602,66.29937615384615,False,False,False,False,35.91570309828712,35.91570309828711,110401.27975382477,1027.1891086110115,14264949356.9917,129117670.95240416,0.009304141318845766,0.7327039023265981
29-1181.00,Audiologists,902729.2397307693,9192.762115384616,61.28508076923077,4.264545454545455,97.31318181818182,14730.0,150.0,29,Healthcare Practitioners and Technical Occupations,92120.0,44.29,96520.0,46.4,15564.511153846153,158.49807692307692,38.36180115384615,False,False,False,False,1.7241616277421263,1.7241616277421263,253.9690077664152,2.586242441613189,23395624.995442167,249624.12046450502,0.010183299389002037,0.8019378624192565
29-1211.00,Anesthesiologists,2789186.4239846156,47940.18203076923,66.58358615384616,4.318888888888889,91.81333333333333,41890.0,720.0,29,Healthcare Practitioners and Technical Occupations,257920.0,124.0,257920.0,124.0,65113.55821538462,1119.1635692307693,25.458148076923074,True,False,True,False,2.33450004113973,2.33450004113973,977.9220672334329,16.808400296206056,252225659.58084702,4335222.604397466,0.017187873000716163,1.3535501223320867
29-1213.00,Dermatologists,866560.5415384616,9542.482153846153,85.96830769230769,4.286666666666666,91.38111111111111,10080.0,111.0,29,Healthcare Practitioners and Technical Occupations,249103.6,119.76134615384616,249103.6,119.76134615384616,106660.15532307692,1174.5314723076922,30.932507692307695,True,False,True,False,12.308448193788765,12.308448193788767,1240.6915779339076,13.66237749510553,309060738.55301696,3403347.41858977,0.011011904761904761,0.8671907825339661
29-1215.00,Family Medicine Physicians,8936731.469519231,53810.79625,82.78584038461538,4.508333333333334,89.08083333333333,107950.0,650.0,29,Healthcare Practitioners and Technical Occupations,238380.0,114.61,238380.0,114.61,461320.3873060271,2777.751289939024,22.531544415103188,True,True,True,True,5.16207059459564,5.162070594595641,5572.455206865993,33.553458864871665,1328361872.2127154,7998473.524208107,0.006021306160259379,0.47417965500899617
29-1216.00,General Internal Medicine Physicians,5927426.798461539,10673.637692307693,88.94698076923076,4.106842105263158,87.01368421052632,66640.0,120.0,29,Healthcare Practitioners and Technical Occupations,236350.0,113.63,236350.0,113.63,663954.1411282051,1195.5956923076922,26.219167179487176,True,True,True,True,11.20138913061793,11.201389130617928,7464.605716643789,13.441666956741514,1764259561.1287594,3176937.985225857,0.0018007202881152459,0.14180725946501374
29-1217.00,Neurologists,663262.3038461539,5168.277692307693,86.13796153846154,4.377916666666667,94.18041666666666,7700.0,60.0,29,Healthcare Practitioners and Technical Occupations,249103.6,119.76134615384616,249103.6,119.76134615384616,67574.64323076923,526.5556615384615,41.959352307692306,True,False,True,False,10.188223096490558,10.188223096490558,784.4931784297729,6.112933857894335,195420074.9222988,1522753.8305633673,0.007792207792207792,0.6136386864122414
29-1218.00,Obstetricians and Gynecologists,1347258.2809615384,12863.27001923077,67.70142115384616,4.42,89.84400000000001,19900.0,190.0,29,Healthcare Practitioners and Technical Occupations,257920.0,124.0,257920.0,124.0,99266.96334615386,947.775026923077,30.56058846153846,True,False,True,False,7.368072235956643,7.368072235956642,1466.246374955372,13.999337248317623,378174265.02848953,3610709.0630860813,0.009547738693467336,0.7518872681918837
29-1221.00,"Pediatricians, General",4179698.0105538466,24323.19605769231,97.29278423076924,4.201764705882353,78.97411764705882,42960.0,250.0,29,Healthcare Practitioners and Technical Occupations,210130.0,101.03,194160.0,93.35,403500.3624923077,2348.1166346153846,29.568225,True,False,True,False,9.653816172208105,9.653816172208106,4147.279427580602,24.13454043052026,871467826.1175119,4685962.369989814,0.005819366852886406,0.458276874357373
29-1222.00,"Physicians, Pathologists",819454.4991538461,9027.88855,69.44529653846153,4.099473684210526,79.38052631578948,11800.0,130.0,29,Healthcare Practitioners and Technical Occupations,266020.0,127.89423076923076,266020.0,127.89423076923076,201447.56676923076,2219.3376,57.938465,True,True,True,True,24.583130238133037,24.583130238133034,2900.8093680996985,31.95806930957295,771673308.1018819,8501485.597732596,0.011016949152542373,0.8675880298003582
29-1223.00,Psychiatrists,874342.5713846154,4583.24735,35.25574884615385,4.090833333333333,93.935,24800.0,130.0,29,Healthcare Practitioners and Technical Occupations,257920.0,124.0,257920.0,124.0,115265.6593846154,604.21515,21.188356153846154,True,False,True,False,13.1831233153934,13.183123315393397,3269.4145822175633,17.13806031001142,843247409.0455539,4420248.515158145,0.005241935483870967,0.41280398192113815
29-1224.00,Radiologists,2132022.3235807694,19463.117446153847,81.0963226923077,4.628235294117647,87.97529411764705,26290.0,240.0,29,Healthcare Practitioners and Technical Occupations,249103.6,119.76134615384616,249103.6,119.76134615384616,1228886.98045989,11218.443336263736,79.57294879120879,True,True,True,True,57.63949874577076,57.63949874577076,15153.424220263132,138.33479698984982,3774772525.5947394,34459695.93544076,0.009128946367440091,0.7189072476796133
29-1229.01,Allergists and Immunologists,26908317.967569232,298640.0078846154,85.32571653846153,4.4175,93.426875,315360.0,3500.0,29,Healthcare Practitioners and Technical Occupations,249103.6,119.76134615384616,232740.0,111.89,1188442.0237846153,79139.02365384615,43.67285192307692,True,False,True,False,4.416634385014195,26.499806310085166,13928.298196580767,154.58220347549684,3469589222.6417766,35977462.03688713,0.06659056316590563,5.244026699267474
29-1229.02,Hospitalists,17098597.35636923,189767.5378846154,54.219296538461535,4.503571428571428,97.42857142857143,315360.0,3500.0,29,Healthcare Practitioners and Technical Occupations,249103.6,119.76134615384616,232740.0,111.89,783617.8486153845,52181.553846153845,30.800152307692308,True,False,True,False,4.582936437903117,27.497618627418703,14452.74835057127,160.40277532660912,3600231644.0213656,37332141.929515004,0.06659056316590564,5.244026699267475
29-1229.03,Urologists,12950300.124553846,143727.96307692307,41.06513230769231,4.5928571428571425,97.90714285714286,315360.0,3500.0,29,Healthcare Practitioners and Technical Occupations,249103.6,119.76134615384616,232740.0,111.89,303268.5719999999,20194.824999999997,24.170016153846156,True,False,True,False,2.3417879823881527,14.050727894328919,7385.062581259279,81.96257938358535,1839645675.216979,19075970.725735653,0.06659056316590564,5.244026699267475
29-1229.04,Physical Medicine and Rehabilitation Physicians,19568533.627938464,217179.94576923078,62.051413076923076,4.3406666666666665,93.234,315360.0,3500.0,29,Healthcare Practitioners and Technical Occupations,249103.6,119.76134615384616,232740.0,111.89,0.0,0.0,25.52946,True,False,True,False,0.0,0.0,0.0,0.0,0.0,0.0,,
29-1229.05,Preventive Medicine Physicians,5224033.857046153,57978.55942307692,16.565302692307693,4.066,96.842,315360.0,3500.0,29,Healthcare Practitioners and Technical Occupations,249103.6,119.76134615384616,232740.0,111.89,54013.668092307686,3596.8005769230767,10.190860384615386,True,False,True,False,1.0339455977961225,6.203673586776735,3260.6508372098524,36.188095922864285,812239861.8919882,8422417.445087433,0.06659056316590564,5.244026699267475
29-1229.06,Sports Medicine Physicians,17578218.676984616,195090.58019230768,55.74016576923077,3.854074074074074,94.62444444444445,315360.0,3500.0,29,Healthcare Practitioners and Technical Occupations,249103.6,119.76134615384616,232740.0,111.89,307546.1771131222,20479.67313348416,31.28919613122172,True,False,True,False,1.749586705937367,10.497520235624203,5517.4966358440815,61.235534707807844,1374428274.9766498,14251958.347895198,0.06659056316590561,5.244026699267473
29-1241.00,"Ophthalmologists, Except Pediatric",1082915.2454346153,5365.3934538461535,89.42322423076924,4.405555555555555,91.53666666666668,12110.0,60.0,29,Healthcare Practitioners and Technical Occupations,301500.0,144.95192307692307,168530.0,81.02,102383.995,507.27,50.744431923076924,True,True,True,True,9.45447904918075,9.45447904918075,1144.9374128557888,5.67268742950845,345198629.97602034,956018.012495059,0.00495458298926507,0.3901748873141419
29-1291.00,Acupuncturists,868517.356,9570.1557,102.9049,4.512222222222222,99.89722222222223,8440.0,93.0,29,Healthcare Practitioners and Technical Occupations,78140.0,37.57,78140.0,37.57,95260.61147692308,1049.6726146153846,47.55556153846154,True,False,True,False,10.968187431008928,10.96818743100893,925.7150191771536,10.200414310838305,72335371.59850278,797060.3742489051,0.011018957345971565,0.8677461756315287
29-1292.00,Dental Hygienists,18496249.963507693,332657.25501538464,84.43077538461539,4.2875,88.12625,219070.0,3940.0,29,Healthcare Practitioners and Technical Occupations,94260.0,45.32,82610.0,39.72,1260794.3602461538,22675.536492307692,46.362651923076925,True,False,True,False,6.816486383638018,6.816486383638018,14932.876720635804,268.5695635153379,1407572959.687131,22186531.642002065,0.017985118911763364,1.4163334754777455
29-1299.01,Naturopathic Physicians,2239202.075573077,16683.39738846154,72.53651038461538,4.168,91.975,30870.0,230.0,29,Healthcare Practitioners and Technical Occupations,113730.0,54.67999999999999,113730.0,54.67999999999999,219284.49883846153,3267.6018615384614,34.84988769230769,True,False,True,False,9.792974972227116,19.585949944454228,3023.0913739265106,22.52384243612237,343816181.95666206,2561636.600260197,0.014901198574667963,1.1734738296469924
29-1299.02,Orthoptists,2453309.331092308,18278.624753846154,79.47228153846154,4.27875,93.750625,30870.0,230.0,29,Healthcare Practitioners and Technical Occupations,113730.0,54.68,113730.0,54.68,40828.584825,608.3948499999999,33.25972423076924,True,False,True,False,1.6642249025654476,3.3284498051308953,513.7462274219537,3.8277172759005293,58428358.44469879,435326.2857881672,0.01490119857466796,1.173473829646992
29-2011.00,Medical and Clinical Laboratory Technologists,12574163.327015383,138482.94382423075,73.3101873076923,4.586666666666667,82.60066666666667,171520.0,1889.0,29,Healthcare Practitioners and Technical Occupations,61890.0,29.75,61890.0,29.75,1809597.6482461537,19919.07859076923,54.67851846153846,False,False,False,False,14.39139608086896,14.383777554621807,24684.122557906438,271.85347196761467,1527700345.1088295,16825011.38007567,0.011007462686567165,0.866840967776994
29-2011.01,Cytogenetic Technologists,16711070.369476922,184043.91282615386,97.42928153846154,4.625333333333333,93.49266666666668,171520.0,1889.0,29,Healthcare Practitioners and Technical Occupations,61890.0,29.75,61890.0,29.75,940843.1748923076,10356.296141538462,65.03700538461538,False,False,False,False,5.630059320501546,5.6270788761815345,9656.677746524252,106.3518205642742,597651785.732386,6582114.17472293,0.011007462686567165,0.866840967776994
29-2011.02,Cytotechnologists,10731611.969969232,118190.38602653846,62.56770038461539,4.409230769230769,95.00461538461538,171520.0,1889.0,29,Healthcare Practitioners and Technical Occupations,61890.0,29.75,61890.0,29.75,0.0,0.0,47.646965,False,False,False,False,0.0,0.0,0.0,0.0,0.0,0.0,,
29-2011.04,Histotechnologists,7950070.480738461,87556.45486307691,46.350690769230766,4.271875,92.2625,171520.0,1889.0,29,Healthcare Practitioners and Technical Occupations,61890.0,29.75,61890.0,29.75,45202.66666666667,497.6625,9.687569903846153,True,True,True,True,0.5685819613320953,0.5683904182487262,975.2317800768099,10.74051324956328,60357094.868953764,664730.3650154715,0.011009582767978289,0.8670079248200943
29-2012.00,Medical and Clinical Laboratory Technicians,9284982.99963077,102258.23744346153,54.13352961538462,4.536153846153846,60.41230769230769,171520.0,1889.0,29,Healthcare Practitioners and Technical Occupations,61890.0,29.75,61890.0,29.75,1997469.0786461537,22010.357734615383,33.47820615384615,False,False,False,False,21.512899686790874,21.524288199065513,36898.92554278371,406.3786750834796,2283674501.842884,25150776.20091655,0.011019123134328358,0.8677592315140459
29-2031.00,Cardiovascular Technologists and Technicians,8072176.475623077,98956.06990384616,131.94142653846154,4.497619047619048,66.77904761904762,61180.0,750.0,29,Healthcare Practitioners and Technical Occupations,67260.0,32.34,89420.0,42.99,2104275.3935,25796.11875,98.31145615384615,False,False,False,False,26.068253089543298,26.068253089543298,15948.55724018259,195.51189817157473,1072699959.974681,17482673.93450221,0.012258908139915007,0.965392670270975
29-2032.00,Diagnostic Medical Sonographers,11504387.086753845,87819.74875384616,133.0602253846154,4.433,88.42,86460.0,660.0,29,Healthcare Practitioners and Technical Occupations,89340.0,42.95,91140.0,43.82,3809506.7774076923,29080.20440769231,117.38076730769231,False,False,False,False,33.11351355513724,33.11351355513723,28629.943819771655,218.54918946390578,2557799180.8584,19918573.127740372,0.0076335877862595426,0.6011473136608473
29-2033.00,Nuclear Medicine Technologists,1455359.1392,9439.2397,85.81127,4.554117647058824,84.23235294117647,16960.0,110.0,29,Healthcare Practitioners and Technical Occupations,97020.0,46.64,106720.0,51.31,602350.3097846154,3906.7531884615382,57.26347384615384,False,False,False,False,41.38843077013436,41.38843077013436,7019.477858614788,45.5272738471478,681029741.8428067,4858670.664967613,0.006485849056603773,0.5107625465715099
29-2034.00,Radiologic Technologists and Technicians,44056765.530961536,311508.5005769231,197.15727884615384,4.567407407407408,92.21000000000001,223460.0,1580.0,29,Healthcare Practitioners and Technical Occupations,77660.0,37.34,80080.0,38.5,16300191.504257489,115252.40569554656,152.09154979757085,False,True,True,False,36.99815750841331,36.99815750841331,82676.08276830037,584.5708886329302,6420624587.786207,46812436.761725046,0.007070616665174976,0.5568131700596176
29-2035.00,Magnetic Resonance Imaging Technologists,5230142.749161539,39040.314284615386,125.9364976923077,4.4425,88.75916666666666,41530.0,310.0,29,Healthcare Practitioners and Technical Occupations,88180.0,42.4,86680.0,41.67,1550863.351569231,11576.393907692309,80.36407307692308,False,False,False,False,29.652409617650587,29.652409617650587,12314.645714210288,91.92246981471682,1085905459.0790632,7967839.683539654,0.00746448350589935,0.5878303011742597
29-2036.00,Medical Dosimetrists,247894.7338923077,2747.447932307692,62.44199846153846,4.165263157894737,85.9278947368421,3970.0,44.0,29,Healthcare Practitioners and Technical Occupations,138110.0,66.4,138110.0,66.4,70399.5297826923,780.2466776923077,26.52930576923077,True,True,True,True,28.398961396766015,28.39896139676602,1127.4387674516108,12.495543014577047,155710568.17274198,1725759.445743236,0.011083123425692695,0.8727992735368069
29-2051.00,Dietetic Technicians,481862.3937307692,10457.781500000001,16.088894615384618,4.229230769230769,78.5576923076923,29950.0,650.0,29,Healthcare Practitioners and Technical Occupations,37040.0,17.81,39180.0,18.84,259918.1951923077,5640.962500000001,11.14253576923077,False,False,False,False,53.94033619845663,53.94033619845663,16155.13069143776,350.6121852899681,598386040.8108547,13736985.419660952,0.021702838063439065,1.7091049668855138
29-2052.00,Pharmacy Technicians,68474530.28510769,753624.0113769231,140.33966692307692,4.446666666666666,70.90523809523809,487920.0,5370.0,29,Healthcare Practitioners and Technical Occupations,43460.0,20.9,46760.0,22.48,41292936.83003077,454466.0411076923,131.18306615384614,False,False,False,False,60.304081909140805,60.304081909140805,294235.6764510798,3238.329198520861,12787482498.563927,151424273.32283548,0.01100590260698475,0.8667181110448354
29-2053.00,Psychiatric Technicians,4618900.796807692,63708.97650769231,33.88775346153846,4.24,79.203125,136300.0,1880.0,29,Healthcare Practitioners and Technical Occupations,42590.0,20.47,39340.0,18.91,239521.82480769232,3303.749307692308,17.46478076923077,False,False,False,False,5.1856888758735735,5.1856888758735735,7068.09393781568,97.49095086642319,301030120.8115698,3835294.007085088,0.013793103448275862,1.0862110081320135
29-2055.00,Surgical Technologists,10411336.087976923,95072.3464,91.4157176923077,4.644375,86.790625,113890.0,1040.0,29,Healthcare Practitioners and Technical Occupations,62830.0,30.21,63380.0,30.47,182933.57850384616,1670.4796000000001,39.706356538461534,False,False,False,False,1.7570615044797087,1.7570615044797087,2001.1173474519403,18.27343964658897,125730202.94040541,1158170.604800809,0.009131618228114848,0.7191176575042042
29-2056.00,Veterinary Technologists and Technicians,12683812.769707693,153573.42601153845,96.58706038461538,4.352258064516128,94.22290322580645,131320.0,1590.0,29,Healthcare Practitioners and Technical Occupations,45980.0,22.11,39400.0,18.94,2073365.0129230772,25103.947384615385,41.97892576923077,False,False,False,False,16.346543823753237,16.346543823753237,21466.28134935275,259.9100467976765,987019616.4432395,10240455.843828455,0.012107828205909228,0.9534950804326672
29-2057.00,Ophthalmic Medical Technicians,7125207.330692308,69836.71586538461,93.11562115384615,4.3625,91.2325,76520.0,750.0,29,Healthcare Practitioners and Technical Occupations,44080.0,21.19,36000.0,17.31,0.0,0.0,33.268641153846154,False,False,False,False,0.0,0.0,0.0,0.0,0.0,0.0,,
29-2061.00,Licensed Practical and Licensed Vocational Nurses,31443231.118084617,84023.6241,49.71812076923077,4.185,79.43272727272728,632430.0,1690.0,29,Healthcare Practitioners and Technical Occupations,62340.0,29.969999999999995,61710.0,29.67,9057938.296776924,24204.9171,26.093837692307694,False,False,False,False,28.807275762341227,28.807275762341224,182185.85410377462,486.8429603835668,11357466144.82931,30043079.085269906,0.0026722325000395294,0.21043910594275245
29-2081.00,"Opticians, Dispensing",7610661.2259,64942.27172307692,95.50334076923076,4.458571428571428,95.77285714285715,79690.0,680.0,29,Healthcare Practitioners and Technical Occupations,46560.0,22.38,39760.0,19.12,645822.19615,5510.843184615385,39.178629615384615,False,False,False,False,8.48575671654112,8.485756716541122,6762.299527411618,57.703145672479614,314852665.99628496,2294277.0719377897,0.008533065629313592,0.6719814619263179
29-2091.00,Orthotists and Prosthetists,479682.29993076925,4830.637461538461,48.30637461538461,4.241333333333333,96.19066666666666,9930.0,100.0,29,Healthcare Practitioners and Technical Occupations,78310.0,37.65,92070.0,44.26,201.36130384615362,2.02780769230769,25.07993923076923,False,False,False,False,0.041978055866396434,0.04197805586639644,4.168420947533166,0.041978055866396434,326429.0444013222,3864.9196036191197,0.010070493454179255,0.7930543614256896
29-2092.00,Hearing Aid Specialists,388114.2052153846,9170.940576923078,36.683762307692305,4.469090909090909,83.32636363636364,10580.0,250.0,29,Healthcare Practitioners and Technical Occupations,61560.0,29.6,47710.0,22.94,4534.982715384615,107.15932692307692,19.246706538461538,False,False,False,False,1.1684660479942803,1.16846604799428,123.62370787779486,2.921165119985701,7610275.4569570515,139368.78787451782,0.023629489603024575,1.8608293499426036
29-2099.01,Neurodiagnostic Technologists,9168466.565769231,75850.80923076923,52.674173076923076,4.6425,96.77374999999999,174060.0,1440.0,29,Healthcare Practitioners and Technical Occupations,48790.0,23.46,44360.0,21.33,157240.002,3902.5440000000003,29.61254576923077,False,False,False,False,1.715008729890129,5.1450261896703875,2985.144195246759,24.69612571041786,145645185.28608936,1095520.1365141363,0.024819027921406413,1.9545058471041403
29-2099.05,Ophthalmic Medical Technologists,22901740.715907693,189466.31409230767,131.57382923076923,4.204516129032259,91.53645161290324,174060.0,1440.0,29,Healthcare Practitioners and Technical Occupations,48790.0,23.46,44360.0,21.33,1001683.5898384615,24860.812984615382,59.662515,False,False,False,False,4.373831676221387,13.121495028664166,7613.091415630947,62.98317613758798,371442730.16863394,2793933.693463403,0.02481902792140641,1.95450584710414
29-2099.08,Patient Representatives,4858475.725107692,40194.21489230769,27.91264923076923,3.8576923076923078,74.70846153846153,174060.0,1440.0,29,Healthcare Practitioners and Technical Occupations,48790.0,23.46,44360.0,21.33,734432.3567769229,18227.897169230768,19.210285384615386,True,False,True,False,15.116517984879788,45.34955395463937,26311.811204481757,217.67785898226896,1283753268.6666648,9656189.82445345,0.024819027921406413,1.9545058471041403
29-9091.00,Athletic Trainers,1247761.9134807691,15516.210323076923,43.10058423076923,3.866521739130435,90.05,28950.0,360.0,29,Healthcare Practitioners and Technical Occupations,60250.0,29.76,63190.0,30.37980769230769,363317.44488461537,4517.937138461539,32.60272961538462,False,False,False,False,29.11752963120195,29.11752963120195,8429.524828232965,104.82310667232703,507878870.90103614,6623772.110624345,0.012435233160621763,0.9792783182122817
29-9092.00,Genetic Counselors,112125.94829999999,1597.2357307692307,31.944714615384616,4.189473684210526,96.79578947368421,3510.0,50.0,29,Healthcare Practitioners and Technical Occupations,98910.0,47.55,91620.0,44.05,36377.4186,518.1968461538462,17.902448461538462,False,False,False,False,32.44335423828028,32.44335423828028,1138.7617337636377,16.22167711914014,112634923.08656141,1486230.0576556195,0.014245014245014247,1.1217991180850568
29-9093.00,Surgical Assistants,2103065.760253846,30359.21701153846,91.99762730769231,4.3525,80.23285714285714,22860.0,330.0,29,Healthcare Practitioners and Technical Occupations,60290.0,28.99,44720.0,21.5,180189.44833846152,2601.160015384615,31.490645769230767,True,False,True,False,8.567941704148716,8.567941704148714,1958.6314735683964,28.274207623690764,118085891.54143861,1264422.5649314509,0.01443569553805774,1.1368153267523369
29-9099.01,Midwives,1863258.1822730768,8567.86288846154,50.39919346153846,4.206388888888889,95.08111111111111,36970.0,170.0,29,Healthcare Practitioners and Technical Occupations,64030.0,30.78,62110.0,29.86,536120.1279576923,2465.2534961538463,36.98264076923077,False,False,False,False,28.77326035963808,28.77326035963808,10637.474354958198,48.91454261138473,681117482.9479734,3038082.2415931057,0.004598322964565865,0.3621193041716816
31-1121.00,Home Health Aides,33793837.91325,372227.5827461539,16.947167307692308,3.953333333333333,76.62066666666666,1994070.0,21964.0,31,Healthcare Support Occupations,34900.0,16.78,34900.0,16.78,0.0,0.0,3.160997307692308,True,False,True,False,0.0,0.0,0.0,0.0,0.0,0.0,,
31-1122.00,Personal Care Aides,59606573.2449,656546.046403077,29.891916153846154,4.337272727272727,81.1590909090909,1994070.0,21964.0,31,Healthcare Support Occupations,34900.0,16.78,34900.0,16.78,25929169.8459,285600.95006461535,22.16354653846154,True,False,True,False,43.50052088947845,43.500520889478445,867430.8369008229,9554.454408165047,30273336207.838722,333450458.84496015,0.01101465846234084,0.8674076372641566
31-1131.00,Nursing Assistants,125412376.97866154,1115535.429,90.32675538461538,4.266666666666667,78.1590909090909,1388430.0,12350.0,31,Healthcare Support Occupations,39530.0,19.01,38500.0,18.51,28693581.67820769,255227.6555,23.073528461538462,True,False,True,False,22.879385886362556,22.879385886362556,317664.25746202364,2825.604156965776,12557268097.473795,108785760.04318237,0.008894938887808531,0.7004790889034388
31-1132.00,Orderlies,3836191.2979076924,42254.54013538462,72.35366461538462,4.123181818181818,60.05227272727273,53020.0,584.0,31,Healthcare Support Occupations,37700.0,18.12,37700.0,18.12,368326.5752692308,4057.010938461539,7.516705384615385,True,False,True,False,9.601361002776915,9.601361002776915,5090.64160367232,56.07194825621718,191917188.45844647,2113912.449259388,0.01101471142964919,0.8674118084554783
31-1133.00,Psychiatric Aides,1670925.7433076925,6224.0787,47.87752846153846,4.208235294117648,85.20882352941176,34900.0,130.0,31,Healthcare Support Occupations,41590.0,20.0,35390.0,17.02,264467.8509230769,985.1238,27.094994615384614,True,False,True,False,15.827624416124427,15.827624416124427,5523.8409212274255,20.575911740961757,229736543.91384864,728181.5165126366,0.0037249283667621777,0.29333921924482026
31-2011.00,Occupational Therapy Assistants,3643796.72685,17492.658050000002,76.055035,4.462727272727272,94.48363636363636,47910.0,230.0,31,Healthcare Support Occupations,68340.0,32.86,61280.0,29.46,107220.03708461541,514.7277923076924,38.237756153846156,False,False,False,False,2.94253618195945,2.94253618195945,1409.7690847767726,6.767833218506736,96343619.25364465,414732.81963009277,0.00480066791901482,0.37805402965145746
31-2012.00,Occupational Therapy Aides,276751.11346153845,3044.2622480769232,55.35022269230769,4.003333333333333,78.128,5000.0,55.0,31,Healthcare Support Occupations,37370.0,17.969999999999995,37370.0,17.969999999999995,23893.515384615388,262.82866923076926,35.19785923076923,False,False,False,False,8.633575159196601,8.633575159196601,431.67875795983,4.74846633755813,16131835.184958847,177450.18703454733,0.011,0.8662532789852807
31-2021.00,Physical Therapist Assistants,10524578.689342307,76003.8087,97.44078038461538,4.143809523809524,90.6252380952381,108010.0,780.0,31,Healthcare Support Occupations,65510.0,31.5,61110.0,29.380000000000003,1162019.2705692307,8391.5844,37.18977115384615,False,False,False,False,11.041005106892756,11.041005106892756,11925.389615954866,86.11983983376349,781232273.7412033,5262783.412241287,0.007221553559855569,0.5686994955084286
31-2022.00,Physical Therapist Aides,3875116.3004423077,73962.6833076923,88.05081346153847,4.0063157894736845,76.97,44010.0,840.0,31,Healthcare Support Occupations,34520.0,16.59,27860.0,13.39,453290.9649576923,8651.770292307692,29.469481538461537,False,False,False,False,11.697480277068161,11.697480277068161,5148.0610699376975,98.25883432737255,177711068.13424933,2737491.1243605996,0.0190865712338105,1.5030731741704073
31-9011.00,Massage Therapists,5095316.207261538,96558.47039999999,53.05410461538462,3.9650000000000003,92.85642857142857,96040.0,1820.0,31,Healthcare Support Occupations,57950.0,27.86,61010.0,29.33,0.0,0.0,4.871538461538461,False,False,False,False,0.0,0.0,0.0,0.0,0.0,0.0,,
31-9091.00,Dental Assistants,27627779.482642308,464350.9803038462,73.58969576923077,4.30625,85.090625,375430.0,6310.0,31,Healthcare Support Occupations,47300.0,22.74,37320.0,17.94,4105168.9362115385,68997.19251923077,24.875472692307692,False,False,False,False,14.858845021514275,14.858845021514272,55784.56186427104,937.5931208575508,2638609776.1800203,34990975.270403795,0.016807394187997763,1.3235873024137466
31-9092.00,Medical Assistants,76086946.97365385,926322.5717307692,95.89260576923077,4.4079999999999995,86.29350000000001,793460.0,9660.0,31,Healthcare Support Occupations,44200.0,21.25,43040.0,20.69,37431123.936184615,455706.219876923,56.85455653846154,False,False,False,False,49.19519763244759,49.19519763244759,390344.2151344186,4752.256091294437,17253214308.941303,204537102.16931257,0.012174526756232196,0.9587476111527431
31-9093.00,Medical Equipment Preparers,4564384.713584615,42030.48045769231,62.73206038461539,4.469333333333333,79.91333333333334,72760.0,670.0,31,Healthcare Support Occupations,46490.0,22.35,45250.0,21.76,476743.92078461533,4390.027857692307,23.517235,False,False,False,False,10.444867177074718,10.444867177074716,7599.685358039565,69.98061008640062,353309372.29525936,3166622.606409628,0.009208356239692139,0.7251607987907168
31-9094.00,Medical Transcriptionists,3632645.9365807693,20242.280584615386,84.34283576923077,4.559333333333333,82.484,43070.0,240.0,31,Healthcare Support Occupations,37550.0,18.05,38900.0,18.7,3221582.460676923,17951.70166153846,84.34283576923077,False,False,False,False,88.68418549233125,88.68418549233124,38196.27869154707,212.842045181595,1434270264.8675926,8279555.557564046,0.0055723241235198515,0.43882218577889565
31-9095.00,Pharmacy Aides,2514387.4093846157,15906.1004,61.17730923076923,4.148571428571429,72.48428571428572,41100.0,260.0,31,Healthcare Support Occupations,37000.0,17.79,38970.0,18.73,2127434.9245384615,13458.2258,54.71813769230769,False,False,False,False,84.6104668118403,84.61046681184033,34774.90185966636,219.98721371078477,1286671368.8076553,8572901.718309283,0.006326034063260341,0.4981770682065318
31-9096.00,Veterinary Assistants and Laboratory Animal Caretakers,10163161.481515385,64081.58566153846,89.00220230769231,4.205357142857143,85.04714285714286,114190.0,720.0,31,Healthcare Support Occupations,37320.0,17.94,35730.0,17.18,2915686.483357692,18384.22163076923,35.98111115384615,False,False,False,False,28.688774537929966,28.688774537929966,32759.71164486223,206.55917667309575,1222592438.5862584,7380359.382529711,0.0063052806725632715,0.49654273250276826
31-9097.00,Phlebotomists,14549494.306953847,147715.92002307693,104.76306384615386,4.449565217391305,79.09782608695652,138880.0,1410.0,31,Healthcare Support Occupations,43660.0,20.99,38730.0,18.62,1922158.384246154,19515.00087692308,43.66578538461539,False,False,False,False,13.211169705929018,13.211169705929022,18347.67248759422,186.27749285359914,801059380.8083637,7214527.298219895,0.010152649769585255,0.7995241957538529
31-9099.01,Speech-Language Pathology Assistants,4012075.190423077,26708.46002307692,38.70791307692308,4.1499999999999995,82.08909090909091,103650.0,690.0,31,Healthcare Support Occupations,46050.0,22.14,45760.0,22.0,399133.9433446154,5313.6591384615385,20.304774615384616,False,False,False,False,9.94831662919374,19.895041248617012,10311.430186159312,68.64338474143682,474841360.0726363,3141121.285768149,0.013312972316848741,1.0484005384100448
31-9099.02,Endoscopy Technicians,5436763.376480769,36192.63608076923,52.45309576923077,4.5675,93.88416666666667,103650.0,690.0,31,Healthcare Support Occupations,46050.0,22.14,45760.0,22.0,1082.463909230769,14.490815384615383,8.719569230769231,False,False,False,False,0.019910079476945175,0.04003802141484522,20.63679737785367,0.1373795483909217,950324.5192501616,6286.488134368577,0.013386880856760375,1.054220857959451
33-1011.00,First-Line Supervisors of Correctional Officers,2832667.1913923076,13794.5958,53.05613769230769,4.301304347826087,93.52695652173912,53390.0,260.0,33,Protective Service Occupations,76310.0,36.69,97430.0,46.84000000000001,531292.4734692308,2587.3018,15.452636923076923,False,False,False,False,18.755908745075374,18.755908745075374,10013.779678995743,48.76536273719597,764151527.3041651,4751209.291485003,0.004869825810076793,0.38350023418783397
33-1012.00,First-Line Supervisors of Police and Detectives,1916414.0579153844,16144.283515384615,12.514948461538461,3.864,81.76050000000001,153130.0,1290.0,33,Protective Service Occupations,105980.0,50.95,109760.0,52.77,736032.0076730768,6200.491673076923,6.8873346153846144,False,False,False,False,38.40673181419414,38.40673181419414,58812.22842707548,495.4468404031044,6232919968.70146,54380245.202644736,0.008424214719519364,0.6634094203327014
33-1021.00,First-Line Supervisors of Firefighting and Prevention Workers,2096150.135353846,17229.24428076923,22.375641923076923,4.1196,84.5008,93680.0,770.0,33,Protective Service Occupations,92430.0,44.44,102070.0,49.07,643544.3179804196,5289.5935615384615,9.942091363636363,False,True,True,False,30.701251171199363,30.701251171199356,28760.932097179564,236.39963401823508,2658372953.742307,24129310.644241255,0.008219470538001707,0.6472857550060808
33-2011.00,Firefighters,8514144.526461538,67910.19442307693,25.62648846153846,4.357777777777778,95.61148148148149,332240.0,2650.0,33,Protective Service Occupations,59530.0,28.62,49270.0,23.69,735403.4005846153,5865.696519230769,16.74934153846154,False,False,False,False,8.637431491784268,8.637431491784266,28697.002388304052,228.89193453228307,1708332552.1757402,11277505.614405587,0.007976161810739225,0.6281251202063662
33-2021.00,Fire Inspectors and Investigators,285448.38130769227,1218.996646153846,20.316610769230767,4.332333333333334,79.80466666666666,14050.0,60.0,33,Protective Service Occupations,78060.0,37.53,72550.0,34.88,98452.01921153846,420.43566923076924,10.95127423076923,False,False,False,False,34.4903056589466,34.4903056589466,4845.887945081998,20.694183395367965,378270012.99310076,1501363.0053339459,0.004270462633451958,0.33630020536471594
33-2022.00,Forest Fire Inspectors and Prevention Specialists,33710.456423076925,727.5638076923077,12.126063461538461,3.97875,93.74875,2780.0,60.0,33,Protective Service Occupations,52380.0,25.19,77480.0,37.25,20829.836446153848,449.5648153846154,10.127389615384615,False,False,False,False,61.79043138643034,61.790431386430335,1717.7739925427636,37.0742588318582,89977001.72938995,2872513.5742923734,0.021582733812949638,1.699646721357647
33-3011.00,Bailiffs,547235.5080038462,1294.4660153846155,32.36165038461538,4.234,79.898,16910.0,40.0,33,Protective Service Occupations,57050.0,27.43,57860.0,27.82,92715.23414230769,219.31456923076922,14.948867692307692,False,False,False,False,16.94247408771144,16.94247408771144,2864.972368232004,6.776989635084576,163446673.60763583,392116.6202859936,0.002365464222353637,0.18628101263056412
33-3012.00,Correctional Officers and Jailers,22759338.212653846,123333.21380769231,62.28950192307693,4.1866666666666665,81.7274074074074,365380.0,1980.0,33,Protective Service Occupations,57970.0,27.87,61340.0,29.489999999999995,4795442.176707692,25986.577015384613,34.336288461538466,False,False,False,False,21.070217999754927,21.070217999754924,76986.36252750455,417.19031639514753,4462899435.719439,25590454.00767835,0.0054190158191471886,0.4267491111099418
33-3021.00,Detectives and Criminal Investigators,2832603.6384692304,14317.700492307691,25.567322307692304,4.36,93.87133333333333,110790.0,560.0,33,Protective Service Occupations,93580.0,44.99,74530.0,35.83,543961.9974230769,8248.543692307692,21.13704269230769,False,False,False,False,19.203604416643334,57.610813249930004,21275.67333319915,107.54018473320266,1990977510.5207763,8014969.968165594,0.015163823449769836,1.1941556168470011
33-3021.02,Police Identification and Records Officers,1819288.68345,9195.790799999999,16.421055,4.389333333333334,77.70466666666667,110790.0,560.0,33,Protective Service Occupations,93580.0,44.99,74530.0,35.83,300805.4460692308,4561.360676923076,14.56767986013986,False,False,False,False,16.53423389073139,49.60270167219416,18318.277727541306,92.59170978809578,1714224429.7433155,6900860.130506779,0.015163823449769832,1.194155616847001
33-3021.06,Intelligence Analysts,3566038.764911538,18024.927415384613,32.187370384615384,3.8738095238095234,81.98761904761905,110790.0,560.0,33,Protective Service Occupations,93580.0,44.99,74530.0,35.83,842365.8429807692,12773.486923076922,32.055214615384614,False,False,False,False,23.62189248387673,70.86567745163019,26170.694682887028,132.2825979097097,2449053608.424568,9859022.022210663,0.015163823449769834,1.1941556168470011
33-3031.00,Fish and Game Wardens,83383.17729230771,922.1504030769232,12.988033846153849,3.8266666666666667,86.29166666666667,6420.0,71.0,33,Protective Service Occupations,68180.0,32.78,68180.0,32.78,3135.587261538461,34.67705538461538,4.701328076923077,False,False,False,False,3.7604554819809275,3.7604554819809275,241.42124194317554,2.6699233922064587,16460100.275685709,182035.37688063635,0.011059190031152648,0.8709145115824828
33-3041.00,Parking Enforcement Workers,264712.55281153845,1703.4269807692308,34.068539615384616,3.929090909090909,78.7159090909091,7770.0,50.0,33,Protective Service Occupations,47150.0,22.67,53020.0,25.49,106036.78954615384,682.3474230769231,23.755463846153845,False,False,False,False,40.057333292254754,40.057333292254754,3112.4547968081943,20.028666646127377,146752243.66950637,1061919.9055776736,0.0064350064350064354,0.5067586749650642
33-3051.00,Police and Sheriff's Patrol Officers,42193594.48596923,339704.64683076926,63.25971076923077,4.119666666666666,89.00733333333334,666990.0,5370.0,33,Protective Service Occupations,76290.0,36.68,77210.0,37.12,2301473.4940557694,37058.764488461544,33.982857307692306,False,False,False,False,5.454556602948549,10.909113205897098,36381.34708600653,292.90968957833707,2775532969.191438,22615557.132343404,0.016102190437637748,1.268052296859012
33-3051.04,Customs and Border Protection Officers,19976733.506180767,160834.58361923078,29.95057423076923,4.234545454545454,84.47454545454546,666990.0,5370.0,33,Protective Service Occupations,76290.0,36.68,77210.0,37.12,4663120.773634615,75086.45873076924,18.250232307692308,True,True,True,True,23.342759076161546,46.68551815232309,155693.8687620899,1253.506162389875,11877885247.859838,96783210.79812226,0.016102190437637748,1.268052296859012
33-3052.00,Transit and Railroad Police,66237.17307692308,728.6089038461539,22.079057692307693,3.9508333333333336,79.55083333333333,3000.0,33.0,33,Protective Service Occupations,82320.0,39.58,82320.0,39.58,2609.7669230769234,28.707436153846153,11.363058076923076,False,False,False,False,3.9400336727023784,3.9400336727023775,118.20101018107134,1.3002111119917847,9730307.158105792,107033.37873916372,0.010999999999999998,0.8662532789852806
33-9011.00,Animal Control Workers,310175.6550923077,4735.506184615385,26.308367692307694,4.408666666666666,90.82199999999999,11790.0,180.0,33,Protective Service Occupations,45830.0,22.030000000000005,46690.0,22.45,39175.60340769232,598.1008153846154,14.807434615384617,False,False,False,False,12.630134817006747,12.630134817006745,1489.0928949250954,22.734242670612144,68245127.37441713,1061461.790290881,0.015267175572519082,1.2022946273216941
33-9021.00,Private Detectives and Investigators,559848.2957307692,5207.891123076923,14.46636423076923,4.187142857142857,72.825,38700.0,360.0,33,Protective Service Occupations,52370.0,25.18,51130.0,24.58,340266.49026923074,3165.269676923077,13.417285384615385,False,False,False,False,60.77833814338604,60.778338143386044,23521.216861490397,218.80201731618973,1231806127.036252,11187347.145376781,0.00930232558139535,0.7325609124611255
33-9031.00,Gambling Surveillance Officers and Gambling Investigators,583744.1,6421.185100000001,58.374410000000005,4.6075,94.845,10000.0,110.0,33,Protective Service Occupations,43900.0,21.11,43900.0,21.11,423287.9,4656.1669,50.87735692307693,False,True,True,False,72.51257871385766,72.51257871385765,7251.2578713857665,79.76383658524344,318330220.55383515,3501632.426092187,0.011,0.8662532789852807
33-9032.00,Security Guards,61619366.458057694,347355.4403846154,49.622205769230774,4.406428571428571,86.41285714285713,1241770.0,7000.0,33,Protective Service Occupations,38370.0,18.45,42440.0,20.4,31062185.934838463,175101.10692307694,34.63546769230769,False,False,False,False,50.40977815956853,50.40977815956853,625973.5022520742,3528.6844711697977,24018603281.412086,149757368.9564462,0.005637114763603566,0.4439244679989023
33-9091.00,Crossing Guards and Flaggers,2564739.4211307694,48063.97895,28.440224230769232,4.285833333333334,69.36416666666666,90180.0,1690.0,33,Protective Service Occupations,37700.0,18.13,34480.0,16.58,0.0,0.0,20.25880923076923,False,True,True,False,0.0,0.0,0.0,0.0,0.0,0.0,,
33-9092.00,"Lifeguards, Ski Patrol, and Other Recreational Protective Service Workers",5726443.8668,83350.2868,39.880520000000004,4.101333333333334,80.50133333333333,143590.0,2090.0,33,Protective Service Occupations,33720.0,16.21,28400.0,13.65,994612.1429538461,14476.909107692307,14.406067307692307,False,False,False,False,17.36875740143501,17.36875740143501,24939.79875272053,363.00702968999167,840970013.9417362,10309399.643195763,0.014555331151194372,1.1462366669489752
33-9093.00,Transportation Security Screeners,6318464.810323076,65448.06018461538,136.35012538461538,4.3076923076923075,84.31461538461538,46340.0,480.0,33,Protective Service Occupations,63360.0,30.46,59950.0,28.82,1281492.5267846154,13273.983876923077,81.12742653846153,False,False,False,False,20.281707111685094,20.281707111685094,9398.543075554873,97.35219413608846,595491689.2671567,5836264.038458503,0.010358221838584376,0.8157130574664236
33-9099.02,Retail Loss Prevention Specialists,2255613.8388615386,18998.071076923075,27.140101538461536,4.3100000000000005,93.49190476190476,83110.0,700.0,33,Protective Service Occupations,41600.0,20.0,49000.0,23.56,1344698.4471230768,11325.820153846154,23.889193846153844,False,False,False,False,59.61563207121383,59.615632071213845,49546.55181438581,417.3094244984968,2061136555.4784498,20448161.800426345,0.008422572494284684,0.6632800946059403
35-1011.00,Chefs and Head Cooks,8802565.764092308,90768.01029230769,48.28085653846154,4.314285714285714,98.01714285714286,182320.0,1880.0,35,Food Preparation and Serving Related Occupations,60990.0,29.32,44490.0,21.39,1558756.8310461538,16073.183646153844,22.490718461538464,False,False,False,False,17.70798279525138,17.707982795251375,32285.194232302314,332.91007655072593,1969073996.2281182,14811169.305741796,0.01031154014918824,0.8120368605111531
35-1012.00,First-Line Supervisors of Food Preparation and Serving Workers,81716568.43091539,791387.109423077,68.81627038461538,4.163846153846154,76.39192307692308,1187460.0,11500.0,35,Food Preparation and Serving Related Occupations,42010.0,20.2,38070.0,18.31,40509908.342446156,392319.6957692308,48.502532692307696,False,False,False,False,49.57367779912826,49.573677799128255,588667.5943935285,5700.97294689975,24729925640.472134,217036040.0884735,0.009684536742290266,0.7626601553147612
35-2011.00,"Cooks, Fast Food",93300652.26983461,872647.2572115385,139.62356115384614,4.5405263157894735,95.14999999999999,668230.0,6250.0,35,Food Preparation and Serving Related Occupations,30160.0,14.5,29960.0,14.410000000000002,13686588.681592308,128011.58173076923,20.481853076923077,False,False,False,False,14.669338690161945,14.669338690161945,98024.92192926917,916.8336681351216,2956431645.3867583,27468336.697328243,0.009353067057749577,0.7365568188495258
35-2012.00,"Cooks, Institution and Cafeteria",13192633.684453845,161280.57955384615,29.43076269230769,4.3623529411764705,76.22529411764705,448260.0,5480.0,35,Food Preparation and Serving Related Occupations,36450.0,17.53,37740.0,18.15,3155965.9096153844,38581.834615384614,12.099975384615384,False,False,False,False,23.92218252322403,23.92218252322403,107233.57537860404,1310.9356022726768,3908663822.5501175,49474709.62977082,0.012225047963235623,0.9627261712641079
35-2013.00,"Cooks, Private Household",14374.382192307694,159.7153576923077,15.971535769230771,4.083846153846154,95.1,900.0,10.0,35,Food Preparation and Serving Related Occupations,44530.0,21.41,44530.0,21.41,818.0837307692308,9.08981923076923,2.194635769230769,False,False,False,False,5.691261856158382,5.691261856158382,51.22135670542544,0.5691261856158383,2280887.014092595,25343.18904547328,0.01111111111111111,0.8750033121063442
35-2014.00,"Cooks, Restaurant",105328071.355,843564.605,72.5335,4.2025,83.8955,1452130.0,11630.0,35,Food Preparation and Serving Related Occupations,36830.0,17.71,36510.0,17.55,15052450.058192309,120553.94088461538,14.592643076923077,False,False,False,False,14.291014602801571,14.29101460280157,207524.11035166244,1662.0449983058227,7643112984.251728,60681262.88814559,0.008008924820780508,0.6307052170134289
35-2015.00,"Cooks, Short Order",8924950.681823077,30853.4394,59.33353730769231,4.442727272727272,87.17727272727274,150420.0,520.0,35,Food Preparation and Serving Related Occupations,35620.0,17.12,36680.0,17.64,1653052.7971615386,5714.582200000001,20.34554961538462,False,False,False,False,18.52170231627402,18.52170231627402,27860.344624139383,96.3128520446249,992385475.5118449,3532755.4129968416,0.003456987102778886,0.27223876483563964
35-2021.00,Food Preparation Workers,60910793.288196154,642161.7888884615,68.53380884615385,4.230645161290322,80.4874193548387,888770.0,9370.0,35,Food Preparation and Serving Related Occupations,34220.0,16.45,32090.0,15.43,8007101.898315384,84416.15354615384,20.319616153846155,False,False,False,False,13.145620777634942,13.145620777634944,116834.33378538609,1231.744666864394,3998070902.135912,39526686.3596784,0.010542660080785806,0.8302376240189027
35-3011.00,Bartenders,63054530.82664616,280764.79975384613,84.56771076923077,4.277,85.589,745610.0,3320.0,35,Food Preparation and Serving Related Occupations,33530.0,16.12,34120.0,16.41,15434686.2075,68726.48999999999,27.781373076923074,False,False,False,False,24.478314254584017,24.478314254584017,182512.75891360387,812.6800332521893,6119652806.373137,27728642.7345647,0.004452729979479889,0.3506538131964105
35-3023.00,Fast Food and Counter Workers,666727470.0600346,8989789.92566923,176.33954346153845,4.348888888888889,73.97259259259259,3780930.0,50980.0,35,Food Preparation and Serving Related Occupations,30480.0,14.65,28670.0,13.79,79321477.06276155,2139055.1534461537,41.95871230769231,True,True,True,True,11.897136480010213,23.79427296002042,449822.4023136501,6065.160177509206,13710586822.520056,173888142.28918892,0.026966910257529227,2.123652221335136
35-3023.01,Baristas,422036291.7855,5690507.403,111.62235,4.092631578947368,92.35578947368421,3780930.0,50980.0,35,Food Preparation and Serving Related Occupations,30480.0,14.65,28670.0,13.79,69235612.88804424,1867070.559376923,43.78651038461538,True,False,True,False,16.405132505342277,32.810265010684546,620266.5764342378,8363.336551223492,18905725249.71557,239776858.92357752,0.026966910257529227,2.123652221335136
35-3031.00,Waiters and Waitresses,376361987.3642,2946904.113092308,163.4444876923077,4.3404,91.088,2302690.0,18030.0,35,Food Preparation and Serving Related Occupations,33760.0,16.23,29860.0,14.35,156149163.17035002,1222643.6958346155,85.95672615384616,False,False,False,False,41.48908986901665,41.489089869016645,955365.1235048595,7480.482903383702,32253126569.524055,223367219.49503735,0.007829972770976553,0.6166126897476276
35-3041.00,"Food Servers, Nonrestaurant",16030611.51933846,136252.53002307692,58.98377923076923,4.506428571428572,88.53785714285713,271780.0,2310.0,35,Food Preparation and Serving Related Occupations,34460.0,16.57,28280.0,13.6,2809448.3972307695,23878.96753846154,27.043118461538462,False,False,False,False,17.525522303635164,17.52552230363516,47630.86451681965,404.8395652139723,1641359591.2496052,11448862.904251138,0.00849952167194054,0.6693398652840862
35-9011.00,Dining Room and Cafeteria Attendants and Bartender Helpers,72624660.12266923,527283.8870230769,139.12503615384617,4.17,76.00652173913043,522010.0,3790.0,35,Food Preparation and Serving Related Occupations,32670.0,15.710000000000004,27760.0,13.34,7180138.530219231,52130.658473076925,30.300298461538464,False,False,False,False,9.88663976959254,9.886639769592541,51609.24826125002,374.70364726755724,1686074140.695038,10401773.248147389,0.007260397310396353,0.5717584524424322
35-9021.00,Dishwashers,19074172.799496155,132642.07344615384,40.43965653846154,3.9815384615384612,73.50923076923077,471670.0,3280.0,35,Food Preparation and Serving Related Occupations,33670.0,16.19,30130.0,14.48,0.0,0.0,5.063316153846155,False,False,False,False,0.0,0.0,0.0,0.0,0.0,0.0,,
35-9031.00,"Hosts and Hostesses, Restaurant, Lounge, and Coffee Shop",49017052.976596154,500326.2342923077,114.75372346153847,4.172857142857143,70.73095238095237,427150.0,4360.0,35,Food Preparation and Serving Related Occupations,30380.0,14.61,28790.0,13.84,22773491.73553846,232453.29267692307,80.84093884615385,False,False,False,False,46.4603446200896,46.4603446200896,198455.3620447127,2025.6710254359066,6029073898.918372,58319068.82229975,0.010207187170783097,0.8038190323552136
37-1011.00,First-Line Supervisors of Housekeeping and Janitorial Workers,7934771.6894307695,102217.08634615385,45.429816153846154,4.137307692307692,80.21423076923078,174660.0,2250.0,37,Building and Grounds Cleaning and Maintenance Occupations,47520.0,22.85,49770.0,23.93,1413655.9872461536,18210.95826923077,22.536673846153846,False,False,False,False,17.81596298642296,17.81596298642296,31117.360952086343,400.85916719451666,1478696992.4431431,19950760.751271095,0.012882171075231881,1.0144748122153597
37-1012.00,"First-Line Supervisors of Landscaping, Lawn Service, and Groundskeeping Workers",3616901.2767846156,59732.922076923074,29.138010769230767,3.858571428571429,91.74,124130.0,2050.0,37,Building and Grounds Cleaning and Maintenance Occupations,56170.0,27.01,54600.0,26.25,1115438.529726923,18421.404865384615,16.931695769230767,False,False,False,False,30.839617793453716,30.839617793453723,38281.2175670141,632.2121647658012,2150255990.739182,34518784.196212746,0.016514944010311772,1.300556763744627
37-2011.00,"Janitors and Cleaners, Except Maids and Housekeeping Cleaners",47943230.43242308,537642.3904576923,21.793368076923077,3.6966666666666663,68.64619047619047,2199900.0,24670.0,37,Building and Grounds Cleaning and Maintenance Occupations,35930.0,17.27,30390.0,14.61,3155914.773576923,35390.889342307695,5.990311923076923,False,False,False,False,6.582607690621196,6.582607690621196,144810.7865859757,1623.929317276249,5203051562.034107,49351211.95202521,0.01121414609754989,0.883117348002053
37-2012.00,Maids and Housekeeping Cleaners,45174509.74938461,447036.9424615385,52.84124615384615,3.9939999999999998,65.285,854910.0,8460.0,37,Building and Grounds Cleaning and Maintenance Occupations,34660.0,16.66,34660.0,16.67,1582746.5064115382,15662.508853846151,23.837778846153846,False,False,False,False,3.5036274111045533,3.5036274111045533,29952.861100273938,296.4068789794452,1038166165.7354947,10273462.425427571,0.009895778503000316,0.7792955069396433
37-2021.00,Pest Control Workers,3260015.232680769,29849.27067692308,33.91962576923077,3.896153846153846,74.06076923076922,96110.0,880.0,37,Building and Grounds Cleaning and Maintenance Occupations,44730.0,21.51,42460.0,20.41,1135851.1942615386,10400.052553846153,19.971283846153845,False,False,False,False,34.84189837136152,34.841898371361516,33486.54852471556,306.60870566798144,1497853315.510527,13018605.642662492,0.00915617521589845,0.7210515276123448
37-3011.00,Landscaping and Groundskeeping Workers,24364777.8882,322563.4926,25.82574,3.5384615384615383,70.73038461538462,943430.0,12490.0,37,Building and Grounds Cleaning and Maintenance Occupations,38090.0,18.31,38940.0,18.72,5414200.715496154,71678.20287307692,11.987492692307692,False,False,False,False,22.221424469123857,22.221424469123857,209643.5848690552,2775.45591619357,7985324147.6623125,108076253.37657762,0.013238926046447538,1.042569372543529
37-3012.00,"Pesticide Handlers, Sprayers, and Applicators, Vegetation",688662.8764615385,6558.694061538461,27.327891923076923,4.029,84.85,25200.0,240.0,37,Building and Grounds Cleaning and Maintenance Occupations,45200.0,21.73,38180.0,18.36,0.0,0.0,5.419928461538461,False,False,False,False,0.0,0.0,0.0,0.0,0.0,0.0,,
37-3013.00,Tree Trimmers and Pruners,2117396.1872846154,19462.175107692306,44.23221615384615,3.813333333333333,69.73541666666667,47870.0,440.0,37,Building and Grounds Cleaning and Maintenance Occupations,50430.0,24.25,53900.0,25.91,0.0,0.0,5.020824999999999,False,False,False,False,0.0,0.0,0.0,0.0,0.0,0.0,,
39-1013.00,First-Line Supervisors of Gambling Services Workers,3090549.143965385,34016.62003346154,121.0555873076923,4.26,83.05892857142858,25530.0,281.0,39,Personal Care and Service Occupations,61590.0,29.61,61590.0,29.61,1137857.0326487855,12524.00415880567,99.808084048583,True,True,True,True,36.817309146193914,36.81730914619392,9399.459025023307,103.4566387008049,578912681.3511854,6371894.377582574,0.01100665883274579,0.8667776640489403
39-1022.00,First-Line Supervisors of Personal Service Workers,1870216.2339538462,14848.531653846154,17.46886076923077,4.08,90.02764705882353,107060.0,850.0,39,Personal Care and Service Occupations,47080.0,22.64,43660.0,20.99,1774215.1869209877,11658.334817450144,15.34690623931624,True,False,True,False,94.86684773183144,78.51506862249464,101564.44718169874,806.3682057205672,4781654173.314377,35206035.86175996,0.006570981301136463,0.5174667362054934
39-2011.00,Animal Trainers,919591.1396423077,11889.2937,45.72805269230769,4.217333333333333,66.61999999999999,20110.0,260.0,39,Personal Care and Service Occupations,38750.0,18.63,35380.0,17.01,33834.88936923077,437.44759999999997,15.068709615384616,False,False,False,False,3.6793405145673206,3.6793405145673197,739.9153774794883,9.566285337875033,28671720.87733017,338455.1752540187,0.012928891098955743,1.0181540280103656
39-2021.00,Animal Caretakers,15583167.864615384,133184.66584615383,56.196061538461535,4.084090909090909,63.691818181818185,277300.0,2370.0,39,Personal Care and Service Occupations,33470.0,16.09,31550.0,15.17,3831320.569384615,32745.14875384615,33.850185384615386,False,True,True,False,24.586275413771126,24.586275413771126,68177.74172238733,582.6947273063757,2281909015.448304,18384018.646516155,0.00854670032455824,0.6730551982411945
39-3011.00,Gambling Dealers,11882998.472123077,130887.6910523077,143.2031630769231,4.567142857142857,80.55857142857143,82980.0,914.0,39,Personal Care and Service Occupations,33280.0,16.0,33280.0,16.0,8929517.2155,98355.97415000001,133.5629825721154,False,True,True,False,75.14531989925105,75.14531989925105,62355.58645239852,686.8282238791545,2075193917.1358228,22857643.290698264,0.01101470233791275,0.8674110924785234
39-3012.00,Gambling and Sports Book Writers and Runners,888152.7872307693,9816.425543076923,116.86220884615385,4.351111111111111,52.64555555555555,7600.0,84.0,39,Personal Care and Service Occupations,30460.0,14.65,30460.0,14.65,661175.4753846154,7307.728938461539,111.09467610256411,False,True,True,False,74.44388903469395,74.44388903469397,5657.73556663674,62.532866789142915,172334625.3597551,1904751.122397293,0.01105263157894737,0.8703980315163109
39-3021.00,Motion Picture Projectionists,38922.90675,419.16976500000004,19.960465,4.003529411764706,71.64647058823529,1950.0,21.0,39,Personal Care and Service Occupations,38180.0,18.35,38180.0,18.35,23235.159,250.22478923076923,17.411633076923078,False,False,False,False,59.69533351976596,59.69533351976596,1164.0590036354363,12.53602003915085,44443772.75880095,478625.2450947795,0.010769230769230769,0.8480801332723028
39-3031.00,"Ushers, Lobby Attendants, and Ticket Takers",10102084.0998,119486.10503076923,84.74191846153846,3.8317391304347823,64.79304347826087,119210.0,1410.0,39,Personal Care and Service Occupations,31150.0,14.98,25570.0,12.289999999999996,5240200.21385,61980.39008076923,74.86710961538462,False,False,False,False,51.87246673143163,51.87246673143163,61837.16759053964,731.4017809131859,1926227770.4453099,18701943.537950166,0.01182786678969885,0.9314480354525215
39-3091.00,Amusement and Recreation Attendants,16974595.929876924,272258.64996923076,45.68098153846154,3.5011764705882356,59.572941176470586,371590.0,5960.0,39,Personal Care and Service Occupations,30490.0,14.66,27170.0,13.06,9614579.828996154,154210.00506153845,37.51507307692307,False,False,False,False,56.640993804592235,56.640993804592235,210472.2688784843,3375.803230753697,6417299478.104986,91720573.77957794,0.016039182970478214,1.26309044003833
39-3092.00,Costume Attendants,138036.82485769232,2633.4529384615385,21.945441153846154,3.552380952380952,72.67333333333333,6290.0,120.0,39,Personal Care and Service Occupations,54810.0,26.35,39940.0,19.2,52102.4214923077,994.0048615384617,15.084448846153848,False,False,False,False,37.74530567913466,37.74530567913466,2374.17972721757,45.29436681496159,130128790.84879501,1809057.010589566,0.019077901430842606,1.5023904246023079
39-3093.00,"Locker Room, Coatroom, and Dressing Room Attendants",982317.0760615385,9849.435923076922,65.66290615384615,3.9460869565217394,60.09478260869565,14960.0,150.0,39,Personal Care and Service Occupations,34800.0,16.73,22880.0,11.0,259684.01156923082,2603.7835384615387,40.305999615384614,False,False,False,False,26.435864538810332,26.43586453881034,3954.805335006026,39.653796808215496,137627225.6582097,907278.8709719706,0.010026737967914437,0.7896086038392811
39-4011.00,Embalmers,77291.56986923076,858.7952207692308,22.59987423076923,4.3769230769230765,90.8673076923077,3420.0,38.0,39,Personal Care and Service Occupations,56280.0,27.06,56280.0,27.06,5652.845653846154,62.80939615384615,4.846448846153846,False,False,False,False,7.313663913684476,7.313663913684475,250.12730584800906,2.779192287200101,14077164.77312595,156412.9419236217,0.01111111111111111,0.8750033121063442
39-4021.00,Funeral Attendants,649961.3284307692,4040.9899346153843,21.268368076923075,4.211666666666667,70.24208333333333,30560.0,190.0,39,Personal Care and Service Occupations,34610.0,16.64,38360.0,18.44,174359.1867076923,1084.0394461538463,12.925967307692307,False,False,False,False,26.826086273264217,26.826086273264217,8198.051965109544,50.96956391920201,283734578.51244134,1955192.4719405891,0.006217277486910995,0.4896124553998196
39-4031.00,"Morticians, Undertakers, and Funeral Arrangers",332977.4141153846,4146.022276923077,12.956319615384615,4.278181818181818,93.95136363636362,25700.0,320.0,39,Personal Care and Service Occupations,49800.0,23.94,61190.0,29.42,81508.76580769231,1014.8951384615385,6.206291196581197,False,True,True,False,24.47876713327096,24.478767133270964,6291.043153250636,78.33205482646707,313293949.0318817,4793138.434831521,0.012451361867704281,0.9805484587028294
39-5011.00,Barbers,1280029.8488846153,20508.765534615384,70.71988115384616,3.928333333333333,80.11388888888888,18100.0,290.0,39,Personal Care and Service Occupations,38960.0,18.73,25290.0,12.16,213436.87773076925,3419.7068807692312,18.86536653846154,False,False,False,False,16.674367235791618,16.674367235791618,3018.060469678283,48.355664983795684,117583635.8986659,1222914.7674401929,0.016022099447513812,1.2617451075124633
39-5012.00,"Hairdressers, Hairstylists, and Cosmetologists",25339382.568076923,310460.1803846154,85.76248076923076,4.137272727272727,78.01863636363636,295460.0,3620.0,39,Personal Care and Service Occupations,35250.0,16.95,34960.0,16.81,7248111.877007692,88804.45743846154,28.418174999999998,False,False,False,False,28.604137679893643,28.604137679893643,84513.78518901375,1035.4697840121498,2979110927.912735,36200023.64906476,0.012252081500033846,0.9648550703453833
39-5091.00,"Makeup Artists, Theatrical and Performance",63831.61096923077,711.3763873076923,19.226388846153846,4.103809523809524,91.28428571428572,3320.0,37.0,39,Personal Care and Service Occupations,50280.0,24.17,50280.0,24.17,1472.0803384615385,16.405714615384618,2.3097757692307694,False,False,False,False,2.306193304710947,2.306193304710947,76.56561771640344,0.8532915227430504,3849719.258780765,42903.49776352057,0.011144578313253013,0.8776388642512429
39-5092.00,Manicurists and Pedicurists,18185338.716284614,110721.18011538462,123.02353346153846,4.147777777777778,91.40277777777777,147820.0,900.0,39,Personal Care and Service Occupations,34660.0,16.66,38390.0,18.46,2574303.0384,15673.608,17.41512,False,False,False,False,14.155925707860268,14.155925707860268,20925.28938135905,127.40333137074242,725270529.9579047,4891013.891322802,0.006088485996482209,0.47947008713715256
39-5093.00,Shampooers,118744.19501538461,1308.9911261538462,13.357052307692307,4.5600000000000005,79.1125,8890.0,98.0,39,Personal Care and Service Occupations,31470.0,15.13,31470.0,15.13,18528.052469230766,204.24624769230766,2.0841453846153843,False,False,False,False,15.603333255011123,15.603333255011123,1387.1363263704886,15.291266589910899,43653180.19087928,481216.159584496,0.011023622047244094,0.8681135222472391
39-5094.00,Skincare Specialists,4845245.917661538,55874.846146153846,68.98129153846153,4.049444444444444,88.45555555555556,70240.0,810.0,39,Personal Care and Service Occupations,41560.0,19.98,44960.0,21.62,335355.23378461535,3867.279888461538,10.716919615384615,False,False,False,False,6.9213253461955935,6.9213253461955935,4861.538923167785,56.06273530418431,202045557.64685312,2520580.5792761263,0.011531890660592256,0.9081398270579798
39-6011.00,Baggage Porters and Bellhops,1684373.2507538463,10790.34753846154,53.951737692307695,4.128823529411765,74.9535294117647,31220.0,200.0,39,Personal Care and Service Occupations,36020.0,17.32,32530.0,15.64,486232.4077692308,3114.8776923076925,27.748584230769232,False,False,False,False,28.8672601248931,28.8672601248931,9012.358610991627,57.7345202497862,324625157.1679184,1878103.9437255452,0.0064061499039077515,0.5044862145392119
39-6012.00,Concierges,1647653.192,13047.027538461538,37.27722153846154,3.886875,87.3775,44200.0,350.0,39,Personal Care and Service Occupations,37320.0,17.94,35350.0,16.99,1385365.649,10970.089980769231,34.75213846153846,False,False,False,False,84.08114375807308,84.0811437580731,37163.8655410683,294.2840031532558,1386955461.9926689,10402939.511467593,0.007918552036199096,0.6235883332884581
39-7011.00,Tour Guides and Escorts,1563492.203975,17226.806573076923,63.802987307692305,3.9489473684210528,58.7321052631579,24505.0,270.0,39,Personal Care and Service Occupations,36660.0,17.63,36660.0,17.63,806554.83675,8886.749884615385,40.07434192307692,False,False,False,False,51.58675142091701,51.58675142091701,12641.333435695713,139.28422883647593,463431283.75260484,5106159.829145208,0.011018159559273618,0.8676833496912535
39-7012.00,Travel Guides,820294.3849749999,9038.13441923077,33.47457192307692,4.219411764705883,64.4835294117647,24505.0,270.0,39,Personal Care and Service Occupations,36660.0,17.63,36660.0,17.63,485568.6485,5350.0728461538465,26.48473423076923,False,False,False,False,59.19443767919961,59.194437679199595,14505.596953287864,159.82498173383894,531775184.3075331,5859183.830362535,0.011018159559273618,0.8676833496912535
39-9011.00,Childcare Workers,35321845.761876926,265501.2052153846,67.90312153846153,4.14375,78.65083333333332,520180.0,3910.0,39,Personal Care and Service Occupations,32050.0,15.410000000000002,30860.0,14.839999999999998,1406230.61174,21141.87250576923,40.560723461538466,False,False,False,False,3.98119232279122,7.963004344412729,20709.366224695368,155.6646198211367,663735187.5014865,4803810.167680279,0.015034427731315938,1.1839656654472426
39-9011.01,Nannies,26951677.198423076,202585.75463461538,51.81221346153846,4.379473684210526,97.89473684210526,520180.0,3910.0,39,Personal Care and Service Occupations,32050.0,15.410000000000002,30860.0,14.839999999999998,1510869.1678707693,22711.367307692308,41.38664269230769,False,False,False,False,5.605844700303732,11.210742506873022,29160.48296203995,219.18852778187593,934593478.9333804,6764157.967348691,0.015031988070614268,1.1837735414397486
39-9031.00,Exercise Trainers and Group Fitness Instructors,16647981.83613846,308702.1202076923,54.831637692307694,3.6614285714285715,75.5104761904762,303620.0,5630.0,39,Personal Care and Service Occupations,46180.0,22.2,48730.0,23.43,2383014.3531692307,44188.033753846146,35.81036384615385,False,True,True,False,14.314133548586192,14.314133548586186,43460.57228021739,805.8857187854026,2007009227.900439,39270811.07641267,0.01854291548646334,1.46026012200871
39-9032.00,Recreation Workers,6889752.598538462,132392.54605769232,22.250848076923077,3.9479166666666665,76.7625,309640.0,5950.0,39,Personal Care and Service Occupations,35380.0,17.01,31060.0,14.93,3776258.684153846,72564.07173076922,16.58694576923077,False,False,False,False,54.80978642041387,54.80978642041387,169713.0226721695,3261.182292014625,6004446742.141356,101292321.98997426,0.01921586358351634,1.5132549852504433
39-9041.00,Residential Advisors,2862143.33405,38364.67939615385,34.56277423076923,3.826,74.77066666666666,82810.0,1110.0,39,Personal Care and Service Occupations,39180.0,18.84,39520.0,19.0,1079350.7634,14467.810015384615,19.648890769230768,False,False,False,False,37.71127569186737,37.71127569186737,31228.70740043537,418.5951601797278,1223540755.9490578,16542880.730302844,0.013404178239343074,1.0555830319940078
41-1011.00,First-Line Supervisors of Retail Sales Workers,56869491.416738465,480741.2359692308,51.08833538461539,4.189047619047619,81.6252380952381,1113160.0,9410.0,41,Sales and Related Occupations,47320.0,22.75,46900.0,22.55,35123783.65961539,296915.81105769234,36.74664846153846,False,False,False,False,61.76208505581494,61.76208505581494,687510.8260073096,5811.812203752186,32533012286.66589,272573992.35597754,0.008453411908440834,0.6657087076636448
41-1012.00,First-Line Supervisors of Non-Retail Sales Workers,4413389.112338462,41310.660153846155,20.15154153846154,3.869444444444445,65.87777777777778,219010.0,2050.0,41,Sales and Related Occupations,84130.0,40.45,77110.0,37.07,2721889.552673077,25477.711442307693,17.140439010989013,False,False,False,False,61.67345510196509,61.67345510196509,135071.03401881375,1264.3058295902842,11363526092.0028,97490622.51970682,0.00936030318250308,0.7371266658308775
41-2011.00,Cashiers,335380479.4909423,2962783.4342884617,106.53662115384616,4.351071428571428,65.97714285714285,3148030.0,27810.0,41,Sales and Related Occupations,31190.0,14.99,30290.0,14.56,242943652.92314616,2146187.611869231,99.58575307692308,False,False,False,False,72.43822099959381,72.43822099959381,2280376.928533513,20145.069259987038,71124956400.96027,610194147.8850074,0.008834096244317875,0.6956877125919921
41-2012.00,Gambling Change Persons and Booth Cashiers,1475125.7347846155,16278.177283076922,67.26519538461538,4.5976923076923075,72.30153846153846,21930.0,242.0,41,Sales and Related Occupations,34810.0,16.74,34810.0,16.74,882192.0912184615,9735.088284307692,60.22051369230769,False,True,True,False,59.80453532981521,59.80453532981521,13115.134597828473,144.7269754981528,456537835.35040915,5037946.017090699,0.011035111719106247,0.869018337331335
41-2021.00,Counter and Rental Clerks,34984445.664684616,295764.3417038462,87.76389961538462,4.175625,80.68,398620.0,3370.0,41,Sales and Related Occupations,38540.0,18.53,37300.0,17.94,26966333.609553847,227977.88436153845,73.35700307692308,False,False,False,False,77.08092295649912,77.08092295649912,307259.9750891968,2597.6271036340204,11841799439.937645,96891490.96554896,0.008454166875721238,0.6657681615620245
41-2022.00,Parts Salespersons,23277127.263423078,281896.8479423077,87.81833269230769,4.196315789473684,91.28684210526316,265060.0,3210.0,41,Sales and Related Occupations,37440.0,18.0,37220.0,17.89,19252033.45272308,233151.0879923077,78.84878807692309,False,False,False,False,82.70794430451518,82.70794430451518,219225.67717354794,2654.9250121749374,8207809353.377635,98816308.95315117,0.012110465554968686,0.9537027724572658
41-2031.00,Retail Salespersons,409196967.23596156,4261829.080507692,107.67632846153846,4.190833333333333,71.34708333333333,3800250.0,39580.0,41,Sales and Related Occupations,34580.0,16.62,34300.0,16.49,269841926.8981731,2810431.8049153844,75.75216692307693,False,False,False,False,65.94426364420487,65.94426364420487,2506046.879138896,26100.73955037629,86659101080.62302,895255366.5779067,0.010415104269455955,0.8201925658536199
41-3011.00,Advertising Sales Agents,3465029.6338846153,29861.75123076923,35.54970384615385,4.1615,91.8895,97470.0,840.0,41,Sales and Related Occupations,61460.0,29.55,70790.0,34.04,2959928.434973077,25508.77075384615,35.54970384615385,False,False,False,False,85.42288949069466,85.42288949069466,83261.69038658009,717.5522717218352,5117263491.159212,50795525.31518871,0.008618036318867343,0.6786729290575523
41-3021.00,Insurance Sales Agents,10178141.677676924,102544.53892692308,21.679606538461538,3.9499999999999997,74.94684210526316,469480.0,4730.0,41,Sales and Related Occupations,60370.0,29.02,52440.0,25.21,6907532.912246154,69593.23224615384,20.996303076923077,False,False,False,False,67.8663466376776,67.8663466376776,318618.92419456877,3210.0781959621504,19235024453.626118,168336500.59625515,0.01007497656982193,0.7934074081189204
41-3031.00,"Securities, Commodities, and Financial Services Sales Agents",45601353.559346154,306068.7926807692,96.55166961538461,4.191923076923077,81.99923076923076,472300.0,3170.0,41,Sales and Related Occupations,78140.0,37.57,63480.0,30.52,49343151.18966864,331183.1235893491,111.4057726331361,False,False,False,False,108.20545299264607,108.20545299264607,511054.35448426736,3430.1128598668806,39933787259.40065,217743564.3443496,0.006711835697649798,0.5285590619181453
41-3041.00,Travel Agents,1348756.20425,10489.05923846154,22.80230269230769,4.445,96.6725,59150.0,460.0,41,Sales and Related Occupations,48450.0,23.29,41040.0,19.73,1085603.04125,8442.559576923077,22.80230269230769,False,False,False,False,80.48919721957232,80.48919721957229,47609.36015537703,370.2503072100327,2306673499.528017,15195072.607899742,0.007776838546069315,0.6124283536974243
41-4011.00,"Sales Representatives, Wholesale and Manufacturing, Technical and Scientific Products",15070293.268099999,183039.9992076923,51.27170846153846,3.758787878787879,71.42272727272727,293930.0,3570.0,41,Sales and Related Occupations,100070.0,48.11,84340.0,40.55,4664662.318259727,159392.44499925556,47.759247543424316,False,False,False,False,30.952697703193593,87.08066307320934,90979.26435899694,1105.0113080040112,9104294984.404823,93196653.7170583,0.03417020013974367,2.6909134467851143
41-4011.07,Solar Sales Representatives and Assessors,7614757.57455,92486.93410384616,25.90670423076923,4.323846153846154,91.00923076923078,293930.0,3570.0,41,Sales and Related Occupations,100070.0,48.11,84340.0,40.55,873802.0799230769,73420.10509615386,25.906704230769233,False,False,False,False,11.47511357214435,79.38429985549776,33728.80132260389,409.6615545255533,3375241148.352971,34550855.508685164,0.08402372434569762,6.61689333881963
41-4012.00,"Sales Representatives, Wholesale and Manufacturing, Except Technical and Scientific Products",63420590.30246154,697353.1589230769,50.061246153846156,4.122222222222223,73.40388888888889,1266860.0,13930.0,41,Sales and Related Occupations,66780.0,32.11,61080.0,29.37,60545502.694115385,665739.5864807692,50.061246153846156,False,False,False,False,95.4666337941125,95.4666337941125,1209428.5968840935,13298.50208751987,80765641699.91977,812272507.5057137,0.010995690131506244,0.8659138755566707
41-9011.00,Demonstrators and Product Promoters,4006248.654023077,37730.61106923077,61.85346076923077,4.055238095238095,71.55904761904762,64770.0,610.0,41,Sales and Related Occupations,37960.0,18.25,37300.0,17.93,2728013.62575,25692.26975,49.721325769230766,False,False,False,False,68.09396673395516,68.09396673395514,44104.46225358276,415.37319707712646,1674205387.1460016,15493420.250976818,0.00941794040450826,0.7416656142448401
41-9012.00,Models,84659.7663076923,632.9702153846154,15.824255384615384,3.6149999999999998,48.544,5350.0,40.0,41,Sales and Related Occupations,89990.0,43.26,89990.0,43.26,5299.376653846154,39.621507692307695,4.284176153846154,False,False,False,False,6.259616444706209,6.259616444706209,334.8894797917822,2.503846577882484,30136704.286462482,225321.15354364473,0.007476635514018692,0.5887872754360447
41-9021.00,Real Estate Brokers,920140.2375230769,7421.982153846154,18.554955384615386,3.927058823529412,81.55588235294118,49590.0,400.0,41,Sales and Related Occupations,72280.0,34.75,81230.0,39.05,515747.4057,4160.092000000001,13.88573923076923,False,False,False,False,56.050956655078906,56.05095665507892,27795.669405253626,224.20382662031562,2009070984.611732,18212076.836368237,0.008066142367412786,0.6352111158666747
41-9022.00,Real Estate Sales Agents,7431746.105153846,199245.6589576923,38.99132269230769,3.8621212121212123,82.49636363636364,190600.0,5110.0,41,Sales and Related Occupations,56320.0,27.08,55380.0,26.63,5477073.756076924,146840.74970384614,37.88484730769231,False,False,False,False,73.69834327734401,73.69834327734398,140469.04228661768,3765.985341472279,7911216461.582308,208560268.2107348,0.026810073452256028,2.1113012761684558
41-9031.00,Sales Engineers,1047134.2031307692,7757.9178923076925,18.471233076923077,3.8244,75.5672,56690.0,420.0,41,Sales and Related Occupations,121520.0,58.42,110400.0,53.08,870531.6618038461,6449.520161538461,18.261494615384613,False,False,False,False,83.13467931818971,83.1346793181897,47129.049705481746,349.16565313639677,5727122120.210142,38547888.106258206,0.007408714058916917,0.5834384406001025
41-9041.00,Telemarketers,5437613.98075,71213.67098076922,81.85479423076923,4.3275,76.20833333333333,66430.0,870.0,41,Sales and Related Occupations,34410.0,16.54,32090.0,15.43,5220126.120999999,68365.34284615384,81.85479423076923,False,False,False,False,96.00030711043591,96.00030711043593,63773.00401346258,835.2026718607925,2194429068.1032476,26801653.740012832,0.013096492548547344,1.0313526921259486
41-9091.00,"Door-to-Door Sales Workers, News and Street Vendors, and Related Workers",76230.61584230768,8968.307746153845,16.607977307692305,3.9958333333333336,87.84750000000001,4590.0,540.0,41,Sales and Related Occupations,34530.0,16.6,33230.0,15.98,70239.77961923077,8263.503484615385,16.281231153846154,False,True,True,False,92.14116774883507,92.14116774883509,4229.2795996715295,497.5623058437094,146037024.57665792,16533995.423186462,0.11764705882352941,9.264740951714233
43-1011.00,First-Line Supervisors of Office and Administrative Support Workers,38738608.64703077,486181.7383923077,25.902063846153847,3.7764285714285717,75.82392857142858,1495580.0,18770.0,43,Office and Administrative Support Occupations,66140.0,31.8,63970.0,30.76,20316012.215746153,254972.35138846154,16.183123846153848,False,False,False,False,52.44383555655484,52.44383555655485,784339.5158167228,9843.707933965343,51876215576.11804,629701996.535763,0.012550314927987805,0.9883410416970322
43-2011.00,"Switchboard Operators, Including Answering Service",3402863.648203846,10476.210503846154,95.2382773076923,4.269473684210527,70.56368421052632,35730.0,110.0,43,Office and Administrative Support Occupations,38370.0,18.45,41290.0,19.85,2858367.5544115384,8799.900111538462,94.55295615384615,False,False,False,False,83.99888593597595,83.99888593597595,30012.801944924206,92.39877452957354,1151591210.626742,3815145.400326092,0.0030786453960257487,0.24244424264911302
43-2021.00,Telephone Operators,262013.29296153848,2918.6290861538464,66.33247923076924,4.097857142857143,60.71357142857143,3950.0,44.0,43,Office and Administrative Support Occupations,39130.0,18.81,39130.0,18.81,224715.3997307693,2503.1588830769233,66.33247923076924,False,False,False,False,85.76488512884565,85.76488512884562,3387.712962589403,37.73654945669209,132561208.22612335,1476631.1802403615,0.01113924050632911,0.877218510364841
43-3011.00,Bill and Account Collectors,9111713.600892307,174481.97175384616,55.21581384615385,4.1546666666666665,86.72866666666667,165020.0,3160.0,43,Office and Administrative Support Occupations,46040.0,22.14,44640.0,21.46,7349232.596569231,140731.88101538463,45.23401307692308,False,False,False,False,80.65697538879539,80.65697538879539,133100.14078659014,2548.7604222859345,6127930481.8146105,113776665.25084412,0.019149194037086415,1.5080047385955904
43-3021.00,Billing and Posting Clerks,22336201.9875,232189.5009,53.499885,4.180434782608696,65.63956521739131,417500.0,4340.0,43,Office and Administrative Support Occupations,47170.0,22.68,44780.0,21.53,24381694.57424089,253452.8250352227,62.00418218623482,False,False,False,False,109.15774574337036,109.15774574337038,455733.58847857127,4737.446165262273,21496953368.534206,212142839.2804446,0.010395209580838324,0.8186258531945823
43-3031.00,"Bookkeeping, Accounting, and Auditing Clerks",88562468.39933461,850480.0265307692,60.83548115384615,4.2942857142857145,64.5425,1455770.0,13980.0,43,Office and Administrative Support Occupations,49210.0,23.66,48210.0,23.18,80109808.65187308,769307.7374538463,58.55404153846153,False,False,False,False,90.45570894732985,90.45570894732985,1316827.0741425438,12645.708110836715,64801060318.55458,609649588.023438,0.009603165335183444,0.7562521327491311
43-3041.00,Gambling Cage Workers,1318084.4585307692,14558.531083846154,97.70826230769231,4.635882352941176,80.79823529411765,13490.0,149.0,43,Office and Administrative Support Occupations,36990.0,17.78,36990.0,17.78,825829.4310887574,9121.466659171598,86.18162704142011,False,True,True,False,62.65375680169127,62.65375680169127,8451.991792548151,93.35409763452,312639176.4063561,3453168.071500895,0.011045218680504077,0.869814263554194
43-3051.00,Payroll and Timekeeping Clerks,2923872.9813076924,28502.87136923077,18.629327692307694,4.3376190476190475,75.65190476190476,156950.0,1530.0,43,Office and Administrative Support Occupations,55290.0,26.58,54790.0,26.34,2438822.990423077,23774.445207692308,16.52492,False,False,False,False,83.41070238052275,83.41070238052276,130913.09738623045,1276.183746421998,7238185154.484682,69922107.46646127,0.009748327492832113,0.7676836959352891
43-3061.00,Procurement Clerks,2010692.7201153846,20140.494692307693,33.567491153846156,4.123684210526316,83.48526315789474,59900.0,600.0,43,Office and Administrative Support Occupations,48510.0,23.32,49000.0,23.56,1362381.7499615385,13646.56176923077,27.844805,False,False,False,False,67.75683506146865,67.75683506146865,40586.34420181972,406.5410103688119,1968843557.2302744,19920509.508071784,0.01001669449081803,0.7888176770240832
43-3071.00,Tellers,37789590.99916923,474402.2445230769,111.36202923076924,4.275714285714286,76.36857142857143,339340.0,4260.0,43,Office and Administrative Support Occupations,39340.0,18.91,38000.0,18.27,33220159.155384615,417038.59846153844,105.31896615384616,False,False,False,False,87.90822625234269,87.90822625234269,298307.7749646997,3744.8904383497984,11735427867.111286,142305836.65729234,0.01255378086874521,0.9886139855648386
43-4011.00,Brokerage Clerks,1266729.9131115384,10111.089353846155,31.59715423076923,3.9850000000000003,62.011,40090.0,320.0,43,Office and Administrative Support Occupations,62940.0,30.26,59140.0,28.43,1266729.9131115384,10111.089353846153,31.59715423076923,False,False,False,False,100.0,99.99999999999997,40090.0,320.0,2523264600.0,18924800.0,0.007982040409079572,0.6285880615780174
43-4021.00,Correspondence Clerks,172550.59425384615,2480.7593423076924,27.563992692307693,3.725882352941176,65.38882352941175,6260.0,90.0,43,Office and Administrative Support Occupations,46740.0,22.47,45900.0,22.07,129769.3305,1865.69325,24.22993846153846,False,False,False,False,75.20653931164739,75.20653931164739,4707.929360909126,67.68588538048265,220048618.32889256,3106782.1389641534,0.014376996805111822,1.1321927840353656
43-4031.00,"Court, Municipal, and License Clerks",13927584.067615384,108956.45438461538,81.92214615384616,4.368888888888889,81.09629629629629,170010.0,1330.0,43,Office and Administrative Support Occupations,47700.0,22.93,47330.0,22.760000000000005,15132973.341773078,118386.29812692308,89.01225423076923,False,False,False,False,108.65469034906408,108.65469034906405,184723.83906244385,1445.1073816425521,8811327123.278572,68396932.37314199,0.007823069231221693,0.6160690339340592
43-4041.00,"Credit Authorizers, Checkers, and Clerks",273809.2592,4120.875138461538,22.893750769230767,3.9545454545454546,61.89545454545455,11960.0,180.0,43,Office and Administrative Support Occupations,49130.0,23.62,49800.0,23.94,373376.26254545455,5619.375188811188,31.21875104895105,False,False,False,False,136.36363636363637,136.36363636363637,16309.09090909091,245.45454545454547,801265636.3636364,12223636.363636365,0.015050167224080266,1.185205155194212
43-4051.00,Customer Service Representatives,142807148.95564616,2554982.943276923,52.388413846153846,4.053846153846154,67.59538461538462,2725930.0,48770.0,43,Office and Administrative Support Occupations,42830.0,20.59,40150.0,19.3,133106695.34659615,2381430.752826923,49.372125,False,False,False,False,93.20730532050406,93.20730532050406,2540765.8979232167,45457.20280480983,108821003408.05138,1825106692.6131146,0.01789114173878273,1.4089327450919051
43-4061.00,"Eligibility Interviewers, Government Programs",6132944.1059,82029.01050384615,39.248330384615386,4.205294117647059,69.24352941176471,156260.0,2090.0,43,Office and Administrative Support Occupations,51500.0,24.76,49000.0,23.56,4944879.3126,66138.47282307693,34.75226730769231,False,False,False,False,80.6281490131785,80.6281490131785,125989.54564799274,1685.1283143754306,6488461600.871626,82571287.4043961,0.01337514399078459,1.0532965762652204
43-4071.00,File Clerks,3278874.6576384613,24078.846561538463,41.51525269230769,3.9157894736842107,80.73947368421052,78980.0,580.0,43,Office and Administrative Support Occupations,41270.0,19.84,38670.0,18.59,2651186.1502076923,19469.333592307692,38.11964384615385,False,False,False,False,80.8565873059982,80.85658730599819,63860.532654277384,468.9682063747896,2635524182.642028,18135000.540513113,0.007343631299063054,0.5783131538611188
43-4081.00,"Hotel, Motel, and Resort Desk Clerks",24055810.4496,325737.55495384615,92.01625846153847,4.441,89.80449999999999,261430.0,3540.0,43,Office and Administrative Support Occupations,34270.0,16.48,34270.0,16.48,14161958.81755,191765.80428461538,82.46385884615385,False,False,False,False,58.871260426752684,58.871260426752684,153907.13613365954,2084.042619107045,5274397555.300512,71420140.55679843,0.013540909612515778,1.0663506683895547
43-4111.00,"Interviewers, Except Eligibility and Loan",9244608.877726924,42312.11233846154,58.76682269230769,4.06125,76.28812500000001,157310.0,720.0,43,Office and Administrative Support Occupations,43830.0,21.07,41030.0,19.73,8355901.703223077,38244.544061538465,57.40889307692308,False,False,False,False,90.38675203831485,90.38675203831487,142187.3996314731,650.7846146758669,6232073725.8474655,26701692.74015082,0.004576949971394064,0.3604361745883359
43-4121.00,"Library Assistants, Clerical",5747966.704696153,59583.01941923077,71.78677038461538,3.8578125,77.878125,80070.0,830.0,43,Office and Administrative Support Occupations,36010.0,17.31,33450.0,16.08,3624584.461834615,37572.18812692308,63.17367846153846,False,False,False,False,63.05855005863707,63.05855005863707,50490.9810319507,523.3859654866876,1818180226.9605448,17507260.5455297,0.010365929811415013,0.8163200626245025
43-4131.00,Loan Interviewers and Clerks,5640092.733115384,86018.74532307693,32.582858076923074,4.349444444444444,79.50555555555555,173100.0,2640.0,43,Office and Administrative Support Occupations,48950.0,23.53,47120.0,22.66,5093979.0105,77689.8012,30.37234576923077,False,False,False,False,90.31729178123405,90.31729178123405,156339.23207331612,2384.376503024579,7652805409.988824,112351820.82251817,0.015251299826689775,1.201044407605242
43-4141.00,New Accounts Clerks,1391566.0566076923,5488.690730769231,36.59127153846154,4.082666666666666,77.24933333333334,38030.0,150.0,43,Office and Administrative Support Occupations,46610.0,22.41,38480.0,18.5,1254539.0080807693,4948.221173076923,33.79868846153846,False,False,False,False,90.1530331329752,90.1530331329752,34285.19850047047,135.22954969946278,1598033102.1069286,5203633.072435328,0.003944254535892716,0.31061122044269385
43-4151.00,Order Clerks,4634810.226884616,46670.34992307692,55.55994038461539,4.126315789473685,68.35157894736842,83420.0,840.0,43,Office and Administrative Support Occupations,44660.0,21.47,41960.0,20.17,3666850.0107846158,36923.447723076926,46.74460461538462,False,False,False,False,79.1154293549008,79.11542935490081,65998.09116785825,664.5696065811667,2947474751.5565495,27885340.692145754,0.01006952769120115,0.79297830730328
43-4161.00,"Human Resources Assistants, Except Payroll and Timekeeping",2650453.128946154,16318.408765384616,28.62878730769231,3.7263157894736842,68.50631578947369,92580.0,570.0,43,Office and Administrative Support Occupations,49440.0,23.77,47120.0,22.65,2569783.8308076924,15821.741019230769,27.757440384615386,False,False,False,False,96.95639597405231,96.95639597405231,89762.23139277764,552.6514570520982,4437844720.058927,26040936.656294867,0.006156837329876863,0.48485277501680124
43-4171.00,Receptionists and Information Clerks,74812123.07148461,937740.2133,77.56329307692307,3.9883333333333337,69.14777777777778,964530.0,12090.0,43,Office and Administrative Support Occupations,37230.0,17.9,36090.0,17.35,63268900.325723074,793050.5064,74.57219923076923,False,False,False,False,84.57038475604851,84.57038475604851,815706.7320875147,10224.559517006266,30368761635.61817,369004352.96875614,0.012534602345183665,0.9871036711174491
43-4181.00,Reservation and Transportation Ticket Agents and Travel Clerks,16674512.812615385,461872.4908076923,130.84206538461538,4.259047619047619,71.39571428571428,127440.0,3530.0,43,Office and Administrative Support Occupations,41460.0,19.94,37540.0,18.05,14338877.8284,397177.01455,127.97751500000001,False,False,False,False,85.99278425425227,85.99278425425227,109589.20425361909,3035.545284175105,4543568408.355047,113954369.96793343,0.027699309478970497,2.1813288783442055
43-5011.00,Cargo and Freight Agents,3079296.4947692305,20780.52849230769,31.48564923076923,3.171666666666667,62.88625,97800.0,660.0,43,Office and Administrative Support Occupations,49900.0,23.99,55220.0,26.55,477855.55421153846,6457.1913323076915,27.485135384615383,False,False,False,False,15.518335276361558,31.073277730631077,15176.931900281603,102.42101282398627,757328901.824052,5655688.328140522,0.01351285189718482,1.0641411149435294
43-5011.01,Freight Forwarders,12434049.117461538,83910.76091538461,127.13751653846154,4.2945161290322575,77.40709677419355,97800.0,660.0,43,Office and Administrative Support Occupations,49900.0,23.99,55220.0,26.55,2892792.8059326923,39010.79675076923,110.93625384615385,False,False,False,False,23.265090708627245,46.49081515314539,22753.258713037445,153.5495986769398,1135387609.7805686,8479008.838940617,0.013485513608428446,1.061988216554706
43-5021.00,Couriers and Messengers,3492582.4700307692,50504.5296,48.562047692307694,4.294666666666667,79.57400000000001,71920.0,1040.0,43,Office and Administrative Support Occupations,38340.0,18.43,41600.0,20.0,1323800.5973846153,19142.834,34.30886076923077,False,False,False,False,37.903202250595754,37.903202250595754,27259.983058628466,394.19330340619587,1045147750.4678154,16398441.421697749,0.014460511679644048,1.1387696052996916
43-5031.00,Public Safety Telecommunicators,11248012.799999999,93418.33846153846,111.21230769230769,4.562777777777778,88.74,101140.0,840.0,43,Office and Administrative Support Occupations,50730.0,24.39,51760.0,24.88,8229627.3615999995,68349.68344615384,109.79448384615384,False,True,True,False,73.16516710934042,73.16516710934042,73999.2500143869,614.5874037184594,3753981953.2298474,31811044.01646746,0.008305319359303934,0.6540463752742695
43-5032.00,"Dispatchers, Except Police, Fire, and Ambulance",13565174.905384615,135651.74905384614,64.28992846153847,4.355833333333334,79.05916666666667,211000.0,2110.0,43,Office and Administrative Support Occupations,48880.0,23.5,49660.0,23.87,13030631.319615385,130306.31319615385,64.28992846153847,False,False,False,False,96.05944199394698,96.05944199394698,202685.42260722813,2026.8542260722813,9907263457.041311,100653580.8667495,0.01,0.7875029808957098
43-5041.00,"Meter Readers, Utilities",451446.1938,4831.9929,23.00949,4.058333333333334,83.40583333333333,19620.0,210.0,43,Office and Administrative Support Occupations,49180.0,23.64,53650.0,25.790000000000003,215256.61924615386,2303.969930769231,21.455852307692307,False,False,False,False,47.68156697351999,47.68156697351999,9355.123440204623,100.13129064439198,460084970.78926337,5372043.74307163,0.010703363914373088,0.842893098818038
43-5051.00,Postal Service Clerks,6591046.388653846,54038.81230769231,84.43564423076923,4.278421052631579,63.823684210526324,78060.0,640.0,43,Office and Administrative Support Occupations,61630.0,29.630000000000003,59550.0,28.630000000000003,3951549.8073,32398.051199999998,69.77965307692308,False,False,False,False,59.95329989032384,59.95329989032384,46799.545894386785,383.70111929807257,2884256013.4710574,22849401.654200222,0.008198821419420958,0.6456596307625599
43-5052.00,Postal Service Mail Carriers,11173709.337461539,80800.24309615385,33.25112884615385,4.247142857142857,87.46285714285715,336040.0,2430.0,43,Office and Administrative Support Occupations,57490.0,27.640000000000004,58390.0,28.07,5538581.036400001,40051.041300000004,29.47215153846154,False,False,False,False,49.5679712898122,49.5679712898122,166568.21072228492,1204.5017023424364,9576006434.42416,70330854.39977486,0.007231281990239257,0.5694656123010876
43-5053.00,"Postal Service Mail Sorters, Processors, and Processing Machine Operators",6161782.61895,48444.28396923077,55.050322692307695,4.217142857142857,48.58571428571429,111930.0,880.0,43,Office and Administrative Support Occupations,56530.0,27.18,55410.0,26.640000000000004,3476739.91245,27334.326123076924,43.88603576923077,False,False,False,False,56.424254594078086,56.424254594078086,63155.668167151605,496.5334404278872,3570189921.4890804,27512917.93410923,0.007862056642544447,0.6191393041974669
43-5061.00,"Production, Planning, and Expediting Clerks",8126480.936538462,105327.63603461538,21.107742692307692,3.7570588235294116,65.12235294117647,385000.0,4990.0,43,Office and Administrative Support Occupations,57770.0,27.78,53110.0,25.53,6044740.180769231,78346.1129923077,18.43705153846154,False,False,False,False,74.38324445690554,74.38324445690554,286375.49115908635,3711.7238983995867,16543912124.260418,197129656.24400204,0.012961038961038961,1.0206856817323615
43-5071.00,"Shipping, Receiving, and Inventory Clerks",21930113.678,388673.12,25.5706,3.919090909090909,74.1509090909091,857630.0,15200.0,43,Office and Administrative Support Occupations,43190.0,20.77,38110.0,18.32,12156994.971292308,215461.59015384616,20.193144615384615,False,True,True,False,55.435166227560615,55.435166227560615,475428.6161174281,8426.145266589214,20533761930.11172,321120396.1097149,0.017723260613551298,1.3957120564363175
43-5111.00,"Weighers, Measurers, Checkers, and Samplers, Recordkeeping",3261974.5708,15745.6536,65.60688999999999,4.027222222222222,62.29555555555555,49720.0,240.0,43,Office and Administrative Support Occupations,45650.0,21.95,46530.0,22.37,1797223.160446154,8675.252584615384,44.461964615384616,False,False,False,False,55.09617323612013,55.096173236120116,27393.81733299893,132.23081576668832,1250527761.2514012,6152699.857624007,0.004827031375703942,0.3801301597243973
43-6011.00,Executive Secretaries and Executive Administrative Assistants,19341519.47235,284740.9428,40.911055,3.8595454545454544,74.64999999999999,472770.0,6960.0,43,Office and Administrative Support Occupations,74260.0,35.7,55900.0,26.88,15680342.95186154,230842.0308923077,35.58472807692308,False,False,False,False,81.07089504667739,81.07089504667738,383278.87051217665,5642.534295248746,28462288924.234238,315417667.1044049,0.014721746303699473,1.1593419098153732
43-6012.00,Legal Secretaries and Administrative Assistants,6852306.631361539,47000.42079230769,44.34001961538462,3.9692857142857143,74.58714285714287,154540.0,1060.0,43,Office and Administrative Support Occupations,54140.0,26.03,46050.0,22.140000000000004,6519806.688746154,44719.78186923077,44.34001961538462,False,True,True,False,95.14762020290213,95.14762020290213,147041.13226156496,1008.5647741507626,7960806900.641127,46444407.84964262,0.006859065614080497,0.5401534617247653
43-6013.00,Medical Secretaries and Administrative Assistants,70196644.32447693,435159.03301923076,84.49689961538462,4.354,75.61466666666666,830760.0,5150.0,43,Office and Administrative Support Occupations,44640.0,21.46,40470.0,19.46,63124858.2972,391320.0205,82.81424076923076,False,True,True,False,89.92574916460634,89.92574916460634,747067.1537598836,4631.176081977227,33349077743.841206,187423696.03761837,0.006199142953440223,0.488184355483281
43-6014.00,"Secretaries and Administrative Assistants, Except Legal, Medical, and Executive",106276655.47245385,911823.3954576923,61.155157307692306,3.7761290322580647,72.94709677419355,1737820.0,14910.0,43,Office and Administrative Support Occupations,46290.0,22.26,45150.0,21.71,99933453.3950846,857400.5306192307,57.50506576923077,False,False,False,False,94.03142482309921,94.03142482309921,1634096.9068607828,14020.085441124093,75642345818.58563,633006857.6667528,0.008579714815113187,0.675655099213672
43-9021.00,Data Entry Keyers,6299847.295846154,113162.54382692308,46.56894807692308,4.275555555555555,75.48333333333333,135280.0,2430.0,43,Office and Administrative Support Occupations,39850.0,19.16,41600.0,20.0,5892332.061169231,105842.45201538462,46.56894807692308,False,False,False,False,93.53134741939506,93.53134741939506,126529.20678895764,2272.8117422913,5042188890.539962,94548968.47931808,0.01796274393849793,1.4145714396633462
43-9022.00,Word Processors and Typists,1939683.0043153847,2153.408830769231,53.83522076923077,3.91421052631579,84.50421052631579,36030.0,40.0,43,Office and Administrative Support Occupations,47850.0,23.01,39520.0,19.0,1939683.0043153847,2153.408830769231,53.83522076923077,False,False,False,False,100.0,100.0,36030.0,40.0,1724035500.0,1580800.0,0.0011101859561476548,0.08742747498148319
43-9031.00,Desktop Publishers,272076.3538461538,2992.839892307692,68.01908846153846,4.098888888888889,74.3138888888889,4000.0,44.0,43,Office and Administrative Support Occupations,53620.0,25.78,53620.0,25.78,238019.96923076923,2618.2196615384614,64.94928884615385,False,False,False,False,87.48278410308238,87.48278410308238,3499.311364123295,38.492425005356246,187633075.34429106,2063963.828787202,0.011,0.8662532789852807
43-9041.00,Insurance Claims and Policy Processing Clerks,19259989.83368077,163954.16325,84.07905807692308,4.281428571428571,74.64666666666666,229070.0,1950.0,43,Office and Administrative Support Occupations,48450.0,23.29,43480.0,20.91,22762144.464106593,193766.89092857143,100.09411675824175,False,False,False,False,118.18357465745622,118.18357465745623,270723.114467835,2304.579705820396,13116534895.966606,100203125.60907082,0.00851268171301349,0.670376222441452
43-9051.00,"Mail Clerks and Mail Machine Operators, Except Postal Service",5204385.595419231,65542.23848846155,82.96485884615385,3.981923076923077,55.45730769230769,62730.0,790.0,43,Office and Administrative Support Occupations,38150.0,18.34,41170.0,19.79,2033368.8713307693,25607.546761538462,62.22324346153846,False,False,False,False,39.07029627321406,39.07029627321406,24508.79685218718,308.65534055839106,935010599.910941,12707340.37078896,0.012593655348318189,0.9917541127173772
43-9061.00,"Office Clerks, General",125023837.32138462,1840087.147846154,49.79938153846154,3.7920000000000003,71.62,2510550.0,36950.0,43,Office and Administrative Support Occupations,43630.0,20.97,41530.0,19.97,110214190.74063462,1622120.391096154,46.39572961538462,False,False,False,False,88.15454164738159,88.1545416473816,2213163.8453283384,32573.103138707498,96560338571.6754,1352760973.3505223,0.014717890502081218,1.1590382642885615
43-9071.00,"Office Machine Operators, Except Computer",1608114.1303461539,11050.097096153846,65.00057115384615,3.993333333333333,81.65277777777777,24740.0,170.0,43,Office and Administrative Support Occupations,39020.0,18.76,38270.0,18.4,1056823.975223077,7261.927073076924,48.2178826923077,False,False,False,False,65.7182195765913,65.71821957659131,16258.687523248687,111.7209732802052,634413987.1571637,4275561.647433453,0.006871463217461601,0.5411297766866237
43-9081.00,Proofreaders and Copy Markers,232392.726,2567.12895,45.03735,4.180909090909091,80.63909090909091,5160.0,57.0,43,Office and Administrative Support Occupations,49210.0,23.66,49210.0,23.66,222346.1782153846,2456.149643076923,43.83343153846154,False,False,False,False,95.6769095326093,95.6769095326093,4936.9285318826405,54.53583843358731,242946253.05394474,2683708.6093168315,0.011046511627906977,0.8699160835475864
43-9111.00,Statistical Assistants,112455.41826923077,953.0120192307693,19.060240384615383,4.1850000000000005,74.61142857142856,5900.0,50.0,43,Office and Administrative Support Occupations,51440.0,24.73,51430.0,24.73,93871.13307692308,795.5180769230769,19.060240384615383,False,False,False,False,83.47408646169913,83.47408646169912,4924.971101240249,41.737043230849565,253340513.4477984,2146536.133362593,0.00847457627118644,0.6673754075387371
45-1011.00,"First-Line Supervisors of Farming, Fishing, and Forestry Workers",988615.6641423077,4352.18545,33.478349615384616,3.924074074074074,88.49851851851852,29530.0,130.0,45,"Farming, Fishing, and Forestry Occupations",59330.0,28.53,57190.0,27.5,327139.4966264103,1440.1671033333332,23.222880461538463,False,False,False,False,33.09066490568166,33.090664905681656,9771.673346647794,43.01786437738616,579753379.6566136,2460191.6637427146,0.004402302742973247,0.3466826532896792
45-2011.00,Agricultural Inspectors,670705.7886,6102.368630769231,55.476078461538464,4.264375,48.215625,12090.0,110.0,45,"Farming, Fishing, and Forestry Occupations",50990.0,24.51,51330.0,24.68,116332.97924999999,1058.4472884615384,50.247975000000004,False,False,False,False,17.34485988153286,17.34485988153286,2096.9935596773225,19.079345869686144,106925701.60794668,979342.8234909897,0.009098428453267164,0.7165039528414234
45-2021.00,Animal Breeders,29110.52701923077,319.7109903846154,16.82689423076923,3.9780952380952384,60.857619047619046,1730.0,19.0,45,"Farming, Fishing, and Forestry Occupations",52000.0,25.0,52000.0,25.0,7631.012034615384,83.8088026923077,8.40672,False,False,False,False,26.213926081016137,26.213926081016137,453.50092120157916,4.980645955393066,23582047.902482115,258993.58968043944,0.010982658959537572,0.8648876668796813
45-2041.00,"Graders and Sorters, Agricultural Products",856949.0463653846,3508.1650576923075,31.892409615384615,4.434,79.6,26870.0,110.0,45,"Farming, Fishing, and Forestry Occupations",35430.0,17.03,42660.0,20.51,287130.1226653846,1175.4489576923077,10.685899615384615,False,False,False,False,33.50609045931052,33.50609045931052,9003.086506416737,36.85669950524157,318979354.922345,1572306.8008936055,0.004093784890212133,0.3223867804187871
45-2091.00,Agricultural Equipment Operators,1243667.4411,2411.7662076923075,40.19610346153846,4.152352941176471,64.75470588235294,30940.0,60.0,45,"Farming, Fishing, and Forestry Occupations",42580.0,20.47,42060.0,20.22,86589.7907,167.91814615384615,13.074253461538461,False,False,False,False,6.962455383041386,6.962455383041386,2154.1836955130047,4.177473229824831,91725141.75494374,175704.5240464324,0.0019392372333548805,0.15271551019309176
45-2092.00,"Farmworkers and Laborers, Crop, Nursery, and Greenhouse",9849089.54535,29356.4517,37.63647653846154,3.6076923076923078,60.689230769230775,261690.0,780.0,45,"Farming, Fishing, and Forestry Occupations",35690.0,17.16,33200.0,15.96,1652649.74985,4925.9307,9.670256923076924,False,False,False,False,16.779721031476022,16.77972103147602,43910.8519672696,130.88182404551296,1567178306.711852,4345276.55831103,0.0029806259314456036,0.23472518059484646
45-2093.00,"Farmworkers, Farm, Ranch, and Aquacultural Animals",458327.0076,2329.1603999999998,12.939779999999999,4.072631578947369,69.9042105263158,35420.0,180.0,45,"Farming, Fishing, and Forestry Occupations",36150.0,17.38,42120.0,20.25,45332.913661538456,230.3761846153846,1.7539865384615383,False,False,False,False,9.890954037145082,9.890954037145086,3503.3759199567885,17.80371726686115,126647039.5064379,749892.5712801917,0.005081874647092039,0.4001991433123314
45-4011.00,Forest and Conservation Workers,62362.700146153846,686.7650815384616,11.076856153846153,3.3182352941176467,54.188235294117646,5630.0,62.0,45,"Farming, Fishing, and Forestry Occupations",43680.0,21.0,43680.0,21.0,9316.6929,102.59946000000001,4.113018846153846,False,False,False,False,14.93952775964688,14.93952775964688,841.0954128681193,9.262507210981067,36739047.63407945,404586.314975653,0.011012433392539966,0.8672324123540678
45-4021.00,Fallers,399324.0179769231,4372.160780769231,97.15912846153847,4.198333333333334,82.89055555555555,4110.0,45.0,45,"Farming, Fishing, and Forestry Occupations",53900.0,25.92,53900.0,25.92,9247.098484615386,101.24560384615387,23.024639999999998,False,False,False,False,2.3156880298519322,2.3156880298519327,95.17477802691441,1.0420596134333695,5129920.535650686,56167.01316405862,0.010948905109489052,0.8622295411266896
45-4022.00,Logging Equipment Operators,1034312.3838153846,11390.296233846153,45.928613846153844,3.968888888888889,78.44666666666666,22520.0,248.0,45,"Farming, Fishing, and Forestry Occupations",49210.0,23.66,49210.0,23.66,19400.226446153847,213.64370153846156,11.856291923076922,False,False,False,False,1.8756641368432665,1.8756641368432667,422.39956361710364,4.6516470593713,20786282.52559767,228907.55179166168,0.011012433392539964,0.8672324123540677
45-4023.00,Log Graders and Scalers,195706.00843846155,2128.524563076923,59.12568230769231,4.275833333333334,64.65083333333334,3310.0,36.0,45,"Farming, Fishing, and Forestry Occupations",46710.0,22.46,46710.0,22.46,77429.70587307692,842.1357738461538,46.03159153846154,False,False,False,False,39.56429671775978,39.56429671775978,1309.5782213578489,14.24314681839352,61170398.71962512,665297.3878871613,0.010876132930513595,0.8564987103397448
47-1011.00,First-Line Supervisors of Construction Trades and Extraction Workers,21333744.593107693,350675.01471153845,26.466038846153847,4.024666666666667,95.12466666666666,806080.0,13250.0,47,Construction and Extraction Occupations,78690.0,37.83,76080.0,36.58,3186842.1589200003,104769.15548615385,13.78924076923077,False,False,False,False,14.938034647464447,29.876424350430508,120412.5096862814,1979.2895907890393,9475260387.213484,150584352.0672301,0.03287553956599451,2.588958540677553
47-1011.03,Solar Energy Installation Managers,11264566.200123077,185162.14538461537,13.974501538461539,3.8666666666666667,85.71933333333332,806080.0,13250.0,47,Construction and Extraction Occupations,78690.0,37.83,76080.0,36.58,482947.2974288462,15876.369040384616,4.9784788461538465,False,False,False,False,4.2873137664508505,8.57430605343577,34559.178808607016,568.0690740547377,2719461780.449286,43218695.154084444,0.03287391631531745,2.58883070920286
47-2011.00,Boilermakers,215728.63335000002,2375.77256,21.212255,3.8823529411764706,82.10764705882353,10170.0,112.0,47,Construction and Extraction Occupations,73340.0,35.26,73340.0,35.26,22562.125442307693,248.47178461538465,8.936214903846153,False,False,False,False,10.458567827527423,10.458567827527423,1063.636348059539,11.713595966830715,78007089.76668659,859075.1282073646,0.011012782694198624,0.8672599199638104
47-2021.00,Brickmasons and Blockmasons,2446317.0056307693,82732.3202576923,45.70846423076923,3.9378571428571427,89.02785714285713,53520.0,1810.0,47,Construction and Extraction Occupations,60800.0,29.23,56340.0,27.09,288425.0642769231,9754.28561923077,12.801593846153846,False,False,False,False,11.79017533758076,11.790175337580761,6310.101840673223,213.40217361021175,383654191.9129319,12023078.46119933,0.033819133034379674,2.6632668075882564
47-2022.00,Stonemasons,320578.1822115385,12090.377157692308,36.63750653846154,3.9741176470588235,80.62941176470588,8750.0,330.0,47,Construction and Extraction Occupations,51990.0,25.0,50630.0,24.34,0.0,0.0,0.2572238461538461,False,False,False,False,0.0,0.0,0.0,0.0,0.0,0.0,,
47-2031.00,Carpenters,36436207.4186077,733173.3197999999,52.220321923076924,3.8075862068965516,70.00586206896551,697740.0,14040.0,47,Construction and Extraction Occupations,59310.0,28.51,51720.0,24.86,7147071.582692307,143814.15,20.131238461538462,False,False,False,False,19.61530051846821,19.615300518468214,136863.7978375601,2753.9881927929364,8117391849.745689,142436269.33125067,0.02012210852179895,1.584622044282364
47-2041.00,Carpet Installers,457156.4365846154,10681.225153846153,30.517786153846156,4.1606250000000005,94.120625,14980.0,350.0,47,Construction and Extraction Occupations,49850.0,23.97,43270.0,20.81,125107.15236923078,2923.064307692308,10.562204615384616,False,False,False,False,27.366376661761084,27.366376661761084,4099.48322393181,95.7823183161638,204359238.71300074,4144500.9135404075,0.02336448598130841,1.8399602357376397
47-2042.00,"Floor Layers, Except Carpet, Wood, and Hard Tiles",492227.1082884615,5150.0623,19.80793192307692,3.919285714285714,88.86642857142859,24850.0,260.0,47,Construction and Extraction Occupations,54340.0,26.13,43930.0,21.12,31585.33444230769,330.47029999999995,3.0838807692307686,False,False,False,False,6.416821404276993,6.416821404276993,1594.5801189628328,16.683735651120184,86649483.66444033,732916.5071537097,0.010462776659959759,0.8239467808164368
47-2043.00,Floor Sanders and Finishers,54870.24316153847,609.6693684615385,13.253681923076925,4.3757142857142854,98.85142857142857,4140.0,46.0,47,Construction and Extraction Occupations,49150.0,23.63,49150.0,23.63,0.0,0.0,3.454294615384616,False,False,False,False,0.0,0.0,0.0,0.0,0.0,0.0,,
47-2044.00,Tile and Stone Setters,2043779.9709,102874.83075,52.756323461538464,4.0856,82.2688,38740.0,1950.0,47,Construction and Extraction Occupations,52240.0,25.11,48790.0,23.46,48780.588500000005,2455.3987500000003,7.459883461538462,False,True,True,False,2.3867827845733784,2.3867827845733784,924.6396507437269,46.54226429918088,48303175.35485229,2270797.075157035,0.05033557046979866,3.9639411790052512
47-2051.00,Cement Masons and Concrete Finishers,7562715.1595653845,210044.7128076923,36.84994961538462,3.506153846153846,76.86999999999999,205230.0,5700.0,47,Construction and Extraction Occupations,54660.0,26.28,55540.0,26.7,0.0,0.0,4.467445769230769,False,False,False,False,0.0,0.0,0.0,0.0,0.0,0.0,,
47-2053.00,Terrazzo Workers and Finishers,46764.425153846154,516.021243076923,32.25132769230769,3.7911538461538465,79.07538461538462,1450.0,16.0,47,Construction and Extraction Occupations,57260.0,27.53,57260.0,27.53,0.0,0.0,6.097018461538461,False,False,False,False,0.0,0.0,0.0,0.0,0.0,0.0,,
47-2061.00,Construction Laborers,49743555.551053844,1045514.8534499999,47.03170730769231,3.6237037037037036,55.64888888888889,1057660.0,22230.0,47,Construction and Extraction Occupations,46730.0,22.47,46100.0,22.16,537471.0822000001,11296.6191,11.263110384615384,False,False,False,False,1.0804838460901163,1.080483846090116,11427.845446556723,240.19155898583284,534023217.71759564,11072830.869246894,0.02101809655276743,1.6551813688058192
47-2071.00,"Paving, Surfacing, and Tamping Equipment Operators",2486537.126,29394.2655,54.433825,3.6915,74.20750000000001,45680.0,540.0,47,Construction and Extraction Occupations,51650.0,24.83,47890.0,23.02,0.0,0.0,8.951925,False,False,False,False,0.0,0.0,0.0,0.0,0.0,0.0,,
47-2072.00,Pile Driver Operators,63741.94363076922,691.9355723076923,20.967744615384614,4.516,97.92999999999999,3040.0,33.0,47,Construction and Extraction Occupations,70510.0,33.9,70510.0,33.9,0.0,0.0,6.989310384615385,False,True,True,False,0.0,0.0,0.0,0.0,0.0,0.0,,
47-2073.00,Operating Engineers and Other Construction Equipment Operators,26309389.178419232,354327.65701538464,56.06450269230769,4.098076923076923,75.92769230769231,469270.0,6320.0,47,Construction and Extraction Occupations,58710.0,28.23,59760.0,28.73,1143362.4573884616,15398.492830769232,10.866396538461538,False,False,False,False,4.345834293736952,4.345834293736952,20393.696590219395,274.65672736417537,1197313926.8117807,16413486.027283119,0.013467726468770645,1.0605874740044934
47-2081.00,Drywall and Ceiling Tile Installers,3987861.870269231,88031.20895769232,48.10448576923077,3.566153846153846,81.29307692307692,82900.0,1830.0,47,Construction and Extraction Occupations,58140.0,27.95,50860.0,24.45,567862.6405384617,12535.447915384619,14.65739576923077,False,False,False,False,14.239777078841595,14.239777078841595,11804.775198359683,260.58792054280116,686329630.032632,13253501.638806866,0.022074788902291916,1.7383962063198417
47-2082.00,Tapers,538785.7211538461,17241.143076923076,43.102857692307694,4.016875,94.646875,12500.0,400.0,47,Construction and Extraction Occupations,64700.0,31.11,54580.0,26.24,0.0,0.0,0.0,False,False,False,False,0.0,0.0,0.0,0.0,0.0,0.0,,
47-2111.00,Electricians,37731727.338130765,577220.531876923,50.81166653846154,4.097619047619047,92.97857142857143,742580.0,11360.0,47,Construction and Extraction Occupations,62350.0,29.98,61430.0,29.53,8460745.455915382,129432.61113846152,25.608549230769228,False,False,False,False,22.423424668833434,22.423424668833434,166511.86690582332,2547.301042379478,10382014901.578085,156480703.03337133,0.015298015028683781,1.2047232436875845
47-2121.00,Glaziers,1609170.135,20890.9807,28.231055,3.8777777777777778,81.92629629629629,57000.0,740.0,47,Construction and Extraction Occupations,55440.0,26.65,50640.0,24.35,103253.85576923078,1340.4886538461537,9.127597307692309,False,False,False,False,6.416590360672508,6.416590360672507,3657.4565055833295,47.48276866897656,202769388.66953978,2404527.4053969732,0.012982456140350875,1.0223722909874127
47-2131.00,"Insulation Workers, Floor, Ceiling, and Wall",982334.4943499999,8904.871096153845,25.442488846153847,3.754,84.46900000000001,38610.0,350.0,47,Construction and Extraction Occupations,48680.0,23.41,48330.0,23.23,216358.69365,1961.293519230769,7.427906153846154,False,False,False,False,22.02495126603105,22.024951266031046,8503.833683814588,77.08732943110867,413966623.72809416,3725630.631405482,0.009065009065009065,0.713872166054127
47-2132.00,"Insulation Workers, Mechanical",925927.0146923077,12639.409326923078,36.11259807692308,4.32,95.58777777777777,25640.0,350.0,47,Construction and Extraction Occupations,57250.0,27.52,45800.0,22.02,225288.424,3075.31,10.554392692307692,False,False,False,False,24.331121181820684,24.331121181820684,6238.499471018823,85.15892413637239,357154094.71582764,3900278.7254458554,0.013650546021840874,1.0749845683053763
47-2141.00,"Painters, Construction and Maintenance",5070780.792084616,75774.44755769231,22.619238076923075,3.7915789473684205,83.41947368421053,224180.0,3350.0,47,Construction and Extraction Occupations,48660.0,23.4,45900.0,22.07,0.0,0.0,3.449241153846154,False,False,False,False,0.0,0.0,0.0,0.0,0.0,0.0,,
47-2142.00,Paperhangers,80791.51236923077,903.5892830769232,53.15231076923077,4.074,77.949,1520.0,17.0,47,Construction and Extraction Occupations,48260.0,23.2,48260.0,23.2,0.0,0.0,12.819873846153847,False,False,False,False,0.0,0.0,0.0,0.0,0.0,0.0,,
47-2151.00,Pipelayers,1206918.9409153846,25518.536273076923,35.941600384615384,4.226428571428571,95.25071428571428,33580.0,710.0,47,Construction and Extraction Occupations,48710.0,23.42,51180.0,24.61,111633.13243846153,2360.3193576923077,3.3243934615384614,False,False,False,False,9.249430815444297,9.249430815444297,3105.9588678261953,65.67095878965452,151291256.45181397,3361039.670854518,0.021143537820131033,1.6650599060034368
47-2152.00,"Plumbers, Pipefitters, and Steamfitters",21044260.370907694,312474.5420692308,46.155766923076925,3.7613333333333334,83.83933333333333,455940.0,6770.0,47,Construction and Extraction Occupations,62970.0,30.27,61680.0,29.65,2062905.7031653847,61261.88362692308,12.579623461538462,False,False,False,False,9.802699960969957,19.605399921939913,44694.43020204642,663.6427873576661,2814408269.8228626,40933487.12422084,0.02969688994165899,2.3386389352388277
47-2152.04,Solar Thermal Installers and Technicians,8654437.034584615,128504.93206153846,18.981526153846154,4.198095238095238,84.58809523809524,455940.0,6770.0,47,Construction and Extraction Occupations,62970.0,30.27,61680.0,29.65,495775.7408423077,14722.997611538462,6.116284230769231,True,False,True,False,5.728572972003873,11.457145944007745,26118.85560855446,387.8243902046622,1644704337.6706743,23921008.387823567,0.02969688994165899,2.3386389352388277
47-2161.00,Plasterers and Stucco Masons,317491.2335076923,18246.622615384615,15.205518846153847,3.948,80.27066666666666,20880.0,1200.0,47,Construction and Extraction Occupations,56020.0,26.93,53170.0,25.56,0.0,0.0,0.5322107692307692,False,False,False,False,0.0,0.0,0.0,0.0,0.0,0.0,,
47-2171.00,Reinforcing Iron and Rebar Workers,371916.15353846154,7364.676307692307,26.302415384615387,4.022857142857143,97.61571428571428,14140.0,280.0,47,Construction and Extraction Occupations,59280.0,28.5,49990.0,24.04,0.0,0.0,5.76105,False,False,False,False,0.0,0.0,0.0,0.0,0.0,0.0,,
47-2181.00,Roofers,3311164.411823077,71192.2142076923,24.215038846153845,3.8714814814814815,81.03407407407407,136740.0,2940.0,47,Construction and Extraction Occupations,50970.0,24.510000000000005,49800.0,23.94,0.0,0.0,0.9777457692307692,False,False,False,False,0.0,0.0,0.0,0.0,0.0,0.0,,
47-2211.00,Sheet Metal Workers,3517478.9841730767,55994.60032692308,29.943636538461536,3.82,80.26263157894736,117470.0,1870.0,47,Construction and Extraction Occupations,60850.0,29.26,60490.0,29.08,293213.4784423077,4667.653057692309,11.441487692307692,False,False,False,False,8.335898516000348,8.33589851600035,9792.179986745608,155.8813022492065,595854152.1934702,9429259.9730545,0.01591895803183792,1.2536226902826064
47-2221.00,Structural Iron and Steel Workers,3669836.630092308,68043.94246153846,56.703285384615384,3.9457894736842105,81.87052631578948,64720.0,1200.0,47,Construction and Extraction Occupations,62700.0,30.14,47840.0,23.0,0.0,0.0,17.370911923076925,False,False,False,False,0.0,0.0,0.0,0.0,0.0,0.0,,
47-2231.00,Solar Photovoltaic Installers,1161272.5495538462,22174.228315384615,41.06338576923077,4.242692307692308,93.41269230769231,28280.0,540.0,47,Construction and Extraction Occupations,51860.0,24.93,47960.0,23.06,187829.6798,3586.5639,18.143375384615386,False,False,False,False,16.17446997022043,16.174469970220432,4574.140107578337,87.34213783919031,237214905.97901255,4188928.9307675674,0.019094766619519095,1.5037185632379184
47-3011.00,"Helpers--Brickmasons, Blockmasons, Stonemasons, and Tile and Marble Setters",857437.0213153847,20806.262330769234,54.753321923076925,3.9833333333333334,88.44533333333334,15660.0,380.0,47,Construction and Extraction Occupations,46480.0,22.35,48090.0,23.12,0.0,0.0,13.64264653846154,False,False,False,False,0.0,0.0,0.0,0.0,0.0,0.0,,
47-3012.00,Helpers--Carpenters,839415.277376923,21147.39829230769,34.10870692307692,3.6566666666666663,86.01666666666667,24610.0,620.0,47,Construction and Extraction Occupations,41600.0,20.0,43090.0,20.72,0.0,0.0,2.5416280769230766,False,False,False,False,0.0,0.0,0.0,0.0,0.0,0.0,,
47-3013.00,Helpers--Electricians,3448048.1341846157,16587.44446923077,53.507885384615385,3.6608,81.1696,64440.0,310.0,47,Construction and Extraction Occupations,39890.0,19.18,42120.0,20.25,0.0,0.0,22.899644615384616,False,False,False,False,0.0,0.0,0.0,0.0,0.0,0.0,,
47-3014.00,"Helpers--Painters, Paperhangers, Plasterers, and Stucco Masons",143089.16734615384,2972.7666346153846,19.81844423076923,3.53,66.43454545454546,7220.0,150.0,47,Construction and Extraction Occupations,38140.0,18.34,40620.0,19.53,5333.736123076924,110.81169230769231,2.0091615384615387,False,False,False,False,3.7275610879570134,3.7275610879570134,269.12991055049633,5.59134163193552,10264614.78839593,227120.2970892208,0.02077562326869806,1.6360865254065993
47-3015.00,"Helpers--Pipelayers, Plumbers, Pipefitters, and Steamfitters",1232517.5040307692,6778.281415384616,28.24283923076923,3.7386666666666666,80.97733333333333,43640.0,240.0,47,Construction and Extraction Occupations,39270.0,18.88,44810.0,21.55,0.0,0.0,4.630531153846154,False,False,False,False,0.0,0.0,0.0,0.0,0.0,0.0,,
47-3016.00,Helpers--Roofers,197015.98378846154,2172.129801923077,38.10754038461538,3.9838888888888895,88.50944444444445,5170.0,57.0,47,Construction and Extraction Occupations,40590.0,19.51,40590.0,19.51,0.0,0.0,6.315148461538462,False,False,False,False,0.0,0.0,0.0,0.0,0.0,0.0,,
47-4011.00,Construction and Building Inspectors,3201034.0983653846,29395.109423076923,23.329451923076924,3.5678947368421055,71.14894736842105,137210.0,1260.0,47,Construction and Extraction Occupations,72120.0,34.67,71040.0,34.15,828351.8894865385,15213.517684615384,16.683723846153846,False,False,False,False,25.87763404049767,51.75526808099534,35506.70166696685,326.05818891027064,2560743324.221649,23163173.740185626,0.018366008308432328,1.4463286290045831
47-4011.01,Energy Auditors,2540406.314392308,23328.56173846154,18.51473153846154,3.965238095238095,91.86571428571429,137210.0,1260.0,47,Construction and Extraction Occupations,72120.0,34.67,71040.0,34.15,845907.4076423077,15535.942476923077,16.22557653846154,True,False,True,False,33.29811466968652,66.59622933937304,45688.34313827687,419.55624483805013,3295043307.132528,29805275.63329508,0.01836600830843233,1.4463286290045834
47-4021.00,Elevator and Escalator Installers and Repairers,684034.0786384615,6740.695719230769,29.30737269230769,4.3185,82.471,23340.0,230.0,47,Construction and Extraction Occupations,106580.0,51.24,78680.0,37.83,148864.84502307692,1466.9629115384614,13.075545769230768,False,True,True,False,21.76278195369821,21.76278195369821,5079.433307993162,50.05439849350588,541366001.9659113,3938280.0734690423,0.009854327335047128,0.776031215107169
47-4031.00,Fence Erectors,862436.2827076924,9485.27537076923,38.09347538461539,4.0375,92.57000000000001,22640.0,249.0,47,Construction and Extraction Occupations,46940.0,22.57,57430.0,27.610000000000003,71337.63861538461,784.5879865384615,6.906750769230769,False,False,False,False,8.271641632633312,8.271641632633314,1872.6996656281817,20.596387665256948,87904522.30458684,1182850.5436157065,0.010998233215547703,0.8661141441830024
47-4041.00,Hazardous Materials Removal Workers,1441134.0961,6269.517523076923,28.497806923076922,4.027142857142858,63.49428571428571,50570.0,220.0,47,Construction and Extraction Occupations,48490.0,23.31,45740.0,21.99,205971.2599,896.0584769230769,6.767296153846154,False,False,False,False,14.292303572401751,14.292303572401751,7227.617916563566,31.44306785928385,350467192.7741673,1438205.9238836432,0.004350405378683014,0.3425957203817602
47-4051.00,Highway Maintenance Workers,2088216.6333653845,16513.080461538462,13.760900384615384,3.896315789473684,67.97105263157896,151750.0,1200.0,47,Construction and Extraction Occupations,49070.0,23.59,52470.0,25.23,0.0,0.0,0.4450384615384615,False,False,False,False,0.0,0.0,0.0,0.0,0.0,0.0,,
47-4061.00,Rail-Track Laying and Maintenance Equipment Operators,405040.1156923077,2703.5444615384613,24.577676923076922,3.821923076923077,70.86884615384615,16480.0,110.0,47,Construction and Extraction Occupations,67370.0,32.39,61520.0,29.58,0.0,0.0,0.935163076923077,False,False,False,False,0.0,0.0,0.0,0.0,0.0,0.0,,
47-4071.00,Septic Tank Servicers and Sewer Pipe Cleaners,1180427.4764423077,11377.614230769232,40.63433653846154,3.630909090909091,63.61181818181819,29050.0,280.0,47,Construction and Extraction Occupations,49140.0,23.62,48720.0,23.42,155551.63278846155,1499.292846153846,12.646826923076924,False,False,False,False,13.177567948289282,13.177567948289278,3828.0834889780363,36.89719025520999,188112022.6483807,1797631.1092338308,0.009638554216867469,0.7590390177308046
47-4091.00,Segmental Pavers,310780.35569807695,3429.4283211538464,18.537450384615386,3.97,85.365,16765.0,185.0,47,Construction and Extraction Occupations,48120.0,23.14,48120.0,23.14,19248.76054230769,212.4080346153846,1.745563076923077,False,False,False,False,6.193686373474602,6.193686373474602,1038.371520513017,11.458319790928012,49966437.567086376,551374.3483394559,0.01103489412466448,0.8690012017041833
47-4099.03,Weatherization Installers and Technicians,325117.2549557692,3587.6344865384613,19.392618846153844,4.022,94.09,16765.0,185.0,47,Construction and Extraction Occupations,48120.0,23.14,48120.0,23.14,82322.79796730769,908.4233596153845,9.737918076923076,False,False,False,False,25.320956274224,25.320956274224,4245.058319373654,46.8437691073144,204272206.3282602,2254122.169443969,0.011034894124664478,0.8690012017041832
47-5011.00,"Derrick Operators, Oil and Gas",367819.97723076923,4064.677284615385,33.317026923076924,4.221333333333333,90.29133333333333,11040.0,122.0,47,Construction and Extraction Occupations,62740.0,30.16,62740.0,30.16,14328.69710769231,158.34248615384618,14.54029923076923,False,False,False,False,3.8955733768376923,3.8955733768376923,430.07130080288124,4.752599519741985,26982673.412372768,298178.09386861214,0.011050724637681161,0.8702478593231577
47-5012.00,"Rotary Drill Operators, Oil and Gas",831995.9040884615,12711.931307692308,63.55965653846154,4.1705,79.6965,13090.0,200.0,47,Construction and Extraction Occupations,65010.0,31.26,68660.0,33.01,71647.97906538463,1094.6979230769232,25.648963846153848,False,False,False,False,8.611578339905709,8.611578339905709,1127.2556046936572,17.223156679811417,73282886.86113466,1182541.937635852,0.015278838808250572,1.203213110612238
47-5013.00,"Service Unit Operators, Oil and Gas",661144.4955846153,19480.6855,14.98514269230769,4.003684210526315,71.01947368421052,44120.0,1300.0,47,Construction and Extraction Occupations,57980.0,27.880000000000003,55570.0,26.72,80857.23070769229,2382.4659999999994,7.699122692307691,False,True,True,False,12.229887906151966,12.229887906151966,5395.826544194247,158.98854277997555,312850023.0323824,8834993.322283242,0.02946509519492294,2.320385029837767
47-5022.00,"Excavating and Loading Machine and Dragline Operators, Surface Mining",1610321.7649115385,30596.58425,47.071668076923075,4.019375,75.551875,34210.0,650.0,47,Construction and Extraction Occupations,52550.0,25.26,52240.0,25.12,0.0,0.0,3.6549561538461544,True,True,True,True,0.0,0.0,0.0,0.0,0.0,0.0,,
47-5023.00,"Earth Drillers, Except Oil and Gas",1223958.998523077,35151.03384615385,70.30206769230769,3.988571428571429,66.76142857142857,17410.0,500.0,47,Construction and Extraction Occupations,59600.0,28.65,57850.0,27.81,99448.82549023771,2627.7853131156517,22.91452094017094,True,False,True,False,8.125176219974714,7.475698508944932,1414.5931798975976,40.62588109987357,84309753.52189681,2350207.2216276857,0.02642349268743858,2.0808579257033872
47-5032.00,"Explosives Workers, Ordnance Handling Experts, and Blasters",251987.79307692306,2794.9350288461537,44.364048076923076,4.2704545454545455,81.08727272727273,5680.0,63.0,47,Construction and Extraction Occupations,59110.0,28.42,59110.0,28.42,99448.82549023771,2627.7853131156517,22.91452094017094,True,True,True,True,39.46573136575686,94.01954914853576,2241.6535415749895,24.863410760426824,132504140.84249763,1469676.2100488294,0.02642349268743858,2.0808579257033872
47-5041.00,Continuous Mining Machine Operators,1353177.1126153846,132109.34153846154,94.36381538461538,4.36,74.68533333333333,14340.0,1400.0,47,Construction and Extraction Occupations,63380.0,30.469999999999995,67870.0,32.63,127438.5155307692,12441.696076923075,39.546781153846155,False,False,False,False,9.417726204699061,9.417726204699061,1350.5019377538454,131.84816686578685,85594812.81483872,8948535.085180953,0.09762900976290098,7.688313621018088
47-5043.00,"Roof Bolters, Mining",240507.62536153846,2696.2738269230767,107.85095307692308,4.787857142857143,97.00285714285714,2230.0,25.0,47,Construction and Extraction Occupations,76640.0,36.85,76640.0,36.85,20501.278569230763,229.83496153846147,40.458346538461534,True,False,True,False,8.524169883766724,8.524169883766726,190.08898840799796,2.131042470941681,14568420.071588963,163323.09497297043,0.011210762331838566,0.882850875443621
47-5044.00,"Loading and Moving Machine Operators, Underground Mining",864376.6587307692,9588.517584615385,141.00761153846153,4.0312,68.3156,6130.0,68.0,47,Construction and Extraction Occupations,68860.0,33.11,68860.0,33.11,50541.65195384614,560.657803076923,54.85673153846154,True,True,True,True,5.847179171642643,5.847179171642642,358.432083221694,3.9760818367169968,24681633.250645846,273792.9952763324,0.011092985318107667,0.8735759005042131
47-5051.00,"Rock Splitters, Quarry",66773.93089230769,737.1148215384616,21.679847692307693,3.678888888888889,69.92444444444443,3080.0,34.0,47,Construction and Extraction Occupations,47460.0,22.82,47460.0,22.82,0.0,0.0,0.8417715384615385,False,False,False,False,0.0,0.0,0.0,0.0,0.0,0.0,,
47-5071.00,"Roustabouts, Oil and Gas",386379.70456153847,4091.380061538461,8.523708461538462,3.366153846153846,69.2476923076923,45330.0,480.0,47,Construction and Extraction Occupations,47510.0,22.84,47680.0,22.93,0.0,0.0,1.8228257692307692,False,False,False,False,0.0,0.0,0.0,0.0,0.0,0.0,,
47-5081.00,Helpers--Extraction Workers,155266.09107692307,5083.116076923077,23.105073076923077,3.850714285714286,69.4042857142857,6720.0,220.0,47,Construction and Extraction Occupations,48400.0,23.27,54100.0,26.01,0.0,0.0,3.353880769230769,False,False,False,False,0.0,0.0,0.0,0.0,0.0,0.0,,
49-1011.00,"First-Line Supervisors of Mechanics, Installers, and Repairers",17087454.08903077,182344.31096538462,28.446850384615384,3.6427272727272726,76.7390909090909,600680.0,6410.0,49,"Installation, Maintenance, and Repair Occupations",78300.0,37.64,77380.0,37.2,5970415.657246154,63711.733973076916,17.54797269230769,False,False,False,False,34.940346444464424,34.940346444464424,209879.6730226089,2239.6762070901696,16433578397.670279,173306144.9046373,0.01067123926216954,0.8403632728809848
49-2011.00,"Computer, Automated Teller, and Office Machine Repairers",4512823.693430769,50066.938661538465,61.81103538461539,3.9248000000000003,84.258,73010.0,810.0,49,"Installation, Maintenance, and Repair Occupations",46860.0,22.53,45310.0,21.78,1872392.9782115384,20773.021673076924,36.68478961538462,False,False,False,False,41.49049697946642,41.49049697946642,30292.211844708436,336.073025533678,1419493047.0430374,15227468.78693095,0.011094370634159705,0.8736849945562594
49-2021.00,"Radio, Cellular, and Tower Equipment Installers and Repairers",107589.75807692307,377.5079230769231,9.437698076923077,4.0616666666666665,73.3111111111111,11400.0,40.0,49,"Installation, Maintenance, and Repair Occupations",64190.0,30.86,86040.0,41.36,26943.351923076923,94.53807692307693,9.175982097902098,False,False,False,False,25.042673582194812,25.042673582194812,2854.8647883702088,10.017069432877925,183253770.7654837,861868.6540048167,0.0035087719298245615,0.27631683540200347
49-2022.00,"Telecommunications Equipment Installers and Repairers, Except Line Installers",8730161.58833077,127074.93636923078,56.72988230769231,3.7279487179487174,73.48769230769231,153890.0,2240.0,49,"Installation, Maintenance, and Repair Occupations",62630.0,30.11,62380.0,29.99,2250928.8467346155,32764.186215384616,40.80352923076923,False,False,False,False,25.783358348639673,25.783358348639673,39678.01016272159,577.5472270095287,2485033776.4912534,36027396.0208544,0.014555851582299044,1.1462776510536032
49-2091.00,Avionics Technicians,745593.2397692308,7848.349892307693,35.674317692307696,4.015384615384615,84.2023076923077,20900.0,220.0,49,"Installation, Maintenance, and Repair Occupations",81390.0,39.13,59510.0,28.61,280700.777923077,2954.745030769231,28.461431923076926,False,False,False,False,37.64797787195025,37.647977871950246,7868.427375237603,82.82555131829056,640411304.0705885,4928948.558951472,0.010526315789473682,0.8289505062060102
49-2092.00,"Electric Motor, Power Tool, and Related Repairers",1089172.2933461538,3943.894846153846,65.73158076923077,3.843225806451613,64.76290322580645,16570.0,60.0,49,"Installation, Maintenance, and Repair Occupations",53990.0,25.96,41460.0,19.93,110558.06721153845,400.33096153846157,27.67187,False,False,False,False,10.150649983197983,10.150649983197985,1681.962702215906,6.09038998991879,90809166.29263675,252507.56898203303,0.003621001810500906,0.28515497195982253
49-2093.00,"Electrical and Electronics Installers and Repairers, Transportation Equipment",182951.07841923076,2027.228091923077,25.02750730769231,3.6473333333333335,73.70466666666667,7310.0,81.0,49,"Installation, Maintenance, and Repair Occupations",82730.0,39.77,82730.0,39.77,34337.42325769231,380.48307576923077,17.61879923076923,False,False,False,False,18.768636705714524,18.768636705714524,1371.9873431877318,15.202595731628765,113504512.90192105,1257710.7448776478,0.011080711354309165,0.8726093221963406
49-2094.00,"Electrical and Electronics Repairers, Commercial and Industrial Equipment",1452773.307676923,18889.2012,24.216924615384617,3.9085,85.8235,59990.0,780.0,49,"Installation, Maintenance, and Repair Occupations",71300.0,34.28,70970.0,34.12,518829.37556153844,6745.906199999999,16.0481,False,False,False,False,35.71303057537447,35.71303057537446,21424.247042167146,278.56163848792085,1527548814.1065176,19769519.483487744,0.013002167027837972,1.0239245292526313
49-2095.00,"Electrical and Electronics Repairers, Powerhouse, Substation, and Relay",308833.5832615385,1072.3388307692308,13.404235384615385,4.051333333333333,74.32,23040.0,80.0,49,"Installation, Maintenance, and Repair Occupations",100940.0,48.53,104730.0,50.35,193298.39556923075,671.1749846153846,12.675956153846153,False,False,False,False,62.58982379048275,62.589823790482754,14420.695401327226,50.0718590323862,1455624993.8099701,5244025.796461807,0.0034722222222222225,0.2734385350332326
49-2096.00,"Electronic Equipment Installers and Repairers, Motor Vehicles",314098.0284,3469.3273353846153,30.976136923076922,4.1875,88.47583333333334,10140.0,112.0,49,"Installation, Maintenance, and Repair Occupations",47940.0,23.05,47940.0,23.05,77224.8906,852.9770953846154,20.29587076923077,False,False,False,False,24.586238568061,24.586238568061002,2493.0445908013853,27.53658719622832,119516557.68301842,1320103.9901871858,0.011045364891518738,0.8698257777151824
49-2097.00,Audiovisual Equipment Installers and Repairers,701724.8058923077,12027.759415384615,31.65199846153846,3.956363636363636,84.09181818181818,22170.0,380.0,49,"Installation, Maintenance, and Repair Occupations",50620.0,24.34,53600.0,25.77,274384.5321923077,4703.027615384615,24.818600384615387,False,True,True,False,39.101444025967204,39.101444025967204,8668.79014055693,148.5854872986754,438814156.9149918,7964182.119209001,0.017140279657194404,1.3498021323426688
49-2098.00,Security and Fire Alarm Systems Installers,1460720.646,14874.225692307691,17.920753846153847,4.16375,89.683125,81510.0,830.0,49,"Installation, Maintenance, and Repair Occupations",59300.0,28.51,58860.0,28.3,278438.00325,2835.278403846154,9.124907692307692,False,False,False,False,19.061687394675193,19.061687394675193,15537.18139539975,158.2120053758041,921354856.7472051,9312358.636419829,0.010182799656483868,0.8018985083344856
49-3011.00,Aircraft Mechanics and Service Technicians,5847270.848253846,86172.11236153846,42.87169769230769,4.170263157894737,78.09342105263158,136390.0,2010.0,49,"Installation, Maintenance, and Repair Occupations",78680.0,37.83,65980.0,31.72,500693.82755000005,7378.800450000001,17.17953384615385,False,False,False,False,8.56286360840495,8.562863608404951,11678.889675503511,172.1135585289395,918895039.6686163,11356052.59173943,0.014737150817508616,1.160555019869768
49-3021.00,Automotive Body and Related Repairers,7878710.1318,82736.10046923076,50.75834384615384,4.0612,82.7148,155220.0,1630.0,49,"Installation, Maintenance, and Repair Occupations",51680.0,24.85,51080.0,24.56,311537.16659999994,3271.5215923076917,10.68878423076923,False,False,False,False,3.954164595326024,3.954164595326025,6137.654284865054,64.45288290381419,317193973.441826,3292253.2587268287,0.010501224069063265,0.8269745257441097
49-3022.00,Automotive Glass Installers and Repairers,1055640.386346154,5573.602884615385,55.73602884615385,4.234444444444445,91.01333333333334,18940.0,100.0,49,"Installation, Maintenance, and Repair Occupations",47260.0,22.72,39300.0,18.89,0.0,0.0,4.4354000000000005,False,False,False,False,0.0,0.0,0.0,0.0,0.0,0.0,,
49-3023.00,Automotive Service Technicians and Mechanics,38230869.30709231,494508.22473461536,55.50036192307692,4.033571428571428,85.28571428571429,688840.0,8910.0,49,"Installation, Maintenance, and Repair Occupations",49670.0,23.88,46990.0,22.59,9644992.493723076,124755.94204615385,33.31153,False,False,False,False,25.228284547361334,25.22828454736134,173782.51527604382,2247.8401531698946,8631777533.761097,105626008.79745334,0.012934788920504038,1.018618483215373
49-3031.00,Bus and Truck Mechanics and Diesel Engine Specialists,8010950.091315385,81718.77508461538,27.890366923076922,3.9396153846153843,87.04923076923077,287230.0,2930.0,49,"Installation, Maintenance, and Repair Occupations",60640.0,29.15,62970.0,30.28,515191.4151769231,5255.408023076923,18.028385769230766,False,False,False,False,6.431090061782291,6.431090061782292,18472.019984457274,188.43093881022114,1120143291.857489,11865496.216879625,0.010200884308742122,0.8033226800906694
49-3041.00,Farm Equipment Mechanics and Service Technicians,893917.5254153846,4362.938030769231,24.238544615384615,3.880714285714286,88.18142857142857,36880.0,180.0,49,"Installation, Maintenance, and Repair Occupations",52080.0,25.04,57100.0,27.45,178281.90587692306,870.1394538461539,12.065547692307693,False,False,False,False,19.943887529677777,19.943887529677777,7355.3057209451645,35.89899755342,383064321.9468242,2049832.7603002822,0.004880694143167029,0.3843561186584268
49-3042.00,"Mobile Heavy Equipment Mechanics, Except Engines",5722558.273246154,66663.18507692308,31.74437384615385,4.0255,93.2355,180270.0,2100.0,49,"Installation, Maintenance, and Repair Occupations",63980.0,30.76,63890.0,30.72,562810.7748115384,6556.291269230769,13.260741153846155,False,False,False,False,9.834950522789185,9.834950522789185,17729.465307432063,206.5339609785729,1134331190.3695035,13195454.766921023,0.011649192877350641,0.9173774115942701
49-3043.00,Rail Car Repairers,544791.2393076923,2381.6010461538463,29.770013076923075,3.626,66.7525,18300.0,80.0,49,"Installation, Maintenance, and Repair Occupations",65680.0,31.579999999999995,75280.0,36.19,60105.751730769225,262.7573846153846,12.627626923076923,False,False,False,False,11.032804383409356,11.032804383409355,2019.003202163912,8.826243506727485,132608130.31812574,664439.611186445,0.004371584699453552,0.3442635982057748
49-3051.00,Motorboat Mechanics and Service Technicians,639305.8465384615,1581.7876615384616,26.363127692307692,3.94,96.42307692307692,24250.0,60.0,49,"Installation, Maintenance, and Repair Occupations",54950.0,26.42,45290.0,21.77,78543.33432692308,194.3340230769231,11.106741153846155,False,False,False,False,12.285721263491967,12.285721263491965,2979.287406396802,7.371432758095179,163711842.98150426,333852.18961413065,0.0024742268041237116,0.19484609836594885
49-3052.00,Motorcycle Mechanics,416697.67336153844,7138.289907692308,29.742874615384615,4.368461538461538,94.06692307692308,14010.0,240.0,49,"Installation, Maintenance, and Repair Occupations",47200.0,22.69,42120.0,20.25,0.0,0.0,11.169898846153846,False,False,False,False,0.0,0.0,0.0,0.0,0.0,0.0,,
49-3053.00,Outdoor Power Equipment and Other Small Engine Mechanics,947052.3380923077,9957.325984615383,27.659238846153844,4.331428571428572,96.92928571428571,34240.0,360.0,49,"Installation, Maintenance, and Repair Occupations",46560.0,22.38,44140.0,21.22,256549.5212307692,2697.366461538461,14.444276923076922,False,False,False,False,27.089265388177914,27.089265388177918,9275.364468912117,97.52135539744049,431860969.6725482,4304592.627243023,0.010514018691588784,0.8279821060819379
49-3091.00,Bicycle Repairers,367066.65548076923,12536.827788461538,29.155413461538462,4.272142857142857,93.72357142857143,12590.0,430.0,49,"Installation, Maintenance, and Repair Occupations",40360.0,19.4,43760.0,21.04,93877.52384999998,3206.3014499999995,10.352514999999999,False,False,False,False,25.575061762840583,25.575061762840583,3219.90027594163,109.97276558021451,129955175.13700418,4812408.221790187,0.03415409054805401,2.689644811637452
49-3092.00,Recreational Vehicle Service Technicians,571291.650926923,8244.187373076922,30.534027307692305,3.9035294117647057,90.65176470588234,18710.0,270.0,49,"Installation, Maintenance, and Repair Occupations",50540.0,24.3,51300.0,24.66,66212.63909615384,955.5004038461539,19.342946538461536,False,False,False,False,11.589988929248934,11.589988929248934,2168.4869286624757,31.29297010897212,109595329.37460153,1605329.3665902698,0.014430785676109033,1.1364286736602975
49-3093.00,Tire Repairers and Changers,11285527.98966923,207462.34158461538,105.84813346153847,4.170416666666667,83.34958333333334,106620.0,1960.0,49,"Installation, Maintenance, and Repair Occupations",37120.0,17.85,36060.0,17.34,0.0,0.0,23.466708846153846,False,False,False,False,0.0,0.0,0.0,0.0,0.0,0.0,,
49-9011.00,Mechanical Door Repairers,725280.0868615385,3630.2900307692307,25.930643076923076,3.7032,82.5284,27970.0,140.0,49,"Installation, Maintenance, and Repair Occupations",51050.0,24.54,49410.0,23.75,138926.51666153845,695.3776307692308,7.067147692307692,False,False,False,False,19.15487811925279,19.154878119252793,5357.619409955006,26.816829366953904,273506470.87820303,1325019.5390211924,0.005005362888809439,0.39417381954021946
49-9012.00,"Control and Valve Installers and Repairers, Except Mechanical Door",1019441.3067692308,7387.2558461538465,21.727223076923075,3.743125,48.1321875,46920.0,340.0,49,"Installation, Maintenance, and Repair Occupations",74690.0,35.91,69450.0,33.39,189288.9589846154,1371.6591230769232,8.583858846153847,False,False,False,False,18.567911436167105,18.567911436167105,8712.064045849605,63.13089888296816,650704063.584507,4384440.927422139,0.007246376811594203,0.5706543339823984
49-9021.00,"Heating, Air Conditioning, and Refrigeration Mechanics and Installers",15469515.745430768,209316.14773846153,38.97879846153846,4.008214285714286,87.6842857142857,396870.0,5370.0,49,"Installation, Maintenance, and Repair Occupations",59810.0,28.75,56200.0,27.02,4019064.78735,54381.47985,24.054810256410256,False,False,False,False,25.980546860603,25.980546860603,103108.99632567512,1395.1553664143812,6166949070.238629,78407731.59248823,0.01353087912918588,1.0655607648373426
49-9031.00,Home Appliance Repairers,1962645.0292230768,15361.96798076923,61.447871923076924,4.069310344827587,84.27413793103447,31940.0,250.0,49,"Installation, Maintenance, and Repair Occupations",49410.0,23.76,34920.0,16.79,499863.9483076923,3912.523076923077,38.232058076923074,False,False,False,False,25.46889227878187,25.46889227878187,8134.764193842929,63.67223069695468,401938698.8177791,2223434.2959376574,0.007827175954915467,0.6163924396491154
49-9041.00,Industrial Machinery Mechanics,8708288.8586,80903.6648,20.63869,3.930625,85.16125,421940.0,3920.0,49,"Installation, Maintenance, and Repair Occupations",63760.0,30.65,69670.0,33.49,3172481.6605769233,29473.688461538462,10.073439615384615,False,False,False,False,36.430597469718656,36.430597469718656,153715.2629637309,1428.0794208129714,9800885166.567482,99494293.24803972,0.009290420438924965,0.7316233789427838
49-9043.00,"Maintenance Workers, Machinery",1812666.0066307692,47128.033776923075,32.059886923076924,3.876111111111111,91.93555555555555,56540.0,1470.0,49,"Installation, Maintenance, and Repair Occupations",60500.0,29.09,63820.0,30.68,395717.95822307694,10288.386957692308,15.134414230769233,False,False,False,False,21.830715464157908,21.830715464157908,12343.08652343488,320.91151732312125,746756734.6678102,20480573.0355616,0.025999292536257518,2.0474520373482377
49-9044.00,Millwrights,1492237.3413307692,8808.090553846154,36.70037730769231,4.182608695652174,95.25608695652173,40660.0,240.0,49,"Installation, Maintenance, and Repair Occupations",65170.0,31.329999999999995,62480.0,30.04,93663.8442923077,552.8608615384614,4.702235769230769,False,False,False,False,6.276739074816261,6.276739074816259,2552.1221078202916,15.064173779559026,166321797.7666484,941209.5777468479,0.0059026069847515975,0.4648320595547721
49-9045.00,"Refractory Materials Repairers, Except Brickmasons",14785.802730769232,161.29966615384618,13.441638846153847,3.746,58.787,1100.0,12.0,49,"Installation, Maintenance, and Repair Occupations",58540.0,28.15,58540.0,28.15,0.0,0.0,0.9368569230769233,False,False,False,False,0.0,0.0,0.0,0.0,0.0,0.0,,
49-9051.00,Electrical Power-Line Installers and Repairers,6774723.745846154,48750.84196153846,54.77622692307692,4.17,93.62869565217392,123680.0,890.0,49,"Installation, Maintenance, and Repair Occupations",92560.0,44.5,81380.0,39.12,962121.0383384614,6923.413034615384,23.05118346153846,False,False,False,False,14.20162761512416,14.201627615124163,17564.57303438556,126.39448577460502,1625776880.0627275,10285983.252337357,0.007195989650711514,0.5666863300429995
49-9052.00,Telecommunications Line Installers and Repairers,4834759.029092307,32932.986473076926,49.15371115384615,3.847368421052632,72.37210526315789,98360.0,670.0,49,"Installation, Maintenance, and Repair Occupations",70500.0,33.9,55980.0,26.91,1178745.3698923076,8029.274073076923,25.396215769230768,False,False,False,False,24.380643643238802,24.3806436432388,23980.801087489686,163.35031240969997,1690646476.6680229,9144350.488695005,0.006811712078080521,0.5364243566491721
49-9061.00,Camera and Photographic Equipment Repairers,78452.70426923077,858.6863153846153,39.03119615384615,3.8546666666666667,77.18666666666667,2010.0,22.0,49,"Installation, Maintenance, and Repair Occupations",49300.0,23.7,49300.0,23.7,1978.5867923076921,21.656173846153845,13.447703461538461,False,False,False,False,2.52201222473818,2.52201222473818,50.692445717237426,0.5548426894423997,2499137.5738598052,27353.744589510305,0.010945273631840797,0.861943561179384
49-9062.00,Medical Equipment Repairers,1680269.118042308,12153.845338461539,27.62237576923077,3.9735,83.81,60830.0,440.0,49,"Installation, Maintenance, and Repair Occupations",62630.0,30.110000000000003,59980.0,28.84,261503.2568076923,1891.5244615384613,8.996479615384615,False,False,False,False,15.563176993478962,15.563176993478962,9467.080565133252,68.47797877130743,592923255.7942955,4107309.1667030198,0.007233273056057866,0.569622409327819
49-9063.00,Musical Instrument Repairers and Tuners,287549.2974346154,5018.312346153846,50.18312346153846,3.602413793103448,63.41137931034483,5730.0,100.0,49,"Installation, Maintenance, and Repair Occupations",45320.0,21.79,41440.0,19.92,0.0,0.0,20.661444835164836,False,False,False,False,0.0,0.0,0.0,0.0,0.0,0.0,,
49-9064.00,Watch and Clock Repairers,63475.560000000005,683.5829538461538,48.82735384615385,4.338666666666667,96.48,1300.0,14.0,49,"Installation, Maintenance, and Repair Occupations",60690.0,29.18,60690.0,29.18,2965.9835,31.94136076923077,17.108723461538464,False,True,True,False,4.6726385714438745,4.672638571443875,60.74430142877037,0.6541694000021424,3686571.653712074,39701.540886130024,0.01076923076923077,0.848080133272303
49-9071.00,"Maintenance and Repair Workers, General",43127326.367,444591.2929,28.15651,3.6377777777777776,74.16185185185185,1531700.0,15790.0,49,"Installation, Maintenance, and Repair Occupations",48620.0,23.38,49070.0,23.59,1589667.1864999998,16387.572549999997,12.017928461538462,False,False,False,False,3.68598594072916,3.685985940729159,56458.24665414854,582.0171800411343,2744999952.3247023,28559583.02461846,0.010308807207677743,0.8118216405525401
49-9081.00,Wind Turbine Service Technicians,230967.3982846154,2552.580872307692,20.585329615384616,4.160833333333334,88.53750000000001,11220.0,124.0,49,"Installation, Maintenance, and Repair Occupations",62580.0,30.09,62580.0,30.09,78966.17875384615,872.709996923077,13.056997307692308,False,False,False,False,34.18931820695234,34.18931820695236,3836.041502820053,42.394754576620905,240059477.24647892,2653063.741404936,0.011051693404634582,0.870324150009519
49-9091.00,"Coin, Vending, and Amusement Machine Servicers and Repairers",1063696.5633461538,9033.516461538462,37.639651923076926,3.955,65.02777777777777,28260.0,240.0,49,"Installation, Maintenance, and Repair Occupations",47350.0,22.77,50280.0,24.17,497122.5404076923,4221.847476923077,20.75969076923077,False,False,False,False,46.73537149014141,46.735371490141404,13207.415983113962,112.16489157633937,625371146.8004462,5639650.748458344,0.008492569002123142,0.6687923404634478
49-9092.00,Commercial Divers,66020.34713076922,731.4207553846153,19.247914615384616,3.880434782608696,84.49347826086957,3430.0,38.0,49,"Installation, Maintenance, and Repair Occupations",61130.0,29.39,61130.0,29.39,2054.9169576923077,22.765843846153842,3.4163969230769227,False,False,False,False,3.112550974053573,3.1125509740535726,106.76049841003756,1.1827693701403579,6526269.267805596,72302.69159668007,0.01107871720116618,0.8724522820418942
49-9094.00,Locksmiths and Safe Repairers,395909.2917692308,3819.060692307692,25.460404615384615,3.975714285714286,83.675,15550.0,150.0,49,"Installation, Maintenance, and Repair Occupations",50490.0,24.27,47690.0,22.93,57440.30648076923,554.0865576923077,5.4398430769230774,False,False,False,False,14.508451222268928,14.508451222268931,2256.064165062818,21.762676833403393,113908679.69402169,1037862.0581850078,0.00964630225080386,0.7596491777129034
49-9095.00,Manufactured Building and Mobile Home Installers,33832.96622307692,375.9218469230769,12.962822307692306,3.777857142857143,76.11214285714286,2610.0,29.0,49,"Installation, Maintenance, and Repair Occupations",41080.0,19.75,41080.0,19.75,3732.5881038461534,41.473201153846155,5.253846923076923,False,False,False,False,11.032399817489887,11.032399817489889,287.94563523648605,3.199395947072067,11828806.695514847,131431.18550572052,0.011111111111111113,0.8750033121063444
49-9096.00,Riggers,1060446.169646154,21042.338215384614,43.83820461538461,4.147142857142858,85.03642857142857,24190.0,480.0,49,"Installation, Maintenance, and Repair Occupations",62060.0,29.84,91070.0,43.79,0.0,0.0,20.102142692307694,False,False,False,False,0.0,0.0,0.0,0.0,0.0,0.0,,
49-9097.00,Signal and Track Switch Repairers,92194.64023461539,1010.6598807692308,11.229554230769232,3.953333333333333,86.09916666666668,8210.0,90.0,49,"Installation, Maintenance, and Repair Occupations",83600.0,40.19,83600.0,40.19,26302.05491538462,288.3294692307693,3.9212350000000002,False,False,False,False,28.528832965182776,28.528832965182783,2342.217186441506,25.675949668664497,195809356.7865099,2146509.392300352,0.010962241169305725,0.863279759812593
49-9098.00,"Helpers--Installation, Maintenance, and Repair Workers",3486857.5565307694,26453.50206923077,35.74797576923077,3.724375,81.98125,97540.0,740.0,49,"Installation, Maintenance, and Repair Occupations",38860.0,18.68,41760.0,20.08,0.0,0.0,7.167314230769231,False,False,False,False,0.0,0.0,0.0,0.0,0.0,0.0,,
49-9099.01,Geothermal Technicians,8236785.85155,95959.07083846154,44.840687307692306,3.79625,56.65416666666667,183690.0,2140.0,49,"Installation, Maintenance, and Repair Occupations",48640.0,23.39,50080.0,24.08,2096127.35505,24420.014915384614,23.662629615384617,False,False,False,False,25.44836533118741,25.44836533118741,46746.10227685815,544.5950180874106,2273730414.746381,27273318.505817525,0.011650062605476618,0.9174459029434476
51-1011.00,First-Line Supervisors of Production and Operating Workers,25538464.113946155,332491.3154923077,37.27481115384615,3.9549999999999996,88.658,685140.0,8920.0,51,Production Occupations,71190.0,34.23,67050.0,32.23,10501235.382023077,136718.07164615384,24.139303461538464,False,False,False,False,41.11929102380326,41.11929102380326,281724.71052048565,3667.8407593232505,20055982141.953373,245928722.91262394,0.013019236944274162,1.0252687902603455
51-2011.00,"Aircraft Structure, Surfaces, Rigging, and Systems Assemblers",1336626.26075,9753.429692307693,40.639290384615386,4.128888888888889,56.53370370370371,32890.0,240.0,51,Production Occupations,61680.0,29.65,59810.0,28.75,18771.65125,136.9776923076923,10.891901923076924,False,False,False,False,1.4044053899903897,1.4044053899903894,461.90893276783913,3.370572935976935,28490542.973120317,201593.9673007805,0.007297050775311645,0.5746449237305271
51-2021.00,"Coil Winders, Tapers, and Finishers",421844.70326153847,4644.797883076923,34.66267076923077,4.191818181818181,72.31090909090909,12170.0,134.0,51,Production Occupations,47260.0,22.72,47260.0,22.72,94755.91488846153,1043.327246923077,21.589900384615387,False,False,False,False,22.462274423702798,22.4622744237028,2733.6587973646306,30.09944772776175,129192714.76345244,1422499.8996140203,0.011010682004930158,0.867094490057725
51-2022.00,Electrical and Electronic Equipment Assemblers,4016720.0578846154,44223.60283269231,44.09132884615384,3.9125,71.128125,91100.0,1003.0,51,Production Occupations,44210.0,21.26,44210.0,21.26,1361269.108076923,14987.408511538462,31.415269230769233,False,False,False,False,33.89006673255264,33.89006673255264,30873.850793355457,339.91736932750297,1364932943.5742447,15027746.897968907,0.01100987925356751,0.8670312731486246
51-2023.00,Electromechanical Equipment Assemblers,2965947.3250769232,32654.72192153846,32.55705076923077,3.7964285714285713,71.99357142857143,91100.0,1003.0,51,Production Occupations,44210.0,21.26,44210.0,21.26,539263.3315769231,5937.224166538463,13.834465,False,False,False,False,18.181824303401513,18.181824303401516,16563.64194039878,182.36369776311716,732278610.18503,8062299.078107409,0.01100987925356751,0.8670312731486246
51-2031.00,Engine and Other Machine Assemblers,1657448.8926384614,6039.6367769230765,43.140262692307694,4.229166666666667,79.05666666666666,38420.0,140.0,51,Production Occupations,52540.0,25.26,46060.0,22.149999999999995,0.0,0.0,7.845394230769232,False,False,False,False,0.0,0.0,0.0,0.0,0.0,0.0,,
51-2041.00,Structural Metal Fabricators and Fitters,3475440.012992308,57945.702726923075,65.10753115384615,3.87,72.49391304347826,53380.0,890.0,51,Production Occupations,49900.0,23.99,50440.0,24.25,0.0,0.0,21.377168076923077,False,False,False,False,0.0,0.0,0.0,0.0,0.0,0.0,,
51-2051.00,Fiberglass Laminators and Fabricators,964792.4193846154,5730.408538461538,52.09462307692308,4.171875,73.981875,18520.0,110.0,51,Production Occupations,45760.0,22.0,46870.0,22.53,0.0,0.0,5.038352692307692,True,False,True,False,0.0,0.0,0.0,0.0,0.0,0.0,,
51-2061.00,Timing Device Assemblers and Adjusters,17710.874,231.0114,77.0038,4.13470588235294,66.25411764705882,230.0,3.0,51,Production Occupations,40790.0,19.61,40790.0,19.61,0.0,0.0,28.482766153846153,True,False,True,False,0.0,0.0,0.0,0.0,0.0,0.0,,
51-2092.00,Team Assemblers,22722879.70657692,250297.71047346154,31.174207307692306,4.0600000000000005,70.81272727272727,728900.0,8029.0,51,Production Occupations,42210.0,20.29,42210.0,20.29,2048956.1225,22566.908700000004,20.545185384615387,False,False,False,False,9.017149890147723,9.016026817549623,65726.00554928675,723.9869646799607,2774294694.235394,30559489.77914114,0.01101385649609,0.8673444821828452
51-3011.00,Bakers,14606320.141353846,250062.9219076923,62.98814153846154,4.307222222222222,81.40666666666667,231890.0,3970.0,51,Production Occupations,36650.0,17.62,35490.0,17.06,4653114.193976923,79662.18185384615,32.309122307692306,False,False,False,False,31.85685476523884,31.85685476523884,73872.86051511235,1264.717134179982,2707440337.8788676,44884811.09204756,0.017120186295226186,1.34821977409805
51-3021.00,Butchers and Meat Cutters,4600621.333938462,45336.028569230766,32.85219461538461,4.297272727272727,76.5409090909091,140040.0,1380.0,51,Production Occupations,38960.0,18.73,41680.0,20.04,1108065.4766307692,10919.239915384615,10.687551923076922,False,False,False,False,24.08512668618579,24.08512668618579,33728.81141133458,332.3747482693639,1314074492.5855951,13853379.507867089,0.009854327335047128,0.776031215107169
51-3022.00,"Meat, Poultry, and Fish Cutters and Trimmers",6610284.646846154,65592.16461538462,46.85154615384616,4.23,66.21083333333333,141090.0,1400.0,51,Production Occupations,37700.0,18.13,42760.0,20.56,603086.2746692308,5984.270923076923,12.004081923076923,False,False,False,False,9.123453934120228,9.123453934120226,12872.28115565023,127.72835507768319,485284999.56801367,5461664.463121734,0.00992274434757956,0.7814190752384959
51-3023.00,Slaughterers and Meat Packers,3007995.2826923076,34759.0566,44.56289307692308,4.377142857142857,54.63285714285714,67500.0,780.0,51,Production Occupations,39790.0,19.13,40470.0,19.46,0.0,0.0,0.0,False,False,False,False,0.0,0.0,0.0,0.0,0.0,0.0,,
51-3091.00,"Food and Tobacco Roasting, Baking, and Drying Machine Operators and Tenders",2122325.355,16325.579653846155,108.8371976923077,4.206315789473685,67.49421052631578,19500.0,150.0,51,Production Occupations,42730.0,20.54,40500.0,19.47,683781.2474999999,5259.85575,68.67488653846154,False,False,False,False,32.21849307360322,32.21849307360322,6282.606149352629,48.327739610404834,268455760.76183784,1957273.4542213958,0.007692307692307693,0.6057715237659307
51-3092.00,Food Batchmakers,27201661.79016923,495987.4251615385,158.46243615384617,4.4796,68.9008,171660.0,3130.0,51,Production Occupations,40790.0,19.61,38790.0,18.65,6992074.0026,127491.5043,86.94954038461539,False,False,False,False,25.704583993934367,25.704583993934367,44124.48888398773,804.5534790101457,1799837901.5778596,31208629.45080355,0.01823371781428405,1.4359107131559896
51-3093.00,Food Cooking Machine Operators and Tenders,2008503.6442615385,37759.287599999996,72.61401461538462,4.388823529411765,80.87823529411764,27660.0,520.0,51,Production Occupations,40550.0,19.49,37610.0,18.08,723730.3575461538,13605.9214,52.06078576923077,False,False,False,False,36.03331064964266,36.033310649642665,9966.81372569116,187.37321537814182,404154296.5767765,7047106.630371914,0.018799710773680405,1.480482827425051
51-4021.00,"Extruding and Drawing Machine Setters, Operators, and Tenders, Metal and Plastic",4114219.763769231,45713.552930769234,62.62130538461538,3.92875,65.83125,65700.0,730.0,51,Production Occupations,46980.0,22.59,44910.0,21.59,201286.80830769235,2236.5200923076927,46.52418115384616,False,False,False,False,4.892466126390974,4.892466126390973,3214.35024503887,35.715002722654106,151010174.5119261,1603960.772274396,0.011111111111111112,0.8750033121063443
51-4022.00,"Forging Machine Setters, Operators, and Tenders, Metal and Plastic",424521.26764615386,4652.287864615385,48.461331923076926,4.171538461538462,76.61461538461539,8760.0,96.0,51,Production Occupations,49240.0,23.67,49240.0,23.67,20295.026492307694,222.41124923076922,31.106838461538462,False,False,False,False,4.780685454191182,4.780685454191181,418.7880457871475,4.589458036023534,20621123.37455914,225984.91369379882,0.01095890410958904,0.8630169653651613
51-4023.00,"Rolling Machine Setters, Operators, and Tenders, Metal and Plastic",2165090.7988846153,8718.48643846154,96.87207153846154,4.092631578947368,77.33,22350.0,90.0,51,Production Occupations,48630.0,23.38,46050.0,22.14,595300.2702115385,2397.1822961538464,64.8182226923077,False,False,False,False,27.49539513623253,27.495395136232524,6145.220812947971,24.74585562260928,298842088.13365984,1139546.6514211574,0.004026845637583892,0.31711529432042
51-4031.00,"Cutting, Punching, and Press Machine Setters, Operators, and Tenders, Metal and Plastic",15279083.34265,98981.62115,87.59435500000001,3.9553125000000002,67.359375,174430.0,1130.0,51,Production Occupations,45590.0,21.92,44940.0,21.61,3244472.4681923077,21018.482423076923,44.576335,False,False,False,False,21.234732447173023,21.23473244717302,37039.7438076039,239.95247665305516,1688641920.188662,10783464.300788298,0.0064782434214298,0.5101636005343989
51-4032.00,"Drilling and Boring Machine Tool Setters, Operators, and Tenders, Metal and Plastic",377547.84581538464,4123.8747753846155,71.10128923076923,4.202941176470588,86.86352941176472,5310.0,58.0,51,Production Occupations,46630.0,22.42,46630.0,22.42,31047.204426923076,339.12200692307687,35.075429615384614,False,False,False,False,8.223382750303045,8.223382750303044,436.6616240410917,4.769561995175766,20361531.52903611,222404.675835046,0.010922787193973634,0.8601727474943722
51-4033.00,"Grinding, Lapping, Polishing, and Buffing Machine Tool Setters, Operators, and Tenders, Metal and Plastic",5344077.448557693,37349.84951923077,76.22418269230769,4.053888888888888,75.11666666666666,70110.0,490.0,51,Production Occupations,45190.0,21.73,42920.0,20.64,817552.1167615385,5713.8858538461545,36.84121384615385,False,False,False,False,15.29828346672234,15.298283466722342,10725.626538519033,74.96158898693947,484691063.27567506,3217351.3993194425,0.006989017258593639,0.5503871924674053
51-4034.00,"Lathe and Turning Machine Tool Setters, Operators, and Tenders, Metal and Plastic",1025834.3861230769,2703.8333846153846,54.07666769230769,3.9694444444444446,92.28722222222223,18970.0,50.0,51,Production Occupations,48620.0,23.38,57500.0,27.65,114609.13011153846,302.07994230769236,29.544060769230768,False,False,False,False,11.172283914626737,11.172283914626739,2119.382258604692,5.586141957313369,103044365.41336013,321203.1625455187,0.0026357406431207174,0.20756536133255402
51-4035.00,"Milling and Planing Machine Setters, Operators, and Tenders, Metal and Plastic",1002449.474273077,6532.979919230769,72.58866576923077,4.156666666666667,82.25066666666666,13810.0,90.0,51,Production Occupations,48310.0,23.219999999999995,45000.0,21.64,229029.18831153846,1492.5870346153847,45.213441153846155,False,False,False,False,22.8469558007019,22.846955800701902,3155.1645960769324,20.56226022063171,152426001.6364766,925301.709928427,0.0065170166545981175,0.5132170042043004
51-4041.00,Machinists,27890362.933269233,343507.2646153846,93.34436538461539,4.200689655172414,75.81758620689655,298790.0,3680.0,51,Production Occupations,56150.0,27.0,60450.0,29.06,8974796.141246153,110536.66387692306,61.12517346153846,False,False,False,False,32.178843146356115,32.178843146356115,96147.16543699743,1184.181427785905,5398663339.287406,71583767.30965796,0.012316342581746376,0.9699156496858033
51-4051.00,Metal-Refining Furnace Operators and Tenders,1388530.8445423075,35515.7914,68.29959884615384,4.36,73.27066666666666,20330.0,520.0,51,Production Occupations,55770.0,26.81,70450.0,33.87,335866.30015384615,8590.776,44.881911153846154,False,False,False,False,24.188609239325583,24.18860923932558,4917.544258354891,125.78076804449303,274251443.28845227,8861255.108734533,0.02557796360059026,2.014272258070679
51-4052.00,"Pourers and Casters, Metal",248742.1925153846,1706.6359692307692,42.66589923076923,4.405625,74.1275,5830.0,40.0,51,Production Occupations,48940.0,23.53,44450.0,21.37,8417.766584615385,57.75483076923077,28.21826576923077,False,False,False,False,3.3841329850362034,3.3841329850362034,197.29495302761063,1.3536531940144814,9655615.001171265,60169.8844739437,0.00686106346483705,0.5403107930673824
51-4061.00,"Model Makers, Metal and Plastic",146181.22062307692,3168.014069230769,45.257343846153844,4.360625,88.87375,3230.0,70.0,51,Production Occupations,62700.0,30.14,51960.0,24.98,27720.974349999997,600.76415,24.51369192307692,False,False,False,False,18.9634306184086,18.9634306184086,612.5188089745978,13.27440143288602,38404929.32270729,689737.8984527576,0.021671826625386997,1.7066628068947272
51-4062.00,"Patternmakers, Metal and Plastic",59666.48832692307,646.0702557692307,38.00413269230769,3.6993333333333336,69.58933333333333,1570.0,17.0,51,Production Occupations,54540.0,26.219999999999995,54540.0,26.219999999999995,27870.54278076923,301.7829473076923,23.42342346153846,False,False,False,False,46.71054650989627,46.710546509896275,733.3555802053713,7.940792906682366,39997213.34440095,433090.8451304562,0.010828025477707007,0.8527102340908961
51-4071.00,Foundry Mold and Coremakers,872549.4271384615,6173.698776923076,68.59665307692308,4.490769230769231,70.60307692307693,12720.0,90.0,51,Production Occupations,45700.0,21.97,45630.0,21.94,0.0,0.0,12.206162692307691,False,False,False,False,0.0,0.0,0.0,0.0,0.0,0.0,,
51-4072.00,"Molding, Coremaking, and Casting Machine Setters, Operators, and Tenders, Metal and Plastic",11377993.80683077,207981.6720923077,73.49175692307692,3.7955172413793106,58.65551724137931,154820.0,2830.0,51,Production Occupations,41230.0,19.82,45820.0,22.03,2982199.647030769,54512.498392307694,32.79899730769231,False,False,False,False,26.210241433251685,26.210241433251685,40578.69578696026,741.7498325610227,1673059627.2963717,33986977.32794606,0.018279292081126473,1.439499700255044
51-4081.00,"Multiple Machine Tool Setters, Operators, and Tenders, Metal and Plastic",8397106.388596155,97001.61403846154,64.6677426923077,3.9776190476190476,77.82000000000001,129850.0,1500.0,51,Production Occupations,46060.0,22.14,40180.0,19.32,1388659.1500384614,16041.499615384613,35.14469192307692,False,False,False,False,16.53735329499166,16.53735329499166,21473.753253546674,248.0602994248749,989081074.8583598,9967062.830891473,0.011551790527531768,0.9097069475114091
51-4111.00,Tool and Die Makers,1991305.6082153847,5056.825415384616,36.12018153846154,3.9905882352941178,87.6029411764706,55130.0,140.0,51,Production Occupations,63180.0,30.380000000000003,66660.0,32.05,292248.9220692308,742.1521692307692,9.020020384615385,False,False,False,False,14.676246622493338,14.676246622493336,8091.014762980577,20.54674527149067,511190312.72511286,1369646.0397975682,0.0025394522038817337,0.19998261803990453
51-4121.00,"Welders, Cutters, Solderers, and Brazers",35776332.921215385,356885.87929615384,84.37018423076923,3.886896551724138,73.2948275862069,424040.0,4230.0,51,Production Occupations,51000.0,24.520000000000003,56050.0,26.95,2760518.992523077,27537.485469230767,18.71948423076923,False,False,False,False,7.716047920847941,7.716047920847941,32719.129603563608,326.3888270518679,1668675609.781744,18294093.756257195,0.009975474011885671,0.7855715520207651
51-4122.00,"Welding, Soldering, and Brazing Machine Setters, Operators, and Tenders",3165948.532923077,7851.622153846154,87.24024615384616,3.8113793103448277,70.88793103448276,36290.0,90.0,51,Production Occupations,47060.0,22.62,47320.0,22.75,717253.2583538461,1778.8038923076922,44.854216538461536,False,False,False,False,22.655240629942146,22.655240629942142,8221.586824606005,20.389716566947932,386907875.9659586,964841.3879479761,0.0024800220446403965,0.19530247528413855
51-4191.00,"Heat Treating Equipment Setters, Operators, and Tenders, Metal and Plastic",1324609.1980461539,9986.77256923077,90.78884153846154,4.279565217391304,57.54565217391304,14590.0,110.0,51,Production Occupations,47450.0,22.81,46360.0,22.29,198830.4605653846,1499.0644730769232,58.84000692307692,False,False,False,False,15.010499765415087,15.010499765415089,2190.0319157740614,16.511549741956596,103917014.40347922,765475.4460371078,0.007539410555174778,0.5937308286396716
51-4192.00,"Layout Workers, Metal and Plastic",256008.8178576923,2829.3309638461537,45.63437038461539,4.094285714285714,73.33285714285715,5610.0,62.0,51,Production Occupations,61870.0,29.74,61870.0,29.74,50726.079588461536,560.6090792307692,20.88811346153846,False,False,False,False,19.814192344210056,19.814192344210056,1111.576190510184,12.284799253410235,68773218.90686509,760060.5298084912,0.01105169340463458,0.8703241500095188
51-4193.00,"Plating Machine Setters, Operators, and Tenders, Metal and Plastic",4636232.321342308,26484.348392307693,147.13526884615385,3.9927272727272722,59.75575757575758,31510.0,180.0,51,Production Occupations,41600.0,20.0,46280.0,22.25,801507.0114961539,4578.586546153846,57.22028115384615,False,True,True,False,17.287895772748875,17.287895772748875,5447.415957993171,31.118212390947974,226612503.8525159,1440150.8694530723,0.005712472231037765,0.4498588910226206
51-4194.00,"Tool Grinders, Filers, and Sharpeners",344972.46598846157,3792.8909873076923,60.20461884615385,4.171666666666667,73.17833333333334,5730.0,63.0,51,Production Occupations,48970.0,23.54,48970.0,23.54,84865.69446923077,933.0783161538463,39.32320923076923,False,False,False,False,24.600715371895596,24.6007153718956,1409.6209908096178,15.498450684294225,69029139.91994698,758959.1300098882,0.010994764397905761,0.865840973759681
51-5111.00,Prepress Technicians and Workers,1390924.2395192308,16881.61192307692,60.29147115384615,4.243333333333333,61.93333333333333,23070.0,280.0,51,Production Occupations,47300.0,22.74,37590.0,18.07,1038401.3032846154,12603.05006153846,53.92595923076923,False,False,False,False,74.6554897658219,74.6554897658219,17223.02148897511,209.03537134430132,814648916.4285228,7857639.608832287,0.01213697442566103,0.9557903539263057
51-5112.00,Printing Press Operators,13499339.347765384,164660.12435769232,93.02831884615385,4.318695652173913,76.92391304347827,145110.0,1770.0,51,Production Occupations,45160.0,21.71,39740.0,19.11,4023670.412273077,49079.29591153846,54.91271038461538,False,False,False,False,29.8064246598789,29.806424659878893,43252.10282395028,527.5737164798566,1953264963.5295944,20965779.4929095,0.012197643167252428,0.9605680354113474
51-5113.00,Print Binding and Finishing Workers,1925655.9627038462,42768.88757307692,52.80109576923077,4.2536000000000005,66.74680000000001,36470.0,810.0,51,Production Occupations,39820.0,19.14,38330.0,18.43,401642.9317384615,8920.50383076923,37.24271269230769,False,False,False,False,20.857460497487196,20.8574604974872,7606.715843433581,168.9454300296463,302899424.88552517,6475678.333036343,0.022210035645736224,1.7490469276817249
51-6011.00,Laundry and Dry-Cleaning Workers,16240529.86633846,122203.0042153846,83.13129538461538,3.9517391304347824,53.67652173913043,195360.0,1470.0,51,Production Occupations,33800.0,16.25,33690.0,16.2,2825102.988738461,21257.68526538461,27.409803846153842,False,False,False,False,17.39538680073497,17.39538680073497,33983.627653915835,255.71218597080403,1148646614.7023551,8614943.545356387,0.007524570024570024,0.5925621324307399
51-6021.00,"Pressers, Textile, Garment, and Related Materials",3722999.515757692,33303.01467692308,138.76256115384615,4.238571428571428,74.46678571428572,26830.0,240.0,51,Production Occupations,33880.0,16.29,34450.0,16.56,394005.04079615383,3524.458061538461,29.863235384615383,False,False,False,False,10.583000054889002,10.583000054889,2839.4189147267193,25.399200131733604,96199512.83094124,875002.4445382226,0.008945210585165859,0.704438000055797
51-6031.00,Sewing Machine Operators,12330838.89495,129395.60844230768,112.51792038461538,4.039615384615384,70.22423076923077,109590.0,1150.0,51,Production Occupations,36000.0,17.31,37480.0,18.02,1736642.0026500002,18223.72755769231,48.614241923076925,False,False,False,False,14.0837295616702,14.0837295616702,15434.359226634371,161.9628899592073,555636932.1588373,6070369.11567109,0.01049365818049092,0.8263787097637251
51-6041.00,Shoe and Leather Workers and Repairers,795604.0941538461,7289.566307692308,104.13666153846154,4.284230769230769,60.49230769230769,7640.0,70.0,51,Production Occupations,35950.0,17.29,36500.0,17.55,29384.62713846154,269.23087692307695,15.33634576923077,False,False,False,False,3.6933730424946036,3.6933730424946036,282.1737004465877,2.5853611297462225,10144144.531054828,94365.68123573712,0.009162303664921467,0.7215341447997342
51-6042.00,Shoe Machine Operators and Tenders,334881.80676923075,3686.7721846153845,102.41033846153846,4.252631578947368,66.02631578947368,3270.0,36.0,51,Production Occupations,38160.0,18.35,38160.0,18.35,21900.9885,241.1118,35.71381846153846,False,False,False,False,6.539915891905144,6.539915891905144,213.8552496652982,2.354369721085852,8160716.32722778,89842.74855663611,0.011009174311926604,0.8669757587842676
51-6051.00,"Sewers, Hand",146506.1187692308,1635.1129326923078,65.40451730769232,4.491818181818181,65.60636363636364,2240.0,25.0,51,Production Occupations,33760.0,16.23,33760.0,16.23,0.0,0.0,15.459763076923078,False,False,False,False,0.0,0.0,0.0,0.0,0.0,0.0,,
51-6052.00,"Tailors, Dressmakers, and Custom Sewers",1318075.019273077,17800.89037692308,80.91313807692308,4.086818181818182,85.78909090909092,16290.0,220.0,51,Production Occupations,40860.0,19.64,40570.0,19.5,109723.66958076923,1481.8420692307693,28.684675769230772,False,False,False,False,8.324539041888695,8.324539041888695,1356.0674099236683,18.313985892155127,55408914.36948109,742998.4076447336,0.013505217925107428,1.0635399373668273
51-6061.00,Textile Bleaching and Dyeing Machine Operators and Tenders,503287.63384615385,5534.434461538462,86.47553846153846,4.324347826086957,67.58869565217391,5820.0,64.0,51,Production Occupations,37320.0,17.94,37320.0,17.94,168190.4049,1849.51648,47.23194115384615,False,False,False,False,33.41834640654271,33.41834640654272,1944.9477608607858,21.387741700187334,72585450.43532452,798190.5202509913,0.010996563573883162,0.865982659404217
51-6062.00,"Textile Cutting Machine Setters, Operators, and Tenders",479232.5646769231,5295.091953461539,53.48577730769231,4.122222222222223,72.76444444444445,8960.0,99.0,51,Production Occupations,37940.0,18.24,37940.0,18.24,113621.72898461539,1255.4186573076922,26.875919615384614,False,False,False,False,23.709100207164347,23.709100207164347,2124.3353785619256,23.472009205092704,80597284.26263946,890528.0292412172,0.011049107142857142,0.8701204811236078
51-6063.00,"Textile Knitting and Weaving Machine Setters, Operators, and Tenders",1196356.9397192309,13173.92363076923,82.33702269230768,4.273157894736842,72.04894736842105,14530.0,160.0,51,Production Occupations,38260.0,18.4,38260.0,18.4,234925.54988846154,2586.9296615384615,18.71851346153846,False,False,False,False,19.636744025875373,19.636744025875377,2853.2189069596916,31.418790441400596,109164155.3802778,1202082.9222879868,0.011011699931176875,0.8671746520530872
51-6064.00,"Textile Winding, Twisting, and Drawing Out Machine Setters, Operators, and Tenders",1769284.457,19496.484065,85.887595,4.135217391304348,64.08695652173913,20600.0,227.0,51,Production Occupations,37660.0,18.11,37660.0,18.11,480119.0024615385,5290.631726153846,29.57506923076923,False,False,False,False,27.13633754945367,27.13633754945367,5590.085535187456,61.59948623725983,210522621.2551596,2319836.6516952054,0.011019417475728155,0.86778241098702
51-6091.00,"Extruding and Forming Machine Setters, Operators, and Tenders, Synthetic and Glass Fibers",803260.9026153847,8841.260941538461,53.91012769230769,3.9452941176470584,69.87176470588236,14900.0,164.0,51,Production Occupations,44980.0,21.63,44980.0,21.63,258824.37557692308,2848.8052076923077,31.564005769230768,False,False,False,False,32.22170713577637,32.22170713577637,4801.034363230679,52.843599702673245,215950525.65811595,2376905.114626243,0.011006711409395973,0.8667818044758148
51-6092.00,Fabric and Apparel Patternmakers,117453.49,1314.164923076923,41.067653846153846,4.296250000000001,85.69,2860.0,32.0,51,Production Occupations,67670.0,32.54,67670.0,32.54,66982.4375,749.4538461538461,36.86319730769231,False,False,False,False,57.02890352598292,57.02890352598292,1631.0266408431114,18.249249128314535,110371572.78585336,1234926.6885130445,0.011188811188811189,0.8811222163868082
51-6093.00,Upholsterers,1450327.3004615386,8982.494,69.0961076923077,4.084545454545455,68.19181818181818,20990.0,130.0,51,Production Occupations,46190.0,22.21,43150.0,20.74,83368.36455769232,516.3357500000001,17.61563,False,False,False,False,5.748244863842937,5.748244863842937,1206.5565969206325,7.472718322995819,55730849.211764015,322447.79563726956,0.006193425440686041,0.4877340996495583
51-7011.00,Cabinetmakers and Bench Carpenters,4395318.787092308,112728.81978461538,55.259225384615384,4.136,75.9675,79540.0,2040.0,51,Production Occupations,46020.0,22.12,46750.0,22.48,433988.07531538466,11130.69743076923,18.010041153846153,False,False,False,False,9.873870277393154,9.873870277393154,7853.676418638514,201.42695365882034,361426188.7857444,9416710.083549852,0.025647472969575053,2.0197461415982496
51-7021.00,Furniture Finishers,912994.7257038462,10265.576676923078,64.15985423076923,4.012727272727273,66.36136363636363,14230.0,160.0,51,Production Occupations,42530.0,20.45,46380.0,22.3,0.0,0.0,8.899088461538462,False,False,False,False,0.0,0.0,0.0,0.0,0.0,0.0,,
51-7031.00,"Model Makers, Wood",13926.532153846154,154.73924615384615,38.68481153846154,3.952142857142857,85.17142857142858,360.0,4.0,51,Production Occupations,51850.0,24.93,51850.0,24.93,1651.0948615384614,18.34549846153846,20.345215384615383,False,False,False,False,11.855750184603357,11.855750184603359,42.680700664572086,0.4742300073841343,2212994.3294580625,24588.825882867364,0.011111111111111112,0.8750033121063443
51-7032.00,"Patternmakers, Wood",8909.641176923076,98.99601307692308,49.49800653846154,4.101,89.1755,180.0,2.0,51,Production Occupations,52520.0,25.25,52520.0,25.25,1772.4675461538463,19.69408384615385,33.80667076923077,False,False,False,False,19.893815148748377,19.893815148748377,35.808867267747075,0.39787630297496757,1880681.7089020764,20896.463432245295,0.011111111111111112,0.8750033121063443
51-7041.00,"Sawing Machine Setters, Operators, and Tenders, Wood",3925008.0137538463,24565.418723076924,90.98303230769231,4.209545454545455,64.91227272727272,43140.0,270.0,51,Production Occupations,39950.0,19.21,38170.0,18.35,601657.0872461539,3765.5867769230767,50.04727269230769,False,False,False,False,15.328811690010635,15.328811690010635,6612.849363070588,41.38779156302871,264183332.05466998,1579772.003960806,0.006258692628650904,0.49287391015725923
51-7042.00,"Woodworking Machine Setters, Operators, and Tenders, Except Sawing",6385542.652326923,77614.33058076924,100.79783192307693,4.0888,75.83359999999999,63350.0,770.0,51,Production Occupations,40440.0,19.44,37880.0,18.21,517932.8366153846,6295.316246153847,50.58979923076924,False,False,False,False,8.111023053407173,8.111023053407173,5138.333104333445,62.45487751123524,207794190.7392445,2365790.760125591,0.012154696132596687,0.9571859436301446
51-8011.00,Nuclear Power Reactor Operators,313129.7466,3448.8066496153847,54.74296269230769,4.416315789473684,81.15157894736842,5720.0,63.0,51,Production Occupations,122610.0,58.95,122610.0,58.95,169358.99860000002,1865.3176419230772,34.42817807692308,False,False,False,False,54.08588626245834,54.08588626245834,3093.712694212617,34.074108345348755,379320113.437409,4177826.4242232107,0.011013986013986014,0.8673546817557642
51-8012.00,Power Distributors and Dispatchers,668161.4875615385,2911.3790307692307,72.78447576923077,4.454285714285715,82.98571428571428,9180.0,40.0,51,Production Occupations,107240.0,51.56,100620.0,48.38,343439.97445384617,1496.470476923077,37.411761923076924,False,False,False,False,51.40074380928981,51.400743809289814,4718.588281692804,20.56029752371592,506021407.3287363,2068777.136836296,0.004357298474945534,0.3431385537671939
51-8013.00,Power Plant Operators,2329510.4315076927,25782.342015384616,75.83041769230769,4.288181818181818,73.76227272727273,30720.0,340.0,51,Production Occupations,99670.0,47.92,103760.0,49.88,303295.55714188033,10070.360295726496,42.583874358974356,False,False,False,False,13.019712341257176,39.05913702377153,3999.6556312342045,44.2670219602744,398645676.7651132,4593146.198598072,0.033203125,2.6147559912552865
51-8013.03,Biomass Plant Technicians,2538744.552369231,28098.08423846154,82.64142423076923,4.165,84.36277777777778,30720.0,340.0,51,Production Occupations,99670.0,47.92,103760.0,49.88,289823.5628307692,9623.047984615385,32.74329615384615,True,False,True,False,11.416019093386035,34.24805728015811,3507.00106548819,38.81446491751252,349542796.19720787,4027388.8798410986,0.033203125,2.6147559912552865
51-8013.04,Hydroelectric Plant Technicians,626707.2354461539,6936.2128923076925,20.400626153846154,4.109523809523809,89.34857142857143,30720.0,340.0,51,Production Occupations,99670.0,47.92,103760.0,49.88,61084.75076923077,2028.2046153846154,7.590866153846154,True,False,True,False,9.746935620704049,29.24080686211215,2994.2586226802837,33.13958111039376,298437756.9225439,3438562.9360144567,0.033203125,2.6147559912552865
51-8021.00,Stationary Engineers and Boiler Operators,1815840.2566384615,6489.357642307693,58.994160384615384,4.0484,81.11,30780.0,110.0,51,Production Occupations,75190.0,36.15,69450.0,33.39,638412.9639923077,2281.5278115384617,37.67023269230769,False,False,False,False,35.15799155010238,35.15799155010238,10821.629799121514,38.67379070511262,813678344.5959467,2685894.7644700715,0.003573749187784276,0.2814338138353739
51-8031.00,Water and Wastewater Treatment Plant and System Operators,3171588.9074999997,43789.19596153846,25.022397692307692,4.2162500000000005,92.08125,126750.0,1750.0,51,Production Occupations,58260.0,28.01,59120.0,28.42,508845.5775,7025.481346153846,9.282603076923078,False,False,False,False,16.04386925104669,16.043869251046686,20335.60427570168,280.7677118933171,1184752305.1023798,16598987.127132906,0.013806706114398421,1.087282222143978
51-8091.00,Chemical Plant and System Operators,1034096.0254153847,19128.45786923077,57.96502384615385,4.440526315789474,82.32052631578946,17840.0,330.0,51,Production Occupations,73540.0,35.35,53420.0,25.68,103628.05196923076,1916.8866115384615,15.820365384615386,False,False,False,False,10.021124675303199,10.0211246753032,1787.7686420740906,33.069711428500554,131472505.93812862,1766583.9845104995,0.018497757847533634,1.4567039444819745
51-8092.00,Gas Plant Operators,658406.2102230769,6621.306953846154,41.38316846153846,4.163157894736842,79.37,15910.0,160.0,51,Production Occupations,83400.0,40.1,95690.0,46.01,200069.6941384615,2012.0145230769228,20.65132653846154,False,False,False,False,30.38696947750162,30.386969477501612,4834.566843870507,48.61915116400259,403202874.7788003,4652366.574883408,0.010056568196103082,0.7919577432012168
51-8093.00,"Petroleum Pump System Operators, Refinery Operators, and Gaugers",1972452.542307692,37344.196153846155,56.582115384615385,3.877916666666667,76.74249999999999,34860.0,660.0,51,Production Occupations,97540.0,46.9,101920.0,49.0,858172.2979846154,16247.668292307693,33.273973846153844,False,False,False,False,43.50788064997435,43.50788064997434,15166.847194581058,287.1520122898307,1479374275.3594363,29266533.092579544,0.0189328743545611,1.4909694991140805
51-8099.01,Biofuels Processing Technicians,1243630.560826923,6237.645446153846,77.97056807692307,4.316842105263158,85.5278947368421,15950.0,80.0,51,Production Occupations,61710.0,29.67,63380.0,30.47,516212.3824423077,2589.153015384615,33.940570384615384,False,False,False,False,41.508499284471135,41.50849928447113,6620.605635873146,33.206799427576904,408557573.7897318,2104646.947719824,0.005015673981191222,0.39498582113891395
51-9011.00,Chemical Equipment Operators and Tenders,13060689.821423076,153763.71346153846,102.50914230769231,4.324347826086957,91.0004347826087,127410.0,1500.0,51,Production Occupations,57090.0,27.45,39110.0,18.81,2480579.984723077,29203.90846153846,46.14210038461539,False,False,False,False,18.99271798534142,18.99271798534142,24198.621985123507,284.89076978012133,1381499329.130701,11142078.006100545,0.011773016246762419,0.9271285388459026
51-9012.00,"Separating, Filtering, Clarifying, Precipitating, and Still Machine Setters, Operators, and Tenders",4069499.1003076923,36790.67452307692,75.08300923076924,3.9685,74.48949999999999,54200.0,490.0,51,Production Occupations,49500.0,23.8,45620.0,21.94,491190.54353846156,4440.652515384615,40.92963,False,False,False,False,12.070049198470715,12.070049198470713,6541.966665571127,59.1432410725065,323827349.9457708,2698114.6577277463,0.009040590405904058,0.7119491893706601
51-9021.00,"Crushing, Grinding, and Polishing Machine Setters, Operators, and Tenders",1812560.5812115385,15871.808942307693,63.48723576923077,3.8319047619047617,74.96095238095238,28550.0,250.0,51,Production Occupations,46890.0,22.54,50440.0,24.25,511698.35576923075,4480.721153846153,34.69361961538461,False,False,False,False,28.23068983587876,28.23068983587876,8059.861948143386,70.5767245896969,377926926.74844337,3559889.9883043114,0.008756567425569177,0.6895822950049998
51-9022.00,"Grinding and Polishing Workers, Hand",945992.0539615385,6386.4442461538465,79.83055307692308,3.949411764705882,74.42117647058824,11850.0,80.0,51,Production Occupations,41690.0,20.04,35710.0,17.17,151288.5990576923,1021.3576307692308,45.104940769230765,False,False,False,False,15.992586663295938,15.992586663295938,1895.1215196005685,12.79406933063675,79007616.1521477,456876.21579703834,0.006751054852320675,0.5316475820392977
51-9023.00,"Mixing and Blending Machine Setters, Operators, and Tenders",8208823.264184616,132689.22967692307,81.40443538461538,4.342499999999999,86.6,100840.0,1630.0,51,Production Occupations,47680.0,22.92,44920.0,21.6,1439953.3514,23275.72355,47.71080038461538,False,False,False,False,17.541531898762727,17.541531898762727,17688.880766712333,285.9269699498325,843405834.956844,12843839.490146475,0.016164220547401822,1.2729371864934618
51-9031.00,"Cutters and Trimmers, Hand",528295.438676923,5828.43624,74.72354153846155,4.054444444444445,67.02333333333334,7070.0,78.0,51,Production Occupations,38800.0,18.65,38800.0,18.65,83970.49876923076,926.4072,46.81760653846154,False,False,False,False,15.894609837921122,15.894609837921122,1123.7489155410233,12.397795673578475,43601457.9229917,481034.4721348448,0.011032531824611034,0.8688151698707973
51-9032.00,"Cutting and Slicing Machine Setters, Operators, and Tenders",5621717.998923076,73316.47369230769,118.25237692307692,4.098400000000001,70.9344,47540.0,620.0,51,Production Occupations,45700.0,21.97,44830.0,21.55,1830654.448953846,23874.75301538461,93.867325,False,False,False,False,32.56396797748544,32.56396797748543,15480.910376496578,201.89660146040973,707477604.2058936,9051024.643470168,0.013041649137568362,1.0270337571631047
51-9041.00,"Extruding, Forming, Pressing, and Compacting Machine Setters, Operators, and Tenders",5994482.306196154,82632.01922692308,104.5974926923077,4.176153846153846,63.95692307692308,57310.0,790.0,51,Production Occupations,45130.0,21.7,38940.0,18.72,1271555.0667346155,17527.97945769231,60.03012961538462,False,False,False,False,21.212091416472806,21.212091416472806,12156.649590780566,167.57552219013516,548629596.0319269,6525390.8340838635,0.013784679811551213,1.0855476442289491
51-9051.00,"Furnace, Kiln, Oven, Drier, and Kettle Operators and Tenders",1080851.6429538461,10701.501415384615,66.88438384615385,3.998823529411765,61.52117647058823,16160.0,160.0,51,Production Occupations,47010.0,22.6,37180.0,17.88,426869.7128,4226.4328,48.657749230769234,False,False,False,False,39.49383022015982,39.493830220159815,6382.202963577827,63.19012835225571,300027361.31779367,2349408.972136867,0.009900990099009901,0.7797059216789206
51-9061.00,"Inspectors, Testers, Sorters, Samplers, and Weighers",68537629.96816154,806897.9068615384,115.93360730769231,4.124516129032258,65.03483870967742,591180.0,6960.0,51,Production Occupations,47460.0,22.82,48000.0,23.08,21162573.461746156,249148.33264615384,68.14038923076923,False,False,False,False,30.87730560799522,30.87730560799522,182540.4552933461,2149.060470316467,8663370008.222206,103154902.57519042,0.011773064041408706,0.9271323026885449
51-9071.00,Jewelers and Precious Stone and Metal Workers,1485717.3654923076,30450.227815384616,63.43797461538461,3.943793103448276,82.91862068965517,23420.0,480.0,51,Production Occupations,49140.0,23.63,46200.0,22.21,54619.34676923077,2235.879692307692,14.250426153846153,False,False,False,False,3.676294565698375,7.342735515358083,860.9881872865594,17.6462139153522,42308959.52326153,815255.0828892716,0.04093567251461988,3.223696413023373
51-9071.06,Gem and Diamond Workers,965553.0222461538,19789.30190769231,41.22771230769231,4.175714285714286,55.50214285714286,23420.0,480.0,51,Production Occupations,49140.0,23.63,46200.0,22.21,14595.278584615382,599.8059692307692,16.800333076923074,False,False,False,False,1.5115978354728328,3.0309607283196702,354.0162130677374,7.255669610269597,17396356.710148614,335211.93599445536,0.04109589041095891,3.236313620119356
51-9081.00,Dental Laboratory Technicians,2736965.3092923076,94405.93785,80.68883576923076,4.4541176470588235,65.29294117647059,33920.0,1170.0,51,Production Occupations,48310.0,23.23,45770.0,22.0,0.0,0.0,21.769356538461537,False,False,False,False,0.0,0.0,0.0,0.0,0.0,0.0,,
51-9082.00,Medical Appliance Technicians,457609.06141153845,8363.612088461537,39.82672423076923,4.183333333333334,85.45466666666667,11490.0,210.0,51,Production Occupations,47060.0,22.63,40600.0,19.52,0.0,0.0,10.32946,False,False,False,False,0.0,0.0,0.0,0.0,0.0,0.0,,
51-9083.00,Ophthalmic Laboratory Technicians,2122233.1681384617,23328.710386153845,113.24616692307691,4.417222222222223,76.83055555555556,18740.0,206.0,51,Production Occupations,38420.0,18.47,38420.0,18.47,0.0,0.0,31.975242692307692,False,False,False,False,0.0,0.0,0.0,0.0,0.0,0.0,,
51-9111.00,Packaging and Filling Machine Operators and Tenders,34366853.66357692,472716.5824615385,89.52965576923077,4.284000000000001,86.549,383860.0,5280.0,51,Production Occupations,40900.0,19.67,40430.0,19.44,11840858.701176923,162871.18726153846,69.19481884615385,False,False,False,False,34.45429953259364,34.45429953259364,132256.27418581393,1819.1870153209443,5409281614.19979,73549731.02942577,0.013755014849163758,1.0832115195981211
51-9123.00,"Painting, Coating, and Decorating Workers",224983.7462653846,3984.3638653846156,26.562425769230767,4.2155555555555555,70.86444444444444,8470.0,150.0,51,Production Occupations,40860.0,19.64,42020.0,20.2,0.0,0.0,4.892685769230769,False,False,False,False,0.0,0.0,0.0,0.0,0.0,0.0,,
51-9124.00,"Coating, Painting, and Spraying Machine Setters, Operators, and Tenders",13147922.649230769,146729.16812307693,82.43211692307692,4.099130434782609,72.37652173913044,159500.0,1780.0,51,Production Occupations,47590.0,22.88,45720.0,21.98,2048049.3825,22855.9743,44.60584699300699,True,False,True,False,15.576980768287552,15.576980768287552,24845.284325418645,277.2702576755184,1182387081.0466733,12676796.1809247,0.011159874608150471,0.8788434520340838
51-9141.00,Semiconductor Processing Technicians,3008713.8776153848,13101.708953846155,93.58363538461539,4.1745,58.0955,32150.0,140.0,51,Production Occupations,51180.0,24.6,39090.0,18.8,989696.5238076923,4309.720476923077,52.965938076923074,False,True,True,False,32.89433838062713,32.894338380627126,10575.529789371623,46.052073732877986,541255614.6200397,1800175.5622182004,0.004354587869362363,0.3429250927695159
51-9151.00,Photographic Process Workers and Processing Machine Operators,497345.72907692305,9857.302738461538,89.61184307692308,3.998518518518519,72.92888888888889,5550.0,110.0,51,Production Occupations,40100.0,19.28,40250.0,19.35,349143.2978076923,6919.957253846153,82.17983653846153,False,False,False,False,70.20132623953654,70.20132623953654,3896.173606294278,77.2214588634902,156236561.61240056,3108163.7192554804,0.01981981981981982,1.5608167188923978
51-9161.00,Computer Numerically Controlled Tool Operators,19552548.48244231,106077.68603076923,110.49758961538461,4.262962962962963,83.08666666666667,176950.0,960.0,51,Production Occupations,49970.0,24.02,45880.0,22.06,10632888.136326924,57686.1972923077,78.54864961538462,True,True,True,True,54.38108564658457,54.38108564658458,96227.33105163141,522.058422207212,4808479732.650022,23952040.410866883,0.005425261373269285,0.42724095035879145
51-9162.00,Computer Numerically Controlled Tool Programmers,844453.4579076923,4487.000307692308,29.913335384615387,4.048,77.03933333333333,28230.0,150.0,51,Production Occupations,65670.0,31.57,69590.0,33.46,538130.0644961538,2859.352096153846,30.24107174556213,True,True,True,True,63.72524849735143,63.72524849735143,17989.63765080231,95.58787274602714,1181379504.5281878,6651960.064396029,0.005313496280552604,0.4184394159913442
51-9191.00,Adhesive Bonding Machine Operators and Tenders,867845.9765384615,4991.718846153846,71.31026923076922,4.23,82.640625,12170.0,70.0,51,Production Occupations,45210.0,21.74,54640.0,26.27,315016.11092692305,1811.9250423076921,40.21775384615385,False,False,False,False,36.29861973704294,36.29861973704294,4417.542021998126,25.409033815930062,199717074.8145353,1388349.6077024187,0.005751848808545604,0.45295980823911003
51-9192.00,"Cleaning, Washing, and Metal Pickling Equipment Operators and Tenders",405145.9454076923,5541.953176923077,29.168174615384615,3.960909090909091,71.74545454545455,13890.0,190.0,51,Production Occupations,41460.0,19.93,43730.0,21.02,88649.32428461539,1212.6257461538462,20.245027307692308,False,False,False,False,21.88083708832601,21.88083708832601,3039.248271568483,41.57359046781942,126007233.3392293,1818013.1111577433,0.013678905687544997,1.0772179004332965
51-9193.00,Cooling and Freezing Equipment Operators and Tenders,395275.6543038462,4378.62257423077,59.98113115384616,3.8955555555555557,56.053333333333335,6590.0,73.0,51,Production Occupations,40160.0,19.31,40160.0,19.31,87887.84168846154,973.5678973076924,35.83040576923077,False,False,False,False,22.234569908750984,22.234569908750984,1465.2581569866898,16.231236033388218,58844767.58458546,651846.4391008709,0.011077389984825494,0.8723477633594358
51-9194.00,Etchers and Engravers,1144383.631203846,10911.882061538461,136.39852576923076,4.17576923076923,46.301153846153845,8390.0,80.0,51,Production Occupations,40450.0,19.45,39190.0,18.84,252944.27249615383,2411.8643384615384,98.38004923076923,False,False,False,False,22.103101232762874,22.103101232762874,1854.4501934288053,17.682480986210297,75012510.32419518,692976.4298495816,0.009535160905840286,0.7508967636669461
51-9195.00,"Molders, Shapers, and Casters, Except Metal and Plastic",2615499.5277884617,38385.74846538462,75.26617346153846,3.8240909090909088,48.28409090909091,34750.0,510.0,51,Production Occupations,45690.0,21.97,39260.0,18.87,0.0,0.0,25.631326153846153,False,False,False,False,0.0,0.0,0.0,0.0,0.0,0.0,,
51-9195.03,"Stone Cutters and Carvers, Manufacturing",1545986.6420192309,22689.300357692307,44.48882423076923,3.94125,67.443125,34750.0,510.0,51,Production Occupations,45690.0,21.97,39260.0,18.87,0.0,0.0,26.11380423076923,False,False,False,False,0.0,0.0,0.0,0.0,0.0,0.0,,
51-9195.04,"Glass Blowers, Molders, Benders, and Finishers",3154935.82,46302.6552,90.78952,4.14375,47.724375,34750.0,510.0,51,Production Occupations,45690.0,21.97,39260.0,18.87,12695.919776153847,2822.5453730769236,30.713026153846155,False,False,False,False,0.40241451809165,6.095860725233147,139.83904503684838,2.0523140422674153,6389245.967733602,80573.84929941873,0.22231909328683525,17.507694867341414
51-9195.05,"Potters, Manufacturing",2156722.2758653844,31652.614696153847,62.06395038461538,4.186521739130435,75.88521739130434,34750.0,510.0,51,Production Occupations,45690.0,21.97,39260.0,18.87,41422.58522769231,3609.965561538462,28.046726923076925,False,False,False,False,1.9206267627143372,11.404952153848807,667.4178000432321,9.79519648984312,30494319.283975273,384559.41419124085,0.08714969241285032,6.8630642559263855
51-9196.00,"Paper Goods Machine Setters, Operators, and Tenders",6154645.676846154,58404.06418461539,63.48267846153846,4.192857142857142,58.62357142857143,96950.0,920.0,51,Production Occupations,49390.0,23.75,59100.0,28.42,2226606.873346154,21129.224584615386,40.61296115384616,False,False,False,False,36.17766140011397,36.17766140011396,35074.24272741049,332.83448488104847,1732316848.3068042,19670518.056469966,0.009489427539969056,0.7472952474719474
51-9197.00,Tire Builders,3167911.1067923075,34896.87485307692,151.06872230769233,4.396,50.7365,20970.0,231.0,51,Production Occupations,55580.0,26.72,55580.0,26.72,0.0,0.0,38.627588076923075,False,False,False,False,0.0,0.0,0.0,0.0,0.0,0.0,,
51-9198.00,Helpers--Production Workers,15836644.606846156,121027.55446153847,94.55277692307693,3.7243333333333335,56.074666666666666,167490.0,1280.0,51,Production Occupations,38220.0,18.38,35940.0,17.280000000000005,6593574.964846154,50389.730461538464,60.60145846153846,False,False,False,False,41.63492411767428,41.63492411767429,69734.33440469265,532.9270287062308,2665246260.947353,19153397.411701933,0.00764224729834617,0.6018292528189794
53-1041.00,Aircraft Cargo Handling Supervisors,178738.66286153847,879.6194038461538,17.592388076923076,4.498333333333333,72.11166666666666,10160.0,50.0,53,Transportation and Material Moving Occupations,63940.0,30.74,78990.0,37.98,69876.05258461538,343.8782115384615,9.778256153846153,True,False,True,False,39.09397746739635,39.09397746739636,3971.948110687469,19.546988733698175,253966362.1973568,1544016.6400748189,0.004921259842519686,0.3875506795746604
53-1042.00,"First-Line Supervisors of Helpers, Laborers, and Material Movers, Hand",6507501.0368,71661.99491538461,52.84807884615385,3.9945833333333334,79.10666666666667,123136.0,1356.0,53,Transportation and Material Moving Occupations,61900.0,29.76,61900.0,29.76,3984488.274986154,43884.23121384615,35.98381807692307,True,False,True,False,61.2291608169376,61.237802918635964,75395.13946354428,830.2674206776738,4666959132.793391,51393553.33994801,0.011013768440314622,0.8673375477642857
53-1042.01,Recycling Coordinators,3852470.02624,42424.22488615385,31.286301538461537,3.66,59.20086956521739,123136.0,1356.0,53,Transportation and Material Moving Occupations,61900.0,29.76,61900.0,29.76,1400930.9050726923,15436.516873846154,22.65551,True,False,True,False,36.36448552566669,36.38609053028151,44777.77289688493,493.1024237280403,2771744142.3171773,30523040.028765697,0.011018756755205692,0.8677303790489221
53-1043.00,First-Line Supervisors of Material-Moving Machine and Vehicle Operators,4035866.65344,44443.827816923076,32.77568423076923,3.9463157894736844,86.13684210526316,123136.0,1356.0,53,Transportation and Material Moving Occupations,61900.0,29.76,61900.0,29.76,2612246.6280727275,28770.862111748254,8.289057902097902,True,True,True,True,64.7257913203391,64.73533789723001,79700.75040021275,877.6817303037981,4933476449.7731695,54328499.1058051,0.011013838357588358,0.8673430537704341
53-2011.00,"Airline Pilots, Copilots, and Flight Engineers",8067072.610961539,144606.13542307692,81.23940192307693,4.28375,78.83291666666666,99300.0,1780.0,53,Transportation and Material Moving Occupations,226600.0,108.9423076923077,133230.0,64.05288461538461,3877292.4340384617,69502.32157692307,64.85760346153846,False,False,False,False,48.063189970175756,48.06318997017575,47726.74764038453,855.5247814691285,10814881015.311134,113981566.63513198,0.01792547834843907,1.4116367633377274
53-2012.00,Commercial Pilots,2811212.5928692305,36882.58852307692,54.23910076923077,4.40875,83.19208333333333,51830.0,680.0,53,Transportation and Material Moving Occupations,122670.0,58.97596153846154,101160.0,48.63461538461539,936180.7704230769,12282.518307692308,37.06192115384616,False,False,False,False,33.30167105816694,33.30167105816694,17260.256109447924,226.4513631955352,2117315616.945977,22907819.900860343,0.013119814779085472,1.0331893247329398
53-2021.00,Air Traffic Controllers,3444597.9766153847,53821.843384615386,153.77669538461538,4.473478260869565,83.81739130434782,22400.0,350.0,53,Transportation and Material Moving Occupations,144580.0,69.51,156120.0,75.06,1946880.8541538462,30420.013346153846,93.45266461538462,False,False,False,False,56.51982807197794,56.51982807197794,12660.441488123059,197.8193982519228,1830446630.3528318,30883564.455090187,0.015625,1.2304734076495465
53-2022.00,Airfield Operations Specialists,1163714.9696,20281.090215384615,69.93479384615385,4.045925925925926,67.87296296296296,16640.0,290.0,53,Transportation and Material Moving Occupations,56750.0,27.28,61400.0,29.52,273154.1952,4760.499796153847,43.086014999999996,False,False,False,False,23.472603028720208,23.472603028720208,3905.8411439790425,68.0705487832886,221656484.92081067,4179531.69529392,0.017427884615384616,1.3724511085321867
53-2031.00,Flight Attendants,13289143.002796154,146363.39960807693,102.13775269230769,4.0308,93.4604,130110.0,1433.0,53,Transportation and Material Moving Occupations,67130.0,32.27403846153846,49330.0,23.716346153846157,2226505.3733076924,24522.190453846153,76.24304923076923,False,False,False,False,16.754318715956444,16.754318715956444,21799.04408133093,240.08938719965582,1463369829.1797452,11843609.470559021,0.011013757589731764,0.8673366932776513
53-3011.00,"Ambulance Drivers and Attendants, Except Emergency Medical Technicians",155773.41664615384,1715.0550011538462,12.895150384615384,4.087272727272727,88.04909090909092,12080.0,133.0,53,Transportation and Material Moving Occupations,34330.0,16.51,34330.0,16.51,13310.041353846154,146.54267384615386,1.1018246153846154,False,False,False,False,8.544488296151647,8.544488296151647,1032.1741861751188,11.364169433881692,35434539.81139183,390131.9366651585,0.011009933774834437,0.8670355667146474
53-3031.00,Driver/Sales Workers,19890317.144561537,161059.05789999999,47.650608846153844,3.880909090909091,63.86181818181819,417420.0,3380.0,53,Transportation and Material Moving Occupations,37130.0,17.85,26310.0,12.65,13887435.123623077,112451.5613,44.519309615384614,False,False,False,False,69.82007889914523,69.82007889914523,291442.973340812,2359.918666791109,10821277600.14435,62089460.12327408,0.008097359973168511,0.6376695116255807
53-3032.00,Heavy and Tractor-Trailer Truck Drivers,106982890.53332308,1254561.5423230769,51.67057423076923,4.340344827586207,78.19413793103449,2070480.0,24280.0,53,Transportation and Material Moving Occupations,57440.0,27.62,59580.0,28.64,27422358.483599998,321575.1246,24.903088461538463,False,False,False,False,25.632471086634613,25.632471086634617,530715.1873545523,6223.563979834884,30484280361.645485,370799941.91856235,0.011726749352807079,0.9234850071552411
53-3033.00,Light Truck Drivers,36082699.24181538,358138.23424615385,36.285535384615386,4.41,78.43153846153847,994410.0,9870.0,53,Transportation and Material Moving Occupations,44140.0,21.22,43760.0,21.04,11129499.826788463,110465.6663653846,22.04848076923077,False,True,True,False,30.84442145583929,30.844421455839278,306720.0113990115,3044.3443976913377,13538621303.152367,133220510.84297293,0.00992548345249947,0.7816347805674375
53-3052.00,"Bus Drivers, Transit and Intercity",8474634.1875,63710.5,56.884375,4.2542857142857144,84.59285714285714,148980.0,1120.0,53,Transportation and Material Moving Occupations,57440.0,27.61,49500.0,23.8,3524161.8381,26493.900246153848,32.405720384615385,True,False,True,False,41.58482549368447,41.58482549368448,61953.07302049112,465.75004552926606,3558584514.29701,23054627.25369867,0.007517787622499665,0.5920280162459358
53-4011.00,Locomotive Engineers,2331473.328369231,25508.460923076924,72.88131692307692,4.5878571428571435,90.2242857142857,31990.0,350.0,53,Transportation and Material Moving Occupations,77400.0,37.21,79800.0,38.37,409700.65467692306,4482.501692307692,42.80503,False,False,False,False,17.572607402010973,17.572607402010973,5621.47710790331,61.50412590703841,435102328.1517162,4908029.247381665,0.010940919037199124,0.861600635553293
53-4013.00,"Rail Yard Engineers, Dinkey Operators, and Hostlers",228229.50276923075,2489.7763938461535,69.16045538461537,4.204782608695653,76.55434782608695,3300.0,36.0,53,Transportation and Material Moving Occupations,58030.0,27.9,58030.0,27.9,10500.371538461537,114.54950769230767,21.80336846153846,False,False,False,False,4.600794994098005,4.600794994098005,151.82623480523418,1.6562861978752819,8810476.40574774,96114.2880627026,0.010909090909090908,0.8590941609771379
53-4022.00,"Railroad Brake, Signal, and Switch Operators and Locomotive Firers",1375156.7274307692,15120.102059230769,110.36570846153846,4.226,80.89920000000001,12460.0,137.0,53,Transportation and Material Moving Occupations,65480.0,31.48,65480.0,31.48,197654.10523384612,2173.243372153846,38.917845692307694,True,True,True,True,14.373205707477934,14.373205707477938,1790.9014311517508,19.69129181924477,117268225.71181664,1289385.7883241477,0.01099518459069021,0.8658740640667115
53-4031.00,Railroad Conductors and Yardmasters,2202948.946153846,24242.23846153846,51.57923076923077,4.0745,73.827,42710.0,470.0,53,Transportation and Material Moving Occupations,74080.0,35.62,74080.0,35.62,541237.6126307693,5956.021492307693,29.097885,False,False,False,False,24.56877693764634,24.56877693764634,10493.324630068753,115.4732516069378,777345488.5954932,8554258.479041953,0.011004448606883634,0.8666036081034503
53-4041.00,Subway and Streetcar Operators,511841.54353846156,50071.455346153845,55.63495038461538,4.564,96.20599999999999,9200.0,900.0,53,Transportation and Material Moving Occupations,84830.0,40.78,57200.0,27.5,241638.1910769231,23638.518692307694,26.26502076923077,False,False,False,False,47.20956986149085,47.20956986149085,4343.2804272571575,424.88612875341767,368440478.64422464,24303486.56469549,0.09782608695652174,7.703833508762379
53-5011.00,Sailors and Marine Oilers,1298434.252553846,14284.432944230768,41.40415346153846,3.7621428571428575,73.96857142857142,31360.0,345.0,53,Transportation and Material Moving Occupations,49610.0,23.85,49610.0,23.85,169936.94523076923,1869.5231538461537,15.545869615384614,False,False,False,False,13.087835976024667,13.087835976024664,4104.345362081335,45.1530341172851,203616573.41285503,2240042.022558514,0.011001275510204082,0.8663537257940686
53-5021.00,"Captains, Mates, and Pilots of Water Vessels",3721240.573603846,41008.30245,105.14949346153846,4.3389655172413795,84.44413793103449,35390.0,390.0,53,Transportation and Material Moving Occupations,85540.0,41.13,49120.0,23.62,1784505.4416692308,19665.3609,79.19853653846154,False,False,False,False,47.954584133243,47.954584133242996,16971.1273247547,187.02287811964771,1451710231.359517,9186563.773237096,0.011020062164453235,0.867833180416295
53-5022.00,Motorboat Operators,127878.91953846153,1396.9966,53.73063846153846,4.254375,75.67375,2380.0,26.0,53,Transportation and Material Moving Occupations,51880.0,24.94,51880.0,24.94,20899.931553846152,228.31858,21.258763846153848,False,False,False,False,16.343531544743918,16.343531544743918,388.9760507649052,4.249318201633418,20180077.51368328,220454.62830074172,0.01092436974789916,0.8602973740877503
53-5031.00,Ship Engineers,254523.951,2818.1556346153843,29.664796153846154,4.333529411764706,88.21411764705883,8580.0,95.0,53,Transportation and Material Moving Occupations,101320.0,48.71,101320.0,48.71,58914.92969999999,652.3214826923077,13.317369615384614,False,False,False,False,23.147106379784272,23.147106379784272,1986.0217273854907,21.98975106079506,201223721.41869792,2228001.5774797555,0.011072261072261072,0.8719438599661122
53-6011.00,Bridge and Lock Tenders,255078.64984615386,2813.3674615384616,93.77891538461539,4.566111111111111,74.32722222222223,2720.0,30.0,53,Transportation and Material Moving Occupations,58490.0,28.12,58490.0,28.12,132301.83673846154,1459.2114346153846,55.04918076923077,False,False,False,False,51.867075828673634,51.867075828673634,1410.784462539923,15.56012274860209,82516783.2139601,910111.5795657362,0.011029411764705883,0.8685694642232095
53-6021.00,Parking Attendants,8423641.491326923,26900.600380769232,62.55953576923077,3.95,66.38133333333333,134650.0,430.0,53,Transportation and Material Moving Occupations,34600.0,16.63,34590.0,16.63,640870.7144999999,2046.5978999999998,34.16623615384616,False,True,True,False,7.608000829093305,7.608000829093305,10244.173116374135,32.71440356510121,354448389.82654506,1131591.2193168509,0.0031934645376903085,0.25148628428158576
53-6031.00,Automotive and Watercraft Service Attendants,5508444.193007693,94731.5629,56.054179230769236,3.9314285714285715,65.79714285714286,98270.0,1690.0,53,Transportation and Material Moving Occupations,34850.0,16.76,34350.0,16.51,1254255.3116076924,21570.077100000002,22.300322692307695,False,False,False,False,22.769683556017846,22.769683556017846,22375.768030498737,384.8076520967016,779795515.862881,13218142.8495217,0.017197517044876362,1.3543095936844913
53-6041.00,Traffic Technicians,157279.8106153846,1722.1931769230769,20.749315384615382,3.7939130434782613,53.59608695652174,7580.0,83.0,53,Transportation and Material Moving Occupations,58480.0,28.12,58480.0,28.12,120413.40483846155,1318.5108973076922,16.640893846153848,False,False,False,False,76.55998844818235,76.55998844818235,5803.247124372222,63.54479041199135,339373891.83328754,3716099.3432932543,0.010949868073878627,0.8623053748594183
53-6051.00,Transportation Inspectors,339442.78973846155,3493.4077846153846,14.555865769230769,4.094285714285714,75.64428571428572,23320.0,240.0,53,Transportation and Material Moving Occupations,85750.0,41.23,62960.0,30.27,31043.05396117216,275.5536951098901,9.320641318681318,False,False,False,False,9.145297793802198,7.887819347154397,2132.6834455146727,21.948714705125276,182877605.45288318,1381891.0778346874,0.008876500857632932,0.6990270885309259
53-6051.01,Aviation Inspectors,354741.8308923077,3650.8593230769234,15.211913846153847,4.2846153846153845,78.90153846153846,23320.0,240.0,53,Transportation and Material Moving Occupations,85750.0,41.23,62960.0,30.27,29910.016738461538,477.1237661538462,6.552465384615385,False,False,False,False,8.431488517502071,13.06880720212821,1966.223122281483,20.23557244200497,168603632.73563716,1274031.6409486327,0.015951972555746142,1.256222593881664
53-6051.07,"Transportation Vehicle, Equipment and Systems Inspectors, Except Aviation",961234.7845692307,9892.639292307693,41.21933038461538,3.8392857142857144,54.53357142857143,23320.0,240.0,53,Transportation and Material Moving Occupations,85750.0,41.23,62960.0,30.27,31308.248061538456,189.2994415384615,6.680162692307692,False,False,False,False,3.2570864646319455,1.9135382979712678,759.5525635521698,7.817007515116669,65131632.32459856,492158.79315174546,0.00604631217838765,0.4761488863906307
53-6061.00,Passenger Attendants,774002.0937384615,1832.6805692307692,30.544676153846154,4.185,59.73083333333333,25340.0,60.0,53,Transportation and Material Moving Occupations,37560.0,18.06,33780.0,16.24,378241.2330307692,895.5988153846154,20.174645769230768,False,True,True,False,48.868244167641556,48.868244167641556,12383.21307208037,29.32094650058493,465113482.9873387,990461.572789759,0.0023677979479084454,0.18646479421366455
53-7011.00,Conveyor Operators and Tenders,1707166.7751461538,15067.089726923077,65.50908576923077,4.308,56.552499999999995,26060.0,230.0,53,Transportation and Material Moving Occupations,41230.0,19.82,40680.0,19.56,413594.89224615385,3650.300276923077,34.25875307692308,False,False,False,False,24.22697643062701,24.226976430627005,6313.550057821399,55.72204579044212,260307668.88397628,2266772.8227551854,0.008825786646201074,0.6950333292632895
53-7021.00,Crane and Tower Operators,1117087.569230769,13564.634769230768,26.597323076923075,4.134545454545454,76.08545454545455,42000.0,510.0,53,Transportation and Material Moving Occupations,66370.0,31.91,69020.0,33.18,320102.48307692306,3886.958723076923,16.180288846153847,False,False,False,False,28.65509310942802,28.65509310942802,12035.139105959768,146.1409748580829,798772182.4625498,10086650.084704882,0.012142857142857143,0.9562536196590762
53-7031.00,Dredge Operators,33738.22521538461,360.31114307692303,32.755558461538456,4.276666666666666,91.56833333333333,1030.0,11.0,53,Transportation and Material Moving Occupations,48430.0,23.28,48430.0,23.28,2276.8011346153844,24.31535192307692,12.878022307692307,False,False,False,False,6.7484318457189145,6.748431845718916,69.50884801090483,0.7423275030290806,3366313.509168121,35950.920971698375,0.010679611650485437,0.8410226009565833
53-7041.00,Hoist and Winch Operators,121793.91027692308,1325.9820876923077,49.110447692307694,4.202307692307692,69.09461538461538,2480.0,27.0,53,Transportation and Material Moving Occupations,52310.0,25.15,52310.0,25.15,40452.43033846154,440.40952384615383,39.53571576923077,False,False,False,False,33.2138365920634,33.213836592063394,823.7031474831724,8.967735879857118,43087911.64484475,469102.26387532585,0.010887096774193547,0.8573621162977485
53-7051.00,Industrial Truck and Tractor Operators,33152652.325315382,284716.9218153846,41.14406384615384,4.276666666666667,69.55666666666667,805770.0,6920.0,53,Transportation and Material Moving Occupations,46390.0,22.3,47500.0,22.84,15643869.594230767,134350.4692307692,32.98274307692307,False,False,False,False,47.187384709744926,47.187384709744926,380221.78977571166,3265.3670219143487,17638488827.695263,155104933.54093155,0.008588058627151668,0.6763121768989057
53-7061.00,Cleaners of Vehicles and Equipment,17763444.0432,211379.094,47.50092,3.6670000000000003,74.3255,373960.0,4450.0,53,Transportation and Material Moving Occupations,35270.0,16.96,34170.0,16.43,1247825.8445692307,14848.713788461539,8.058274230769232,False,False,False,False,7.024684185873905,7.024684185873905,26269.508981494055,312.5984462713888,926525581.7772954,10681488.909093356,0.01189966841373409,0.9371024347486119
53-7062.00,"Laborers and Freight, Stock, and Material Movers, Hand",104293614.92297308,1040303.0460576924,34.96816961538462,3.82,53.29923076923077,2982530.0,29750.0,53,Transportation and Material Moving Occupations,38940.0,18.72,39570.0,19.02,9762319.116648078,194753.44336538462,13.616541153846153,False,False,False,False,9.360418779096037,18.72083755819207,279177.29821217305,2784.7245867810707,10871163992.382019,110191551.89892697,0.01994950595635249,1.5710295408024304
53-7062.04,Recycling and Reclamation Workers,121318984.78642309,1210126.9048076924,40.67653461538462,3.992857142857143,54.92785714285714,2982530.0,29750.0,53,Transportation and Material Moving Occupations,38940.0,18.72,39570.0,19.02,11483795.856769232,229096.05384615384,7.700707692307693,True,False,True,False,9.465786312823147,18.93157262564629,282319.9165158442,2816.0714280648863,10993537549.126972,111431946.40852755,0.01994950595635249,1.5710295408024304
53-7063.00,Machine Feeders and Offbearers,3046065.1355346153,10438.432676923077,65.24020423076924,4.075384615384616,72.78307692307693,46690.0,160.0,53,Transportation and Material Moving Occupations,39700.0,19.09,39440.0,18.96,494630.41212307697,1695.0281846153848,16.47918307692308,False,False,False,False,16.2383399603917,16.2383399603917,7581.6809275068845,25.98134393662672,300992732.82202333,1024704.2048605578,0.0034268579995716426,0.2698660889768978
53-7064.00,"Packers and Packagers, Hand",29866163.405723076,348597.4779,49.657760384615386,4.128333333333333,72.48166666666667,601440.0,7020.0,53,Transportation and Material Moving Occupations,35580.0,17.1,35430.0,17.03,4851501.649292309,56626.66530000001,12.669730000000001,False,False,False,False,16.244140847239336,16.244140847239333,97698.76071163626,1140.3386874762014,3476121906.1200185,40402199.697281815,0.011671987230646448,0.9191724737110739
53-7065.00,Stockers and Order Fillers,200687368.488,1948729.4886153846,72.20190769230769,3.9113333333333333,81.50099999999999,2779530.0,26990.0,53,Transportation and Material Moving Occupations,37090.0,17.83,37800.0,18.17,109662211.44315,1064850.2037576924,47.73937269230769,True,True,True,True,54.64330529088939,54.6433052908894,1518827.0635518578,14748.228098011044,56333295787.138405,557483022.1048175,0.009710274758682224,0.7646870317778621
53-7071.00,Gas Compressor and Gas Pumping Station Operators,153588.00549615384,1683.1562246153846,30.056361153846154,3.9853846153846155,91.80461538461539,5110.0,56.0,53,Transportation and Material Moving Occupations,71510.0,34.38,71510.0,34.38,136743.12044615386,1498.5547446153846,28.503204615384615,False,False,False,False,89.03242151261492,89.03242151261492,4549.556739294622,49.85815604706435,325338802.42695844,3565356.7389255716,0.01095890410958904,0.8630169653651613
53-7072.00,"Pump Operators, Except Wellhead Pumpers",310134.70384615386,4922.773076923077,24.613865384615387,4.162142857142857,76.58714285714287,12600.0,200.0,53,Transportation and Material Moving Occupations,60020.0,28.86,73840.0,35.5,147757.13723076924,2345.3513846153846,19.405186153846152,False,False,False,False,47.64289045964556,47.64289045964556,6003.004197915339,95.28578091929111,360300311.95887864,7035902.063080456,0.015873015873015872,1.2500047315804916
53-7073.00,Wellhead Pumpers,353158.5493269231,3663.8927307692306,20.354959615384615,4.058571428571429,70.29571428571428,17350.0,180.0,53,Transportation and Material Moving Occupations,70010.0,33.66,66890.0,32.16,176301.21755769232,1829.061623076923,12.788731923076924,False,False,False,False,49.92126564504833,49.92126564504833,8661.339589415886,89.858278161087,606380384.6550062,6010620.226195109,0.01037463976945245,0.8170059744162984
53-7081.00,Refuse and Recyclable Material Collectors,5067620.027815385,24759.17243076923,36.410547692307695,3.975,82.45785714285715,139180.0,680.0,53,Transportation and Material Moving Occupations,48350.0,23.24,50720.0,24.38,1032199.028076923,5043.076153846153,22.10393346153846,False,False,False,False,20.36851662933175,20.36851662933175,28348.901444703934,138.50591307945592,1370669384.8514352,7025019.911390005,0.00488575944819658,0.3847550129394185
53-7121.00,"Tank Car, Truck, and Ship Loaders",715618.2726,2621.312353846154,65.53280884615384,4.287894736842105,67.15578947368421,10920.0,40.0,53,Transportation and Material Moving Occupations,58070.0,27.92,47540.0,22.86,165042.8136,604.5524307692308,39.83031692307692,False,False,False,False,23.062968054234112,23.062968054234112,2518.476111522365,9.225187221693645,146247907.79610375,438565.40051931585,0.0036630036630036634,0.2884626303647289
