soc_code_2019,title,task_comp_nat,task_comp_ut,freq_sum_eco,importance,relevance,tot_emp_nat,tot_emp_ut,major_group_code,major_occ_category,a_med_nat,h_med_nat,a_med_ut,h_med_ut,ai_task_comp_nat,ai_task_comp_ut,freq_sum_ai,code_changed,title_changed,code_or_title_changed,code_and_title_changed,pct_automated_nat,pct_automated_ut,people_automated_nat,people_automated_ut,eco_value_nat,eco_value_ut,ut_share_of_nat,ut_concentration_index
11-1011.00,Chief Executives,3761657.2440192304,70669.79386923077,17.756229615384616,3.950967741935484,72.6974193548387,211850.0,3980.0,11,Management Occupations,206420.0,99.24,163980.0,78.84,0.0,0.0,15.507808461538461,False,False,False,False,0.0,0.0,0.0,0.0,0.0,0.0,,
11-1011.03,Chief Sustainability Officers,1618392.793826923,30404.547176923075,7.639333461538461,3.757222222222222,96.50277777777778,211850.0,3980.0,11,Management Occupations,206420.0,99.24,163980.0,78.84,0.0,0.0,3.695580769230769,False,False,False,False,0.0,0.0,0.0,0.0,0.0,0.0,,
11-1021.00,General and Operations Managers,69870293.94412307,894913.3179076923,19.492775384615385,3.6958823529411764,69.39117647058823,3584420.0,45910.0,11,Management Occupations,102950.0,49.5,91230.0,43.86,0.0,0.0,18.68142423076923,False,False,False,False,0.0,0.0,0.0,0.0,0.0,0.0,,
11-2011.00,Advertising and Promotions Managers,372525.7100769231,4096.017286153846,17.655246923076923,3.691904761904762,72.79380952380953,21100.0,232.0,11,Management Occupations,126960.0,61.04,108370.0,52.10000000000001,29345.204990950224,322.6581780995475,20.210278371040722,False,False,False,False,7.87736368179547,7.8773636817954715,1662.123736858844,18.27548374176549,211023229.63159883,1980514.1730951262,0.01099526066350711,0.8891590048354173
11-2021.00,Marketing Managers,3934261.3544769227,67039.20849230769,10.219391538461538,3.4295,73.021,384980.0,6560.0,11,Management Occupations,161030.0,77.42,135190.0,65.0,0.0,0.0,8.788786153846154,False,False,False,False,0.0,0.0,0.0,0.0,0.0,0.0,,
11-2022.00,Sales Managers,6808787.663576922,97669.57838461538,11.278242307692308,3.584705882352941,82.30588235294118,603710.0,8660.0,11,Management Occupations,138060.0,66.38,130430.0,62.71,0.0,0.0,9.739890769230769,False,False,False,False,0.0,0.0,0.0,0.0,0.0,0.0,,
11-3012.00,Administrative Services Managers,1594059.623069231,11352.98621923077,6.272368076923077,3.655,74.9975,254140.0,1810.0,11,Management Occupations,108390.0,52.11,105800.0,50.86,85819.48694431907,841.288739010989,13.710562403846154,True,False,True,False,5.3837062116334575,7.410285917426148,13682.150966245268,97.44508243056558,1483008343.2313247,10309689.721153839,0.009803003594706053,0.7927441820089248
11-3013.00,Facilities Managers,1464904.6937076922,16612.428307692306,10.382767692307691,3.921818181818182,82.02363636363636,141090.0,1600.0,11,Management Occupations,104690.0,50.33,94310.0,45.34,85819.48694431907,841.288739010989,13.710562403846154,True,True,True,True,5.858366575856131,5.064212909929816,8265.569401875415,93.7338652136981,865322460.6823372,8840040.828303868,0.009803003594706053,0.7927441820089248
11-3021.00,Computer and Information Systems Managers,8508774.72885,106562.20498846154,13.172089615384616,3.84,89.90588235294118,645970.0,8090.0,11,Management Occupations,171200.0,82.31,162400.0,78.08,425796.59140000003,5332.591953846154,11.883718846153846,False,False,False,False,5.004205716673715,5.004205716673714,32325.667667997197,404.8402424789035,5534154304.76112,65746055.37857393,0.01252380141492639,1.0127682411214842
11-3031.00,Financial Managers,15301560.974023078,162058.7496576923,18.691897307692308,3.904705882352941,57.60529411764706,818620.0,8670.0,11,Management Occupations,161700.0,77.74,137760.0,66.23,0.0,0.0,18.636154230769232,False,False,False,False,0.0,0.0,0.0,0.0,0.0,0.0,,
11-3031.01,Treasurers and Controllers,9755610.406215385,103321.61713846153,11.917141538461538,4.113181818181818,79.08318181818181,818620.0,8670.0,11,Management Occupations,161700.0,77.74,137760.0,66.23,91324.19457423077,2901.988633076923,9.639302307692308,False,False,False,False,0.936119737992482,2.8086945534233765,7663.263399154056,81.1615812839482,1239149691.643211,11180819.437676704,0.03177677773788751,2.569707889151948
11-3031.03,Investment Fund Managers,30074163.70826154,318515.3054538461,36.737636153846154,4.047,78.4505,818620.0,8670.0,11,Management Occupations,161700.0,77.74,137760.0,66.23,4571249.749874359,145242.2442576923,30.05474576923077,True,False,True,False,15.199923077557138,45.59976923267142,124429.61029749824,1317.8333308242038,20120267985.105465,181544719.65434232,0.031772983802008256,2.569401083123965
11-3051.00,Industrial Production Managers,3881767.2143153846,37926.64442692308,16.561853461538462,3.6976923076923076,84.13461538461539,234380.0,2290.0,11,Management Occupations,121440.0,58.39,108370.0,52.10000000000001,7390.824946153845,433.70453076923076,23.254660384615384,False,False,False,False,0.19039845869421468,1.1435352041356863,446.2559074875004,4.360124704097516,54193317.40528205,472506.7141830478,0.05868147790388795,4.745423150218416
11-3051.01,Quality Control Systems Managers,6802797.196561539,66466.4458576923,29.024648846153845,3.8985185185185185,85.9774074074074,234380.0,2290.0,11,Management Occupations,121440.0,58.39,108370.0,52.1,0.0,0.0,17.799539615384617,False,False,False,False,0.0,0.0,0.0,0.0,0.0,0.0,,
11-3051.02,Geothermal Production Managers,5157451.309338462,50390.66259230769,22.004656153846156,3.9629411764705886,79.54529411764706,234380.0,2290.0,11,Management Occupations,121440.0,58.39,108370.0,52.1,9494.150113846154,555.7701069230769,11.571617307692307,False,False,False,False,0.184086083307376,1.1029228002410056,431.46096205582785,4.2155713077389105,52396619.23205973,456841.4626196657,0.058538163001293664,4.733833635420304
11-3051.03,Biofuels Production Managers,6401449.12143077,62545.091253846156,27.312266923076923,4.057142857142857,90.90785714285714,234380.0,2290.0,11,Management Occupations,121440.0,58.39,108370.0,52.1,4649.706446538462,274.9061915384616,8.276351153846155,False,False,False,False,0.07263521678196544,0.4395328010998089,170.24242109357058,1.6633464643070084,20674239.617603213,180256.8563369505,0.05912334352701326,4.781155708977397
11-3051.04,Biomass Power Plant Managers,6470586.0831,63220.59105,27.607245,3.856842105263158,82.88631578947368,234380.0,2290.0,11,Management Occupations,121440.0,58.39000000000001,108370.0,52.1,28270.56130461539,1658.54832,12.794472692307693,False,False,False,False,0.4369088200287294,2.6234305824320505,1024.026892383336,10.005211978657904,124357825.81103233,1084264.8221271571,0.058666975237213606,4.744250356133559
11-3051.06,Hydroelectric Production Managers,4036669.0464615384,39440.10630769231,17.222753846153847,3.967777777777778,85.05777777777777,234380.0,2290.0,11,Management Occupations,121440.0,58.39,108370.0,52.1,0.0,0.0,6.2228903846153845,False,False,False,False,0.0,0.0,0.0,0.0,0.0,0.0,,
11-3061.00,Purchasing Managers,1297151.7996461538,7983.4551923076915,15.966910384615383,4.051666666666667,93.56722222222223,81240.0,500.0,11,Management Occupations,139510.0,67.07,123360.0,59.31,148321.5865384615,912.8605769230768,12.990409615384614,False,False,False,False,11.434404714924014,11.434404714924016,9289.31039040427,57.17202357462007,1295951692.5652995,7052740.828165132,0.006154603643525358,0.4977072775542482
11-3071.00,"Transportation, Storage, and Distribution Managers",5219563.607307692,63712.983,24.50499346153846,3.914615384615385,92.16576923076923,213000.0,2600.0,11,Management Occupations,102010.0,49.05,97980.0,47.11,50288.84942307692,1227.709,19.550869505494504,False,False,False,False,0.9634684660738613,1.9269369321477225,2052.1878327373247,25.050180117920394,209343680.8175345,2454416.6479538404,0.024413145539906107,1.9742295210163103
11-3071.04,Supply Chain Managers,2135131.006153846,26062.631999999998,10.02408923076923,3.627666666666667,86.03133333333334,213000.0,2600.0,11,Management Occupations,102010.0,49.05,97980.0,47.11,46177.171153846146,1127.33,8.409562692307691,True,False,True,False,2.1627324515804847,4.32546490316097,4606.620121866433,56.2310437410926,469921318.63159484,5509517.665752253,0.024413145539906107,1.9742295210163103
11-3111.00,Compensation and Benefits Managers,144427.84978846152,1223.3549807692307,7.196205769230768,3.875,74.67545454545454,20070.0,170.0,11,Management Occupations,140360.0,67.48,132920.0,63.91,0.0,0.0,6.588759615384615,False,False,False,False,0.0,0.0,0.0,0.0,0.0,0.0,,
11-3121.00,Human Resources Managers,3016879.0499076922,28976.149003846152,13.998139615384614,3.9057692307692307,94.71076923076923,215520.0,2070.0,11,Management Occupations,140030.0,67.32,131070.0,63.02,0.0,0.0,11.251087692307692,False,False,False,False,0.0,0.0,0.0,0.0,0.0,0.0,,
11-3131.00,Training and Development Managers,225863.96110769227,2511.8323076923075,5.023664615384615,3.9616666666666664,92.47166666666668,44960.0,500.0,11,Management Occupations,127090.0,61.1,109980.0,52.88,0.0,0.0,4.192748461538461,False,False,False,False,0.0,0.0,0.0,0.0,0.0,0.0,,
11-9013.00,"Farmers, Ranchers, and Other Agricultural Managers",111296.43807692306,1224.0725,18.831884615384613,3.8590000000000004,84.1375,5910.0,65.0,11,Management Occupations,87980.0,42.3,87980.0,42.3,0.0,0.0,12.061807552447553,False,False,False,False,0.0,0.0,0.0,0.0,0.0,0.0,,
11-9021.00,Construction Managers,3542852.23845,50549.69605,10.170964999999999,3.6260000000000003,92.7368,348330.0,4970.0,11,Management Occupations,106980.0,51.43,99900.0,48.03,0.0,0.0,6.535414142011834,False,False,False,False,0.0,0.0,0.0,0.0,0.0,0.0,,
11-9031.00,"Education and Childcare Administrators, Preschool and Daycare",1319669.5139846154,10134.295346153845,18.42599153846154,3.928235294117647,85.17294117647059,71620.0,550.0,11,Management Occupations,56270.0,27.05,59400.0,28.56,0.0,0.0,15.223460416666667,False,True,True,False,0.0,0.0,0.0,0.0,0.0,0.0,,
11-9032.00,"Education Administrators, Kindergarten through Secondary",5998869.808296153,52738.554457692306,18.768168846153845,3.776875,81.05875,319630.0,2810.0,11,Management Occupations,104070.0,48.39,124650.0,59.92788461538461,0.0,0.0,12.2582512,False,True,True,False,0.0,0.0,0.0,0.0,0.0,0.0,,
11-9033.00,"Education Administrators, Postsecondary",3399529.7362076924,47210.338134615384,19.269525769230768,3.6974074074074075,66.34962962962963,176420.0,2450.0,11,Management Occupations,103960.0,49.97999999999999,100110.0,48.13,77624.12146153845,1077.9905769230768,11.973419999999999,False,False,False,False,2.283378216545068,2.283378216545068,4028.335849628809,55.94276630535416,418785794.92741096,5600430.334829005,0.013887314363450856,1.1230320951121464
11-9041.00,Architectural and Engineering Managers,2924808.6847,34484.76532307693,13.905147307692308,3.346315789473684,80.61105263157894,210340.0,2480.0,11,Management Occupations,167740.0,80.64,149990.0,72.11,0.0,0.0,13.775273846153846,False,False,False,False,0.0,0.0,0.0,0.0,0.0,0.0,,
11-9041.01,Biofuels/Biodiesel Technology and Product Development Managers,4531095.1737,53423.58101538462,21.541766538461538,3.548888888888889,65.62444444444445,210340.0,2480.0,11,Management Occupations,167740.0,80.64,149990.0,72.11,0.0,0.0,5.397771923076923,False,False,False,False,0.0,0.0,0.0,0.0,0.0,0.0,,
11-9051.00,Food Service Managers,15459950.063007694,127867.58026153847,63.30078230769231,4.3246153846153845,77.12461538461538,244230.0,2020.0,11,Management Occupations,65310.0,31.4,57450.0,27.62,516571.68380404863,4272.508706072875,44.41716971659919,False,False,False,False,3.3413541550828976,3.3413541550828976,8160.589252958961,67.49535393267453,532968084.1107497,3877608.083432152,0.00827089219178643,0.6688461961395764
11-9071.00,Gambling Managers,208125.23921538462,2297.486406923077,45.04875307692308,4.254736842105263,70.18,4620.0,51.0,11,Management Occupations,85580.0,41.14,85580.0,41.14,0.0,0.0,40.60835547337278,False,True,True,False,0.0,0.0,0.0,0.0,0.0,0.0,,
11-9081.00,Lodging Managers,1749823.7902307692,19254.4093,42.31738307692308,4.142083333333333,84.895,41350.0,455.0,11,Management Occupations,68130.0,32.76,64160.0,30.850000000000005,0.0,0.0,39.80442923076923,False,False,False,False,0.0,0.0,0.0,0.0,0.0,0.0,,
11-9111.00,Medical and Health Services Managers,10661587.530676924,93833.42623846153,18.84205346153846,3.9766666666666666,87.50055555555555,565840.0,4980.0,11,Management Occupations,117960.0,56.71,107980.0,51.91,0.0,0.0,14.972551923076923,False,False,False,False,0.0,0.0,0.0,0.0,0.0,0.0,,
11-9121.00,Natural Sciences Managers,1200077.1593461537,13681.855192307692,11.897265384615384,3.795,83.3125,100870.0,1150.0,11,Management Occupations,161180.0,77.49,117190.0,56.34,0.0,0.0,11.897265384615384,False,False,False,False,0.0,0.0,0.0,0.0,0.0,0.0,,
11-9121.01,Clinical Research Coordinators,2941782.8445923077,33538.71588461538,29.164100769230767,3.9381818181818184,75.16272727272727,100870.0,1150.0,11,Management Occupations,161180.0,77.49,117190.0,56.34,0.0,0.0,27.554781923076924,False,False,False,False,0.0,0.0,0.0,0.0,0.0,0.0,,
11-9121.02,Water Resource Specialists,996863.9141999999,11365.059,9.88266,3.505714285714286,93.07190476190476,100870.0,1150.0,11,Management Occupations,161180.0,77.49,117190.0,56.34,0.0,0.0,4.454530384615384,False,False,False,False,0.0,0.0,0.0,0.0,0.0,0.0,,
11-9131.00,Postmasters and Mail Superintendents,301335.21450384613,2400.208080769231,21.820073461538463,4.1269230769230765,70.48692307692308,13810.0,110.0,11,Management Occupations,92730.0,44.58,94720.0,45.54,48407.53968076923,385.5777961538461,20.837306153846153,False,False,False,False,16.064348722227212,16.064348722227205,2218.4865585395783,17.670783594449933,205720258.5733751,1673776.6220662976,0.007965242577842143,0.6441290825685421
11-9141.00,"Property, Real Estate, and Community Association Managers",4577611.797415385,49535.24093076923,15.43153923076923,3.9722222222222223,77.22222222222223,296640.0,3210.0,11,Management Occupations,66700.0,32.07,59100.0,28.42,0.0,0.0,13.296620769230769,False,False,False,False,0.0,0.0,0.0,0.0,0.0,0.0,,
11-9151.00,Social and Community Service Managers,3901607.0141,40315.341799999995,19.95809,3.915625,77.901875,195490.0,2020.0,11,Management Occupations,78240.0,37.61,77600.0,37.31,0.0,0.0,15.217308846153845,False,False,False,False,0.0,0.0,0.0,0.0,0.0,0.0,,
11-9161.00,Emergency Management Directors,52149.507092307686,746.7709846153845,4.148727692307691,3.8552173913043477,94.66347826086958,12570.0,180.0,11,Management Occupations,86130.0,41.41,79750.0,38.34,0.0,0.0,3.2195180769230762,False,False,False,False,0.0,0.0,0.0,0.0,0.0,0.0,,
11-9171.00,Funeral Home Managers,206782.37723076923,2679.3448269230767,15.760851923076922,3.978695652173913,90.83826086956523,13120.0,170.0,11,Management Occupations,76830.0,36.94,89060.0,42.82,0.0,0.0,12.40103751923077,True,True,True,True,0.0,0.0,0.0,0.0,0.0,0.0,,
11-9179.01,Fitness and Wellness Coordinators,204348.30261923076,2259.7143092307692,19.480295769230768,3.82625,91.34541666666667,10490.0,116.0,11,Management Occupations,61340.0,29.49,59840.0,28.77,0.0,0.0,15.351188076923076,True,False,True,False,0.0,0.0,0.0,0.0,0.0,0.0,,
11-9179.02,Spa Managers,427354.80108846154,4725.753758461538,40.73925653846154,4.081428571428571,90.75333333333333,10490.0,116.0,11,Management Occupations,61340.0,29.49,59840.0,28.77,78339.0335423077,866.2848323076923,37.723969230769235,True,False,True,False,18.331146237922265,18.331146237922265,1922.9372403580458,21.26412963598983,117952970.32356253,1272445.5174176313,0.011058150619637748,0.8942447570079742
11-9199.01,Regulatory Affairs Managers,6081092.562353846,58692.595176923074,9.637536153846153,3.867037037037037,92.75296296296295,630980.0,6090.0,11,Management Occupations,136550.0,65.65,136550.0,65.65,0.0,0.0,7.382571538461538,False,False,False,False,0.0,0.0,0.0,0.0,0.0,0.0,,
11-9199.02,Compliance Managers,14167251.726815384,136737.3974076923,22.452774615384616,3.949655172413793,72.49206896551723,630980.0,6090.0,11,Management Occupations,136550.0,65.65,136550.0,65.65,0.0,0.0,18.272118259109313,False,False,False,False,0.0,0.0,0.0,0.0,0.0,0.0,,
11-9199.08,Loss Prevention Managers,9764933.631653845,94247.75082692307,15.475821153846153,3.8,90.90777777777777,630980.0,6090.0,11,Management Occupations,136550.0,65.65,136550.0,65.65,0.0,0.0,13.175476923076921,False,False,False,False,0.0,0.0,0.0,0.0,0.0,0.0,,
11-9199.09,Wind Energy Operations Managers,10660457.09303077,102891.03251538462,16.89507923076923,3.983125,96.07625,630980.0,6090.0,11,Management Occupations,136550.0,65.65,136550.0,65.65,0.0,0.0,10.762739230769231,False,False,False,False,0.0,0.0,0.0,0.0,0.0,0.0,,
11-9199.10,Wind Energy Development Managers,3776027.004615384,36444.902307692304,5.984384615384615,3.720666666666667,92.466,630980.0,6090.0,11,Management Occupations,136550.0,65.65,136550.0,65.65,0.0,0.0,4.330817692307692,False,True,True,False,0.0,0.0,0.0,0.0,0.0,0.0,,
11-9199.11,Brownfield Redevelopment Specialists and Site Managers,3289709.8477384606,31751.137869230763,5.213651538461537,3.6208695652173915,87.46347826086956,630980.0,6090.0,11,Management Occupations,136550.0,65.65,136550.0,65.65,0.0,0.0,3.637158461538461,False,False,False,False,0.0,0.0,0.0,0.0,0.0,0.0,,
13-1011.00,"Agents and Business Managers of Artists, Performers, and Athletes",376402.44835384615,3441.0913,26.469933076923077,3.7214285714285715,77.18785714285715,14220.0,130.0,13,Business and Financial Operations Occupations,96310.0,46.3,60470.0,29.07,0.0,0.0,19.483113461538462,False,False,False,False,0.0,0.0,0.0,0.0,0.0,0.0,,
13-1021.00,"Buyers and Purchasing Agents, Farm Products",4561914.542076923,50256.9513323077,28.107914615384615,3.6875,68.82583333333334,162300.0,1788.0,13,Business and Financial Operations Occupations,75650.0,36.37,75650.0,36.37,541668.3222692308,5967.362663076924,25.99956,False,False,False,False,11.873706034454191,11.87370603445419,19271.02489391915,212.3018638960409,1457853033.224984,16060636.003735496,0.011016635859519409,0.8908875630384564
13-1022.00,"Wholesale and Retail Buyers, Except Farm Products",3254423.4324230766,35852.79788769231,20.051900384615383,3.5869999999999997,69.869,162300.0,1788.0,13,Business and Financial Operations Occupations,75650.0,36.37,75650.0,36.37,0.0,0.0,17.793492307692308,False,False,False,False,0.0,0.0,0.0,0.0,0.0,0.0,,
13-1023.00,"Purchasing Agents, Except Wholesale, Retail, and Farm Products",4360544.437615384,48038.530218461536,26.867186923076922,3.858421052631579,96.05631578947369,162300.0,1788.0,13,Business and Financial Operations Occupations,75650.0,36.37,75650.0,36.37,378097.7629615385,4165.365373846154,25.570251538461537,False,False,False,False,8.670884298298901,8.670884298298901,14072.845216139118,155.03541125358436,1064610740.6009243,11728428.861333657,0.011016635859519409,0.8908875630384564
13-1031.00,"Claims Adjusters, Examiners, and Investigators",20123297.739369232,137885.0313923077,65.97369923076923,4.271481481481481,80.82925925925926,305020.0,2090.0,13,Business and Financial Operations Occupations,76790.0,36.92,66240.0,31.84,1088045.5233384613,7455.298484615384,65.95209230769231,False,False,False,False,5.406894721881535,5.406894721881536,16492.11028068306,113.00409968732409,1266429148.4536521,7485391.563288348,0.006852009704281688,0.5541047471482519
13-1032.00,"Insurance Appraisers, Auto Damage",182667.22162692307,1875.9149846153846,23.448937307692308,4.428571428571429,92.83857142857143,7790.0,80.0,13,Business and Financial Operations Occupations,76650.0,36.85,66080.0,31.77,0.0,0.0,14.311342692307692,False,False,False,False,0.0,0.0,0.0,0.0,0.0,0.0,,
13-1041.00,Compliance Officers,14583969.62616923,140424.37506153845,36.664327692307694,4.315,64.13333333333334,397770.0,3830.0,13,Business and Financial Operations Occupations,78420.0,37.7,64730.0,31.12,0.0,0.0,48.77912937062937,False,False,False,False,0.0,0.0,0.0,0.0,0.0,0.0,,
13-1041.01,Environmental Compliance Inspectors,6045848.662257692,58213.541434615385,15.199358076923076,3.9584615384615387,70.0,397770.0,3830.0,13,Business and Financial Operations Occupations,78420.0,37.7,64730.0,31.12,104976.3549197802,7075.486023076923,11.906415769230769,False,False,False,False,1.736337787862838,12.154364515039868,6906.630818782011,66.5017372751467,541617988.8088853,4304657.453820245,0.06740075923272243,5.450529445238584
13-1041.03,Equal Opportunity Representatives and Officers,10563055.434403846,101708.2794423077,26.55568653846154,4.054444444444445,70.97222222222223,397770.0,3830.0,13,Business and Financial Operations Occupations,78420.0,37.7,64730.0,31.12,0.0,0.0,16.588825,False,False,False,False,0.0,0.0,0.0,0.0,0.0,0.0,,
13-1041.04,Government Property Inspectors and Investigators,3278084.836303846,31563.629542307688,8.241156538461537,3.743846153846154,54.159230769230774,397770.0,3830.0,13,Business and Financial Operations Occupations,78420.0,37.7,64730.0,31.12,0.0,0.0,6.561143461538461,False,False,False,False,0.0,0.0,0.0,0.0,0.0,0.0,,
13-1041.06,Coroners,12729691.18371923,122570.12151153845,32.002642692307695,4.592499999999999,94.421,397770.0,3830.0,13,Business and Financial Operations Occupations,78420.0,37.7,64730.0,31.12,0.0,0.0,28.673855,False,False,False,False,0.0,0.0,0.0,0.0,0.0,0.0,,
13-1041.07,Regulatory Affairs Specialists,7165845.826546154,68997.63560769231,18.015048461538463,3.799,84.16666666666667,397770.0,3830.0,13,Business and Financial Operations Occupations,78420.0,37.7,64730.0,31.12,135410.52441758243,9126.772153846156,15.959502307692308,False,False,False,False,1.8896656123405402,13.227659286383783,7516.5229062069675,72.37419295264269,589445726.3047504,4684781.509824561,0.06740075923272243,5.450529445238584
13-1041.08,Customs Brokers,26179455.607176926,252073.59774615386,65.81556076923077,3.9743478260869565,95.0,397770.0,3830.0,13,Business and Financial Operations Occupations,78420.0,37.7,64730.0,31.12,0.0,0.0,64.32279538461539,True,False,True,False,0.0,0.0,0.0,0.0,0.0,0.0,,
13-1051.00,Cost Estimators,1355131.3331846152,15432.18846153846,6.172875384615384,3.869285714285714,91.88214285714285,219530.0,2500.0,13,Business and Financial Operations Occupations,77070.0,37.05,79150.0,38.05,34998.14807692307,398.5576923076922,5.4384830769230765,False,False,False,False,2.582638835062278,2.582638835062278,5669.667034612219,64.56597087655696,436961238.35756373,5110396.594879484,0.011387965198378354,0.9209160303490894
13-1071.00,Human Resources Specialists,23671072.81786154,269616.8889615385,25.80065923076923,4.067692307692308,75.9326923076923,917460.0,10450.0,13,Business and Financial Operations Occupations,72910.0,35.05,67620.0,32.51,6318818.376438462,71972.24078846155,25.067432692307694,False,False,False,False,26.69426276138383,26.694262761383825,244909.18313059208,2789.55045856461,17856328542.051468,188629402.00813892,0.011390142349530227,0.9210920910729612
13-1074.00,Farm Labor Contractors,4117.635834615385,50.215071153846154,10.04301423076923,4.227142857142857,88.15142857142857,410.0,5.0,13,Business and Financial Operations Occupations,48690.0,23.41,48690.0,23.41,0.0,0.0,6.115556153846153,False,False,False,False,0.0,0.0,0.0,0.0,0.0,0.0,,
13-1075.00,Labor Relations Specialists,468818.8635692307,1524.2601230769228,7.2583815384615376,3.6592857142857143,76.82785714285714,64590.0,210.0,13,Business and Financial Operations Occupations,93500.0,44.95,91730.0,44.1,2832.023076923074,9.207692307692298,1.6552203846153843,False,False,False,False,0.6040761788811572,0.6040761788811572,390.1728039393394,1.2685599756504302,36481157.16832823,116365.00656641397,0.003251277287505806,0.26292259600515544
13-1081.00,Logisticians,4886196.8722,82321.34435,20.735855,3.804090909090909,93.18045454545454,235640.0,3970.0,13,Business and Financial Operations Occupations,80880.0,38.89,84000.0,40.38,0.0,0.0,17.51077769230769,False,False,False,False,0.0,0.0,0.0,0.0,0.0,0.0,,
13-1081.01,Logistics Engineers,2383244.833846153,40152.27461538461,10.113923076923076,3.566333333333333,84.307,235640.0,3970.0,13,Business and Financial Operations Occupations,80880.0,38.89,84000.0,40.38,18580.863357692302,3202.48448076923,6.598853846153845,False,False,False,False,0.7796455946872205,7.975848221416021,1837.1568793209663,30.951930109082653,148589248.39947975,2599962.129162943,0.17235391160892594,13.937826234016955
13-1081.02,Logistics Analysts,10086125.83733846,169928.36349615385,42.80311423076923,3.7638709677419353,78.88516129032259,235640.0,3970.0,13,Business and Financial Operations Occupations,80880.0,38.89,84000.0,40.38,699439.725276923,66025.67313461538,40.75765346153846,False,False,False,False,6.93467181112914,38.855004412556355,16340.860655744704,275.30647090182686,1321648809.8366315,23125743.555753455,0.09439794559634773,7.633723831899053
13-1111.00,Management Analysts,4840301.409461538,39907.172376923074,5.4148130769230765,3.950909090909091,93.01,893900.0,7370.0,13,Business and Financial Operations Occupations,101190.0,48.65,101190.0,48.65,0.0,0.0,5.099259615384614,False,False,False,False,0.0,0.0,0.0,0.0,0.0,0.0,,
13-1121.00,"Meeting, Convention, and Event Planners",3809366.884823077,54593.28794615385,28.28667769230769,3.958571428571428,76.91809523809523,134670.0,1930.0,13,Business and Financial Operations Occupations,59440.0,28.58,49400.0,23.75,0.0,0.0,25.709365384615385,False,False,False,False,0.0,0.0,0.0,0.0,0.0,0.0,,
13-1131.00,Fundraisers,2346779.698026923,14621.68036153846,22.15406115384615,3.7889285714285714,85.91,105930.0,660.0,13,Business and Financial Operations Occupations,66490.0,31.97,60610.0,29.140000000000004,300022.11664615385,1869.2966769230766,21.50155095238095,False,False,False,False,12.784417595669515,12.784417595669515,13542.533559092717,84.3771561314188,900443056.3440747,5114099.433125294,0.006230529595015575,0.5038472178007117
13-1141.00,"Compensation, Benefits, and Job Analysis Specialists",906916.3433730769,9479.344411538461,8.859200384615384,3.433636363636364,56.49409090909091,102370.0,1070.0,13,Business and Financial Operations Occupations,77020.0,37.03,68030.0,32.71,0.0,0.0,8.843669615384615,False,False,False,False,0.0,0.0,0.0,0.0,0.0,0.0,,
13-1151.00,Training and Development Specialists,3766936.234680769,58668.299846153845,8.627691153846154,3.8549999999999995,90.17699999999999,436610.0,6800.0,13,Business and Financial Operations Occupations,65850.0,31.660000000000004,60510.0,29.09,136767.9145730769,2130.0973846153847,4.94195423076923,False,False,False,False,3.6307467409165572,3.630746740916558,15852.203345515782,246.8907783823259,1043867590.3022143,14939360.99991454,0.015574540207507847,1.2594737947085428
13-1161.00,Market Research Analysts and Marketing Specialists,7355767.129092307,113692.61733076922,8.541894615384615,3.986923076923077,95.22538461538463,861140.0,13310.0,13,Business and Financial Operations Occupations,76950.0,37.0,64900.0,31.2,1258704.65665,38909.72195,8.167652307692308,False,False,False,False,17.11180675733712,34.22361351467424,147356.61271013287,2277.5814794015705,11339091348.044725,147815038.01316193,0.0309125113222008,2.499816843400282
13-1161.01,Search Marketing Strategists,17069857.230299998,263836.07745,19.822394999999997,3.516111111111111,88.40555555555555,861140.0,13310.0,13,Business and Financial Operations Occupations,76950.0,37.0,64900.0,31.200000000000003,2958028.651496154,91440.09418076923,15.744631538461537,True,False,True,False,17.32895953133972,34.65791906267944,149226.60210817886,2306.484513621317,11482987032.224363,149690844.93402347,0.030912511322200804,2.499816843400282
13-1199.04,Business Continuity Planners,4376459.1996153835,35998.52984615384,3.8791519230769222,4.022380952380952,89.60904761904762,1128200.0,9280.0,13,Business and Financial Operations Occupations,81270.0,39.07,79790.0,38.36,0.0,0.0,2.671055769230769,False,False,False,False,0.0,0.0,0.0,0.0,0.0,0.0,,
13-1199.05,Sustainability Specialists,5708399.101923076,46954.39076923076,5.059740384615385,3.834285714285714,98.75714285714285,1128200.0,9280.0,13,Business and Financial Operations Occupations,81270.0,39.07,79790.0,38.36,0.0,0.0,3.7426746153846153,False,False,False,False,0.0,0.0,0.0,0.0,0.0,0.0,,
13-1199.06,Online Merchants,73865434.46346153,607579.5353846154,65.47193269230769,3.9535294117647055,73.16647058823528,1128200.0,9280.0,13,Business and Financial Operations Occupations,81270.0,39.07,79790.0,38.36,14052288.04875,462347.928,64.91954538461539,False,False,False,False,19.02417301248142,76.09669204992568,214630.71992681536,1765.443255558276,17443038608.452286,140864717.36099485,0.03290196773621698,2.660699167101904
13-2011.00,Accountants and Auditors,14161886.521499999,161733.90899999999,9.77835,4.1476,82.08879999999999,1448290.0,16540.0,13,Business and Financial Operations Occupations,81680.0,39.27,75100.0,36.11,4546142.406065734,51918.60428251748,9.755888986013986,False,False,False,False,32.1012486518937,32.1012486518937,464919.17410051124,5309.546527023218,37974598140.529755,398746944.17944366,0.011420364705963585,0.923536096830756
13-2023.00,Appraisers and Assessors of Real Estate,1099536.0570403845,12099.177875,37.22823961538462,4.167241379310345,86.71344827586208,29535.0,325.0,13,Business and Financial Operations Occupations,65420.0,31.45,65420.0,31.45,83413.75346192307,919.2881920384616,19.188985692307693,True,False,True,False,7.586268128982276,7.597939310719173,2240.604291894915,24.6553714191924,146580332.77576536,1612954.3982435667,0.01102082275266633,0.8912261465298168
13-2031.00,Budget Analysts,651969.1173,5252.242200000001,13.82169,3.9676923076923076,87.18692307692308,47170.0,380.0,13,Business and Financial Operations Occupations,87930.0,42.27,80420.0,38.66,138271.7613576923,1113.9128538461537,12.232047692307692,False,False,False,False,21.208329917576034,21.208329917576034,10003.969222120615,80.59165368678893,879649013.7010657,6481180.789491566,0.008055967776128894,0.6514658005865043
13-2041.00,Credit Analysts,1596081.7668038462,20374.503776923077,23.69128346153846,4.0627272727272725,80.45454545454545,67370.0,860.0,13,Business and Financial Operations Occupations,80970.0,38.93,72500.0,34.86,855151.093146154,10916.282323076925,22.05088423076923,False,False,False,False,53.578150626868826,53.578150626868826,36095.60007732153,460.7720953910719,2922660738.260724,33405976.915852714,0.012765325812676266,1.0322997101533657
13-2052.00,Personal Financial Advisors,2334375.1432615384,22611.885815384616,8.630490769230768,3.8352380952380956,90.05047619047619,270480.0,2620.0,13,Business and Financial Operations Occupations,102140.0,49.11,67210.0,32.31,363483.0915692308,3520.8728923076924,8.177010384615384,False,False,False,False,15.570894533317386,15.570894533317386,42116.15553371687,407.9574367729155,4301744126.2138405,27418819.325507652,0.00968648328896776,0.7833214786948288
13-2053.00,Insurance Underwriters,2530888.469030769,10797.706323076922,23.473274615384614,4.197142857142857,95.71428571428571,107820.0,460.0,13,Business and Financial Operations Occupations,79880.0,38.4,63410.0,30.49,0.0,0.0,23.473274615384614,False,False,False,False,0.0,0.0,0.0,0.0,0.0,0.0,,
13-2061.00,Financial Examiners,286857.8562692307,2739.371538461538,4.56561923076923,3.918823529411765,89.76941176470588,62830.0,600.0,13,Business and Financial Operations Occupations,90400.0,43.46,80030.0,38.48,0.0,0.0,3.501137307692307,False,False,False,False,0.0,0.0,0.0,0.0,0.0,0.0,,
13-2071.00,Credit Counselors,2370648.4061884615,22770.368896153846,84.33469961538462,4.326086956521739,92.8395652173913,28110.0,270.0,13,Business and Financial Operations Occupations,50480.0,24.270000000000003,49250.0,23.68,0.0,0.0,71.18267192307692,False,False,False,False,0.0,0.0,0.0,0.0,0.0,0.0,,
13-2072.00,Loan Officers,5378415.729188462,103484.47295,18.512428076923076,3.988235294117647,82.49,290530.0,5590.0,13,Business and Financial Operations Occupations,74180.0,35.66,60870.0,29.27,754792.1264852071,14522.727384615384,23.598313136094674,True,True,True,True,14.033725998326577,14.033725998326577,40772.184142938204,784.4852833064557,3024480619.723156,47751619.19486396,0.019240698034626372,1.5559467338130644
13-2081.00,"Tax Examiners and Collectors, and Revenue Agents",3186899.0175423077,189916.0819346154,59.534821923076926,4.215714285714286,54.46619047619048,53530.0,3190.0,13,Business and Financial Operations Occupations,59740.0,28.72,48530.0,23.33,496016.8859692308,29559.011138461537,51.93473115384616,False,False,False,False,15.564248607781494,15.564248607781494,8331.542279745434,496.4995305882297,497726335.79199225,24095122.219446786,0.059592751728002984,4.819115566558479
13-2082.00,Tax Preparers,3289218.747742308,65721.78278076922,44.708695769230765,4.453333333333333,100.0,73570.0,1470.0,13,Business and Financial Operations Occupations,50560.0,24.31,58660.0,28.2,1028253.5950615385,20545.504753846155,34.16556423076923,False,False,False,False,31.261332064561625,31.261332064561632,22998.96199989799,459.54158134905583,1162827518.7148423,26956709.161935616,0.019980970504281638,1.6158107018052323
13-2099.01,Financial Quantitative Analysts,1005153.9346538461,16640.83799230769,7.886653076923077,3.2952380952380955,88.80952380952381,127450.0,2110.0,13,Business and Financial Operations Occupations,80190.0,38.55,77940.0,37.47,130279.5,4314.6,7.744105384615384,False,False,False,False,12.96114908457932,25.927780812447338,16518.984508296344,273.48024568462364,1324657367.7202837,21315050.348659568,0.033118027011156785,2.678171335863537
13-2099.04,"Fraud Examiners, Investigators and Analysts",2120057.172134615,35098.63188076923,16.63442269230769,4.211304347826087,87.55782608695652,127450.0,2110.0,13,Business and Financial Operations Occupations,80190.0,38.55,77940.0,37.47,46521.588807692315,1539.7216153846157,13.577775769230769,False,False,False,False,2.1943553890507244,4.386842258168585,2796.705943345148,46.30089870897028,224267849.59684744,3608692.0453771437,0.03309692671394799,2.676465008033568
15-1211.00,Computer Systems Analysts,11835830.269384615,66811.3359923077,23.776276153846155,3.494090909090909,81.31,497800.0,2810.0,15,Computer and Mathematical Occupations,103790.0,49.9,93330.0,44.87,555992.5157261539,6278.102641538462,23.776276153846155,True,False,True,False,4.697537080810655,9.396762612651974,23384.33958827544,132.0007919707794,2427060605.867108,12319633.914632842,0.011291703510323242,0.9131315903640569
15-1211.01,Health Informatics Specialists,7412360.131769231,41841.56683461538,14.890237307692306,3.9811764705882355,97.75941176470589,497800.0,2810.0,15,Computer and Mathematical Occupations,103790.0,49.9,93330.0,44.87,0.0,0.0,14.890237307692306,True,True,True,True,0.0,0.0,0.0,0.0,0.0,0.0,,
15-1212.00,Information Security Analysts,2389953.011873077,22909.876723076923,13.31969576923077,4.047272727272728,89.25272727272727,179430.0,1720.0,15,Computer and Mathematical Occupations,124910.0,60.05,97180.0,46.72,1002843.4485346153,9613.167984615386,13.31969576923077,True,False,True,False,41.96080188826211,41.960801888262125,75290.26682810871,721.7257924781084,9404507229.49906,70137312.51302257,0.009585910940199522,0.7751884464474419
15-1221.00,Computer and Information Research Scientists,769683.2944,17401.883215384616,20.002164615384615,3.4686666666666666,78.06266666666667,38480.0,870.0,15,Computer and Mathematical Occupations,140910.0,67.74,94830.0,45.59,0.0,0.0,20.002164615384615,True,False,True,False,0.0,0.0,0.0,0.0,0.0,0.0,,
15-1231.00,Computer Network Support Specialists,4510489.3294230765,30798.834615384614,30.798834615384614,3.7973076923076925,86.64307692307692,146450.0,1000.0,15,Computer and Mathematical Occupations,73340.0,35.26,69280.0,33.31,2440330.4841153845,16663.233076923076,30.798834615384614,True,False,True,False,54.10345321507545,54.10345321507545,79234.50723347798,541.0345321507544,5811058760.503275,37482872.38740427,0.006828269033799931,0.5521848989895134
15-1232.00,Computer User Support Specialists,17634547.81498846,271899.98567307694,25.29302192307692,3.469375,88.588125,697210.0,10750.0,15,Computer and Mathematical Occupations,60340.0,29.01,57560.0,27.67,2147713.036084615,33114.721730769226,25.044843461538463,True,False,True,False,12.179008266144308,12.179008266144308,84913.26353238472,1309.243388610513,5123666321.544094,75360049.44842112,0.01541859697938928,1.2468630590681473
15-1241.00,Computer Network Architects,2869741.87815,27398.81235,16.212315,3.597272727272727,93.48484848484848,177010.0,1690.0,15,Computer and Mathematical Occupations,130390.0,62.69,128990.0,62.01,73233.7605876923,1398.5417400000001,14.822916153846153,True,False,True,False,2.5519284903387547,5.104388183453508,4517.16862074863,43.12759148672495,588993616.4594139,5563028.0258726515,0.019096953765269833,1.544322497207555
15-1241.01,Telecommunications Engineering Specialists,1917793.1272346152,18310.09765,10.834377307692307,3.866153846153846,86.05346153846153,177010.0,1690.0,15,Computer and Mathematical Occupations,130390.0,62.690000000000005,128990.0,62.01,102523.20068692307,1957.3903799999998,10.834377307692307,True,False,True,False,5.345894676072681,10.690223599107894,9462.768166116253,90.3456200256283,1233850341.1798983,11653681.527105795,0.019092170034539967,1.5439356489658136
15-1242.00,Database Administrators,627585.7130153846,6860.734769230769,8.575918461538462,3.373333333333333,89.315,73180.0,800.0,15,Computer and Mathematical Occupations,104620.0,50.3,97890.0,47.06,185135.83652441858,2624.4474713774594,17.07921923076923,True,False,True,False,29.4996894742695,38.25315450391204,21587.87275727042,235.997515794156,2258523247.865631,23101796.82108993,0.014175793950250721,1.1463607118829728
15-1243.00,Database Architects,973730.0834653846,9471.205073076922,15.033658846153845,3.7864,97.5244,64770.0,630.0,15,Computer and Mathematical Occupations,135980.0,65.37,127770.0,61.43,185135.83652441858,2624.4474713774594,17.07921923076923,True,True,True,True,19.013055020909196,27.70975236126792,12314.755737042886,119.78224663172794,1674560485.1230917,15304577.652135879,0.014175793950250721,1.1463607118829728
15-1243.01,Data Warehousing Specialists,435725.875776923,4238.185915384615,6.727279230769231,3.839444444444444,97.10055555555556,64770.0,630.0,15,Computer and Mathematical Occupations,135980.0,65.37,127770.0,61.43,98862.83543076922,1923.2232923076922,6.727279230769231,True,False,True,False,22.689227545757156,45.37845509151431,14695.812681386911,142.94213353827007,1998336608.414992,18263716.402184766,0.019453450671607225,1.5731515031007866
15-1244.00,Network and Computer Systems Administrators,6655998.797942308,51815.54138461538,20.893363461538463,3.5725000000000002,86.69800000000001,318570.0,2480.0,15,Computer and Mathematical Occupations,96800.0,46.54,88330.0,42.47,4579558.557726923,35650.893753846154,20.893363461538463,True,False,True,False,68.80347633390029,68.80347633390029,219187.23455690616,1706.3262130807273,21217324305.108517,150719794.40142065,0.00778478827259315,0.6295361979263436
15-1251.00,Computer Programmers,3363296.492,36733.92,30.6116,3.621176470588235,81.01176470588236,109870.0,1200.0,15,Computer and Mathematical Occupations,98670.0,47.44,88410.0,42.51,1396167.9963346154,15248.945076923077,30.6116,True,False,True,False,41.51189167103069,41.511891671030696,45609.11537896141,498.14270005236824,4500251414.442122,44040796.11162987,0.010921998725766815,0.8832344966634849
15-1253.00,Software Quality Assurance Analysts and Testers,7881601.509,169624.0565,39.447455,3.9307407407407404,95.53407407407407,199800.0,4300.0,15,Computer and Mathematical Occupations,102610.0,49.32999999999999,107170.0,51.52000000000001,11274779.137057599,206831.9479312523,35.06440444444444,True,True,True,True,143.05188005487122,121.93550384243541,285817.6563496327,6151.230842359463,29327749718.035812,659227409.3756636,0.0183446562825735,1.4834860967323433
15-1254.00,Web Developers,1719424.8592615386,38592.21406153846,21.80351076923077,3.631111111111111,93.20962962962962,78860.0,1770.0,15,Computer and Mathematical Occupations,90930.0,43.72,80350.0,38.63,624371.0378911243,13502.673307544377,19.49580065088757,True,False,True,False,36.312784157330384,34.98807631511696,28636.26158647074,642.7362795847479,2603895266.0577846,51643860.064634494,0.021626040428061828,1.7488433584268088
15-1255.01,Video Game Designers,1931472.4379230768,19765.51686923077,17.33817269230769,3.93625,97.08333333333333,111400.0,1140.0,15,Computer and Mathematical Occupations,98090.0,47.16,99300.0,47.74,0.0,0.0,17.33817269230769,True,False,True,False,0.0,0.0,0.0,0.0,0.0,0.0,,
15-1299.01,Web Administrators,11516474.26523077,130267.37015384616,26.21073846153846,3.898285714285714,91.24799999999999,439380.0,4970.0,15,Computer and Mathematical Occupations,108970.0,52.39,95640.0,45.98,564302.7190153846,38298.30006153846,25.832797692307693,True,False,True,False,4.899960752042517,29.3997645122551,21529.44755232441,243.5280493765131,2346063899.776791,23291022.642369714,0.06786835996176431,5.488343137120863
15-1299.02,Geographic Information Systems Technologists and Technicians,16014978.181246154,181151.71733076923,36.44903769230769,3.832692307692308,93.44500000000001,439380.0,4970.0,15,Computer and Mathematical Occupations,108970.0,52.39,95640.0,45.98,1321120.9398115384,89662.31149615385,40.654695887573965,True,True,True,True,8.249283419933699,49.495700519602195,36245.70149050469,409.9893859707048,3949694091.420296,39211384.87423821,0.06786835996176431,5.488343137120863
15-1299.03,Document Management Specialists,8183849.46293077,92570.74020384616,18.62590346153846,3.8330434782608696,88.08434782608695,439380.0,4970.0,15,Computer and Mathematical Occupations,108970.0,52.39,95640.0,45.98,522480.7843615385,35459.91394615385,18.62590346153846,True,False,True,False,6.3842912400594125,38.305747440356484,28051.298850573046,317.29927463095277,3056750035.746945,30346502.625704322,0.06786835996176431,5.488343137120863
15-1299.08,Computer Systems Engineers/Architects,9242391.084507693,104544.32083846153,21.035074615384612,3.7175000000000002,93.28964285714287,439380.0,4970.0,15,Computer and Mathematical Occupations,108970.0,52.39,95640.0,45.98,138213.76685769227,9380.34168076923,21.035074615384612,True,False,True,False,1.495433006393436,8.97259803836062,6570.633543491479,74.32302041775377,716001937.2342665,7108253.67275397,0.06786835996176431,5.488343137120863
15-1299.09,Information Technology Project Managers,10682897.400553845,120838.45436923076,24.313572307692304,4.055238095238095,98.39047619047618,439380.0,4970.0,15,Computer and Mathematical Occupations,108970.0,52.39,95640.0,45.98,817891.5619846153,55508.95893846154,20.30835823076923,True,False,True,False,7.656083657063039,45.93650194237824,33639.30037240358,380.5073577560331,3665674561.580818,36391723.695787005,0.06786835996176431,5.488343137120863
15-2011.00,Actuaries,281908.5639,3183.1595076923077,9.947373461538461,3.5493333333333337,84.62933333333334,28340.0,320.0,15,Computer and Mathematical Occupations,125770.0,60.47,128860.0,61.95,0.0,0.0,6.175029615384616,False,False,False,False,0.0,0.0,0.0,0.0,0.0,0.0,,
15-2021.00,Mathematicians,25071.91239230769,271.0477015384615,11.29365423076923,3.8927272727272726,89.77181818181818,2220.0,24.0,15,Computer and Mathematical Occupations,121680.0,58.5,121680.0,58.5,0.0,0.0,11.874923499999998,False,False,False,False,0.0,0.0,0.0,0.0,0.0,0.0,,
15-2031.00,Operations Research Analysts,1050814.1382461537,10629.05911923077,9.751430384615384,4.143529411764706,98.04,107760.0,1090.0,15,Computer and Mathematical Occupations,91290.0,43.89,82230.0,39.54,92515.81449230768,935.8039884615383,9.40734076923077,False,False,False,False,8.804203438556685,8.804203438556685,9487.409625388684,95.96581748026787,866105624.701733,7891269.171402427,0.010115070527097253,0.8179802479412168
15-2041.00,Statisticians,757381.4071538461,8336.278575384615,25.41548346153846,4.084210526315789,94.98842105263158,29800.0,328.0,15,Computer and Mathematical Occupations,103300.0,49.66,88060.0,42.34,171968.63653846152,1892.8091538461538,22.48573769230769,False,False,False,False,22.705684997562887,22.705684997562887,6766.2941292737405,74.47464679200627,698958183.5539774,6558237.396504072,0.011006711409395974,0.8900849977819018
15-2041.01,Biostatisticians,211187.32769230765,2324.477969230769,7.086823076923076,3.9812,90.66680000000001,29800.0,328.0,15,Computer and Mathematical Occupations,103300.0,49.66,88060.0,42.34,29763.305884615384,327.5961184615385,6.5635988461538455,False,False,False,False,14.093319996917359,14.093319996917359,4199.809359081373,46.226089589888936,433840306.79310584,4070669.44928562,0.011006711409395974,0.8900849977819018
15-2051.01,Business Intelligence Analysts,4104048.035384615,84914.9760576923,17.580740384615385,3.732941176470588,96.21823529411765,233440.0,4830.0,15,Computer and Mathematical Occupations,112590.0,54.13,116420.0,55.97,651378.615651282,40432.128773076925,15.213753461538461,True,False,True,False,15.871612857236878,47.614838571710635,37050.69305393377,766.5989010045413,4171537530.9424033,89247444.0549487,0.06207162440027417,5.01957574898105
15-2051.02,Clinical Data Managers,2772919.0152615383,57373.19586923077,11.87850846153846,3.7285714285714286,93.0952380952381,233440.0,4830.0,15,Computer and Mathematical Occupations,112590.0,54.13,116420.0,55.96999999999999,242098.0202461538,15027.41738076923,10.884151923076923,True,False,True,False,8.730800247454015,26.192400742362043,20381.180097656652,421.6976519520289,2294717067.1951623,49094040.640255205,0.06207162440027417,5.01957574898105
15-2099.01,Bioinformatics Technicians,85406.93682307692,934.7111111538461,18.327668846153845,3.6231578947368424,73.98315789473685,4660.0,51.0,15,Computer and Mathematical Occupations,71490.0,34.37,71490.0,34.37,55653.61289230769,609.0846046153846,17.623518076923077,True,False,True,False,65.16287196623836,65.16287196623836,3036.5898336267073,33.23306470278156,217085807.2059733,2375831.7956018536,0.01094420600858369,0.8850303436282674
17-1011.00,"Architects, Except Landscape and Naval",2800991.1880692304,32763.078499999996,25.202368076923076,3.73375,94.04791666666667,111140.0,1300.0,17,Architecture and Engineering Occupations,96690.0,46.49,81710.0,39.29,793018.7381153845,9275.907499999998,21.50462923076923,False,False,False,False,28.312075435768342,28.312075435768342,31466.040639312938,368.05698066498843,3042451469.415168,30073935.890136205,0.011696958790714413,0.9459035630206811
17-1012.00,Landscape Architects,263769.7183,1751.28005,13.471385000000001,3.8063157894736848,98.12105263157895,19580.0,130.0,17,Architecture and Engineering Occupations,79660.0,38.3,82180.0,39.51,0.0,0.0,9.42459423076923,False,False,False,False,0.0,0.0,0.0,0.0,0.0,0.0,,
17-1021.00,Cartographers and Photogrammetrists,505202.9437615385,7899.967846153846,39.49983923076923,4.03,77.66071428571429,12790.0,200.0,17,Architecture and Engineering Occupations,78380.0,37.68,65250.0,31.37,0.0,0.0,39.49983923076923,False,False,False,False,0.0,0.0,0.0,0.0,0.0,0.0,,
17-1022.00,Surveyors,1303777.602076923,16211.251269230768,24.562501923076923,4.0216666666666665,87.76333333333334,53080.0,660.0,17,Architecture and Engineering Occupations,72740.0,34.97,64260.0,30.899999999999995,59122.95384615384,940.0861538461537,24.50256,False,False,False,False,4.53474225603897,5.798973430449834,2407.0411895054854,29.9292988898572,175088176.124629,1923256.7466622237,0.015900527505651844,1.2858355655184628
17-1022.01,Geodetic Surveyors,615536.5241076923,7653.619176923077,11.596392692307692,4.13875,94.44624999999999,53080.0,660.0,17,Architecture and Engineering Occupations,72740.0,34.97,64260.0,30.9,0.0,0.0,11.248080384615385,False,False,False,False,0.0,0.0,0.0,0.0,0.0,0.0,,
17-2011.00,Aerospace Engineers,756699.2263076924,11056.388461538461,11.05638846153846,3.5485714285714285,72.725,68440.0,1000.0,17,Architecture and Engineering Occupations,134830.0,64.82,130670.0,62.82,0.0,0.0,10.160256538461539,False,False,False,False,0.0,0.0,0.0,0.0,0.0,0.0,,
17-2021.00,Agricultural Engineers,15541.845415384614,175.77087076923075,9.251098461538461,3.612142857142857,84.47357142857143,1680.0,19.0,17,Architecture and Engineering Occupations,84630.0,40.69,84630.0,40.69,710.355046153846,8.033777307692308,6.509010384615384,False,False,False,False,4.570596522924346,4.570596522924347,76.786021585129,0.8684133393556257,6498401.006749468,73493.8209096666,0.011309523809523811,0.9145726730257564
17-2031.00,Bioengineers and Biomedical Engineers,305259.06831538456,5585.710307692307,13.964275769230769,3.496666666666667,82.75366666666667,21860.0,400.0,17,Architecture and Engineering Occupations,106950.0,51.42,86140.0,41.41,17783.748984615384,325.4116923076923,10.492827307692307,False,True,True,False,5.825788921769801,5.825788921769802,1273.5174582988784,23.303155687079208,136202692.16506505,2007333.830885003,0.018298261665141813,1.479734281006665
17-2041.00,Chemical Engineers,240688.33219615382,2651.9521107692303,11.839071923076922,4.043846153846154,96.15153846153846,20330.0,224.0,17,Architecture and Engineering Occupations,121860.0,58.59,80820.0,38.85,0.0,0.0,10.416662517482516,False,False,False,False,0.0,0.0,0.0,0.0,0.0,0.0,,
17-2051.00,Civil Engineers,4120917.3000346157,53452.150342307694,11.59482653846154,3.59125,73.5125,355410.0,4610.0,17,Architecture and Engineering Occupations,99590.0,47.88,92000.0,44.23,106208.16952307694,4133.30916923077,7.557979615384615,False,False,False,False,2.577294368954815,7.732727575525117,9159.961916702307,118.81327040881698,912240607.2843827,10930820.877611162,0.03891705494776165,3.147124102598555
17-2051.01,Transportation Engineers,4595191.987396154,59603.936473076916,12.929270384615384,3.661153846153846,89.85961538461538,355410.0,4610.0,17,Architecture and Engineering Occupations,99590.0,47.88,92000.0,44.23,0.0,0.0,10.78064769230769,False,False,False,False,0.0,0.0,0.0,0.0,0.0,0.0,,
17-2051.02,Water/Wastewater Engineers,2404722.513980769,31191.49936538461,6.7660519230769225,3.75,82.29035714285715,355410.0,4610.0,17,Architecture and Engineering Occupations,99590.0,47.88,92000.0,44.23,0.0,0.0,6.0112753846153835,True,False,True,False,0.0,0.0,0.0,0.0,0.0,0.0,,
17-2061.00,Computer Hardware Engineers,641360.4632038461,3642.649573076923,8.471278076923078,3.6205555555555557,94.93,75710.0,430.0,17,Architecture and Engineering Occupations,155020.0,74.53,104080.0,50.04,0.0,0.0,6.327629704142011,False,False,False,False,0.0,0.0,0.0,0.0,0.0,0.0,,
17-2071.00,Electrical Engineers,3008797.784192308,30599.56430769231,15.937273076923079,3.6295454545454544,71.88409090909092,188790.0,1920.0,17,Architecture and Engineering Occupations,111910.0,53.8,107520.0,51.68999999999999,388057.046273077,3946.551876923077,13.802644615384617,False,False,False,False,12.897411993317071,12.897411993317068,24349.024102183303,247.6303102716878,2724899287.2753334,26625210.960411873,0.010170030192277132,0.8224246974811553
17-2072.00,"Electronics Engineers, Except Computer",1396058.9962846152,16495.90681153846,14.861177307692307,3.339,78.1875,93940.0,1110.0,17,Architecture and Engineering Occupations,127590.0,61.34000000000001,110390.0,53.07000000000001,16066.782310384615,379.59728461538464,12.274989230769231,False,False,False,False,1.1508670015481974,2.301160457270928,1081.1244612543767,12.77462371718499,137940670.0114459,1410190.7121400512,0.02362621695384741,1.910592590536
17-2072.01,Radio Frequency Identification Device Specialists,1895338.4260461538,22395.418915384616,20.176053076923075,3.765238095238095,89.95380952380953,93940.0,1110.0,17,Architecture and Engineering Occupations,127590.0,61.34,110390.0,53.07,13549.087911153845,320.2808346153846,18.13029730769231,False,False,False,False,0.7148637797323858,1.4301176317597994,671.5430346806031,7.934987955029483,85682175.79489815,875943.3203557046,0.023638553142143526,1.9115901869772778
17-2081.00,Environmental Engineers,377388.5641730769,4276.075957692307,9.944362692307692,3.7551724137931037,91.9548275862069,37950.0,430.0,17,Architecture and Engineering Occupations,104170.0,50.08,99180.0,47.68,0.0,0.0,5.542563076923076,False,False,False,False,0.0,0.0,0.0,0.0,0.0,0.0,,
17-2111.00,"Health and Safety Engineers, Except Mining Safety Engineers and Inspectors",282958.5984923077,2924.6366769230767,12.185986153846153,3.8468,88.79,23220.0,240.0,17,Architecture and Engineering Occupations,109660.0,52.72,102980.0,49.51,0.0,0.0,8.59832946745562,False,False,False,False,0.0,0.0,0.0,0.0,0.0,0.0,,
17-2111.02,Fire-Prevention and Protection Engineers,326258.9419153846,3372.185446153846,14.05077269230769,3.87,91.15384615384616,23220.0,240.0,17,Architecture and Engineering Occupations,109660.0,52.72,102980.0,49.51,0.0,0.0,8.98562564102564,False,False,False,False,0.0,0.0,0.0,0.0,0.0,0.0,,
17-2112.00,Industrial Engineers,5602449.210957692,73263.90482307693,15.99648576923077,3.5355,79.7645,350230.0,4580.0,17,Architecture and Engineering Occupations,101140.0,48.63,100710.0,48.42,77667.97723076923,4063.206399999999,11.513182307692308,False,False,False,False,1.386321844361576,5.5459866762659304,4855.314995507547,63.49354047176018,491066558.6456333,6394434.460910968,0.05231507945581341,4.230588560869979
17-2112.01,Human Factors Engineers and Ergonomists,3511624.7390461536,45921.94073846153,10.026624615384614,4.014230769230769,92.11538461538461,350230.0,4580.0,17,Architecture and Engineering Occupations,101140.0,48.63,100710.0,48.42,7652.736987692308,400.2572492307692,4.221133846153846,False,False,False,False,0.21792581942485645,0.871603514124866,763.2415973716747,9.981002529658426,77194255.15817118,1005186.7647619001,0.05230249646296381,4.22957100596679
17-2112.02,Validation Engineers,5973837.817592308,78120.59847692307,17.05689923076923,3.8566666666666665,94.88714285714286,350230.0,4580.0,17,Architecture and Engineering Occupations,101140.0,48.63,100710.0,48.42,161291.01778846153,8436.888461538461,13.772813461538462,True,False,True,False,2.6999564218746763,10.799825687498707,9456.057376331679,123.65800412186017,956385643.042186,12453597.595112538,0.05230848299688776,4.230055121869917
17-2112.03,Manufacturing Engineers,5687453.803665385,74375.52014615384,16.239196538461538,3.682916666666667,92.5,350230.0,4580.0,17,Architecture and Engineering Occupations,101140.0,48.63,100710.0,48.42,11818.309294230769,618.1978307692307,12.929414660633483,True,False,True,False,0.2077961369394199,0.8311845477576796,727.7644104029304,9.517063071825431,73606092.46815237,958463.4219635392,0.052308482996887756,4.230055121869916
17-2121.00,Marine Engineers and Naval Architects,100139.02236923076,1103.427616153846,11.864813076923076,3.6910714285714286,84.02035714285715,8440.0,93.0,17,Architecture and Engineering Occupations,105670.0,50.8,105670.0,50.8,0.0,0.0,10.109208534798533,False,False,False,False,0.0,0.0,0.0,0.0,0.0,0.0,,
17-2131.00,Materials Engineers,534227.7344884615,11496.336842307692,23.461911923076922,3.776666666666667,90.93095238095238,22770.0,490.0,17,Architecture and Engineering Occupations,108310.0,52.07,85720.0,41.21,0.0,0.0,16.23061978021978,False,False,False,False,0.0,0.0,0.0,0.0,0.0,0.0,,
17-2141.00,Mechanical Engineers,11712176.841138462,144584.69109230768,40.843133076923074,3.5475,66.93285714285715,286760.0,3540.0,17,Architecture and Engineering Occupations,102320.0,49.19,99050.0,47.62,0.0,0.0,35.462885,False,False,False,False,0.0,0.0,0.0,0.0,0.0,0.0,,
17-2141.01,Fuel Cell Engineers,5955371.4604,73517.9766,20.767789999999998,3.623076923076923,95.62884615384615,286760.0,3540.0,17,Architecture and Engineering Occupations,102320.0,49.190000000000005,99050.0,47.62,0.0,0.0,16.62915269230769,False,False,False,False,0.0,0.0,0.0,0.0,0.0,0.0,,
17-2141.02,Automotive Engineers,3215837.9249384613,39698.93379230769,11.214388076923075,3.7004,89.714,286760.0,3540.0,17,Architecture and Engineering Occupations,102320.0,49.19,99050.0,47.62,0.0,0.0,9.127132307692307,False,False,False,False,0.0,0.0,0.0,0.0,0.0,0.0,,
17-2151.00,"Mining and Geological Engineers, Including Mining Safety Engineers",53346.31890769231,1733.5583692307694,7.879810769230769,3.7344444444444442,66.77833333333334,6770.0,220.0,17,Architecture and Engineering Occupations,101020.0,48.57,110960.0,53.35,0.0,0.0,5.678666538461538,False,False,False,False,0.0,0.0,0.0,0.0,0.0,0.0,,
17-2161.00,Nuclear Engineers,103004.7754153846,1132.0741938461538,6.988112307692307,3.8939999999999997,87.618,14740.0,162.0,17,Architecture and Engineering Occupations,127520.0,61.31,127520.0,61.31,0.0,0.0,4.630421153846154,False,False,False,False,0.0,0.0,0.0,0.0,0.0,0.0,,
17-2171.00,Petroleum Engineers,286276.12407692306,5734.577076923077,15.090992307692307,3.744782608695652,68.10565217391304,18970.0,380.0,17,Architecture and Engineering Occupations,141280.0,67.92,166580.0,80.09,0.0,0.0,10.596074999999999,False,False,False,False,0.0,0.0,0.0,0.0,0.0,0.0,,
17-2199.03,"Energy Engineers, Except Wind and Solar",1233751.7994230767,12439.819138461537,8.184091538461537,3.7304761904761907,91.77238095238096,150750.0,1520.0,17,Architecture and Engineering Occupations,117750.0,56.61,113290.0,54.46999999999999,0.0,0.0,5.094756153846153,False,True,True,False,0.0,0.0,0.0,0.0,0.0,0.0,,
17-2199.05,Mechatronics Engineers,3568334.1369230766,35979.22313846154,23.67054153846154,3.6030434782608696,68.74826086956521,150750.0,1520.0,17,Architecture and Engineering Occupations,117750.0,56.61,113290.0,54.47,97392.34189903844,7855.992553846152,23.39662269230769,False,False,False,False,2.729350396065164,21.83480316852131,4114.4957220682345,41.4861260201905,484481871.2735346,4699963.216827381,0.08066334991708127,6.523041711690171
17-2199.06,Microsystems Engineers,1062922.5951923076,10717.362153846152,7.050896153846153,3.5112,63.5576,150750.0,1520.0,17,Architecture and Engineering Occupations,117750.0,56.61,113290.0,54.47,6510.182235576924,525.1331076923077,6.523961057692307,False,False,False,False,0.6124794284196281,4.899835427357025,923.3127383425895,9.309687311978347,108720074.93983991,1054694.475574027,0.08066334991708125,6.523041711690169
17-2199.07,Photonics Engineers,1300952.7285576921,13117.400646153845,8.629868846153846,3.3123076923076926,82.44,150750.0,1520.0,17,Architecture and Engineering Occupations,117750.0,56.61,113290.0,54.47,8055.166802884614,649.7567384615384,7.747704405594404,False,False,False,False,0.6191744423961519,4.9533955391692155,933.405471912199,9.411451524421508,109908494.31766143,1066223.3432017127,0.08066334991708125,6.523041711690169
17-2199.08,Robotics Engineers,2461721.8725,24821.3416,16.329829999999998,3.6304166666666666,81.25,150750.0,1520.0,17,Architecture and Engineering Occupations,117750.0,56.60999999999999,113290.0,54.47,15906.393497596155,1283.0629846153847,14.04095423076923,False,False,False,False,0.6461490908167634,5.169192726534108,974.0697544062708,9.821466180414804,114696713.58133839,1112673.9035791932,0.08066334991708127,6.523041711690171
17-2199.09,Nanosystems Engineers,3266502.834807692,32935.88264615384,21.668343846153846,3.3731999999999998,84.7616,150750.0,1520.0,17,Architecture and Engineering Occupations,117750.0,56.61,113290.0,54.47,0.0,0.0,13.261518846153846,False,False,False,False,0.0,0.0,0.0,0.0,0.0,0.0,,
17-2199.10,Wind Energy Engineers,1588832.9299038462,16020.073323076924,10.539521923076924,3.3475,53.694375,150750.0,1520.0,17,Architecture and Engineering Occupations,117750.0,56.61,113290.0,54.47,0.0,0.0,4.656749230769231,False,False,False,False,0.0,0.0,0.0,0.0,0.0,0.0,,
17-2199.11,Solar Energy Systems Engineers,1638306.5287499998,16518.9116,10.867704999999999,3.7507692307692304,88.18769230769232,150750.0,1520.0,17,Architecture and Engineering Occupations,117750.0,56.61,113290.0,54.47,18715.95313701923,1509.6914769230768,9.978449615384616,False,False,False,False,1.1423962981640063,9.139170385312049,1722.1624194822396,17.364423732092895,202784624.8940337,1967215.5646088042,0.08066334991708125,6.523041711690169
17-3011.00,Architectural and Civil Drafters,4427743.655865384,64668.09538461538,40.41755961538461,3.7256,83.39119999999998,109550.0,1600.0,17,Architecture and Engineering Occupations,64280.0,30.9,62350.0,29.97,2419760.4982115384,35341.09353846154,40.88739043478261,False,False,False,False,54.64996816168677,54.64996816168677,59869.04012112786,874.3994905869883,3848381898.986099,54518808.238098726,0.01460520310360566,1.1810859473411481
17-3012.00,Electrical and Electronics Drafters,1087911.0781,11411.654665384614,54.34121269230769,3.7340740740740737,70.83111111111111,20020.0,210.0,17,Architecture and Engineering Occupations,73720.0,35.44,64200.0,30.87,244178.9119,2561.3172576923075,51.91182566889632,False,False,False,False,22.444749099021056,22.444749099021056,4493.438769624016,47.13397310794422,331256306.0966824,3026001.0735300193,0.010489510489510488,0.8482602635351143
17-3013.00,Mechanical Drafters,1513709.3038846154,23141.921688461538,37.93757653846154,3.8973333333333335,84.99600000000001,39900.0,610.0,17,Architecture and Engineering Occupations,68510.0,32.94,68520.0,32.94,938557.1111538461,14348.868115384616,34.81238153846154,False,False,False,False,62.00378822705505,62.003788227055054,24739.511502594964,378.2231081850358,1694903933.0427809,25915847.372838654,0.015288220551378446,1.236319846084679
17-3021.00,Aerospace Engineering and Operations Technologists and Technicians,115342.08293076923,3182.7285576923077,12.730914230769232,4.329090909090909,73.27454545454545,9060.0,250.0,17,Architecture and Engineering Occupations,79830.0,38.38,78610.0,37.79,0.0,0.0,11.411500384615385,False,True,True,False,0.0,0.0,0.0,0.0,0.0,0.0,,
17-3022.00,Civil Engineering Technologists and Technicians,796294.2348807693,11663.08955,12.816581923076923,3.8757142857142854,68.12214285714286,62130.0,910.0,17,Architecture and Engineering Occupations,64200.0,30.86,61770.0,29.7,124287.0743423077,1820.39655,11.821466153846155,False,True,True,False,15.60818462548802,15.60818462548802,9697.365107815707,142.034480091941,622570839.9217684,8773469.835279195,0.014646708514405278,1.1844423852548358
17-3023.00,Electrical and Electronic Engineering Technologists and Technicians,2698829.213319231,34641.42771923077,29.110443461538463,3.7119230769230773,84.31692307692308,92710.0,1190.0,17,Architecture and Engineering Occupations,77180.0,37.11,65830.0,31.65,327834.3626961538,4207.991496153847,25.60685119047619,False,True,True,False,12.147280794139528,12.147280794139531,11261.744024246756,144.55264145026038,869181403.7913647,9515900.386670642,0.012835724301585593,1.0379926584386472
17-3024.00,Electro-Mechanical and Mechatronics Technologists and Technicians,677929.0511692308,18472.18123076923,46.18045307692308,3.799615384615385,65.01615384615386,14680.0,400.0,17,Architecture and Engineering Occupations,70760.0,34.02,69770.0,33.54,2390.053098461538,231.09046153846154,48.36227,False,True,True,False,0.35255209882795113,1.251018808507209,51.75464810794323,1.4102083953118045,3662158.900118063,98390.2397409046,0.09668842156151802,7.81894884766877
17-3024.01,Robotics Technicians,182286.92949230768,4966.9463076923075,12.417365769230768,3.7240909090909096,76.03272727272727,14680.0,400.0,17,Architecture and Engineering Occupations,70760.0,34.02,69770.0,33.54,0.0,0.0,9.70339,False,False,False,False,0.0,0.0,0.0,0.0,0.0,0.0,,
17-3025.00,Environmental Engineering Technologists and Technicians,254267.83173076922,1830.7283884615385,20.341426538461537,3.6915384615384617,65.345,12500.0,90.0,17,Architecture and Engineering Occupations,58890.0,28.31,50100.0,24.09,0.0,0.0,18.858493846153845,False,True,True,False,0.0,0.0,0.0,0.0,0.0,0.0,,
17-3026.00,Industrial Engineering Technologists and Technicians,470368.53279230767,8457.791353846154,6.407417692307693,3.4514285714285715,70.76571428571428,73410.0,1320.0,17,Architecture and Engineering Occupations,64790.0,31.15,65330.0,31.41,58202.37310615385,2093.097193846154,16.64963676923077,False,True,True,False,12.373781205268942,24.74756241053788,9083.592782787931,163.33391190955004,588525976.3968301,10670604.465050904,0.03596240294237842,2.9081888452052524
17-3026.01,Nanotechnology Engineering Technologists and Technicians,1770427.3041576922,31834.410046153844,24.116977307692306,3.8286956521739133,88.91434782608695,73410.0,1320.0,17,Architecture and Engineering Occupations,64790.0,31.15,65330.0,31.41,0.0,0.0,15.896585934065932,True,True,True,True,0.0,0.0,0.0,0.0,0.0,0.0,,
17-3027.00,Mechanical Engineering Technologists and Technicians,744793.5727884616,23467.461038461537,19.887678846153847,3.496923076923077,74.40038461538461,37450.0,1180.0,17,Architecture and Engineering Occupations,68730.0,33.04,60830.0,29.25,5513.797879999999,347.27480769230766,22.01682,False,True,True,False,0.7403122262933443,1.4798141440318082,277.2469287468574,8.735684270261462,19055181.412771508,531391.6741600047,0.06298286865972456,5.0932657745012335
17-3027.01,Automotive Engineering Technicians,851540.4766346153,26830.914884615384,22.73806346153846,3.7994444444444446,95.26888888888888,37450.0,1180.0,17,Architecture and Engineering Occupations,68730.0,33.04,60830.0,29.25,0.0,0.0,20.722400384615383,False,False,False,False,0.0,0.0,0.0,0.0,0.0,0.0,,
17-3029.01,Non-Destructive Testing Specialists,4593976.18928077,77743.1151423077,71.32395884615384,4.469375,90.218125,64410.0,1090.0,17,Architecture and Engineering Occupations,77390.0,37.21,64680.0,31.09,0.0,0.0,66.71962192307693,False,False,False,False,0.0,0.0,0.0,0.0,0.0,0.0,,
17-3029.08,Photonics Technicians,1672910.5500807692,28310.394342307693,25.972838846153845,3.6183333333333336,64.83666666666666,64410.0,1090.0,17,Architecture and Engineering Occupations,77390.0,37.21,64680.0,31.09,0.0,0.0,16.981273846153847,False,False,False,False,0.0,0.0,0.0,0.0,0.0,0.0,,
17-3031.00,Surveying and Mapping Technicians,2410532.8086153846,19974.443230769233,42.49881538461538,3.895263157894737,82.2421052631579,56720.0,470.0,17,Architecture and Engineering Occupations,51940.0,24.97,48720.0,23.42,39651.35947692307,328.5638038461538,64.86661295546558,False,False,False,False,1.6449209625028458,1.6449209625028458,932.9991699316141,7.731128523763375,48459976.88624804,376660.5816777516,0.008286318758815234,0.6700937037164438
19-1011.00,Animal Scientists,25326.5193,276.8485915384615,10.253651538461538,4.017777777777777,87.92333333333333,2470.0,27.0,19,"Life, Physical, and Social Science Occupations",79120.0,38.04,79120.0,38.04,0.0,0.0,2.529197307692307,False,False,False,False,0.0,0.0,0.0,0.0,0.0,0.0,,
19-1012.00,Food Scientists and Technologists,103610.32528846154,937.32375,7.210182692307692,3.7707692307692304,86.95538461538462,14370.0,130.0,19,"Life, Physical, and Social Science Occupations",85310.0,41.02,69170.0,33.26,0.0,0.0,4.191033846153846,False,False,False,False,0.0,0.0,0.0,0.0,0.0,0.0,,
19-1013.00,Soil and Plant Scientists,219194.8979230769,924.3158346153846,13.204511923076922,3.3622222222222224,75.40518518518519,16600.0,70.0,19,"Life, Physical, and Social Science Occupations",71410.0,34.33,72550.0,34.88,0.0,0.0,7.71481423076923,False,False,False,False,0.0,0.0,0.0,0.0,0.0,0.0,,
19-1021.00,Biochemists and Biophysicists,1057233.5910615386,11331.878003846154,30.626697307692307,3.8562499999999997,82.25875,34520.0,370.0,19,"Life, Physical, and Social Science Occupations",103650.0,49.830000000000005,78260.0,37.63,0.0,0.0,18.373212307692306,False,False,False,False,0.0,0.0,0.0,0.0,0.0,0.0,,
19-1022.00,Microbiologists,634060.628,4492.332384615384,32.08808846153846,3.9435714285714285,83.44142857142857,19760.0,140.0,19,"Life, Physical, and Social Science Occupations",87330.0,41.98,67780.0,32.59,0.0,0.0,24.85775730769231,False,False,False,False,0.0,0.0,0.0,0.0,0.0,0.0,,
19-1023.00,Zoologists and Wildlife Biologists,147778.64224615385,3056.8868076923077,8.733962307692307,3.525714285714286,76.48642857142856,16920.0,350.0,19,"Life, Physical, and Social Science Occupations",72860.0,35.03,69990.0,33.65,0.0,0.0,5.023724615384616,False,False,False,False,0.0,0.0,0.0,0.0,0.0,0.0,,
19-1029.01,Bioinformatics Scientists,762580.6844115384,6513.417334615385,12.771406538461537,3.5395000000000003,76.7255,59710.0,510.0,19,"Life, Physical, and Social Science Occupations",93330.0,44.87,89860.0,43.2,52442.58634153846,1792.7954307692307,9.731213846153846,False,False,False,False,6.876988548694607,27.52465163319824,4106.2498624255495,35.0726415983425,383236299.6601765,3151627.5740270573,0.03418586984046594,2.764525092858172
19-1029.02,Molecular and Cellular Biologists,853749.5639076923,7292.116523076923,14.298267692307691,3.7681818181818185,94.05636363636363,59710.0,510.0,19,"Life, Physical, and Social Science Occupations",93330.0,44.87,89860.0,43.2,6922.358461538462,235.73436923076923,8.902693076923077,False,False,False,False,0.8108183891601858,3.232729050403334,484.1396601675469,4.135173784716947,45184754.48343715,371586.7162946649,0.03405405405405405,2.7538654825902147
19-1029.03,Geneticists,684223.6188576923,5844.147473076923,11.459112692307691,3.7412500000000004,87.01375,59710.0,510.0,19,"Life, Physical, and Social Science Occupations",93330.0,44.87,89860.0,43.20000000000001,7970.515867307693,272.9464730769231,7.046461538461538,False,False,False,False,1.1648992591945928,4.670424118048783,695.5613476650913,5.940986221892423,64916740.57758297,533857.0218992531,0.03424451787323521,2.769267811384687
19-1029.04,Biologists,1823733.7371076923,15577.025723076924,30.543187692307693,3.6699999999999995,68.20904761904762,59710.0,510.0,19,"Life, Physical, and Social Science Occupations",93330.0,44.87,89860.0,43.2,51724.71185673076,1767.1815807692305,24.059725264423076,True,False,True,False,2.8361986623531106,11.344794649412442,1693.4942212910423,14.464613178000864,158053815.673093,1299790.1401751577,0.0341651314687657,2.7628480330314695
19-1031.00,Conservation Scientists,240474.48579230768,2819.1616153846153,9.397205384615384,3.8676666666666666,83.61566666666666,25590.0,300.0,19,"Life, Physical, and Social Science Occupations",67950.0,32.67,77380.0,37.2,1312.667439230769,46.23304846153846,2.9322853846153847,False,False,False,False,0.5458655769263148,1.6399573621191963,139.68700113544395,1.6375967307789443,9491731.727153417,126717.23502767472,0.03522068658047258,2.8482081132876167
19-1031.02,Range Managers,156557.73027692307,1835.3778461538461,6.117926153846153,3.669375,84.485625,25590.0,300.0,19,"Life, Physical, and Social Science Occupations",67950.0,32.67,77380.0,37.2,0.0,0.0,1.984001923076923,False,False,False,False,0.0,0.0,0.0,0.0,0.0,0.0,,
19-1031.03,Park Naturalists,457363.82013461535,5361.82673076923,17.872755769230768,3.6119999999999997,86.2145,25590.0,300.0,19,"Life, Physical, and Social Science Occupations",67950.0,32.67,77380.0,37.2,30104.073784615382,1056.557223076923,15.90564423076923,False,False,False,False,6.582084646694372,19.705172810113257,1684.3554610890899,19.746253940083115,114451953.58100365,1527965.1298836314,0.03509681881051176,2.8381912390687916
19-1032.00,Foresters,68150.40444230768,282.48872307692307,7.062218076923076,3.2895999999999996,68.5616,9650.0,40.0,19,"Life, Physical, and Social Science Occupations",70660.0,33.97,68930.0,33.14,0.0,0.0,2.3515215384615384,False,False,False,False,0.0,0.0,0.0,0.0,0.0,0.0,,
19-1041.00,Epidemiologists,159844.44583846154,2510.645746153846,13.948031923076925,3.8449999999999998,90.46124999999999,11460.0,180.0,19,"Life, Physical, and Social Science Occupations",83980.0,40.38,72160.0,34.69,0.0,0.0,7.299305,False,False,False,False,0.0,0.0,0.0,0.0,0.0,0.0,,
19-1042.00,"Medical Scientists, Except Epidemiologists",2370289.019076923,25022.244923076923,15.164996923076922,4.117142857142857,67.44785714285715,156300.0,1650.0,19,"Life, Physical, and Social Science Occupations",100590.0,48.36,78570.0,37.77,0.0,0.0,10.236486923076923,False,False,False,False,0.0,0.0,0.0,0.0,0.0,0.0,,
19-2011.00,Astronomers,8418.5448,91.7405523076923,5.396503076923076,3.9105882352941177,92.83764705882353,1560.0,17.0,19,"Life, Physical, and Social Science Occupations",132170.0,63.540000000000006,132170.0,63.540000000000006,1934.796,21.084315384615383,3.4428788461538455,False,False,False,False,22.982546817354944,22.982546817354944,358.5277303507371,3.9070329589503405,47386610.12045692,516392.5461844665,0.010897435897435897,0.881248162672591
19-2012.00,Physicists,299754.27984615386,842.7955384615385,14.046592307692308,3.943,77.899,21340.0,60.0,19,"Life, Physical, and Social Science Occupations",166290.0,79.95,133900.0,64.37,0.0,0.0,11.825375000000001,False,False,False,False,0.0,0.0,0.0,0.0,0.0,0.0,,
19-2021.00,Atmospheric and Space Scientists,328318.0772923077,3627.204270769231,37.39385846153846,3.764074074074074,76.29629629629629,8780.0,97.0,19,"Life, Physical, and Social Science Occupations",97450.0,46.85,59640.0,28.67,82007.25654615385,906.0027203846153,35.30954153846154,False,False,False,False,24.977990009712826,24.977990009712823,2193.067522852786,24.22865030942144,213714430.10200402,1444996.7044538946,0.01104783599088838,0.8934106389897927
19-2031.00,Chemists,1125829.3577884615,10007.372069230769,13.52347576923077,3.855,89.64666666666666,83250.0,740.0,19,"Life, Physical, and Social Science Occupations",84150.0,40.46,77270.0,37.15,0.0,0.0,10.490594615384616,False,False,False,False,0.0,0.0,0.0,0.0,0.0,0.0,,
19-2032.00,Materials Scientists,107384.16376153845,1031.3004923076921,12.891256153846154,3.94375,89.285625,8330.0,80.0,19,"Life, Physical, and Social Science Occupations",104160.0,50.08,118720.0,57.08,0.0,0.0,10.731302307692307,False,False,False,False,0.0,0.0,0.0,0.0,0.0,0.0,,
19-2041.00,"Environmental Scientists and Specialists, Including Health",945298.4042538462,9572.078507692308,11.130323846153846,3.4513636363636366,70.89999999999999,84930.0,860.0,19,"Life, Physical, and Social Science Occupations",80060.0,38.49,81480.0,39.17,0.0,0.0,6.835961923076923,False,False,False,False,0.0,0.0,0.0,0.0,0.0,0.0,,
19-2041.01,Climate Change Policy Analysts,308323.76357307687,3122.0821461538458,3.6303280769230764,4.090714285714285,97.515,84930.0,860.0,19,"Life, Physical, and Social Science Occupations",80060.0,38.49,81480.0,39.17,0.0,0.0,2.507630769230769,False,True,True,False,0.0,0.0,0.0,0.0,0.0,0.0,,
19-2041.02,Environmental Restoration Planners,702091.516973077,7109.368946153847,8.266708076923077,3.8865217391304347,94.66260869565217,84930.0,860.0,19,"Life, Physical, and Social Science Occupations",80060.0,38.49,81480.0,39.17,0.0,0.0,1.3990399999999996,False,False,False,False,0.0,0.0,0.0,0.0,0.0,0.0,,
19-2041.03,Industrial Ecologists,1104303.5009538461,11182.161907692307,13.002513846153844,3.4678947368421054,89.70184210526315,84930.0,860.0,19,"Life, Physical, and Social Science Occupations",80060.0,38.49,81480.0,39.17,1309.6036419230763,151.23662307692302,7.157304999999999,False,False,False,False,0.11859091642758549,1.3524810705243502,100.71926532194836,1.0198818812772352,8063584.381675186,83099.97568646913,0.11548274472942126,9.338798371563348
19-2042.00,"Geoscientists, Except Hydrologists and Geographers",360298.6529423077,5442.094269230769,16.006159615384615,3.6296875,60.8021875,22510.0,340.0,19,"Life, Physical, and Social Science Occupations",99240.0,47.71,104000.0,50.0,0.0,0.0,14.210235,False,False,False,False,0.0,0.0,0.0,0.0,0.0,0.0,,
19-2043.00,Hydrologists,54864.48879999999,959.1693846153845,9.591693846153845,3.536,88.6156,5720.0,100.0,19,"Life, Physical, and Social Science Occupations",92060.0,44.26,89310.0,42.94,0.0,0.0,5.801026466346153,False,False,False,False,0.0,0.0,0.0,0.0,0.0,0.0,,
19-2099.01,Remote Sensing Scientists and Technologists,697420.3051461538,3706.396661538461,30.886638846153843,3.8633333333333333,95.16666666666667,22580.0,120.0,19,"Life, Physical, and Social Science Occupations",117960.0,56.71,106850.0,51.37,229592.96234615383,1220.1574615384616,26.224391153846152,False,False,False,False,32.920315145977796,32.9203151459778,7433.407159961786,39.50437817517336,876844708.5890924,4221042.808017273,0.005314437555358725,0.4297651645191191
19-3011.00,Economists,170846.61075384615,753.1021884615385,10.758602692307692,3.8042857142857143,91.66571428571429,15880.0,70.0,19,"Life, Physical, and Social Science Occupations",115440.0,55.5,115440.0,55.5,0.0,0.0,6.072227692307692,False,False,False,False,0.0,0.0,0.0,0.0,0.0,0.0,,
19-3011.01,Environmental Economists,84846.30863076923,374.00765769230765,5.342966538461538,3.5770000000000004,96.29650000000001,15880.0,70.0,19,"Life, Physical, and Social Science Occupations",115440.0,55.5,115440.0,55.5,686.1634903846153,6.011653846153846,4.447756153846154,False,False,False,False,0.8087134272047523,1.6073611656100297,128.42369224011466,0.5660993990433265,14825231.032198837,65350.51462556161,0.008761255779995132,0.7085006630451478
19-3022.00,Survey Researchers,136239.62936923077,705.9048153846154,17.647620384615383,4.344375,96.091875,7720.0,40.0,19,"Life, Physical, and Social Science Occupations",63380.0,30.47,50150.0,24.11,25285.924692307693,131.01515384615385,11.463431923076923,False,False,False,False,18.559889519208006,18.559889519208006,1432.8234708828581,7.423955807683203,90812351.58455555,372311.38375531265,0.0051813471502590676,0.41900247905188726
19-3032.00,Industrial-Organizational Psychologists,14685.993403846154,167.8399246153846,13.986660384615384,3.906,94.7692,1050.0,12.0,19,"Life, Physical, and Social Science Occupations",109840.0,52.81,109840.0,52.81,0.0,0.0,6.345472692307692,False,False,False,False,0.0,0.0,0.0,0.0,0.0,0.0,,
19-3033.00,Clinical and Counseling Psychologists,3333402.625776923,46175.406923076924,46.17540692307692,3.8853333333333335,95.589,72190.0,1000.0,19,"Life, Physical, and Social Science Occupations",95830.0,46.07,88990.0,42.79,367258.29538461537,5087.384615384615,28.702335,True,True,True,True,11.017519832277019,11.017519832277017,7953.54756692078,110.1751983227702,762188463.3380183,9804490.89874332,0.013852334118298934,1.1202033308909023
19-3034.00,School Psychologists,1181815.07685,13330.82963076923,18.515041153846155,4.002105263157895,92.55315789473684,63830.0,720.0,19,"Life, Physical, and Social Science Occupations",86930.0,41.79,75870.0,36.48,0.0,0.0,10.177533076923078,True,False,True,False,0.0,0.0,0.0,0.0,0.0,0.0,,
19-3039.02,Neuropsychologists,336768.68222307693,3710.3238738461537,18.930223846153844,4.24,98.0,17790.0,196.0,19,"Life, Physical, and Social Science Occupations",117580.0,56.53000000000001,90270.0,43.4,0.0,0.0,2.8585326923076924,True,True,True,True,0.0,0.0,0.0,0.0,0.0,0.0,,
19-3039.03,Clinical Neuropsychologists,303654.38306538464,3345.489549230769,17.06882423076923,4.388333333333333,95.37055555555555,17790.0,196.0,19,"Life, Physical, and Social Science Occupations",117580.0,56.53,90270.0,43.4,0.0,0.0,2.8585326923076924,True,True,True,True,0.0,0.0,0.0,0.0,0.0,0.0,,
19-3041.00,Sociologists,35741.37286538461,387.7030276923077,12.115719615384617,3.8973333333333335,98.33333333333333,2950.0,32.0,19,"Life, Physical, and Social Science Occupations",101690.0,48.89,101690.0,48.89,0.0,0.0,6.049934230769231,False,False,False,False,0.0,0.0,0.0,0.0,0.0,0.0,,
19-3051.00,Urban and Regional Planners,310070.6551384615,3962.334115384615,7.204243846153846,4.1078947368421055,98.52631578947368,43040.0,550.0,19,"Life, Physical, and Social Science Occupations",83720.0,40.25,75480.0,36.29,34530.111335384616,441.2537461538461,6.017096538461538,False,False,False,False,11.1362074298728,11.1362074298728,4793.023677817253,61.2491408643004,401271942.30686045,4623085.1524373945,0.012778810408921933,1.0333901754497636
19-3091.00,Anthropologists and Archeologists,50161.34149615384,683.7357576923075,6.215779615384615,3.7056666666666667,78.16666666666667,8070.0,110.0,19,"Life, Physical, and Social Science Occupations",64910.0,31.21,72550.0,34.88,0.0,0.0,2.696815769230769,False,False,False,False,0.0,0.0,0.0,0.0,0.0,0.0,,
19-3092.00,Geographers,14354.796623076923,156.03039807692306,10.402026538461538,3.8708333333333336,90.41666666666667,1380.0,15.0,19,"Life, Physical, and Social Science Occupations",97200.0,46.73,97200.0,46.73,0.0,0.0,9.556641923076924,False,False,False,False,0.0,0.0,0.0,0.0,0.0,0.0,,
19-3093.00,Historians,60186.98740769231,1725.1047346153846,19.167830384615385,3.723809523809524,82.60380952380953,3140.0,90.0,19,"Life, Physical, and Social Science Occupations",74050.0,35.6,32000.0,15.39,0.0,0.0,11.903506538461539,False,False,False,False,0.0,0.0,0.0,0.0,0.0,0.0,,
19-3094.00,Political Scientists,32556.509730769223,361.13103230769224,5.471682307692307,3.5964285714285715,97.52785714285714,5950.0,66.0,19,"Life, Physical, and Social Science Occupations",139380.0,67.01,139380.0,67.01,0.0,0.0,1.1382080769230767,False,False,False,False,0.0,0.0,0.0,0.0,0.0,0.0,,
19-3099.01,Transportation Planners,277024.82685384614,1723.4436076923075,7.493233076923076,3.8350000000000004,94.0909090909091,36970.0,230.0,19,"Life, Physical, and Social Science Occupations",100340.0,48.24,84640.0,40.69,0.0,0.0,7.166356923076923,False,False,False,False,0.0,0.0,0.0,0.0,0.0,0.0,,
19-4012.00,Agricultural Technicians,261256.97427692305,546.5627076923076,18.21875692307692,3.6107692307692307,58.606923076923074,14340.0,30.0,19,"Life, Physical, and Social Science Occupations",46790.0,22.49,47840.0,23.0,48046.84601634615,265.84598653846155,21.92811673076923,True,True,True,True,18.39064627818058,48.63961313074472,2637.218676291095,5.5171938834541745,123395461.86366034,263942.5553844477,0.005533058016919932,0.4474444499846825
19-4012.01,Precision Agriculture Technicians,268272.59866153845,561.2397461538461,18.707991538461535,3.7763636363636364,96.44136363636363,14340.0,30.0,19,"Life, Physical, and Social Science Occupations",46790.0,22.49,47840.0,23.0,12962.124553846152,54.234830769230754,16.120068076923076,True,False,True,False,4.831699032445575,9.663398064891147,692.8656412526954,1.4495097097336724,32419183.354213614,69344.54451365888,0.0041841004184100415,0.3383576504477583
19-4013.00,Food Science Technicians,732549.5344615384,4642.919584615384,51.58799538461538,4.15375,82.92625,14200.0,90.0,19,"Life, Physical, and Social Science Occupations",49430.0,23.76,48790.0,23.46,48046.84601634615,265.84598653846155,21.92811673076923,True,True,True,True,6.558852849679722,5.725836549471145,931.3571046545205,5.90296756471175,46036981.68307295,288005.7874822863,0.005533058016919932,0.4474444499846825
19-4021.00,Biological Technicians,2381918.3583384613,27198.700246153847,31.262873846153845,3.935294117647059,73.10058823529413,76190.0,870.0,19,"Life, Physical, and Social Science Occupations",52000.0,25.0,50690.0,24.37,483769.0203807692,5524.072026923077,27.444161923076923,False,False,False,False,20.310058851816766,20.310058851816763,15474.233839199194,176.69751201080587,804660159.6383581,8956796.88382775,0.011418821367633548,0.9234112909515998
19-4031.00,Chemical Technicians,1981411.9616,27064.577476923077,35.61128615384616,3.99375,76.60375,55640.0,760.0,19,"Life, Physical, and Social Science Occupations",57790.0,27.78,52890.0,25.43,98119.06420000001,1340.2316461538462,22.074167692307693,False,False,False,False,4.951976979121917,4.951976979121917,2755.2799911834345,37.63502504132657,159227630.6904907,1990516.4744357623,0.013659237958303379,1.1045881313323296
19-4042.00,"Environmental Science and Protection Technicians, Including Health",667351.0309499999,5421.485907692308,16.94214346153846,3.4972,77.9128,39390.0,320.0,19,"Life, Physical, and Social Science Occupations",49490.0,23.79,54060.0,25.99,54342.716700000004,441.4742153846154,9.225930769230768,True,False,True,False,8.143048287891466,8.143048287891462,3207.546720600448,26.05775452125269,158741487.20251617,1408682.2094189203,0.008123889312008123,0.6569584439259851
19-4043.00,"Geological Technicians, Except Hydrologic Technicians",185693.78604615387,2294.8768615384615,19.12397384615385,3.6134782608695653,68.82391304347826,9710.0,120.0,19,"Life, Physical, and Social Science Occupations",48390.0,23.270000000000003,61150.0,29.4,11046.876787860576,138.4074298076923,10.493724307692307,True,True,True,True,5.94897493506589,6.031148430112516,577.645466194898,7.138769922079068,27952264.10917111,436535.780735135,0.012529100529100529,1.0131967671228026
19-4051.00,Nuclear Technicians,249923.39177692306,2753.7468876923076,41.72343769230769,4.27125,65.023125,5990.0,66.0,19,"Life, Physical, and Social Science Occupations",104240.0,50.11,104240.0,50.11,0.0,0.0,25.954825384615386,False,False,False,False,0.0,0.0,0.0,0.0,0.0,0.0,,
19-4051.02,Nuclear Monitoring Technicians,157000.24761923077,1729.885866923077,26.210391923076923,4.278125,88.815,5990.0,66.0,19,"Life, Physical, and Social Science Occupations",104240.0,50.11,104240.0,50.11,2352.040152307692,25.82294769230769,13.078198846153846,False,False,False,False,1.4981123838811026,1.4927544172748572,89.73693179447804,0.9887541733615276,9354177.77025639,103067.73503120564,0.010978956999085087,0.887840568603999
19-4061.00,Social Science Research Assistants,792843.6415153847,35381.91114230769,24.06932730769231,3.9272727272727277,63.55181818181818,32940.0,1470.0,19,"Life, Physical, and Social Science Occupations",58040.0,27.9,58040.0,27.9,233193.92836153845,10406.650719230769,17.757923076923078,False,False,False,False,29.41234767498775,29.412347674987753,9688.427324140965,432.36151082231993,562316321.8931416,25094262.08812745,0.044626593806921674,3.6088401132911634
19-4071.00,Forest and Conservation Technicians,532563.4863230769,21761.76408076923,17.135247307692307,3.461,53.133500000000005,31080.0,1270.0,19,"Life, Physical, and Social Science Occupations",54310.0,26.110000000000003,44780.0,21.53,66799.3355076923,2729.5738769230766,5.740965,True,False,True,False,12.54298073810656,12.54298073810656,3898.358413403519,159.29585537395332,211719845.43194512,7133268.403645629,0.04086229086229086,3.3044304260105557
19-4092.00,Forensic Science Technicians,394072.0363461538,4254.762346153846,20.260773076923076,4.06625,70.63,19450.0,210.0,19,"Life, Physical, and Social Science Occupations",67440.0,32.42,64430.0,30.98,62307.69348076923,672.7308807692308,18.013786153846155,False,False,False,False,15.811244578145606,15.811244578145606,3075.2870704493207,33.20361361410578,207397360.03110218,2139308.8251568354,0.010796915167095116,0.8731193046772746
19-4099.01,Quality Control Analysts,3116666.2137692305,61984.11797692307,43.650787307692305,3.8492307692307692,82.86576923076925,71400.0,1420.0,19,"Life, Physical, and Social Science Occupations",60130.0,28.91,52400.0,25.19,215527.49076923076,8572.802153846153,30.417108846153845,False,False,False,False,6.915321564338337,13.830643128676673,4937.539596937572,98.19756621360439,296894255.9638562,5145552.46959287,0.039775910364145656,3.216577574480678
19-4099.03,Remote Sensing Technicians,2361481.7326153843,46965.04286153846,33.07397384615384,3.7338888888888886,68.55000000000001,71400.0,1420.0,19,"Life, Physical, and Social Science Occupations",60130.0,28.91,52400.0,25.19,346040.8826538461,13764.09113076923,34.51181235576923,False,False,False,False,14.653548993182323,29.307097986364646,10462.63398113218,208.080395703189,629118181.285478,10903412.734847104,0.039775910364145656,3.216577574480678
19-5011.00,Occupational Health and Safety Specialists,617026.6715884614,5284.819269230768,4.804381153846153,3.821818181818182,89.92045454545455,128430.0,1100.0,19,"Life, Physical, and Social Science Occupations",83910.0,40.34,87000.0,41.83,59753.58878076922,511.7881153846153,2.152038461538461,True,False,True,False,9.684117645504813,9.684117645504813,12437.312292121831,106.52529410055294,1043614874.4319428,9267700.586748106,0.008564977030288873,0.6926280954817072
19-5012.00,Occupational Health and Safety Technicians,280403.50669230765,1961.4871692307688,8.915850769230769,3.5603846153846153,79.85384615384615,31450.0,220.0,19,"Life, Physical, and Social Science Occupations",58440.0,28.1,63510.0,30.54,0.0,0.0,4.910706923076922,True,False,True,False,0.0,0.0,0.0,0.0,0.0,0.0,,
21-1011.00,Substance Abuse and Behavioral Disorder Counselors,6344164.329108974,69867.03163846154,39.20708846153846,4.357826086956522,90.22130434782609,161811.66666666666,1782.0,21,Community and Social Service Occupations,60200.0,28.94,60200.0,28.94,895406.2041929485,9860.932086923076,13.53108769230769,False,False,False,False,14.113855785300988,14.113855785300988,22837.865277125282,251.50891009406362,1374839489.682942,15140836.38766263,0.011012802949931505,0.8905776053049289
21-1012.00,"Educational, Guidance, and Career Counselors and Advisors",11810169.48425,126950.2664,34.497355,3.816857142857143,73.76657142857142,342350.0,3680.0,21,Community and Social Service Occupations,65140.0,31.32,62500.0,30.05,0.0,0.0,24.236324209401708,False,True,True,False,0.0,0.0,0.0,0.0,0.0,0.0,,
21-1013.00,Marriage and Family Therapists,2789126.696326923,83838.93819230769,42.34289807692308,3.9953333333333334,82.914,65870.0,1980.0,21,Community and Social Service Occupations,63780.0,30.66,81170.0,39.02,349145.3537384615,10495.032646153846,40.575608461538465,False,False,False,False,12.51808869773684,12.518088697736843,8245.665025199256,247.8581562151894,525908515.30720854,20118646.539986923,0.030059207529983305,2.430812317365845
21-1014.00,Mental Health Counselors,7721003.246197435,85029.88732615384,47.71598615384615,4.0488888888888885,90.93518518518519,161811.66666666666,1782.0,21,Community and Social Service Occupations,60200.0,28.94,60200.0,28.94,597406.9929814104,6579.125494615386,38.60188,False,False,False,False,7.737427040658622,7.737427040658622,12520.059651607058,137.88094986453663,753707591.026745,8300433.181845105,0.011012802949931505,0.8905776053049289
21-1015.00,Rehabilitation Counselors,1763044.843253846,11895.05123076923,19.825085384615384,4.1135294117647065,84.63117647058823,88930.0,600.0,21,Community and Social Service Occupations,46110.0,22.17,46700.0,22.45,474791.5237538461,3203.3612307692306,14.011710384615384,False,False,False,False,26.930201212442157,26.930201212442157,23949.027938224808,161.58120727465294,1104289678.231546,7545842.379726293,0.006746879568199708,0.5456031381334594
21-1021.00,"Child, Family, and School Social Workers",11087600.20436923,52982.83991538461,28.952371538461538,4.158095238095238,64.96190476190476,382960.0,1830.0,21,Community and Social Service Occupations,58570.0,28.16,49070.0,23.59,1308506.7128307694,6252.786934615385,23.316736153846154,False,False,False,False,11.801532240629792,11.80153224062979,45195.14786871585,215.9680400035252,2647079810.6706877,10597551.722972982,0.004778566952162105,0.3864306600593692
21-1022.00,Healthcare Social Workers,5973536.545546154,62003.471726923075,32.12615115384615,4.055294117647058,87.64470588235294,185940.0,1930.0,21,Community and Social Service Occupations,68090.0,32.74,72370.0,34.79,608910.5907692307,6320.304615384615,15.527030384615385,False,False,False,False,10.193468912870921,10.193468912870921,18953.73609659219,196.7339500184088,1290559890.8169622,14237635.962832244,0.01037969237388405,0.8393795494355034
21-1023.00,Mental Health and Substance Abuse Social Workers,2956789.4217576925,39452.038984615385,23.48335653846154,3.9784615384615383,89.82153846153847,125910.0,1680.0,21,Community and Social Service Occupations,60060.0,28.88,60060.0,28.88,356745.4035576923,4760.005384615385,15.404776153846154,False,False,False,False,12.065296261294844,12.065296261294845,15191.414522596337,202.69697718975337,912396356.227136,12173980.450016588,0.013342863950440792,1.0790037630671427
21-1091.00,Health Education Specialists,434178.6438461538,3265.5032307692304,6.664292307692308,3.816875,77.09125,65150.0,490.0,21,Community and Social Service Occupations,63000.0,30.29,61660.0,29.64,57560.62638461538,432.91952307692304,2.543433076923077,False,True,True,False,13.257360121335523,13.257360121335523,8637.170119050093,64.96106459454406,544141717.5001559,4005499.2428995864,0.007521105141980046,0.6082128080420104
21-1092.00,Probation Officers and Correctional Treatment Specialists,2696388.5416384614,25777.499303846154,31.057228076923078,4.1519047619047615,79.69714285714285,86820.0,830.0,21,Community and Social Service Occupations,64520.0,31.02,74860.0,35.99,199266.15851538462,1904.9863115384617,17.840380384615386,False,False,False,False,7.390112939520967,7.390112939520967,6416.096054092103,61.337937398024025,413966517.4100225,4591757.993616078,0.009560009214466713,0.7730938391997445
21-1093.00,Social and Human Service Assistants,5969506.526853846,88088.98886923077,14.071723461538461,3.4921052631578946,59.93578947368421,424220.0,6260.0,21,Community and Social Service Occupations,45120.0,21.69,40500.0,19.47,0.0,0.0,10.868746153846153,False,False,False,False,0.0,0.0,0.0,0.0,0.0,0.0,,
21-1094.00,Community Health Workers,2005652.1157461538,19154.91893846154,33.025722307692305,3.7275,54.091071428571425,60730.0,580.0,21,Community and Social Service Occupations,51030.0,24.54,55520.0,26.69,176770.43144230772,1688.2405769230772,30.401640384615387,False,False,False,False,8.81361378947538,8.81361378947538,5352.507654348397,51.1189599789572,273138465.6013987,2838124.658031704,0.009550469290301334,0.7723223695878192
21-2011.00,Clergy,1572777.8291076922,17330.88516923077,27.079508076923076,4.173333333333334,97.01380952380953,58080.0,640.0,21,Community and Social Service Occupations,60820.0,29.24,60820.0,29.24,0.0,0.0,23.056205384615385,False,False,False,False,0.0,0.0,0.0,0.0,0.0,0.0,,
21-2021.00,"Directors, Religious Activities and Education",93101.63479999999,260.3028,4.33838,3.6468421052631577,89.15157894736842,21460.0,60.0,21,Community and Social Service Occupations,54840.0,26.37,31200.0,15.0,2469.1050615384606,6.903369230769227,2.274685,False,False,False,False,2.6520533896559044,2.652053389655904,569.130657420157,1.5912320337935426,31211125.252921414,49646.43945435853,0.0027958993476234852,0.22609733026192236
23-1011.00,Lawyers,21959794.8825,171801.8055,29.36783,4.082272727272727,75.10954545454545,747750.0,5850.0,23,Legal Occupations,151160.0,72.67,125710.0,60.43999999999999,0.0,0.0,12.716056538461538,False,False,False,False,0.0,0.0,0.0,0.0,0.0,0.0,,
23-1012.00,Judicial Law Clerks,350767.6481,15654.53195,26.533105,3.6127777777777776,74.4,13220.0,590.0,23,Legal Occupations,60400.0,29.040000000000003,50490.0,24.28,35466.81938461538,1582.861076923077,20.991511538461538,False,False,False,False,10.11120027081408,10.111200270814082,1336.7006758016214,59.65608159780308,80736720.81841794,3012035.5598730776,0.04462934947049925,3.609062956856158
23-1021.00,"Administrative Law Judges, Adjudicators, and Hearing Officers",688821.4375615384,7639.424446153846,42.441246923076925,4.311428571428571,78.3157142857143,16230.0,180.0,23,Legal Occupations,115230.0,55.4,103790.0,49.9,35326.960834615384,391.79623846153845,16.75287269230769,False,False,False,False,5.12860937657146,5.12860937657146,832.373301817548,9.23149687782863,95914375.56843606,958137.0609498335,0.011090573012939002,0.8968666741997882
23-1022.00,"Arbitrators, Mediators, and Conciliators",196371.51016153846,999.3461076923077,24.983652692307693,3.8560000000000003,79.7105,7860.0,40.0,23,Legal Occupations,67710.0,32.55,55890.0,26.87,7619.2089000000005,38.7746,9.145680769230768,False,False,False,False,3.8799971002577274,3.879997100257727,304.96777208025736,1.5519988401030909,20649367.847554225,86741.21517336175,0.0050890585241730275,0.411539330570047
23-1023.00,"Judges, Magistrate Judges, and Magistrates",739956.8118307692,2892.7162307692306,28.927162307692306,4.286190476190477,83.36476190476189,25580.0,100.0,23,Legal Occupations,156210.0,75.1,123640.0,59.44,0.0,0.0,5.412258461538461,False,False,False,False,0.0,0.0,0.0,0.0,0.0,0.0,,
23-2011.00,Paralegals and Legal Assistants,8293004.963815385,65265.465784615386,22.583206153846156,3.61,62.82,367220.0,2890.0,23,Legal Occupations,61010.0,29.33,55630.0,26.75,0.0,0.0,21.255015721153846,False,False,False,False,0.0,0.0,0.0,0.0,0.0,0.0,,
23-2093.00,"Title Examiners, Abstractors, and Searchers",3115143.2284923075,86010.80535384615,64.66977846153846,4.160625,76.46,48170.0,1330.0,23,Legal Occupations,54980.0,26.43,59310.0,28.51,140757.0753,3886.3797,61.19565192307692,False,False,False,False,4.5184784446692925,4.5184784446692925,2176.551066797198,60.09576331410159,119666777.65250994,3564279.722159365,0.027610545982976957,2.23279523246479
25-1011.00,"Business Teachers, Postsecondary",969677.6955461538,5098.574334615384,11.857149615384614,3.9108,81.048,81780.0,430.0,25,Educational Instruction and Library Occupations,97270.0,46.76442307692307,124620.0,59.91346153846154,54431.038038461535,286.1989038461538,7.344058076923076,False,False,False,False,5.613312370540215,5.613312370540215,4590.566856627788,24.137243193322924,446524438.14418495,3007983.2467519026,0.005258009293225728,0.42520195324671217
25-1021.00,"Computer Science Teachers, Postsecondary",607802.2822153847,7044.066184615384,16.771586153846155,3.8784615384615386,78.19346153846153,36240.0,420.0,25,Educational Instruction and Library Occupations,96690.0,46.48557692307692,100340.0,48.24038461538461,38745.02030769231,449.0316923076923,8.401086923076923,False,False,False,False,6.374609217732813,6.374609217732813,2310.1583805063715,26.773358714477812,223369213.81116107,2686438.8134107036,0.011589403973509932,0.9372058761574497
25-1022.00,"Mathematical Science Teachers, Postsecondary",589155.4976384615,4223.769442307693,12.067912692307694,3.6743478260869566,76.39304347826086,48820.0,350.0,25,Educational Instruction and Library Occupations,79350.0,38.14903846153846,79780.0,38.35576923076923,117604.56346153848,843.1298076923078,7.6856184615384615,False,False,False,False,19.961549019390997,19.961549019390997,9745.228231266685,69.8654215678685,773283860.1510115,5573863.332684549,0.007169192953707497,0.5797545567381193
25-1031.00,"Architecture Teachers, Postsecondary",131915.63316923077,1735.7320153846154,14.46443346153846,3.9136363636363636,88.78863636363636,9120.0,120.0,25,Educational Instruction and Library Occupations,101480.0,48.78846153846154,61530.0,29.58173076923077,16589.32910769231,218.2806461538462,7.111324230769231,False,False,False,False,12.575711239933431,12.575711239933435,1146.9048650819288,15.090853487920118,116387905.70851414,928540.2151117248,0.013157894736842106,1.0640457691712402
25-1032.00,"Engineering Teachers, Postsecondary",790830.465,7727.985,19.815346153846153,3.67125,89.47666666666667,39910.0,390.0,25,Educational Instruction and Library Occupations,106120.0,51.01923076923077,102870.0,49.45673076923077,46136.06745,450.84105,10.390797692307691,False,False,False,False,5.833875842150315,5.833875842150315,2328.2998486021907,22.752115784386227,247079179.93366447,2340510.1507398114,0.009771986970684038,0.7902359458340152
25-1041.00,"Agricultural Sciences Teachers, Postsecondary",140455.57730769232,1614.431923076923,16.14431923076923,3.8443478260869566,87.96826086956521,8700.0,100.0,25,Educational Instruction and Library Occupations,86350.0,41.51442307692308,62170.0,29.889423076923077,12318.119192307693,141.58757692307694,7.60482,False,False,False,False,8.77011751930841,8.770117519308412,763.0002241798317,8.77011751930841,65885069.35792846,545238.2061754039,0.011494252873563218,0.9295112466323475
25-1042.00,"Biological Science Teachers, Postsecondary",844850.839326923,9678.10351153846,15.865743461538461,3.7177777777777776,89.56296296296296,53250.0,610.0,25,Educational Instruction and Library Occupations,83460.0,40.125,103830.0,49.91826923076923,87527.90567307692,1002.6670884615385,8.058831153846153,False,False,False,False,10.360160823513981,10.360160823513981,5516.785638521195,63.196981023435285,460430929.39097893,6561742.539663286,0.011455399061032864,0.9263692367845763
25-1043.00,"Forestry and Conservation Science Teachers, Postsecondary",25550.873334615386,273.0627684615385,19.504483461538463,3.8207999999999998,89.814,1310.0,14.0,25,Educational Instruction and Library Occupations,100830.0,48.47596153846154,100830.0,48.47596153846154,2492.6463346153846,26.638968461538457,9.791337692307692,False,False,False,False,9.75562088219677,9.755620882196766,127.79863355677767,1.3657869235075477,12885936.221529894,137712.29549726602,0.010687022900763357,0.8642325941970986
25-1051.00,"Atmospheric, Earth, Marine, and Space Sciences Teachers, Postsecondary",142386.54596923076,2356.5717538461536,12.40300923076923,3.5276923076923077,81.78307692307693,11480.0,190.0,25,Educational Instruction and Library Occupations,101390.0,48.74519230769231,77900.0,37.45192307692308,20456.123692307694,338.55953846153847,6.758954615384615,False,False,False,False,14.366612767422696,14.366612767422696,1649.2871457001256,27.29656425810312,167221223.70253575,2126402.355706233,0.016550522648083623,1.3383990336962286
25-1052.00,"Chemistry Teachers, Postsecondary",394897.7099076923,5422.822892307692,19.367224615384615,3.812857142857143,89.57892857142858,20390.0,280.0,25,Educational Instruction and Library Occupations,86220.0,41.45192307692308,105090.0,50.52403846153846,40852.62761153846,560.9973384615384,10.39967923076923,False,False,False,False,10.345116364713231,10.345116364713231,2109.3692267650276,28.966325821197046,181869814.7316807,3044071.1805495974,0.01373222167729279,1.1104901406554186
25-1053.00,"Environmental Science Teachers, Postsecondary",94363.91832692307,1045.5469211538461,13.234771153846154,3.696,90.1648,7130.0,79.0,25,Educational Instruction and Library Occupations,87710.0,42.16826923076924,87710.0,42.16826923076924,12496.177857692306,138.4569496153846,6.713771153846153,False,False,False,False,13.242538121826813,13.242538121826811,944.1929680862518,10.461605116243181,82815165.23084514,917587.3847456893,0.011079943899018231,0.8960071245587832
25-1054.00,"Physics Teachers, Postsecondary",178842.3405923077,1973.9772692307693,13.159848461538461,3.6962500000000005,87.13666666666667,13590.0,150.0,25,Educational Instruction and Library Occupations,97360.0,46.8076923076923,81060.0,38.97115384615385,16882.600880769227,186.34217307692307,6.351206153846154,False,False,False,False,9.439935098621369,9.43993509862137,1282.887179902644,14.159902647932054,124901895.83532143,1147801.7086413722,0.011037527593818987,0.8925770249118572
25-1061.00,"Anthropology and Archeology Teachers, Postsecondary",83755.38461538461,1114.6153846153845,15.923076923076923,3.921538461538461,90.91653846153847,5260.0,70.0,25,Educational Instruction and Library Occupations,95770.0,46.04326923076923,75520.0,36.30769230769231,10986.268653846153,146.20509615384614,8.495758358974358,False,False,False,False,13.117089371980676,13.117089371980676,689.9589009661836,9.181962560386474,66077363.945531406,693421.8125603865,0.013307984790874524,1.0761831733823186
25-1062.00,"Area, Ethnic, and Cultural Studies Teachers, Postsecondary",229752.31984615384,3216.1304615384615,20.100815384615384,3.8104347826086955,87.81695652173913,11430.0,160.0,25,Educational Instruction and Library Occupations,84290.0,40.52403846153846,64890.0,31.197115384615383,31584.875088461537,442.1329846153846,10.140740769230769,False,False,False,False,13.747358507462001,13.747358507462001,1571.3230774029068,21.995773611939203,132446822.19429103,1427305.749678735,0.01399825021872266,1.1320031979984495
25-1063.00,"Economics Teachers, Postsecondary",235807.92567692307,3037.7832615384614,18.986145384615384,3.6731818181818183,89.98454545454545,12420.0,160.0,25,Educational Instruction and Library Occupations,119980.0,57.68269230769231,102590.0,49.32211538461539,27041.774607692307,348.3642461538461,9.527820384615385,False,False,False,False,11.467712346845305,11.467712346845305,1424.2898734781868,18.348339754952487,170886299.01991284,1882356.1754605756,0.01288244766505636,1.0417710590275586
25-1064.00,"Geography Teachers, Postsecondary",47107.08299230769,1002.2783615384615,14.318262307692306,3.6431999999999998,89.3984,3290.0,70.0,25,Educational Instruction and Library Occupations,86730.0,41.69711538461539,81940.0,39.39423076923077,6009.50008076923,127.86170384615383,8.288559615384615,False,False,False,False,12.757105087042955,12.757105087042952,419.70875736371323,8.929973560930069,36401340.526154846,731722.0335826098,0.02127659574468085,1.7205846480215794
25-1065.00,"Political Science Teachers, Postsecondary",242042.12864230768,1409.680423076923,14.09680423076923,3.8245454545454547,91.44772727272726,17170.0,100.0,25,Educational Instruction and Library Occupations,94680.0,45.51923076923077,70820.0,34.04807692307692,23096.284934615385,134.51534615384617,6.577113461538461,False,False,False,False,9.542258227594466,9.542258227594466,1638.4057376779697,9.542258227594466,155124255.24335018,675782.7276782402,0.005824111822947001,0.4709812373734085
25-1066.00,"Psychology Teachers, Postsecondary",959735.2741500001,5766.25375,23.065015,3.6558620689655172,84.29379310344828,41610.0,250.0,25,Educational Instruction and Library Occupations,80330.0,38.62019230769231,81370.0,39.12019230769231,53749.28539615385,322.9349038461538,11.85361,False,False,False,False,5.6004282476495915,5.600428247649591,2330.338193846995,14.001070619123979,187196067.11172912,1139267.1162781182,0.006008171112713289,0.48586564802339716
25-1067.00,"Sociology Teachers, Postsecondary",144958.9675,936.73,11.709125,3.6804166666666664,87.93624999999999,12380.0,80.0,25,Educational Instruction and Library Occupations,82540.0,39.68269230769231,86810.0,41.73557692307692,19590.569107692307,126.59495384615383,6.01982923076923,False,False,False,False,13.5145617036023,13.5145617036023,1673.102738905965,10.81164936288184,138097900.06929836,938559.2811917724,0.006462035541195476,0.5225685199160855
25-1071.00,"Health Specialties Teachers, Postsecondary",2407803.3767538457,34169.59345384615,10.481470384615383,3.8786363636363634,81.94590909090908,229720.0,3260.0,25,Educational Instruction and Library Occupations,105620.0,50.77884615384616,136030.0,65.39903846153847,251270.56332307696,3565.828123076923,4.363000384615384,False,False,False,False,10.435676174764533,10.435676174764529,23972.835308669084,340.20304329732375,2532010865.3016286,46277819.97973495,0.014191189273898657,1.1476056928864111
25-1072.00,"Nursing Instructors and Teachers, Postsecondary",1330937.5326923076,13264.562615384615,17.925084615384613,4.056206896551724,81.42758620689655,74250.0,740.0,25,Educational Instruction and Library Occupations,79940.0,38.43269230769231,75380.0,36.24038461538461,119066.1576923077,1186.6526153846153,8.617903846153846,False,False,False,False,8.94603651693952,8.946036516939518,6642.432113827594,66.20067022535245,530996023.17937785,4990206.521587068,0.009966329966329965,0.8059519738476839
25-1081.00,"Education Teachers, Postsecondary",677157.6274846154,3437.9300769230767,11.459766923076922,3.62375,84.70041666666667,59090.0,300.0,25,Educational Instruction and Library Occupations,72090.0,34.65865384615385,67580.0,32.49038461538461,76445.18753846153,388.1123076923077,5.390848076923077,False,False,False,False,11.289127440301677,11.28912744030168,6670.74540447426,33.86738232090503,480894036.2085494,2288757.697246762,0.005077001184633611,0.41056428392459426
25-1082.00,"Library Science Teachers, Postsecondary",81016.23653846154,1383.2040384615386,19.760057692307694,3.9528,85.5784,4100.0,70.0,25,Educational Instruction and Library Occupations,78630.0,37.80288461538461,79880.0,38.40384615384615,7714.336076923078,131.70817692307693,11.178512307692309,False,False,False,False,9.52196301202017,9.521963012020167,390.400483492827,6.6653741084141185,30697190.017040987,532430.0837801198,0.01707317073170732,1.3806642663392676
25-1111.00,"Criminal Justice and Law Enforcement Teachers, Postsecondary",210125.31669230768,1239.6773846153844,15.495967307692306,3.795217391304348,80.38130434782609,13560.0,80.0,25,Educational Instruction and Library Occupations,71470.0,34.36057692307692,79700.0,38.31730769230769,27960.167169230772,164.95673846153846,7.282666923076922,False,False,False,False,13.30642476088382,13.30642476088382,1804.3511975758458,10.645139808707055,128956980.0907457,848417.6427539523,0.0058997050147492625,0.47709426818297485
25-1112.00,"Law Teachers, Postsecondary",369527.95707692305,1620.7366538461538,16.20736653846154,3.7673913043478264,81.01565217391304,22800.0,100.0,25,Educational Instruction and Library Occupations,126650.0,60.88942307692309,138020.0,66.35576923076923,34847.49369230769,152.83988461538462,8.62807,False,False,False,False,9.430272601824722,9.430272601824722,2150.1021532160366,9.430272601824722,272310437.70481104,1301566.2245038482,0.004385964912280702,0.35468192305708
25-1113.00,"Social Work Teachers, Postsecondary",239689.51476923077,2693.1406153846156,17.95427076923077,3.92,87.87166666666667,13350.0,150.0,25,Educational Instruction and Library Occupations,76210.0,36.63942307692308,64140.0,30.836538461538463,25802.587326923076,289.9167115384615,8.719754230769231,False,False,False,False,10.765004615143635,10.765004615143633,1437.128116121675,16.14750692271545,109523533.72963285,1035701.094022969,0.011235955056179775,0.9086233534495982
25-1121.00,"Art, Drama, and Music Teachers, Postsecondary",2733515.41215,24852.67868846154,27.924358076923077,3.8785714285714286,83.10214285714287,97890.0,890.0,25,Educational Instruction and Library Occupations,80190.0,38.552884615384606,63500.0,30.528846153846157,301668.17775000003,2742.7181346153848,13.209944230769231,False,False,False,False,11.035905501360537,11.035905501360537,10803.04789528183,98.21955896210879,866296410.7226499,6236941.994093908,0.009091837777096741,0.7352339955740389
25-1122.00,"Communications Teachers, Postsecondary",588625.2656307692,4224.583246153847,20.117063076923078,3.899545454545455,84.25636363636363,29260.0,210.0,25,Educational Instruction and Library Occupations,77800.0,37.40384615384615,62810.0,30.197115384615383,82972.70579230768,595.4978884615384,9.274672692307693,False,False,False,False,14.096015009378565,14.096015009378565,4124.493991744168,29.601631519694987,320885632.5576963,1859278.4757520421,0.0071770334928229675,0.580388601366131
25-1123.00,"English Language and Literature Teachers, Postsecondary",1342732.7148538462,10139.783884615385,22.532853076923075,3.6827272727272726,80.4718181818182,59590.0,450.0,25,Educational Instruction and Library Occupations,78270.0,37.62980769230769,62780.0,30.182692307692307,162233.79791923077,1225.1251730769231,15.227102692307692,False,False,False,False,12.082359811787976,12.082359811787978,7199.878211844455,54.370619153045894,563534467.6410655,3413387.4704282214,0.007551602617888908,0.6106790620180635
25-1124.00,"Foreign Language and Literature Teachers, Postsecondary",334494.52499615384,1738.044296153846,15.800402692307692,3.875,86.30583333333334,21170.0,110.0,25,Educational Instruction and Library Occupations,77010.0,37.02403846153846,65040.0,31.26923076923077,54525.956823076915,283.318623076923,9.106638846153846,False,False,False,False,16.301001286554353,16.301001286554353,3450.921972363556,17.93110141520979,265755501.09171745,1166238.8360452447,0.0051960321209258385,0.4201900156009242
25-1125.00,"History Teachers, Postsecondary",262716.7191,2116.5496,13.228435,3.7836000000000003,91.8752,19860.0,160.0,25,Educational Instruction and Library Occupations,81500.0,39.18269230769231,78110.0,37.55288461538461,26781.248192307692,215.7603076923077,7.385290769230769,False,False,False,False,10.193964161874955,10.193964161874955,2024.5212825483663,16.31034265899993,164998484.52769187,1274000.8650944845,0.008056394763343404,0.651500329965875
25-1126.00,"Philosophy and Religion Teachers, Postsecondary",308601.6376,1036.5698,14.80814,3.9263636363636363,87.80681818181819,20840.0,70.0,25,Educational Instruction and Library Occupations,78050.0,37.52403846153846,87240.0,41.94230769230769,41782.56486153847,140.3445076923077,7.853758076923077,False,False,False,False,13.539320525478141,13.539320525478141,2821.5943975096448,9.477524367834699,220225442.72562778,826819.2258498991,0.0033589251439539343,0.2716278067174182
25-1192.00,"Family and Consumer Sciences Teachers, Postsecondary",44027.08813076923,3013.2607846153846,16.74033769230769,4.086956521739131,84.3004347826087,2630.0,180.0,25,Educational Instruction and Library Occupations,77280.0,37.15384615384615,74790.0,35.95673076923077,8338.834591408591,570.7187172827173,14.061421623376624,False,True,True,False,18.94023644407413,18.940236444074134,498.12821847914967,34.09242559933344,38495348.72406869,2549772.510574148,0.06844106463878327,5.534656320251925
25-1193.00,"Recreation and Fitness Studies Teachers, Postsecondary",271735.6382769231,4071.748523076923,21.430255384615386,3.857391304347826,84.46478260869566,12680.0,190.0,25,Educational Instruction and Library Occupations,75890.0,36.48557692307692,55770.0,26.8125,28946.840369230766,433.7460307692307,11.015938076923076,False,False,False,False,10.652574153608562,10.652574153608562,1350.7464026775656,20.239890891856266,102508144.49920045,1128778.715038824,0.014984227129337538,1.2117366645767116
25-1194.00,"Career/Technical Education Teachers, Postsecondary",2801498.2155,70573.05446153846,25.204662307692306,4.0515,89.0005,111150.0,2800.0,25,Educational Instruction and Library Occupations,61490.0,29.559999999999995,49850.0,23.97,207160.686,5218.622769230769,16.200508846153845,False,True,True,False,7.394639227461611,7.394639227461611,8219.14150132358,207.04989836892508,505395010.91638696,10321437.433690915,0.02519118308591993,2.0371474555073315
25-2011.00,"Preschool Teachers, Except Special Education",27926988.99526154,265415.5734923077,62.74599846153846,4.195,88.985,445080.0,4230.0,25,Educational Instruction and Library Occupations,37120.0,17.85,34210.0,16.45,1986376.9757538463,18878.34683076923,16.88478576923077,False,False,False,False,7.112750236306827,7.112750236306825,31657.428751754425,300.8693349957788,1175123755.2651243,10292739.950205592,0.009503909409544351,0.7685571894337427
25-2012.00,"Kindergarten Teachers, Except Special Education",11955403.201384615,54337.992,104.49613846153846,4.173513513513513,97.21486486486486,114410.0,520.0,25,Educational Instruction and Library Occupations,61430.0,19.27,60420.0,29.048076923076923,637669.6354807692,2898.245,41.98087923076923,False,False,False,False,5.3337359245810925,5.3337359245810925,6102.327271313228,27.735426807821682,374865964.2767716,1675774.487728586,0.004545057250240364,0.367547319269709
25-2021.00,"Elementary School Teachers, Except Special Education",141818567.9799269,1608208.7791538462,101.78536576923076,4.135526315789474,94.36578947368422,1393310.0,15800.0,25,Educational Instruction and Library Occupations,62340.0,29.971153846153847,61710.0,29.66826923076923,12152792.788615385,137811.48923076922,42.07583538461539,False,False,False,False,8.569253632807447,8.569253632807444,119396.26779126943,1353.9420739835766,7443163334.107737,83551765.38552651,0.011339902821339112,0.9170293471092756
25-2022.00,"Middle School Teachers, Except Special and Career/Technical Education",43775572.027707696,375398.6220923077,70.56365076923078,3.8017142857142856,91.218,620370.0,5320.0,25,Educational Instruction and Library Occupations,62970.0,30.274038461538463,75490.0,36.29326923076923,5802821.678076923,49762.25692307692,33.51934846153846,False,False,False,False,13.255844319759053,13.255844319759053,82235.28140648924,705.2109178111816,5178355670.166628,53236372.1855661,0.008575527507777616,0.6934812859927394
25-2023.00,"Career/Technical Education Teachers, Middle School",1041120.0511538462,12464.113288461538,73.31831346153847,4.067096774193549,98.81838709677419,14200.0,170.0,25,Educational Instruction and Library Occupations,63620.0,30.58653846153846,71910.0,34.57211538461539,109435.5933076923,1310.144426923077,28.46684846153846,False,False,False,False,10.511332788798725,10.511332788798727,1492.6092560094191,17.869265740957832,94959800.86731924,1284978.8994322778,0.011971830985915494,0.9681317843445367
25-2031.00,"Secondary School Teachers, Except Special and Career/Technical Education",86618501.18136923,915820.205676923,80.76015923076923,3.9459375,93.9715625,1072540.0,11340.0,25,Educational Instruction and Library Occupations,64580.0,31.048076923076923,74280.0,35.71153846153846,10828702.51513077,114492.22082307692,35.76885961538461,False,False,False,False,12.50160458497972,12.50160458497972,134084.7098157415,1417.6819599367002,8659190559.900585,105305415.98409809,0.010573032241221771,0.8550144569923186
25-2032.00,"Career/Technical Education Teachers, Secondary School",7054440.917115384,58758.86642307692,67.53892692307691,4.005151515151515,95.36121212121212,104450.0,870.0,25,Educational Instruction and Library Occupations,63910.0,30.72596153846154,65240.0,31.365384615384617,703451.0250192308,5859.285703846153,27.01000192307692,False,False,False,False,9.971747347299031,9.97174734729903,10415.490104253839,86.75420192150158,665653972.5628629,5659844.133358763,0.008329344183820009,0.6735730613461214
25-2051.00,"Special Education Teachers, Preschool",2590541.0143846152,13779.473480769231,91.86315653846154,4.2444444444444445,87.14416666666666,28200.0,150.0,25,Educational Instruction and Library Occupations,62190.0,29.89903846153846,56040.0,26.942307692307693,103540.69540384616,550.7483798076923,21.918204615384617,False,False,False,False,3.9968753564954587,3.9968753564954587,1127.1188505317193,5.995313034743187,70095521.31456763,335977.3424670082,0.005319148936170213,0.43014616200539485
25-2057.00,"Special Education Teachers, Middle School",7693687.177219231,64564.667384615386,80.70583423076923,4.0455,90.17025,95330.0,800.0,25,Educational Instruction and Library Occupations,64880.0,31.19230769230769,73640.0,35.40384615384615,476768.0992038461,4000.991076923077,30.040846923076924,True,False,True,False,6.1968739854089945,6.1968739854089945,5907.479970290395,49.57499188327196,383277300.4724408,3650702.402284147,0.008391901814748769,0.6786319392175747
25-2058.00,"Special Education Teachers, Secondary School",12717758.106507692,107036.05237692308,78.12850538461538,4.078,89.31725,162780.0,1370.0,25,Educational Instruction and Library Occupations,69590.0,33.45673076923077,60080.0,28.88461538461538,630062.7165923077,5302.776273076923,26.494913076923076,True,False,True,False,4.95419641823431,4.954196418234309,8064.440929601809,67.87249092981004,561204444.2909899,4077779.255062987,0.008416267354711881,0.6806023189956353
25-2059.01,Adapted Physical Education Specialists,2042089.3627884616,6746.41975,51.895536538461535,4.2245,96.42999999999999,39350.0,130.0,25,Educational Instruction and Library Occupations,67430.0,32.41826923076923,65030.0,31.26442307692308,73523.96153846153,242.89999999999998,14.790533846153846,False,False,False,False,3.600428212312167,3.600428212312167,1416.7685015448378,4.680556676005818,95532700.05916841,304376.60064065835,0.003303684879288437,0.2671606658046214
25-3011.00,"Adult Basic Education, Adult Secondary Education, and English as a Second Language Instructors",1530023.2642692307,6751.3436923076915,42.19589807692307,3.6772972972972973,80.04702702702703,36260.0,160.0,25,Educational Instruction and Library Occupations,59950.0,28.82,49060.0,23.59,160172.6961019231,706.7741692307693,19.000590576923077,False,True,True,False,10.468644486816006,10.468644486816006,3795.930490919484,16.74983117890561,227566032.93062305,821746.7176371092,0.00441257584114727,0.35683388177391834
25-3021.00,Self-Enrichment Teachers,15895244.799276922,280273.9910153846,51.520954230769235,3.759666666666667,73.59233333333333,308520.0,5440.0,25,Educational Instruction and Library Occupations,45590.0,21.92,38010.0,18.280000000000005,1611601.4472923079,28416.67273846154,21.62571076923077,False,True,True,False,10.138890389191237,10.138890389191237,31280.504628732804,551.5556371720033,1426078206.0239286,20964629.76890785,0.017632568391028135,1.425901344503298
25-3041.00,Tutors,9250088.58816923,103273.06049999999,52.96054384615384,3.9363157894736847,90.43052631578948,174660.0,1950.0,25,Educational Instruction and Library Occupations,40090.0,19.27,35460.0,17.05,1069315.2079615383,11938.42125,42.11498423076923,True,False,True,False,11.560053698611943,11.560053698611943,20190.789789995622,225.42104712293292,809448762.6809245,7993430.330979201,0.011164548265200962,0.9028488663184344
25-4011.00,Archivists,152766.82961538463,2166.9053846153847,21.669053846153847,4.220769230769231,98.01384615384616,7050.0,100.0,25,Educational Instruction and Library Occupations,61570.0,29.6,51250.0,24.64,13061.361461538461,185.26753846153844,21.058081538461536,False,False,False,False,8.549867464306594,8.549867464306594,602.7656562336149,8.549867464306594,37112281.45430367,438180.70754571294,0.014184397163120565,1.1470564320143861
25-4012.00,Curators,79565.5395076923,583.1350615384615,6.4792784615384615,3.6573333333333333,81.81333333333333,12280.0,90.0,25,Educational Instruction and Library Occupations,61770.0,29.7,50040.0,24.06,19833.631092307693,145.36048846153847,5.224908846153846,False,False,False,False,24.927413570029525,24.927413570029522,3061.086386399626,22.434672213026573,189083306.0879049,1122630.9975398497,0.007328990228013029,0.5926769593755115
25-4013.00,Museum Technicians and Conservators,258732.68445384616,1385.714453846154,19.79592076923077,3.8037500000000004,64.87958333333334,13070.0,70.0,25,Educational Instruction and Library Occupations,47460.0,22.820000000000004,43230.0,20.78,36815.13363076923,197.17363076923078,15.791063461538462,False,False,False,False,14.229023174432557,14.229023174432557,1859.7333288983352,9.96031622210279,88262943.78951499,430584.4702815036,0.005355776587605203,0.43310814781874496
25-4022.00,Librarians and Media Collections Specialists,4863107.241603846,60129.44552692308,36.88923038461539,3.807142857142857,83.28821428571429,131830.0,1630.0,25,Educational Instruction and Library Occupations,64320.0,30.92,49760.0,23.92,709389.75385,8771.18485,33.526231961538464,True,True,True,True,14.587170683409486,14.587170683409484,19230.267111938727,237.7708821395746,1236890780.639899,11831479.095265232,0.012364408708184784,0.9998785548428523
25-4031.00,Library Technicians,4318637.4384,29856.3792,58.54192,3.6703225806451614,65.68741935483871,73770.0,510.0,25,Educational Instruction and Library Occupations,39970.0,19.22,36630.0,17.61,139100.42826923076,961.6540384615384,50.979345384615385,False,False,False,False,3.220933228438961,3.220933228438961,2376.0824426194217,16.4267594650387,94972015.23149829,601712.1992043676,0.0069133794225294835,0.5590675615165686
25-9021.00,Farm and Home Management Educators,61005.585115384616,671.8938711538461,5.945963461538462,3.7733333333333334,86.34533333333334,10260.0,113.0,25,Educational Instruction and Library Occupations,58120.0,27.94,58120.0,27.94,0.0,0.0,4.8980334615384615,False,True,True,False,0.0,0.0,0.0,0.0,0.0,0.0,,
25-9031.00,Instructional Coordinators,1641903.3040192307,25541.583292307692,7.7870680769230765,3.8461538461538463,80.13153846153847,210850.0,3280.0,25,Educational Instruction and Library Occupations,74720.0,35.92,59690.0,28.7,0.0,0.0,4.028946923076921,False,False,False,False,0.0,0.0,0.0,0.0,0.0,0.0,,
25-9042.00,"Teaching Assistants, Preschool, Elementary, Middle, and Secondary School, Except Special Education",17096834.767641347,188317.56104538462,44.688552692307695,3.964642857142857,75.10857142857142,382577.5,4214.0,25,Educational Instruction and Library Occupations,35550.0,17.091346153846153,35550.0,17.091346153846153,4807883.068906668,52957.68635733335,25.919608000000007,True,True,True,True,28.12148057958892,28.12148057958892,107586.45736437681,1185.039191623877,3824698559.3035955,42128143.26222883,0.011014761714946645,0.890736005692593
25-9044.00,"Teaching Assistants, Postsecondary",1532042.050430769,20656.524646153845,9.883504615384615,3.7405,71.233,155010.0,2090.0,25,Educational Instruction and Library Occupations,44930.0,21.60096153846154,30010.0,14.427884615384617,0.0,0.0,8.500621923076922,True,True,True,True,0.0,0.0,0.0,0.0,0.0,0.0,,
27-1011.00,Art Directors,1417871.445623077,11259.650153846154,28.149125384615385,4.1293750000000005,80.50875,50370.0,400.0,27,"Arts, Design, Entertainment, Sports, and Media Occupations",111040.0,53.38,91020.0,43.76,0.0,0.0,25.5641,False,False,False,False,0.0,0.0,0.0,0.0,0.0,0.0,,
27-1012.00,Craft Artists,83272.08119230768,914.6590153846154,19.055396153846154,3.7199999999999998,94.93333333333334,4370.0,48.0,27,"Arts, Design, Entertainment, Sports, and Media Occupations",38480.0,18.5,20030.0,9.63,2244.8353846153846,24.657230769230768,17.96456126373626,False,False,False,False,2.695783931989384,2.695783931989384,117.80575782793609,1.2939762873549043,4533165.561218981,25918.345035718732,0.010983981693363844,0.8882469029603395
27-1013.00,"Fine Artists, Including Painters, Sculptors, and Illustrators",355191.3807692308,4972.679330769231,35.51913807692308,3.6310714285714285,55.799642857142864,10000.0,140.0,27,"Arts, Design, Entertainment, Sports, and Media Occupations",60560.0,29.12,43680.0,21.0,0.0,0.0,31.64548269230769,False,False,False,False,0.0,0.0,0.0,0.0,0.0,0.0,,
27-1014.00,Special Effects Artists and Animators,570138.9244923077,5090.526111538462,26.792242692307692,3.7,65.96769230769232,21280.0,190.0,27,"Arts, Design, Entertainment, Sports, and Media Occupations",99800.0,47.98,62820.0,30.2,160961.74812307692,1437.1584653846155,22.646776923076924,False,True,True,False,28.2320222683285,28.2320222683285,6007.774338700305,53.640842309824144,599575879.0022904,3369717.713903153,0.00892857142857143,0.7220310576519129
27-1021.00,Commercial and Industrial Designers,727500.1440384616,11062.812107692307,24.049591538461538,3.5288235294117647,78.85823529411765,30250.0,460.0,27,"Arts, Design, Entertainment, Sports, and Media Occupations",79450.0,38.2,66040.0,31.75,0.0,0.0,22.646935,False,False,False,False,0.0,0.0,0.0,0.0,0.0,0.0,,
27-1022.00,Fashion Designers,397647.4403653846,6275.641096153846,19.01709423076923,3.8325000000000005,73.712,20910.0,330.0,27,"Arts, Design, Entertainment, Sports, and Media Occupations",80690.0,38.79,58490.0,28.12,0.0,0.0,17.680735000000002,False,False,False,False,0.0,0.0,0.0,0.0,0.0,0.0,,
27-1023.00,Floral Designers,1454594.9683076923,36219.99423076923,36.21999423076923,4.149333333333334,91.432,40160.0,1000.0,27,"Arts, Design, Entertainment, Sports, and Media Occupations",36120.0,17.37,34910.0,16.79,0.0,0.0,28.94539230769231,False,False,False,False,0.0,0.0,0.0,0.0,0.0,0.0,,
27-1024.00,Graphic Designers,9723598.907215385,139323.47916153847,45.38224076923077,4.057894736842105,96.3157894736842,214260.0,3070.0,27,"Arts, Design, Entertainment, Sports, and Media Occupations",61300.0,29.47,59010.0,28.37,2136648.5164615386,30614.724846153847,45.38224076923077,False,False,False,False,21.973844631497926,21.973844631497922,47081.15950744745,674.5970301869863,2886075077.806529,39807970.75133406,0.014328386072995426,1.1587004520817406
27-1025.00,Interior Designers,880038.0720384615,14418.559961538462,12.647859615384615,4.15,95.5,69580.0,1140.0,27,"Arts, Design, Entertainment, Sports, and Media Occupations",63490.0,30.52,60170.0,28.93,158127.508,2590.764,12.017366923076922,False,False,False,False,17.968257627050612,17.968257627050612,12502.313656901815,204.83813694837696,793771894.0766963,12325110.700183842,0.01638401839609083,1.3249342546852003
27-1026.00,Merchandise Displayers and Window Trimmers,5439882.863446154,55111.03275,28.262068076923075,3.84375,74.54041666666667,192480.0,1950.0,27,"Arts, Design, Entertainment, Sports, and Media Occupations",37350.0,17.96,43260.0,20.8,0.0,0.0,27.101573076923078,False,False,False,False,0.0,0.0,0.0,0.0,0.0,0.0,,
27-1027.00,Set and Exhibit Designers,87264.58865384615,3056.2713076923073,8.04281923076923,3.9125925925925924,82.38962962962962,10850.0,380.0,27,"Arts, Design, Entertainment, Sports, and Media Occupations",66280.0,31.87,35230.0,16.94,0.0,0.0,6.856881923076922,False,False,False,False,0.0,0.0,0.0,0.0,0.0,0.0,,
27-2011.00,Actors,1167558.2286153848,22267.863123076924,30.091706923076924,3.9305555555555554,78.18055555555556,38800.0,740.0,27,"Arts, Design, Entertainment, Sports, and Media Occupations",78000.0,23.33,41288.0,19.85,0.0,0.0,29.720106923076926,False,False,False,False,0.0,0.0,0.0,0.0,0.0,0.0,,
27-2012.00,Producers and Directors,7416706.323592308,65349.92836923077,51.054631538461535,3.8433333333333333,68.21407407407408,145270.0,1280.0,27,"Arts, Design, Entertainment, Sports, and Media Occupations",83480.0,40.13,71500.0,34.38,58905.58014923077,2075.894423076923,43.115547449392714,False,False,False,False,0.7942282945982907,3.1765825531559924,1153.7754435629367,10.16612217085812,96317174.02863395,726877.7352163556,0.0352410487736115,2.849854752502616
27-2012.03,Media Programming Directors,4257913.371165385,37517.23766153846,29.310341923076923,3.707826086956522,78.23391304347825,145270.0,1280.0,27,"Arts, Design, Entertainment, Sports, and Media Occupations",83480.0,40.13,71500.0,34.38,0.0,0.0,23.24680153846154,False,True,True,False,0.0,0.0,0.0,0.0,0.0,0.0,,
27-2012.04,Talent Directors,2529586.0071423077,22288.63556923077,17.412996538461538,3.854,77.14666666666668,145270.0,1280.0,27,"Arts, Design, Entertainment, Sports, and Media Occupations",83480.0,40.13,71500.0,34.38,0.0,0.0,8.483137692307693,False,False,False,False,0.0,0.0,0.0,0.0,0.0,0.0,,
27-2012.05,Media Technical Directors/Managers,6180512.094126923,54457.599507692306,42.54499961538462,4.006666666666667,74.58266666666667,145270.0,1280.0,27,"Arts, Design, Entertainment, Sports, and Media Occupations",83480.0,40.13,71500.0,34.38,47950.9683,1687.243523076923,29.66620653846154,False,True,True,False,0.7758413472819794,3.0982701006470084,1127.0647251965315,9.930769245209337,94087363.25940645,710050.0010324676,0.035186849878001795,2.845471824479504
27-2021.00,Athletes and Sports Competitors,279605.63462307694,5642.702438461539,19.457594615384618,3.9311111111111114,93.73222222222222,14370.0,290.0,27,"Arts, Design, Entertainment, Sports, and Media Occupations",62360.0,29.980769230769237,178920.0,86.01923076923077,0.0,0.0,14.319794615384616,False,False,False,False,0.0,0.0,0.0,0.0,0.0,0.0,,
27-2022.00,Coaches and Scouts,8799725.527,94330.3645,35.06705,4.0381481481481485,76.58666666666667,250940.0,2690.0,27,"Arts, Design, Entertainment, Sports, and Media Occupations",45920.0,22.07692307692308,39920.0,19.192307692307693,0.0,0.0,31.934852692307693,False,False,False,False,0.0,0.0,0.0,0.0,0.0,0.0,,
27-2023.00,"Umpires, Referees, and Other Sports Officials",312561.9942,19897.845784615383,20.726922692307692,4.23,70.23875,15080.0,960.0,27,"Arts, Design, Entertainment, Sports, and Media Occupations",38820.0,18.66346153846154,29920.0,14.384615384615383,0.0,0.0,19.419338846153845,False,False,False,False,0.0,0.0,0.0,0.0,0.0,0.0,,
27-2031.00,Dancers,345363.0289153846,8005.103319230769,38.11953961538462,3.994285714285714,81.19928571428571,9060.0,210.0,27,"Arts, Design, Entertainment, Sports, and Media Occupations",51020.0,23.97,35547.2,17.09,0.0,0.0,18.72122115384615,False,False,False,False,0.0,0.0,0.0,0.0,0.0,0.0,,
27-2032.00,Choreographers,107873.95777307692,5032.021353846154,31.45013346153846,3.8905555555555558,94.61666666666666,3430.0,160.0,27,"Arts, Design, Entertainment, Sports, and Media Occupations",55600.0,26.73,37710.0,18.13,0.0,0.0,20.247867692307693,False,False,False,False,0.0,0.0,0.0,0.0,0.0,0.0,,
27-2041.00,Music Directors and Composers,464103.12063461536,4893.22025,37.640155769230766,3.927857142857143,89.15392857142857,12330.0,130.0,27,"Arts, Design, Entertainment, Sports, and Media Occupations",63670.0,30.61,78010.0,37.51,115984.15318491124,1222.8661730769231,38.34256979289941,False,False,False,False,24.99103066282216,24.99103066282216,3081.3940807259723,32.488339861668805,196192361.11982265,2534415.3926087837,0.010543390105433903,0.8526173722150732
27-2042.00,Musicians and Singers,1557057.3769999999,11368.345907692308,40.601235384615386,3.903703703703704,78.53999999999999,38350.0,280.0,27,"Arts, Design, Entertainment, Sports, and Media Occupations",88296.0,42.45,38979.2,18.74,56526.897,412.7126769230769,43.5377376,False,False,False,False,3.6303669880753535,3.630366988075353,1392.245739926898,10.16502756661099,122929729.85258539,396224.64252444304,0.007301173402868318,0.590427482867379
27-3011.00,Broadcast Announcers and Radio Disc Jockeys,1854899.7113076923,13204.897442307692,77.67586730769231,4.08,74.65791666666667,23880.0,170.0,27,"Arts, Design, Entertainment, Sports, and Media Occupations",45680.0,21.96,49050.0,23.58,0.0,0.0,75.84464461538461,False,True,True,False,0.0,0.0,0.0,0.0,0.0,0.0,,
27-3023.00,"News Analysts, Reporters, and Journalists",2918964.862903846,15455.409623076923,70.25186192307692,4.088333333333334,91.34466666666667,41550.0,220.0,27,"Arts, Design, Entertainment, Sports, and Media Occupations",60280.0,28.98,53630.0,25.79,396791.7129807692,2100.9428846153846,66.71565423076923,True,True,True,True,13.593576203107588,13.593576203107588,5648.130912391203,29.905867646836697,340469331.39894176,1603851.6818998521,0.00529482551143201,0.4281791879793775
27-3031.00,Public Relations Specialists,3007429.774488461,28081.777715384615,10.718235769230768,3.8449999999999998,91.16055555555556,280590.0,2620.0,27,"Arts, Design, Entertainment, Sports, and Media Occupations",69780.0,33.55,75700.0,36.39,496549.7627538461,4636.517261538461,10.39969,False,False,False,False,16.510768330020444,16.510768330020444,46327.56485720436,432.5821302465356,3232737475.73572,32746467.259662744,0.009337467479240172,0.7550974502205257
27-3041.00,Editors,5149079.004892308,29660.593346153848,53.92835153846154,3.9147619047619044,74.8352380952381,95480.0,550.0,27,"Arts, Design, Entertainment, Sports, and Media Occupations",75260.0,36.18,59860.0,28.78,855223.6509384615,4926.403519230769,48.748339615384616,False,False,False,False,16.609254783736773,16.609254783736773,15858.51646751187,91.35090131055226,1193511949.3449433,5468264.952449658,0.00576036866359447,0.46582648880768573
27-3042.00,Technical Writers,1746883.1579538463,19504.18796923077,31.458367692307693,3.8986666666666663,84.32,55530.0,620.0,27,"Arts, Design, Entertainment, Sports, and Media Occupations",91670.0,44.07,74940.0,36.03,140140.05718846153,1564.6827923076924,30.42958807692308,False,False,False,False,8.02229139083406,8.02229139083406,4454.778409330153,49.73820662317117,408369536.78329515,3727381.2043404477,0.01116513596254277,0.9028963919205625
27-3043.00,Writers and Authors,574849.1794615384,7576.46408076923,12.02613346153846,3.9775,86.27,47800.0,630.0,27,"Arts, Design, Entertainment, Sports, and Media Occupations",72270.0,34.75,61020.0,29.34,45498.494672307694,1198.3888592307692,30.211483846153847,False,False,False,False,7.914857722320516,15.81725784555027,3783.3019912692066,49.863603650619254,273419234.90902555,3042677.0947607867,0.02633908809207614,2.1299756388633675
27-3043.05,"Poets, Lyricists and Creative Writers",607025.8413846154,8000.549792307692,12.699285384615385,3.996875,81.60125,47800.0,630.0,27,"Arts, Design, Entertainment, Sports, and Media Occupations",72270.0,34.75,61020.0,29.34,13620.976338547007,359.41683166666667,11.27461987179487,False,False,False,False,2.2438873948887905,4.492401659848878,1072.578174756842,14.136490587799381,77515224.68967697,862608.6556675183,0.026387009472259814,2.133850920043001
27-3091.00,Interpreters and Translators,2716131.725630769,35122.393003846155,50.90201884615385,4.187647058823529,70.44529411764705,53360.0,690.0,27,"Arts, Design, Entertainment, Sports, and Media Occupations",59440.0,28.58,65990.0,31.72,107048.28713846154,1384.2450923076924,50.90201884615385,False,False,False,False,3.9412038130662332,3.9412038130662324,2103.026354652142,27.194306310157007,125003886.52052331,1794552.273407261,0.01293103448275862,1.045700152461391
27-3092.00,Court Reporters and Simultaneous Captioners,585477.98505,6443.502765,46.356135,4.707142857142857,81.50285714285714,12630.0,139.0,27,"Arts, Design, Entertainment, Sports, and Media Occupations",67310.0,32.36,84510.0,40.63,167795.8698576923,1846.6845534615386,38.84179538461538,True,True,True,True,28.65963779037097,28.659637790370972,3619.712252923853,39.83689652861565,243642831.74430457,3366616.125633308,0.011005542359461601,0.8899904596615187
27-4011.00,Audio and Video Technicians,2097721.755692308,57771.161365384614,29.93324423076923,3.3513793103448277,65.14896551724138,70080.0,1930.0,27,"Arts, Design, Entertainment, Sports, and Media Occupations",54830.0,26.36,41600.0,20.0,446751.0782769231,12303.504296153847,24.26495423076923,False,True,True,False,21.296965484799603,21.296965484799607,14924.913411747562,411.03143385663236,818333002.3661188,17098907.648435906,0.027539954337899544,2.2270866641272473
27-4012.00,Broadcast Technicians,1068053.3063076923,14186.666307692309,50.666665384615385,3.923333333333333,65.03407407407407,21080.0,280.0,27,"Arts, Design, Entertainment, Sports, and Media Occupations",53920.0,25.92,34570.0,16.62,63422.67441538461,842.4264153846153,46.92444115384615,False,False,False,False,5.938156273738771,5.938156273738771,1251.763342504133,16.62683756646856,67495079.42782286,574789.7746728181,0.013282732447817837,1.0741410800741928
27-4014.00,Sound Engineering Technicians,437435.0312884615,10726.376246153846,33.51992576923077,4.074285714285714,93.91571428571429,13050.0,320.0,27,"Arts, Design, Entertainment, Sports, and Media Occupations",66430.0,31.94,32880.0,15.81,107414.50984615384,2633.9190153846157,32.35548769230769,False,False,False,False,24.55553445954368,24.555534459543683,3204.49724697045,78.57771027053977,212874752.116247,2583635.1136953477,0.02452107279693487,1.9829573261490085
27-4021.00,Photographers,2563535.072342308,32525.82075,50.03972423076923,3.972142857142857,83.75071428571428,51230.0,650.0,27,"Arts, Design, Entertainment, Sports, and Media Occupations",42520.0,20.44,47610.0,22.890000000000004,368061.7970730769,4669.92325,48.31108038461539,False,False,False,False,14.357587732816857,14.357587732816857,7355.392195522076,93.32432026330956,312751276.15359867,4443170.887736168,0.012687878196369316,1.0260367167101163
27-4031.00,"Camera Operators, Television, Video, and Film",1252807.5769076922,20487.45015384615,51.218625384615386,4.123333333333333,68.41952380952381,24460.0,400.0,27,"Arts, Design, Entertainment, Sports, and Media Occupations",68810.0,33.08,46600.0,22.41,127925.77177692307,2091.999538461538,44.079233461538465,False,True,True,False,10.211126922833795,10.211126922833795,2497.6416453251463,40.84450769133518,171862721.6148233,1903354.0584162194,0.016353229762878167,1.3224444555521542
27-4032.00,Film and Video Editors,3147208.1748,57796.96232307692,109.05087230769232,4.173181818181818,72.13636363636364,28860.0,530.0,27,"Arts, Design, Entertainment, Sports, and Media Occupations",70980.0,34.12,62860.0,30.219999999999995,0.0,0.0,101.94171615384616,False,False,False,False,0.0,0.0,0.0,0.0,0.0,0.0,,
29-1011.00,Chiropractors,2504130.4377076924,29945.753307692306,66.54611846153846,4.585454545454545,98.91818181818181,37630.0,450.0,29,Healthcare Practitioners and Technical Occupations,79000.0,37.98,59920.0,28.81,0.0,0.0,34.77846230769231,False,False,False,False,0.0,0.0,0.0,0.0,0.0,0.0,,
29-1021.00,"Dentists, General",10363999.11975,67577.40196153846,91.32081346153846,4.2985,91.54400000000001,113490.0,740.0,29,Healthcare Practitioners and Technical Occupations,172790.0,83.07,132270.0,63.59000000000001,0.0,0.0,37.64182923076923,False,False,False,False,0.0,0.0,0.0,0.0,0.0,0.0,,
29-1022.00,Oral and Maxillofacial Surgeons,167975.67775,1859.3930557692306,31.515136538461537,4.021428571428571,84.66214285714285,5330.0,59.0,29,Healthcare Practitioners and Technical Occupations,179210.0,86.16,179210.0,86.16,0.0,0.0,6.727921153846153,False,False,False,False,0.0,0.0,0.0,0.0,0.0,0.0,,
29-1023.00,Orthodontists,346163.2279615385,6721.616076923076,67.21616076923077,4.8,99.16363636363636,5150.0,100.0,29,Healthcare Practitioners and Technical Occupations,179210.0,86.16,124830.0,60.02,0.0,0.0,18.824731923076925,False,False,False,False,0.0,0.0,0.0,0.0,0.0,0.0,,
29-1024.00,Prosthodontists,24369.172,256.5176,32.0647,4.381666666666667,94.665,760.0,8.0,29,Healthcare Practitioners and Technical Occupations,179210.0,86.16000000000001,179210.0,86.16000000000001,0.0,0.0,7.472989615384615,False,False,False,False,0.0,0.0,0.0,0.0,0.0,0.0,,
29-1031.00,Dietitians and Nutritionists,2230557.04765,31752.738434615385,29.130952692307694,3.498571428571428,75.11107142857144,76570.0,1090.0,29,Healthcare Practitioners and Technical Occupations,73850.0,35.5,61170.0,29.41,0.0,0.0,23.90112423076923,False,False,False,False,0.0,0.0,0.0,0.0,0.0,0.0,,
29-1041.00,Optometrists,2040292.4227269231,19969.441234615384,48.70595423076923,4.642,100.0,41890.0,410.0,29,Healthcare Practitioners and Technical Occupations,134830.0,64.82,124830.0,60.02,0.0,0.0,9.7619,False,False,False,False,0.0,0.0,0.0,0.0,0.0,0.0,,
29-1051.00,Pharmacists,30149563.783915386,286029.8568,91.67623615384616,4.049,73.33500000000001,328870.0,3120.0,29,Healthcare Practitioners and Technical Occupations,137480.0,66.1,136230.0,65.5,0.0,0.0,47.19175961538461,False,False,False,False,0.0,0.0,0.0,0.0,0.0,0.0,,
29-1071.00,Physician Assistants,13963759.279292308,149925.92256923078,89.77600153846154,4.5475,93.91833333333334,155540.0,1670.0,29,Healthcare Practitioners and Technical Occupations,133260.0,64.07,134390.0,64.61,0.0,0.0,47.67196,False,False,False,False,0.0,0.0,0.0,0.0,0.0,0.0,,
29-1071.01,Anesthesiologist Assistants,8131873.962046154,87310.20648461538,52.281560769230765,4.38375,70.791875,155540.0,1670.0,29,Healthcare Practitioners and Technical Occupations,133260.0,64.07,134390.0,64.61,0.0,0.0,34.543680384615385,False,False,False,False,0.0,0.0,0.0,0.0,0.0,0.0,,
29-1081.00,Podiatrists,546839.9347384615,5169.705265384615,57.44116961538461,4.2309090909090905,93.8,9520.0,90.0,29,Healthcare Practitioners and Technical Occupations,152800.0,73.46,146330.0,70.35,0.0,0.0,15.805086923076923,False,False,False,False,0.0,0.0,0.0,0.0,0.0,0.0,,
29-1122.00,Occupational Therapists,8061842.5362,51352.68755,52.940915000000004,4.148823529411764,96.79058823529412,152280.0,970.0,29,Healthcare Practitioners and Technical Occupations,98340.0,47.28,93310.0,44.86,0.0,0.0,32.25828038461538,False,False,False,False,0.0,0.0,0.0,0.0,0.0,0.0,,
29-1122.01,"Low Vision Therapists, Orientation and Mobility Specialists, and Vision Rehabilitation Therapists",3278645.8564153844,20884.465988461536,21.530377307692305,4.1657142857142855,90.88952380952381,152280.0,970.0,29,Healthcare Practitioners and Technical Occupations,98340.0,47.28,93310.0,44.86,0.0,0.0,6.382135769230769,False,False,False,False,0.0,0.0,0.0,0.0,0.0,0.0,,
29-1123.00,Physical Therapists,21100812.31413846,197743.20352307693,84.8683276923077,4.27125,94.36375,248630.0,2330.0,29,Healthcare Practitioners and Technical Occupations,101020.0,48.57,97580.0,46.91,0.0,0.0,51.371781923076924,False,False,False,False,0.0,0.0,0.0,0.0,0.0,0.0,,
29-1124.00,Radiation Therapists,2046201.8216538462,9848.030157692308,109.4225573076923,4.492272727272727,85.23590909090909,18700.0,90.0,29,Healthcare Practitioners and Technical Occupations,101990.0,49.03,104040.0,50.02,235100.2335,1131.49845,62.07461461538462,False,False,False,False,11.489591643016904,11.489591643016904,2148.553637244161,10.340632478715213,219130985.46253198,1075839.4030855307,0.004812834224598931,0.3892017679749349
29-1125.00,Recreational Therapists,298476.3352846154,5152.9779,19.81914576923077,4.443636363636364,95.93454545454546,15060.0,260.0,29,Healthcare Practitioners and Technical Occupations,60280.0,28.980000000000004,51490.0,24.75,0.0,0.0,13.771521153846153,False,False,False,False,0.0,0.0,0.0,0.0,0.0,0.0,,
29-1126.00,Respiratory Therapists,8382616.582623078,62676.06593076923,61.44712346153846,4.460909090909091,90.67090909090909,136420.0,1020.0,29,Healthcare Practitioners and Technical Occupations,80450.0,38.68,78990.0,37.98,0.0,0.0,29.74736576923077,False,False,False,False,0.0,0.0,0.0,0.0,0.0,0.0,,
29-1127.00,Speech-Language Pathologists,7659674.763365385,62120.52355769231,42.841740384615385,4.336086956521739,87.18173913043479,178790.0,1450.0,29,Healthcare Practitioners and Technical Occupations,95410.0,45.87,85320.0,41.02,0.0,0.0,27.72494230769231,False,False,False,False,0.0,0.0,0.0,0.0,0.0,0.0,,
29-1128.00,Exercise Physiologists,488170.3455384615,12640.66246153846,60.193630769230765,4.072,93.4104,8110.0,210.0,29,Healthcare Practitioners and Technical Occupations,58160.0,27.96,33540.0,16.13,0.0,0.0,42.37018961538461,False,False,False,False,0.0,0.0,0.0,0.0,0.0,0.0,,
29-1129.01,Art Therapists,772345.7793692307,5196.94365,39.976489615384615,3.9336,94.62639999999999,19320.0,130.0,29,Healthcare Practitioners and Technical Occupations,65010.0,31.26,59660.0,28.68,0.0,0.0,33.507801538461536,True,False,True,False,0.0,0.0,0.0,0.0,0.0,0.0,,
29-1129.02,Music Therapists,1344922.9742307693,9049.68875,69.61299038461539,4.171666666666667,97.69133333333335,19320.0,130.0,29,Healthcare Practitioners and Technical Occupations,65010.0,31.26,59660.0,28.68,0.0,0.0,64.51332346153846,True,False,True,False,0.0,0.0,0.0,0.0,0.0,0.0,,
29-1131.00,Veterinarians,4548638.2436,34976.5064,56.41372,4.175238095238096,80.99095238095238,80630.0,620.0,29,Healthcare Practitioners and Technical Occupations,125510.0,60.34,121850.0,58.580000000000005,0.0,0.0,19.804982692307693,False,False,False,False,0.0,0.0,0.0,0.0,0.0,0.0,,
29-1141.00,Registered Nurses,235801173.82881537,1852204.6737538462,71.84657384615385,4.264074074074074,69.25703703703704,3282010.0,25780.0,29,Healthcare Practitioners and Technical Occupations,93600.0,45.0,82270.0,39.55,0.0,0.0,42.34846884615384,False,False,False,False,0.0,0.0,0.0,0.0,0.0,0.0,,
29-1141.01,Acute Care Nurses,180622652.10079613,1418780.5555615383,55.03415653846154,4.318846153846154,88.01923076923077,3282010.0,25780.0,29,Healthcare Practitioners and Technical Occupations,93600.0,45.0,82270.0,39.55,0.0,0.0,36.15720287179487,False,False,False,False,0.0,0.0,0.0,0.0,0.0,0.0,,
29-1141.02,Advanced Practice Psychiatric Nurses,332808312.1465423,2614190.1722230767,101.40380807692308,4.182916666666666,91.04041666666666,3282010.0,25780.0,29,Healthcare Practitioners and Technical Occupations,93600.0,45.0,82270.0,39.55,0.0,0.0,68.02145423076924,False,False,False,False,0.0,0.0,0.0,0.0,0.0,0.0,,
29-1141.03,Critical Care Nurses,335421361.4090462,2634715.5240615383,102.19998153846154,4.2027586206896554,97.13172413793104,3282010.0,25780.0,29,Healthcare Practitioners and Technical Occupations,93600.0,45.0,82270.0,39.55,0.0,0.0,75.09879833333333,False,False,False,False,0.0,0.0,0.0,0.0,0.0,0.0,,
29-1141.04,Clinical Nurse Specialists,75492050.51850384,592985.7198384615,23.001773461538463,3.951,96.31733333333334,3282010.0,25780.0,29,Healthcare Practitioners and Technical Occupations,93600.0,45.0,82270.0,39.55,0.0,0.0,10.376851153846154,False,False,False,False,0.0,0.0,0.0,0.0,0.0,0.0,,
29-1151.00,Nurse Anesthetists,3970795.0411538463,43769.43888461538,78.86385384615384,4.474166666666666,99.07458333333334,50350.0,555.0,29,Healthcare Practitioners and Technical Occupations,223210.0,107.31,122040.0,58.68,0.0,0.0,48.194975,False,False,False,False,0.0,0.0,0.0,0.0,0.0,0.0,,
29-1161.00,Nurse Midwives,820111.8955846154,9904.733038461538,99.04733038461538,4.5561904761904755,96.68142857142857,8280.0,100.0,29,Healthcare Practitioners and Technical Occupations,128790.0,61.92,138020.0,66.36,0.0,0.0,56.82619807692308,False,False,False,False,0.0,0.0,0.0,0.0,0.0,0.0,,
29-1171.00,Nurse Practitioners,37060865.97175384,344819.5344,120.56627076923077,4.53,98.06666666666668,307390.0,2860.0,29,Healthcare Practitioners and Technical Occupations,129210.0,62.12,125700.0,60.43,0.0,0.0,66.29937615384615,False,False,False,False,0.0,0.0,0.0,0.0,0.0,0.0,,
29-1181.00,Audiologists,902729.2397307693,9192.762115384616,61.28508076923077,4.264545454545455,97.31318181818182,14730.0,150.0,29,Healthcare Practitioners and Technical Occupations,92120.0,44.29,96520.0,46.4,0.0,0.0,38.36180115384615,False,False,False,False,0.0,0.0,0.0,0.0,0.0,0.0,,
29-1211.00,Anesthesiologists,2789186.4239846156,47940.18203076923,66.58358615384616,4.318888888888889,91.81333333333333,41890.0,720.0,29,Healthcare Practitioners and Technical Occupations,257920.0,124.0,257920.0,124.0,65113.55821538462,1119.1635692307693,25.458148076923074,True,False,True,False,2.33450004113973,2.33450004113973,977.9220672334329,16.808400296206056,252225659.58084702,4335222.604397466,0.017187873000716163,1.389939949607311
29-1213.00,Dermatologists,866560.5415384616,9542.482153846153,85.96830769230769,4.286666666666666,91.38111111111111,10080.0,111.0,29,Healthcare Practitioners and Technical Occupations,249103.6,119.76134615384616,249103.6,119.76134615384616,0.0,0.0,30.932507692307695,True,False,True,False,0.0,0.0,0.0,0.0,0.0,0.0,,
29-1215.00,Family Medicine Physicians,8936731.469519231,53810.79625,82.78584038461538,4.508333333333334,89.08083333333333,107950.0,650.0,29,Healthcare Practitioners and Technical Occupations,238380.0,114.61,238380.0,114.61,0.0,0.0,22.531544415103188,True,True,True,True,0.0,0.0,0.0,0.0,0.0,0.0,,
29-1216.00,General Internal Medicine Physicians,5927426.798461539,10673.637692307693,88.94698076923076,4.106842105263158,87.01368421052632,66640.0,120.0,29,Healthcare Practitioners and Technical Occupations,236350.0,113.63,236350.0,113.63,0.0,0.0,26.219167179487176,True,True,True,True,0.0,0.0,0.0,0.0,0.0,0.0,,
29-1217.00,Neurologists,663262.3038461539,5168.277692307693,86.13796153846154,4.377916666666667,94.18041666666666,7700.0,60.0,29,Healthcare Practitioners and Technical Occupations,249103.6,119.76134615384616,249103.6,119.76134615384616,0.0,0.0,41.959352307692306,True,False,True,False,0.0,0.0,0.0,0.0,0.0,0.0,,
29-1218.00,Obstetricians and Gynecologists,1347258.2809615384,12863.27001923077,67.70142115384616,4.42,89.84400000000001,19900.0,190.0,29,Healthcare Practitioners and Technical Occupations,257920.0,124.0,257920.0,124.0,0.0,0.0,30.56058846153846,True,False,True,False,0.0,0.0,0.0,0.0,0.0,0.0,,
29-1221.00,"Pediatricians, General",4179698.0105538466,24323.19605769231,97.29278423076924,4.201764705882353,78.97411764705882,42960.0,250.0,29,Healthcare Practitioners and Technical Occupations,210130.0,101.03,194160.0,93.35,0.0,0.0,29.568225,True,False,True,False,0.0,0.0,0.0,0.0,0.0,0.0,,
29-1222.00,"Physicians, Pathologists",819454.4991538461,9027.88855,69.44529653846153,4.099473684210526,79.38052631578948,11800.0,130.0,29,Healthcare Practitioners and Technical Occupations,266020.0,127.89423076923076,266020.0,127.89423076923076,0.0,0.0,57.938465,True,True,True,True,0.0,0.0,0.0,0.0,0.0,0.0,,
29-1223.00,Psychiatrists,874342.5713846154,4583.24735,35.25574884615385,4.090833333333333,93.935,24800.0,130.0,29,Healthcare Practitioners and Technical Occupations,257920.0,124.0,257920.0,124.0,0.0,0.0,21.188356153846154,True,False,True,False,0.0,0.0,0.0,0.0,0.0,0.0,,
29-1224.00,Radiologists,2132022.3235807694,19463.117446153847,81.0963226923077,4.628235294117647,87.97529411764705,26290.0,240.0,29,Healthcare Practitioners and Technical Occupations,249103.6,119.76134615384616,249103.6,119.76134615384616,0.0,0.0,79.57294879120879,True,True,True,True,0.0,0.0,0.0,0.0,0.0,0.0,,
29-1229.01,Allergists and Immunologists,26908317.967569232,298640.0078846154,85.32571653846153,4.4175,93.426875,315360.0,3500.0,29,Healthcare Practitioners and Technical Occupations,249103.6,119.76134615384616,232740.0,111.89,0.0,0.0,43.67285192307692,True,False,True,False,0.0,0.0,0.0,0.0,0.0,0.0,,
29-1229.02,Hospitalists,17098597.35636923,189767.5378846154,54.219296538461535,4.503571428571428,97.42857142857143,315360.0,3500.0,29,Healthcare Practitioners and Technical Occupations,249103.6,119.76134615384616,232740.0,111.89,0.0,0.0,30.800152307692308,True,False,True,False,0.0,0.0,0.0,0.0,0.0,0.0,,
29-1229.03,Urologists,12950300.124553846,143727.96307692307,41.06513230769231,4.5928571428571425,97.90714285714286,315360.0,3500.0,29,Healthcare Practitioners and Technical Occupations,249103.6,119.76134615384616,232740.0,111.89,0.0,0.0,24.170016153846156,True,False,True,False,0.0,0.0,0.0,0.0,0.0,0.0,,
29-1229.04,Physical Medicine and Rehabilitation Physicians,19568533.627938464,217179.94576923078,62.051413076923076,4.3406666666666665,93.234,315360.0,3500.0,29,Healthcare Practitioners and Technical Occupations,249103.6,119.76134615384616,232740.0,111.89,0.0,0.0,25.52946,True,False,True,False,0.0,0.0,0.0,0.0,0.0,0.0,,
29-1229.05,Preventive Medicine Physicians,5224033.857046153,57978.55942307692,16.565302692307693,4.066,96.842,315360.0,3500.0,29,Healthcare Practitioners and Technical Occupations,249103.6,119.76134615384616,232740.0,111.89,0.0,0.0,10.190860384615386,True,False,True,False,0.0,0.0,0.0,0.0,0.0,0.0,,
29-1229.06,Sports Medicine Physicians,17578218.676984616,195090.58019230768,55.74016576923077,3.854074074074074,94.62444444444445,315360.0,3500.0,29,Healthcare Practitioners and Technical Occupations,249103.6,119.76134615384616,232740.0,111.89,0.0,0.0,31.28919613122172,True,False,True,False,0.0,0.0,0.0,0.0,0.0,0.0,,
29-1241.00,"Ophthalmologists, Except Pediatric",1082915.2454346153,5365.3934538461535,89.42322423076924,4.405555555555555,91.53666666666668,12110.0,60.0,29,Healthcare Practitioners and Technical Occupations,301500.0,144.95192307692307,168530.0,81.02,0.0,0.0,50.744431923076924,True,True,True,True,0.0,0.0,0.0,0.0,0.0,0.0,,
29-1291.00,Acupuncturists,868517.356,9570.1557,102.9049,4.512222222222222,99.89722222222223,8440.0,93.0,29,Healthcare Practitioners and Technical Occupations,78140.0,37.57,78140.0,37.57,0.0,0.0,47.55556153846154,True,False,True,False,0.0,0.0,0.0,0.0,0.0,0.0,,
29-1292.00,Dental Hygienists,18496249.963507693,332657.25501538464,84.43077538461539,4.2875,88.12625,219070.0,3940.0,29,Healthcare Practitioners and Technical Occupations,94260.0,45.32,82610.0,39.72,0.0,0.0,46.362651923076925,True,False,True,False,0.0,0.0,0.0,0.0,0.0,0.0,,
29-1299.01,Naturopathic Physicians,2239202.075573077,16683.39738846154,72.53651038461538,4.168,91.975,30870.0,230.0,29,Healthcare Practitioners and Technical Occupations,113730.0,54.67999999999999,113730.0,54.67999999999999,0.0,0.0,34.84988769230769,True,False,True,False,0.0,0.0,0.0,0.0,0.0,0.0,,
29-1299.02,Orthoptists,2453309.331092308,18278.624753846154,79.47228153846154,4.27875,93.750625,30870.0,230.0,29,Healthcare Practitioners and Technical Occupations,113730.0,54.68,113730.0,54.68,0.0,0.0,33.25972423076924,True,False,True,False,0.0,0.0,0.0,0.0,0.0,0.0,,
29-2011.00,Medical and Clinical Laboratory Technologists,12574163.327015383,138482.94382423075,73.3101873076923,4.586666666666667,82.60066666666667,171520.0,1889.0,29,Healthcare Practitioners and Technical Occupations,61890.0,29.75,61890.0,29.75,365328.8920615385,4021.3441476923085,54.67851846153846,False,False,False,False,2.9053932461385754,2.903855187247025,4983.330495776884,54.88287841955769,308418324.38363135,3396701.3453864255,0.011007462686567165,0.8901457516723583
29-2011.01,Cytogenetic Technologists,16711070.369476922,184043.91282615386,97.42928153846154,4.625333333333333,93.49266666666668,171520.0,1889.0,29,Healthcare Practitioners and Technical Occupations,61890.0,29.75,61890.0,29.75,415901.1682461538,4578.01659076923,65.03700538461538,False,False,False,False,2.4887763563356478,2.4874588463534684,4268.749206386903,47.012985371180385,264192888.38328543,2909633.664622354,0.011007462686567163,0.8901457516723582
29-2011.02,Cytotechnologists,10731611.969969232,118190.38602653846,62.56770038461539,4.409230769230769,95.00461538461538,171520.0,1889.0,29,Healthcare Practitioners and Technical Occupations,61890.0,29.75,61890.0,29.75,0.0,0.0,47.646965,False,False,False,False,0.0,0.0,0.0,0.0,0.0,0.0,,
29-2011.04,Histotechnologists,7950070.480738461,87556.45486307691,46.350690769230766,4.271875,92.2625,171520.0,1889.0,29,Healthcare Practitioners and Technical Occupations,61890.0,29.75,61890.0,29.75,0.0,0.0,9.687569903846153,True,True,True,True,0.0,0.0,0.0,0.0,0.0,0.0,,
29-2012.00,Medical and Clinical Laboratory Technicians,9284982.99963077,102258.23744346153,54.13352961538462,4.536153846153846,60.41230769230769,171520.0,1889.0,29,Healthcare Practitioners and Technical Occupations,61890.0,29.75,61890.0,29.75,568170.72,6260.743125,33.47820615384615,False,False,False,False,6.119243514205616,6.12248292315967,10495.726475565472,115.59250998334409,649580511.5727471,7154020.442869166,0.011019123134328358,0.8910887026804857
29-2031.00,Cardiovascular Technologists and Technicians,8072176.475623077,98956.06990384616,131.94142653846154,4.497619047619048,66.77904761904762,61180.0,750.0,29,Healthcare Practitioners and Technical Occupations,67260.0,32.34,89420.0,42.99,140272.70395384615,1719.5901923076922,98.31145615384615,False,False,False,False,1.7377308880380835,1.737730888038083,1063.1437573016995,13.032981660285627,71507049.1161123,1165409.2200627406,0.012258908139915004,0.991346989911093
29-2032.00,Diagnostic Medical Sonographers,11504387.086753845,87819.74875384616,133.0602253846154,4.433,88.42,86460.0,660.0,29,Healthcare Practitioners and Technical Occupations,89340.0,42.95,91140.0,43.82,450695.6951538462,3440.425153846154,117.38076730769231,False,False,False,False,3.9175984931242214,3.9175984931242214,3387.155657155202,25.85615005461986,302608486.4102457,2356529.515978054,0.007633587786259542,0.6173089958550705
29-2033.00,Nuclear Medicine Technologists,1455359.1392,9439.2397,85.81127,4.554117647058824,84.23235294117647,16960.0,110.0,29,Healthcare Practitioners and Technical Occupations,97020.0,46.64,106720.0,51.31,0.0,0.0,57.26347384615384,False,False,False,False,0.0,0.0,0.0,0.0,0.0,0.0,,
29-2034.00,Radiologic Technologists and Technicians,44056765.530961536,311508.5005769231,197.15727884615384,4.567407407407408,92.21000000000001,223460.0,1580.0,29,Healthcare Practitioners and Technical Occupations,77660.0,37.34,80080.0,38.5,4877547.709938461,34487.27012307692,152.09154979757085,False,True,True,False,11.071052654808925,11.071052654808927,24739.374262436024,174.922631945981,1921259805.2207816,14007804.36623416,0.007070616665174976,0.5717829408488432
29-2035.00,Magnetic Resonance Imaging Technologists,5230142.749161539,39040.314284615386,125.9364976923077,4.4425,88.75916666666666,41530.0,310.0,29,Healthcare Practitioners and Technical Occupations,88180.0,42.4,86680.0,41.67,339022.07262307697,2530.6246692307695,80.36407307692308,False,False,False,False,6.482080678915059,6.482080678915059,2692.008105953424,20.09445010463668,237381274.78297293,1741786.9350699075,0.00746448350589935,0.6036339591060538
29-2036.00,Medical Dosimetrists,247894.7338923077,2747.447932307692,62.44199846153846,4.165263157894737,85.9278947368421,3970.0,44.0,29,Healthcare Practitioners and Technical Occupations,138110.0,66.4,138110.0,66.4,24713.25,273.9,26.52930576923077,True,True,True,True,9.969251710984759,9.969251710984759,395.7792929260949,4.386470752833294,54661078.14602297,605815.4756738062,0.011083123425692695,0.8962642448636339
29-2051.00,Dietetic Technicians,481862.3937307692,10457.781500000001,16.088894615384618,4.229230769230769,78.5576923076923,29950.0,650.0,29,Healthcare Practitioners and Technical Occupations,37040.0,17.81,39180.0,18.84,0.0,0.0,11.14253576923077,False,False,False,False,0.0,0.0,0.0,0.0,0.0,0.0,,
29-2052.00,Pharmacy Technicians,68474530.28510769,753624.0113769231,140.33966692307692,4.446666666666666,70.90523809523809,487920.0,5370.0,29,Healthcare Practitioners and Technical Occupations,43460.0,20.9,46760.0,22.48,19986373.645015385,219968.08180384617,131.18306615384614,False,False,False,False,29.18804051929679,29.18804051929679,142414.2873017529,1567.3977758862377,6189324926.134181,73291520.00044048,0.011005902606984752,0.8900195919703363
29-2053.00,Psychiatric Technicians,4618900.796807692,63708.97650769231,33.88775346153846,4.24,79.203125,136300.0,1880.0,29,Healthcare Practitioners and Technical Occupations,42590.0,20.47,39340.0,18.91,0.0,0.0,17.46478076923077,False,False,False,False,0.0,0.0,0.0,0.0,0.0,0.0,,
29-2055.00,Surgical Technologists,10411336.087976923,95072.3464,91.4157176923077,4.644375,86.790625,113890.0,1040.0,29,Healthcare Practitioners and Technical Occupations,62830.0,30.21,63380.0,30.47,0.0,0.0,39.706356538461534,False,False,False,False,0.0,0.0,0.0,0.0,0.0,0.0,,
29-2056.00,Veterinary Technologists and Technicians,12683812.769707693,153573.42601153845,96.58706038461538,4.352258064516128,94.22290322580645,131320.0,1590.0,29,Healthcare Practitioners and Technical Occupations,45980.0,22.11,39400.0,18.94,566839.143446154,6863.19096923077,41.97892576923077,False,False,False,False,4.468996458225212,4.468996458225212,5868.686148941348,71.05704368578087,269842189.1283232,2799647.5212197662,0.012107828205909228,0.9791295366025938
29-2057.00,Ophthalmic Medical Technicians,7125207.330692308,69836.71586538461,93.11562115384615,4.3625,91.2325,76520.0,750.0,29,Healthcare Practitioners and Technical Occupations,44080.0,21.19,36000.0,17.31,0.0,0.0,33.268641153846154,False,False,False,False,0.0,0.0,0.0,0.0,0.0,0.0,,
29-2061.00,Licensed Practical and Licensed Vocational Nurses,31443231.118084617,84023.6241,49.71812076923077,4.185,79.43272727272728,632430.0,1690.0,29,Healthcare Practitioners and Technical Occupations,62340.0,29.969999999999995,61710.0,29.67,1733781.5478,4633.0674,26.093837692307694,False,False,False,False,5.514005673554374,5.514005673554374,34872.22608125993,93.18669588306892,2173934573.905744,5750551.002944184,0.00267223250003953,0.21609670412907997
29-2081.00,"Opticians, Dispensing",7610661.2259,64942.27172307692,95.50334076923076,4.458571428571428,95.77285714285715,79690.0,680.0,29,Healthcare Practitioners and Technical Occupations,46560.0,22.38,39760.0,19.12,0.0,0.0,39.178629615384615,False,False,False,False,0.0,0.0,0.0,0.0,0.0,0.0,,
29-2091.00,Orthotists and Prosthetists,479682.29993076925,4830.637461538461,48.30637461538461,4.241333333333333,96.19066666666666,9930.0,100.0,29,Healthcare Practitioners and Technical Occupations,78310.0,37.65,92070.0,44.26,0.0,0.0,25.07993923076923,False,False,False,False,0.0,0.0,0.0,0.0,0.0,0.0,,
29-2092.00,Hearing Aid Specialists,388114.2052153846,9170.940576923078,36.683762307692305,4.469090909090909,83.32636363636364,10580.0,250.0,29,Healthcare Practitioners and Technical Occupations,61560.0,29.6,47710.0,22.94,0.0,0.0,19.246706538461538,False,False,False,False,0.0,0.0,0.0,0.0,0.0,0.0,,
29-2099.01,Neurodiagnostic Technologists,9168466.565769231,75850.80923076923,52.674173076923076,4.6425,96.77374999999999,174060.0,1440.0,29,Healthcare Practitioners and Technical Occupations,48790.0,23.46,44360.0,21.33,0.0,0.0,29.61254576923077,False,False,False,False,0.0,0.0,0.0,0.0,0.0,0.0,,
29-2099.05,Ophthalmic Medical Technologists,22901740.715907693,189466.31409230767,131.57382923076923,4.204516129032259,91.53645161290324,174060.0,1440.0,29,Healthcare Practitioners and Technical Occupations,48790.0,23.46,44360.0,21.33,0.0,0.0,59.662515,False,False,False,False,0.0,0.0,0.0,0.0,0.0,0.0,,
29-2099.08,Patient Representatives,4858475.725107692,40194.21489230769,27.91264923076923,3.8576923076923078,74.70846153846153,174060.0,1440.0,29,Healthcare Practitioners and Technical Occupations,48790.0,23.46,44360.0,21.33,0.0,0.0,19.210285384615386,True,False,True,False,0.0,0.0,0.0,0.0,0.0,0.0,,
29-9091.00,Athletic Trainers,1247761.9134807691,15516.210323076923,43.10058423076923,3.866521739130435,90.05,28950.0,360.0,29,Healthcare Practitioners and Technical Occupations,60250.0,29.76,63190.0,30.37980769230769,0.0,0.0,32.60272961538462,False,False,False,False,0.0,0.0,0.0,0.0,0.0,0.0,,
29-9092.00,Genetic Counselors,112125.94829999999,1597.2357307692307,31.944714615384616,4.189473684210526,96.79578947368421,3510.0,50.0,29,Healthcare Practitioners and Technical Occupations,98910.0,47.55,91620.0,44.05,0.0,0.0,17.902448461538462,False,False,False,False,0.0,0.0,0.0,0.0,0.0,0.0,,
29-9093.00,Surgical Assistants,2103065.760253846,30359.21701153846,91.99762730769231,4.3525,80.23285714285714,22860.0,330.0,29,Healthcare Practitioners and Technical Occupations,60290.0,28.99,44720.0,21.5,0.0,0.0,31.490645769230767,True,False,True,False,0.0,0.0,0.0,0.0,0.0,0.0,,
29-9099.01,Midwives,1863258.1822730768,8567.86288846154,50.39919346153846,4.206388888888889,95.08111111111111,36970.0,170.0,29,Healthcare Practitioners and Technical Occupations,64030.0,30.78,62110.0,29.86,0.0,0.0,36.98264076923077,False,False,False,False,0.0,0.0,0.0,0.0,0.0,0.0,,
31-1121.00,Home Health Aides,33793837.91325,372227.5827461539,16.947167307692308,3.953333333333333,76.62066666666666,1994070.0,21964.0,31,Healthcare Support Occupations,34900.0,16.78,34900.0,16.78,0.0,0.0,3.160997307692308,True,False,True,False,0.0,0.0,0.0,0.0,0.0,0.0,,
31-1122.00,Personal Care Aides,59606573.2449,656546.046403077,29.891916153846154,4.337272727272727,81.1590909090909,1994070.0,21964.0,31,Healthcare Support Occupations,34900.0,16.78,34900.0,16.78,12566969.665800001,138420.87877538463,22.16354653846154,True,False,True,False,21.083194321819608,21.083194321819605,420413.65301310824,4630.712800844459,14672436490.157478,161611876.7494716,0.01101465846234084,0.8907276559147174
31-1131.00,Nursing Assistants,125412376.97866154,1115535.429,90.32675538461538,4.266666666666667,78.1590909090909,1388430.0,12350.0,31,Healthcare Support Occupations,39530.0,19.01,38500.0,18.51,0.0,0.0,23.073528461538462,True,False,True,False,0.0,0.0,0.0,0.0,0.0,0.0,,
31-1132.00,Orderlies,3836191.2979076924,42254.54013538462,72.35366461538462,4.123181818181818,60.05227272727273,53020.0,584.0,31,Healthcare Support Occupations,37700.0,18.12,37700.0,18.12,0.0,0.0,7.516705384615385,True,False,True,False,0.0,0.0,0.0,0.0,0.0,0.0,,
31-1133.00,Psychiatric Aides,1670925.7433076925,6224.0787,47.87752846153846,4.208235294117648,85.20882352941176,34900.0,130.0,31,Healthcare Support Occupations,41590.0,20.0,35390.0,17.02,0.0,0.0,27.094994615384614,True,False,True,False,0.0,0.0,0.0,0.0,0.0,0.0,,
31-2011.00,Occupational Therapy Assistants,3643796.72685,17492.658050000002,76.055035,4.462727272727272,94.48363636363636,47910.0,230.0,31,Healthcare Support Occupations,68340.0,32.86,61280.0,29.46,107220.03708461541,514.7277923076924,38.237756153846156,False,False,False,False,2.94253618195945,2.94253618195945,1409.7690847767726,6.767833218506736,96343619.25364465,414732.81963009277,0.00480066791901482,0.3882179095202103
31-2012.00,Occupational Therapy Aides,276751.11346153845,3044.2622480769232,55.35022269230769,4.003333333333333,78.128,5000.0,55.0,31,Healthcare Support Occupations,37370.0,17.969999999999995,37370.0,17.969999999999995,23893.515384615388,262.82866923076926,35.19785923076923,False,False,False,False,8.633575159196601,8.633575159196601,431.67875795983,4.74846633755813,16131835.184958847,177450.18703454733,0.011,0.8895422630271566
31-2021.00,Physical Therapist Assistants,10524578.689342307,76003.8087,97.44078038461538,4.143809523809524,90.6252380952381,108010.0,780.0,31,Healthcare Support Occupations,65510.0,31.5,61110.0,29.380000000000003,1030577.4149999999,7442.369999999999,37.18977115384615,False,False,False,False,9.792101379256273,9.792101379256273,10576.4486997347,76.37839075819893,692863154.3196201,4667483.459233536,0.0072215535598555685,0.5839888269277946
31-2022.00,Physical Therapist Aides,3875116.3004423077,73962.6833076923,88.05081346153847,4.0063157894736845,76.97,44010.0,840.0,31,Healthcare Support Occupations,34520.0,16.59,27860.0,13.39,211450.0228269231,4035.8559230769233,29.469481538461537,False,False,False,False,5.456611013269152,5.4566110132691525,2401.4545069397536,45.83553251146087,82898209.5795603,1276977.9357692997,0.0190865712338105,1.5434828880684381
31-9011.00,Massage Therapists,5095316.207261538,96558.47039999999,53.05410461538462,3.9650000000000003,92.85642857142857,96040.0,1820.0,31,Healthcare Support Occupations,57950.0,27.86,61010.0,29.33,0.0,0.0,4.871538461538461,False,False,False,False,0.0,0.0,0.0,0.0,0.0,0.0,,
31-9091.00,Dental Assistants,27627779.482642308,464350.9803038462,73.58969576923077,4.30625,85.090625,375430.0,6310.0,31,Healthcare Support Occupations,47300.0,22.74,37320.0,17.94,1567369.5669500001,26343.398150000005,24.875472692307692,False,False,False,False,5.673165184826854,5.673165184826854,21298.76405339546,357.9767231625745,1007431539.7256054,13359691.30842728,0.016807394187997763,1.3591715874164554
31-9092.00,Medical Assistants,76086946.97365385,926322.5717307692,95.89260576923077,4.4079999999999995,86.29350000000001,793460.0,9660.0,31,Healthcare Support Occupations,44200.0,21.25,43040.0,20.69,6297205.262807693,76665.49396153845,56.85455653846154,False,False,False,False,8.276327955422087,8.276327955422085,65669.35179509208,799.4932804937735,2902585349.34307,34410190.79245201,0.012174526756232195,0.9845232801839504
31-9093.00,Medical Equipment Preparers,4564384.713584615,42030.48045769231,62.73206038461539,4.469333333333333,79.91333333333334,72760.0,670.0,31,Healthcare Support Occupations,46490.0,22.35,45250.0,21.76,0.0,0.0,23.517235,False,False,False,False,0.0,0.0,0.0,0.0,0.0,0.0,,
31-9094.00,Medical Transcriptionists,3632645.9365807693,20242.280584615386,84.34283576923077,4.559333333333333,82.484,43070.0,240.0,31,Healthcare Support Occupations,37550.0,18.05,38900.0,18.7,807814.2772807692,4501.402984615384,84.34283576923077,False,False,False,False,22.237627651681493,22.23762765168149,9577.74622957922,53.370306364035585,359644370.92069966,2076104.9175609841,0.0055723241235198515,0.4506198010142423
31-9095.00,Pharmacy Aides,2514387.4093846157,15906.1004,61.17730923076923,4.148571428571429,72.48428571428572,41100.0,260.0,31,Healthcare Support Occupations,37000.0,17.79,38970.0,18.73,599789.5936153847,3794.2894,54.71813769230769,False,False,False,False,23.854303094930795,23.8543030949308,9804.118572016558,62.02118804682007,362752387.16461265,2416965.698184578,0.00632603406326034,0.5115704233290438
31-9096.00,Veterinary Assistants and Laboratory Animal Caretakers,10163161.481515385,64081.58566153846,89.00220230769231,4.205357142857143,85.04714285714286,114190.0,720.0,31,Healthcare Support Occupations,37320.0,17.94,35730.0,17.18,798268.8674653847,5033.309261538461,35.98111115384615,False,False,False,False,7.854532951358342,7.854532951358342,8969.091177156091,56.55263724978006,334726482.73146534,2020625.7289346417,0.006305280672563271,0.5098921489539385
31-9097.00,Phlebotomists,14549494.306953847,147715.92002307693,104.76306384615386,4.449565217391305,79.09782608695652,138880.0,1410.0,31,Healthcare Support Occupations,43660.0,20.99,38730.0,18.62,0.0,0.0,43.66578538461539,False,False,False,False,0.0,0.0,0.0,0.0,0.0,0.0,,
31-9099.01,Speech-Language Pathology Assistants,4012075.190423077,26708.46002307692,38.70791307692308,4.1499999999999995,82.08909090909091,103650.0,690.0,31,Healthcare Support Occupations,46050.0,22.14,45760.0,22.0,0.0,0.0,20.304774615384616,False,False,False,False,0.0,0.0,0.0,0.0,0.0,0.0,,
31-9099.02,Endoscopy Technicians,5436763.376480769,36192.63608076923,52.45309576923077,4.5675,93.88416666666667,103650.0,690.0,31,Healthcare Support Occupations,46050.0,22.14,45760.0,22.0,0.0,0.0,8.719569230769231,False,False,False,False,0.0,0.0,0.0,0.0,0.0,0.0,,
33-1011.00,First-Line Supervisors of Correctional Officers,2832667.1913923076,13794.5958,53.05613769230769,4.301304347826087,93.52695652173912,53390.0,260.0,33,Protective Service Occupations,76310.0,36.69,97430.0,46.84000000000001,27815.799842307693,135.4581,15.452636923076923,False,False,False,False,0.981964980807919,0.981964980807919,524.271103253348,2.5531089501005892,40007127.88926298,248749.4050083004,0.004869825810076793,0.393810533785797
33-1012.00,First-Line Supervisors of Police and Detectives,1916414.0579153844,16144.283515384615,12.514948461538461,3.864,81.76050000000001,153130.0,1290.0,33,Protective Service Occupations,105980.0,50.95,109760.0,52.77,140640.65830384614,1184.7871038461537,6.8873346153846144,False,False,False,False,7.338740692438391,7.338740692438389,11237.813622330907,94.66975493245523,1190983487.6946294,10390952.301386286,0.008424214719519364,0.6812450023479943
33-1021.00,First-Line Supervisors of Firefighting and Prevention Workers,2096150.135353846,17229.24428076923,22.375641923076923,4.1196,84.5008,93680.0,770.0,33,Protective Service Occupations,92430.0,44.44,102070.0,49.07,62637.04221538462,514.8433230769231,9.942091363636363,False,True,True,False,2.9881944598787538,2.988194459878753,2799.3405700144167,23.009097341066404,258743048.88643253,2348538.565602648,0.008219470538001707,0.6646878566599163
33-2011.00,Firefighters,8514144.526461538,67910.19442307693,25.62648846153846,4.357777777777778,95.61148148148149,332240.0,2650.0,33,Protective Service Occupations,59530.0,28.62,49270.0,23.69,0.0,0.0,16.74934153846154,False,False,False,False,0.0,0.0,0.0,0.0,0.0,0.0,,
33-2021.00,Fire Inspectors and Investigators,285448.38130769227,1218.996646153846,20.316610769230767,4.332333333333334,79.80466666666666,14050.0,60.0,33,Protective Service Occupations,78060.0,37.53,72550.0,34.88,0.0,0.0,10.95127423076923,False,False,False,False,0.0,0.0,0.0,0.0,0.0,0.0,,
33-2022.00,Forest Fire Inspectors and Prevention Specialists,33710.456423076925,727.5638076923077,12.126063461538461,3.97875,93.74875,2780.0,60.0,33,Protective Service Occupations,52380.0,25.19,77480.0,37.25,3376.2105615384617,72.86785384615385,10.127389615384615,False,False,False,False,10.015321415901191,10.015321415901191,278.4259353620531,6.009192849540715,14583950.494264342,465592.2619824146,0.02158273381294964,1.745341261662178
33-3011.00,Bailiffs,547235.5080038462,1294.4660153846155,32.36165038461538,4.234,79.898,16910.0,40.0,33,Protective Service Occupations,57050.0,27.43,57860.0,27.82,0.0,0.0,14.948867692307692,False,False,False,False,0.0,0.0,0.0,0.0,0.0,0.0,,
33-3012.00,Correctional Officers and Jailers,22759338.212653846,123333.21380769231,62.28950192307693,4.1866666666666665,81.7274074074074,365380.0,1980.0,33,Protective Service Occupations,57970.0,27.87,61340.0,29.489999999999995,0.0,0.0,34.336288461538466,False,False,False,False,0.0,0.0,0.0,0.0,0.0,0.0,,
33-3021.00,Detectives and Criminal Investigators,2832603.6384692304,14317.700492307691,25.567322307692304,4.36,93.87133333333333,110790.0,560.0,33,Protective Service Occupations,93580.0,44.99,74530.0,35.83,0.0,0.0,21.13704269230769,False,False,False,False,0.0,0.0,0.0,0.0,0.0,0.0,,
33-3021.02,Police Identification and Records Officers,1819288.68345,9195.790799999999,16.421055,4.389333333333334,77.70466666666667,110790.0,560.0,33,Protective Service Occupations,93580.0,44.99,74530.0,35.83,0.0,0.0,14.56767986013986,False,False,False,False,0.0,0.0,0.0,0.0,0.0,0.0,,
33-3021.06,Intelligence Analysts,3566038.764911538,18024.927415384613,32.187370384615384,3.8738095238095234,81.98761904761905,110790.0,560.0,33,Protective Service Occupations,93580.0,44.99,74530.0,35.83,0.0,0.0,32.055214615384614,False,False,False,False,0.0,0.0,0.0,0.0,0.0,0.0,,
33-3031.00,Fish and Game Wardens,83383.17729230771,922.1504030769232,12.988033846153849,3.8266666666666667,86.29166666666667,6420.0,71.0,33,Protective Service Occupations,68180.0,32.78,68180.0,32.78,0.0,0.0,4.701328076923077,False,False,False,False,0.0,0.0,0.0,0.0,0.0,0.0,,
33-3041.00,Parking Enforcement Workers,264712.55281153845,1703.4269807692308,34.068539615384616,3.929090909090909,78.7159090909091,7770.0,50.0,33,Protective Service Occupations,47150.0,22.67,53020.0,25.49,36333.32389615384,233.805173076923,23.755463846153845,False,False,False,False,13.72557648296387,13.72557648296387,1066.4772927262927,6.862788241481935,50284404.3520447,363865.03256337217,0.006435006435006435,0.5203827442536308
33-3051.00,Police and Sheriff's Patrol Officers,42193594.48596923,339704.64683076926,63.25971076923077,4.119666666666666,89.00733333333334,666990.0,5370.0,33,Protective Service Occupations,76290.0,36.68,77210.0,37.12,215164.9454365385,3464.626926923077,33.982857307692306,False,False,False,False,0.5099469435060527,1.0198938870121053,3401.295118491021,27.384150866275032,259484804.58968002,2114330.288385095,0.016102190437637744,1.302143538326411
33-3051.04,Customs and Border Protection Officers,19976733.506180767,160834.58361923078,29.95057423076923,4.234545454545454,84.47454545454546,666990.0,5370.0,33,Protective Service Occupations,76290.0,36.68,77210.0,37.12,0.0,0.0,18.250232307692308,True,True,True,True,0.0,0.0,0.0,0.0,0.0,0.0,,
33-3052.00,Transit and Railroad Police,66237.17307692308,728.6089038461539,22.079057692307693,3.9508333333333336,79.55083333333333,3000.0,33.0,33,Protective Service Occupations,82320.0,39.58,82320.0,39.58,0.0,0.0,11.363058076923076,False,False,False,False,0.0,0.0,0.0,0.0,0.0,0.0,,
33-9011.00,Animal Control Workers,310175.6550923077,4735.506184615385,26.308367692307694,4.408666666666666,90.82199999999999,11790.0,180.0,33,Protective Service Occupations,45830.0,22.030000000000005,46690.0,22.45,0.0,0.0,14.807434615384617,False,False,False,False,0.0,0.0,0.0,0.0,0.0,0.0,,
33-9021.00,Private Detectives and Investigators,559848.2957307692,5207.891123076923,14.46636423076923,4.187142857142857,72.825,38700.0,360.0,33,Protective Service Occupations,52370.0,25.18,51130.0,24.58,244681.61330769229,2276.108030769231,13.417285384615385,False,False,False,False,43.70498493494737,43.704984934947376,16913.829169824632,157.33794576581053,885777233.623716,8044689.167005893,0.00930232558139535,0.7522556135536209
33-9031.00,Gambling Surveillance Officers and Gambling Investigators,583744.1,6421.185100000001,58.374410000000005,4.6075,94.845,10000.0,110.0,33,Protective Service Occupations,43900.0,21.11,43900.0,21.11,168901.0230769231,1857.911253846154,50.87735692307693,False,True,True,False,28.934086541846522,28.934086541846522,2893.4086541846523,31.827495196031172,127020639.91870624,1397227.0391057685,0.011,0.8895422630271566
33-9032.00,Security Guards,61619366.458057694,347355.4403846154,49.622205769230774,4.406428571428571,86.41285714285713,1241770.0,7000.0,33,Protective Service Occupations,38370.0,18.45,42440.0,20.4,1513335.0693192307,8530.843461538461,34.63546769230769,False,False,False,False,2.455940650329972,2.455940650329972,30497.134213602498,171.91584552309803,1170175039.7759278,7296108.4840002805,0.005637114763603566,0.4558592567054283
33-9091.00,Crossing Guards and Flaggers,2564739.4211307694,48063.97895,28.440224230769232,4.285833333333334,69.36416666666666,90180.0,1690.0,33,Protective Service Occupations,37700.0,18.13,34480.0,16.58,0.0,0.0,20.25880923076923,False,True,True,False,0.0,0.0,0.0,0.0,0.0,0.0,,
33-9092.00,"Lifeguards, Ski Patrol, and Other Recreational Protective Service Workers",5726443.8668,83350.2868,39.880520000000004,4.101333333333334,80.50133333333333,143590.0,2090.0,33,Protective Service Occupations,33720.0,16.21,28400.0,13.65,0.0,0.0,14.406067307692307,False,False,False,False,0.0,0.0,0.0,0.0,0.0,0.0,,
33-9093.00,Transportation Security Screeners,6318464.810323076,65448.06018461538,136.35012538461538,4.3076923076923075,84.31461538461538,46340.0,480.0,33,Protective Service Occupations,63360.0,30.46,59950.0,28.82,0.0,0.0,81.12742653846153,False,False,False,False,0.0,0.0,0.0,0.0,0.0,0.0,,
33-9099.02,Retail Loss Prevention Specialists,2255613.8388615386,18998.071076923075,27.140101538461536,4.3100000000000005,93.49190476190476,83110.0,700.0,33,Protective Service Occupations,41600.0,20.0,49000.0,23.56,0.0,0.0,23.889193846153844,False,False,False,False,0.0,0.0,0.0,0.0,0.0,0.0,,
35-1011.00,Chefs and Head Cooks,8802565.764092308,90768.01029230769,48.28085653846154,4.314285714285714,98.01714285714286,182320.0,1880.0,35,Food Preparation and Serving Related Occupations,60990.0,29.32,44490.0,21.39,0.0,0.0,22.490718461538464,False,False,False,False,0.0,0.0,0.0,0.0,0.0,0.0,,
35-1012.00,First-Line Supervisors of Food Preparation and Serving Workers,81716568.43091539,791387.109423077,68.81627038461538,4.163846153846154,76.39192307692308,1187460.0,11500.0,35,Food Preparation and Serving Related Occupations,42010.0,20.2,38070.0,18.31,6121256.2793307705,59281.531346153846,48.502532692307696,False,False,False,False,7.490838635136505,7.490838635136504,88950.71245679194,861.4464430406981,3736819430.309829,32795266.086559378,0.009684536742290265,0.7831640663733208
35-2011.00,"Cooks, Fast Food",93300652.26983461,872647.2572115385,139.62356115384614,4.5405263157894735,95.14999999999999,668230.0,6250.0,35,Food Preparation and Serving Related Occupations,30160.0,14.5,29960.0,14.410000000000002,5664380.35778077,52979.329326923085,20.481853076923077,False,False,False,False,6.071104777916052,6.071104777916051,40568.943457468435,379.44404861975323,1223559334.677248,11368143.696647806,0.009353067057749577,0.7563589487995734
35-2012.00,"Cooks, Institution and Cafeteria",13192633.684453845,161280.57955384615,29.43076269230769,4.3623529411764705,76.22529411764705,448260.0,5480.0,35,Food Preparation and Serving Related Occupations,36450.0,17.53,37740.0,18.15,0.0,0.0,12.099975384615384,False,False,False,False,0.0,0.0,0.0,0.0,0.0,0.0,,
35-2013.00,"Cooks, Private Household",14374.382192307694,159.7153576923077,15.971535769230771,4.083846153846154,95.1,900.0,10.0,35,Food Preparation and Serving Related Occupations,44530.0,21.41,44530.0,21.41,0.0,0.0,2.194635769230769,False,False,False,False,0.0,0.0,0.0,0.0,0.0,0.0,,
35-2014.00,"Cooks, Restaurant",105328071.355,843564.605,72.5335,4.2025,83.8955,1452130.0,11630.0,35,Food Preparation and Serving Related Occupations,36830.0,17.71,36510.0,17.55,0.0,0.0,14.592643076923077,False,False,False,False,0.0,0.0,0.0,0.0,0.0,0.0,,
35-2015.00,"Cooks, Short Order",8924950.681823077,30853.4394,59.33353730769231,4.442727272727272,87.17727272727274,150420.0,520.0,35,Food Preparation and Serving Related Occupations,35620.0,17.12,36680.0,17.64,661464.7182692308,2286.675,20.34554961538462,False,False,False,False,7.411410346685693,7.411410346685693,11148.243443484618,38.5393338027656,397100431.4569221,1413622.7638854422,0.003456987102778886,0.2795578300601476
35-2021.00,Food Preparation Workers,60910793.288196154,642161.7888884615,68.53380884615385,4.230645161290322,80.4874193548387,888770.0,9370.0,35,Food Preparation and Serving Related Occupations,34220.0,16.45,32090.0,15.43,4190116.078203846,44174.96951153846,20.319616153846155,False,False,False,False,6.879102786231228,6.87910278623123,61139.40183318729,644.5719310698661,2092190330.731669,20684313.268032003,0.010542660080785806,0.8525583369625701
35-3011.00,Bartenders,63054530.82664616,280764.79975384613,84.56771076923077,4.277,85.589,745610.0,3320.0,35,Food Preparation and Serving Related Occupations,33530.0,16.12,34120.0,16.41,6396662.750999999,28482.611999999994,27.781373076923074,False,False,False,False,10.14465204504676,10.14465204504676,75639.54011307315,336.8024478955524,2536193779.9913425,11491699.522196248,0.004452729979479889,0.3600810456904913
35-3023.00,Fast Food and Counter Workers,666727470.0600346,8989789.92566923,176.33954346153845,4.348888888888889,73.97259259259259,3780930.0,50980.0,35,Food Preparation and Serving Related Occupations,30480.0,14.65,28670.0,13.79,49016789.41995,1321831.3613999998,41.95871230769231,True,True,True,True,7.351847887043913,14.703695774087826,277968.2223156094,3747.9720528149874,8472471416.179774,107454358.75420569,0.026966910257529227,2.180746034302981
35-3023.01,Baristas,422036291.7855,5690507.403,111.62235,4.092631578947368,92.35578947368421,3780930.0,50980.0,35,Food Preparation and Serving Related Occupations,30480.0,14.65,28670.0,13.79,20591144.005926922,555279.5325076922,43.78651038461538,True,False,True,False,4.878998419499045,9.75799683899809,184471.5149423652,2487.3133942606128,5622691775.443292,71311275.01345177,0.02696691025752923,2.1807460343029814
35-3031.00,Waiters and Waitresses,376361987.3642,2946904.113092308,163.4444876923077,4.3404,91.088,2302690.0,18030.0,35,Food Preparation and Serving Related Occupations,33760.0,16.23,29860.0,14.35,47789243.5741,374188.47593076923,85.95672615384616,False,False,False,False,12.697680737841107,12.697680737841106,292388.22458219336,2289.3918370327515,9871026461.894848,68361240.25379796,0.007829972770976553,0.6331901543759545
35-3041.00,"Food Servers, Nonrestaurant",16030611.51933846,136252.53002307692,58.98377923076923,4.506428571428572,88.53785714285713,271780.0,2310.0,35,Food Preparation and Serving Related Occupations,34460.0,16.57,28280.0,13.6,1444491.8844615386,12277.490076923079,27.043118461538462,False,False,False,False,9.010834569342423,9.010834569342423,24489.646192558837,208.15027855180998,843913207.7955775,5886489.8774451865,0.008499521671940541,0.6873348857005773
35-9011.00,Dining Room and Cafeteria Attendants and Bartender Helpers,72624660.12266923,527283.8870230769,139.12503615384617,4.17,76.00652173913043,522010.0,3790.0,35,Food Preparation and Serving Related Occupations,32670.0,15.710000000000004,27760.0,13.34,0.0,0.0,30.300298461538464,False,False,False,False,0.0,0.0,0.0,0.0,0.0,0.0,,
35-9021.00,Dishwashers,19074172.799496155,132642.07344615384,40.43965653846154,3.9815384615384612,73.50923076923077,471670.0,3280.0,35,Food Preparation and Serving Related Occupations,33670.0,16.19,30130.0,14.48,0.0,0.0,5.063316153846155,False,False,False,False,0.0,0.0,0.0,0.0,0.0,0.0,,
35-9031.00,"Hosts and Hostesses, Restaurant, Lounge, and Coffee Shop",49017052.976596154,500326.2342923077,114.75372346153847,4.172857142857143,70.73095238095237,427150.0,4360.0,35,Food Preparation and Serving Related Occupations,30380.0,14.61,28790.0,13.84,9082675.11023077,92708.56486153846,80.84093884615385,False,False,False,False,18.529622975431455,18.529622975431455,79149.28453955546,807.8915617288113,2404555264.311695,23259198.062172476,0.010207187170783096,0.8254294886400141
37-1011.00,First-Line Supervisors of Housekeeping and Janitorial Workers,7934771.6894307695,102217.08634615385,45.429816153846154,4.137307692307692,80.21423076923078,174660.0,2250.0,37,Building and Grounds Cleaning and Maintenance Occupations,47520.0,22.85,49770.0,23.93,627823.9686461538,8087.73576923077,22.536673846153846,False,False,False,False,7.912312958952864,7.912312958952864,13819.645814107073,178.02704157643944,656709569.0863681,8860405.859259391,0.012882171075231881,1.041748691905886
37-1012.00,"First-Line Supervisors of Landscaping, Lawn Service, and Groundskeeping Workers",3616901.2767846156,59732.922076923074,29.138010769230767,3.858571428571429,91.74,124130.0,2050.0,37,Building and Grounds Cleaning and Maintenance Occupations,56170.0,27.01,54600.0,26.25,509595.56774615386,8415.942269230769,16.931695769230767,False,False,False,False,14.08928606973698,14.08928606973698,17489.030798364514,288.8303644296081,982358859.9441347,15770137.897856602,0.01651494401031177,1.3355218789726833
37-2011.00,"Janitors and Cleaners, Except Maids and Housekeeping Cleaners",47943230.43242308,537642.3904576923,21.793368076923077,3.6966666666666663,68.64619047619047,2199900.0,24670.0,37,Building and Grounds Cleaning and Maintenance Occupations,35930.0,17.27,30390.0,14.61,0.0,0.0,5.990311923076923,False,False,False,False,0.0,0.0,0.0,0.0,0.0,0.0,,
37-2012.00,Maids and Housekeeping Cleaners,45174509.74938461,447036.9424615385,52.84124615384615,3.9939999999999998,65.285,854910.0,8460.0,37,Building and Grounds Cleaning and Maintenance Occupations,34660.0,16.66,34660.0,16.67,0.0,0.0,23.837778846153846,False,False,False,False,0.0,0.0,0.0,0.0,0.0,0.0,,
37-2021.00,Pest Control Workers,3260015.232680769,29849.27067692308,33.91962576923077,3.896153846153846,74.06076923076922,96110.0,880.0,37,Building and Grounds Cleaning and Maintenance Occupations,44730.0,21.51,42460.0,20.41,743288.0509923077,6805.67563076923,19.971283846153845,False,False,False,False,22.80014042698471,22.800140426984704,21913.214964375005,200.64123575746547,980178105.356494,8519226.870261984,0.00915617521589845,0.7404368020203156
37-3011.00,Landscaping and Groundskeeping Workers,24364777.8882,322563.4926,25.82574,3.5384615384615383,70.73038461538462,943430.0,12490.0,37,Building and Grounds Cleaning and Maintenance Occupations,38090.0,18.31,38940.0,18.72,0.0,0.0,11.987492692307692,False,False,False,False,0.0,0.0,0.0,0.0,0.0,0.0,,
37-3012.00,"Pesticide Handlers, Sprayers, and Applicators, Vegetation",688662.8764615385,6558.694061538461,27.327891923076923,4.029,84.85,25200.0,240.0,37,Building and Grounds Cleaning and Maintenance Occupations,45200.0,21.73,38180.0,18.36,0.0,0.0,5.419928461538461,False,False,False,False,0.0,0.0,0.0,0.0,0.0,0.0,,
37-3013.00,Tree Trimmers and Pruners,2117396.1872846154,19462.175107692306,44.23221615384615,3.813333333333333,69.73541666666667,47870.0,440.0,37,Building and Grounds Cleaning and Maintenance Occupations,50430.0,24.25,53900.0,25.91,0.0,0.0,5.020824999999999,False,False,False,False,0.0,0.0,0.0,0.0,0.0,0.0,,
39-1013.00,First-Line Supervisors of Gambling Services Workers,3090549.143965385,34016.62003346154,121.0555873076923,4.26,83.05892857142858,25530.0,281.0,39,Personal Care and Service Occupations,61590.0,29.61,61590.0,29.61,6441.827792307693,70.90300076923077,99.808084048583,True,True,True,True,0.20843634875976733,0.2084363487597673,53.213799838368594,0.5857061400149461,3277437.9320451217,36073.64116352053,0.011006658832745788,0.8900807460407755
39-1022.00,First-Line Supervisors of Personal Service Workers,1870216.2339538462,14848.531653846154,17.46886076923077,4.08,90.02764705882353,107060.0,850.0,39,Personal Care and Service Occupations,47080.0,22.64,43660.0,20.99,432790.2422444445,2843.856589102564,15.34690623931624,True,False,True,False,23.141187333695505,19.152443186972846,24774.955159454406,196.70009233641179,1166404888.9071136,8587926.031407738,0.006570981301136461,0.5313786888110962
39-2011.00,Animal Trainers,919591.1396423077,11889.2937,45.72805269230769,4.217333333333333,66.61999999999999,20110.0,260.0,39,Personal Care and Service Occupations,38750.0,18.63,35380.0,17.01,33834.88936923077,437.44759999999997,15.068709615384616,False,False,False,False,3.6793405145673206,3.6793405145673197,739.9153774794883,9.566285337875033,28671720.87733017,338455.1752540187,0.012928891098955743,1.0455268224178866
39-2021.00,Animal Caretakers,15583167.864615384,133184.66584615383,56.196061538461535,4.084090909090909,63.691818181818185,277300.0,2370.0,39,Personal Care and Service Occupations,33470.0,16.09,31550.0,15.17,1988814.6910384614,16997.803165384616,33.850185384615386,False,True,True,False,12.762582732323974,12.762582732323974,35390.64191673438,302.4732107560782,1184524784.9530997,9543029.799354266,0.00854670032455824,0.6911501043747701
39-3011.00,Gambling Dealers,11882998.472123077,130887.6910523077,143.2031630769231,4.567142857142857,80.55857142857143,82980.0,914.0,39,Personal Care and Service Occupations,33280.0,16.0,33280.0,16.0,0.0,0.0,133.5629825721154,False,True,True,False,0.0,0.0,0.0,0.0,0.0,0.0,,
39-3012.00,Gambling and Sports Book Writers and Runners,888152.7872307693,9816.425543076923,116.86220884615385,4.351111111111111,52.64555555555555,7600.0,84.0,39,Personal Care and Service Occupations,30460.0,14.65,30460.0,14.65,0.0,0.0,111.09467610256411,False,True,True,False,0.0,0.0,0.0,0.0,0.0,0.0,,
39-3021.00,Motion Picture Projectionists,38922.90675,419.16976500000004,19.960465,4.003529411764706,71.64647058823529,1950.0,21.0,39,Personal Care and Service Occupations,38180.0,18.35,38180.0,18.35,5067.816,54.57648,17.411633076923078,False,False,False,False,13.020137556915632,13.020137556915632,253.8926823598548,2.7342288869522826,9693622.612499256,104392.85890383815,0.010769230769230769,0.8708805372293841
39-3031.00,"Ushers, Lobby Attendants, and Ticket Takers",10102084.0998,119486.10503076923,84.74191846153846,3.8317391304347823,64.79304347826087,119210.0,1410.0,39,Personal Care and Service Occupations,31150.0,14.98,25570.0,12.289999999999996,550404.3534499999,6510.109373076923,74.86710961538462,False,False,False,False,5.44842379069975,5.44842379069975,6495.066000893172,76.82277544886648,202321305.9278223,1964358.3682275158,0.01182786678969885,0.956489762808406
39-3091.00,Amusement and Recreation Attendants,16974595.929876924,272258.64996923076,45.68098153846154,3.5011764705882356,59.572941176470586,371590.0,5960.0,39,Personal Care and Service Occupations,30490.0,14.66,27170.0,13.06,399904.01464615384,6414.133661538462,37.51507307692307,False,False,False,False,2.355897108232687,2.3558971082326874,8754.278064481841,140.41146765066816,266917938.18605134,3814979.5760686537,0.016039182970478214,1.2970482833332566
39-3092.00,Costume Attendants,138036.82485769232,2633.4529384615385,21.945441153846154,3.552380952380952,72.67333333333333,6290.0,120.0,39,Personal Care and Service Occupations,54810.0,26.35,39940.0,19.2,0.0,0.0,15.084448846153848,False,False,False,False,0.0,0.0,0.0,0.0,0.0,0.0,,
39-3093.00,"Locker Room, Coatroom, and Dressing Room Attendants",982317.0760615385,9849.435923076922,65.66290615384615,3.9460869565217394,60.09478260869565,14960.0,150.0,39,Personal Care and Service Occupations,34800.0,16.73,22880.0,11.0,20527.77252307693,205.82659615384617,40.305999615384614,False,False,False,False,2.0897297851504457,2.0897297851504457,312.6235758585067,3.134594677725669,10879300.439876033,71719.5262263633,0.010026737967914437,0.8108370166144474
39-4011.00,Embalmers,77291.56986923076,858.7952207692308,22.59987423076923,4.3769230769230765,90.8673076923077,3420.0,38.0,39,Personal Care and Service Occupations,56280.0,27.06,56280.0,27.06,5652.845653846154,62.80939615384615,4.846448846153846,False,False,False,False,7.313663913684476,7.313663913684475,250.12730584800906,2.779192287200101,14077164.77312595,156412.9419236217,0.01111111111111111,0.8985275384112692
39-4021.00,Funeral Attendants,649961.3284307692,4040.9899346153843,21.268368076923075,4.211666666666667,70.24208333333333,30560.0,190.0,39,Personal Care and Service Occupations,34610.0,16.64,38360.0,18.44,0.0,0.0,12.925967307692307,False,False,False,False,0.0,0.0,0.0,0.0,0.0,0.0,,
39-4031.00,"Morticians, Undertakers, and Funeral Arrangers",332977.4141153846,4146.022276923077,12.956319615384615,4.278181818181818,93.95136363636362,25700.0,320.0,39,Personal Care and Service Occupations,49800.0,23.94,61190.0,29.42,0.0,0.0,6.206291196581197,False,True,True,False,0.0,0.0,0.0,0.0,0.0,0.0,,
39-5011.00,Barbers,1280029.8488846153,20508.765534615384,70.71988115384616,3.928333333333333,80.11388888888888,18100.0,290.0,39,Personal Care and Service Occupations,38960.0,18.73,25290.0,12.16,28733.116499999996,460.36485,18.86536653846154,False,False,False,False,2.24472238089114,2.24472238089114,406.2947509412963,6.509694904584305,15829243.496672904,164630.18413693708,0.016022099447513812,1.295666781907963
39-5012.00,"Hairdressers, Hairstylists, and Cosmetologists",25339382.568076923,310460.1803846154,85.76248076923076,4.137272727272727,78.01863636363636,295460.0,3620.0,39,Personal Care and Service Occupations,35250.0,16.95,34960.0,16.81,3616215.623307692,44306.168538461534,28.418174999999998,False,False,False,False,14.271127615648673,14.271127615648673,42165.473653195564,516.614819686482,1486332946.2751436,18060854.09623941,0.012252081500033846,0.9907949367575697
39-5091.00,"Makeup Artists, Theatrical and Performance",63831.61096923077,711.3763873076923,19.226388846153846,4.103809523809524,91.28428571428572,3320.0,37.0,39,Personal Care and Service Occupations,50280.0,24.17,50280.0,24.17,0.0,0.0,2.3097757692307694,False,False,False,False,0.0,0.0,0.0,0.0,0.0,0.0,,
39-5092.00,Manicurists and Pedicurists,18185338.716284614,110721.18011538462,123.02353346153846,4.147777777777778,91.40277777777777,147820.0,900.0,39,Personal Care and Service Occupations,34660.0,16.66,38390.0,18.46,2118027.101253846,12895.578346153847,17.41512,False,False,False,False,11.646893875873724,11.646893875873724,17216.43852731654,104.82204488286352,596721759.3567913,4024118.303053131,0.006088485996482209,0.4923605101563579
39-5093.00,Shampooers,118744.19501538461,1308.9911261538462,13.357052307692307,4.5600000000000005,79.1125,8890.0,98.0,39,Personal Care and Service Occupations,31470.0,15.13,31470.0,15.13,18528.052469230766,204.24624769230766,2.0841453846153843,False,False,False,False,15.603333255011123,15.603333255011123,1387.1363263704886,15.291266589910899,43653180.19087928,481216.159584496,0.011023622047244094,0.891452518423779
39-5094.00,Skincare Specialists,4845245.917661538,55874.846146153846,68.98129153846153,4.049444444444444,88.45555555555556,70240.0,810.0,39,Personal Care and Service Occupations,41560.0,19.98,44960.0,21.62,277607.41778461536,3201.338388461538,10.716919615384615,False,False,False,False,5.729480453669049,5.729480453669048,4024.38707065714,46.408791674719296,167253526.65651074,2086539.2736953795,0.011531890660592256,0.932554919564088
39-6011.00,Baggage Porters and Bellhops,1684373.2507538463,10790.34753846154,53.951737692307695,4.128823529411765,74.9535294117647,31220.0,200.0,39,Personal Care and Service Occupations,36020.0,17.32,32530.0,15.64,175479.93507692308,1124.1507692307691,27.748584230769232,False,False,False,False,10.418114571600238,10.418114571600237,3252.5353692535946,20.836229143200477,117156324.00051448,677802.5340283115,0.006406149903907751,0.5180491893466639
39-6012.00,Concierges,1647653.192,13047.027538461538,37.27722153846154,3.886875,87.3775,44200.0,350.0,39,Personal Care and Service Occupations,37320.0,17.94,35350.0,16.99,1035954.33,8203.25826923077,34.75213846153846,False,False,False,False,62.874537859663846,62.87453785966386,27790.54573397142,220.06088250882345,1037143166.7918134,7779152.1966869095,0.007918552036199096,0.6403533361980767
39-7011.00,Tour Guides and Escorts,1563492.203975,17226.806573076923,63.802987307692305,3.9489473684210528,58.7321052631579,24505.0,270.0,39,Personal Care and Service Occupations,36660.0,17.63,36660.0,17.63,108643.171975,1197.047803846154,40.07434192307692,False,False,False,False,6.948750476579748,6.948750476579748,1702.791304285867,18.761626286765317,62424329.21511988,687801.2196728166,0.011018159559273618,0.8910107807955048
39-7012.00,Travel Guides,820294.3849749999,9038.13441923077,33.47457192307692,4.219411764705883,64.4835294117647,24505.0,270.0,39,Personal Care and Service Occupations,36660.0,17.63,36660.0,17.63,47367.995350000005,521.9081307692308,26.48473423076923,False,False,False,False,5.774511714040763,5.774511714040761,1415.0440955256888,15.591181627910059,51875516.54197175,571572.7184791828,0.011018159559273617,0.8910107807955047
39-9011.00,Childcare Workers,35321845.761876926,265501.2052153846,67.90312153846153,4.14375,78.65083333333332,520180.0,3910.0,39,Personal Care and Service Occupations,32050.0,15.410000000000002,30860.0,14.839999999999998,369147.8289000001,5549.926355769232,40.560723461538466,False,False,False,False,1.0450977884582224,2.090358253276825,5436.389676001982,40.8633235287165,174236289.1158635,1261042.164096191,0.015034427731315938,1.215796260675729
39-9011.01,Nannies,26951677.198423076,202585.75463461538,51.81221346153846,4.379473684210526,97.89473684210526,520180.0,3910.0,39,Personal Care and Service Occupations,32050.0,15.410000000000002,30860.0,14.839999999999998,309628.1676923077,4654.326923076923,41.38664269230769,False,False,False,False,1.1488270856495113,2.2974601207629277,5975.968734131628,44.91913904889589,191529797.92891866,1386204.6310489273,0.015031988070614268,1.2155989714664943
39-9031.00,Exercise Trainers and Group Fitness Instructors,16647981.83613846,308702.1202076923,54.831637692307694,3.6614285714285715,75.5104761904762,303620.0,5630.0,39,Personal Care and Service Occupations,46180.0,22.2,48730.0,23.43,0.0,0.0,35.81036384615385,False,True,True,False,0.0,0.0,0.0,0.0,0.0,0.0,,
39-9032.00,Recreation Workers,6889752.598538462,132392.54605769232,22.250848076923077,3.9479166666666665,76.7625,309640.0,5950.0,39,Personal Care and Service Occupations,35380.0,17.01,31060.0,14.93,504209.7968153846,9688.826673076923,16.58694576923077,False,False,False,False,7.318256927285657,7.318256927285657,22660.25074964731,435.4362871734966,801719671.5225219,13524651.079608805,0.019215863583516343,1.5539384343729323
39-9041.00,Residential Advisors,2862143.33405,38364.67939615385,34.56277423076923,3.826,74.77066666666666,82810.0,1110.0,39,Personal Care and Service Occupations,39180.0,18.84,39520.0,19.0,59464.3322,797.0705076923076,19.648890769230768,False,False,False,False,2.077615453166581,2.0776154531665805,1720.4733567672456,23.06153153014905,67408146.11814068,911391.7260714904,0.013404178239343074,1.0839620950040552
41-1011.00,First-Line Supervisors of Retail Sales Workers,56869491.416738465,480741.2359692308,51.08833538461539,4.189047619047619,81.6252380952381,1113160.0,9410.0,41,Sales and Related Occupations,47320.0,22.75,46900.0,22.55,2701545.5576769235,22837.27738846154,36.74664846153846,False,False,False,False,4.7504303104806285,4.750430310480628,52879.89004414616,447.01549221622713,2502276396.888996,20965026.584941052,0.008453411908440836,0.6836061053941069
41-1012.00,First-Line Supervisors of Non-Retail Sales Workers,4413389.112338462,41310.660153846155,20.15154153846154,3.869444444444445,65.87777777777778,219010.0,2050.0,41,Sales and Related Occupations,84130.0,40.45,77110.0,37.07,474083.4501192308,4437.564826923077,17.140439010989013,False,False,False,False,10.741936367990782,10.741936367990784,23525.914839536614,220.20969554381102,1979235215.4502153,16980369.62338327,0.009360303182503082,0.7569441159621898
41-2011.00,Cashiers,335380479.4909423,2962783.4342884617,106.53662115384616,4.351071428571428,65.97714285714285,3148030.0,27810.0,41,Sales and Related Occupations,31190.0,14.99,30290.0,14.56,185864366.02455002,1641943.6978500003,99.58575307692308,False,False,False,False,55.41895768849293,55.41895768849293,1744605.413721064,15412.012133169885,54414242853.95999,466829847.5137158,0.008834096244317876,0.7143910877245663
41-2012.00,Gambling Change Persons and Booth Cashiers,1475125.7347846155,16278.177283076922,67.26519538461538,4.5976923076923075,72.30153846153846,21930.0,242.0,41,Sales and Related Occupations,34810.0,16.74,34810.0,16.74,388288.9699846154,4284.812163076923,60.22051369230769,False,True,True,False,26.322432103817228,26.322432103817228,5772.509360367118,63.700285691237696,200941050.83437937,2217406.9449119843,0.011035111719106247,0.8923816592155698
41-2021.00,Counter and Rental Clerks,34984445.664684616,295764.3417038462,87.76389961538462,4.175625,80.68,398620.0,3370.0,41,Sales and Related Occupations,38540.0,18.53,37300.0,17.94,10816207.20723077,91442.0206923077,73.35700307692308,False,False,False,False,30.917189058534355,30.917189058534362,123242.09902512963,1041.9092712726078,4749750496.428496,38863215.81846827,0.00845416687572124,0.6836671576943907
41-2022.00,Parts Salespersons,23277127.263423078,281896.8479423077,87.81833269230769,4.196315789473684,91.28684210526316,265060.0,3210.0,41,Sales and Related Occupations,37440.0,18.0,37220.0,17.89,4610923.815661538,55840.434046153845,78.84878807692309,False,False,False,False,19.80881817365408,19.808818173654075,52505.253451087505,635.8630633742958,1965796689.2087162,23666823.21879129,0.012110465554968686,0.9793428123708432
41-2031.00,Retail Salespersons,409196967.23596156,4261829.080507692,107.67632846153846,4.190833333333333,71.34708333333333,3800250.0,39580.0,41,Sales and Related Occupations,34580.0,16.62,34300.0,16.49,150234814.06528845,1564711.2533923076,75.75216692307693,False,False,False,False,36.71454729493541,36.714547294935414,1395244.5835757828,14531.617819335435,48247557700.05057,498434491.2032054,0.010415104269455957,0.8422432201377866
41-3011.00,Advertising Sales Agents,3465029.6338846153,29861.75123076923,35.54970384615385,4.1615,91.8895,97470.0,840.0,41,Sales and Related Occupations,61460.0,29.55,70790.0,34.04,281399.86377692304,2425.114246153846,35.54970384615385,False,False,False,False,8.121138735008394,8.121138735008394,7915.673925012682,68.2175653740705,486497319.4312794,4829121.452830451,0.008618036318867345,0.6969188663577713
41-3021.00,Insurance Sales Agents,10178141.677676924,102544.53892692308,21.679606538461538,3.9499999999999997,74.94684210526316,469480.0,4730.0,41,Sales and Related Occupations,60370.0,29.02,52440.0,25.21,589724.8427230769,5941.463973076923,20.996303076923077,False,False,False,False,5.794032559170239,5.794032559170239,27201.824058792437,274.0577400487523,1642174118.4292994,14371587.88815657,0.01007497656982193,0.8147379507149981
41-3031.00,"Securities, Commodities, and Financial Services Sales Agents",45601353.559346154,306068.7926807692,96.55166961538461,4.191923076923077,81.99923076923076,472300.0,3170.0,41,Sales and Related Occupations,78140.0,37.57,63480.0,30.52,17694765.269782543,118764.35719926035,111.4057726331361,False,False,False,False,38.80315799563792,38.803157995637925,183267.3152133979,1230.060108461722,14320508010.774912,78084215.6851501,0.006711835697649799,0.5427692286867143
41-3041.00,Travel Agents,1348756.20425,10489.05923846154,22.80230269230769,4.445,96.6725,59150.0,460.0,41,Sales and Related Occupations,48450.0,23.29,41040.0,19.73,159169.30574999997,1237.8339923076921,22.80230269230769,False,False,False,False,11.801191738614387,11.801191738614387,6980.404913390409,54.28548199762618,338200618.0537653,2227876.181182578,0.007776838546069316,0.6288933235879384
41-4011.00,"Sales Representatives, Wholesale and Manufacturing, Technical and Scientific Products",15070293.268099999,183039.9992076923,51.27170846153846,3.758787878787879,71.42272727272727,293930.0,3570.0,41,Sales and Related Occupations,100070.0,48.11,84340.0,40.55,1043652.1686894789,35661.80348039702,47.759247543424316,False,False,False,False,6.925227997378304,19.48306579696397,20355.32265269405,247.23063950640545,2036957137.8550935,20851432.135970235,0.03417020013974367,2.7632579236725863
41-4011.07,Solar Sales Representatives and Assessors,7614757.57455,92486.93410384616,25.90670423076923,4.323846153846154,91.00923076923078,293930.0,3570.0,41,Sales and Related Occupations,100070.0,48.11,84340.0,40.55,97511.1529323077,8193.250234615387,25.906704230769233,False,False,False,False,1.2805549221712444,8.8588191553802,3763.935082737939,45.71581072151343,376656983.7295855,3855671.4762524427,0.08402372434569763,6.794786718403806
41-4012.00,"Sales Representatives, Wholesale and Manufacturing, Except Technical and Scientific Products",63420590.30246154,697353.1589230769,50.061246153846156,4.122222222222223,73.40388888888889,1266860.0,13930.0,41,Sales and Related Occupations,66780.0,32.11,61080.0,29.37,11335298.065538462,124639.42507692307,50.061246153846156,False,False,False,False,17.87321437955538,17.873214379555378,226428.6036888353,2489.7387630720646,15120902154.340422,152073243.6484417,0.010995690131506242,0.8891937348295851
41-9011.00,Demonstrators and Product Promoters,4006248.654023077,37730.61106923077,61.85346076923077,4.055238095238095,71.55904761904762,64770.0,610.0,41,Sales and Related Occupations,37960.0,18.25,37300.0,17.93,299259.14777307695,2818.4048192307696,49.721325769230766,False,False,False,False,7.469809630327383,7.469809630327383,4838.195697563046,45.56583874499704,183657908.67949325,1699605.7851883895,0.00941794040450826,0.7616050927710156
41-9012.00,Models,84659.7663076923,632.9702153846154,15.824255384615384,3.6149999999999998,48.544,5350.0,40.0,41,Sales and Related Occupations,89990.0,43.26,89990.0,43.26,0.0,0.0,4.284176153846154,False,False,False,False,0.0,0.0,0.0,0.0,0.0,0.0,,
41-9021.00,Real Estate Brokers,920140.2375230769,7421.982153846154,18.554955384615386,3.927058823529412,81.55588235294118,49590.0,400.0,41,Sales and Related Occupations,72280.0,34.75,81230.0,39.05,61932.87470769231,499.5593846153846,13.88573923076923,False,False,False,False,6.730808216192051,6.73080821619205,3337.807794409638,26.923232864768202,241256747.37992865,2186974.205605121,0.008066142367412784,0.6522885941279631
41-9022.00,Real Estate Sales Agents,7431746.105153846,199245.6589576923,38.99132269230769,3.8621212121212123,82.49636363636364,190600.0,5110.0,41,Sales and Related Occupations,56320.0,27.08,55380.0,26.63,1008719.5641538461,27043.845607692307,37.88484730769231,False,False,False,False,13.573116598457375,13.573116598457375,25870.36023665976,693.5862581811718,1457018688.5286777,38410806.9780733,0.026810073452256035,2.1680630373312844
41-9031.00,Sales Engineers,1047134.2031307692,7757.9178923076925,18.471233076923077,3.8244,75.5672,56690.0,420.0,41,Sales and Related Occupations,121520.0,58.42,110400.0,53.08,82731.2056153846,612.9318461538462,18.261494615384613,False,False,False,False,7.900726131190358,7.90072613119036,4478.921643771814,33.1830497509995,544278558.1511508,3663408.692510345,0.0074087140589169185,0.5991240245536424
41-9041.00,Telemarketers,5437613.98075,71213.67098076922,81.85479423076923,4.3275,76.20833333333333,66430.0,870.0,41,Sales and Related Occupations,34410.0,16.54,32090.0,15.43,4922652.75985,64469.485188461535,81.85479423076923,False,False,False,False,90.52964732834947,90.52964732834948,60138.84472022255,787.6079317566404,2069377646.8228579,25274338.530070588,0.013096492548547342,1.0590803290320998
41-9091.00,"Door-to-Door Sales Workers, News and Street Vendors, and Related Workers",76230.61584230768,8968.307746153845,16.607977307692305,3.9958333333333336,87.84750000000001,4590.0,540.0,41,Sales and Related Occupations,34530.0,16.6,33230.0,15.98,18031.306569230772,2121.3301846153845,16.281231153846154,False,True,True,False,23.653628361773606,23.6536283617736,1085.7015418054084,127.72959315357748,37489274.23854075,4244454.38049338,0.11764705882352938,9.513820994942849
43-1011.00,First-Line Supervisors of Office and Administrative Support Workers,38738608.64703077,486181.7383923077,25.902063846153847,3.7764285714285717,75.82392857142858,1495580.0,18770.0,43,Office and Administrative Support Occupations,66140.0,31.8,63970.0,30.76,5443353.233615385,68315.79734615385,16.183123846153848,False,False,False,False,14.051493906796797,14.051493906796795,210151.33257127155,2637.4654063057587,13899409136.2639,168718662.0413794,0.012550314927987803,1.0149123220677978
43-2011.00,"Switchboard Operators, Including Answering Service",3402863.648203846,10476.210503846154,95.2382773076923,4.269473684210527,70.56368421052632,35730.0,110.0,43,Office and Administrative Support Occupations,38370.0,18.45,41290.0,19.85,1668099.4651384614,5135.486738461538,94.55295615384615,False,False,False,False,49.02046151684463,49.02046151684462,17515.010899968584,53.922507668529086,672050968.2317946,2226460.3416335657,0.0030786453960257487,0.2489622902398983
43-2021.00,Telephone Operators,262013.29296153848,2918.6290861538464,66.33247923076924,4.097857142857143,60.71357142857143,3950.0,44.0,43,Office and Administrative Support Occupations,39130.0,18.81,39130.0,18.81,125524.2622115385,1398.244946153846,66.33247923076924,False,False,False,False,47.90759308153289,47.907593081532866,1892.349926720549,21.07934095587447,74047652.63257508,824834.6116033681,0.011139240506329109,0.9008022916730696
43-3011.00,Bill and Account Collectors,9111713.600892307,174481.97175384616,55.21581384615385,4.1546666666666665,86.72866666666667,165020.0,3160.0,43,Office and Administrative Support Occupations,46040.0,22.14,44640.0,21.46,1423157.233,27252.314,45.23401307692308,False,False,False,False,15.618985575453454,15.618985575453454,25774.449996613293,493.55994418432914,1186655677.844076,22032515.908388454,0.01914919403708641,1.548547036263271
43-3021.00,Billing and Posting Clerks,22336201.9875,232189.5009,53.499885,4.180434782608696,65.63956521739131,417500.0,4340.0,43,Office and Administrative Support Occupations,47170.0,22.68,44780.0,21.53,9350146.578896761,97196.7332991903,62.00418218623482,False,False,False,False,41.86095104319606,41.86095104319607,174769.47060534355,1816.765275274709,8243875928.454055,81354749.02680147,0.010395209580838324,0.8406343868345912
43-3031.00,"Bookkeeping, Accounting, and Auditing Clerks",88562468.39933461,850480.0265307692,60.83548115384615,4.2942857142857145,64.5425,1455770.0,13980.0,43,Office and Administrative Support Occupations,49210.0,23.66,48210.0,23.18,29276045.899234615,281142.70913076925,58.55404153846153,False,False,False,False,33.05694435618799,33.056944356188,481233.0788540779,4621.360820995081,23681479810.409172,222795805.18017283,0.009603165335183444,0.7765837658620931
43-3041.00,Gambling Cage Workers,1318084.4585307692,14558.531083846154,97.70826230769231,4.635882352941176,80.79823529411765,13490.0,149.0,43,Office and Administrative Support Occupations,36990.0,17.78,36990.0,17.78,358483.3585807693,3959.5270888461537,86.18162704142011,False,True,True,False,27.197298038121193,27.197298038121193,3668.915505342549,40.52397407680058,135713184.54262087,1498981.8011008534,0.011045218680504076,0.8931989836986746
43-3051.00,Payroll and Timekeeping Clerks,2923872.9813076924,28502.87136923077,18.629327692307694,4.3376190476190475,75.65190476190476,156950.0,1530.0,43,Office and Administrative Support Occupations,55290.0,26.58,54790.0,26.34,1211527.5345192307,11810.367173076924,16.52492,False,False,False,False,41.43571017840109,41.435710178401095,65033.34712500051,633.9663657295366,3595693762.5412784,34735017.17832131,0.009748327492832113,0.7883226635185205
43-3061.00,Procurement Clerks,2010692.7201153846,20140.494692307693,33.567491153846156,4.123684210526316,83.48526315789474,59900.0,600.0,43,Office and Administrative Support Occupations,48510.0,23.32,49000.0,23.56,194199.04842307695,1945.232538461539,27.844805,False,False,False,False,9.65831558846708,9.658315588467081,5785.331037491781,57.94989353080248,280646408.6287263,2839544.7830093214,0.010016694490818032,0.8100248259467204
43-3071.00,Tellers,37789590.99916923,474402.2445230769,111.36202923076924,4.275714285714286,76.36857142857143,339340.0,4260.0,43,Office and Administrative Support Occupations,39340.0,18.91,38000.0,18.27,16448087.14519231,206485.68173076923,105.31896615384616,False,False,False,False,43.52544367456612,43.525443674566105,147699.24056527266,1854.1839005365168,5810488123.837827,70458988.22038764,0.012553780868745208,1.0151926039573307
43-4011.00,Brokerage Clerks,1266729.9131115384,10111.089353846155,31.59715423076923,3.9850000000000003,62.011,40090.0,320.0,43,Office and Administrative Support Occupations,62940.0,30.26,59140.0,28.43,174299.4009346154,1391.2648615384614,31.59715423076923,False,False,False,False,13.759791975423886,13.75979197542388,5516.300602947436,44.03133432135643,347195959.94951165,2604013.1117650196,0.00798204040907957,0.6454874808242592
43-4021.00,Correspondence Clerks,172550.59425384615,2480.7593423076924,27.563992692307693,3.725882352941176,65.38882352941175,6260.0,90.0,43,Office and Administrative Support Occupations,46740.0,22.47,45900.0,22.07,33347.21983846154,479.4328730769231,24.22993846153846,False,False,False,False,19.326053313617166,19.326053313617162,1209.8109374324347,17.39344798225545,56546563.215592,798359.262385525,0.01437699680511182,1.1626314794139427
43-4031.00,"Court, Municipal, and License Clerks",13927584.067615384,108956.45438461538,81.92214615384616,4.368888888888889,81.09629629629629,170010.0,1330.0,43,Office and Administrative Support Occupations,47700.0,22.93,47330.0,22.760000000000005,2612801.1697615385,20440.12443846154,89.01225423076923,False,False,False,False,18.759902342552436,18.759902342552436,31893.709972573397,249.5067011559474,1521329965.691751,11809152.165710991,0.007823069231221693,0.6326318825235512
43-4041.00,"Credit Authorizers, Checkers, and Clerks",273809.2592,4120.875138461538,22.893750769230767,3.9545454545454546,61.89545454545455,11960.0,180.0,43,Office and Administrative Support Occupations,49130.0,23.62,49800.0,23.94,11061.173799999999,166.47251538461538,31.21875104895105,False,False,False,False,4.039736944001782,4.039736944001783,483.1525385026132,7.271526499203207,23737284.216633387,362122.0196603197,0.015050167224080268,1.217069073767773
43-4051.00,Customer Service Representatives,142807148.95564616,2554982.943276923,52.388413846153846,4.053846153846154,67.59538461538462,2725930.0,48770.0,43,Office and Administrative Support Occupations,42830.0,20.59,40150.0,19.3,41478827.62235,742103.58415,49.372125,False,False,False,False,29.045343966101257,29.045343966101257,791755.744775144,14165.414252267583,33910898548.719418,568741382.2285434,0.01789114173878273,1.4468115191324005
43-4061.00,"Eligibility Interviewers, Government Programs",6132944.1059,82029.01050384615,39.248330384615386,4.205294117647059,69.24352941176471,156260.0,2090.0,43,Office and Administrative Support Occupations,51500.0,24.76,49000.0,23.56,1235363.6135,16523.16621153846,34.75226730769231,False,False,False,False,20.143076345854162,20.143076345854162,31475.571098031713,420.990295628352,1620991911.548633,20628524.485789247,0.013375143990784589,1.0816141685342362
43-4071.00,File Clerks,3278874.6576384613,24078.846561538463,41.51525269230769,3.9157894736842107,80.73947368421052,78980.0,580.0,43,Office and Administrative Support Occupations,41270.0,19.84,38670.0,18.59,837945.2055615385,6153.5606384615385,38.11964384615385,False,False,False,False,25.55587794762031,25.55587794762031,20184.03240303052,148.2240920961978,832995017.2730696,5731825.641359969,0.007343631299063054,0.593860945873237
43-4081.00,"Hotel, Motel, and Resort Desk Clerks",24055810.4496,325737.55495384615,92.01625846153847,4.441,89.80449999999999,261430.0,3540.0,43,Office and Administrative Support Occupations,34270.0,16.48,34270.0,16.48,3740850.4356500003,50654.51762307693,82.46385884615385,False,False,False,False,15.550714632905677,15.55071463290568,40654.23326480531,550.495298004861,1393220573.984878,18865473.862626586,0.013540909612515778,1.0950192163784966
43-4111.00,"Interviewers, Except Eligibility and Loan",9244608.877726924,42312.11233846154,58.76682269230769,4.06125,76.28812500000001,157310.0,720.0,43,Office and Administrative Support Occupations,43830.0,21.07,41030.0,19.73,831751.4554000001,3806.8848000000003,57.40889307692308,False,False,False,False,8.997151381968603,8.997151381968603,14153.41883897481,64.77948995017394,620344347.712266,2657902.4726556367,0.004576949971394063,0.3701264032105413
43-4121.00,"Library Assistants, Clerical",5747966.704696153,59583.01941923077,71.78677038461538,3.8578125,77.878125,80070.0,830.0,43,Office and Administrative Support Occupations,36010.0,17.31,33450.0,16.08,482846.39816538454,5005.151873076923,63.17367846153846,False,False,False,False,8.400299148756266,8.400299148756266,6726.119528409143,69.722482934677,242207564.21801323,2332217.0541649456,0.010365929811415013,0.8382666057115252
43-4131.00,Loan Interviewers and Clerks,5640092.733115384,86018.74532307693,32.582858076923074,4.349444444444444,79.50555555555555,173100.0,2640.0,43,Office and Administrative Support Occupations,48950.0,23.53,47120.0,22.66,633796.3958076923,9666.218861538462,30.37234576923077,False,False,False,False,11.237339983550342,11.23733998355034,19451.83551152564,296.665775565729,952167348.2891802,13978891.344657151,0.015251299826689775,1.2333341601763004
43-4141.00,New Accounts Clerks,1391566.0566076923,5488.690730769231,36.59127153846154,4.082666666666666,77.24933333333334,38030.0,150.0,43,Office and Administrative Support Occupations,46610.0,22.41,38480.0,18.5,691070.2629423077,2725.7570192307694,33.79868846153846,False,False,False,False,49.66133369385087,49.66133369385087,18886.205203771486,74.4920005407763,880286024.547789,2866452.180809072,0.003944254535892716,0.3189619187102849
43-4151.00,Order Clerks,4634810.226884616,46670.34992307692,55.55994038461539,4.126315789473685,68.35157894736842,83420.0,840.0,43,Office and Administrative Support Occupations,44660.0,21.47,41960.0,20.17,1217335.7395076924,12257.99593846154,46.74460461538462,False,False,False,False,26.265061133386467,26.265061133386467,21910.313997470992,220.6265135204463,978514623.1270545,9257488.507317927,0.01006952769120115,0.8142973136405174
43-4161.00,"Human Resources Assistants, Except Payroll and Timekeeping",2650453.128946154,16318.408765384616,28.62878730769231,3.7263157894736842,68.50631578947369,92580.0,570.0,43,Office and Administrative Support Occupations,49440.0,23.77,47120.0,22.65,314120.8777384615,1933.9911461538456,27.757440384615386,False,False,False,False,11.85159149987908,11.85159149987908,10972.203410588052,67.55407154931076,542465736.6194733,3183147.8514035232,0.006156837329876863,0.4978879101371583
43-4171.00,Receptionists and Information Clerks,74812123.07148461,937740.2133,77.56329307692307,3.9883333333333337,69.14777777777778,964530.0,12090.0,43,Office and Administrative Support Occupations,37230.0,17.9,36090.0,17.35,35557149.52706538,445694.72984999995,74.57219923076923,False,False,False,False,47.52859305047359,47.52859305047358,458427.53854973294,5746.206899802256,17067257260.206558,207380607.0138634,0.012534602345183663,1.01364168511638
43-4181.00,Reservation and Transportation Ticket Agents and Travel Clerks,16674512.812615385,461872.4908076923,130.84206538461538,4.259047619047619,71.39571428571428,127440.0,3530.0,43,Office and Administrative Support Occupations,41460.0,19.94,37540.0,18.05,4924717.052676924,136411.26173846156,127.97751500000001,False,False,False,False,29.534398444019576,29.534398444019583,37638.63737705855,1042.564265073891,1560497905.6528475,39137862.51087387,0.027699309478970497,2.239973312564817
43-5011.00,Cargo and Freight Agents,3079296.4947692305,20780.52849230769,31.48564923076923,3.171666666666667,62.88625,97800.0,660.0,43,Office and Administrative Support Occupations,49900.0,23.99,55220.0,26.55,175163.17385576922,2366.954026153846,27.485135384615383,False,False,False,False,5.68841532971304,11.390249420413053,5563.270192459353,37.54354117610606,277607182.60372174,2073154.3437445767,0.013512851897184822,1.0927502596884175
43-5011.01,Freight Forwarders,12434049.117461538,83910.76091538461,127.13751653846154,4.2945161290322575,77.40709677419355,97800.0,660.0,43,Office and Administrative Support Occupations,49900.0,23.99,55220.0,26.55,423972.55465384613,5717.487655384615,110.93625384615385,False,False,False,False,3.4097706278033573,6.8137716700604285,3334.755673991683,22.50448614350216,166404308.13218498,1242697.7248441894,0.013485513608428446,1.0905394812113598
43-5021.00,Couriers and Messengers,3492582.4700307692,50504.5296,48.562047692307694,4.294666666666667,79.57400000000001,71920.0,1040.0,43,Office and Administrative Support Occupations,38340.0,18.43,41600.0,20.0,424499.44621538464,6138.479200000001,34.30886076923077,False,False,False,False,12.154314174624052,12.154314174624053,8741.382754389619,126.40486741609013,335144614.803298,5258442.484509349,0.01446051167964405,1.169385116731018
43-5031.00,Public Safety Telecommunicators,11248012.799999999,93418.33846153846,111.21230769230769,4.562777777777778,88.74,101140.0,840.0,43,Office and Administrative Support Occupations,50730.0,24.39,51760.0,24.88,2737608.1947999997,22736.71033846154,109.79448384615384,False,True,True,False,24.338594234174412,24.338594234174415,24616.054208444,204.44419156706508,1248772429.994364,10582031.35551129,0.008305319359303938,0.6716302343671344
43-5032.00,"Dispatchers, Except Police, Fire, and Ambulance",13565174.905384615,135651.74905384614,64.28992846153847,4.355833333333334,79.05916666666667,211000.0,2110.0,43,Office and Administrative Support Occupations,48880.0,23.5,49660.0,23.87,3177286.043076923,31772.86043076923,64.28992846153847,False,False,False,False,23.42237431686722,23.42237431686722,49421.20980858983,494.21209808589833,2415708735.443871,24542572.790945712,0.01,0.8086747845701424
43-5041.00,"Meter Readers, Utilities",451446.1938,4831.9929,23.00949,4.058333333333334,83.40583333333333,19620.0,210.0,43,Office and Administrative Support Occupations,49180.0,23.64,53650.0,25.790000000000003,0.0,0.0,21.455852307692307,False,False,False,False,0.0,0.0,0.0,0.0,0.0,0.0,,
43-5051.00,Postal Service Clerks,6591046.388653846,54038.81230769231,84.43564423076923,4.278421052631579,63.823684210526324,78060.0,640.0,43,Office and Administrative Support Occupations,61630.0,29.630000000000003,59550.0,28.630000000000003,1276817.182130769,10468.39606153846,69.77965307692308,False,False,False,False,19.371995080003458,19.371995080003465,15121.779359450698,123.98076851202214,931955261.9229466,7383054.7648909185,0.00819882141942096,0.6630180145079314
43-5052.00,Postal Service Mail Carriers,11173709.337461539,80800.24309615385,33.25112884615385,4.247142857142857,87.46285714285715,336040.0,2430.0,43,Office and Administrative Support Occupations,57490.0,27.640000000000004,58390.0,28.07,0.0,0.0,29.47215153846154,False,False,False,False,0.0,0.0,0.0,0.0,0.0,0.0,,
43-5053.00,"Postal Service Mail Sorters, Processors, and Processing Machine Operators",6161782.61895,48444.28396923077,55.050322692307695,4.217142857142857,48.58571428571429,111930.0,880.0,43,Office and Administrative Support Occupations,56530.0,27.18,55410.0,26.640000000000004,0.0,0.0,43.88603576923077,False,False,False,False,0.0,0.0,0.0,0.0,0.0,0.0,,
43-5061.00,"Production, Planning, and Expediting Clerks",8126480.936538462,105327.63603461538,21.107742692307692,3.7570588235294116,65.12235294117647,385000.0,4990.0,43,Office and Administrative Support Occupations,57770.0,27.78,53110.0,25.53,0.0,0.0,18.43705153846154,False,False,False,False,0.0,0.0,0.0,0.0,0.0,0.0,,
43-5071.00,"Shipping, Receiving, and Inventory Clerks",21930113.678,388673.12,25.5706,3.919090909090909,74.1509090909091,857630.0,15200.0,43,Office and Administrative Support Occupations,43190.0,20.77,38110.0,18.32,4537607.848526923,80421.20646153847,20.193144615384615,False,True,True,False,20.6912190021112,20.691219002111204,177454.10152780628,3145.0652883209027,7664242644.985953,119858438.1379096,0.0177232606135513,1.4332353958544088
43-5111.00,"Weighers, Measurers, Checkers, and Samplers, Recordkeeping",3261974.5708,15745.6536,65.60688999999999,4.027222222222222,62.29555555555555,49720.0,240.0,43,Office and Administrative Support Occupations,45650.0,21.95,46530.0,22.37,0.0,0.0,44.461964615384616,False,False,False,False,0.0,0.0,0.0,0.0,0.0,0.0,,
43-6011.00,Executive Secretaries and Executive Administrative Assistants,19341519.47235,284740.9428,40.911055,3.8595454545454544,74.64999999999999,472770.0,6960.0,43,Office and Administrative Support Occupations,74260.0,35.7,55900.0,26.88,11299310.827926924,166345.5874153846,35.58472807692308,False,False,False,False,58.419974935682006,58.419974935681985,276192.1155034238,4066.030255523468,20510026497.284252,227291091.28376186,0.01472174630369947,1.1905105020640459
43-6012.00,Legal Secretaries and Administrative Assistants,6852306.631361539,47000.42079230769,44.34001961538462,3.9692857142857143,74.58714285714287,154540.0,1060.0,43,Office and Administrative Support Occupations,54140.0,26.03,46050.0,22.140000000000004,3454645.1125,23695.6375,44.34001961538462,False,True,True,False,50.41579862595217,50.41579862595218,77912.57519654649,534.4074654350931,4218186821.141027,24609463.783286035,0.0068590656140804975,0.5546753407819017
43-6013.00,Medical Secretaries and Administrative Assistants,70196644.32447693,435159.03301923076,84.49689961538462,4.354,75.61466666666666,830760.0,5150.0,43,Office and Administrative Support Occupations,44640.0,21.46,40470.0,19.46,36025600.0188,223327.8445,82.81424076923076,False,True,True,False,51.32097177220507,51.320971772205084,426354.10509477084,2643.0300462685614,19032447251.43057,106963425.97248867,0.006199142953440224,0.5013090592392789
43-6014.00,"Secretaries and Administrative Assistants, Except Legal, Medical, and Executive",106276655.47245385,911823.3954576923,61.155157307692306,3.7761290322580647,72.94709677419355,1737820.0,14910.0,43,Office and Administrative Support Occupations,46290.0,22.26,45150.0,21.71,66891799.82423077,573912.5659615383,57.50506576923077,False,False,False,False,62.94119769469848,62.94119769469847,1093804.721778009,9384.532576279544,50632220571.10404,423711645.8190214,0.008579714815113186,0.6938199029784915
43-9021.00,Data Entry Keyers,6299847.295846154,113162.54382692308,46.56894807692308,4.275555555555555,75.48333333333333,135280.0,2430.0,43,Office and Administrative Support Occupations,39850.0,19.16,41600.0,20.0,2621866.6749538463,47095.91972307693,46.56894807692308,False,False,False,False,41.61794011551028,41.61794011551028,56300.7493882623,1011.3159448068998,2243584863.122253,42070743.30396703,0.017962743938497932,1.4526018084753447
43-9022.00,Word Processors and Typists,1939683.0043153847,2153.408830769231,53.83522076923077,3.91421052631579,84.50421052631579,36030.0,40.0,43,Office and Administrative Support Occupations,47850.0,23.01,39520.0,19.0,1177642.6009384617,1307.402276923077,53.83522076923077,False,False,False,False,60.71314737090834,60.71314737090832,21874.946997738276,24.285258948363335,1046716213.8417765,959753.433639319,0.0011101859561476546,0.08977793889205021
43-9031.00,Desktop Publishers,272076.3538461538,2992.839892307692,68.01908846153846,4.098888888888889,74.3138888888889,4000.0,44.0,43,Office and Administrative Support Occupations,53620.0,25.78,53620.0,25.78,135459.82461538463,1490.0580707692309,64.94928884615385,False,False,False,False,49.7874301461643,49.7874301461643,1991.497205846572,21.906469264312292,106784080.17749318,1174624.8819524252,0.011,0.8895422630271566
43-9041.00,Insurance Claims and Policy Processing Clerks,19259989.83368077,163954.16325,84.07905807692308,4.281428571428571,74.64666666666666,229070.0,1950.0,43,Office and Administrative Support Occupations,48450.0,23.29,43480.0,20.91,7758026.916028571,66041.61385714286,100.09411675824175,False,False,False,False,40.280534844633074,40.28053484463308,92270.62116860099,785.4704294703449,4470511595.618718,34152254.273370594,0.00851268171301349,0.6883991050385374
43-9051.00,"Mail Clerks and Mail Machine Operators, Except Postal Service",5204385.595419231,65542.23848846155,82.96485884615385,3.981923076923077,55.45730769230769,62730.0,790.0,43,Office and Administrative Support Occupations,38150.0,18.34,41170.0,19.79,327803.8181538462,4128.248307692308,62.22324346153846,False,False,False,False,6.298607436819648,6.298607436819648,3951.1164451169648,49.758998750875215,150735092.3812122,2048577.9785735325,0.012593655348318189,1.0184171525751833
43-9061.00,"Office Clerks, General",125023837.32138462,1840087.147846154,49.79938153846154,3.7920000000000003,71.62,2510550.0,36950.0,43,Office and Administrative Support Occupations,43630.0,20.97,41530.0,19.97,63173293.12471154,929777.6108653847,46.39572961538462,False,False,False,False,50.528998691920734,50.528998691920734,1268555.776660016,18670.46501666471,55347088535.6765,775384412.1420854,0.014717890502081218,1.1901986931097472
43-9071.00,"Office Machine Operators, Except Computer",1608114.1303461539,11050.097096153846,65.00057115384615,3.993333333333333,81.65277777777777,24740.0,170.0,43,Office and Administrative Support Occupations,39020.0,18.76,38270.0,18.4,74652.72163076923,512.9734307692307,48.2178826923077,False,False,False,False,4.642252699732195,4.642252699732195,1148.493317913745,7.891829589544732,44814209.26499433,302020.3183918769,0.0068714632174616,0.5556779037062417
43-9081.00,Proofreaders and Copy Markers,232392.726,2567.12895,45.03735,4.180909090909091,80.63909090909091,5160.0,57.0,43,Office and Administrative Support Occupations,49210.0,23.66,49210.0,23.66,37155.84618461538,410.4424869230769,43.83343153846154,False,False,False,False,15.988386049835047,15.988386049835047,825.0007201714884,9.113380048405977,40598285.43963894,448469.43218205817,0.011046511627906977,0.8933035410949247
43-9111.00,Statistical Assistants,112455.41826923077,953.0120192307693,19.060240384615383,4.1850000000000005,74.61142857142856,5900.0,50.0,43,Office and Administrative Support Occupations,51440.0,24.73,51430.0,24.73,50542.05046153846,428.32246153846154,19.060240384615383,False,False,False,False,44.94407760819064,44.94407760819063,2651.700578883248,22.47203880409532,136403477.77775428,1155736.9556946224,0.00847457627118644,0.6853176140424936
45-1011.00,"First-Line Supervisors of Farming, Fishing, and Forestry Workers",988615.6641423077,4352.18545,33.478349615384616,3.924074074074074,88.49851851851852,29530.0,130.0,45,"Farming, Fishing, and Forestry Occupations",59330.0,28.53,57190.0,27.5,0.0,0.0,23.222880461538463,False,False,False,False,0.0,0.0,0.0,0.0,0.0,0.0,,
45-2011.00,Agricultural Inspectors,670705.7886,6102.368630769231,55.476078461538464,4.264375,48.215625,12090.0,110.0,45,"Farming, Fishing, and Forestry Occupations",50990.0,24.51,51330.0,24.68,0.0,0.0,50.247975000000004,False,False,False,False,0.0,0.0,0.0,0.0,0.0,0.0,,
45-2021.00,Animal Breeders,29110.52701923077,319.7109903846154,16.82689423076923,3.9780952380952384,60.857619047619046,1730.0,19.0,45,"Farming, Fishing, and Forestry Occupations",52000.0,25.0,52000.0,25.0,0.0,0.0,8.40672,False,False,False,False,0.0,0.0,0.0,0.0,0.0,0.0,,
45-2041.00,"Graders and Sorters, Agricultural Products",856949.0463653846,3508.1650576923075,31.892409615384615,4.434,79.6,26870.0,110.0,45,"Farming, Fishing, and Forestry Occupations",35430.0,17.03,42660.0,20.51,0.0,0.0,10.685899615384615,False,False,False,False,0.0,0.0,0.0,0.0,0.0,0.0,,
45-2091.00,Agricultural Equipment Operators,1243667.4411,2411.7662076923075,40.19610346153846,4.152352941176471,64.75470588235294,30940.0,60.0,45,"Farming, Fishing, and Forestry Occupations",42580.0,20.47,42060.0,20.22,0.0,0.0,13.074253461538461,False,False,False,False,0.0,0.0,0.0,0.0,0.0,0.0,,
45-2092.00,"Farmworkers and Laborers, Crop, Nursery, and Greenhouse",9849089.54535,29356.4517,37.63647653846154,3.6076923076923078,60.689230769230775,261690.0,780.0,45,"Farming, Fishing, and Forestry Occupations",35690.0,17.16,33200.0,15.96,0.0,0.0,9.670256923076924,False,False,False,False,0.0,0.0,0.0,0.0,0.0,0.0,,
45-2093.00,"Farmworkers, Farm, Ranch, and Aquacultural Animals",458327.0076,2329.1603999999998,12.939779999999999,4.072631578947369,69.9042105263158,35420.0,180.0,45,"Farming, Fishing, and Forestry Occupations",36150.0,17.38,42120.0,20.25,0.0,0.0,1.7539865384615383,False,False,False,False,0.0,0.0,0.0,0.0,0.0,0.0,,
45-4011.00,Forest and Conservation Workers,62362.700146153846,686.7650815384616,11.076856153846153,3.3182352941176467,54.188235294117646,5630.0,62.0,45,"Farming, Fishing, and Forestry Occupations",43680.0,21.0,43680.0,21.0,0.0,0.0,4.113018846153846,False,False,False,False,0.0,0.0,0.0,0.0,0.0,0.0,,
45-4021.00,Fallers,399324.0179769231,4372.160780769231,97.15912846153847,4.198333333333334,82.89055555555555,4110.0,45.0,45,"Farming, Fishing, and Forestry Occupations",53900.0,25.92,53900.0,25.92,0.0,0.0,23.024639999999998,False,False,False,False,0.0,0.0,0.0,0.0,0.0,0.0,,
45-4022.00,Logging Equipment Operators,1034312.3838153846,11390.296233846153,45.928613846153844,3.968888888888889,78.44666666666666,22520.0,248.0,45,"Farming, Fishing, and Forestry Occupations",49210.0,23.66,49210.0,23.66,0.0,0.0,11.856291923076922,False,False,False,False,0.0,0.0,0.0,0.0,0.0,0.0,,
45-4023.00,Log Graders and Scalers,195706.00843846155,2128.524563076923,59.12568230769231,4.275833333333334,64.65083333333334,3310.0,36.0,45,"Farming, Fishing, and Forestry Occupations",46710.0,22.46,46710.0,22.46,0.0,0.0,46.03159153846154,False,False,False,False,0.0,0.0,0.0,0.0,0.0,0.0,,
47-1011.00,First-Line Supervisors of Construction Trades and Extraction Workers,21333744.593107693,350675.01471153845,26.466038846153847,4.024666666666667,95.12466666666666,806080.0,13250.0,47,Construction and Extraction Occupations,78690.0,37.83,76080.0,36.58,221988.56967000003,7297.994005384616,13.78924076923077,False,False,False,False,1.0405513607851011,2.0811274539726954,8387.676409016543,137.87305530402588,660026256.6255118,10489382.04753029,0.03287553956599452,2.658561987615781
47-1011.03,Solar Energy Installation Managers,11264566.200123077,185162.14538461537,13.974501538461539,3.8666666666666667,85.71933333333332,806080.0,13250.0,47,Construction and Extraction Occupations,78690.0,37.83,76080.0,36.58,0.0,0.0,4.9784788461538465,False,False,False,False,0.0,0.0,0.0,0.0,0.0,0.0,,
47-2011.00,Boilermakers,215728.63335000002,2375.77256,21.212255,3.8823529411764706,82.10764705882353,10170.0,112.0,47,Construction and Extraction Occupations,73340.0,35.26,73340.0,35.26,0.0,0.0,8.936214903846153,False,False,False,False,0.0,0.0,0.0,0.0,0.0,0.0,,
47-2021.00,Brickmasons and Blockmasons,2446317.0056307693,82732.3202576923,45.70846423076923,3.9378571428571427,89.02785714285713,53520.0,1810.0,47,Construction and Extraction Occupations,60800.0,29.23,56340.0,27.09,0.0,0.0,12.801593846153846,False,False,False,False,0.0,0.0,0.0,0.0,0.0,0.0,,
47-2022.00,Stonemasons,320578.1822115385,12090.377157692308,36.63750653846154,3.9741176470588235,80.62941176470588,8750.0,330.0,47,Construction and Extraction Occupations,51990.0,25.0,50630.0,24.34,0.0,0.0,0.2572238461538461,False,False,False,False,0.0,0.0,0.0,0.0,0.0,0.0,,
47-2031.00,Carpenters,36436207.4186077,733173.3197999999,52.220321923076924,3.8075862068965516,70.00586206896551,697740.0,14040.0,47,Construction and Extraction Occupations,59310.0,28.51,51720.0,24.86,1623304.186269231,32664.303000000004,20.131238461538462,False,False,False,False,4.45519526118468,4.455195261184681,31085.679415389983,625.5094146703291,1843691646.1267798,32351346.92674942,0.02012210852179895,1.6272241773962792
47-2041.00,Carpet Installers,457156.4365846154,10681.225153846153,30.517786153846156,4.1606250000000005,94.120625,14980.0,350.0,47,Construction and Extraction Occupations,49850.0,23.97,43270.0,20.81,0.0,0.0,10.562204615384616,False,False,False,False,0.0,0.0,0.0,0.0,0.0,0.0,,
47-2042.00,"Floor Layers, Except Carpet, Wood, and Hard Tiles",492227.1082884615,5150.0623,19.80793192307692,3.919285714285714,88.86642857142859,24850.0,260.0,47,Construction and Extraction Occupations,54340.0,26.13,43930.0,21.12,0.0,0.0,3.0838807692307686,False,False,False,False,0.0,0.0,0.0,0.0,0.0,0.0,,
47-2043.00,Floor Sanders and Finishers,54870.24316153847,609.6693684615385,13.253681923076925,4.3757142857142854,98.85142857142857,4140.0,46.0,47,Construction and Extraction Occupations,49150.0,23.63,49150.0,23.63,0.0,0.0,3.454294615384616,False,False,False,False,0.0,0.0,0.0,0.0,0.0,0.0,,
47-2044.00,Tile and Stone Setters,2043779.9709,102874.83075,52.756323461538464,4.0856,82.2688,38740.0,1950.0,47,Construction and Extraction Occupations,52240.0,25.11,48790.0,23.46,0.0,0.0,7.459883461538462,False,True,True,False,0.0,0.0,0.0,0.0,0.0,0.0,,
47-2051.00,Cement Masons and Concrete Finishers,7562715.1595653845,210044.7128076923,36.84994961538462,3.506153846153846,76.86999999999999,205230.0,5700.0,47,Construction and Extraction Occupations,54660.0,26.28,55540.0,26.7,0.0,0.0,4.467445769230769,False,False,False,False,0.0,0.0,0.0,0.0,0.0,0.0,,
47-2053.00,Terrazzo Workers and Finishers,46764.425153846154,516.021243076923,32.25132769230769,3.7911538461538465,79.07538461538462,1450.0,16.0,47,Construction and Extraction Occupations,57260.0,27.53,57260.0,27.53,0.0,0.0,6.097018461538461,False,False,False,False,0.0,0.0,0.0,0.0,0.0,0.0,,
47-2061.00,Construction Laborers,49743555.551053844,1045514.8534499999,47.03170730769231,3.6237037037037036,55.64888888888889,1057660.0,22230.0,47,Construction and Extraction Occupations,46730.0,22.47,46100.0,22.16,0.0,0.0,11.263110384615384,False,False,False,False,0.0,0.0,0.0,0.0,0.0,0.0,,
47-2071.00,"Paving, Surfacing, and Tamping Equipment Operators",2486537.126,29394.2655,54.433825,3.6915,74.20750000000001,45680.0,540.0,47,Construction and Extraction Occupations,51650.0,24.83,47890.0,23.02,0.0,0.0,8.951925,False,False,False,False,0.0,0.0,0.0,0.0,0.0,0.0,,
47-2072.00,Pile Driver Operators,63741.94363076922,691.9355723076923,20.967744615384614,4.516,97.92999999999999,3040.0,33.0,47,Construction and Extraction Occupations,70510.0,33.9,70510.0,33.9,0.0,0.0,6.989310384615385,False,True,True,False,0.0,0.0,0.0,0.0,0.0,0.0,,
47-2073.00,Operating Engineers and Other Construction Equipment Operators,26309389.178419232,354327.65701538464,56.06450269230769,4.098076923076923,75.92769230769231,469270.0,6320.0,47,Construction and Extraction Occupations,58710.0,28.23,59760.0,28.73,853622.886173077,11496.35953846154,10.866396538461538,False,False,False,False,3.244556079900468,3.244556079900468,15225.728316148925,205.05594424970957,893902509.4411033,12254143.228362644,0.013467726468770643,1.0891010800782703
47-2081.00,Drywall and Ceiling Tile Installers,3987861.870269231,88031.20895769232,48.10448576923077,3.566153846153846,81.29307692307692,82900.0,1830.0,47,Construction and Extraction Occupations,58140.0,27.95,50860.0,24.45,0.0,0.0,14.65739576923077,False,False,False,False,0.0,0.0,0.0,0.0,0.0,0.0,,
47-2082.00,Tapers,538785.7211538461,17241.143076923076,43.102857692307694,4.016875,94.646875,12500.0,400.0,47,Construction and Extraction Occupations,64700.0,31.11,54580.0,26.24,0.0,0.0,0.0,False,False,False,False,0.0,0.0,0.0,0.0,0.0,0.0,,
47-2111.00,Electricians,37731727.338130765,577220.531876923,50.81166653846154,4.097619047619047,92.97857142857143,742580.0,11360.0,47,Construction and Extraction Occupations,62350.0,29.98,61430.0,29.53,0.0,0.0,25.608549230769228,False,False,False,False,0.0,0.0,0.0,0.0,0.0,0.0,,
47-2121.00,Glaziers,1609170.135,20890.9807,28.231055,3.8777777777777778,81.92629629629629,57000.0,740.0,47,Construction and Extraction Occupations,55440.0,26.65,50640.0,24.35,0.0,0.0,9.127597307692309,False,False,False,False,0.0,0.0,0.0,0.0,0.0,0.0,,
47-2131.00,"Insulation Workers, Floor, Ceiling, and Wall",982334.4943499999,8904.871096153845,25.442488846153847,3.754,84.46900000000001,38610.0,350.0,47,Construction and Extraction Occupations,48680.0,23.41,48330.0,23.23,0.0,0.0,7.427906153846154,False,False,False,False,0.0,0.0,0.0,0.0,0.0,0.0,,
47-2132.00,"Insulation Workers, Mechanical",925927.0146923077,12639.409326923078,36.11259807692308,4.32,95.58777777777777,25640.0,350.0,47,Construction and Extraction Occupations,57250.0,27.52,45800.0,22.02,0.0,0.0,10.554392692307692,False,False,False,False,0.0,0.0,0.0,0.0,0.0,0.0,,
47-2141.00,"Painters, Construction and Maintenance",5070780.792084616,75774.44755769231,22.619238076923075,3.7915789473684205,83.41947368421053,224180.0,3350.0,47,Construction and Extraction Occupations,48660.0,23.4,45900.0,22.07,0.0,0.0,3.449241153846154,False,False,False,False,0.0,0.0,0.0,0.0,0.0,0.0,,
47-2142.00,Paperhangers,80791.51236923077,903.5892830769232,53.15231076923077,4.074,77.949,1520.0,17.0,47,Construction and Extraction Occupations,48260.0,23.2,48260.0,23.2,0.0,0.0,12.819873846153847,False,False,False,False,0.0,0.0,0.0,0.0,0.0,0.0,,
47-2151.00,Pipelayers,1206918.9409153846,25518.536273076923,35.941600384615384,4.226428571428571,95.25071428571428,33580.0,710.0,47,Construction and Extraction Occupations,48710.0,23.42,51180.0,24.61,0.0,0.0,3.3243934615384614,False,False,False,False,0.0,0.0,0.0,0.0,0.0,0.0,,
47-2152.00,"Plumbers, Pipefitters, and Steamfitters",21044260.370907694,312474.5420692308,46.155766923076925,3.7613333333333334,83.83933333333333,455940.0,6770.0,47,Construction and Extraction Occupations,62970.0,30.27,61680.0,29.65,327805.6912269231,9734.809534615384,12.579623461538462,False,False,False,False,1.55769642386716,3.1153928477343196,7102.161074979929,105.45604789580673,447223082.89148617,6504529.0342133595,0.029696889941658988,2.401512607597431
47-2152.04,Solar Thermal Installers and Technicians,8654437.034584615,128504.93206153846,18.981526153846154,4.198095238095238,84.58809523809524,455940.0,6770.0,47,Construction and Extraction Occupations,62970.0,30.27,61680.0,29.65,0.0,0.0,6.116284230769231,True,False,True,False,0.0,0.0,0.0,0.0,0.0,0.0,,
47-2161.00,Plasterers and Stucco Masons,317491.2335076923,18246.622615384615,15.205518846153847,3.948,80.27066666666666,20880.0,1200.0,47,Construction and Extraction Occupations,56020.0,26.93,53170.0,25.56,0.0,0.0,0.5322107692307692,False,False,False,False,0.0,0.0,0.0,0.0,0.0,0.0,,
47-2171.00,Reinforcing Iron and Rebar Workers,371916.15353846154,7364.676307692307,26.302415384615387,4.022857142857143,97.61571428571428,14140.0,280.0,47,Construction and Extraction Occupations,59280.0,28.5,49990.0,24.04,0.0,0.0,5.76105,False,False,False,False,0.0,0.0,0.0,0.0,0.0,0.0,,
47-2181.00,Roofers,3311164.411823077,71192.2142076923,24.215038846153845,3.8714814814814815,81.03407407407407,136740.0,2940.0,47,Construction and Extraction Occupations,50970.0,24.510000000000005,49800.0,23.94,0.0,0.0,0.9777457692307692,False,False,False,False,0.0,0.0,0.0,0.0,0.0,0.0,,
47-2211.00,Sheet Metal Workers,3517478.9841730767,55994.60032692308,29.943636538461536,3.82,80.26263157894736,117470.0,1870.0,47,Construction and Extraction Occupations,60850.0,29.26,60490.0,29.08,0.0,0.0,11.441487692307692,False,False,False,False,0.0,0.0,0.0,0.0,0.0,0.0,,
47-2221.00,Structural Iron and Steel Workers,3669836.630092308,68043.94246153846,56.703285384615384,3.9457894736842105,81.87052631578948,64720.0,1200.0,47,Construction and Extraction Occupations,62700.0,30.14,47840.0,23.0,0.0,0.0,17.370911923076925,False,False,False,False,0.0,0.0,0.0,0.0,0.0,0.0,,
47-2231.00,Solar Photovoltaic Installers,1161272.5495538462,22174.228315384615,41.06338576923077,4.242692307692308,93.41269230769231,28280.0,540.0,47,Construction and Extraction Occupations,51860.0,24.93,47960.0,23.06,23178.46203076923,442.5873230769231,18.143375384615386,False,False,False,False,1.9959536664906317,1.9959536664906317,564.4556968835507,10.77814979904941,29272672.44038094,516920.06436240976,0.019094766619519095,1.544145628245675
47-3011.00,"Helpers--Brickmasons, Blockmasons, Stonemasons, and Tile and Marble Setters",857437.0213153847,20806.262330769234,54.753321923076925,3.9833333333333334,88.44533333333334,15660.0,380.0,47,Construction and Extraction Occupations,46480.0,22.35,48090.0,23.12,0.0,0.0,13.64264653846154,False,False,False,False,0.0,0.0,0.0,0.0,0.0,0.0,,
47-3012.00,Helpers--Carpenters,839415.277376923,21147.39829230769,34.10870692307692,3.6566666666666663,86.01666666666667,24610.0,620.0,47,Construction and Extraction Occupations,41600.0,20.0,43090.0,20.72,0.0,0.0,2.5416280769230766,False,False,False,False,0.0,0.0,0.0,0.0,0.0,0.0,,
47-3013.00,Helpers--Electricians,3448048.1341846157,16587.44446923077,53.507885384615385,3.6608,81.1696,64440.0,310.0,47,Construction and Extraction Occupations,39890.0,19.18,42120.0,20.25,0.0,0.0,22.899644615384616,False,False,False,False,0.0,0.0,0.0,0.0,0.0,0.0,,
47-3014.00,"Helpers--Painters, Paperhangers, Plasterers, and Stucco Masons",143089.16734615384,2972.7666346153846,19.81844423076923,3.53,66.43454545454546,7220.0,150.0,47,Construction and Extraction Occupations,38140.0,18.34,40620.0,19.53,0.0,0.0,2.0091615384615387,False,False,False,False,0.0,0.0,0.0,0.0,0.0,0.0,,
47-3015.00,"Helpers--Pipelayers, Plumbers, Pipefitters, and Steamfitters",1232517.5040307692,6778.281415384616,28.24283923076923,3.7386666666666666,80.97733333333333,43640.0,240.0,47,Construction and Extraction Occupations,39270.0,18.88,44810.0,21.55,0.0,0.0,4.630531153846154,False,False,False,False,0.0,0.0,0.0,0.0,0.0,0.0,,
47-3016.00,Helpers--Roofers,197015.98378846154,2172.129801923077,38.10754038461538,3.9838888888888895,88.50944444444445,5170.0,57.0,47,Construction and Extraction Occupations,40590.0,19.51,40590.0,19.51,0.0,0.0,6.315148461538462,False,False,False,False,0.0,0.0,0.0,0.0,0.0,0.0,,
47-4011.00,Construction and Building Inspectors,3201034.0983653846,29395.109423076923,23.329451923076924,3.5678947368421055,71.14894736842105,137210.0,1260.0,47,Construction and Extraction Occupations,72120.0,34.67,71040.0,34.15,156245.24884615382,2869.601538461538,16.683723846153846,False,False,False,False,4.881086675269746,9.762173350539491,6697.339027137617,61.50169210839879,483012090.63716495,4369080.207380651,0.01836600830843233,1.485212781223496
47-4011.01,Energy Auditors,2540406.314392308,23328.56173846154,18.51473153846154,3.965238095238095,91.86571428571429,137210.0,1260.0,47,Construction and Extraction Occupations,72120.0,34.67,71040.0,34.15,0.0,0.0,16.22557653846154,True,False,True,False,0.0,0.0,0.0,0.0,0.0,0.0,,
47-4021.00,Elevator and Escalator Installers and Repairers,684034.0786384615,6740.695719230769,29.30737269230769,4.3185,82.471,23340.0,230.0,47,Construction and Extraction Occupations,106580.0,51.24,78680.0,37.83,83990.37244615384,827.668623076923,13.075545769230768,False,True,True,False,12.278682461747055,12.278682461747056,2865.844486571763,28.240969662018223,305441705.3788185,2221999.493007594,0.00985432733504713,0.7968946034752903
47-4031.00,Fence Erectors,862436.2827076924,9485.27537076923,38.09347538461539,4.0375,92.57000000000001,22640.0,249.0,47,Construction and Extraction Occupations,46940.0,22.57,57430.0,27.610000000000003,0.0,0.0,6.906750769230769,False,False,False,False,0.0,0.0,0.0,0.0,0.0,0.0,,
47-4041.00,Hazardous Materials Removal Workers,1441134.0961,6269.517523076923,28.497806923076922,4.027142857142858,63.49428571428571,50570.0,220.0,47,Construction and Extraction Occupations,48490.0,23.31,45740.0,21.99,67760.66855,294.7863769230769,6.767296153846154,False,False,False,False,4.701898923450224,4.701898923450223,2377.7502855887783,10.344177631590492,115297111.34819986,473142.6848689491,0.004350405378683013,0.3518063132399274
47-4051.00,Highway Maintenance Workers,2088216.6333653845,16513.080461538462,13.760900384615384,3.896315789473684,67.97105263157896,151750.0,1200.0,47,Construction and Extraction Occupations,49070.0,23.59,52470.0,25.23,0.0,0.0,0.4450384615384615,False,False,False,False,0.0,0.0,0.0,0.0,0.0,0.0,,
47-4061.00,Rail-Track Laying and Maintenance Equipment Operators,405040.1156923077,2703.5444615384613,24.577676923076922,3.821923076923077,70.86884615384615,16480.0,110.0,47,Construction and Extraction Occupations,67370.0,32.39,61520.0,29.58,0.0,0.0,0.935163076923077,False,False,False,False,0.0,0.0,0.0,0.0,0.0,0.0,,
47-4071.00,Septic Tank Servicers and Sewer Pipe Cleaners,1180427.4764423077,11377.614230769232,40.63433653846154,3.630909090909091,63.61181818181819,29050.0,280.0,47,Construction and Extraction Occupations,49140.0,23.62,48720.0,23.42,110878.30815384616,1068.7065846153846,12.646826923076924,False,False,False,False,9.393063984584844,9.393063984584844,2728.685087521897,26.30057915683756,134087585.20082602,1281364.216521126,0.009638554216867469,0.7794455754892938
47-4091.00,Segmental Pavers,310780.35569807695,3429.4283211538464,18.537450384615386,3.97,85.365,16765.0,185.0,47,Construction and Extraction Occupations,48120.0,23.14,48120.0,23.14,0.0,0.0,1.745563076923077,False,False,False,False,0.0,0.0,0.0,0.0,0.0,0.0,,
47-4099.03,Weatherization Installers and Technicians,325117.2549557692,3587.6344865384613,19.392618846153844,4.022,94.09,16765.0,185.0,47,Construction and Extraction Occupations,48120.0,23.14,48120.0,23.14,16434.00086730769,181.3474596153846,9.737918076923076,False,False,False,False,5.0547919609937235,5.0547919609937235,847.4358722605976,9.351365127838388,40778614.17317996,449987.6899515832,0.011034894124664478,0.8923640629017376
47-5011.00,"Derrick Operators, Oil and Gas",367819.97723076923,4064.677284615385,33.317026923076924,4.221333333333333,90.29133333333333,11040.0,122.0,47,Construction and Extraction Occupations,62740.0,30.16,62740.0,30.16,0.0,0.0,14.54029923076923,False,False,False,False,0.0,0.0,0.0,0.0,0.0,0.0,,
47-5012.00,"Rotary Drill Operators, Oil and Gas",831995.9040884615,12711.931307692308,63.55965653846154,4.1705,79.6965,13090.0,200.0,47,Construction and Extraction Occupations,65010.0,31.26,68660.0,33.01,71647.97906538463,1094.6979230769232,25.648963846153848,False,False,False,False,8.611578339905709,8.611578339905709,1127.2556046936572,17.223156679811417,73282886.86113466,1182541.937635852,0.015278838808250572,1.2355611681743963
47-5013.00,"Service Unit Operators, Oil and Gas",661144.4955846153,19480.6855,14.98514269230769,4.003684210526315,71.01947368421052,44120.0,1300.0,47,Construction and Extraction Occupations,57980.0,27.880000000000003,55570.0,26.72,0.0,0.0,7.699122692307691,False,True,True,False,0.0,0.0,0.0,0.0,0.0,0.0,,
47-5022.00,"Excavating and Loading Machine and Dragline Operators, Surface Mining",1610321.7649115385,30596.58425,47.071668076923075,4.019375,75.551875,34210.0,650.0,47,Construction and Extraction Occupations,52550.0,25.26,52240.0,25.12,0.0,0.0,3.6549561538461544,True,True,True,True,0.0,0.0,0.0,0.0,0.0,0.0,,
47-5023.00,"Earth Drillers, Except Oil and Gas",1223958.998523077,35151.03384615385,70.30206769230769,3.988571428571429,66.76142857142857,17410.0,500.0,47,Construction and Extraction Occupations,59600.0,28.65,57850.0,27.81,77192.43525826656,2039.6937485723827,22.91452094017094,True,False,True,False,6.306782772250777,5.802656495110631,1098.0108806488604,31.533913861253886,65441448.48667208,1824236.9168735372,0.02642349268743858,2.1368012256605127
47-5032.00,"Explosives Workers, Ordnance Handling Experts, and Blasters",251987.79307692306,2794.9350288461537,44.364048076923076,4.2704545454545455,81.08727272727273,5680.0,63.0,47,Construction and Extraction Occupations,59110.0,28.42,59110.0,28.42,77192.43525826656,2039.6937485723827,22.91452094017094,True,True,True,True,30.63340264054077,72.97821693602799,1739.9772699827156,19.299043663540687,102850056.42867832,1140766.4709518899,0.02642349268743858,2.1368012256605127
47-5041.00,Continuous Mining Machine Operators,1353177.1126153846,132109.34153846154,94.36381538461538,4.36,74.68533333333333,14340.0,1400.0,47,Construction and Extraction Occupations,63380.0,30.469999999999995,67870.0,32.63,0.0,0.0,39.546781153846155,False,False,False,False,0.0,0.0,0.0,0.0,0.0,0.0,,
47-5043.00,"Roof Bolters, Mining",240507.62536153846,2696.2738269230767,107.85095307692308,4.787857142857143,97.00285714285714,2230.0,25.0,47,Construction and Extraction Occupations,76640.0,36.85,76640.0,36.85,0.0,0.0,40.458346538461534,True,False,True,False,0.0,0.0,0.0,0.0,0.0,0.0,,
47-5044.00,"Loading and Moving Machine Operators, Underground Mining",864376.6587307692,9588.517584615385,141.00761153846153,4.0312,68.3156,6130.0,68.0,47,Construction and Extraction Occupations,68860.0,33.11,68860.0,33.11,0.0,0.0,54.85673153846154,True,True,True,True,0.0,0.0,0.0,0.0,0.0,0.0,,
47-5051.00,"Rock Splitters, Quarry",66773.93089230769,737.1148215384616,21.679847692307693,3.678888888888889,69.92444444444443,3080.0,34.0,47,Construction and Extraction Occupations,47460.0,22.82,47460.0,22.82,0.0,0.0,0.8417715384615385,False,False,False,False,0.0,0.0,0.0,0.0,0.0,0.0,,
47-5071.00,"Roustabouts, Oil and Gas",386379.70456153847,4091.380061538461,8.523708461538462,3.366153846153846,69.2476923076923,45330.0,480.0,47,Construction and Extraction Occupations,47510.0,22.84,47680.0,22.93,0.0,0.0,1.8228257692307692,False,False,False,False,0.0,0.0,0.0,0.0,0.0,0.0,,
47-5081.00,Helpers--Extraction Workers,155266.09107692307,5083.116076923077,23.105073076923077,3.850714285714286,69.4042857142857,6720.0,220.0,47,Construction and Extraction Occupations,48400.0,23.27,54100.0,26.01,0.0,0.0,3.353880769230769,False,False,False,False,0.0,0.0,0.0,0.0,0.0,0.0,,
49-1011.00,"First-Line Supervisors of Mechanics, Installers, and Repairers",17087454.08903077,182344.31096538462,28.446850384615384,3.6427272727272726,76.7390909090909,600680.0,6410.0,49,"Installation, Maintenance, and Repair Occupations",78300.0,37.64,77380.0,37.2,383279.35306153854,4090.0656807692317,17.54797269230769,False,False,False,False,2.243045400821784,2.2430454008217837,13473.525113656293,143.77921019267637,1054977016.3992877,11125635.284709297,0.010671239262169542,0.8629562111431399
49-2011.00,"Computer, Automated Teller, and Office Machine Repairers",4512823.693430769,50066.938661538465,61.81103538461539,3.9248000000000003,84.258,73010.0,810.0,49,"Installation, Maintenance, and Repair Occupations",46860.0,22.53,45310.0,21.78,455000.0610076923,5047.939315384616,36.68478961538462,False,False,False,False,10.082380609506796,10.082380609506798,7361.146083000911,81.66728293700504,344943305.44942266,3700344.5898756986,0.011094370634159705,0.8971737782520414
49-2021.00,"Radio, Cellular, and Tower Equipment Installers and Repairers",107589.75807692307,377.5079230769231,9.437698076923077,4.0616666666666665,73.3111111111111,11400.0,40.0,49,"Installation, Maintenance, and Repair Occupations",64190.0,30.86,86040.0,41.36,8589.185307692309,30.137492307692312,9.175982097902098,False,False,False,False,7.983274115693549,7.983274115693549,910.0932491890645,3.1933096462774193,58418885.66544605,274752.36196570913,0.0035087719298245615,0.283745538445664
49-2022.00,"Telecommunications Equipment Installers and Repairers, Except Line Installers",8730161.58833077,127074.93636923078,56.72988230769231,3.7279487179487174,73.48769230769231,153890.0,2240.0,49,"Installation, Maintenance, and Repair Occupations",62630.0,30.11,62380.0,29.99,121873.42225384616,1773.9714461538463,40.80352923076923,False,False,False,False,1.396004197869019,1.396004197869019,2148.3108601006334,31.270494032266026,134548709.16810268,1950653.4177327547,0.014555851582299046,1.1770950142550647
49-2091.00,Avionics Technicians,745593.2397692308,7848.349892307693,35.674317692307696,4.015384615384615,84.2023076923077,20900.0,220.0,49,"Installation, Maintenance, and Repair Occupations",81390.0,39.13,59510.0,28.61,0.0,0.0,28.461431923076926,False,False,False,False,0.0,0.0,0.0,0.0,0.0,0.0,,
49-2092.00,"Electric Motor, Power Tool, and Related Repairers",1089172.2933461538,3943.894846153846,65.73158076923077,3.843225806451613,64.76290322580645,16570.0,60.0,49,"Installation, Maintenance, and Repair Occupations",53990.0,25.96,41460.0,19.93,0.0,0.0,27.67187,False,False,False,False,0.0,0.0,0.0,0.0,0.0,0.0,,
49-2093.00,"Electrical and Electronics Installers and Repairers, Transportation Equipment",182951.07841923076,2027.228091923077,25.02750730769231,3.6473333333333335,73.70466666666667,7310.0,81.0,49,"Installation, Maintenance, and Repair Occupations",82730.0,39.77,82730.0,39.77,0.0,0.0,17.61879923076923,False,False,False,False,0.0,0.0,0.0,0.0,0.0,0.0,,
49-2094.00,"Electrical and Electronics Repairers, Commercial and Industrial Equipment",1452773.307676923,18889.2012,24.216924615384617,3.9085,85.8235,59990.0,780.0,49,"Installation, Maintenance, and Repair Occupations",71300.0,34.28,70970.0,34.12,0.0,0.0,16.0481,False,False,False,False,0.0,0.0,0.0,0.0,0.0,0.0,,
49-2095.00,"Electrical and Electronics Repairers, Powerhouse, Substation, and Relay",308833.5832615385,1072.3388307692308,13.404235384615385,4.051333333333333,74.32,23040.0,80.0,49,"Installation, Maintenance, and Repair Occupations",100940.0,48.53,104730.0,50.35,36779.2128,127.7056,12.675956153846153,False,False,False,False,11.90907167918108,11.90907167918108,2743.8501148833207,9.527257343344864,276964230.59632236,997789.6615685077,0.003472222222222222,0.28078985575352167
49-2096.00,"Electronic Equipment Installers and Repairers, Motor Vehicles",314098.0284,3469.3273353846153,30.976136923076922,4.1875,88.47583333333334,10140.0,112.0,49,"Installation, Maintenance, and Repair Occupations",47940.0,23.05,47940.0,23.05,0.0,0.0,20.29587076923077,False,False,False,False,0.0,0.0,0.0,0.0,0.0,0.0,,
49-2097.00,Audiovisual Equipment Installers and Repairers,701724.8058923077,12027.759415384615,31.65199846153846,3.956363636363636,84.09181818181818,22170.0,380.0,49,"Installation, Maintenance, and Repair Occupations",50620.0,24.34,53600.0,25.77,0.0,0.0,24.818600384615387,False,True,True,False,0.0,0.0,0.0,0.0,0.0,0.0,,
49-2098.00,Security and Fire Alarm Systems Installers,1460720.646,14874.225692307691,17.920753846153847,4.16375,89.683125,81510.0,830.0,49,"Installation, Maintenance, and Repair Occupations",59300.0,28.51,58860.0,28.3,0.0,0.0,9.124907692307692,False,False,False,False,0.0,0.0,0.0,0.0,0.0,0.0,,
49-3011.00,Aircraft Mechanics and Service Technicians,5847270.848253846,86172.11236153846,42.87169769230769,4.170263157894737,78.09342105263158,136390.0,2010.0,49,"Installation, Maintenance, and Repair Occupations",78680.0,37.83,65980.0,31.72,0.0,0.0,17.17953384615385,False,False,False,False,0.0,0.0,0.0,0.0,0.0,0.0,,
49-3021.00,Automotive Body and Related Repairers,7878710.1318,82736.10046923076,50.75834384615384,4.0612,82.7148,155220.0,1630.0,49,"Installation, Maintenance, and Repair Occupations",51680.0,24.85,51080.0,24.56,0.0,0.0,10.68878423076923,False,False,False,False,0.0,0.0,0.0,0.0,0.0,0.0,,
49-3022.00,Automotive Glass Installers and Repairers,1055640.386346154,5573.602884615385,55.73602884615385,4.234444444444445,91.01333333333334,18940.0,100.0,49,"Installation, Maintenance, and Repair Occupations",47260.0,22.72,39300.0,18.89,0.0,0.0,4.4354000000000005,False,False,False,False,0.0,0.0,0.0,0.0,0.0,0.0,,
49-3023.00,Automotive Service Technicians and Mechanics,38230869.30709231,494508.22473461536,55.50036192307692,4.033571428571428,85.28571428571429,688840.0,8910.0,49,"Installation, Maintenance, and Repair Occupations",49670.0,23.88,46990.0,22.59,0.0,0.0,33.31153,False,False,False,False,0.0,0.0,0.0,0.0,0.0,0.0,,
49-3031.00,Bus and Truck Mechanics and Diesel Engine Specialists,8010950.091315385,81718.77508461538,27.890366923076922,3.9396153846153843,87.04923076923077,287230.0,2930.0,49,"Installation, Maintenance, and Repair Occupations",60640.0,29.15,62970.0,30.28,0.0,0.0,18.028385769230766,False,False,False,False,0.0,0.0,0.0,0.0,0.0,0.0,,
49-3041.00,Farm Equipment Mechanics and Service Technicians,893917.5254153846,4362.938030769231,24.238544615384615,3.880714285714286,88.18142857142857,36880.0,180.0,49,"Installation, Maintenance, and Repair Occupations",52080.0,25.04,57100.0,27.45,0.0,0.0,12.065547692307693,False,False,False,False,0.0,0.0,0.0,0.0,0.0,0.0,,
49-3042.00,"Mobile Heavy Equipment Mechanics, Except Engines",5722558.273246154,66663.18507692308,31.74437384615385,4.0255,93.2355,180270.0,2100.0,49,"Installation, Maintenance, and Repair Occupations",63980.0,30.76,63890.0,30.72,0.0,0.0,13.260741153846155,False,False,False,False,0.0,0.0,0.0,0.0,0.0,0.0,,
49-3043.00,Rail Car Repairers,544791.2393076923,2381.6010461538463,29.770013076923075,3.626,66.7525,18300.0,80.0,49,"Installation, Maintenance, and Repair Occupations",65680.0,31.579999999999995,75280.0,36.19,0.0,0.0,12.627626923076923,False,False,False,False,0.0,0.0,0.0,0.0,0.0,0.0,,
49-3051.00,Motorboat Mechanics and Service Technicians,639305.8465384615,1581.7876615384616,26.363127692307692,3.94,96.42307692307692,24250.0,60.0,49,"Installation, Maintenance, and Repair Occupations",54950.0,26.42,45290.0,21.77,0.0,0.0,11.106741153846155,False,False,False,False,0.0,0.0,0.0,0.0,0.0,0.0,,
49-3052.00,Motorcycle Mechanics,416697.67336153844,7138.289907692308,29.742874615384615,4.368461538461538,94.06692307692308,14010.0,240.0,49,"Installation, Maintenance, and Repair Occupations",47200.0,22.69,42120.0,20.25,0.0,0.0,11.169898846153846,False,False,False,False,0.0,0.0,0.0,0.0,0.0,0.0,,
49-3053.00,Outdoor Power Equipment and Other Small Engine Mechanics,947052.3380923077,9957.325984615383,27.659238846153844,4.331428571428572,96.92928571428571,34240.0,360.0,49,"Installation, Maintenance, and Repair Occupations",46560.0,22.38,44140.0,21.22,0.0,0.0,14.444276923076922,False,False,False,False,0.0,0.0,0.0,0.0,0.0,0.0,,
49-3091.00,Bicycle Repairers,367066.65548076923,12536.827788461538,29.155413461538462,4.272142857142857,93.72357142857143,12590.0,430.0,49,"Installation, Maintenance, and Repair Occupations",40360.0,19.4,43760.0,21.04,0.0,0.0,10.352514999999999,False,False,False,False,0.0,0.0,0.0,0.0,0.0,0.0,,
49-3092.00,Recreational Vehicle Service Technicians,571291.650926923,8244.187373076922,30.534027307692305,3.9035294117647057,90.65176470588234,18710.0,270.0,49,"Installation, Maintenance, and Repair Occupations",50540.0,24.3,51300.0,24.66,0.0,0.0,19.342946538461536,False,False,False,False,0.0,0.0,0.0,0.0,0.0,0.0,,
49-3093.00,Tire Repairers and Changers,11285527.98966923,207462.34158461538,105.84813346153847,4.170416666666667,83.34958333333334,106620.0,1960.0,49,"Installation, Maintenance, and Repair Occupations",37120.0,17.85,36060.0,17.34,0.0,0.0,23.466708846153846,False,False,False,False,0.0,0.0,0.0,0.0,0.0,0.0,,
49-9011.00,Mechanical Door Repairers,725280.0868615385,3630.2900307692307,25.930643076923076,3.7032,82.5284,27970.0,140.0,49,"Installation, Maintenance, and Repair Occupations",51050.0,24.54,49410.0,23.75,75126.72075,376.0365,7.067147692307692,False,False,False,False,10.35830462064544,10.35830462064544,2897.2178023945294,14.501626468903615,147902968.81224072,716525.3638285276,0.005005362888809439,0.40477107558033587
49-9012.00,"Control and Valve Installers and Repairers, Except Mechanical Door",1019441.3067692308,7387.2558461538465,21.727223076923075,3.743125,48.1321875,46920.0,340.0,49,"Installation, Maintenance, and Repair Occupations",74690.0,35.91,69450.0,33.39,78960.91006153847,572.1805076923077,8.583858846153847,False,False,False,False,7.7455082050557635,7.7455082050557635,3634.1924498121643,26.334727897189595,271437834.07647055,1828946.8524598174,0.007246376811594203,0.5859962207030017
49-9021.00,"Heating, Air Conditioning, and Refrigeration Mechanics and Installers",15469515.745430768,209316.14773846153,38.97879846153846,4.008214285714286,87.6842857142857,396870.0,5370.0,49,"Installation, Maintenance, and Repair Occupations",59810.0,28.75,56200.0,27.02,676290.4448423077,9150.804265384615,24.054810256410256,False,False,False,False,4.371762219137749,4.371762219137749,17350.212719091985,234.76363116769713,1037716222.7288916,13193716.071624579,0.013530879129185878,1.0942080764839026
49-9031.00,Home Appliance Repairers,1962645.0292230768,15361.96798076923,61.447871923076924,4.069310344827587,84.27413793103447,31940.0,250.0,49,"Installation, Maintenance, and Repair Occupations",49410.0,23.76,34920.0,16.79,0.0,0.0,38.232058076923074,False,False,False,False,0.0,0.0,0.0,0.0,0.0,0.0,,
49-9041.00,Industrial Machinery Mechanics,8708288.8586,80903.6648,20.63869,3.930625,85.16125,421940.0,3920.0,49,"Installation, Maintenance, and Repair Occupations",63760.0,30.65,69670.0,33.49,303335.58712307696,2818.1151384615387,10.073439615384615,False,False,False,False,3.4832972590650044,3.4832972590650044,14697.42445489888,136.54525255534818,937107783.2443527,9513107.745531108,0.009290420438924965,0.7512928747013693
49-9043.00,"Maintenance Workers, Machinery",1812666.0066307692,47128.033776923075,32.059886923076924,3.876111111111111,91.93555555555555,56540.0,1470.0,49,"Installation, Maintenance, and Repair Occupations",60500.0,29.09,63820.0,30.68,0.0,0.0,15.134414230769233,False,False,False,False,0.0,0.0,0.0,0.0,0.0,0.0,,
49-9044.00,Millwrights,1492237.3413307692,8808.090553846154,36.70037730769231,4.182608695652174,95.25608695652173,40660.0,240.0,49,"Installation, Maintenance, and Repair Occupations",65170.0,31.329999999999995,62480.0,30.04,0.0,0.0,4.702235769230769,False,False,False,False,0.0,0.0,0.0,0.0,0.0,0.0,,
49-9045.00,"Refractory Materials Repairers, Except Brickmasons",14785.802730769232,161.29966615384618,13.441638846153847,3.746,58.787,1100.0,12.0,49,"Installation, Maintenance, and Repair Occupations",58540.0,28.15,58540.0,28.15,0.0,0.0,0.9368569230769233,False,False,False,False,0.0,0.0,0.0,0.0,0.0,0.0,,
49-9051.00,Electrical Power-Line Installers and Repairers,6774723.745846154,48750.84196153846,54.77622692307692,4.17,93.62869565217392,123680.0,890.0,49,"Installation, Maintenance, and Repair Occupations",92560.0,44.5,81380.0,39.12,0.0,0.0,23.05118346153846,False,False,False,False,0.0,0.0,0.0,0.0,0.0,0.0,,
49-9052.00,Telecommunications Line Installers and Repairers,4834759.029092307,32932.986473076926,49.15371115384615,3.847368421052632,72.37210526315789,98360.0,670.0,49,"Installation, Maintenance, and Repair Occupations",70500.0,33.9,55980.0,26.91,0.0,0.0,25.396215769230768,False,False,False,False,0.0,0.0,0.0,0.0,0.0,0.0,,
49-9061.00,Camera and Photographic Equipment Repairers,78452.70426923077,858.6863153846153,39.03119615384615,3.8546666666666667,77.18666666666667,2010.0,22.0,49,"Installation, Maintenance, and Repair Occupations",49300.0,23.7,49300.0,23.7,0.0,0.0,13.447703461538461,False,False,False,False,0.0,0.0,0.0,0.0,0.0,0.0,,
49-9062.00,Medical Equipment Repairers,1680269.118042308,12153.845338461539,27.62237576923077,3.9735,83.81,60830.0,440.0,49,"Installation, Maintenance, and Repair Occupations",62630.0,30.110000000000003,59980.0,28.84,0.0,0.0,8.996479615384615,False,False,False,False,0.0,0.0,0.0,0.0,0.0,0.0,,
49-9063.00,Musical Instrument Repairers and Tuners,287549.2974346154,5018.312346153846,50.18312346153846,3.602413793103448,63.41137931034483,5730.0,100.0,49,"Installation, Maintenance, and Repair Occupations",45320.0,21.79,41440.0,19.92,0.0,0.0,20.661444835164836,False,False,False,False,0.0,0.0,0.0,0.0,0.0,0.0,,
49-9064.00,Watch and Clock Repairers,63475.560000000005,683.5829538461538,48.82735384615385,4.338666666666667,96.48,1300.0,14.0,49,"Installation, Maintenance, and Repair Occupations",60690.0,29.18,60690.0,29.18,0.0,0.0,17.108723461538464,False,True,True,False,0.0,0.0,0.0,0.0,0.0,0.0,,
49-9071.00,"Maintenance and Repair Workers, General",43127326.367,444591.2929,28.15651,3.6377777777777776,74.16185185185185,1531700.0,15790.0,49,"Installation, Maintenance, and Repair Occupations",48620.0,23.38,49070.0,23.59,0.0,0.0,12.017928461538462,False,False,False,False,0.0,0.0,0.0,0.0,0.0,0.0,,
49-9081.00,Wind Turbine Service Technicians,230967.3982846154,2552.580872307692,20.585329615384616,4.160833333333334,88.53750000000001,11220.0,124.0,49,"Installation, Maintenance, and Repair Occupations",62580.0,30.09,62580.0,30.09,0.0,0.0,13.056997307692308,False,False,False,False,0.0,0.0,0.0,0.0,0.0,0.0,,
49-9091.00,"Coin, Vending, and Amusement Machine Servicers and Repairers",1063696.5633461538,9033.516461538462,37.639651923076926,3.955,65.02777777777777,28260.0,240.0,49,"Installation, Maintenance, and Repair Occupations",47350.0,22.77,50280.0,24.17,251745.03636923077,2137.9620923076927,20.75969076923077,False,False,False,False,23.666997247532382,23.666997247532386,6688.293422152651,56.800793394077715,316690693.53892803,2855943.8918542275,0.008492569002123144,0.6867726408239002
49-9092.00,Commercial Divers,66020.34713076922,731.4207553846153,19.247914615384616,3.880434782608696,84.49347826086957,3430.0,38.0,49,"Installation, Maintenance, and Repair Occupations",61130.0,29.39,61130.0,29.39,0.0,0.0,3.4163969230769227,False,False,False,False,0.0,0.0,0.0,0.0,0.0,0.0,,
49-9094.00,Locksmiths and Safe Repairers,395909.2917692308,3819.060692307692,25.460404615384615,3.975714285714286,83.675,15550.0,150.0,49,"Installation, Maintenance, and Repair Occupations",50490.0,24.27,47690.0,22.93,0.0,0.0,5.4398430769230774,False,False,False,False,0.0,0.0,0.0,0.0,0.0,0.0,,
49-9095.00,Manufactured Building and Mobile Home Installers,33832.96622307692,375.9218469230769,12.962822307692306,3.777857142857143,76.11214285714286,2610.0,29.0,49,"Installation, Maintenance, and Repair Occupations",41080.0,19.75,41080.0,19.75,0.0,0.0,5.253846923076923,False,False,False,False,0.0,0.0,0.0,0.0,0.0,0.0,,
49-9096.00,Riggers,1060446.169646154,21042.338215384614,43.83820461538461,4.147142857142858,85.03642857142857,24190.0,480.0,49,"Installation, Maintenance, and Repair Occupations",62060.0,29.84,91070.0,43.79,0.0,0.0,20.102142692307694,False,False,False,False,0.0,0.0,0.0,0.0,0.0,0.0,,
49-9097.00,Signal and Track Switch Repairers,92194.64023461539,1010.6598807692308,11.229554230769232,3.953333333333333,86.09916666666668,8210.0,90.0,49,"Installation, Maintenance, and Repair Occupations",83600.0,40.19,83600.0,40.19,0.0,0.0,3.9212350000000002,False,False,False,False,0.0,0.0,0.0,0.0,0.0,0.0,,
49-9098.00,"Helpers--Installation, Maintenance, and Repair Workers",3486857.5565307694,26453.50206923077,35.74797576923077,3.724375,81.98125,97540.0,740.0,49,"Installation, Maintenance, and Repair Occupations",38860.0,18.68,41760.0,20.08,0.0,0.0,7.167314230769231,False,False,False,False,0.0,0.0,0.0,0.0,0.0,0.0,,
49-9099.01,Geothermal Technicians,8236785.85155,95959.07083846154,44.840687307692306,3.79625,56.65416666666667,183690.0,2140.0,49,"Installation, Maintenance, and Repair Occupations",48640.0,23.39,50080.0,24.08,0.0,0.0,23.662629615384617,False,False,False,False,0.0,0.0,0.0,0.0,0.0,0.0,,
51-1011.00,First-Line Supervisors of Production and Operating Workers,25538464.113946155,332491.3154923077,37.27481115384615,3.9549999999999996,88.658,685140.0,8920.0,51,Production Occupations,71190.0,34.23,67050.0,32.23,749032.7307,9751.834599999998,24.139303461538464,False,False,False,False,2.932959191899739,2.932959191899738,20094.87660738187,261.61995991745675,1430554265.6795154,17541618.312465474,0.01301923694427416,1.0528328631178545
51-2011.00,"Aircraft Structure, Surfaces, Rigging, and Systems Assemblers",1336626.26075,9753.429692307693,40.639290384615386,4.128888888888889,56.53370370370371,32890.0,240.0,51,Production Occupations,61680.0,29.65,59810.0,28.75,0.0,0.0,10.891901923076924,False,False,False,False,0.0,0.0,0.0,0.0,0.0,0.0,,
51-2021.00,"Coil Winders, Tapers, and Finishers",421844.70326153847,4644.797883076923,34.66267076923077,4.191818181818181,72.31090909090909,12170.0,134.0,51,Production Occupations,47260.0,22.72,47260.0,22.72,0.0,0.0,21.589900384615387,False,False,False,False,0.0,0.0,0.0,0.0,0.0,0.0,,
51-2022.00,Electrical and Electronic Equipment Assemblers,4016720.0578846154,44223.60283269231,44.09132884615384,3.9125,71.128125,91100.0,1003.0,51,Production Occupations,44210.0,21.26,44210.0,21.26,0.0,0.0,31.415269230769233,False,False,False,False,0.0,0.0,0.0,0.0,0.0,0.0,,
51-2023.00,Electromechanical Equipment Assemblers,2965947.3250769232,32654.72192153846,32.55705076923077,3.7964285714285713,71.99357142857143,91100.0,1003.0,51,Production Occupations,44210.0,21.26,44210.0,21.26,0.0,0.0,13.834465,False,False,False,False,0.0,0.0,0.0,0.0,0.0,0.0,,
51-2031.00,Engine and Other Machine Assemblers,1657448.8926384614,6039.6367769230765,43.140262692307694,4.229166666666667,79.05666666666666,38420.0,140.0,51,Production Occupations,52540.0,25.26,46060.0,22.149999999999995,0.0,0.0,7.845394230769232,False,False,False,False,0.0,0.0,0.0,0.0,0.0,0.0,,
51-2041.00,Structural Metal Fabricators and Fitters,3475440.012992308,57945.702726923075,65.10753115384615,3.87,72.49391304347826,53380.0,890.0,51,Production Occupations,49900.0,23.99,50440.0,24.25,0.0,0.0,21.377168076923077,False,False,False,False,0.0,0.0,0.0,0.0,0.0,0.0,,
51-2051.00,Fiberglass Laminators and Fabricators,964792.4193846154,5730.408538461538,52.09462307692308,4.171875,73.981875,18520.0,110.0,51,Production Occupations,45760.0,22.0,46870.0,22.53,0.0,0.0,5.038352692307692,True,False,True,False,0.0,0.0,0.0,0.0,0.0,0.0,,
51-2061.00,Timing Device Assemblers and Adjusters,17710.874,231.0114,77.0038,4.13470588235294,66.25411764705882,230.0,3.0,51,Production Occupations,40790.0,19.61,40790.0,19.61,0.0,0.0,28.482766153846153,True,False,True,False,0.0,0.0,0.0,0.0,0.0,0.0,,
51-2092.00,Team Assemblers,22722879.70657692,250297.71047346154,31.174207307692306,4.0600000000000005,70.81272727272727,728900.0,8029.0,51,Production Occupations,42210.0,20.29,42210.0,20.29,0.0,0.0,20.545185384615387,False,False,False,False,0.0,0.0,0.0,0.0,0.0,0.0,,
51-3011.00,Bakers,14606320.141353846,250062.9219076923,62.98814153846154,4.307222222222222,81.40666666666667,231890.0,3970.0,51,Production Occupations,36650.0,17.62,35490.0,17.06,0.0,0.0,32.309122307692306,False,False,False,False,0.0,0.0,0.0,0.0,0.0,0.0,,
51-3021.00,Butchers and Meat Cutters,4600621.333938462,45336.028569230766,32.85219461538461,4.297272727272727,76.5409090909091,140040.0,1380.0,51,Production Occupations,38960.0,18.73,41680.0,20.04,0.0,0.0,10.687551923076922,False,False,False,False,0.0,0.0,0.0,0.0,0.0,0.0,,
51-3022.00,"Meat, Poultry, and Fish Cutters and Trimmers",6610284.646846154,65592.16461538462,46.85154615384616,4.23,66.21083333333333,141090.0,1400.0,51,Production Occupations,37700.0,18.13,42760.0,20.56,0.0,0.0,12.004081923076923,False,False,False,False,0.0,0.0,0.0,0.0,0.0,0.0,,
51-3023.00,Slaughterers and Meat Packers,3007995.2826923076,34759.0566,44.56289307692308,4.377142857142857,54.63285714285714,67500.0,780.0,51,Production Occupations,39790.0,19.13,40470.0,19.46,0.0,0.0,0.0,False,False,False,False,0.0,0.0,0.0,0.0,0.0,0.0,,
51-3091.00,"Food and Tobacco Roasting, Baking, and Drying Machine Operators and Tenders",2122325.355,16325.579653846155,108.8371976923077,4.206315789473685,67.49421052631578,19500.0,150.0,51,Production Occupations,42730.0,20.54,40500.0,19.47,0.0,0.0,68.67488653846154,False,False,False,False,0.0,0.0,0.0,0.0,0.0,0.0,,
51-3092.00,Food Batchmakers,27201661.79016923,495987.4251615385,158.46243615384617,4.4796,68.9008,171660.0,3130.0,51,Production Occupations,40790.0,19.61,38790.0,18.65,0.0,0.0,86.94954038461539,False,False,False,False,0.0,0.0,0.0,0.0,0.0,0.0,,
51-3093.00,Food Cooking Machine Operators and Tenders,2008503.6442615385,37759.287599999996,72.61401461538462,4.388823529411765,80.87823529411764,27660.0,520.0,51,Production Occupations,40550.0,19.49,37610.0,18.08,0.0,0.0,52.06078576923077,False,False,False,False,0.0,0.0,0.0,0.0,0.0,0.0,,
51-4021.00,"Extruding and Drawing Machine Setters, Operators, and Tenders, Metal and Plastic",4114219.763769231,45713.552930769234,62.62130538461538,3.92875,65.83125,65700.0,730.0,51,Production Occupations,46980.0,22.59,44910.0,21.59,0.0,0.0,46.52418115384616,False,False,False,False,0.0,0.0,0.0,0.0,0.0,0.0,,
51-4022.00,"Forging Machine Setters, Operators, and Tenders, Metal and Plastic",424521.26764615386,4652.287864615385,48.461331923076926,4.171538461538462,76.61461538461539,8760.0,96.0,51,Production Occupations,49240.0,23.67,49240.0,23.67,0.0,0.0,31.106838461538462,False,False,False,False,0.0,0.0,0.0,0.0,0.0,0.0,,
51-4023.00,"Rolling Machine Setters, Operators, and Tenders, Metal and Plastic",2165090.7988846153,8718.48643846154,96.87207153846154,4.092631578947368,77.33,22350.0,90.0,51,Production Occupations,48630.0,23.38,46050.0,22.14,0.0,0.0,64.8182226923077,False,False,False,False,0.0,0.0,0.0,0.0,0.0,0.0,,
51-4031.00,"Cutting, Punching, and Press Machine Setters, Operators, and Tenders, Metal and Plastic",15279083.34265,98981.62115,87.59435500000001,3.9553125000000002,67.359375,174430.0,1130.0,51,Production Occupations,45590.0,21.92,44940.0,21.61,0.0,0.0,44.576335,False,False,False,False,0.0,0.0,0.0,0.0,0.0,0.0,,
51-4032.00,"Drilling and Boring Machine Tool Setters, Operators, and Tenders, Metal and Plastic",377547.84581538464,4123.8747753846155,71.10128923076923,4.202941176470588,86.86352941176472,5310.0,58.0,51,Production Occupations,46630.0,22.42,46630.0,22.42,0.0,0.0,35.075429615384614,False,False,False,False,0.0,0.0,0.0,0.0,0.0,0.0,,
51-4033.00,"Grinding, Lapping, Polishing, and Buffing Machine Tool Setters, Operators, and Tenders, Metal and Plastic",5344077.448557693,37349.84951923077,76.22418269230769,4.053888888888888,75.11666666666666,70110.0,490.0,51,Production Occupations,45190.0,21.73,42920.0,20.64,0.0,0.0,36.84121384615385,False,False,False,False,0.0,0.0,0.0,0.0,0.0,0.0,,
51-4034.00,"Lathe and Turning Machine Tool Setters, Operators, and Tenders, Metal and Plastic",1025834.3861230769,2703.8333846153846,54.07666769230769,3.9694444444444446,92.28722222222223,18970.0,50.0,51,Production Occupations,48620.0,23.38,57500.0,27.65,52524.201665384615,138.4401730769231,29.544060769230768,False,False,False,False,5.1201443796292185,5.1201443796292185,971.2913888156628,2.5600721898146093,47224187.32421753,147204.15091434005,0.002635740643120717,0.21314569967584143
51-4035.00,"Milling and Planing Machine Setters, Operators, and Tenders, Metal and Plastic",1002449.474273077,6532.979919230769,72.58866576923077,4.156666666666667,82.25066666666666,13810.0,90.0,51,Production Occupations,48310.0,23.219999999999995,45000.0,21.64,0.0,0.0,45.213441153846155,False,False,False,False,0.0,0.0,0.0,0.0,0.0,0.0,,
51-4041.00,Machinists,27890362.933269233,343507.2646153846,93.34436538461539,4.200689655172414,75.81758620689655,298790.0,3680.0,51,Production Occupations,56150.0,27.0,60450.0,29.06,960149.7134,11825.532799999999,61.12517346153846,False,False,False,False,3.44258594159303,3.44258594159303,10286.102534885815,126.6871626506235,577564657.3338385,7658238.982230191,0.012316342581746376,0.9959915683985822
51-4051.00,Metal-Refining Furnace Operators and Tenders,1388530.8445423075,35515.7914,68.29959884615384,4.36,73.27066666666666,20330.0,520.0,51,Production Occupations,55770.0,26.81,70450.0,33.87,0.0,0.0,44.881911153846154,False,False,False,False,0.0,0.0,0.0,0.0,0.0,0.0,,
51-4052.00,"Pourers and Casters, Metal",248742.1925153846,1706.6359692307692,42.66589923076923,4.405625,74.1275,5830.0,40.0,51,Production Occupations,48940.0,23.53,44450.0,21.37,0.0,0.0,28.21826576923077,False,False,False,False,0.0,0.0,0.0,0.0,0.0,0.0,,
51-4061.00,"Model Makers, Metal and Plastic",146181.22062307692,3168.014069230769,45.257343846153844,4.360625,88.87375,3230.0,70.0,51,Production Occupations,62700.0,30.14,51960.0,24.98,11451.876796153845,248.18308846153846,24.51369192307692,False,False,False,False,7.8340273445124,7.834027344512401,253.03908322775052,5.48381914115868,15865550.518379958,284939.242574605,0.021671826625386997,1.7525459727526307
51-4062.00,"Patternmakers, Metal and Plastic",59666.48832692307,646.0702557692307,38.00413269230769,3.6993333333333336,69.58933333333333,1570.0,17.0,51,Production Occupations,54540.0,26.219999999999995,54540.0,26.219999999999995,8431.753838461536,91.29924538461538,23.42342346153846,False,False,False,False,14.131473252225755,14.131473252225756,221.86413005994436,2.4023504528783786,12100469.653469365,131024.19369998676,0.010828025477707007,0.8756351170504727
51-4071.00,Foundry Mold and Coremakers,872549.4271384615,6173.698776923076,68.59665307692308,4.490769230769231,70.60307692307693,12720.0,90.0,51,Production Occupations,45700.0,21.97,45630.0,21.94,0.0,0.0,12.206162692307691,False,False,False,False,0.0,0.0,0.0,0.0,0.0,0.0,,
51-4072.00,"Molding, Coremaking, and Casting Machine Setters, Operators, and Tenders, Metal and Plastic",11377993.80683077,207981.6720923077,73.49175692307692,3.7955172413793106,58.65551724137931,154820.0,2830.0,51,Production Occupations,41230.0,19.82,45820.0,22.03,0.0,0.0,32.79899730769231,False,False,False,False,0.0,0.0,0.0,0.0,0.0,0.0,,
51-4081.00,"Multiple Machine Tool Setters, Operators, and Tenders, Metal and Plastic",8397106.388596155,97001.61403846154,64.6677426923077,3.9776190476190476,77.82000000000001,129850.0,1500.0,51,Production Occupations,46060.0,22.14,40180.0,19.32,58748.58486538462,678.6513461538461,35.14469192307692,False,False,False,False,0.6996289215195513,0.6996289215195513,908.4681545931373,10.494433822793269,41844043.20055991,421666.35099983355,0.011551790527531766,0.9341641716251162
51-4111.00,Tool and Die Makers,1991305.6082153847,5056.825415384616,36.12018153846154,3.9905882352941178,87.6029411764706,55130.0,140.0,51,Production Occupations,63180.0,30.380000000000003,66660.0,32.05,0.0,0.0,9.020020384615385,False,False,False,False,0.0,0.0,0.0,0.0,0.0,0.0,,
51-4121.00,"Welders, Cutters, Solderers, and Brazers",35776332.921215385,356885.87929615384,84.37018423076923,3.886896551724138,73.2948275862069,424040.0,4230.0,51,Production Occupations,51000.0,24.520000000000003,56050.0,26.95,0.0,0.0,18.71948423076923,False,False,False,False,0.0,0.0,0.0,0.0,0.0,0.0,,
51-4122.00,"Welding, Soldering, and Brazing Machine Setters, Operators, and Tenders",3165948.532923077,7851.622153846154,87.24024615384616,3.8113793103448277,70.88793103448276,36290.0,90.0,51,Production Occupations,47060.0,22.62,47320.0,22.75,0.0,0.0,44.854216538461536,False,False,False,False,0.0,0.0,0.0,0.0,0.0,0.0,,
51-4191.00,"Heat Treating Equipment Setters, Operators, and Tenders, Metal and Plastic",1324609.1980461539,9986.77256923077,90.78884153846154,4.279565217391304,57.54565217391304,14590.0,110.0,51,Production Occupations,47450.0,22.81,46360.0,22.29,0.0,0.0,58.84000692307692,False,False,False,False,0.0,0.0,0.0,0.0,0.0,0.0,,
51-4192.00,"Layout Workers, Metal and Plastic",256008.8178576923,2829.3309638461537,45.63437038461539,4.094285714285714,73.33285714285715,5610.0,62.0,51,Production Occupations,61870.0,29.74,61870.0,29.74,0.0,0.0,20.88811346153846,False,False,False,False,0.0,0.0,0.0,0.0,0.0,0.0,,
51-4193.00,"Plating Machine Setters, Operators, and Tenders, Metal and Plastic",4636232.321342308,26484.348392307693,147.13526884615385,3.9927272727272722,59.75575757575758,31510.0,180.0,51,Production Occupations,41600.0,20.0,46280.0,22.25,0.0,0.0,57.22028115384615,False,True,True,False,0.0,0.0,0.0,0.0,0.0,0.0,,
51-4194.00,"Tool Grinders, Filers, and Sharpeners",344972.46598846157,3792.8909873076923,60.20461884615385,4.171666666666667,73.17833333333334,5730.0,63.0,51,Production Occupations,48970.0,23.54,48970.0,23.54,0.0,0.0,39.32320923076923,False,False,False,False,0.0,0.0,0.0,0.0,0.0,0.0,,
51-5111.00,Prepress Technicians and Workers,1390924.2395192308,16881.61192307692,60.29147115384615,4.243333333333333,61.93333333333333,23070.0,280.0,51,Production Occupations,47300.0,22.74,37590.0,18.07,0.0,0.0,53.92595923076923,False,False,False,False,0.0,0.0,0.0,0.0,0.0,0.0,,
51-5112.00,Printing Press Operators,13499339.347765384,164660.12435769232,93.02831884615385,4.318695652173913,76.92391304347827,145110.0,1770.0,51,Production Occupations,45160.0,21.71,39740.0,19.11,775634.6606884615,9460.91481923077,54.91271038461538,False,False,False,False,5.745723110641383,5.745723110641383,8337.618805851711,101.69929905835248,376526865.2722633,4041530.1445789277,0.01219764316725243,0.9863926460541328
51-5113.00,Print Binding and Finishing Workers,1925655.9627038462,42768.88757307692,52.80109576923077,4.2536000000000005,66.74680000000001,36470.0,810.0,51,Production Occupations,39820.0,19.14,38330.0,18.43,0.0,0.0,37.24271269230769,False,False,False,False,0.0,0.0,0.0,0.0,0.0,0.0,,
51-6011.00,Laundry and Dry-Cleaning Workers,16240529.86633846,122203.0042153846,83.13129538461538,3.9517391304347824,53.67652173913043,195360.0,1470.0,51,Production Occupations,33800.0,16.25,33690.0,16.2,0.0,0.0,27.409803846153842,False,False,False,False,0.0,0.0,0.0,0.0,0.0,0.0,,
51-6021.00,"Pressers, Textile, Garment, and Related Materials",3722999.515757692,33303.01467692308,138.76256115384615,4.238571428571428,74.46678571428572,26830.0,240.0,51,Production Occupations,33880.0,16.29,34450.0,16.56,0.0,0.0,29.863235384615383,False,False,False,False,0.0,0.0,0.0,0.0,0.0,0.0,,
51-6031.00,Sewing Machine Operators,12330838.89495,129395.60844230768,112.51792038461538,4.039615384615384,70.22423076923077,109590.0,1150.0,51,Production Occupations,36000.0,17.31,37480.0,18.02,0.0,0.0,48.614241923076925,False,False,False,False,0.0,0.0,0.0,0.0,0.0,0.0,,
51-6041.00,Shoe and Leather Workers and Repairers,795604.0941538461,7289.566307692308,104.13666153846154,4.284230769230769,60.49230769230769,7640.0,70.0,51,Production Occupations,35950.0,17.29,36500.0,17.55,0.0,0.0,15.33634576923077,False,False,False,False,0.0,0.0,0.0,0.0,0.0,0.0,,
51-6042.00,Shoe Machine Operators and Tenders,334881.80676923075,3686.7721846153845,102.41033846153846,4.252631578947368,66.02631578947368,3270.0,36.0,51,Production Occupations,38160.0,18.35,38160.0,18.35,0.0,0.0,35.71381846153846,False,False,False,False,0.0,0.0,0.0,0.0,0.0,0.0,,
51-6051.00,"Sewers, Hand",146506.1187692308,1635.1129326923078,65.40451730769232,4.491818181818181,65.60636363636364,2240.0,25.0,51,Production Occupations,33760.0,16.23,33760.0,16.23,0.0,0.0,15.459763076923078,False,False,False,False,0.0,0.0,0.0,0.0,0.0,0.0,,
51-6052.00,"Tailors, Dressmakers, and Custom Sewers",1318075.019273077,17800.89037692308,80.91313807692308,4.086818181818182,85.78909090909092,16290.0,220.0,51,Production Occupations,40860.0,19.64,40570.0,19.5,0.0,0.0,28.684675769230772,False,False,False,False,0.0,0.0,0.0,0.0,0.0,0.0,,
51-6061.00,Textile Bleaching and Dyeing Machine Operators and Tenders,503287.63384615385,5534.434461538462,86.47553846153846,4.324347826086957,67.58869565217391,5820.0,64.0,51,Production Occupations,37320.0,17.94,37320.0,17.94,0.0,0.0,47.23194115384615,False,False,False,False,0.0,0.0,0.0,0.0,0.0,0.0,,
51-6062.00,"Textile Cutting Machine Setters, Operators, and Tenders",479232.5646769231,5295.091953461539,53.48577730769231,4.122222222222223,72.76444444444445,8960.0,99.0,51,Production Occupations,37940.0,18.24,37940.0,18.24,36922.271507692305,407.9581338461538,26.875919615384614,False,False,False,False,7.704457966579051,7.704457966579051,690.319433805483,7.62741338691326,26190719.318580024,289384.0638994891,0.011049107142857144,0.8935134338442422
51-6063.00,"Textile Knitting and Weaving Machine Setters, Operators, and Tenders",1196356.9397192309,13173.92363076923,82.33702269230768,4.273157894736842,72.04894736842105,14530.0,160.0,51,Production Occupations,38260.0,18.4,38260.0,18.4,48175.49475769231,530.4940923076923,18.71851346153846,False,False,False,False,4.026849609699131,4.0268496096991315,585.1012482892837,6.442959375518609,22385973.759547994,246507.625707342,0.011011699931176875,0.8904884069595511
51-6064.00,"Textile Winding, Twisting, and Drawing Out Machine Setters, Operators, and Tenders",1769284.457,19496.484065,85.887595,4.135217391304348,64.08695652173913,20600.0,227.0,51,Production Occupations,37660.0,18.11,37660.0,18.11,0.0,0.0,29.57506923076923,False,False,False,False,0.0,0.0,0.0,0.0,0.0,0.0,,
51-6091.00,"Extruding and Forming Machine Setters, Operators, and Tenders, Synthetic and Glass Fibers",803260.9026153847,8841.260941538461,53.91012769230769,3.9452941176470584,69.87176470588236,14900.0,164.0,51,Production Occupations,44980.0,21.63,44980.0,21.63,0.0,0.0,31.564005769230768,False,False,False,False,0.0,0.0,0.0,0.0,0.0,0.0,,
51-6092.00,Fabric and Apparel Patternmakers,117453.49,1314.164923076923,41.067653846153846,4.296250000000001,85.69,2860.0,32.0,51,Production Occupations,67670.0,32.54,67670.0,32.54,0.0,0.0,36.86319730769231,False,False,False,False,0.0,0.0,0.0,0.0,0.0,0.0,,
51-6093.00,Upholsterers,1450327.3004615386,8982.494,69.0961076923077,4.084545454545455,68.19181818181818,20990.0,130.0,51,Production Occupations,46190.0,22.21,43150.0,20.74,0.0,0.0,17.61563,False,False,False,False,0.0,0.0,0.0,0.0,0.0,0.0,,
51-7011.00,Cabinetmakers and Bench Carpenters,4395318.787092308,112728.81978461538,55.259225384615384,4.136,75.9675,79540.0,2040.0,51,Production Occupations,46020.0,22.12,46750.0,22.48,180084.46431538463,4618.711430769231,18.010041153846153,False,False,False,False,4.097187781788138,4.097187781788138,3258.9031616342854,83.58263074847802,149974723.4984098,3907487.987491348,0.025647472969575057,2.074046467843966
51-7021.00,Furniture Finishers,912994.7257038462,10265.576676923078,64.15985423076923,4.012727272727273,66.36136363636363,14230.0,160.0,51,Production Occupations,42530.0,20.45,46380.0,22.3,0.0,0.0,8.899088461538462,False,False,False,False,0.0,0.0,0.0,0.0,0.0,0.0,,
51-7031.00,"Model Makers, Wood",13926.532153846154,154.73924615384615,38.68481153846154,3.952142857142857,85.17142857142858,360.0,4.0,51,Production Occupations,51850.0,24.93,51850.0,24.93,0.0,0.0,20.345215384615383,False,False,False,False,0.0,0.0,0.0,0.0,0.0,0.0,,
51-7032.00,"Patternmakers, Wood",8909.641176923076,98.99601307692308,49.49800653846154,4.101,89.1755,180.0,2.0,51,Production Occupations,52520.0,25.25,52520.0,25.25,0.0,0.0,33.80667076923077,False,False,False,False,0.0,0.0,0.0,0.0,0.0,0.0,,
51-7041.00,"Sawing Machine Setters, Operators, and Tenders, Wood",3925008.0137538463,24565.418723076924,90.98303230769231,4.209545454545455,64.91227272727272,43140.0,270.0,51,Production Occupations,39950.0,19.21,38170.0,18.35,0.0,0.0,50.04727269230769,False,False,False,False,0.0,0.0,0.0,0.0,0.0,0.0,,
51-7042.00,"Woodworking Machine Setters, Operators, and Tenders, Except Sawing",6385542.652326923,77614.33058076924,100.79783192307693,4.0888,75.83359999999999,63350.0,770.0,51,Production Occupations,40440.0,19.44,37880.0,18.21,182569.8269230769,2219.080769230769,50.58979923076924,False,False,False,False,2.8591121673354976,2.859112167335497,1811.2475580070377,22.01516368848333,73246851.24580461,833934.4005197486,0.012154696132596685,0.9829196276543167
51-8011.00,Nuclear Power Reactor Operators,313129.7466,3448.8066496153847,54.74296269230769,4.416315789473684,81.15157894736842,5720.0,63.0,51,Production Occupations,122610.0,58.95,122610.0,58.95,0.0,0.0,34.42817807692308,False,False,False,False,0.0,0.0,0.0,0.0,0.0,0.0,,
51-8012.00,Power Distributors and Dispatchers,668161.4875615385,2911.3790307692307,72.78447576923077,4.454285714285715,82.98571428571428,9180.0,40.0,51,Production Occupations,107240.0,51.56,100620.0,48.38,0.0,0.0,37.411761923076924,False,False,False,False,0.0,0.0,0.0,0.0,0.0,0.0,,
51-8013.00,Power Plant Operators,2329510.4315076927,25782.342015384616,75.83041769230769,4.288181818181818,73.76227272727273,30720.0,340.0,51,Production Occupations,99670.0,47.92,103760.0,49.88,55795.68443076924,1852.5910846153847,42.583874358974356,False,False,False,False,2.3951678290900573,7.185503487270173,735.7955570964656,8.143570618906194,73336743.17580472,844976.8874177067,0.033203125,2.685052995643051
51-8013.03,Biomass Plant Technicians,2538744.552369231,28098.08423846154,82.64142423076923,4.165,84.36277777777778,30720.0,340.0,51,Production Occupations,99670.0,47.92,103760.0,49.88,0.0,0.0,32.74329615384615,True,False,True,False,0.0,0.0,0.0,0.0,0.0,0.0,,
51-8013.04,Hydroelectric Plant Technicians,626707.2354461539,6936.2128923076925,20.400626153846154,4.109523809523809,89.34857142857143,30720.0,340.0,51,Production Occupations,99670.0,47.92,103760.0,49.88,0.0,0.0,7.590866153846154,True,False,True,False,0.0,0.0,0.0,0.0,0.0,0.0,,
51-8021.00,Stationary Engineers and Boiler Operators,1815840.2566384615,6489.357642307693,58.994160384615384,4.0484,81.11,30780.0,110.0,51,Production Occupations,75190.0,36.15,69450.0,33.39,106409.65638461539,380.2814230769231,37.67023269230769,False,False,False,False,5.860078054531304,5.860078054531303,1803.7320251847352,6.446085859984433,135622610.97364023,447680.66297591885,0.0035737491877842757,0.28900008545391703
51-8031.00,Water and Wastewater Treatment Plant and System Operators,3171588.9074999997,43789.19596153846,25.022397692307692,4.2162500000000005,92.08125,126750.0,1750.0,51,Production Occupations,58260.0,28.01,59120.0,28.42,0.0,0.0,9.282603076923078,False,False,False,False,0.0,0.0,0.0,0.0,0.0,0.0,,
51-8091.00,Chemical Plant and System Operators,1034096.0254153847,19128.45786923077,57.96502384615385,4.440526315789474,82.32052631578946,17840.0,330.0,51,Production Occupations,73540.0,35.35,53420.0,25.68,0.0,0.0,15.820365384615386,False,False,False,False,0.0,0.0,0.0,0.0,0.0,0.0,,
51-8092.00,Gas Plant Operators,658406.2102230769,6621.306953846154,41.38316846153846,4.163157894736842,79.37,15910.0,160.0,51,Production Occupations,83400.0,40.1,95690.0,46.01,0.0,0.0,20.65132653846154,False,False,False,False,0.0,0.0,0.0,0.0,0.0,0.0,,
51-8093.00,"Petroleum Pump System Operators, Refinery Operators, and Gaugers",1972452.542307692,37344.196153846155,56.582115384615385,3.877916666666667,76.74249999999999,34860.0,660.0,51,Production Occupations,97540.0,46.9,101920.0,49.0,0.0,0.0,33.273973846153844,False,False,False,False,0.0,0.0,0.0,0.0,0.0,0.0,,
51-8099.01,Biofuels Processing Technicians,1243630.560826923,6237.645446153846,77.97056807692307,4.316842105263158,85.5278947368421,15950.0,80.0,51,Production Occupations,61710.0,29.67,63380.0,30.47,285316.09065384616,1431.0524923076923,33.940570384615384,False,False,False,False,22.942190361109486,22.942190361109486,3659.279362596963,18.353752288887588,225814129.46585858,1163260.8200696954,0.005015673981191223,0.40560490762138807
51-9011.00,Chemical Equipment Operators and Tenders,13060689.821423076,153763.71346153846,102.50914230769231,4.324347826086957,91.0004347826087,127410.0,1500.0,51,Production Occupations,57090.0,27.45,39110.0,18.81,0.0,0.0,46.14210038461539,False,False,False,False,0.0,0.0,0.0,0.0,0.0,0.0,,
51-9012.00,"Separating, Filtering, Clarifying, Precipitating, and Still Machine Setters, Operators, and Tenders",4069499.1003076923,36790.67452307692,75.08300923076924,3.9685,74.48949999999999,54200.0,490.0,51,Production Occupations,49500.0,23.8,45620.0,21.94,0.0,0.0,40.92963,False,False,False,False,0.0,0.0,0.0,0.0,0.0,0.0,,
51-9021.00,"Crushing, Grinding, and Polishing Machine Setters, Operators, and Tenders",1812560.5812115385,15871.808942307693,63.48723576923077,3.8319047619047617,74.96095238095238,28550.0,250.0,51,Production Occupations,46890.0,22.54,50440.0,24.25,0.0,0.0,34.69361961538461,False,False,False,False,0.0,0.0,0.0,0.0,0.0,0.0,,
51-9022.00,"Grinding and Polishing Workers, Hand",945992.0539615385,6386.4442461538465,79.83055307692308,3.949411764705882,74.42117647058824,11850.0,80.0,51,Production Occupations,41690.0,20.04,35710.0,17.17,0.0,0.0,45.104940769230765,False,False,False,False,0.0,0.0,0.0,0.0,0.0,0.0,,
51-9023.00,"Mixing and Blending Machine Setters, Operators, and Tenders",8208823.264184616,132689.22967692307,81.40443538461538,4.342499999999999,86.6,100840.0,1630.0,51,Production Occupations,47680.0,22.92,44920.0,21.6,0.0,0.0,47.71080038461538,False,False,False,False,0.0,0.0,0.0,0.0,0.0,0.0,,
51-9031.00,"Cutters and Trimmers, Hand",528295.438676923,5828.43624,74.72354153846155,4.054444444444445,67.02333333333334,7070.0,78.0,51,Production Occupations,38800.0,18.65,38800.0,18.65,0.0,0.0,46.81760653846154,False,False,False,False,0.0,0.0,0.0,0.0,0.0,0.0,,
51-9032.00,"Cutting and Slicing Machine Setters, Operators, and Tenders",5621717.998923076,73316.47369230769,118.25237692307692,4.098400000000001,70.9344,47540.0,620.0,51,Production Occupations,45700.0,21.97,44830.0,21.55,0.0,0.0,93.867325,False,False,False,False,0.0,0.0,0.0,0.0,0.0,0.0,,
51-9041.00,"Extruding, Forming, Pressing, and Compacting Machine Setters, Operators, and Tenders",5994482.306196154,82632.01922692308,104.5974926923077,4.176153846153846,63.95692307692308,57310.0,790.0,51,Production Occupations,45130.0,21.7,38940.0,18.72,0.0,0.0,60.03012961538462,False,False,False,False,0.0,0.0,0.0,0.0,0.0,0.0,,
51-9051.00,"Furnace, Kiln, Oven, Drier, and Kettle Operators and Tenders",1080851.6429538461,10701.501415384615,66.88438384615385,3.998823529411765,61.52117647058823,16160.0,160.0,51,Production Occupations,47010.0,22.6,37180.0,17.88,0.0,0.0,48.657749230769234,False,False,False,False,0.0,0.0,0.0,0.0,0.0,0.0,,
51-9061.00,"Inspectors, Testers, Sorters, Samplers, and Weighers",68537629.96816154,806897.9068615384,115.93360730769231,4.124516129032258,65.03483870967742,591180.0,6960.0,51,Production Occupations,47460.0,22.82,48000.0,23.08,0.0,0.0,68.14038923076923,False,False,False,False,0.0,0.0,0.0,0.0,0.0,0.0,,
51-9071.00,Jewelers and Precious Stone and Metal Workers,1485717.3654923076,30450.227815384616,63.43797461538461,3.943793103448276,82.91862068965517,23420.0,480.0,51,Production Occupations,49140.0,23.63,46200.0,22.21,0.0,0.0,14.250426153846153,False,False,False,False,0.0,0.0,0.0,0.0,0.0,0.0,,
51-9071.06,Gem and Diamond Workers,965553.0222461538,19789.30190769231,41.22771230769231,4.175714285714286,55.50214285714286,23420.0,480.0,51,Production Occupations,49140.0,23.63,46200.0,22.21,0.0,0.0,16.800333076923074,False,False,False,False,0.0,0.0,0.0,0.0,0.0,0.0,,
51-9081.00,Dental Laboratory Technicians,2736965.3092923076,94405.93785,80.68883576923076,4.4541176470588235,65.29294117647059,33920.0,1170.0,51,Production Occupations,48310.0,23.23,45770.0,22.0,0.0,0.0,21.769356538461537,False,False,False,False,0.0,0.0,0.0,0.0,0.0,0.0,,
51-9082.00,Medical Appliance Technicians,457609.06141153845,8363.612088461537,39.82672423076923,4.183333333333334,85.45466666666667,11490.0,210.0,51,Production Occupations,47060.0,22.63,40600.0,19.52,0.0,0.0,10.32946,False,False,False,False,0.0,0.0,0.0,0.0,0.0,0.0,,
51-9083.00,Ophthalmic Laboratory Technicians,2122233.1681384617,23328.710386153845,113.24616692307691,4.417222222222223,76.83055555555556,18740.0,206.0,51,Production Occupations,38420.0,18.47,38420.0,18.47,0.0,0.0,31.975242692307692,False,False,False,False,0.0,0.0,0.0,0.0,0.0,0.0,,
51-9111.00,Packaging and Filling Machine Operators and Tenders,34366853.66357692,472716.5824615385,89.52965576923077,4.284000000000001,86.549,383860.0,5280.0,51,Production Occupations,40900.0,19.67,40430.0,19.44,0.0,0.0,69.19481884615385,False,False,False,False,0.0,0.0,0.0,0.0,0.0,0.0,,
51-9123.00,"Painting, Coating, and Decorating Workers",224983.7462653846,3984.3638653846156,26.562425769230767,4.2155555555555555,70.86444444444444,8470.0,150.0,51,Production Occupations,40860.0,19.64,42020.0,20.2,0.0,0.0,4.892685769230769,False,False,False,False,0.0,0.0,0.0,0.0,0.0,0.0,,
51-9124.00,"Coating, Painting, and Spraying Machine Setters, Operators, and Tenders",13147922.649230769,146729.16812307693,82.43211692307692,4.099130434782609,72.37652173913044,159500.0,1780.0,51,Production Occupations,47590.0,22.88,45720.0,21.98,0.0,0.0,44.60584699300699,True,False,True,False,0.0,0.0,0.0,0.0,0.0,0.0,,
51-9141.00,Semiconductor Processing Technicians,3008713.8776153848,13101.708953846155,93.58363538461539,4.1745,58.0955,32150.0,140.0,51,Production Occupations,51180.0,24.6,39090.0,18.8,0.0,0.0,52.965938076923074,False,True,True,False,0.0,0.0,0.0,0.0,0.0,0.0,,
51-9151.00,Photographic Process Workers and Processing Machine Operators,497345.72907692305,9857.302738461538,89.61184307692308,3.998518518518519,72.92888888888889,5550.0,110.0,51,Production Occupations,40100.0,19.28,40250.0,19.35,261411.6301153846,5181.131407692307,82.17983653846153,False,False,False,False,52.56135014983768,52.56135014983768,2917.154933315991,57.81748516482145,116977912.82597125,2327153.7778840633,0.01981981981981982,1.602778852301183
51-9161.00,Computer Numerically Controlled Tool Operators,19552548.48244231,106077.68603076923,110.49758961538461,4.262962962962963,83.08666666666667,176950.0,960.0,51,Production Occupations,49970.0,24.02,45880.0,22.06,1833573.867230769,9947.617476923078,78.54864961538462,True,True,True,True,9.377672014864311,9.377672014864315,16593.7906303024,90.02565134269739,829191717.7962109,4130376.8836029563,0.005425261373269287,0.43872720722652553
51-9162.00,Computer Numerically Controlled Tool Programmers,844453.4579076923,4487.000307692308,29.913335384615387,4.048,77.03933333333333,28230.0,150.0,51,Production Occupations,65670.0,31.57,69590.0,33.46,47684.096469230775,253.36926923076925,30.24107174556213,True,True,True,True,5.646740625277083,5.646740625277083,1594.0748785157205,8.470110937915624,104682897.27212736,589435.0201695483,0.005313496280552604,0.429689045999013
51-9191.00,Adhesive Bonding Machine Operators and Tenders,867845.9765384615,4991.718846153846,71.31026923076922,4.23,82.640625,12170.0,70.0,51,Production Occupations,45210.0,21.74,54640.0,26.27,0.0,0.0,40.21775384615385,False,False,False,False,0.0,0.0,0.0,0.0,0.0,0.0,,
51-9192.00,"Cleaning, Washing, and Metal Pickling Equipment Operators and Tenders",405145.9454076923,5541.953176923077,29.168174615384615,3.960909090909091,71.74545454545455,13890.0,190.0,51,Production Occupations,41460.0,19.93,43730.0,21.02,0.0,0.0,20.245027307692308,False,False,False,False,0.0,0.0,0.0,0.0,0.0,0.0,,
51-9193.00,Cooling and Freezing Equipment Operators and Tenders,395275.6543038462,4378.62257423077,59.98113115384616,3.8955555555555557,56.053333333333335,6590.0,73.0,51,Production Occupations,40160.0,19.31,40160.0,19.31,0.0,0.0,35.83040576923077,False,False,False,False,0.0,0.0,0.0,0.0,0.0,0.0,,
51-9194.00,Etchers and Engravers,1144383.631203846,10911.882061538461,136.39852576923076,4.17576923076923,46.301153846153845,8390.0,80.0,51,Production Occupations,40450.0,19.45,39190.0,18.84,0.0,0.0,98.38004923076923,False,False,False,False,0.0,0.0,0.0,0.0,0.0,0.0,,
51-9195.00,"Molders, Shapers, and Casters, Except Metal and Plastic",2615499.5277884617,38385.74846538462,75.26617346153846,3.8240909090909088,48.28409090909091,34750.0,510.0,51,Production Occupations,45690.0,21.97,39260.0,18.87,0.0,0.0,25.631326153846153,False,False,False,False,0.0,0.0,0.0,0.0,0.0,0.0,,
51-9195.03,"Stone Cutters and Carvers, Manufacturing",1545986.6420192309,22689.300357692307,44.48882423076923,3.94125,67.443125,34750.0,510.0,51,Production Occupations,45690.0,21.97,39260.0,18.87,0.0,0.0,26.11380423076923,False,False,False,False,0.0,0.0,0.0,0.0,0.0,0.0,,
51-9195.04,"Glass Blowers, Molders, Benders, and Finishers",3154935.82,46302.6552,90.78952,4.14375,47.724375,34750.0,510.0,51,Production Occupations,45690.0,21.97,39260.0,18.87,0.0,0.0,30.713026153846155,False,False,False,False,0.0,0.0,0.0,0.0,0.0,0.0,,
51-9195.05,"Potters, Manufacturing",2156722.2758653844,31652.614696153847,62.06395038461538,4.186521739130435,75.88521739130434,34750.0,510.0,51,Production Occupations,45690.0,21.97,39260.0,18.87,0.0,0.0,28.046726923076925,False,False,False,False,0.0,0.0,0.0,0.0,0.0,0.0,,
51-9196.00,"Paper Goods Machine Setters, Operators, and Tenders",6154645.676846154,58404.06418461539,63.48267846153846,4.192857142857142,58.62357142857143,96950.0,920.0,51,Production Occupations,49390.0,23.75,59100.0,28.42,0.0,0.0,40.61296115384616,False,False,False,False,0.0,0.0,0.0,0.0,0.0,0.0,,
51-9197.00,Tire Builders,3167911.1067923075,34896.87485307692,151.06872230769233,4.396,50.7365,20970.0,231.0,51,Production Occupations,55580.0,26.72,55580.0,26.72,0.0,0.0,38.627588076923075,False,False,False,False,0.0,0.0,0.0,0.0,0.0,0.0,,
51-9198.00,Helpers--Production Workers,15836644.606846156,121027.55446153847,94.55277692307693,3.7243333333333335,56.074666666666666,167490.0,1280.0,51,Production Occupations,38220.0,18.38,35940.0,17.280000000000005,0.0,0.0,60.60145846153846,False,False,False,False,0.0,0.0,0.0,0.0,0.0,0.0,,
53-1041.00,Aircraft Cargo Handling Supervisors,178738.66286153847,879.6194038461538,17.592388076923076,4.498333333333333,72.11166666666666,10160.0,50.0,53,Transportation and Material Moving Occupations,63940.0,30.74,78990.0,37.98,0.0,0.0,9.778256153846153,True,False,True,False,0.0,0.0,0.0,0.0,0.0,0.0,,
53-1042.00,"First-Line Supervisors of Helpers, Laborers, and Material Movers, Hand",6507501.0368,71661.99491538461,52.84807884615385,3.9945833333333334,79.10666666666667,123136.0,1356.0,53,Transportation and Material Moving Occupations,61900.0,29.76,61900.0,29.76,144598.93357884616,1592.579171153846,35.98381807692307,True,False,True,False,2.2220347374689204,2.2223483633609344,2736.12469432973,30.130791040078563,169366118.5790103,1865095.965380863,0.01101376844031462,0.8906556820776859
53-1042.01,Recycling Coordinators,3852470.02624,42424.22488615385,31.286301538461537,3.66,59.20086956521739,123136.0,1356.0,53,Transportation and Material Moving Occupations,61900.0,29.76,61900.0,29.76,0.0,0.0,22.65551,True,False,True,False,0.0,0.0,0.0,0.0,0.0,0.0,,
53-1043.00,First-Line Supervisors of Material-Moving Machine and Vehicle Operators,4035866.65344,44443.827816923076,32.77568423076923,3.9463157894736844,86.13684210526316,123136.0,1356.0,53,Transportation and Material Moving Occupations,61900.0,29.76,61900.0,29.76,98835.97866666668,1088.563492948718,8.289057902097902,True,True,True,True,2.448940640355972,2.4493018410403904,3015.5275469087296,33.20763508322698,186661155.15365037,2055552.6116517503,0.011013838357588358,0.8906613361113136
53-2011.00,"Airline Pilots, Copilots, and Flight Engineers",8067072.610961539,144606.13542307692,81.23940192307693,4.28375,78.83291666666666,99300.0,1780.0,53,Transportation and Material Moving Occupations,226600.0,108.9423076923077,133230.0,64.05288461538461,0.0,0.0,64.85760346153846,False,False,False,False,0.0,0.0,0.0,0.0,0.0,0.0,,
53-2012.00,Commercial Pilots,2811212.5928692305,36882.58852307692,54.23910076923077,4.40875,83.19208333333333,51830.0,680.0,53,Transportation and Material Moving Occupations,122670.0,58.97596153846154,101160.0,48.63461538461539,0.0,0.0,37.06192115384616,False,False,False,False,0.0,0.0,0.0,0.0,0.0,0.0,,
53-2021.00,Air Traffic Controllers,3444597.9766153847,53821.843384615386,153.77669538461538,4.473478260869565,83.81739130434782,22400.0,350.0,53,Transportation and Material Moving Occupations,144580.0,69.51,156120.0,75.06,0.0,0.0,93.45266461538462,False,False,False,False,0.0,0.0,0.0,0.0,0.0,0.0,,
53-2022.00,Airfield Operations Specialists,1163714.9696,20281.090215384615,69.93479384615385,4.045925925925926,67.87296296296296,16640.0,290.0,53,Transportation and Material Moving Occupations,56750.0,27.28,61400.0,29.52,0.0,0.0,43.086014999999996,False,False,False,False,0.0,0.0,0.0,0.0,0.0,0.0,,
53-2031.00,Flight Attendants,13289143.002796154,146363.39960807693,102.13775269230769,4.0308,93.4604,130110.0,1433.0,53,Transportation and Material Moving Occupations,67130.0,32.27403846153846,49330.0,23.716346153846157,0.0,0.0,76.24304923076923,False,False,False,False,0.0,0.0,0.0,0.0,0.0,0.0,,
53-3011.00,"Ambulance Drivers and Attendants, Except Emergency Medical Technicians",155773.41664615384,1715.0550011538462,12.895150384615384,4.087272727272727,88.04909090909092,12080.0,133.0,53,Transportation and Material Moving Occupations,34330.0,16.51,34330.0,16.51,0.0,0.0,1.1018246153846154,False,False,False,False,0.0,0.0,0.0,0.0,0.0,0.0,,
53-3031.00,Driver/Sales Workers,19890317.144561537,161059.05789999999,47.650608846153844,3.880909090909091,63.86181818181819,417420.0,3380.0,53,Transportation and Material Moving Occupations,37130.0,17.85,26310.0,12.65,2460864.6109384615,19926.5066,44.519309615384614,False,False,False,False,12.372173822333032,12.372173822333032,51643.92796918254,418.1794751948565,1917539045.4957478,11002301.992376674,0.008097359973168511,0.654813083188894
53-3032.00,Heavy and Tractor-Trailer Truck Drivers,106982890.53332308,1254561.5423230769,51.67057423076923,4.340344827586207,78.19413793103449,2070480.0,24280.0,53,Transportation and Material Moving Occupations,57440.0,27.62,59580.0,28.64,8106407.003076923,95061.80307692307,24.903088461538463,False,False,False,False,7.57729293223007,7.57729293223007,156886.33470323717,1839.766723945461,9011551065.353943,109613301.41267057,0.011726749352807077,0.948312650658932
53-3033.00,Light Truck Drivers,36082699.24181538,358138.23424615385,36.285535384615386,4.41,78.43153846153847,994410.0,9870.0,53,Transportation and Material Moving Occupations,44140.0,21.22,43760.0,21.04,4380523.299173077,43478.81151923077,22.04848076923077,False,True,True,False,12.140231721069782,12.14023172106978,120723.67825749003,1198.2408708695873,5328743158.28561,52435020.50925314,0.009925483452499472,0.8026488192704524
53-3052.00,"Bus Drivers, Transit and Intercity",8474634.1875,63710.5,56.884375,4.2542857142857144,84.59285714285714,148980.0,1120.0,53,Transportation and Material Moving Occupations,57440.0,27.61,49500.0,23.8,1155781.1099999999,8688.916923076922,32.405720384615385,True,False,True,False,13.638123893356546,13.638123893356546,20318.076976322584,152.74698760559332,1167070341.5199692,7560975.88647687,0.007517787622499664,0.6079445286068998
53-4011.00,Locomotive Engineers,2331473.328369231,25508.460923076924,72.88131692307692,4.5878571428571435,90.2242857142857,31990.0,350.0,53,Transportation and Material Moving Occupations,77400.0,37.21,79800.0,38.37,0.0,0.0,42.80503,False,False,False,False,0.0,0.0,0.0,0.0,0.0,0.0,,
53-4013.00,"Rail Yard Engineers, Dinkey Operators, and Hostlers",228229.50276923075,2489.7763938461535,69.16045538461537,4.204782608695653,76.55434782608695,3300.0,36.0,53,Transportation and Material Moving Occupations,58030.0,27.9,58030.0,27.9,0.0,0.0,21.80336846153846,False,False,False,False,0.0,0.0,0.0,0.0,0.0,0.0,,
53-4022.00,"Railroad Brake, Signal, and Switch Operators and Locomotive Firers",1375156.7274307692,15120.102059230769,110.36570846153846,4.226,80.89920000000001,12460.0,137.0,53,Transportation and Material Moving Occupations,65480.0,31.48,65480.0,31.48,0.0,0.0,38.917845692307694,True,True,True,True,0.0,0.0,0.0,0.0,0.0,0.0,,
53-4031.00,Railroad Conductors and Yardmasters,2202948.946153846,24242.23846153846,51.57923076923077,4.0745,73.827,42710.0,470.0,53,Transportation and Material Moving Occupations,74080.0,35.62,74080.0,35.62,0.0,0.0,29.097885,False,False,False,False,0.0,0.0,0.0,0.0,0.0,0.0,,
53-4041.00,Subway and Streetcar Operators,511841.54353846156,50071.455346153845,55.63495038461538,4.564,96.20599999999999,9200.0,900.0,53,Transportation and Material Moving Occupations,84830.0,40.78,57200.0,27.5,49551.21415384616,4847.401384615385,26.26502076923077,False,False,False,False,9.6809676313667,9.6809676313667,890.6490220857363,87.1287086823003,75553756.54353301,4983762.136627577,0.09782608695652173,7.910948979490523
53-5011.00,Sailors and Marine Oilers,1298434.252553846,14284.432944230768,41.40415346153846,3.7621428571428575,73.96857142857142,31360.0,345.0,53,Transportation and Material Moving Occupations,49610.0,23.85,49610.0,23.85,0.0,0.0,15.545869615384614,False,False,False,False,0.0,0.0,0.0,0.0,0.0,0.0,,
53-5021.00,"Captains, Mates, and Pilots of Water Vessels",3721240.573603846,41008.30245,105.14949346153846,4.3389655172413795,84.44413793103449,35390.0,390.0,53,Transportation and Material Moving Occupations,85540.0,41.13,49120.0,23.62,0.0,0.0,79.19853653846154,False,False,False,False,0.0,0.0,0.0,0.0,0.0,0.0,,
53-5022.00,Motorboat Operators,127878.91953846153,1396.9966,53.73063846153846,4.254375,75.67375,2380.0,26.0,53,Transportation and Material Moving Occupations,51880.0,24.94,51880.0,24.94,0.0,0.0,21.258763846153848,False,False,False,False,0.0,0.0,0.0,0.0,0.0,0.0,,
53-5031.00,Ship Engineers,254523.951,2818.1556346153843,29.664796153846154,4.333529411764706,88.21411764705883,8580.0,95.0,53,Transportation and Material Moving Occupations,101320.0,48.71,101320.0,48.71,0.0,0.0,13.317369615384614,False,False,False,False,0.0,0.0,0.0,0.0,0.0,0.0,,
53-6011.00,Bridge and Lock Tenders,255078.64984615386,2813.3674615384616,93.77891538461539,4.566111111111111,74.32722222222223,2720.0,30.0,53,Transportation and Material Moving Occupations,58490.0,28.12,58490.0,28.12,0.0,0.0,55.04918076923077,False,False,False,False,0.0,0.0,0.0,0.0,0.0,0.0,,
53-6021.00,Parking Attendants,8423641.491326923,26900.600380769232,62.55953576923077,3.95,66.38133333333333,134650.0,430.0,53,Transportation and Material Moving Occupations,34600.0,16.63,34590.0,16.63,489621.3732307691,1563.588492307692,34.16623615384616,False,True,True,False,5.8124668973019435,5.812466897301943,7826.486677217067,24.99360765839836,270796439.0317105,864528.8889039994,0.003193464537690308,0.2582474247049099
53-6031.00,Automotive and Watercraft Service Attendants,5508444.193007693,94731.5629,56.054179230769236,3.9314285714285715,65.79714285714286,98270.0,1690.0,53,Transportation and Material Moving Occupations,34850.0,16.76,34350.0,16.51,68864.21434615385,1184.2935,22.300322692307695,False,False,False,False,1.2501572482765404,1.2501572482765404,1228.5295278813562,21.12765749587353,42814254.046665266,725735.0349832558,0.01719751704487636,1.390719839140674
53-6041.00,Traffic Technicians,157279.8106153846,1722.1931769230769,20.749315384615382,3.7939130434782613,53.59608695652174,7580.0,83.0,53,Transportation and Material Moving Occupations,58480.0,28.12,58480.0,28.12,0.0,0.0,16.640893846153848,False,False,False,False,0.0,0.0,0.0,0.0,0.0,0.0,,
53-6051.00,Transportation Inspectors,339442.78973846155,3493.4077846153846,14.555865769230769,4.094285714285714,75.64428571428572,23320.0,240.0,53,Transportation and Material Moving Occupations,85750.0,41.23,62960.0,30.27,0.0,0.0,9.320641318681318,False,False,False,False,0.0,0.0,0.0,0.0,0.0,0.0,,
53-6051.01,Aviation Inspectors,354741.8308923077,3650.8593230769234,15.211913846153847,4.2846153846153845,78.90153846153846,23320.0,240.0,53,Transportation and Material Moving Occupations,85750.0,41.23,62960.0,30.27,0.0,0.0,6.552465384615385,False,False,False,False,0.0,0.0,0.0,0.0,0.0,0.0,,
53-6051.07,"Transportation Vehicle, Equipment and Systems Inspectors, Except Aviation",961234.7845692307,9892.639292307693,41.21933038461538,3.8392857142857144,54.53357142857143,23320.0,240.0,53,Transportation and Material Moving Occupations,85750.0,41.23,62960.0,30.27,0.0,0.0,6.680162692307692,False,False,False,False,0.0,0.0,0.0,0.0,0.0,0.0,,
53-6061.00,Passenger Attendants,774002.0937384615,1832.6805692307692,30.544676153846154,4.185,59.73083333333333,25340.0,60.0,53,Transportation and Material Moving Occupations,37560.0,18.06,33780.0,16.24,211078.28204615385,499.7907230769231,20.174645769230768,False,True,True,False,27.27102210106916,27.27102210106916,6910.477000410926,16.362613260641496,259557516.1354344,552729.0759444698,0.0023677979479084454,0.19147784954304872
53-7011.00,Conveyor Operators and Tenders,1707166.7751461538,15067.089726923077,65.50908576923077,4.308,56.552499999999995,26060.0,230.0,53,Transportation and Material Moving Occupations,41230.0,19.82,40680.0,19.56,0.0,0.0,34.25875307692308,False,False,False,False,0.0,0.0,0.0,0.0,0.0,0.0,,
53-7021.00,Crane and Tower Operators,1117087.569230769,13564.634769230768,26.597323076923075,4.134545454545454,76.08545454545455,42000.0,510.0,53,Transportation and Material Moving Occupations,66370.0,31.91,69020.0,33.18,0.0,0.0,16.180288846153847,False,False,False,False,0.0,0.0,0.0,0.0,0.0,0.0,,
53-7031.00,Dredge Operators,33738.22521538461,360.31114307692303,32.755558461538456,4.276666666666666,91.56833333333333,1030.0,11.0,53,Transportation and Material Moving Occupations,48430.0,23.28,48430.0,23.28,0.0,0.0,12.878022307692307,False,False,False,False,0.0,0.0,0.0,0.0,0.0,0.0,,
53-7041.00,Hoist and Winch Operators,121793.91027692308,1325.9820876923077,49.110447692307694,4.202307692307692,69.09461538461538,2480.0,27.0,53,Transportation and Material Moving Occupations,52310.0,25.15,52310.0,25.15,0.0,0.0,39.53571576923077,False,False,False,False,0.0,0.0,0.0,0.0,0.0,0.0,,
53-7051.00,Industrial Truck and Tractor Operators,33152652.325315382,284716.9218153846,41.14406384615384,4.276666666666667,69.55666666666667,805770.0,6920.0,53,Transportation and Material Moving Occupations,46390.0,22.3,47500.0,22.84,0.0,0.0,32.98274307692307,False,False,False,False,0.0,0.0,0.0,0.0,0.0,0.0,,
53-7061.00,Cleaners of Vehicles and Equipment,17763444.0432,211379.094,47.50092,3.6670000000000003,74.3255,373960.0,4450.0,53,Transportation and Material Moving Occupations,35270.0,16.96,34170.0,16.43,0.0,0.0,8.058274230769232,False,False,False,False,0.0,0.0,0.0,0.0,0.0,0.0,,
53-7062.00,"Laborers and Freight, Stock, and Material Movers, Hand",104293614.92297308,1040303.0460576924,34.96816961538462,3.82,53.29923076923077,2982530.0,29750.0,53,Transportation and Material Moving Occupations,38940.0,18.72,39570.0,19.02,0.0,0.0,13.616541153846153,False,False,False,False,0.0,0.0,0.0,0.0,0.0,0.0,,
53-7062.04,Recycling and Reclamation Workers,121318984.78642309,1210126.9048076924,40.67653461538462,3.992857142857143,54.92785714285714,2982530.0,29750.0,53,Transportation and Material Moving Occupations,38940.0,18.72,39570.0,19.02,0.0,0.0,7.700707692307693,True,False,True,False,0.0,0.0,0.0,0.0,0.0,0.0,,
53-7063.00,Machine Feeders and Offbearers,3046065.1355346153,10438.432676923077,65.24020423076924,4.075384615384616,72.78307692307693,46690.0,160.0,53,Transportation and Material Moving Occupations,39700.0,19.09,39440.0,18.96,0.0,0.0,16.47918307692308,False,False,False,False,0.0,0.0,0.0,0.0,0.0,0.0,,
53-7064.00,"Packers and Packagers, Hand",29866163.405723076,348597.4779,49.657760384615386,4.128333333333333,72.48166666666667,601440.0,7020.0,53,Transportation and Material Moving Occupations,35580.0,17.1,35430.0,17.03,0.0,0.0,12.669730000000001,False,False,False,False,0.0,0.0,0.0,0.0,0.0,0.0,,
53-7065.00,Stockers and Order Fillers,200687368.488,1948729.4886153846,72.20190769230769,3.9113333333333333,81.50099999999999,2779530.0,26990.0,53,Transportation and Material Moving Occupations,37090.0,17.83,37800.0,18.17,26172517.37865,254142.33487307694,47.73937269230769,True,True,True,True,13.0414373240511,13.041437324051103,362490.66285319754,3519.883933761392,13444778685.225098,133051612.69618063,0.009710274758682224,0.7852454348594239
53-7071.00,Gas Compressor and Gas Pumping Station Operators,153588.00549615384,1683.1562246153846,30.056361153846154,3.9853846153846155,91.80461538461539,5110.0,56.0,53,Transportation and Material Moving Occupations,71510.0,34.38,71510.0,34.38,0.0,0.0,28.503204615384615,False,False,False,False,0.0,0.0,0.0,0.0,0.0,0.0,,
53-7072.00,"Pump Operators, Except Wellhead Pumpers",310134.70384615386,4922.773076923077,24.613865384615387,4.162142857142857,76.58714285714287,12600.0,200.0,53,Transportation and Material Moving Occupations,60020.0,28.86,73840.0,35.5,0.0,0.0,19.405186153846152,False,False,False,False,0.0,0.0,0.0,0.0,0.0,0.0,,
53-7073.00,Wellhead Pumpers,353158.5493269231,3663.8927307692306,20.354959615384615,4.058571428571429,70.29571428571428,17350.0,180.0,53,Transportation and Material Moving Occupations,70010.0,33.66,66890.0,32.16,0.0,0.0,12.788731923076924,False,False,False,False,0.0,0.0,0.0,0.0,0.0,0.0,,
53-7081.00,Refuse and Recyclable Material Collectors,5067620.027815385,24759.17243076923,36.410547692307695,3.975,82.45785714285715,139180.0,680.0,53,Transportation and Material Moving Occupations,48350.0,23.24,50720.0,24.38,0.0,0.0,22.10393346153846,False,False,False,False,0.0,0.0,0.0,0.0,0.0,0.0,,
53-7121.00,"Tank Car, Truck, and Ship Loaders",715618.2726,2621.312353846154,65.53280884615384,4.287894736842105,67.15578947368421,10920.0,40.0,53,Transportation and Material Moving Occupations,58070.0,27.92,47540.0,22.86,0.0,0.0,39.83031692307692,False,False,False,False,0.0,0.0,0.0,0.0,0.0,0.0,,
