soc_code_2019,title,task_comp_nat,task_comp_ut,freq_sum_eco,importance,relevance,tot_emp_nat,tot_emp_ut,major_group_code,major_occ_category,a_med_nat,h_med_nat,a_med_ut,h_med_ut,ai_task_comp_nat,ai_task_comp_ut,freq_sum_ai,code_changed,title_changed,code_or_title_changed,code_and_title_changed,pct_automated_nat,pct_automated_ut,people_automated_nat,people_automated_ut,eco_value_nat,eco_value_ut,ut_share_of_nat,ut_concentration_index
11-1011.00,Chief Executives,3761657.2440192304,70669.79386923077,17.756229615384616,3.950967741935484,72.6974193548387,211850.0,3980.0,11,Management Occupations,206420.0,99.24,163980.0,78.84,335515.94050249754,12607.08055192765,6.410270384615385,False,False,False,False,8.919365022848485,17.83941888277773,18895.674800904515,354.9907279093697,3900445192.40271,58211379.56257844,0.037575205914348514,2.7949344668927782
11-1011.03,Chief Sustainability Officers,1618392.793826923,30404.547176923075,7.639333461538461,3.757222222222222,96.50277777777778,211850.0,3980.0,11,Management Occupations,206420.0,99.24,163980.0,78.84,12871.76065839809,483.53416198919524,1.49953,False,False,False,False,0.7953421880952001,1.5903350218489543,1684.9324254796813,31.654619086188962,347803751.26751584,5190724.437753266,0.0375655028726561,2.794212731242902
11-1021.00,General and Operations Managers,69870293.94412307,894913.3179076923,19.492775384615385,3.6958823529411764,69.39117647058823,3584420.0,45910.0,11,Management Occupations,102950.0,49.5,91230.0,43.86,5579551.0851457715,71464.05564053386,2.629303076923077,False,False,False,False,7.9855841018900975,7.9855841018900975,286236.873664969,3666.181661177744,29468086143.80856,334465752.9492456,0.012808208859452854,0.9527054750424219
11-2011.00,Advertising and Promotions Managers,372525.7100769231,4096.017286153846,17.655246923076923,3.691904761904762,72.79380952380953,21100.0,232.0,11,Management Occupations,126960.0,61.04,108370.0,52.10000000000001,36137.04563148027,397.5529677412312,11.544665802197802,True,True,True,True,9.700550768433757,9.705842040391701,2046.8162121395228,22.505277782766317,259863786.2932338,2438896.953318386,0.011001258149197139,0.8183001219065774
11-2021.00,Marketing Managers,3934261.3544769227,67039.20849230769,10.219391538461538,3.4295,73.021,384980.0,6560.0,11,Management Occupations,161030.0,77.42,135190.0,65.0,1379137.2501939917,23500.286667547884,6.405399615384615,False,False,False,False,35.05454076213384,35.054540762133826,134952.97102606285,2299.57787399598,21731476924.3269,310879932.78551656,0.01703984622577796,1.2674648712648413
11-2022.00,Sales Managers,6808787.663576922,97669.57838461538,11.278242307692308,3.584705882352941,82.30588235294118,603710.0,8660.0,11,Management Occupations,138060.0,66.38,130430.0,62.71,615305.8765336573,8826.338624143169,1.933523846153846,False,False,False,False,9.036937365886558,9.036937365886558,54556.89457159374,782.5987758857759,7532124864.554232,102074358.33878176,0.01434463566944394,1.0669886078319195
11-3012.00,Administrative Services Managers,1594059.623069231,11352.98621923077,6.272368076923077,3.655,74.9975,254140.0,1810.0,11,Management Occupations,108390.0,52.11,105800.0,50.86,0.0,0.0,0.0,False,False,False,False,0.0,0.0,0.0,0.0,0.0,0.0,,
11-3013.00,Facilities Managers,1464904.6937076922,16612.428307692306,10.382767692307691,3.921818181818182,82.02363636363636,141090.0,1600.0,11,Management Occupations,104690.0,50.33,94310.0,45.34,0.0,0.0,0.0,False,False,False,False,0.0,0.0,0.0,0.0,0.0,0.0,,
11-3021.00,Computer and Information Systems Managers,8508774.72885,106562.20498846154,13.172089615384616,3.84,89.90588235294118,645970.0,8090.0,11,Management Occupations,171200.0,82.31,162400.0,78.08,2010499.6238183945,25179.09803348578,5.580025769230769,False,False,False,False,23.62854450713755,23.628544507137548,152633.30895275643,1911.549250627428,26130822492.711903,310435598.3018943,0.01252380141492639,0.9315505631795339
11-3031.00,Financial Managers,15301560.974023078,162058.7496576923,18.691897307692308,3.904705882352941,57.60529411764706,818620.0,8670.0,11,Management Occupations,161700.0,77.74,137760.0,66.23,1802785.9667542956,57283.03246489168,15.640753333333334,True,True,True,True,11.781712792667506,35.34707788742505,96447.45726333473,1021.4744991242727,15595553839.481226,140718326.99935982,0.03177472729501165,2.3634808734084505
11-3031.01,Treasurers and Controllers,9755610.406215385,103321.61713846153,11.917141538461538,4.113181818181818,79.08318181818181,818620.0,8670.0,11,Management Occupations,161700.0,77.74,137760.0,66.23,237940.24962736125,7559.0501977468675,5.327751538461538,False,False,False,False,2.4390093466193306,7.316039379849201,19966.218313295165,211.46211035189597,3228537501.259828,29131020.32207719,0.03176869070947481,2.363031857612829
11-3031.03,Investment Fund Managers,30074163.70826154,318515.3054538461,36.737636153846154,4.047,78.4505,818620.0,8670.0,11,Management Occupations,161700.0,77.74,137760.0,66.23,3351663.60939163,106492.3535709808,21.90601,True,False,True,False,11.144661051608592,33.43398315482579,91232.42430067826,966.2421131744649,14752283009.419676,133109513.51091428,0.03177298380200826,2.3633511881926443
11-3051.00,Industrial Production Managers,3881767.2143153846,37926.64442692308,16.561853461538462,3.6976923076923076,84.13461538461539,234380.0,2290.0,11,Management Occupations,121440.0,58.39,108370.0,52.10000000000001,1933.7739144813013,75.71550174163278,0.6951884615384616,False,False,False,False,0.04981684391969277,0.1996367010203635,116.76071877897591,1.1408057257609645,14179421.688518835,123629.11650071573,0.03915426781519185,2.91238890059793
11-3051.01,Quality Control Systems Managers,6802797.196561539,66466.4458576923,29.024648846153845,3.8985185185185185,85.9774074074074,234380.0,2290.0,11,Management Occupations,121440.0,58.39,108370.0,52.1,0.0,0.0,0.0,False,False,False,False,0.0,0.0,0.0,0.0,0.0,0.0,,
11-3051.02,Geothermal Production Managers,5157451.309338462,50390.66259230769,22.004656153846156,3.9629411764705886,79.54529411764706,234380.0,2290.0,11,Management Occupations,121440.0,58.39,108370.0,52.1,8214.155545054946,320.77828296703296,0.9940323076923078,False,False,False,False,0.15926772842589498,0.6365827843192537,373.2917018846126,3.6472309809529952,45332544.27686736,395250.4214058761,0.03905188807389296,2.904773648446815
11-3051.03,Biofuels Production Managers,6401449.12143077,62545.091253846156,27.312266923076923,4.057142857142857,90.90785714285714,234380.0,2290.0,11,Management Occupations,121440.0,58.39,108370.0,52.1,0.0,0.0,0.0,False,False,False,False,0.0,0.0,0.0,0.0,0.0,0.0,,
11-3051.04,Biomass Power Plant Managers,6470586.0831,63220.59105,27.607245,3.856842105263158,82.88631578947368,234380.0,2290.0,11,Management Occupations,121440.0,58.39000000000001,108370.0,52.1,11745.445178263282,458.9859010547184,0.6918292307692308,False,False,False,False,0.1815205767672307,0.7260069756255757,425.4479278270353,4.156821207969583,51666396.355315164,450474.7143076637,0.0390777781589872,2.9066994154365053
11-3051.06,Hydroelectric Production Managers,4036669.0464615384,39440.10630769231,17.222753846153847,3.967777777777778,85.05777777777777,234380.0,2290.0,11,Management Occupations,121440.0,58.39,108370.0,52.1,6277.947600131622,245.4771524177922,1.198866923076923,False,False,False,False,0.15552297024782705,0.6224048954196528,364.51473766685706,3.561476018675239,44266669.74226312,385957.15614383563,0.039101497504159734,2.9084637175538632
11-3061.00,Purchasing Managers,1297151.7996461538,7983.4551923076915,15.966910384615383,4.051666666666667,93.56722222222223,81240.0,500.0,11,Management Occupations,139510.0,67.07,123360.0,59.31,239737.95612350525,1475.4920982490476,5.0701938461538445,False,False,False,False,18.48187360869427,18.48187360869427,15014.674119703224,92.40936804347135,2094697186.439797,11399619.641842626,0.006154603643525357,0.4577942671176215
11-3071.00,"Transportation, Storage, and Distribution Managers",5219563.607307692,63712.983,24.50499346153846,3.914615384615385,92.16576923076923,213000.0,2600.0,11,Management Occupations,102010.0,49.05,97980.0,47.11,102667.54656450538,5013.8596020065215,9.080818087912089,True,True,True,True,1.9669756762953294,7.8694472710632954,4189.658190509052,51.141367583678566,427387032.01382834,5010831.195848826,0.04883587628010907,3.632530295304833
11-3071.04,Supply Chain Managers,2135131.006153846,26062.631999999998,10.02408923076923,3.627666666666667,86.03133333333334,213000.0,2600.0,11,Management Occupations,102010.0,49.05,97980.0,47.11,47642.97317177798,2326.2296759929154,1.64296,True,False,True,False,2.2313840712566133,8.925536285026453,4752.848071776587,58.015985852671946,484838031.80192965,5684406.293844798,0.048826291079812206,3.6318173249822525
11-3111.00,Compensation and Benefits Managers,144427.84978846152,1223.3549807692307,7.196205769230768,3.875,74.67545454545454,20070.0,170.0,11,Management Occupations,140360.0,67.48,132920.0,63.91,40047.3084261366,339.2148695786359,3.690912692307692,False,False,False,False,27.72824526903399,27.72824526903399,5565.058825495122,47.138016957357785,781111656.7464952,6265585.213971997,0.008470353761833582,0.6300453477138064
11-3121.00,Human Resources Managers,3016879.0499076922,28976.149003846152,13.998139615384614,3.9057692307692307,94.71076923076923,215520.0,2070.0,11,Management Occupations,140030.0,67.32,131070.0,63.02,660038.7819510677,6339.459347803962,5.220766923076923,False,False,False,False,21.878198331194717,21.878198331194714,47151.89304339085,452.87870545573065,6602679582.866021,59358811.924082614,0.009604677060133628,0.7144190512204492
11-3131.00,Training and Development Managers,225863.96110769227,2511.8323076923075,5.023664615384615,3.9616666666666664,92.47166666666668,44960.0,500.0,11,Management Occupations,127090.0,61.1,109980.0,52.88,101107.81981039052,1124.4197042970475,3.5700103846153843,False,False,False,False,44.764919252515085,44.76491925251508,20126.30769593078,223.82459626257543,2557852445.075843,24616229.096958045,0.011120996441281138,0.8272065449429619
11-9013.00,"Farmers, Ranchers, and Other Agricultural Managers",111296.43807692306,1224.0725,18.831884615384613,3.8590000000000004,84.1375,5910.0,65.0,11,Management Occupations,87980.0,42.3,87980.0,42.3,6299.3175236862335,73.19794727578508,18.678003743589745,True,True,True,True,5.659945306904099,5.979870250805004,334.50276763803225,3.678964449487664,29429553.49679408,323675.2922659247,0.0116199805773485,0.8643221887934945
11-9021.00,Construction Managers,3542852.23845,50549.69605,10.170964999999999,3.6260000000000003,92.7368,348330.0,4970.0,11,Management Occupations,106980.0,51.43,99900.0,48.03,555748.7981063981,7929.467822435043,2.7638461538461536,False,False,False,False,15.6864797259944,15.6864797259944,54640.7148295563,779.6180423819217,5845463672.465933,77883842.43395397,0.014268079120374358,1.061294147017821
11-9031.00,"Education and Childcare Administrators, Preschool and Daycare",1319669.5139846154,10134.295346153845,18.42599153846154,3.928235294117647,85.17294117647059,71620.0,550.0,11,Management Occupations,56270.0,27.05,59400.0,28.56,133529.35546715822,1025.4278903509778,3.2377086538461537,False,True,True,False,10.118393586586626,10.11839358658663,7246.793486713341,55.65116472622644,407777069.4973597,3305679.1847378504,0.007679419156660152,0.5712137236344476
11-9032.00,"Education Administrators, Kindergarten through Secondary",5998869.808296153,52738.554457692306,18.768168846153845,3.776875,81.05875,319630.0,2810.0,11,Management Occupations,104070.0,48.39,124650.0,59.92788461538461,954414.3664996703,8390.652848180938,5.116398499999999,False,True,True,False,15.909902981720997,15.909902981720995,50852.82290047483,447.06827378636,5292253279.252416,55727060.32746977,0.00879141507367894,0.6539266626561082
11-9033.00,"Education Administrators, Postsecondary",3399529.7362076924,47210.338134615384,19.269525769230768,3.6974074074074075,66.34962962962963,176420.0,2450.0,11,Management Occupations,103960.0,49.97999999999999,100110.0,48.13,531431.1637887519,7380.1516340689395,5.730620384615384,False,False,False,False,15.632490521515017,15.632490521515017,27578.83977805679,382.9960177771179,2867096183.326784,38341731.339667276,0.013887314363450858,1.0329719457947757
11-9041.00,Architectural and Engineering Managers,2924808.6847,34484.76532307693,13.905147307692308,3.346315789473684,80.61105263157894,210340.0,2480.0,11,Management Occupations,167740.0,80.64,149990.0,72.11,115583.7410042924,2725.8761778129324,2.0651671153846154,False,False,False,False,3.951839366756664,7.904580913557205,8312.298924035968,98.00561629556528,1394305021.5177932,14699862.388171835,0.02358356075108957,1.7542021445080034
11-9041.01,Biofuels/Biodiesel Technology and Product Development Managers,4531095.1737,53423.58101538462,21.541766538461538,3.548888888888889,65.62444444444445,210340.0,2480.0,11,Management Occupations,167740.0,80.64,149990.0,72.11,10984.110388015437,258.5980625372569,2.895537307692308,False,False,False,False,0.24241623640507282,0.4840522810756308,509.89831165443013,6.011922662845806,85530342.79691412,901728.2802002424,0.023542922767728968,1.7511793932656425
11-9051.00,Food Service Managers,15459950.063007694,127867.58026153847,63.30078230769231,4.3246153846153845,77.12461538461538,244230.0,2020.0,11,Management Occupations,65310.0,31.4,57450.0,27.62,285402.56426513987,2360.5338402963703,2.0440279523809526,False,False,False,False,1.8460768831850647,1.8460768831850647,4508.673571802883,37.29075304033831,294461470.9744463,2142353.762167436,0.00827089219178643,0.6152089149284187
11-9071.00,Gambling Managers,208125.23921538462,2297.486406923077,45.04875307692308,4.254736842105263,70.18,4620.0,51.0,11,Management Occupations,85580.0,41.14,85580.0,41.14,7974.573193734514,88.03100278797841,3.310421923076923,False,True,True,False,3.831622355749842,3.831622355749842,177.0209528356427,1.9541274014324193,15149453.143674303,167234.22301458643,0.011038961038961041,0.8211045538062399
11-9081.00,Lodging Managers,1749823.7902307692,19254.4093,42.31738307692308,4.142083333333333,84.895,41350.0,455.0,11,Management Occupations,68130.0,32.76,64160.0,30.850000000000005,116618.6393182112,1283.2280747227592,5.178931923076923,False,False,False,False,6.664593313297641,6.664593313297641,2755.8093350485747,30.323899575504264,187753289.9968594,1945581.3967643536,0.011003627569528416,0.8184763651070948
11-9111.00,Medical and Health Services Managers,10661587.530676924,93833.42623846153,18.84205346153846,3.9766666666666666,87.50055555555555,565840.0,4980.0,11,Management Occupations,117960.0,56.71,107980.0,51.91,1917502.5227686265,16876.082573497384,5.710086538461538,False,False,False,False,17.985150121886967,17.98515012188697,101767.17344968522,895.6604760699709,12004455780.124868,96713418.20603545,0.008801074508695038,0.654645154736198
11-9121.00,Natural Sciences Managers,1200077.1593461537,13681.855192307692,11.897265384615384,3.795,83.3125,100870.0,1150.0,11,Management Occupations,161180.0,77.49,117190.0,56.34,21919.15034871055,749.4286851682335,4.200215769230769,False,False,False,False,1.8264784208252838,5.4775370345213314,1842.3687830864637,21.004501839490764,296953000.4578762,2461517.5705699227,0.034190590111642744,2.5431785780299045
11-9121.01,Clinical Research Coordinators,2941782.8445923077,33538.71588461538,29.164100769230767,3.9381818181818184,75.16272727272727,100870.0,1150.0,11,Management Occupations,161180.0,77.49,117190.0,56.34,100215.11412627257,3429.339071027304,8.616268681318681,False,False,False,False,3.4066115488602984,10.225016016789072,3436.2490693353834,39.176032811893435,553854624.9954771,4591039.285225792,0.03421977913138216,2.5453497277372534
11-9121.02,Water Resource Specialists,996863.9141999999,11365.059,9.88266,3.505714285714286,93.07190476190476,100870.0,1150.0,11,Management Occupations,161180.0,77.49,117190.0,56.34,2775.3753241780287,94.7450081237938,1.5001480769230766,False,False,False,False,0.27841065211045524,0.8336517049651375,280.8328247838162,3.201722499270235,45264634.69865549,375209.8596894789,0.034137728075338436,2.539246572238803
11-9131.00,Postmasters and Mail Superintendents,301335.21450384613,2400.208080769231,21.820073461538463,4.1269230769230765,70.48692307692308,13810.0,110.0,11,Management Occupations,92730.0,44.58,94720.0,45.54,19253.79803806673,153.36117191798266,2.648088846153846,False,False,False,False,6.389494858663783,6.389494858663783,882.3892399814684,7.028444344530161,81823954.22348157,665734.2483138968,0.007965242577842145,0.5924739592570476
11-9141.00,"Property, Real Estate, and Community Association Managers",4577611.797415385,49535.24093076923,15.43153923076923,3.9722222222222223,77.22222222222223,296640.0,3210.0,11,Management Occupations,66700.0,32.07,59100.0,28.42,1226237.3096088099,13269.356000014424,7.193778846153846,False,False,False,False,26.787708610441126,26.787708610441126,79463.05882201255,859.8854463951601,5300186023.428237,50819229.88195396,0.010821197411003234,0.8049067697993538
11-9151.00,Social and Community Service Managers,3901607.0141,40315.341799999995,19.95809,3.915625,77.901875,195490.0,2020.0,11,Management Occupations,78240.0,37.61,77600.0,37.31,263682.2469105325,2724.6311256804734,2.2048507692307693,False,False,False,False,6.758298464135739,6.7582984641357395,13211.797667538955,136.51762897554192,1033691049.5082479,10593768.008502053,0.010333009361092639,0.768594164882949
11-9161.00,Emergency Management Directors,52149.507092307686,746.7709846153845,4.148727692307691,3.8552173913043477,94.66347826086958,12570.0,180.0,11,Management Occupations,86130.0,41.41,79750.0,38.34,1090.4517476700655,15.615060825824326,0.1593011538461538,False,False,False,False,2.0910106508579305,2.0910106508579305,262.84003881284184,3.7638191715442746,22638412.542950068,300164.5789306559,0.01431980906921241,1.065141945411997
11-9171.00,Funeral Home Managers,206782.37723076923,2679.3448269230767,15.760851923076922,3.978695652173913,90.83826086956523,13120.0,170.0,11,Management Occupations,76830.0,36.94,89060.0,42.82,12462.524623107114,161.48088307379643,1.642434923076923,True,True,True,True,6.026879461395751,6.026879461395751,790.7265853351225,10.245695084372777,60751523.55129746,912481.6042142395,0.012957317073170731,0.9637965037054949
11-9179.01,Fitness and Wellness Coordinators,204348.30261923076,2259.7143092307692,19.480295769230768,3.82625,91.34541666666667,10490.0,116.0,11,Management Occupations,61340.0,29.49,59840.0,28.77,20383.473714320156,225.4035224843792,6.869455384615384,True,False,True,False,9.974868131056311,9.97486813105631,1046.3636669478071,11.570847032025322,64183947.33057849,692399.4863963953,0.011058150619637748,0.822531921112245
11-9179.02,Spa Managers,427354.80108846154,4725.753758461538,40.73925653846154,4.081428571428571,90.75333333333333,10490.0,116.0,11,Management Occupations,61340.0,29.49,59840.0,28.77,40790.88685886627,451.07177079394546,14.870445384615385,True,False,True,False,9.544969836532303,9.544969836532303,1001.2673358522386,11.072165010377471,61417738.381176315,662558.3542209879,0.01105815061963775,0.8225319211122452
11-9199.01,Regulatory Affairs Managers,6081092.562353846,58692.595176923074,9.637536153846153,3.867037037037037,92.75296296296295,630980.0,6090.0,11,Management Occupations,136550.0,65.65,136550.0,65.65,121227.97868168459,7020.30229330368,2.1318307692307688,False,False,False,False,1.9935229967090013,11.961137980254012,12578.731404634456,121.40555049957818,1717625773.302835,16577927.920717401,0.057909917905480376,4.307479402718387
11-9199.02,Compliance Managers,14167251.726815384,136737.3974076923,22.452774615384616,3.949655172413793,72.49206896551723,630980.0,6090.0,11,Management Occupations,136550.0,65.65,136550.0,65.65,358984.5847860072,20788.767834290637,6.551741826923077,False,False,False,False,2.5339041876875177,15.203425126125111,15988.4286434707,154.3147650301698,2183219931.265924,21071681.16486969,0.057909917905480376,4.307479402718387
11-9199.08,Loss Prevention Managers,9764933.631653845,94247.75082692307,15.475821153846153,3.8,90.90777777777777,630980.0,6090.0,11,Management Occupations,136550.0,65.65,136550.0,65.65,38979.00623199439,2257.2710509320027,0.6118369230769231,False,False,False,False,0.3991732837347783,2.3950397024086696,2518.703585709704,24.309652979447996,343928974.6286601,3319483.114343624,0.05790991790548037,4.3074794027183865
11-9199.09,Wind Energy Operations Managers,10660457.09303077,102891.03251538462,16.89507923076923,3.983125,96.07625,630980.0,6090.0,11,Management Occupations,136550.0,65.65,136550.0,65.65,72237.86824574243,4183.289019777852,1.261386923076923,False,False,False,False,0.6776244922271452,4.065746953362872,4275.675021054841,41.26733157663314,583843424.1250385,5635054.126789255,0.05790991790548038,4.307479402718387
11-9199.10,Wind Energy Development Managers,3776027.004615384,36444.902307692304,5.984384615384615,3.720666666666667,92.466,630980.0,6090.0,11,Management Occupations,136550.0,65.65,136550.0,65.65,68705.09486649084,3978.7064034067253,1.1915365384615384,False,True,True,False,1.81950750835504,10.917045050130243,11480.728476218632,110.80800725882195,1567693473.4276543,15130833.391192136,0.05790991790548037,4.3074794027183865
11-9199.11,Brownfield Redevelopment Specialists and Site Managers,3289709.8477384606,31751.137869230763,5.213651538461537,3.6208695652173915,87.46347826086956,630980.0,6090.0,11,Management Occupations,136550.0,65.65,136550.0,65.65,0.0,0.0,0.0,False,False,False,False,0.0,0.0,0.0,0.0,0.0,0.0,,
13-1011.00,"Agents and Business Managers of Artists, Performers, and Athletes",376402.44835384615,3441.0913,26.469933076923077,3.7214285714285715,77.18785714285715,14220.0,130.0,13,Business and Financial Operations Occupations,96310.0,46.3,60470.0,29.07,112768.01806368546,1030.9312481208938,13.287583846153847,False,False,False,False,29.959427351459517,29.959427351459517,4260.230569377543,38.947255556897375,410302806.1367512,2355140.543525584,0.009142053445850914,0.680007990700791
13-1021.00,"Buyers and Purchasing Agents, Farm Products",4561914.542076923,50256.9513323077,28.107914615384615,3.6875,68.82583333333334,162300.0,1788.0,13,Business and Financial Operations Occupations,75650.0,36.37,75650.0,36.37,203198.94666859513,2238.568802485817,2.1590580769230767,False,False,False,False,4.454247110382823,4.4542471103828225,7229.243060151322,79.64193833364489,546892237.5004475,6024912.634940236,0.011016635859519407,0.819443953099401
13-1022.00,"Wholesale and Retail Buyers, Except Farm Products",3254423.4324230766,35852.79788769231,20.051900384615383,3.5869999999999997,69.869,162300.0,1788.0,13,Business and Financial Operations Occupations,75650.0,36.37,75650.0,36.37,155531.0351203173,1713.42877877466,1.655302051282051,False,False,False,False,4.779065734679673,4.779065734679671,7756.423687385109,85.44969533607255,586773451.9506835,6464269.452173889,0.011016635859519407,0.819443953099401
13-1023.00,"Purchasing Agents, Except Wholesale, Retail, and Farm Products",4360544.437615384,48038.530218461536,26.867186923076922,3.858421052631579,96.05631578947369,162300.0,1788.0,13,Business and Financial Operations Occupations,75650.0,36.37,75650.0,36.37,1455639.2632418529,16036.247705954607,14.185342307692308,False,False,False,False,33.38205318320037,33.38205318320036,54179.072316334205,596.8711109156226,4098646820.7306824,45153299.54076685,0.011016635859519407,0.819443953099401
13-1031.00,"Claims Adjusters, Examiners, and Investigators",20123297.739369232,137885.0313923077,65.97369923076923,4.271481481481481,80.82925925925926,305020.0,2090.0,13,Business and Financial Operations Occupations,76790.0,36.92,66240.0,31.84,650099.8055097807,8907.199494513025,9.466041923076922,True,True,True,True,3.230582849439856,6.459874146288179,9853.923807361449,67.51918155329298,756682809.1672857,4472470.586090127,0.013701280048112578,1.0191342646081714
13-1032.00,"Insurance Appraisers, Auto Damage",182667.22162692307,1875.9149846153846,23.448937307692308,4.428571428571429,92.83857142857143,7790.0,80.0,13,Business and Financial Operations Occupations,76650.0,36.85,66080.0,31.77,20843.38466891465,214.05273087460483,4.7639784615384615,False,False,False,False,11.410577378510132,11.410577378510128,888.8839777859392,9.128461902808105,68132956.89729224,603208.7625375596,0.010269576379974325,0.7638758667139526
13-1041.00,Compliance Officers,14583969.62616923,140424.37506153845,36.664327692307694,4.315,64.13333333333334,397770.0,3830.0,13,Business and Financial Operations Occupations,78420.0,37.7,64730.0,31.12,55647.73089752358,3749.154377230602,12.802478846153846,True,True,True,True,0.3815677920617047,2.669874354496933,1517.7622064838426,14.614046435963292,119022912.23246294,945967.2257999039,0.06737299646835099,5.011366016103026
13-1041.01,Environmental Compliance Inspectors,6045848.662257692,58213.541434615385,15.199358076923076,3.9584615384615387,70.0,397770.0,3830.0,13,Business and Financial Operations Occupations,78420.0,37.7,64730.0,31.12,765.9623273076924,51.73715884615385,1.2618819230769232,False,False,False,False,0.012669227598920087,0.08887478337710185,50.39438662022443,0.48523141703863937,3951927.7987579997,31409.029624911127,0.06754530477759473,5.024182723842037
13-1041.03,Equal Opportunity Representatives and Officers,10563055.434403846,101708.2794423077,26.55568653846154,4.054444444444445,70.97222222222223,397770.0,3830.0,13,Business and Financial Operations Occupations,78420.0,37.7,64730.0,31.12,36955.95699775749,2492.5460275290625,6.211632307692309,False,False,False,False,0.34986048522846924,2.450681538608582,1391.640052093282,13.399656584250373,109132412.88515519,867359.7706985266,0.06744639376218324,5.016825483890802
13-1041.04,Government Property Inspectors and Investigators,3278084.836303846,31563.629542307688,8.241156538461537,3.743846153846154,54.159230769230774,397770.0,3830.0,13,Business and Financial Operations Occupations,78420.0,37.7,64730.0,31.12,12861.898159922363,866.4265054227856,2.442433846153846,False,False,False,False,0.3923601371593725,2.7450154433647533,1560.690917578836,15.027393253203968,122389381.75653231,972723.1652798929,0.06736381322957198,5.010682944647885
13-1041.06,Coroners,12729691.18371923,122570.12151153845,32.002642692307695,4.592499999999999,94.421,397770.0,3830.0,13,Business and Financial Operations Occupations,78420.0,37.7,64730.0,31.12,3380.278128734606,227.74923562396282,4.1342307692307685,False,False,False,False,0.026554282267725767,0.18581138112237497,105.62496857633278,1.0170290108538969,8283110.035756016,65832.28787257275,0.0673758865248227,5.011580985475715
13-1041.07,Regulatory Affairs Specialists,7165845.826546154,68997.63560769231,18.015048461538463,3.799,84.16666666666667,397770.0,3830.0,13,Business and Financial Operations Occupations,78420.0,37.7,64730.0,31.12,109049.42686563912,7349.961370586405,6.848265054945055,False,False,False,False,1.5217942097171737,10.652482952281025,6053.240827992002,58.284718232167755,474695145.7311328,3772769.811168219,0.06740027510316368,5.0133950667706815
13-1041.08,Customs Brokers,26179455.607176926,252073.59774615386,65.81556076923077,3.9743478260869565,95.0,397770.0,3830.0,13,Business and Financial Operations Occupations,78420.0,37.7,64730.0,31.12,474722.8682665548,31996.68174630147,14.451201923076924,True,False,True,False,1.8133412527356476,12.693388769149536,7212.927501006585,69.4509699797753,565637774.6289364,4495561.286790855,0.06740075923272244,5.013431077495235
13-1051.00,Cost Estimators,1355131.3331846152,15432.18846153846,6.172875384615384,3.869285714285714,91.88214285714285,219530.0,2500.0,13,Business and Financial Operations Occupations,77070.0,37.05,79150.0,38.05,396655.0785432695,4517.094230210785,3.170066923076923,False,False,False,False,29.27060048202955,29.27060048202955,64257.74923819947,731.7650120507387,4952344733.788033,57919200.703815974,0.011387965198378354,0.847064325163658
13-1071.00,Human Resources Specialists,23671072.81786154,269616.8889615385,25.80065923076923,4.067692307692308,75.9326923076923,917460.0,10450.0,13,Business and Financial Operations Occupations,72910.0,35.05,67620.0,32.51,8954957.760709975,101998.24362851704,16.902729615384615,False,False,False,False,37.83080652750479,37.83080652750479,347082.51756724546,3953.319282124251,25305786355.827866,267323449.85724184,0.011390142349530225,0.8472262669187577
13-1074.00,Farm Labor Contractors,4117.635834615385,50.215071153846154,10.04301423076923,4.227142857142857,88.15142857142857,410.0,5.0,13,Business and Financial Operations Occupations,48690.0,23.41,48690.0,23.41,0.0,0.0,0.0,False,False,False,False,0.0,0.0,0.0,0.0,0.0,0.0,,
13-1075.00,Labor Relations Specialists,468818.8635692307,1524.2601230769228,7.2583815384615376,3.6592857142857143,76.82785714285714,64590.0,210.0,13,Business and Financial Operations Occupations,93500.0,44.95,91730.0,44.1,51071.7256651514,166.0483416888341,1.353640769230769,False,False,False,False,10.893701093068243,10.893701093068245,7036.241536012779,22.87677229544331,657888583.6171948,2098486.3226610147,0.003251277287505806,0.24183784842029632
13-1081.00,Logisticians,4886196.8722,82321.34435,20.735855,3.804090909090909,93.18045454545454,235640.0,3970.0,13,Business and Financial Operations Occupations,80880.0,38.89,84000.0,40.38,90069.93268507587,4551.21461138603,7.755196153846153,False,False,False,False,1.84335455653718,5.528596073499411,4343.680677024211,73.18117589452605,351316893.1577182,6147218.775140188,0.05052978808476608,3.7585275419334816
13-1081.01,Logistics Engineers,2383244.833846153,40152.27461538461,10.113923076923076,3.566333333333333,84.307,235640.0,3970.0,13,Business and Financial Operations Occupations,80880.0,38.89,84000.0,40.38,52309.34733294158,2644.471244816029,2.402236483516483,False,False,False,False,2.1948792918822004,6.586105694253202,5172.013563391217,87.13670788772335,418312457.0070816,7319483.462568761,0.05055446836268754,3.760363320546975
13-1081.02,Logistics Analysts,10086125.83733846,169928.36349615385,42.80311423076923,3.7638709677419353,78.88516129032259,235640.0,3970.0,13,Business and Financial Operations Occupations,80880.0,38.89,84000.0,40.38,212461.58863040424,10736.896395126421,16.69343769230769,False,False,False,False,2.1064737051354183,6.318483962431285,4963.6946387811,83.62700609387612,401463622.3846154,7024668.511885594,0.050535706074401075,3.7589677362798084
13-1111.00,Management Analysts,4840301.409461538,39907.172376923074,5.4148130769230765,3.950909090909091,93.01,893900.0,7370.0,13,Business and Financial Operations Occupations,101190.0,48.65,101190.0,48.65,1495538.4753469254,12330.370917671822,2.8890030769230766,False,False,False,False,30.897631135605195,30.897631135605202,276193.9247211748,2277.155414694103,27948063242.53568,230425356.41289628,0.008244770108513258,0.6132658913544785
13-1121.00,"Meeting, Convention, and Event Planners",3809366.884823077,54593.28794615385,28.28667769230769,3.958571428571428,76.91809523809523,134670.0,1930.0,13,Business and Financial Operations Occupations,59440.0,28.58,49400.0,23.75,943402.019792866,13520.20418950198,12.586860384615385,False,False,False,False,24.765323170931108,24.76532317093111,33351.46071429292,477.97073719897037,1982410824.8575714,23611754.417629138,0.014331328432464544,1.0659987834413998
13-1131.00,Fundraisers,2346779.698026923,14621.68036153846,22.15406115384615,3.7889285714285714,85.91,105930.0,660.0,13,Business and Financial Operations Occupations,66490.0,31.97,60610.0,29.140000000000004,552632.1941555688,3443.1912408446656,9.469880288461539,False,False,False,False,23.54853310773907,23.54853310773907,24944.961121027995,155.42031851107785,1658590464.9371514,9420025.504956428,0.006230529595015576,0.463441822562437
13-1141.00,"Compensation, Benefits, and Job Analysis Specialists",906916.3433730769,9479.344411538461,8.859200384615384,3.433636363636364,56.49409090909091,102370.0,1070.0,13,Business and Financial Operations Occupations,77020.0,37.03,68030.0,32.71,112025.34925291051,1170.9204229814814,1.949095769230769,False,False,False,False,12.352335479616205,12.352335479616205,12645.085830483109,132.16998963189337,973924510.6638091,8991524.394657707,0.010452280941682133,0.7774658727924207
13-1151.00,Training and Development Specialists,3766936.234680769,58668.299846153845,8.627691153846154,3.8549999999999995,90.17699999999999,436610.0,6800.0,13,Business and Financial Operations Occupations,65850.0,31.660000000000004,60510.0,29.09,419716.88941147726,6536.897569909176,1.6605041025641025,False,False,False,False,11.142128861840062,11.142128861840062,48647.64882367989,757.6647626051242,3203447675.039321,45846294.78523607,0.015574540207507846,1.1584718745439724
13-1161.00,Market Research Analysts and Marketing Specialists,7355767.129092307,113692.61733076922,8.541894615384615,3.986923076923077,95.22538461538463,861140.0,13310.0,13,Business and Financial Operations Occupations,76950.0,37.0,64900.0,31.2,1894050.6714598015,58549.86282632315,6.863446923076923,False,False,False,False,25.749192955942927,51.498385911885855,221736.60022080693,3427.217582436004,17062631386.991093,222426421.10009664,0.030912511322200804,2.299347169236405
13-1161.01,Search Marketing Strategists,17069857.230299998,263836.07745,19.822394999999997,3.516111111111111,88.40555555555555,861140.0,13310.0,13,Business and Financial Operations Occupations,76950.0,37.0,64900.0,31.200000000000003,4091538.982021788,126479.74510697447,14.907041153846153,True,False,True,False,23.969380216953816,47.938760433907625,206409.9208002761,3190.324506876553,15883243405.581245,207052060.4962883,0.0309125113222008,2.2993471692364045
13-1199.04,Business Continuity Planners,4376459.1996153835,35998.52984615384,3.8791519230769222,4.022380952380952,89.60904761904762,1128200.0,9280.0,13,Business and Financial Operations Occupations,81270.0,39.07,79790.0,38.36,267012.3590990588,8785.232024248417,1.617904615384615,False,False,False,False,6.101104726910847,24.40441890764339,68832.66352900818,566.1825186573267,5594030565.002495,45175703.163668096,0.03290196773621699,2.4473277369168454
13-1199.05,Sustainability Specialists,5708399.101923076,46954.39076923076,5.059740384615385,3.834285714285714,98.75714285714285,1128200.0,9280.0,13,Business and Financial Operations Occupations,81270.0,39.07,79790.0,38.36,340241.3840050646,11194.611039060448,2.014698076923077,False,False,False,False,5.960364332102187,23.841457328408747,67244.83039477687,553.1218100190829,5464987366.1835165,44133589.22142262,0.03290196773621698,2.447327736916845
13-1199.06,Online Merchants,73865434.46346153,607579.5353846154,65.47193269230769,3.9535294117647055,73.16647058823528,1128200.0,9280.0,13,Business and Financial Operations Occupations,81270.0,39.07,79790.0,38.36,4556304.831171104,149911.39455156124,25.63568423076923,False,False,False,False,6.168385611303671,24.673542445214682,69591.72646672801,572.4261847289806,5655719609.950985,45673885.27952536,0.03290196773621699,2.4473277369168454
13-2011.00,Accountants and Auditors,14161886.521499999,161733.90899999999,9.77835,4.1476,82.08879999999999,1448290.0,16540.0,13,Business and Financial Operations Occupations,81680.0,39.27,75100.0,36.11,1649401.9838529474,37673.83868920923,6.590062692307692,True,True,True,True,11.646767408769252,23.29371677352412,168678.9677044642,1926.3753294104345,13777698082.100636,144670787.23872364,0.02284090783085177,1.6989618286347488
13-2023.00,Appraisers and Assessors of Real Estate,1099536.0570403845,12099.177875,37.22823961538462,4.167241379310345,86.71344827586208,29535.0,325.0,13,Business and Financial Operations Occupations,65420.0,31.45,65420.0,31.45,53700.77073626265,590.8598196964103,6.167454230769231,True,True,True,True,4.883948133616349,4.883470809345469,1442.4740812635887,15.872831434253134,94366654.39626397,1038400.63242884,0.011002818238834308,0.8184161651375395
13-2031.00,Budget Analysts,651969.1173,5252.242200000001,13.82169,3.9676923076923076,87.18692307692308,47170.0,380.0,13,Business and Financial Operations Occupations,87930.0,42.27,80420.0,38.66,183711.45008286988,1479.9735219735119,6.933728076923076,False,False,False,False,28.17793745257048,28.17793745257048,13291.533096377496,107.07616231976783,1168724505.1644733,8611064.973755728,0.008055967776128896,0.5992223183820868
13-2041.00,Credit Analysts,1596081.7668038462,20374.503776923077,23.69128346153846,4.0627272727272725,80.45454545454545,67370.0,860.0,13,Business and Financial Operations Occupations,80970.0,38.93,72500.0,34.86,458127.281630005,5848.144013682712,11.726840000000001,False,False,False,False,28.7032463598281,28.703246359828107,19337.377072616193,246.84791869452164,1565747421.5697331,17896474.10535282,0.012765325812676266,0.9495157305669167
13-2052.00,Personal Financial Advisors,2334375.1432615384,22611.885815384616,8.630490769230768,3.8352380952380956,90.05047619047619,270480.0,2620.0,13,Business and Financial Operations Occupations,102140.0,49.11,67210.0,32.31,996469.0100744914,9652.280414060808,6.325496538461538,False,False,False,False,42.686755509324286,42.68675550932428,115459.13630162032,1118.3929943442963,11792996181.8475,75167193.14988016,0.00968648328896776,0.7205039958803992
13-2053.00,Insurance Underwriters,2530888.469030769,10797.706323076922,23.473274615384614,4.197142857142857,95.71428571428571,107820.0,460.0,13,Business and Financial Operations Occupations,79880.0,38.4,63410.0,30.49,197488.40353189368,842.5585756322677,3.045833218789407,False,False,False,False,7.803125501121904,7.8031255011219045,8413.329915309638,35.89437730516076,672056793.6349338,2276062.4649202437,0.004266369875718791,0.3173428840640394
13-2061.00,Financial Examiners,286857.8562692307,2739.371538461538,4.56561923076923,3.918823529411765,89.76941176470588,62830.0,600.0,13,Business and Financial Operations Occupations,90400.0,43.46,80030.0,38.48,23712.46466784773,226.4440362996759,0.6895430769230768,False,False,False,False,8.266276885787075,8.266276885787075,5193.70176734002,49.59766131472245,469510639.7675378,3969300.835017238,0.009549578226961642,0.7103206670820098
13-2071.00,Credit Counselors,2370648.4061884615,22770.368896153846,84.33469961538462,4.326086956521739,92.8395652173913,28110.0,270.0,13,Business and Financial Operations Occupations,50480.0,24.270000000000003,49250.0,23.68,742539.484193548,7132.182879126928,42.367724725274726,False,False,False,False,31.322210508111837,31.32221050811183,8804.673373830237,84.56996837190196,444459911.91095036,4165070.9423161717,0.0096051227321238,0.7144522013782714
13-2072.00,Loan Officers,5378415.729188462,103484.47295,18.512428076923076,3.988235294117647,82.49,290530.0,5590.0,13,Business and Financial Operations Occupations,74180.0,35.66,60870.0,29.27,1571913.0733924399,60489.40956365084,19.30088963745271,True,True,True,True,29.226321514376924,58.45264302875386,84911.23189571928,1633.75137265367,6298715182.024456,99446446.05342889,0.03848139606925275,2.86233907681758
13-2081.00,"Tax Examiners and Collectors, and Revenue Agents",3186899.0175423077,189916.0819346154,59.534821923076926,4.215714285714286,54.46619047619048,53530.0,3190.0,13,Business and Financial Operations Occupations,59740.0,28.72,48530.0,23.33,145378.8194690554,8663.523895129583,5.003995769230769,False,False,False,False,4.56176423127362,4.561764231273618,2441.9123930007686,145.52027897762846,145879846.35786593,7062099.13878431,0.05959275172800298,4.4326526423100105
13-2082.00,Tax Preparers,3289218.747742308,65721.78278076922,44.708695769230765,4.453333333333333,100.0,73570.0,1470.0,13,Business and Financial Operations Occupations,50560.0,24.31,58660.0,28.2,667372.2117446895,13334.744478247841,16.91667923076923,False,False,False,False,20.28968770176104,20.289687701761043,14927.123242185598,298.2584092158873,754715351.1249038,17495838.28460395,0.019980970504281638,1.4862327906248278
13-2099.01,Financial Quantitative Analysts,1005153.9346538461,16640.83799230769,7.886653076923077,3.2952380952380955,88.80952380952381,127450.0,2110.0,13,Business and Financial Operations Occupations,80190.0,38.55,77940.0,37.47,222907.59323864657,7380.698654116033,5.204625,False,False,False,False,22.17646328125963,44.35292656251925,28263.902451965398,467.9233752345782,2266482337.623105,36469947.86578303,0.03311102393095331,2.46287784103385
13-2099.04,"Fraud Examiners, Investigators and Analysts",2120057.172134615,35098.63188076923,16.63442269230769,4.211304347826087,87.55782608695652,127450.0,2110.0,13,Business and Financial Operations Occupations,80190.0,38.55,77940.0,37.47,229360.38407178238,7594.357165813431,6.144838076923077,False,False,False,False,10.818594285400664,21.637188570801328,13788.298416743146,228.27233942195403,1105683650.0386329,17791546.134547096,0.03311102393095332,2.4628778410338503
15-1211.00,Computer Systems Analysts,11835830.269384615,66811.3359923077,23.776276153846155,3.494090909090909,81.31,497800.0,2810.0,15,Computer and Mathematical Occupations,103790.0,49.9,93330.0,44.87,2188883.1670179428,24710.17843384494,15.751792272727274,True,False,True,False,18.4937018966879,36.985008706740935,92061.64804171237,519.67302329693,9555078450.249327,48501083.26430247,0.011288943515203334,0.8396988534771831
15-1211.01,Health Informatics Specialists,7412360.131769231,41841.56683461538,14.890237307692306,3.9811764705882355,97.75941176470589,497800.0,2810.0,15,Computer and Mathematical Occupations,103790.0,49.9,93330.0,44.87,148416.31572118594,1676.5727416745865,10.414287606837606,True,True,True,True,2.002281501206026,4.006954969687138,9967.357313003597,56.264110183889336,1034512015.5166433,5251129.403462391,0.0112964180085442,0.8402548243242509
15-1212.00,Information Security Analysts,2389953.011873077,22909.876723076923,13.31969576923077,4.047272727272728,89.25272727272727,179430.0,1720.0,15,Computer and Mathematical Occupations,124910.0,60.05,97180.0,46.72,1104684.9060824052,10589.411126688608,10.952145384615385,True,False,True,False,46.222034516763614,46.222034516763614,82936.19653342896,795.0189936883341,10359560308.99061,77259945.80663231,0.00958591094019952,0.7130231819460868
15-1221.00,Computer and Information Research Scientists,769683.2944,17401.883215384616,20.002164615384615,3.4686666666666666,78.06266666666667,38480.0,870.0,15,Computer and Mathematical Occupations,140910.0,67.74,94830.0,45.59,357431.46636487235,8081.220783197477,14.890744230769231,True,False,True,False,46.43877150062156,46.438771500621556,17869.639273439177,404.0173120554076,2518010870.0203147,38312961.7022143,0.022609147609147607,1.6817229442179285
15-1231.00,Computer Network Support Specialists,4510489.3294230765,30798.834615384614,30.798834615384614,3.7973076923076925,86.64307692307692,146450.0,1000.0,15,Computer and Mathematical Occupations,73340.0,35.26,69280.0,33.31,1084380.4983675987,7404.441777860011,11.887102136752137,True,False,True,False,24.041305037435897,24.041305037435894,35208.49122732487,240.41305037435896,2582190746.612006,16655816.129935589,0.00682826903379993,0.5079031240783279
15-1232.00,Computer User Support Specialists,17634547.81498846,271899.98567307694,25.29302192307692,3.469375,88.588125,697210.0,10750.0,15,Computer and Mathematical Occupations,60340.0,29.01,57560.0,27.67,5366514.210976924,82744.11980321845,13.379622307692308,True,False,True,False,30.431822053388082,30.431822053388075,212173.70653842707,3271.4208707392186,12802561452.528688,188302985.31974941,0.015418596979389281,1.1468724410201585
15-1241.00,Computer Network Architects,2869741.87815,27398.81235,16.212315,3.597272727272727,93.48484848484848,177010.0,1690.0,15,Computer and Mathematical Occupations,130390.0,62.69,128990.0,62.01,250070.24231717555,4776.366301495284,7.845201682692307,True,False,True,False,8.714032583250491,17.432749421692666,15424.709075611694,147.2671506569333,2011227816.3690088,18995989.763237827,0.019100098665227026,1.420711418113897
15-1241.01,Telecommunications Engineering Specialists,1917793.1272346152,18310.09765,10.834377307692307,3.866153846153846,86.05346153846153,177010.0,1690.0,15,Computer and Mathematical Occupations,130390.0,62.690000000000005,128990.0,62.01,91402.18593250634,1744.5973168674316,4.526525384615384,True,False,True,False,4.766008629111359,9.528061238206623,8436.311874390016,80.54554583198197,1100010705.3017142,10389569.956867354,0.01908704150856617,1.4197401953007942
15-1242.00,Database Administrators,627585.7130153846,6860.734769230769,8.575918461538462,3.373333333333333,89.315,73180.0,800.0,15,Computer and Mathematical Occupations,104620.0,50.3,97890.0,47.06,96197.54208036336,1451.5404154787338,3.0681787019230766,True,False,True,False,15.328191844610265,21.157215142445764,11217.170791885792,122.62553475688212,1173540408.2470915,12003813.59735119,0.015089163237311385,1.1223683645184945
15-1243.00,Database Architects,973730.0834653846,9471.205073076922,15.033658846153845,3.7864,97.5244,64770.0,630.0,15,Computer and Mathematical Occupations,135980.0,65.37,127770.0,61.43,235844.98676458525,5526.477430349497,13.393099401223775,True,True,True,True,24.220776452263053,58.35030904419117,15687.796908130778,152.59089164925723,2133226623.5676231,19496538.226025596,0.02343266866158106,1.7429784268599848
15-1243.01,Data Warehousing Specialists,435725.875776923,4238.185915384615,6.727279230769231,3.839444444444444,97.10055555555556,64770.0,630.0,15,Computer and Mathematical Occupations,135980.0,65.37,127770.0,61.43,84216.58714165515,2457.4548355369498,6.028947692307693,True,False,True,False,19.327882924440136,57.983648773320404,12518.669770159875,121.76566242397286,1702288715.3463397,15557998.687911011,0.029180176007410838,2.1704918892265317
15-1244.00,Network and Computer Systems Administrators,6655998.797942308,51815.54138461538,20.893363461538463,3.5725000000000002,86.69800000000001,318570.0,2480.0,15,Computer and Mathematical Occupations,96800.0,46.54,88330.0,42.47,2151083.844227042,16745.73228390327,10.405797863247862,True,False,True,False,32.317972246209635,32.31797224620964,102955.36418475004,801.4857117059989,9966079253.083803,70795232.91499089,0.007784788272593152,0.5790513326827775
15-1251.00,Computer Programmers,3363296.492,36733.92,30.6116,3.621176470588235,81.01176470588236,109870.0,1200.0,15,Computer and Mathematical Occupations,98670.0,47.44,88410.0,42.51,1776766.1269369798,19405.837374391333,22.889370384615383,True,False,True,False,52.82811465368067,52.82811465368067,58042.24956999895,633.9373758441681,5727028765.071796,56046403.398382895,0.010921998725766815,0.8124046147767849
15-1253.00,Software Quality Assurance Analysts and Testers,7881601.509,169624.0565,39.447455,3.9307407407407404,95.53407407407407,199800.0,4300.0,15,Computer and Mathematical Occupations,102610.0,49.32999999999999,107170.0,51.52000000000001,3578901.952406161,151774.72929403113,26.173185462037964,True,True,True,True,45.40830881032761,89.47712513527297,90725.80100303456,1952.5572788440873,9309374440.921377,209255563.57372084,0.04240818309984441,3.154422969610226
15-1254.00,Web Developers,1719424.8592615386,38592.21406153846,21.80351076923077,3.631111111111111,93.20962962962962,78860.0,1770.0,15,Computer and Mathematical Occupations,90930.0,43.72,80350.0,38.63,550275.8981293926,11900.288819534278,12.190594,True,False,True,False,32.00348623351451,30.835983653485876,25237.949243749543,566.4617063332068,2294886724.734146,45515198.10387317,0.021626040428061828,1.608597060321782
15-1255.01,Video Game Designers,1931472.4379230768,19765.51686923077,17.33817269230769,3.93625,97.08333333333333,111400.0,1140.0,15,Computer and Mathematical Occupations,98090.0,47.16,99300.0,47.74,145709.31239908386,2982.201366875325,4.602307692307692,True,False,True,False,7.5439498663395845,15.087899732679166,8403.960151102297,86.00102847627126,824344451.2216244,8539902.127693735,0.020466786355475764,1.5223689456777219
15-1299.01,Web Administrators,11516474.26523077,130267.37015384616,26.21073846153846,3.898285714285714,91.24799999999999,439380.0,4970.0,15,Computer and Mathematical Occupations,108970.0,52.39,95640.0,45.98,623217.9180978134,49346.241000097696,15.0558625,True,False,True,False,5.411533979452045,37.880737856164316,23777.197998916396,268.95323877876666,2591001265.94192,25722687.756801244,0.07917975328872502,5.88958107245442
15-1299.02,Geographic Information Systems Technologists and Technicians,16014978.181246154,181151.71733076923,36.44903769230769,3.832692307692308,93.44500000000001,439380.0,4970.0,15,Computer and Mathematical Occupations,108970.0,52.39,95640.0,45.98,911045.5625216054,72136.36287524842,23.350612115384617,True,True,True,True,5.688709358270979,39.82096550789686,24995.05117837103,282.72885510606767,2723710726.907091,27040187.702344313,0.07917975328872502,5.88958107245442
15-1299.03,Document Management Specialists,8183849.46293077,92570.74020384616,18.62590346153846,3.8330434782608696,88.08434782608695,439380.0,4970.0,15,Computer and Mathematical Occupations,108970.0,52.39,95640.0,45.98,275145.7851035153,21785.9753829289,7.175171923076923,True,False,True,False,3.3620582386052487,23.534407670236746,14772.211488783742,167.09429445868085,1609727885.9327643,15980898.322028236,0.07917975328872504,5.889581072454421
15-1299.08,Computer Systems Engineers/Architects,9242391.084507693,104544.32083846153,21.035074615384612,3.7175000000000002,93.28964285714287,439380.0,4970.0,15,Computer and Mathematical Occupations,108970.0,52.39,95640.0,45.98,325327.9599691371,25759.387608280485,8.462681322115383,True,False,True,False,3.519954490071939,24.639681430503575,15465.976038478084,174.94173815657538,1685327408.9129567,16731427.83729487,0.07917975328872502,5.88958107245442
15-1299.09,Information Technology Project Managers,10682897.400553845,120838.45436923076,24.313572307692304,4.055238095238095,98.39047619047618,439380.0,4970.0,15,Computer and Mathematical Occupations,108970.0,52.39,95640.0,45.98,361212.6199121397,28600.726129417228,9.685929230769231,True,False,True,False,3.381223336408838,23.668563354861863,14856.419095513153,168.04679981951926,1618903988.8380682,16071995.934738822,0.07917975328872502,5.88958107245442
15-2011.00,Actuaries,281908.5639,3183.1595076923077,9.947373461538461,3.5493333333333337,84.62933333333334,28340.0,320.0,15,Computer and Mathematical Occupations,125770.0,60.47,128860.0,61.95,67989.02819776813,767.6954489515103,4.276173461538461,False,False,False,False,24.11740433039329,24.117404330393292,6834.872387233458,77.17569385725852,859621900.142352,9944859.910446333,0.011291460832745237,0.839886097629032
15-2021.00,Mathematicians,25071.91239230769,271.0477015384615,11.29365423076923,3.8927272727272726,89.77181818181818,2220.0,24.0,15,Computer and Mathematical Occupations,121680.0,58.5,121680.0,58.5,12310.371848682198,133.08510106683457,8.714929615384614,False,False,False,False,49.10025073499835,49.10025073499834,1090.0255663169635,11.784060176399603,132634310.90944812,1433884.4422643036,0.01081081081081081,0.8041341894191474
15-2031.00,Operations Research Analysts,1050814.1382461537,10629.05911923077,9.751430384615384,4.143529411764706,98.04,107760.0,1090.0,15,Computer and Mathematical Occupations,91290.0,43.89,82230.0,39.54,283746.14867114375,2870.1123056008414,4.413549375,False,False,False,False,27.00250580418781,27.002505804187805,29097.900254592783,294.32731326564715,2656347314.241775,24202534.969834164,0.010115070527097253,0.7523833486282994
15-2041.00,Statisticians,757381.4071538461,8336.278575384615,25.41548346153846,4.084210526315789,94.98842105263158,29800.0,328.0,15,Computer and Mathematical Occupations,103300.0,49.66,88060.0,42.34,159441.6764185494,1754.9285189692685,16.832148717948716,False,False,False,False,21.051701944692997,21.051701944692997,6273.407179518513,69.04958237859303,648042961.6442623,6080506.2242589025,0.011006711409395973,0.8187057485562729
15-2041.01,Biostatisticians,211187.32769230765,2324.477969230769,7.086823076923076,3.9812,90.66680000000001,29800.0,328.0,15,Computer and Mathematical Occupations,103300.0,49.66,88060.0,42.34,25639.90644783238,282.21105083520206,2.782420384615384,False,False,False,False,12.140835687446552,12.140835687446552,3617.9690348590725,39.82194105482469,373736201.3009422,3506720.129287862,0.011006711409395973,0.8187057485562729
15-2051.01,Business Intelligence Analysts,4104048.035384615,84914.9760576923,17.580740384615385,3.732941176470588,96.21823529411765,233440.0,4830.0,15,Computer and Mathematical Occupations,112590.0,54.13,116420.0,55.97,910093.9530876983,37660.67335001357,11.865340279720279,True,False,True,False,22.175519030015643,44.351038060031286,51766.53162366851,1071.0775691497556,5828393795.508838,124694850.60041454,0.04138108293351611,3.0780247813377284
15-2051.02,Clinical Data Managers,2772919.0152615383,57373.19586923077,11.87850846153846,3.7285714285714286,93.0952380952381,233440.0,4830.0,15,Computer and Mathematical Occupations,112590.0,54.13,116420.0,55.96999999999999,470690.7360146846,19477.6923830614,6.301965384615384,True,False,True,False,16.974557620475245,33.94911524095049,39625.40730923741,819.8711330689544,4461424608.94704,95449397.31188767,0.041381082933516104,3.0780247813377275
15-2099.01,Bioinformatics Technicians,85406.93682307692,934.7111111538461,18.327668846153845,3.6231578947368424,73.98315789473685,4660.0,51.0,15,Computer and Mathematical Occupations,71490.0,34.37,71490.0,34.37,27356.363815606015,305.2641455818697,17.922684478021978,True,False,True,False,32.030611134404175,32.65866233311798,1492.6264788632345,16.33561167854613,106707866.97393264,1167832.8788992628,0.011158798283261802,0.8300183371472315
17-1011.00,"Architects, Except Landscape and Naval",2800991.1880692304,32763.078499999996,25.202368076923076,3.73375,94.04791666666667,111140.0,1300.0,17,Architecture and Engineering Occupations,96690.0,46.49,81710.0,39.29,1061400.7262744396,12415.160555666469,16.790821196581195,False,False,False,False,37.89375456786355,37.89375456786355,42115.118826723556,492.6188093822262,4072110839.355901,40251882.9146217,0.011696958790714413,0.8700480140152282
17-1012.00,Landscape Architects,263769.7183,1751.28005,13.471385000000001,3.8063157894736848,98.12105263157895,19580.0,130.0,17,Architecture and Engineering Occupations,79660.0,38.3,82180.0,39.51,71091.21415918479,472.0049969710942,6.026290961538462,False,False,False,False,26.95199987980758,26.951999879807587,5277.201576466324,35.03759984374985,420381877.58130735,2879389.955159363,0.006639427987742596,0.4938566714895429
17-1021.00,Cartographers and Photogrammetrists,505202.9437615385,7899.967846153846,39.49983923076923,4.03,77.66071428571429,12790.0,200.0,17,Architecture and Engineering Occupations,78380.0,37.68,65250.0,31.37,36749.24047346049,574.6558322667786,5.010330384615385,False,False,False,False,7.274154065659315,7.274154065659315,930.3643049978264,14.54830813131863,72921954.22572963,949277.1055685405,0.01563721657544957,1.1631338939995486
17-1022.00,Surveyors,1303777.602076923,16211.251269230768,24.562501923076923,4.0216666666666665,87.76333333333334,53080.0,660.0,17,Architecture and Engineering Occupations,72740.0,34.97,64260.0,30.899999999999995,53151.84293178913,1321.2188087212862,3.614663846153846,False,False,False,False,4.0767568676680765,8.150011290177101,2163.942545358215,26.906595326609303,157405180.74935654,1729017.8156879137,0.024857441169383983,1.848956443284348
17-1022.01,Geodetic Surveyors,615536.5241076923,7653.619176923077,11.596392692307692,4.13875,94.44624999999999,53080.0,660.0,17,Architecture and Engineering Occupations,72740.0,34.97,64260.0,30.9,892.8641611825135,22.34885873533764,0.9747215384615384,False,False,False,False,0.1450546192164384,0.29200379870902293,76.9949918800855,0.9573604868284934,5600615.709357419,61519.98488359898,0.025030525030525032,1.8618308384445157
17-2011.00,Aerospace Engineers,756699.2263076924,11056.388461538461,11.05638846153846,3.5485714285714285,72.725,68440.0,1000.0,17,Architecture and Engineering Occupations,134830.0,64.82,130670.0,62.82,117383.22613987057,1715.1260394487226,3.0357271346993615,False,False,False,False,15.51253418252336,15.51253418252336,10616.778394518988,155.12534182523362,1431460230.932995,20270228.416303277,0.014611338398597311,1.0868266002523543
17-2021.00,Agricultural Engineers,15541.845415384614,175.77087076923075,9.251098461538461,3.612142857142857,84.47357142857143,1680.0,19.0,17,Architecture and Engineering Occupations,84630.0,40.69,84630.0,40.69,2085.389696741466,23.58476442743325,1.7428865384615384,False,False,False,False,13.417902707211162,13.417902707211162,225.42076548114753,2.5494015143701207,19077359.382669516,215755.85016114332,0.01130952380952381,0.8412296654191378
17-2031.00,Bioengineers and Biomedical Engineers,305259.06831538456,5585.710307692307,13.964275769230769,3.496666666666667,82.75366666666667,21860.0,400.0,17,Architecture and Engineering Occupations,106950.0,51.42,86140.0,41.41,71662.3643685104,2622.5933895154762,11.879166923076923,True,True,True,True,23.47591662517655,46.95183325035309,5131.835374263594,93.90366650070618,548849793.2774913,8088861.832370831,0.03659652333028362,2.7221376951974796
17-2041.00,Chemical Engineers,240688.33219615382,2651.9521107692303,11.839071923076922,4.043846153846154,96.15153846153846,20330.0,224.0,17,Architecture and Engineering Occupations,121860.0,58.59,80820.0,38.85,19768.64083539829,217.8148326182596,1.7840949999999998,False,False,False,False,8.213377297943731,8.213377297943733,1669.7796046719607,18.397965147393958,203479342.6253251,1486923.5432123796,0.011018199704869652,0.8195602756893623
17-2051.00,Civil Engineers,4120917.3000346157,53452.150342307694,11.59482653846154,3.59125,73.5125,355410.0,4610.0,17,Architecture and Engineering Occupations,99590.0,47.88,92000.0,44.23,24010.943655559986,934.2462916190239,1.7585244423916695,False,False,False,False,0.5826601678067719,1.7478179748356397,2070.832502402048,26.860633735892183,206234208.91421995,2471178.3037020806,0.0389091867866963,2.894159182435236
17-2051.01,Transportation Engineers,4595191.987396154,59603.936473076916,12.929270384615384,3.661153846153846,89.85961538461538,355410.0,4610.0,17,Architecture and Engineering Occupations,99590.0,47.88,92000.0,44.23,288560.1483727085,11228.986311388893,5.352850549450549,False,False,False,False,6.279610278834507,18.839336754982657,22318.362892005724,289.4900338542708,2222685760.41485,26633083.114592914,0.038913849936358394,2.8945060387570507
17-2051.02,Water/Wastewater Engineers,2404722.513980769,31191.49936538461,6.7660519230769225,3.75,82.29035714285715,355410.0,4610.0,17,Architecture and Engineering Occupations,99590.0,47.88,92000.0,44.23,86247.22414893797,3356.1214090200388,1.301804615384615,True,False,True,False,3.58657698123201,10.759730943696031,12747.053248996686,165.34119883479565,1269479033.06758,15211390.2928012,0.03891280492951802,2.8944283086271625
17-2061.00,Computer Hardware Engineers,641360.4632038461,3642.649573076923,8.471278076923078,3.6205555555555557,94.93,75710.0,430.0,17,Architecture and Engineering Occupations,155020.0,74.53,104080.0,50.04,84274.11314007486,478.64045238716403,1.8956125,False,False,False,False,13.139898383990294,13.139898383990298,9948.217066519052,56.501563051158264,1542172609.6517835,5880682.682364552,0.005679566767930261,0.42245987827429127
17-2071.00,Electrical Engineers,3008797.784192308,30599.56430769231,15.937273076923079,3.6295454545454544,71.88409090909092,188790.0,1920.0,17,Architecture and Engineering Occupations,111910.0,53.8,107520.0,51.68999999999999,665231.0546621324,6765.419910754247,6.16382403846154,False,False,False,False,22.10953019698229,22.109530196982295,41740.582058882865,424.50297978206,4671188538.209581,45642560.38616709,0.010170030192277133,0.7564713811157402
17-2072.00,"Electronics Engineers, Except Computer",1396058.9962846152,16495.90681153846,14.861177307692307,3.339,78.1875,93940.0,1110.0,17,Architecture and Engineering Occupations,127590.0,61.34000000000001,110390.0,53.07000000000001,138591.05733117528,3274.9256698120184,5.741016538461539,False,False,False,False,9.927306632457004,19.85295932637842,9325.71185053011,110.19310362027274,1189867575.0091367,12164216.708641907,0.02363013698630137,1.7576665972492151
17-2072.01,Radio Frequency Identification Device Specialists,1895338.4260461538,22395.418915384616,20.176053076923075,3.765238095238095,89.95380952380953,93940.0,1110.0,17,Architecture and Engineering Occupations,127590.0,61.34,110390.0,53.07,19834.53688745291,468.9939756639112,5.740926923076923,False,False,False,False,1.0464905166740872,2.09415138620932,983.0731913636376,11.616044735082369,125430308.48608653,1282295.1783057428,0.02364532019704434,1.7587959610940962
17-2081.00,Environmental Engineers,377388.5641730769,4276.075957692307,9.944362692307692,3.7551724137931037,91.9548275862069,37950.0,430.0,17,Architecture and Engineering Occupations,104170.0,50.08,99180.0,47.68,61125.98015968143,692.6000386999476,2.9490999999999996,False,False,False,False,16.197093913966086,16.197093913966082,6146.79714035013,69.64750383005416,640311858.110273,6907639.429864772,0.011330698287220026,0.8428046741540602
17-2111.00,"Health and Safety Engineers, Except Mining Safety Engineers and Inspectors",282958.5984923077,2924.6366769230767,12.185986153846153,3.8468,88.79,23220.0,240.0,17,Architecture and Engineering Occupations,109660.0,52.72,102980.0,49.51,2306.553325338163,47.621050288805655,0.5224207692307692,True,True,True,True,0.8151557639980562,1.6282723479658454,189.27916840034865,1.956373833595335,20756353.60678223,201467.37738364757,0.02064597846738442,1.5356976872662693
17-2111.02,Fire-Prevention and Protection Engineers,326258.9419153846,3372.185446153846,14.05077269230769,3.87,91.15384615384616,23220.0,240.0,17,Architecture and Engineering Occupations,109660.0,52.72,102980.0,49.51,1515.2374574705277,31.405998445553333,0.7293415384615385,False,False,False,False,0.46442787087303966,0.931324772822726,107.84015161671981,1.1146268900952951,11825751.026289495,114784.2771420135,0.02072678331090175,1.541708146470492
17-2112.00,Industrial Engineers,5602449.210957692,73263.90482307693,15.99648576923077,3.5355,79.7645,350230.0,4580.0,17,Architecture and Engineering Occupations,101140.0,48.63,100710.0,48.42,13690.14666089596,716.337025399828,2.2606657692307692,False,False,False,False,0.24436003157547134,0.9777489025867395,855.8221385867732,11.191689446156587,86557851.09666625,1127115.04412243,0.05232500740448218,3.89206028593876
17-2112.01,Human Factors Engineers and Ergonomists,3511624.7390461536,45921.94073846153,10.026624615384614,4.014230769230769,92.11538461538461,350230.0,4580.0,17,Architecture and Engineering Occupations,101140.0,48.63,100710.0,48.42,59521.73016936821,3113.3828484003366,1.3907774999999998,False,False,False,False,1.6949911961702326,6.779728378928787,5936.367666347006,77.63059678459666,600404225.7743362,7818177.402176729,0.05230665908973498,3.890695494022164
17-2112.02,Validation Engineers,5973837.817592308,78120.59847692307,17.05689923076923,3.8566666666666665,94.88714285714286,350230.0,4580.0,17,Architecture and Engineering Occupations,101140.0,48.63,100710.0,48.42,63574.932449965665,3325.508273087317,1.1309073076923077,True,False,True,False,1.0642226051524926,4.25689042060997,3727.226830025575,48.74139531598416,376971721.58878666,4908745.922272764,0.052308482996887756,3.8908311606364023
17-2112.03,Manufacturing Engineers,5687453.803665385,74375.52014615384,16.239196538461538,3.682916666666667,92.5,350230.0,4580.0,17,Architecture and Engineering Occupations,101140.0,48.63,100710.0,48.42,159962.35446070056,8367.388098449688,3.5971988461538458,True,False,True,False,2.812547758323942,11.25019103329577,9850.386013977943,128.81468733123654,996268041.4537292,12972927.161128832,0.05230848299688776,3.8908311606364028
17-2121.00,Marine Engineers and Naval Architects,100139.02236923076,1103.427616153846,11.864813076923076,3.6910714285714286,84.02035714285715,8440.0,93.0,17,Architecture and Engineering Occupations,105670.0,50.8,105670.0,50.8,9904.006327201752,109.1318232736686,2.0908735384615382,True,True,True,True,9.890256658072696,9.890256658072698,834.7376619413355,9.197938692007607,88206728.73734093,971946.1815844439,0.011018957345971565,0.8196166308623479
17-2131.00,Materials Engineers,534227.7344884615,11496.336842307692,23.461911923076922,3.776666666666667,90.93095238095238,22770.0,490.0,17,Architecture and Engineering Occupations,108310.0,52.07,85720.0,41.21,0.0,0.0,0.0,False,False,False,False,0.0,0.0,0.0,0.0,0.0,0.0,,
17-2141.00,Mechanical Engineers,11712176.841138462,144584.69109230768,40.843133076923074,3.5475,66.93285714285715,286760.0,3540.0,17,Architecture and Engineering Occupations,102320.0,49.19,99050.0,47.62,115697.40496351072,4284.764543104873,7.640728846153845,False,False,False,False,0.9878386104718733,2.963498079038905,2832.7259993891435,34.96948681070432,289844524.25749713,3463727.6686002626,0.03703423205089367,2.7546955258180543
17-2141.01,Fuel Cell Engineers,5955371.4604,73517.9766,20.767789999999998,3.623076923076923,95.62884615384615,286760.0,3540.0,17,Architecture and Engineering Occupations,102320.0,49.190000000000005,99050.0,47.62,8681.250911096118,321.49580278026446,1.534875,False,False,False,False,0.1457717787852822,0.43730230026524486,418.0151528446752,5.16032096899899,42771310.43906716,511129.79197935,0.037033349925335995,2.7546299111909276
17-2141.02,Automotive Engineers,3215837.9249384613,39698.93379230769,11.214388076923075,3.7004,89.714,286760.0,3540.0,17,Architecture and Engineering Occupations,102320.0,49.19,99050.0,47.62,74972.57268653238,2776.57412289894,2.104253461538461,False,False,False,False,2.331354204922099,6.994077315590139,6685.391318034611,82.5299388542423,684049239.6613014,8174590.4435127005,0.03703453174146853,2.754717817526022
17-2151.00,"Mining and Geological Engineers, Including Mining Safety Engineers",53346.31890769231,1733.5583692307694,7.879810769230769,3.7344444444444442,66.77833333333334,6770.0,220.0,17,Architecture and Engineering Occupations,101020.0,48.57,110960.0,53.35,0.0,0.0,0.0,False,False,False,False,0.0,0.0,0.0,0.0,0.0,0.0,,
17-2161.00,Nuclear Engineers,103004.7754153846,1132.0741938461538,6.988112307692307,3.8939999999999997,87.618,14740.0,162.0,17,Architecture and Engineering Occupations,127520.0,61.31,127520.0,61.31,10478.556788759515,115.16459971363918,1.2122315384615383,False,False,False,False,10.17288445754376,10.17288445754376,1499.48316904195,16.48007282122089,191214093.71622947,2101538.886162088,0.010990502035278155,0.8175000562039297
17-2171.00,Petroleum Engineers,286276.12407692306,5734.577076923077,15.090992307692307,3.744782608695652,68.10565217391304,18970.0,380.0,17,Architecture and Engineering Occupations,141280.0,67.92,166580.0,80.09,9351.815771090738,187.33210295279284,0.925166923076923,False,False,False,False,3.26671174595681,3.26671174595681,619.6952182080068,12.413504634635878,87550540.4284272,2067841.6020376445,0.020031628887717447,1.4900008833992109
17-2199.03,"Energy Engineers, Except Wind and Solar",1233751.7994230767,12439.819138461537,8.184091538461537,3.7304761904761907,91.77238095238096,150750.0,1520.0,17,Architecture and Engineering Occupations,117750.0,56.61,113290.0,54.46999999999999,54186.25190816982,3278.1334487728604,3.572193557692308,False,True,True,False,4.3919896962669664,26.351938177601795,6620.924467122452,66.75824338325789,779613856.0036688,7563041.392889286,0.060497512437810944,4.499950926659985
17-2199.05,Mechatronics Engineers,3568334.1369230766,35979.22313846154,23.67054153846154,3.6030434782608696,68.74826086956521,150750.0,1520.0,17,Architecture and Engineering Occupations,117750.0,56.61,113290.0,54.47,128634.2238281123,7782.050555969381,8.752525769230768,False,False,False,False,3.6048816868655624,21.629290121193375,5434.359142949835,54.79420164035655,639895789.082343,6207635.103835993,0.060497512437810944,4.499950926659985
17-2199.06,Microsystems Engineers,1062922.5951923076,10717.362153846152,7.050896153846153,3.5112,63.5576,150750.0,1520.0,17,Architecture and Engineering Occupations,117750.0,56.61,113290.0,54.47,44459.537394634084,2689.691416511196,3.033476068376068,False,False,False,False,4.1827634105934415,25.09658046356065,6305.515841469613,63.57800384102031,742474490.333047,7202752.055149191,0.060497512437810944,4.499950926659985
17-2199.07,Photonics Engineers,1300952.7285576921,13117.400646153845,8.629868846153846,3.3123076923076926,82.44,150750.0,1520.0,17,Architecture and Engineering Occupations,117750.0,56.61,113290.0,54.47,87998.54844824878,5323.69327925724,6.198068636363636,False,False,False,False,6.764161872799853,40.58497123679912,10196.974023245779,102.81526046655777,1200693691.2371905,11647940.85825633,0.060497512437810944,4.499950926659985
17-2199.08,Robotics Engineers,2461721.8725,24821.3416,16.329829999999998,3.6304166666666666,81.25,150750.0,1520.0,17,Architecture and Engineering Occupations,117750.0,56.60999999999999,113290.0,54.47,134335.15862085696,8126.942929500599,8.372797435897436,False,False,False,False,5.456959217104123,32.74175530262474,8226.366019784466,82.94578009998266,968654598.8296208,9396927.427527035,0.06049751243781094,4.499950926659984
17-2199.09,Nanosystems Engineers,3266502.834807692,32935.88264615384,21.668343846153846,3.3731999999999998,84.7616,150750.0,1520.0,17,Architecture and Engineering Occupations,117750.0,56.61,113290.0,54.47,102953.31031136427,6228.4191710755695,7.676038461538461,False,False,False,False,3.1517900188023384,18.910740112814032,4751.323453344525,47.90720828579554,559468336.6313177,5427407.626697777,0.060497512437810944,4.499950926659985
17-2199.10,Wind Energy Engineers,1588832.9299038462,16020.073323076924,10.539521923076924,3.3475,53.694375,150750.0,1520.0,17,Architecture and Engineering Occupations,117750.0,56.61,113290.0,54.47,0.0,0.0,0.0,False,False,False,False,0.0,0.0,0.0,0.0,0.0,0.0,,
17-2199.11,Solar Energy Systems Engineers,1638306.5287499998,16518.9116,10.867704999999999,3.7507692307692304,88.18769230769232,150750.0,1520.0,17,Architecture and Engineering Occupations,117750.0,56.61,113290.0,54.47,0.0,0.0,0.0,False,False,False,False,0.0,0.0,0.0,0.0,0.0,0.0,,
17-3011.00,Architectural and Civil Drafters,4427743.655865384,64668.09538461538,40.41755961538461,3.7256,83.39119999999998,109550.0,1600.0,17,Architecture and Engineering Occupations,64280.0,30.9,62350.0,29.97,228432.43783377222,6673.3122528261865,8.196931750083976,True,True,True,True,5.159116145560284,10.319327039301943,5651.811737461291,82.54585832896456,363298458.48401177,5146734.26681094,0.029213505385265303,2.1729710087591796
17-3012.00,Electrical and Electronics Drafters,1087911.0781,11411.654665384614,54.34121269230769,3.7340740740740737,70.83111111111111,20020.0,210.0,17,Architecture and Engineering Occupations,73720.0,35.44,64200.0,30.87,24657.58533005653,517.0433599108715,6.944862564102564,True,True,True,True,2.2665074220146897,4.530836018717231,453.75478588734086,4.759665586230849,33450802.815614767,305570.53063602047,0.020968937265751567,1.5597201418337883
17-3013.00,Mechanical Drafters,1513709.3038846154,23141.921688461538,37.93757653846154,3.8973333333333335,84.99600000000001,39900.0,610.0,17,Architecture and Engineering Occupations,68510.0,32.94,68520.0,32.94,160616.6083124769,2455.542132095512,7.198245,False,False,False,False,10.610796135049727,10.61079613504973,4233.707657884841,64.72585642380334,290051311.64169043,4435015.682159005,0.01528822055137845,1.1371747277688071
17-3021.00,Aerospace Engineering and Operations Technologists and Technicians,115342.08293076923,3182.7285576923077,12.730914230769232,4.329090909090909,73.27454545454545,9060.0,250.0,17,Architecture and Engineering Occupations,79830.0,38.38,78610.0,37.79,0.0,0.0,0.0,False,False,False,False,0.0,0.0,0.0,0.0,0.0,0.0,,
17-3022.00,Civil Engineering Technologists and Technicians,796294.2348807693,11663.08955,12.816581923076923,3.8757142857142854,68.12214285714286,62130.0,910.0,17,Architecture and Engineering Occupations,64200.0,30.86,61770.0,29.7,228965.9087674608,3353.59692545291,5.991827307692308,False,True,True,False,28.753932747201706,28.753932747201706,17864.81841583642,261.66078799953556,1146921342.296698,16162786.874731312,0.014646708514405278,1.0894575147973078
17-3023.00,Electrical and Electronic Engineering Technologists and Technicians,2698829.213319231,34641.42771923077,29.110443461538463,3.7119230769230773,84.31692307692308,92710.0,1190.0,17,Architecture and Engineering Occupations,77180.0,37.11,65830.0,31.65,288057.74029037164,14789.421153234383,25.99069259657373,True,True,True,True,10.673433460285386,42.69287418839326,9895.340161030581,127.01385817739609,763722353.6283402,8361322.283817984,0.051341863399768956,3.818931663012367
17-3024.00,Electro-Mechanical and Mechatronics Technologists and Technicians,677929.0511692308,18472.18123076923,46.18045307692308,3.799615384615385,65.01615384615386,14680.0,400.0,17,Architecture and Engineering Occupations,70760.0,34.02,69770.0,33.54,17398.876559063166,1424.856195094028,11.532020788545514,True,True,True,True,2.5664745490778356,7.713524338536891,376.7584638046262,10.265898196311344,26659428.898815352,716251.7171566425,0.08189357457978014,6.0914416472346895
17-3024.01,Robotics Technicians,182286.92949230768,4966.9463076923075,12.417365769230768,3.7240909090909096,76.03272727272727,14680.0,400.0,17,Architecture and Engineering Occupations,70760.0,34.02,69770.0,33.54,5008.355710380921,408.5578497919738,2.9919696153846154,False,False,False,False,2.7475122458477026,8.225533848820561,403.3347976904427,10.990048983390812,28539970.284575727,766775.7175711769,0.08157524613220815,6.067763609330134
17-3025.00,Environmental Engineering Technologists and Technicians,254267.83173076922,1830.7283884615385,20.341426538461537,3.6915384615384617,65.345,12500.0,90.0,17,Architecture and Engineering Occupations,58890.0,28.31,50100.0,24.09,15357.294832157186,110.57252279153172,2.0051934615384615,False,True,True,False,6.039810355726876,6.039810355726875,754.9762944658594,5.435829320154188,44460553.98109446,272335.0489397248,0.007199999999999999,0.5355533701531521
17-3026.00,Industrial Engineering Technologists and Technicians,470368.53279230767,8457.791353846154,6.407417692307693,3.4514285714285715,70.76571428571428,73410.0,1320.0,17,Architecture and Engineering Occupations,64790.0,31.15,65330.0,31.41,99733.36117833521,10759.953964479157,13.966537789721196,True,True,True,True,21.203238359988827,127.21943015993295,15565.297280067796,279.8827463518525,1008475610.7755926,18284739.819166526,0.10788720882713528,8.024910872748501
17-3026.01,Nanotechnology Engineering Technologists and Technicians,1770427.3041576922,31834.410046153844,24.116977307692306,3.8286956521739133,88.91434782608695,73410.0,1320.0,17,Architecture and Engineering Occupations,64790.0,31.15,65330.0,31.41,41549.73137581792,4482.684545654243,5.743254481021162,True,True,True,True,2.3468758800907583,14.081255280544552,1722.8415835746255,30.97876161719801,111622906.19979998,2023842.496451546,0.10788720882713529,8.024910872748501
17-3027.00,Mechanical Engineering Technologists and Technicians,744793.5727884616,23467.461038461537,19.887678846153847,3.496923076923077,74.40038461538461,37450.0,1180.0,17,Architecture and Engineering Occupations,68730.0,33.04,60830.0,29.25,67206.69387107968,6353.128267171602,11.387596076923078,True,True,True,True,9.02353300652984,27.07207335620699,3379.313110945425,106.47768947705212,232260190.11527905,6477037.850889081,0.09453118285149678,7.031457438983746
17-3027.01,Automotive Engineering Technicians,851540.4766346153,26830.914884615384,22.73806346153846,3.7994444444444446,95.26888888888888,37450.0,1180.0,17,Architecture and Engineering Occupations,68730.0,33.04,60830.0,29.25,40813.67264934644,3856.9857480739433,8.14501923076923,False,False,False,False,4.79292221206521,14.375155542256616,1794.949368418421,56.55648210236947,123366870.09139808,3440330.806287135,0.09450229537565781,7.029308718839193
17-3029.01,Non-Destructive Testing Specialists,4593976.18928077,77743.1151423077,71.32395884615384,4.469375,90.218125,64410.0,1090.0,17,Architecture and Engineering Occupations,77390.0,37.21,64680.0,31.09,453831.7817192317,15360.243504858332,24.561371538461543,False,False,False,False,9.878844883396823,19.75768976679365,6362.963989395894,107.67940922902537,492429783.1393482,6964704.18893336,0.033845676137245775,2.517523044501958
17-3029.08,Photonics Technicians,1672910.5500807692,28310.394342307693,25.972838846153845,3.6183333333333336,64.83666666666666,64410.0,1090.0,17,Architecture and Engineering Occupations,77390.0,37.21,64680.0,31.09,76876.92051815121,2601.95135428613,4.127517307692307,False,False,False,False,4.595399348425386,9.190798696850772,2959.896720320791,50.08985289783671,229066407.185626,3239811.6854320783,0.03384567613724577,2.5175230445019574
17-3031.00,Surveying and Mapping Technicians,2410532.8086153846,19974.443230769233,42.49881538461538,3.895263157894737,82.2421052631579,56720.0,470.0,17,Architecture and Engineering Occupations,51940.0,24.97,48720.0,23.42,134634.4162108491,1115.6236886300965,4.244523461538462,True,True,True,True,5.585255497442635,5.585255497442633,3167.9569181494626,26.250700837980386,164543682.32868308,1278934.1448264043,0.008286318758815232,0.6163563802009421
19-1011.00,Animal Scientists,25326.5193,276.8485915384615,10.253651538461538,4.017777777777777,87.92333333333333,2470.0,27.0,19,"Life, Physical, and Social Science Occupations",79120.0,38.04,79120.0,38.04,5483.403633522634,59.94003971866847,3.9922823076923075,False,False,False,False,21.65083787697046,21.650837876970463,534.7756955611703,5.845726226782023,42311453.032799795,462513.85906299367,0.010931174089068827,0.8130871004349477
19-1012.00,Food Scientists and Technologists,103610.32528846154,937.32375,7.210182692307692,3.7707692307692304,86.95538461538462,14370.0,130.0,19,"Life, Physical, and Social Science Occupations",85310.0,41.02,69170.0,33.26,27582.460905053646,249.5281779858715,3.647519538461538,False,False,False,False,26.621343797793617,26.62134379779361,3825.4871037429425,34.6077469371317,326352304.8203104,2393817.8556414,0.009046624913013222,0.6729097862049581
19-1013.00,Soil and Plant Scientists,219194.8979230769,924.3158346153846,13.204511923076922,3.3622222222222224,75.40518518518519,16600.0,70.0,19,"Life, Physical, and Social Science Occupations",71410.0,34.33,72550.0,34.88,41667.06605887899,175.70449542900778,4.536299230769231,False,False,False,False,19.0091404743834,19.009140474383397,3155.5173187476444,13.30639833206838,225335491.7317693,965379.198991561,0.004216867469879518,0.3136607756921072
19-1021.00,Biochemists and Biophysicists,1057233.5910615386,11331.878003846154,30.626697307692307,3.8562499999999997,82.25875,34520.0,370.0,19,"Life, Physical, and Social Science Occupations",103650.0,49.830000000000005,78260.0,37.63,279421.0540101364,2994.953359900071,15.400742692307691,False,False,False,False,26.429452901659843,26.429452901659843,9123.447141652978,97.78897573614142,945645296.2323312,7652965.241110428,0.01071842410196987,0.7972622431306581
19-1022.00,Microbiologists,634060.628,4492.332384615384,32.08808846153846,3.9435714285714285,83.44142857142857,19760.0,140.0,19,"Life, Physical, and Social Science Occupations",87330.0,41.98,67780.0,32.59,139557.39590343632,988.7669750243464,12.800021153846153,False,False,False,False,22.010102778915382,22.010102778915382,4349.1963091136795,30.814143890481535,379815313.6748976,2088582.6728968385,0.00708502024291498,0.5270008984300587
19-1023.00,Zoologists and Wildlife Biologists,147778.64224615385,3056.8868076923077,8.733962307692307,3.525714285714286,76.48642857142856,16920.0,350.0,19,"Life, Physical, and Social Science Occupations",72860.0,35.03,69990.0,33.65,23785.836363525086,492.0238018459681,2.636976923076923,False,False,False,False,16.095584586509588,16.095584586509588,2723.372912037422,56.334546052783566,198424950.37104657,3942854.8782343217,0.020685579196217493,1.5386432850144738
19-1029.01,Bioinformatics Scientists,762580.6844115384,6513.417334615385,12.771406538461537,3.5395000000000003,76.7255,59710.0,510.0,19,"Life, Physical, and Social Science Occupations",93330.0,44.87,89860.0,43.2,69569.17013065108,2376.141086488396,10.471623692307691,False,False,False,False,9.12286024977614,36.480713033087206,5447.259855141334,46.52658727385831,508392762.2803407,4180879.132428908,0.034155087404751226,2.5405378010402777
19-1029.02,Molecular and Cellular Biologists,853749.5639076923,7292.116523076923,14.298267692307691,3.7681818181818185,94.05636363636363,59710.0,510.0,19,"Life, Physical, and Social Science Occupations",93330.0,44.87,89860.0,43.2,5221.239236789702,178.1440186249588,5.75614891025641,False,False,False,False,0.6115656695496976,2.4429672518424126,365.16586128812446,3.118984914703458,34080929.83402066,280271.9844352527,0.03411910669975186,2.5378614693982087
19-1029.03,Geneticists,684223.6188576923,5844.147473076923,11.459112692307691,3.7412500000000004,87.01375,59710.0,510.0,19,"Life, Physical, and Social Science Occupations",93330.0,44.87,89860.0,43.20000000000001,5474.003437412498,187.53530294839115,4.375454230769231,False,False,False,False,0.80003134743453,3.20894200244496,477.69871755315785,4.080159871916103,44583621.30923622,366643.16609038104,0.03425925925925926,2.5482863548954002
19-1029.04,Biologists,1823733.7371076923,15577.025723076924,30.543187692307693,3.6699999999999995,68.20904761904762,59710.0,510.0,19,"Life, Physical, and Social Science Occupations",93330.0,44.87,89860.0,43.2,157150.02903665663,5369.051402357722,19.623674871794872,True,False,True,False,8.616939295419574,34.467757181678294,5145.174453295028,43.94639040663982,480199131.7260249,3949022.6419406543,0.0341651314687657,2.5412849027531923
19-1031.00,Conservation Scientists,240474.48579230768,2819.1616153846153,9.397205384615384,3.8676666666666666,83.61566666666666,25590.0,300.0,19,"Life, Physical, and Social Science Occupations",67950.0,32.67,77380.0,37.2,6951.993062015903,162.93247895591435,1.150411923076923,True,True,True,True,2.890948301276411,5.7794657130249565,739.7936702966335,8.672844903829231,50268979.89665625,671104.738658306,0.023436801145004023,1.7432858109466889
19-1031.02,Range Managers,156557.73027692307,1835.3778461538461,6.117926153846153,3.669375,84.485625,25590.0,300.0,19,"Life, Physical, and Social Science Occupations",67950.0,32.67,77380.0,37.2,0.0,0.0,0.0,False,False,False,False,0.0,0.0,0.0,0.0,0.0,0.0,,
19-1031.03,Park Naturalists,457363.82013461535,5361.82673076923,17.872755769230768,3.6119999999999997,86.2145,25590.0,300.0,19,"Life, Physical, and Social Science Occupations",67950.0,32.67,77380.0,37.2,715.0641152289679,16.814626471968303,0.7957407692307692,False,False,False,False,0.15634470496999608,0.31359884077335726,40.008610001822,0.46903411490998825,2718585.0496238046,36293.85981173489,0.02351485148514851,1.749091383544742
19-1032.00,Foresters,68150.40444230768,282.48872307692307,7.062218076923076,3.2895999999999996,68.5616,9650.0,40.0,19,"Life, Physical, and Social Science Occupations",70660.0,33.97,68930.0,33.14,0.0,0.0,0.0,False,False,False,False,0.0,0.0,0.0,0.0,0.0,0.0,,
19-1041.00,Epidemiologists,159844.44583846154,2510.645746153846,13.948031923076925,3.8449999999999998,90.46124999999999,11460.0,180.0,19,"Life, Physical, and Social Science Occupations",83980.0,40.38,72160.0,34.69,25445.786207978643,399.67203468029277,4.184487371794872,False,False,False,False,15.919093137395654,15.91909313739565,1824.3280735455419,28.654367647312178,153207071.6163546,2067699.1694300468,0.015706806282722512,1.1683101443131592
19-1042.00,"Medical Scientists, Except Epidemiologists",2370289.019076923,25022.244923076923,15.164996923076922,4.117142857142857,67.44785714285715,156300.0,1650.0,19,"Life, Physical, and Social Science Occupations",100590.0,48.36,78570.0,37.77,699126.7319430466,7380.416556020646,8.018423717948718,False,False,False,False,29.495421288974793,29.495421288974793,46101.34347466761,486.6744512680841,4637334140.116815,38238011.636133365,0.010556621880998082,0.7852270035834766
19-2011.00,Astronomers,8418.5448,91.7405523076923,5.396503076923076,3.9105882352941177,92.83764705882353,1560.0,17.0,19,"Life, Physical, and Social Science Occupations",132170.0,63.540000000000006,132170.0,63.540000000000006,3337.5114626095165,36.37031722074473,3.5379261538461537,False,False,False,False,39.644755024758155,39.64475502475816,618.4581783862272,6.739608354208887,81741617.43730766,890774.0361757886,0.010897435897435897,0.8105775723471854
19-2012.00,Physicists,299754.27984615386,842.7955384615385,14.046592307692308,3.943,77.899,21340.0,60.0,19,"Life, Physical, and Social Science Occupations",166290.0,79.95,133900.0,64.37,99141.2603723258,278.7476861452459,6.616790000000001,False,False,False,False,33.074176763450765,33.074176763450765,7058.029321320393,19.84450605807046,1173679695.8423681,2657179.361175635,0.002811621368322399,0.2091351804721775
19-2021.00,Atmospheric and Space Scientists,328318.0772923077,3627.204270769231,37.39385846153846,3.764074074074074,76.29629629629629,8780.0,97.0,19,"Life, Physical, and Social Science Occupations",97450.0,46.85,59640.0,28.67,90171.93742023798,996.2047755994402,16.35429115384615,False,False,False,False,27.46481039481607,27.46481039481607,2411.410352664851,26.640866082971588,234991938.86718974,1588861.2531884254,0.011047835990888382,0.8217646941416059
19-2031.00,Chemists,1125829.3577884615,10007.372069230769,13.52347576923077,3.855,89.64666666666666,83250.0,740.0,19,"Life, Physical, and Social Science Occupations",84150.0,40.46,77270.0,37.15,374344.94585062074,3327.5106297832954,7.7903175000000005,False,False,False,False,33.25059372993883,33.25059372993883,27681.119280174073,246.05439360154733,2329366187.426648,19012622.993591562,0.008888888888888889,0.6611770001890768
19-2032.00,Materials Scientists,107384.16376153845,1031.3004923076921,12.891256153846154,3.94375,89.285625,8330.0,80.0,19,"Life, Physical, and Social Science Occupations",104160.0,50.08,118720.0,57.08,18933.576584351296,181.83506923746742,4.003669615384616,False,False,False,False,17.63162827844518,17.631628278445184,1468.7146355944838,14.105302622756144,152981316.44352144,1674581.5273736094,0.009603841536614645,0.714356902965389
19-2041.00,"Environmental Scientists and Specialists, Including Health",945298.4042538462,9572.078507692308,11.130323846153846,3.4513636363636366,70.89999999999999,84930.0,860.0,19,"Life, Physical, and Social Science Occupations",80060.0,38.49,81480.0,39.17,24837.538064598484,1005.898542458564,4.614235769230769,False,False,False,False,2.6274812221018755,10.508674178238346,2231.519801931123,22.59633851007613,178655475.3426057,1841149.6618010032,0.04049912434325745,3.0124225736504293
19-2041.01,Climate Change Policy Analysts,308323.76357307687,3122.0821461538458,3.6303280769230764,4.090714285714285,97.515,84930.0,860.0,19,"Life, Physical, and Social Science Occupations",80060.0,38.49,81480.0,39.17,7126.119846166383,289.2665214571104,2.2696573076923077,False,True,True,False,2.3112457384354017,9.265179707505887,1962.9410056531865,19.876713350544456,157153056.9125941,1619554.6038023622,0.04059243006034009,3.0193628779890638
19-2041.02,Environmental Restoration Planners,702091.516973077,7109.368946153847,8.266708076923077,3.8865217391304347,94.66260869565217,84930.0,860.0,19,"Life, Physical, and Social Science Occupations",80060.0,38.49,81480.0,39.17,15.925480769230749,0.63701923076923,0.0509615384615384,False,False,False,False,0.0022682912959681068,0.008960278128677735,1.9264597976657132,0.019507305145325716,154232.371401117,1589.4552232411393,0.04,2.9752965008508454
19-2041.03,Industrial Ecologists,1104303.5009538461,11182.161907692307,13.002513846153844,3.4678947368421054,89.70184210526315,84930.0,860.0,19,"Life, Physical, and Social Science Occupations",80060.0,38.49,81480.0,39.17,6854.997208603395,277.53487532332974,1.9935423076923073,False,False,False,False,0.6207530088134617,2.4819429159974074,527.205530385273,5.338475875795771,42208074.76264496,434979.01435983944,0.040486504498500504,3.011483879151764
19-2042.00,"Geoscientists, Except Hydrologists and Geographers",360298.6529423077,5442.094269230769,16.006159615384615,3.6296875,60.8021875,22510.0,340.0,19,"Life, Physical, and Social Science Occupations",99240.0,47.71,104000.0,50.0,26574.49412031329,401.391737046047,2.0501061538461536,False,False,False,False,7.375685116582574,7.375685116582574,1660.2667197427372,25.07732939638075,164764869.26726925,2608042.257223598,0.015104398045313192,1.1235015662919672
19-2043.00,Hydrologists,54864.48879999999,959.1693846153845,9.591693846153845,3.536,88.6156,5720.0,100.0,19,"Life, Physical, and Social Science Occupations",92060.0,44.26,89310.0,42.94,6683.3091762082895,116.84106951413094,1.9452336923076923,False,False,False,False,12.181484458136955,12.181484458136955,696.7809110054338,12.181484458136957,64145650.667160235,1087928.3769562116,0.017482517482517484,1.30039182729495
19-2099.01,Remote Sensing Scientists and Technologists,697420.3051461538,3706.396661538461,30.886638846153843,3.8633333333333333,95.16666666666667,22580.0,120.0,19,"Life, Physical, and Social Science Occupations",117960.0,56.71,106850.0,51.37,35500.791060544674,188.6667372571019,2.3396923076923075,False,False,False,False,5.0903007553106745,5.0903007553106745,1149.3899105491503,6.108360906372809,135582033.84837776,652678.3628459347,0.005314437555358724,0.39530068656122835
19-3011.00,Economists,170846.61075384615,753.1021884615385,10.758602692307692,3.8042857142857143,91.66571428571429,15880.0,70.0,19,"Life, Physical, and Social Science Occupations",115440.0,55.5,115440.0,55.5,19659.707891399892,171.79427977192697,6.650400769230769,False,False,False,False,11.50722733371947,22.811549668030295,1827.347700594652,8.05505913360363,210949018.55664662,929876.026383203,0.008738394320043691,0.6499828510870225
19-3011.01,Environmental Economists,84846.30863076923,374.00765769230765,5.342966538461538,3.5770000000000004,96.29650000000001,15880.0,70.0,19,"Life, Physical, and Social Science Occupations",115440.0,55.5,115440.0,55.5,4019.8845170433137,36.14117669593498,2.817981098901099,False,False,False,False,4.737842555457405,9.663218373370302,752.369397806636,3.3164897888201836,86853523.28279807,382855.581221402,0.008990600735594606,0.6687425727290417
19-3022.00,Survey Researchers,136239.62936923077,705.9048153846154,17.647620384615383,4.344375,96.091875,7720.0,40.0,19,"Life, Physical, and Social Science Occupations",63380.0,30.47,50150.0,24.11,34823.82366684989,180.43431951735693,7.0028792307692305,False,False,False,False,25.56071521045603,25.560715210456024,1973.2872142472056,10.224286084182413,125066943.6389879,512747.947121748,0.0051813471502590676,0.38540110114648257
19-3032.00,Industrial-Organizational Psychologists,14685.993403846154,167.8399246153846,13.986660384615384,3.906,94.7692,1050.0,12.0,19,"Life, Physical, and Social Science Occupations",109840.0,52.81,109840.0,52.81,6370.802749188465,72.8091742764396,10.529458153846154,False,False,False,False,43.38012808530881,43.38012808530882,455.4913448957425,5.205615370237058,50031169.32334836,571784.7922668384,0.01142857142857143,0.8500847145288132
19-3033.00,Clinical and Counseling Psychologists,3333402.625776923,46175.406923076924,46.17540692307692,3.8853333333333335,95.589,72190.0,1000.0,19,"Life, Physical, and Social Science Occupations",95830.0,46.07,88990.0,42.79,432844.13374638447,11991.803123601174,22.559856685735152,True,True,True,True,12.985054082553276,25.97010816510655,9373.91054219521,129.85054082553276,898301847.258567,11555399.628064161,0.02770466823659786,2.0607400615395797
19-3034.00,School Psychologists,1181815.07685,13330.82963076923,18.515041153846155,4.002105263157895,92.55315789473684,63830.0,720.0,19,"Life, Physical, and Social Science Occupations",86930.0,41.79,75870.0,36.48,157419.96924061835,1775.6913340630615,4.419796153846153,True,False,True,False,13.320186239306086,13.320186239306086,8502.274876549074,95.90534092300382,739102755.018411,7276338.2158282995,0.011279962400125333,0.8390308164705502
19-3039.02,Neuropsychologists,336768.68222307693,3710.3238738461537,18.930223846153844,4.24,98.0,17790.0,196.0,19,"Life, Physical, and Social Science Occupations",117580.0,56.53000000000001,90270.0,43.4,13432.966684913736,147.99670996307432,1.4299864934274584,True,True,True,True,3.98878143782256,3.9887814378225603,709.6042177886334,7.818011618132217,83435263.92758751,705731.9087687952,0.011017425519955031,0.8195026899476753
19-3039.03,Clinical Neuropsychologists,303654.38306538464,3345.489549230769,17.06882423076923,4.388333333333333,95.37055555555555,17790.0,196.0,19,"Life, Physical, and Social Science Occupations",117580.0,56.53,90270.0,43.4,13432.966684913736,147.99670996307432,1.4299864934274584,True,True,True,True,4.423768413717009,4.423768413717009,786.9884008002559,8.670586090885338,92534096.1660941,782693.8064242195,0.011017425519955031,0.8195026899476753
19-3041.00,Sociologists,35741.37286538461,387.7030276923077,12.115719615384617,3.8973333333333335,98.33333333333333,2950.0,32.0,19,"Life, Physical, and Social Science Occupations",101690.0,48.89,101690.0,48.89,12773.488502716362,138.55987528370292,7.126359615384615,False,False,False,False,35.73866216842341,35.73866216842341,1054.2905339684905,11.43637189389549,107210804.3992558,1162964.6578902325,0.010847457627118645,0.806860068027348
19-3051.00,Urban and Regional Planners,310070.6551384615,3962.334115384615,7.204243846153846,4.1078947368421055,98.52631578947368,43040.0,550.0,19,"Life, Physical, and Social Science Occupations",83720.0,40.25,75480.0,36.29,71633.33920730537,1830.7777213762993,5.78284095464135,True,True,True,True,23.102263313281814,46.20452662656364,9943.214130036493,127.06244822304998,832445886.9666551,9590673.591875812,0.025557620817843872,1.9010374947350899
19-3091.00,Anthropologists and Archeologists,50161.34149615384,683.7357576923075,6.215779615384615,3.7056666666666667,78.16666666666667,8070.0,110.0,19,"Life, Physical, and Social Science Occupations",64910.0,31.21,72550.0,34.88,5382.050523839594,146.90633336509177,4.276065,True,True,True,True,10.729478844285428,21.485834507312994,865.8689427338339,11.80242672871397,56203553.07285316,856266.0591681985,0.027295606519183647,2.0303130641282157
19-3092.00,Geographers,14354.796623076923,156.03039807692306,10.402026538461538,3.8708333333333336,90.41666666666667,1380.0,15.0,19,"Life, Physical, and Social Science Occupations",97200.0,46.73,97200.0,46.73,2184.418118323349,23.743675199166837,2.7706307692307695,False,False,False,False,15.217339372204378,15.217339372204378,209.9992833364204,2.2826009058306567,20411930.340300065,221868.80804673984,0.010869565217391304,0.8085044839268601
19-3093.00,Historians,60186.98740769231,1725.1047346153846,19.167830384615385,3.723809523809524,82.60380952380953,3140.0,90.0,19,"Life, Physical, and Social Science Occupations",74050.0,35.6,32000.0,15.39,34240.02719784318,981.402053441365,17.302226971153846,False,False,False,False,56.889418581311254,56.88941858131127,1786.3277434531733,51.200476723180124,132277569.40270749,1638415.255141764,0.028662420382165606,2.131979976724332
19-3094.00,Political Scientists,32556.509730769223,361.13103230769224,5.471682307692307,3.5964285714285715,97.52785714285714,5950.0,66.0,19,"Life, Physical, and Social Science Occupations",139380.0,67.01,139380.0,67.01,8682.106048642327,96.30571415300732,2.537604230769231,False,False,False,False,26.667803522061366,26.667803522061366,1586.7343095626513,17.6007503245605,221159028.06684235,2453192.5802372424,0.011092436974789916,0.8250822229250244
19-3099.01,Transportation Planners,277024.82685384614,1723.4436076923075,7.493233076923076,3.8350000000000004,94.0909090909091,36970.0,230.0,19,"Life, Physical, and Social Science Occupations",100340.0,48.24,84640.0,40.69,70119.48698481591,436.2315933596878,3.221282692307692,False,False,False,False,25.311625597300647,25.31162559730064,9357.707983322049,58.21673887379149,938952419.0465344,4927464.778277712,0.006221260481471463,0.46275236353509225
19-4012.00,Agricultural Technicians,261256.97427692305,546.5627076923076,18.21875692307692,3.6107692307692307,58.606923076923074,14340.0,30.0,19,"Life, Physical, and Social Science Occupations",46790.0,22.49,47840.0,23.0,2713.225449385699,11.352407738015478,0.6306669230769231,True,False,True,False,1.03852747161872,2.07705494323744,148.92483943012445,0.311558241485616,6968193.236935523,14904.94627267187,0.004184100418410042,0.3112234833525989
19-4012.01,Precision Agriculture Technicians,268272.59866153845,561.2397461538461,18.707991538461535,3.7763636363636364,96.44136363636363,14340.0,30.0,19,"Life, Physical, and Social Science Occupations",46790.0,22.49,47840.0,23.0,15530.351073878363,64.9805484262693,3.8952030318889967,True,False,True,False,5.789018763512246,11.578037527024492,830.1452906876561,1.7367056290536738,38842498.15127543,83083.99729392775,0.0041841004184100415,0.31122348335259886
19-4013.00,Food Science Technicians,732549.5344615384,4642.919584615384,51.58799538461538,4.15375,82.92625,14200.0,90.0,19,"Life, Physical, and Social Science Occupations",49430.0,23.76,48790.0,23.46,132697.83242013984,841.0425998459567,16.601626923076925,True,False,True,False,18.114520066916644,18.114520066916644,2572.2618495021634,16.30306806022498,127146903.22089194,795426.6906583768,0.006338028169014085,0.4714378258390424
19-4021.00,Biological Technicians,2381918.3583384613,27198.700246153847,31.262873846153845,3.935294117647059,73.10058823529413,76190.0,870.0,19,"Life, Physical, and Social Science Occupations",52000.0,25.0,50690.0,24.37,676632.6356251108,7726.34719771422,13.112704615384615,False,False,False,False,28.407045659495438,28.407045659495434,21643.328087969578,247.1412972376103,1125453060.574418,12527592.356974466,0.011418821367633548,0.8493594814740241
19-4031.00,Chemical Technicians,1981411.9616,27064.577476923077,35.61128615384616,3.99375,76.60375,55640.0,760.0,19,"Life, Physical, and Social Science Occupations",57790.0,27.78,52890.0,25.43,691736.9967516531,9448.600243192961,19.36590230769231,False,False,False,False,34.91131628139925,34.91131628139925,19424.656378970543,265.3260037386343,1122550892.1407077,14033092.337736368,0.013659237958303377,1.016007072540727
19-4042.00,"Environmental Science and Protection Technicians, Including Health",667351.0309499999,5421.485907692308,16.94214346153846,3.4972,77.9128,39390.0,320.0,19,"Life, Physical, and Social Science Occupations",49490.0,23.79,54060.0,25.99,93272.26365693961,757.7335458294156,4.007036923076923,True,False,True,False,13.976492030612878,13.976492030612878,5505.340210858412,44.72477449796121,272459287.0353828,2417821.309359783,0.008123889312008125,0.6042744860829339
19-4043.00,"Geological Technicians, Except Hydrologic Technicians",185693.78604615387,2294.8768615384615,19.12397384615385,3.6134782608695653,68.82391304347826,9710.0,120.0,19,"Life, Physical, and Social Science Occupations",48390.0,23.270000000000003,61150.0,29.4,19420.480394165726,479.7740960965444,10.955665724196688,True,True,True,True,10.458336171431606,20.90631110267541,1015.504442246009,12.550003405717927,49140259.960284375,767432.7082596512,0.024704543160563495,1.8375835205185813
19-4051.00,Nuclear Technicians,249923.39177692306,2753.7468876923076,41.72343769230769,4.27125,65.023125,5990.0,66.0,19,"Life, Physical, and Social Science Occupations",104240.0,50.11,104240.0,50.11,2820.7876751237345,31.07527734237464,2.4965684165043815,True,True,True,True,1.1286609288823661,1.1284725361384362,67.60678964005373,0.7449162130623617,7047331.752079201,77650.06604962058,0.01101652478718077,0.8194356912708888
19-4051.02,Nuclear Monitoring Technicians,157000.24761923077,1729.885866923077,26.210391923076923,4.278125,88.815,5990.0,66.0,19,"Life, Physical, and Social Science Occupations",104240.0,50.11,104240.0,50.11,2236.2011125801055,24.647507252886935,4.029473461538462,False,False,False,False,1.4243296723986796,1.4248054004121729,85.3173473766809,0.9400575837831284,8893480.290545218,97991.6025335533,0.011022044088176353,0.8198462301943713
19-4061.00,Social Science Research Assistants,792843.6415153847,35381.91114230769,24.06932730769231,3.9272727272727277,63.55181818181818,32940.0,1470.0,19,"Life, Physical, and Social Science Occupations",58040.0,27.9,58040.0,27.9,176939.00726546565,7896.1852058359,7.952553461538462,False,False,False,False,22.3170115771222,22.31701157712221,7351.223613504053,328.0600701836964,426665018.5277752,19040606.47346174,0.04462659380692168,3.319433709965652
19-4071.00,Forest and Conservation Technicians,532563.4863230769,21761.76408076923,17.135247307692307,3.461,53.133500000000005,31080.0,1270.0,19,"Life, Physical, and Social Science Occupations",54310.0,26.110000000000003,44780.0,21.53,34320.217569951914,1402.4027128004805,1.7880192307692306,True,False,True,False,6.444342965926081,6.444342965926081,2002.901793809826,81.84315566726123,108777596.42181164,3664936.5107799578,0.040862290862290866,3.039435775483087
19-4092.00,Forensic Science Technicians,394072.0363461538,4254.762346153846,20.260773076923076,4.06625,70.63,19450.0,210.0,19,"Life, Physical, and Social Science Occupations",67440.0,32.42,64430.0,30.98,39510.01932524963,426.58632690500895,3.7034676923076923,False,False,False,False,10.026090582723798,10.0260905827238,1950.0746183397787,21.054790223719973,131513032.26083468,1356560.1341142778,0.010796915167095118,0.8031005979160382
19-4099.01,Quality Control Analysts,3116666.2137692305,61984.11797692307,43.650787307692305,3.8492307692307692,82.86576923076925,71400.0,1420.0,19,"Life, Physical, and Social Science Occupations",60130.0,28.91,52400.0,25.19,160994.2535615071,6403.692998805044,7.285067307692308,False,False,False,False,5.165591774000208,10.331183548000416,3688.2325266361486,73.35140319080296,221773421.8266316,3843613.527198075,0.039775910364145656,2.9586281731149864
19-4099.03,Remote Sensing Technicians,2361481.7326153843,46965.04286153846,33.07397384615384,3.7338888888888886,68.55000000000001,71400.0,1420.0,19,"Life, Physical, and Social Science Occupations",60130.0,28.91,52400.0,25.19,66378.45114957471,2640.2633230363053,3.0374346153846155,False,False,False,False,2.8108814153755644,5.621762830751129,2006.969330578153,39.91451609833302,120679065.84766434,2091520.64355265,0.03977591036414566,2.958628173114987
19-5011.00,Occupational Health and Safety Specialists,617026.6715884614,5284.819269230768,4.804381153846153,3.821818181818182,89.92045454545455,128430.0,1100.0,19,"Life, Physical, and Social Science Occupations",83910.0,40.34,87000.0,41.83,0.0,0.0,0.0,False,False,False,False,0.0,0.0,0.0,0.0,0.0,0.0,,
19-5012.00,Occupational Health and Safety Technicians,280403.50669230765,1961.4871692307688,8.915850769230769,3.5603846153846153,79.85384615384615,31450.0,220.0,19,"Life, Physical, and Social Science Occupations",58440.0,28.1,63510.0,30.54,3592.347302110566,25.129297502840206,0.2197930769230768,True,False,True,False,1.2811349417439777,1.2811349417439777,402.91693917848096,2.818496871836751,23546465.925590426,179002.73633035205,0.006995230524642289,0.5203221225653306
21-1011.00,Substance Abuse and Behavioral Disorder Counselors,6344164.329108974,69867.03163846154,39.20708846153846,4.357826086956522,90.22130434782609,161811.66666666666,1782.0,21,Community and Social Service Occupations,60200.0,28.94,60200.0,28.94,1505608.6261904896,16580.971119952945,17.812769615384614,False,False,False,False,23.732182019344847,23.732182019344844,38401.43926186889,422.9074835847252,2311766643.564507,25459030.511800457,0.011012802949931505,0.8191588520372769
21-1012.00,"Educational, Guidance, and Career Counselors and Advisors",11810169.48425,126950.2664,34.497355,3.816857142857143,73.76657142857142,342350.0,3680.0,21,Community and Social Service Occupations,65140.0,31.32,62500.0,30.05,2797786.711305658,30074.061917934338,14.52778623931624,False,True,True,False,23.689640652801607,23.689640652801607,81101.4847748663,871.7787760230992,5282950718.234791,54486173.5014437,0.010749233240835402,0.7995539012071792
21-1013.00,Marriage and Family Therapists,2789126.696326923,83838.93819230769,42.34289807692308,3.9953333333333334,82.914,65870.0,1980.0,21,Community and Social Service Occupations,63780.0,30.66,81170.0,39.02,756292.9864774001,22733.56783399502,21.452254230769228,False,False,False,False,27.115763062086167,27.115763062086167,17861.153128996157,536.8921086293061,1139184346.567375,43579532.45744078,0.030059207529983298,2.2358763745577175
21-1014.00,Mental Health Counselors,7721003.246197435,85029.88732615384,47.71598615384615,4.0488888888888885,90.93518518518519,161811.66666666666,1782.0,21,Community and Social Service Occupations,60200.0,28.94,60200.0,28.94,2082375.4517964283,22932.790518408656,24.266336923076924,False,False,False,False,26.970270383217237,26.970270383217237,43641.044011590195,480.6102182289312,2627190849.49773,28932735.137381658,0.011012802949931505,0.8191588520372769
21-1015.00,Rehabilitation Counselors,1763044.843253846,11895.05123076923,19.825085384615384,4.1135294117647065,84.63117647058823,88930.0,600.0,21,Community and Social Service Occupations,46110.0,22.17,46700.0,22.45,50964.243086485185,343.84961038897006,1.0833911538461538,False,False,False,False,2.8906946571152683,2.890694657115268,2570.694758572608,17.344167942691612,118534735.31778295,809972.6429236983,0.006746879568199707,0.5018491792731663
21-1021.00,"Child, Family, and School Social Workers",11087600.20436923,52982.83991538461,28.952371538461538,4.158095238095238,64.96190476190476,382960.0,1830.0,21,Community and Social Service Occupations,58570.0,28.16,49070.0,23.59,570937.9106116942,2728.2650313855243,2.8370588461538464,False,False,False,False,5.1493370980918645,5.1493370980918645,19719.901350852604,94.23286889508113,1154994622.119437,4624006.8766816305,0.004778566952162106,0.3554413382962351
21-1022.00,Healthcare Social Workers,5973536.545546154,62003.471726923075,32.12615115384615,4.055294117647058,87.64470588235294,185940.0,1930.0,21,Community and Social Service Occupations,68090.0,32.74,72370.0,34.79,1092583.1373795788,11340.676858893123,11.265490384615385,False,False,False,False,18.290390107250698,18.2903901072507,34009.151365421945,353.0045290699384,2315683116.47158,25546937.768791445,0.01037969237388405,0.7720665599981354
21-1023.00,Mental Health and Substance Abuse Social Workers,2956789.4217576925,39452.038984615385,23.48335653846154,3.9784615384615383,89.82153846153847,125910.0,1680.0,21,Community and Social Service Occupations,60060.0,28.88,60060.0,28.88,478872.2413512145,6389.527165991903,6.413596153846155,False,False,False,False,16.19568298734457,16.195682987344572,20391.984449365547,272.08747418738875,1224742586.0288947,16341573.699694568,0.013342863950440792,0.9924744105768845
21-1091.00,Health Education Specialists,434178.6438461538,3265.5032307692304,6.664292307692308,3.816875,77.09125,65150.0,490.0,21,Community and Social Service Occupations,63000.0,30.29,61660.0,29.64,52132.9314982854,392.0972591582478,1.2254761538461536,False,True,True,False,12.007253750775938,12.007253750775938,7822.7258186305235,58.83554337880209,492831726.57372296,3627799.604736937,0.007521105141980046,0.5594379452866133
21-1092.00,Probation Officers and Correctional Treatment Specialists,2696388.5416384614,25777.499303846154,31.057228076923078,4.1519047619047615,79.69714285714285,86820.0,830.0,21,Community and Social Service Occupations,64520.0,31.02,74860.0,35.99,0.0,0.0,0.0,False,False,False,False,0.0,0.0,0.0,0.0,0.0,0.0,,
21-1093.00,Social and Human Service Assistants,5969506.526853846,88088.98886923077,14.071723461538461,3.4921052631578946,59.93578947368421,424220.0,6260.0,21,Community and Social Service Occupations,45120.0,21.69,40500.0,19.47,501672.6227297754,7402.929183650922,2.286173076923077,False,False,False,False,8.403921169580757,8.403921169580759,35651.11438559549,526.0854652157554,1608578281.0780683,21306461.341238096,0.014756494271840084,1.0976236442957836
21-1094.00,Community Health Workers,2005652.1157461538,19154.91893846154,33.025722307692305,3.7275,54.091071428571425,60730.0,580.0,21,Community and Social Service Occupations,51030.0,24.54,55520.0,26.69,82366.35675828901,786.637360774043,2.561688076923077,False,False,False,False,4.106712032043833,4.106712032043834,2494.00621706022,23.818929785854234,127269137.25658303,1322426.981710627,0.009550469290301336,0.7103869465229256
21-2011.00,Clergy,1572777.8291076922,17330.88516923077,27.079508076923076,4.173333333333334,97.01380952380953,58080.0,640.0,21,Community and Social Service Occupations,60820.0,29.24,60820.0,29.24,605733.9755220192,6674.754551206824,17.26277423076923,False,False,False,False,38.513639009374856,38.51363900937486,22368.721536644916,246.48728965999908,1360465643.858744,14991356.957121143,0.011019283746556474,0.8196409093253019
21-2021.00,"Directors, Religious Activities and Education",93101.63479999999,260.3028,4.33838,3.6468421052631577,89.15157894736842,21460.0,60.0,21,Community and Social Service Occupations,54840.0,26.37,31200.0,15.0,27487.710825467588,76.85287276458786,2.2109946153846156,False,False,False,False,29.524412631976244,29.524412631976244,6335.938950822102,17.714647579185748,347462892.06308407,552697.0044705953,0.0027958993476234857,0.20796573864288298
23-1011.00,Lawyers,21959794.8825,171801.8055,29.36783,4.082272727272727,75.10954545454545,747750.0,5850.0,23,Legal Occupations,151160.0,72.67,125710.0,60.43999999999999,3711959.3883358864,29040.404442346953,8.804681076923076,False,False,False,False,16.903433789784565,16.903433789784565,126395.42616311408,988.850876702397,19105932618.816326,124308443.71025833,0.0078234704112337,0.5819286034763439
23-1012.00,Judicial Law Clerks,350767.6481,15654.53195,26.533105,3.6127777777777776,74.4,13220.0,590.0,23,Legal Occupations,60400.0,29.040000000000003,50490.0,24.28,142902.0842363685,6377.627057447611,16.85479076923077,False,False,False,False,40.739813095770074,40.739813095770074,5385.803291260804,240.36489726504342,325302518.7921526,12136023.662912043,0.04462934947049924,3.3196386828706483
23-1021.00,"Administrative Law Judges, Adjudicators, and Hearing Officers",688821.4375615384,7639.424446153846,42.441246923076925,4.311428571428571,78.3157142857143,16230.0,180.0,23,Legal Occupations,115230.0,55.4,103790.0,49.9,129245.9083984869,1433.411183717045,11.967922307692309,False,False,False,False,18.76334001102285,18.763340011022848,3045.290083789009,33.77401201984114,350908776.35500747,3505404.7075393116,0.011090573012939002,0.8249435769457057
23-1022.00,"Arbitrators, Mediators, and Conciliators",196371.51016153846,999.3461076923077,24.983652692307693,3.8560000000000003,79.7105,7860.0,40.0,23,Legal Occupations,67710.0,32.55,55890.0,26.87,41808.19290247125,212.7643404705916,8.870981538461539,False,False,False,False,21.290355646844667,21.290355646844667,1673.421953841991,8.516142258737865,113307400.4946412,475967.1908408593,0.0050890585241730275,0.3785364504899294
23-1023.00,"Judges, Magistrate Judges, and Magistrates",739956.8118307692,2892.7162307692306,28.927162307692306,4.286190476190477,83.36476190476189,25580.0,100.0,23,Legal Occupations,156210.0,75.1,123640.0,59.44,120585.26213536161,471.40446495450203,7.6182346153846145,False,False,False,False,16.296256782475556,16.296256782475556,4168.582484957247,16.296256782475556,651174269.9751716,2014869.1885852776,0.003909304143862393,0.2907834734998872
23-2011.00,Paralegals and Legal Assistants,8293004.963815385,65265.465784615386,22.583206153846156,3.61,62.82,367220.0,2890.0,23,Legal Occupations,61010.0,29.33,55630.0,26.75,1050554.5552451904,8267.80312798486,4.3762845793269225,False,False,False,False,12.667960043784406,12.667960043784406,46519.282872785094,366.10404526536934,2838141448.068619,20366368.038112495,0.007869941724306955,0.5853852518557638
23-2093.00,"Title Examiners, Abstractors, and Searchers",3115143.2284923075,86010.80535384615,64.66977846153846,4.160625,76.46,48170.0,1330.0,23,Legal Occupations,54980.0,26.43,59310.0,28.51,584227.2346132078,16130.83292579544,18.650861310096154,False,False,False,False,18.754426097318383,18.754426097318383,9034.007051078264,249.4338670943345,496689707.668283,14793922.65736498,0.027610545982976957,2.0537390212433175
25-1011.00,"Business Teachers, Postsecondary",969677.6955461538,5098.574334615384,11.857149615384614,3.9108,81.048,81780.0,430.0,25,Educational Instruction and Library Occupations,97270.0,46.76442307692307,124620.0,59.91346153846154,428073.9824555133,2250.816977939236,8.560753076923076,False,False,False,False,44.14600690741971,44.14600690741971,36102.60444888784,189.82782970190473,3511700334.74332,23656344.13745137,0.005258009293225728,0.3911034162893934
25-1021.00,"Computer Science Teachers, Postsecondary",607802.2822153847,7044.066184615384,16.771586153846155,3.8784615384615386,78.19346153846153,36240.0,420.0,25,Educational Instruction and Library Occupations,96690.0,46.48557692307692,100340.0,48.24038461538461,276861.5290163655,3208.660104494302,12.509546153846154,False,False,False,False,45.551248673701934,45.551248673701934,16507.772519349583,191.3152444295481,1596136524.8959112,19196571.62606086,0.011589403973509934,0.8620478272332748
25-1022.00,"Mathematical Science Teachers, Postsecondary",589155.4976384615,4223.769442307693,12.067912692307694,3.6743478260869566,76.39304347826086,48820.0,350.0,25,Educational Instruction and Library Occupations,79350.0,38.14903846153846,79780.0,38.35576923076923,282591.8862217788,2025.9557594760877,9.438070723981902,False,False,False,False,47.965585885985035,47.96558588598504,23416.799029537895,167.87955060094762,1858123002.9938319,13393430.546943601,0.007169192953707498,0.5332618677272614
25-1031.00,"Architecture Teachers, Postsecondary",131915.63316923077,1735.7320153846154,14.46443346153846,3.9136363636363636,88.78863636363636,9120.0,120.0,25,Educational Instruction and Library Occupations,101480.0,48.78846153846154,61530.0,29.58173076923077,61209.8471773942,805.3927260183448,11.239937692307691,False,False,False,False,46.40075304711599,46.400753047116,4231.748677896979,55.680903656539186,429437855.8329854,3426046.001986856,0.013157894736842106,0.9787159542272519
25-1032.00,"Engineering Teachers, Postsecondary",790830.465,7727.985,19.815346153846153,3.67125,89.47666666666667,39910.0,390.0,25,Educational Instruction and Library Occupations,106120.0,51.01923076923077,102870.0,49.45673076923077,359060.167275449,3508.73127630732,14.552205384615384,False,False,False,False,45.40292555313344,45.40292555313345,18120.307588255557,177.07140965722044,1922927041.2656796,18215335.911438268,0.00977198697068404,0.726863966005907
25-1041.00,"Agricultural Sciences Teachers, Postsecondary",140455.57730769232,1614.431923076923,16.14431923076923,3.8443478260869566,87.96826086956521,8700.0,100.0,25,Educational Instruction and Library Occupations,86350.0,41.51442307692308,62170.0,29.889423076923077,66749.56850702684,767.2364196209982,12.992066923076923,False,False,False,False,47.52361549929792,47.523615499297925,4134.554548438919,47.52361549929792,357018785.2577006,2954543.1755913515,0.011494252873563218,0.8549702588651855
25-1042.00,"Biological Science Teachers, Postsecondary",844850.839326923,9678.10351153846,15.865743461538461,3.7177777777777776,89.56296296296296,53250.0,610.0,25,Educational Instruction and Library Occupations,83460.0,40.125,103830.0,49.91826923076923,342666.96985123464,3925.38688468081,10.781506538461537,False,False,False,False,40.5594637420531,40.559463742053104,21597.914442643276,247.4127288265239,1802561939.3830078,25688863.634057976,0.011455399061032864,0.8520802185535286
25-1043.00,"Forestry and Conservation Science Teachers, Postsecondary",25550.873334615386,273.0627684615385,19.504483461538463,3.8207999999999998,89.814,1310.0,14.0,25,Educational Instruction and Library Occupations,100830.0,48.47596153846154,100830.0,48.47596153846154,11384.341578340573,121.66471915783818,14.413576153846154,False,False,False,False,44.55558692358858,44.55558692358857,583.6781886990103,6.237782169302401,58852271.76652121,628955.5761307611,0.010687022900763359,0.7949265460288518
25-1051.00,"Atmospheric, Earth, Marine, and Space Sciences Teachers, Postsecondary",142386.54596923076,2356.5717538461536,12.40300923076923,3.5276923076923077,81.78307692307693,11480.0,190.0,25,Educational Instruction and Library Occupations,101390.0,48.74519230769231,77900.0,37.45192307692308,57978.77119849917,959.5789658288189,8.257285,False,False,False,False,40.719276392186785,40.719276392186785,4674.572929823043,77.3666251451549,473954949.35475826,6026860.098807567,0.016550522648083623,1.231067803052397
25-1052.00,"Chemistry Teachers, Postsecondary",394897.7099076923,5422.822892307692,19.367224615384615,3.812857142857143,89.57892857142858,20390.0,280.0,25,Educational Instruction and Library Occupations,86220.0,41.45192307692308,105090.0,50.52403846153846,122464.01949578742,1681.7030632084588,10.263181923076923,False,False,False,False,31.011580068269705,31.0115800682697,6323.261175920193,86.83242419115517,545191578.587839,9125219.458248496,0.01373222167729279,1.0214357776339342
25-1053.00,"Environmental Science Teachers, Postsecondary",94363.91832692307,1045.5469211538461,13.234771153846154,3.696,90.1648,7130.0,79.0,25,Educational Instruction and Library Occupations,87710.0,42.16826923076924,87710.0,42.16826923076924,42417.95678659594,469.9885815064627,9.801381923076923,False,False,False,False,44.95145765316702,44.95145765316702,3205.038930670808,35.51165154600194,281113964.6091366,3114726.9570998303,0.011079943899018233,0.8241529578093156
25-1054.00,"Physics Teachers, Postsecondary",178842.3405923077,1973.9772692307693,13.159848461538461,3.6962500000000005,87.13666666666667,13590.0,150.0,25,Educational Instruction and Library Occupations,97360.0,46.8076923076923,81060.0,38.97115384615385,82324.89149696637,908.6632615559203,10.060829185520362,False,False,False,False,46.03210359712061,46.03210359712062,6255.762878848692,69.04815539568091,609061073.8847086,5597043.476373894,0.011037527593818985,0.820997930698357
25-1061.00,"Anthropology and Archeology Teachers, Postsecondary",83755.38461538461,1114.6153846153845,15.923076923076923,3.921538461538461,90.91653846153847,5260.0,70.0,25,Educational Instruction and Library Occupations,95770.0,46.04326923076923,75520.0,36.30769230769231,38034.18612319368,506.1583704607524,11.970575384615385,False,False,False,False,45.41103392677558,45.41103392677558,2388.6203845483956,31.787723748742906,228758174.22819984,2400608.897505064,0.013307984790874526,0.9898800145416312
25-1062.00,"Area, Ethnic, and Cultural Studies Teachers, Postsecondary",229752.31984615384,3216.1304615384615,20.100815384615384,3.8104347826086955,87.81695652173913,11430.0,160.0,25,Educational Instruction and Library Occupations,84290.0,40.52403846153846,64890.0,31.197115384615383,121394.78331162751,1699.3145520437797,17.246401538461537,False,False,False,False,52.83723942065768,52.83723942065768,6039.296465781173,84.53958307305228,509052299.100695,5485773.545610363,0.01399825021872266,1.0412236223450029
25-1063.00,"Economics Teachers, Postsecondary",235807.92567692307,3037.7832615384614,18.986145384615384,3.6731818181818183,89.98454545454545,12420.0,160.0,25,Educational Instruction and Library Occupations,119980.0,57.68269230769231,102590.0,49.32211538461539,121778.0387999382,1568.7992115934067,16.026435384615386,False,False,False,False,51.64289472050421,51.64289472050421,6414.047524286622,82.62863155280672,769557421.9639089,8476871.311002443,0.01288244766505636,0.9582275365059084
25-1064.00,"Geography Teachers, Postsecondary",47107.08299230769,1002.2783615384615,14.318262307692306,3.6431999999999998,89.3984,3290.0,70.0,25,Educational Instruction and Library Occupations,86730.0,41.69711538461539,81940.0,39.39423076923077,21363.476089007785,454.54204444697416,10.468014615384615,False,False,False,False,45.35087874682522,45.35087874682522,1492.0439107705495,31.745615122777654,129404968.38112976,2601235.703160401,0.02127659574468085,1.582604521729173
25-1065.00,"Political Science Teachers, Postsecondary",242042.12864230768,1409.680423076923,14.09680423076923,3.8245454545454547,91.44772727272726,17170.0,100.0,25,Educational Instruction and Library Occupations,94680.0,45.51923076923077,70820.0,34.04807692307692,128484.76605631982,748.3096450571917,12.525904615384615,False,False,False,False,53.083637454782064,53.083637454782064,9114.46055098608,53.083637454782064,862957124.967362,3759383.2045476655,0.005824111822947,0.4332114881844562
25-1066.00,"Psychology Teachers, Postsecondary",959735.2741500001,5766.25375,23.065015,3.6558620689655172,84.29379310344828,41610.0,250.0,25,Educational Instruction and Library Occupations,80330.0,38.62019230769231,81370.0,39.12019230769231,409868.2933774327,2462.558840287387,16.673131153846153,False,False,False,False,42.70639044088871,42.70639044088871,17770.129062453794,106.76597610222177,1427474467.5869133,8687547.475437785,0.00600817111271329,0.4469022622042245
25-1067.00,"Sociology Teachers, Postsecondary",144958.9675,936.73,11.709125,3.6804166666666664,87.93624999999999,12380.0,80.0,25,Educational Instruction and Library Occupations,82540.0,39.68269230769231,86810.0,41.73557692307692,65791.16529388321,425.1448484257397,8.709487692307691,False,False,False,False,45.38606091677854,45.38606091677855,5618.794341497184,36.308848733422835,463775284.9471776,3151971.158548436,0.006462035541195478,0.4806617933523176
25-1071.00,"Health Specialties Teachers, Postsecondary",2407803.3767538457,34169.59345384615,10.481470384615383,3.8786363636363634,81.94590909090908,229720.0,3260.0,25,Educational Instruction and Library Occupations,105620.0,50.77884615384616,136030.0,65.39903846153847,1211523.6231356624,17192.961045717657,8.628347139423076,False,False,False,False,50.31655137758862,50.316551377588624,115587.18182459656,1640.3195749093888,12208318144.313889,223132671.77492416,0.014191189273898662,1.0555748947385686
25-1072.00,"Nursing Instructors and Teachers, Postsecondary",1330937.5326923076,13264.562615384615,17.925084615384613,4.056206896551724,81.42758620689655,74250.0,740.0,25,Educational Instruction and Library Occupations,79940.0,38.43269230769231,75380.0,36.24038461538461,448824.8106585097,4473.136160098279,10.270618846153845,False,False,False,False,33.722455008883664,33.722455008883664,25038.92284409612,249.5461670657391,2001611492.1570437,18810790.073415413,0.009966329966329967,0.7413196668786619
25-1081.00,"Education Teachers, Postsecondary",677157.6274846154,3437.9300769230767,11.459766923076922,3.62375,84.70041666666667,59090.0,300.0,25,Educational Instruction and Library Occupations,72090.0,34.65865384615385,67580.0,32.49038461538461,373387.6801153885,1895.6896942734227,10.367410384615384,False,False,False,False,55.14043775928251,55.14043775928251,32582.484671960035,165.42131327784756,2348871320.001599,11179172.351316938,0.00507700118463361,0.37763959648639944
25-1082.00,"Library Science Teachers, Postsecondary",81016.23653846154,1383.2040384615386,19.760057692307694,3.9528,85.5784,4100.0,70.0,25,Educational Instruction and Library Occupations,78630.0,37.80288461538461,79880.0,38.40384615384615,40521.174019559105,691.8249222851555,16.39846153846154,False,False,False,False,50.016114980016546,50.016114980016546,2050.6607141806785,35.011280486011586,161243451.95602676,2796701.0852226056,0.01707317073170732,1.2699436284119463
25-1111.00,"Criminal Justice and Law Enforcement Teachers, Postsecondary",210125.31669230768,1239.6773846153844,15.495967307692306,3.795217391304348,80.38130434782609,13560.0,80.0,25,Educational Instruction and Library Occupations,71470.0,34.36057692307692,79700.0,38.31730769230769,94283.75413691238,556.2463370909285,11.585834615384615,False,False,False,False,44.870249630592916,44.870249630592916,6084.405849908399,35.896199704474334,434852486.0929533,2860927.1164466045,0.0058997050147492625,0.43883429216089165
25-1112.00,"Law Teachers, Postsecondary",369527.95707692305,1620.7366538461538,16.20736653846154,3.7673913043478264,81.01565217391304,22800.0,100.0,25,Educational Instruction and Library Occupations,126650.0,60.88942307692309,138020.0,66.35576923076923,181856.7095122197,797.6171469834197,13.430188461538462,False,False,False,False,49.21324788272065,49.213247882720644,11220.62051726031,49.21324788272065,1421091588.5110183,6792412.472773104,0.0043859649122807015,0.3262386514090839
25-1113.00,"Social Work Teachers, Postsecondary",239689.51476923077,2693.1406153846156,17.95427076923077,3.92,87.87166666666667,13350.0,150.0,25,Educational Instruction and Library Occupations,76210.0,36.63942307692308,64140.0,30.836538461538463,121029.43084503029,1359.8812454497788,14.890375384615385,False,False,False,False,50.494253351697715,50.494253351697715,6740.982822451645,75.74138002754657,513730300.89903986,4858052.114966837,0.011235955056179777,0.8357574440592264
25-1121.00,"Art, Drama, and Music Teachers, Postsecondary",2733515.41215,24852.67868846154,27.924358076923077,3.8785714285714286,83.10214285714287,97890.0,890.0,25,Educational Instruction and Library Occupations,80190.0,38.552884615384606,63500.0,30.528846153846157,1137273.8532257136,10339.909381661917,19.155826153846153,False,False,False,False,41.60480852497591,41.60480852497591,40726.94706509892,370.2827958722856,3265893885.1502824,23512957.537890136,0.009091837777096741,0.6762728281124866
25-1122.00,"Communications Teachers, Postsecondary",588625.2656307692,4224.583246153847,20.117063076923078,3.899545454545455,84.25636363636363,29260.0,210.0,25,Educational Instruction and Library Occupations,77800.0,37.40384615384615,62810.0,30.197115384615383,302179.5713155469,2168.7529041785665,16.541666538461538,False,False,False,False,51.33649351455074,51.33649351455074,15021.058002357546,107.80663638055655,1168638312.5834172,6771334.831062757,0.007177033492822967,0.5338450659421373
25-1123.00,"English Language and Literature Teachers, Postsecondary",1342732.7148538462,10139.783884615385,22.532853076923075,3.6827272727272726,80.4718181818182,59590.0,450.0,25,Educational Instruction and Library Occupations,78270.0,37.62980769230769,62780.0,30.182692307692307,614231.0479101401,4638.428789386861,16.605808695652176,False,False,False,False,45.74484862960965,45.74484862960965,27259.35529838439,205.8518188332434,2133589739.2045462,12923377.186351022,0.007551602617888908,0.5617064211205238
25-1124.00,"Foreign Language and Literature Teachers, Postsecondary",334494.52499615384,1738.044296153846,15.800402692307692,3.875,86.30583333333334,21170.0,110.0,25,Educational Instruction and Library Occupations,77010.0,37.02403846153846,65040.0,31.26923076923077,170006.85381336565,883.3610731917913,12.90964479638009,False,False,False,False,50.82500343326112,50.82500343326112,10759.653226821378,55.90750377658723,828600894.9975142,3636224.045629233,0.0051960321209258385,0.3864934046924811
25-1125.00,"History Teachers, Postsecondary",262716.7191,2116.5496,13.228435,3.7836000000000003,91.8752,19860.0,160.0,25,Educational Instruction and Library Occupations,81500.0,39.18269230769231,78110.0,37.55288461538461,140954.1519127846,1135.5822913416687,11.587797692307692,False,False,False,False,53.652524436075986,53.652524436076,10655.391353004692,85.84403909772158,868414395.2698824,6705277.893923032,0.008056394763343404,0.5992540787212176
25-1126.00,"Philosophy and Religion Teachers, Postsecondary",308601.6376,1036.5698,14.80814,3.9263636363636363,87.80681818181819,20840.0,70.0,25,Educational Instruction and Library Occupations,78050.0,37.52403846153846,87240.0,41.94230769230769,178373.4838621154,599.1431799591209,14.089642914979757,False,False,False,False,57.80056296827486,57.800562968274875,12045.637322588482,40.4603940777924,940161993.028031,3529764.779346609,0.003358925143953935,0.24984495568565165
25-1192.00,"Family and Consumer Sciences Teachers, Postsecondary",44027.08813076923,3013.2607846153846,16.74033769230769,4.086956521739131,84.3004347826087,2630.0,180.0,25,Educational Instruction and Library Occupations,77280.0,37.15384615384615,74790.0,35.95673076923077,38529.477981513024,2636.99849303131,24.102247400946464,False,True,True,False,87.51311889415169,87.5131188941517,2301.5950269161895,157.52361400947305,177867263.68008313,11781191.09176849,0.06844106463878327,5.09081150335696
25-1193.00,"Recreation and Fitness Studies Teachers, Postsecondary",271735.6382769231,4071.748523076923,21.430255384615386,3.857391304347826,84.46478260869566,12680.0,190.0,25,Educational Instruction and Library Occupations,75890.0,36.48557692307692,55770.0,26.8125,126238.2484933947,1891.5825878347787,16.23843,False,False,False,False,46.45627246167341,46.45627246167342,5890.655348140188,88.26691767717948,447041834.3703589,4922645.9988563,0.01498422712933754,1.1145629636468073
25-1194.00,"Career/Technical Education Teachers, Postsecondary",2801498.2155,70573.05446153846,25.204662307692306,4.0515,89.0005,111150.0,2800.0,25,Educational Instruction and Library Occupations,61490.0,29.559999999999995,49850.0,23.97,551941.0107211792,13904.047053704919,7.858857307692307,False,True,True,False,19.70163706217714,19.70163706217714,21898.369594609892,551.64583774096,1346530746.3725622,27499545.011386856,0.025191183085919926,1.8737809721957641
25-2011.00,"Preschool Teachers, Except Special Education",27926988.99526154,265415.5734923077,62.74599846153846,4.195,88.985,445080.0,4230.0,25,Educational Instruction and Library Occupations,37120.0,17.85,34210.0,16.45,4710666.17580019,44769.744593409734,17.091642692307694,False,False,False,False,16.867791141391805,16.867791141391805,75075.16481210665,713.5075652808733,2786790117.825399,24409093.808258675,0.009503909409544351,0.7069237102655184
25-2012.00,"Kindergarten Teachers, Except Special Education",11955403.201384615,54337.992,104.49613846153846,4.173513513513513,97.21486486486486,114410.0,520.0,25,Educational Instruction and Library Occupations,61430.0,19.27,60420.0,29.048076923076923,2500798.286657868,11366.271384163023,35.29456423076923,False,False,False,False,20.917724350511556,20.91772435051156,23931.96842942027,108.7721666226601,1470140820.6192873,6572014.307341123,0.004545057250240364,0.338072323320173
25-2021.00,"Elementary School Teachers, Except Special Education",141818567.9799269,1608208.7791538462,101.78536576923076,4.135526315789474,94.36578947368422,1393310.0,15800.0,25,Educational Instruction and Library Occupations,62340.0,29.971153846153847,61710.0,29.66826923076923,44010597.450036034,499075.8981924836,47.85598514423077,False,False,False,False,31.033029085630957,31.033029085630954,432386.2975530047,4903.218595529691,26954961789.45431,302577619.53013724,0.011339902821339112,0.8434893296079723
25-2022.00,"Middle School Teachers, Except Special and Career/Technical Education",43775572.027707696,375398.6220923077,70.56365076923078,3.8017142857142856,91.218,620370.0,5320.0,25,Educational Instruction and Library Occupations,62970.0,30.274038461538463,75490.0,36.29326923076923,17234609.161304183,147795.86494856013,40.698043846153844,False,False,False,False,39.370380244021845,39.37038024402184,244242.02791983832,2094.504228981962,15379920498.112219,158114124.24584833,0.008575527507777616,0.6378684246710229
25-2023.00,"Career/Technical Education Teachers, Middle School",1041120.0511538462,12464.113288461538,73.31831346153847,4.067096774193549,98.81838709677419,14200.0,170.0,25,Educational Instruction and Library Occupations,63620.0,30.58653846153846,71910.0,34.57211538461539,295748.56134752376,3540.6517907802136,32.62084346153846,False,False,False,False,28.40676836641013,28.40676836641013,4033.7611080302386,48.291506222897226,256627881.6928838,3472642.2124885395,0.011971830985915491,0.8904936710293022
25-2031.00,"Secondary School Teachers, Except Special and Career/Technical Education",86618501.18136923,915820.205676923,80.76015923076923,3.9459375,93.9715625,1072540.0,11340.0,25,Educational Instruction and Library Occupations,64580.0,31.048076923076923,74280.0,35.71153846153846,31978736.176145237,338112.20862390863,45.379842403846155,False,False,False,False,36.91905971587458,36.91905971587458,395971.6830766413,4186.6213717801775,25571851293.089493,310982235.4958316,0.010573032241221771,0.7864476457672577
25-2032.00,"Career/Technical Education Teachers, Secondary School",7054440.917115384,58758.86642307692,67.53892692307691,4.005151515151515,95.36121212121212,104450.0,870.0,25,Educational Instruction and Library Occupations,63910.0,30.72596153846154,65240.0,31.365384615384617,2340407.0220948462,19494.055617257218,35.49610338942308,False,False,False,False,33.17636435818158,33.17636435818158,34652.71257212066,288.63436991617976,2214654860.4842315,18830506.293331567,0.00832934418382001,0.6195567151125505
25-2051.00,"Special Education Teachers, Preschool",2590541.0143846152,13779.473480769231,91.86315653846154,4.2444444444444445,87.14416666666666,28200.0,150.0,25,Educational Instruction and Library Occupations,62190.0,29.89903846153846,56040.0,26.942307692307693,260095.58527869362,1383.487155737732,12.963130256410256,False,False,False,False,10.040203333375114,10.040203333375114,2831.3373400117825,15.060305000062671,176080869.17533275,843979.4922035121,0.0053191489361702135,0.39565113043229333
25-2057.00,"Special Education Teachers, Middle School",7693687.177219231,64564.667384615386,80.70583423076923,4.0455,90.17025,95330.0,800.0,25,Educational Instruction and Library Occupations,64880.0,31.19230769230769,73640.0,35.40384615384615,2041484.7716728551,17131.939760183403,32.60153183431953,True,False,True,False,26.534543511434,26.534543511433995,25295.38032945003,212.276348091472,1641164275.7747178,15632030.273455998,0.008391901814748765,0.6242099026226465
25-2058.00,"Special Education Teachers, Secondary School",12717758.106507692,107036.05237692308,78.12850538461538,4.078,89.31725,162780.0,1370.0,25,Educational Instruction and Library Occupations,69590.0,33.45673076923077,60080.0,28.88461538461538,3208315.809627586,27002.04361217467,29.774065934065934,True,False,True,False,25.227054821760504,25.227054821760504,41064.59983886175,345.6106510581189,2857685502.7863894,20764287.915571783,0.008416267354711881,0.6260222702674866
25-2059.01,Adapted Physical Education Specialists,2042089.3627884616,6746.41975,51.895536538461535,4.2245,96.42999999999999,39350.0,130.0,25,Educational Instruction and Library Occupations,67430.0,32.41826923076923,65030.0,31.26442307692308,229769.1759626725,759.0849523544455,9.242876923076922,False,False,False,False,11.251670967470492,11.251670967470494,4427.532525699638,14.62717225771164,298548518.20792663,951205.011918988,0.0033036848792884375,0.2457360515315184
25-3011.00,"Adult Basic Education, Adult Secondary Education, and English as a Second Language Instructors",1530023.2642692307,6751.3436923076915,42.19589807692307,3.6772972972972973,80.04702702702703,36260.0,160.0,25,Educational Instruction and Library Occupations,59950.0,28.82,49060.0,23.59,514178.07742468145,2268.8497624917,22.236647435897435,False,True,True,False,33.605899297894865,33.60589929789487,12185.499085416677,53.76943887663178,730520670.1707298,2637928.6712875552,0.00441257584114727,0.3282180364976112
25-3021.00,Self-Enrichment Teachers,15895244.799276922,280273.9910153846,51.520954230769235,3.759666666666667,73.59233333333333,308520.0,5440.0,25,Educational Instruction and Library Occupations,45590.0,21.92,38010.0,18.280000000000005,4484248.0873010885,79068.81108167354,23.400207546627076,False,True,True,False,28.21125527745932,28.21125527745932,87037.36478201748,1534.692287093787,3968033460.412177,58333653.83243484,0.017632568391028135,1.3115529758709807
25-3041.00,Tutors,9250088.58816923,103273.06049999999,52.96054384615384,3.9363157894736847,90.43052631578948,174660.0,1950.0,25,Educational Instruction and Library Occupations,40090.0,19.27,35460.0,17.05,3537186.733412032,39491.09200820716,32.931423076923075,True,False,True,False,38.239490354028156,38.23949035402816,66789.09385234558,745.670061903549,2677574772.5405345,26441460.39509985,0.011164548265200962,0.83044603467582
25-4011.00,Archivists,152766.82961538463,2166.9053846153847,21.669053846153847,4.220769230769231,98.01384615384616,7050.0,100.0,25,Educational Instruction and Library Occupations,61570.0,29.6,51250.0,24.64,69619.94124788066,987.516897133059,15.334632692307693,False,False,False,False,45.57268185977296,45.57268185977297,3212.874071113994,45.57268185977296,197816656.5584886,2335599.9453133643,0.014184397163120567,1.055069681152782
25-4012.00,Curators,79565.5395076923,583.1350615384615,6.4792784615384615,3.6573333333333333,81.81333333333333,12280.0,90.0,25,Educational Instruction and Library Occupations,61770.0,29.7,50040.0,24.06,21397.981808843237,156.82559957621265,2.784398846153846,False,False,False,False,26.893529461676692,26.893529461676692,3302.525417893898,24.204176515509026,203996995.0633061,1211176.9928360716,0.00732899022801303,0.5451479745044302
25-4013.00,Museum Technicians and Conservators,258732.68445384616,1385.714453846154,19.79592076923077,3.8037500000000004,64.87958333333334,13070.0,70.0,25,Educational Instruction and Library Occupations,47460.0,22.820000000000004,43230.0,20.78,41929.32526822036,224.56409860561786,5.405592307692308,False,False,False,False,16.20565463413645,16.20565463413645,2118.079060681634,11.343958243895516,100524032.21995035,490399.31488360313,0.005355776587605203,0.39837558351101604
25-4022.00,Librarians and Media Collections Specialists,4863107.241603846,60129.44552692308,36.88923038461539,3.807142857142857,83.28821428571429,131830.0,1630.0,25,Educational Instruction and Library Occupations,64320.0,30.92,49760.0,23.92,964701.848288322,23855.93586755617,22.999871102869538,True,True,True,True,19.837149385382762,39.674298770765525,26151.314034750092,323.34553498173904,1682052518.715126,16089673.820691334,0.02472881741636957,1.8393890982275958
25-4031.00,Library Technicians,4318637.4384,29856.3792,58.54192,3.6703225806451614,65.68741935483871,73770.0,510.0,25,Educational Instruction and Library Occupations,39970.0,19.22,36630.0,17.61,791676.0162444074,5473.156680014203,17.741376653846153,False,False,False,False,18.33161564351448,18.33161564351448,13523.23286022063,93.49123978192384,540523617.4230186,3424584.11321187,0.006913379422529483,0.5142338401226553
25-9021.00,Farm and Home Management Educators,61005.585115384616,671.8938711538461,5.945963461538462,3.7733333333333334,86.34533333333334,10260.0,113.0,25,Educational Instruction and Library Occupations,58120.0,27.94,58120.0,27.94,24567.917422941227,270.5823263930174,3.969517307692308,False,True,True,False,40.27158722676623,40.27158722676623,4131.864849466216,45.506893566245836,240143985.05097646,2644860.654070208,0.01101364522417154,0.8192215024272552
25-9031.00,Instructional Coordinators,1641903.3040192307,25541.583292307692,7.7870680769230765,3.8461538461538463,80.13153846153847,210850.0,3280.0,25,Educational Instruction and Library Occupations,74720.0,35.92,59690.0,28.7,1298554.0703590764,40400.95143101877,24.593745128359778,True,True,True,True,79.08834017084524,158.17716141029615,166757.76525022718,2594.097557603724,12460140219.496975,154841683.2133663,0.031112259668823104,2.3142049331553065
25-9042.00,"Teaching Assistants, Preschool, Elementary, Middle, and Secondary School, Except Special Education",17096834.767641347,188317.56104538462,44.688552692307695,3.964642857142857,75.10857142857142,382577.5,4214.0,25,Educational Instruction and Library Occupations,35550.0,17.091346153846153,35550.0,17.091346153846153,4012254.401382025,44194.02617096889,4.222694615384616,True,True,True,True,23.467819955632347,23.467819955632343,89782.59889075934,988.933932930347,3191771390.5664945,35156601.315673836,0.011014761714946643,0.8193045497046652
25-9044.00,"Teaching Assistants, Postsecondary",1532042.050430769,20656.524646153845,9.883504615384615,3.7405,71.233,155010.0,2090.0,25,Educational Instruction and Library Occupations,44930.0,21.60096153846154,30010.0,14.427884615384617,444241.1528099552,5989.703950537425,4.655921666666666,True,True,True,True,28.99666838028672,28.99666838028672,44947.73565628244,606.0303691479925,2019501763.03677,18186971.378131256,0.013483001096703438,1.0028981495997462
27-1011.00,Art Directors,1417871.445623077,11259.650153846154,28.149125384615385,4.1293750000000005,80.50875,50370.0,400.0,27,"Arts, Design, Entertainment, Sports, and Media Occupations",111040.0,53.38,91020.0,43.76,342102.44377573574,2716.715852894467,10.322338846153846,False,False,False,False,24.1278886623886,24.1278886623886,12153.217519245138,96.5115546495544,1349493273.33698,8784481.704202441,0.007941234862021045,0.590688207435149
27-1012.00,Craft Artists,83272.08119230768,914.6590153846154,19.055396153846154,3.7199999999999998,94.93333333333334,4370.0,48.0,27,"Arts, Design, Entertainment, Sports, and Media Occupations",38480.0,18.5,20030.0,9.63,21257.572512979965,233.4927873279264,6.811884615384614,False,False,False,False,25.527850641666976,25.527850641666976,1115.567073040847,12.25336830800015,42927020.97061179,245434.967209243,0.010983981693363846,0.8170150574418799
27-1013.00,"Fine Artists, Including Painters, Sculptors, and Illustrators",355191.3807692308,4972.679330769231,35.51913807692308,3.6310714285714285,55.799642857142864,10000.0,140.0,27,"Arts, Design, Entertainment, Sports, and Media Occupations",60560.0,29.12,43680.0,21.0,124632.93070269324,1744.8610298377052,19.18901094674556,False,False,False,False,35.08895132330583,35.08895132330583,3508.895132330583,49.12453185262816,212498689.21394008,2145759.551322798,0.014,1.041353775297796
27-1014.00,Special Effects Artists and Animators,570138.9244923077,5090.526111538462,26.792242692307692,3.7,65.96769230769232,21280.0,190.0,27,"Arts, Design, Entertainment, Sports, and Media Occupations",99800.0,47.98,62820.0,30.2,231204.18566488297,2064.323086293598,15.144714230769232,False,True,True,False,40.552254149418694,40.552254149418694,8629.519682996297,77.04928288389551,861226064.3630304,4840235.950766317,0.008928571428571428,0.6641286832256351
27-1021.00,Commercial and Industrial Designers,727500.1440384616,11062.812107692307,24.049591538461538,3.5288235294117647,78.85823529411765,30250.0,460.0,27,"Arts, Design, Entertainment, Sports, and Media Occupations",79450.0,38.2,66040.0,31.75,103242.34821443481,1569.9662868971907,5.588703461538461,False,False,False,False,14.191385260945951,14.191385260945955,4292.8940414361505,65.28037220035138,341070431.59210217,4311115.780111205,0.015206611570247936,1.1311044548689166
27-1022.00,Fashion Designers,397647.4403653846,6275.641096153846,19.01709423076923,3.8325000000000005,73.712,20910.0,330.0,27,"Arts, Design, Entertainment, Sports, and Media Occupations",80690.0,38.79,58490.0,28.12,75004.8169717925,1183.7202104587052,5.369699615384615,False,False,False,False,18.86214001600844,18.86214001600844,3944.0734773473646,62.245062052827855,318247288.8871589,3640713.679469901,0.015781922525107604,1.1738974716412949
27-1023.00,Floral Designers,1454594.9683076923,36219.99423076923,36.21999423076923,4.149333333333334,91.432,40160.0,1000.0,27,"Arts, Design, Entertainment, Sports, and Media Occupations",36120.0,17.37,34910.0,16.79,0.0,0.0,0.0,False,False,False,False,0.0,0.0,0.0,0.0,0.0,0.0,,
27-1024.00,Graphic Designers,9723598.907215385,139323.47916153847,45.38224076923077,4.057894736842105,96.3157894736842,214260.0,3070.0,27,"Arts, Design, Entertainment, Sports, and Media Occupations",61300.0,29.47,59010.0,28.37,4187671.8030806454,60002.57834153637,30.061792307692308,False,False,False,False,43.06709730666892,43.06709730666892,92275.56268926883,1322.159887314736,5656491992.85218,78020654.95044257,0.014328386072995428,1.065779923645582
27-1025.00,Interior Designers,880038.0720384615,14418.559961538462,12.647859615384615,4.15,95.5,69580.0,1140.0,27,"Arts, Design, Entertainment, Sports, and Media Occupations",63490.0,30.52,60170.0,28.93,118168.73927652594,1936.078798149462,2.7346696153846155,False,False,False,False,13.427684895814537,13.427684895814535,9342.983150507755,153.0756078122857,593186000.2257373,9210559.32206523,0.01638401839609083,1.2186828150941234
27-1026.00,Merchandise Displayers and Window Trimmers,5439882.863446154,55111.03275,28.262068076923075,3.84375,74.54041666666667,192480.0,1950.0,27,"Arts, Design, Entertainment, Sports, and Media Occupations",37350.0,17.96,43260.0,20.8,423965.9110580754,4295.165869509804,3.146846246229261,False,False,False,False,7.793658828703048,7.79365882870305,15001.234513487627,151.97634715970943,560296109.0787629,6574496.77812903,0.010130922693266833,0.7535624709916808
27-1027.00,Set and Exhibit Designers,87264.58865384615,3056.2713076923073,8.04281923076923,3.9125925925925924,82.38962962962962,10850.0,380.0,27,"Arts, Design, Entertainment, Sports, and Media Occupations",66280.0,31.87,35230.0,16.94,25039.892850418822,876.97320582112,3.76186201546003,False,False,False,False,28.69421977079955,28.69421977079955,3113.322845131751,109.03803512903829,206351038.17533246,3841409.977596019,0.035023041474654376,2.60509831871733
27-2011.00,Actors,1167558.2286153848,22267.863123076924,30.091706923076924,3.9305555555555554,78.18055555555556,38800.0,740.0,27,"Arts, Design, Entertainment, Sports, and Media Occupations",78000.0,23.33,41288.0,19.85,453665.92347387655,8652.391323986305,18.144638076923076,False,False,False,False,38.85595701825356,38.85595701825356,15076.111323082381,287.53408193507636,1175936683.2004256,11871707.174935432,0.019072164948453606,1.418633640869604
27-2012.00,Producers and Directors,7416706.323592308,65349.92836923077,51.054631538461535,3.8433333333333333,68.21407407407408,145270.0,1280.0,27,"Arts, Design, Entertainment, Sports, and Media Occupations",83480.0,40.13,71500.0,34.38,218057.77596244495,9606.16885003504,29.51614471153846,True,True,True,True,2.940089123777357,14.699585890530201,4271.067470111367,37.63314078435017,356548712.4048969,2690769.566081037,0.04405331939040534,3.276792175828443
27-2012.03,Media Programming Directors,4257913.371165385,37517.23766153846,29.310341923076923,3.707826086956522,78.23391304347825,145270.0,1280.0,27,"Arts, Design, Entertainment, Sports, and Media Occupations",83480.0,40.13,71500.0,34.38,2993.2596109029596,131.34395521283193,3.651348076923077,False,True,True,False,0.0702987437737304,0.35008962119693,102.12298508009815,0.8998239203037491,8525226.794486593,64337.41030171806,0.043879907621247105,3.2638933900788714
27-2012.04,Talent Directors,2529586.0071423077,22288.63556923077,17.412996538461538,3.854,77.14666666666668,145270.0,1280.0,27,"Arts, Design, Entertainment, Sports, and Media Occupations",83480.0,40.13,71500.0,34.38,24175.66417701905,1065.6069452783154,7.439698846153847,False,False,False,False,0.95571623612555,4.780942924785287,1388.3689762195866,12.23316782240704,115901042.13481109,874671.4993021034,0.04407766990291262,3.2786034256948637
27-2012.05,Media Technical Directors/Managers,6180512.094126923,54457.599507692306,42.54499961538462,4.006666666666667,74.58266666666667,145270.0,1280.0,27,"Arts, Design, Entertainment, Sports, and Media Occupations",83480.0,40.13,71500.0,34.38,112.69545711538461,5.01611826923077,0.6688157692307692,False,True,True,False,0.0018233999933836276,0.009211052845842439,2.6488531703883957,0.023339519915310435,221126.26266402326,1668.775673944696,0.04451038575667656,3.310789874834027
27-2021.00,Athletes and Sports Competitors,279605.63462307694,5642.702438461539,19.457594615384618,3.9311111111111114,93.73222222222222,14370.0,290.0,27,"Arts, Design, Entertainment, Sports, and Media Occupations",62360.0,29.980769230769237,178920.0,86.01923076923077,0.0,0.0,0.0,False,False,False,False,0.0,0.0,0.0,0.0,0.0,0.0,,
27-2022.00,Coaches and Scouts,8799725.527,94330.3645,35.06705,4.0381481481481485,76.58666666666667,250940.0,2690.0,27,"Arts, Design, Entertainment, Sports, and Media Occupations",45920.0,22.07692307692308,39920.0,19.192307692307693,1385675.8753124578,14854.021298280511,9.35185576923077,False,False,False,False,15.746807909642405,15.746807909642405,39515.03976845665,423.5891327693807,1814530626.1675293,16909678.180153675,0.010719693950745198,0.7973566975461042
27-2023.00,"Umpires, Referees, and Other Sports Officials",312561.9942,19897.845784615383,20.726922692307692,4.23,70.23875,15080.0,960.0,27,"Arts, Design, Entertainment, Sports, and Media Occupations",38820.0,18.66346153846154,29920.0,14.384615384615383,2016.6368456423427,128.38006444407486,0.2119065384615384,False,False,False,False,0.6451957957345098,0.6451957957345099,97.29552599676408,6.193879639051294,3777012.3191943816,185320.8788004147,0.0636604774535809,4.735219895253335
27-2031.00,Dancers,345363.0289153846,8005.103319230769,38.11953961538462,3.994285714285714,81.19928571428571,9060.0,210.0,27,"Arts, Design, Entertainment, Sports, and Media Occupations",51020.0,23.97,35547.2,17.09,0.0,0.0,0.0,False,False,False,False,0.0,0.0,0.0,0.0,0.0,0.0,,
27-2032.00,Choreographers,107873.95777307692,5032.021353846154,31.45013346153846,3.8905555555555558,94.61666666666666,3430.0,160.0,27,"Arts, Design, Entertainment, Sports, and Media Occupations",55600.0,26.73,37710.0,18.13,16315.83372605905,761.0884536937167,7.6422180769230765,False,False,False,False,15.12490508634248,15.12490508634248,518.784244461547,24.199848138147967,28844403.992062014,912576.2732895599,0.046647230320699715,3.469733528689033
27-2041.00,Music Directors and Composers,464103.12063461536,4893.22025,37.640155769230766,3.927857142857143,89.15392857142857,12330.0,130.0,27,"Arts, Design, Entertainment, Sports, and Media Occupations",63670.0,30.61,78010.0,37.51,67738.07958318733,1426.3103888503545,20.379468021978024,True,True,True,True,14.59548030846295,29.148706086760644,1799.6227220334818,18.974124401001834,114581978.71187179,1480171.4445221531,0.021056256652489547,1.5662151684792371
27-2042.00,Musicians and Singers,1557057.3769999999,11368.345907692308,40.601235384615386,3.903703703703704,78.53999999999999,38350.0,280.0,27,"Arts, Design, Entertainment, Sports, and Media Occupations",88296.0,42.45,38979.2,18.74,69228.40891289247,1010.2750240161513,9.698973476998493,True,True,True,True,4.44610519403438,8.886737193073586,1705.0813419121848,12.449094543296264,150551862.16547826,485255.7460220537,0.014593358996410604,1.085489248942017
27-3011.00,Broadcast Announcers and Radio Disc Jockeys,1854899.7113076923,13204.897442307692,77.67586730769231,4.08,74.65791666666667,23880.0,170.0,27,"Arts, Design, Entertainment, Sports, and Media Occupations",45680.0,21.96,49050.0,23.58,324976.41570306104,2313.483696378575,21.97513942307692,False,True,True,False,17.51989143790177,17.51989143790177,4183.750075370943,29.783815444433007,191113703.44294468,1460896.147549439,0.00711892797319933,0.5295230372117292
27-3023.00,"News Analysts, Reporters, and Journalists",2918964.862903846,15455.409623076923,70.25186192307692,4.088333333333334,91.34466666666667,41550.0,220.0,27,"Arts, Design, Entertainment, Sports, and Media Occupations",60280.0,28.98,53630.0,25.79,497112.1134536908,5264.243800712971,37.204140128205125,True,True,True,True,17.0304247156697,34.0608494313394,7076.14146936076,37.46693437447334,426549807.77306664,2009351.6905030052,0.01058965102286402,0.7876837908389724
27-3031.00,Public Relations Specialists,3007429.774488461,28081.777715384615,10.718235769230768,3.8449999999999998,91.16055555555556,280590.0,2620.0,27,"Arts, Design, Entertainment, Sports, and Media Occupations",69780.0,33.55,75700.0,36.39,1208342.2437821203,11282.85640510765,6.890212582417582,False,False,False,False,40.17856889069502,40.17856889069502,112737.04645040115,1052.6785049362095,7866791101.308992,79687762.82367106,0.009337467479240174,0.6945433579447964
27-3041.00,Editors,5149079.004892308,29660.593346153848,53.92835153846154,3.9147619047619044,74.8352380952381,95480.0,550.0,27,"Arts, Design, Entertainment, Sports, and Media Occupations",75260.0,36.18,59860.0,28.78,976999.901911465,5627.879619305673,15.770364230769232,False,False,False,False,18.97426512553382,18.974265125533815,18116.62834185969,104.358458190436,1363457449.0083604,6246897.307279498,0.005760368663594469,0.4284701182100871
27-3042.00,Technical Writers,1746883.1579538463,19504.18796923077,31.458367692307693,3.8986666666666663,84.32,55530.0,620.0,27,"Arts, Design, Entertainment, Sports, and Media Occupations",91670.0,44.07,74940.0,36.03,706869.2033367782,7892.290762989421,19.01677846153846,False,False,False,False,40.4645954778536,40.46459547785361,22469.989868852106,250.88049196269233,2059823971.2776725,18800984.067684162,0.01116513596254277,0.8304897490219361
27-3043.00,Writers and Authors,574849.1794615384,7576.46408076923,12.02613346153846,3.9775,86.27,47800.0,630.0,27,"Arts, Design, Entertainment, Sports, and Media Occupations",72270.0,34.75,61020.0,29.34,121458.14022710404,3198.9125652409075,14.70900173076923,True,True,True,True,21.128696807199752,42.221708321174084,10099.517073841482,133.11078988535846,729892098.9265239,8122420.398804573,0.026337572428324182,1.959052177172466
27-3043.05,"Poets, Lyricists and Creative Writers",607025.8413846154,8000.549792307692,12.699285384615385,3.996875,81.60125,47800.0,630.0,27,"Arts, Design, Entertainment, Sports, and Media Occupations",72270.0,34.75,61020.0,29.34,74455.97043817307,1964.7226201760873,9.772540038461537,False,False,False,False,12.26570029841568,24.557345072273833,5863.004742642695,77.27391188001879,423719352.7507876,4715254.102918746,0.02638771086608237,1.9627815951329677
27-3091.00,Interpreters and Translators,2716131.725630769,35122.393003846155,50.90201884615385,4.187647058823529,70.44529411764705,53360.0,690.0,27,"Arts, Design, Entertainment, Sports, and Media Occupations",59440.0,28.58,65990.0,31.72,1524224.671749436,19709.8017898634,44.16991653846154,False,False,False,False,56.117479773388546,56.117479773388546,29944.287207080124,387.21061043638093,1779888431.5888426,25552028.18269678,0.012931034482758622,0.9618415412233338
27-3092.00,Court Reporters and Simultaneous Captioners,585477.98505,6443.502765,46.356135,4.707142857142857,81.50285714285714,12630.0,139.0,27,"Arts, Design, Entertainment, Sports, and Media Occupations",67310.0,32.36,84510.0,40.63,78264.26252439148,861.3406564442134,7.339230384615384,True,True,True,True,13.367584182983016,13.367584182983016,1688.3258823107549,18.58094201434639,113641215.13833691,1570275.4096324134,0.0110055423594616,0.8186187918017964
27-4011.00,Audio and Video Technicians,2097721.755692308,57771.161365384614,29.93324423076923,3.3513793103448277,65.14896551724138,70080.0,1930.0,27,"Arts, Design, Entertainment, Sports, and Media Occupations",54830.0,26.36,41600.0,20.0,323237.51008420694,8901.946268015403,7.796818990384614,False,True,True,False,15.40897925127965,15.408979251279654,10798.612659296778,297.39329954969725,592087932.1092423,12371561.261267405,0.027539954337899547,2.0484882443786145
27-4012.00,Broadcast Technicians,1068053.3063076923,14186.666307692309,50.666665384615385,3.923333333333333,65.03407407407407,21080.0,280.0,27,"Arts, Design, Entertainment, Sports, and Media Occupations",53920.0,25.92,34570.0,16.62,69089.22562600218,917.6936990171068,5.120201923076923,False,False,False,False,6.4687057488588,6.4687057488588,1363.6031718594352,18.11237609680464,73525483.02666074,626144.8416665363,0.013282732447817837,0.9880016843432599
27-4014.00,Sound Engineering Technicians,437435.0312884615,10726.376246153846,33.51992576923077,4.074285714285714,93.91571428571429,13050.0,320.0,27,"Arts, Design, Entertainment, Sports, and Media Occupations",66430.0,31.94,32880.0,15.81,39142.68294140473,959.8205778735258,4.72315,False,False,False,False,8.948227769072417,8.948227769072416,1167.7437238639504,28.634328861031737,77573215.57628223,941496.7329507235,0.024521072796934863,1.823936552245729
27-4021.00,Photographers,2563535.072342308,32525.82075,50.03972423076923,3.972142857142857,83.75071428571428,51230.0,650.0,27,"Arts, Design, Entertainment, Sports, and Media Occupations",42520.0,20.44,47610.0,22.890000000000004,569580.8818235061,7226.772851557271,17.089879615384614,False,False,False,False,22.21857184513098,22.21857184513098,11382.574356260602,144.4207169933514,483987061.6282008,6875870.33605346,0.012687878196369316,0.943754990021984
27-4031.00,"Camera Operators, Television, Video, and Film",1252807.5769076922,20487.45015384615,51.218625384615386,4.123333333333333,68.41952380952381,24460.0,400.0,27,"Arts, Design, Entertainment, Sports, and Media Occupations",68810.0,33.08,46600.0,22.41,41474.38567648351,678.2401582417581,3.297000769230769,False,True,True,False,3.3105152332215955,3.3105152332215955,809.7520260460022,13.242060932886382,55719036.91222542,617080.0394725055,0.016353229762878167,1.2163926822775328
27-4032.00,Film and Video Editors,3147208.1748,57796.96232307692,109.05087230769232,4.173181818181818,72.13636363636364,28860.0,530.0,27,"Arts, Design, Entertainment, Sports, and Media Occupations",70980.0,34.12,62860.0,30.219999999999995,654784.4785644237,12024.801581397942,35.55004115384615,False,False,False,False,20.805248404199833,20.805248404199837,6004.394689452072,110.26781654225911,426191935.0573081,6931434.947846408,0.018364518364518367,1.3659971807440647
29-1011.00,Chiropractors,2504130.4377076924,29945.753307692306,66.54611846153846,4.585454545454545,98.91818181818181,37630.0,450.0,29,Healthcare Practitioners and Technical Occupations,79000.0,37.98,59920.0,28.81,374291.59889079427,4475.9824475380665,19.588246153846153,False,False,False,False,14.946968945971712,14.946968945971713,5624.544414369156,67.2613602568727,444339008.7351633,4030300.7065918124,0.011958543715120916,0.8895053317717783
29-1021.00,"Dentists, General",10363999.11975,67577.40196153846,91.32081346153846,4.2985,91.54400000000001,113490.0,740.0,29,Healthcare Practitioners and Technical Occupations,172790.0,83.07,132270.0,63.59000000000001,1536235.4307056225,10016.866849256858,26.113031923076925,False,False,False,False,14.822805491927515,14.822805491927518,16822.401952788536,109.68876064026361,2906742833.422331,14508532.369887667,0.006520398272975593,0.48500295414345446
29-1022.00,Oral and Maxillofacial Surgeons,167975.67775,1859.3930557692306,31.515136538461537,4.021428571428571,84.66214285714285,5330.0,59.0,29,Healthcare Practitioners and Technical Occupations,179210.0,86.16,179210.0,86.16,7489.00898388524,82.89897374281973,2.7649111538461537,False,False,False,False,4.458388907369799,4.4583889073698,237.63212876281028,2.630449455348182,42586053.79558323,471402.8468929477,0.011069418386491559,0.8233700447945587
29-1023.00,Orthodontists,346163.2279615385,6721.616076923076,67.21616076923077,4.8,99.16363636363636,5150.0,100.0,29,Healthcare Practitioners and Technical Occupations,179210.0,86.16,124830.0,60.02,28368.57734299815,550.846161999964,10.839627692307694,False,False,False,False,8.195144674971116,8.195144674971116,422.0499507610125,8.195144674971116,75635571.67588104,1022999.9097766444,0.019417475728155338,1.44431868973342
29-1024.00,Prosthodontists,24369.172,256.5176,32.0647,4.381666666666667,94.665,760.0,8.0,29,Healthcare Practitioners and Technical Occupations,179210.0,86.16000000000001,179210.0,86.16000000000001,922.2506661095163,9.707901748521225,2.387918076923077,False,False,False,False,3.7844973399568778,3.7844973399568778,28.762179783672273,0.3027597871965502,5154470.239031908,54257.58146349376,0.010526315789473686,0.7829727633818016
29-1031.00,Dietitians and Nutritionists,2230557.04765,31752.738434615385,29.130952692307694,3.498571428571428,75.11107142857144,76570.0,1090.0,29,Healthcare Practitioners and Technical Occupations,73850.0,35.5,61170.0,29.41,571156.479248535,8130.606796146053,12.964082884615385,False,False,False,False,25.606001866227814,25.606001866227817,19606.51562897064,279.1054203418832,1447941179.1994817,17072878.562312994,0.014235340211571114,1.0588589479977217
29-1041.00,Optometrists,2040292.4227269231,19969.441234615384,48.70595423076923,4.642,100.0,41890.0,410.0,29,Healthcare Practitioners and Technical Occupations,134830.0,64.82,124830.0,60.02,279754.6207205129,2738.109202564103,10.978731538461538,False,False,False,False,13.71149633279581,13.71149633279581,5743.745813808166,56.21713496446282,774429248.075755,7017584.957613894,0.009787538792074479,0.7280207480000277
29-1051.00,Pharmacists,30149563.783915386,286029.8568,91.67623615384616,4.049,73.33500000000001,328870.0,3120.0,29,Healthcare Practitioners and Technical Occupations,137480.0,66.1,136230.0,65.5,6013957.29761064,57054.60141863106,35.519739615384616,False,False,False,False,19.947078971733085,19.947078971733085,65599.9586143386,622.3488639180722,9018682310.29927,84782585.73155898,0.009487031349773467,0.7056682794610818
29-1071.00,Physician Assistants,13963759.279292308,149925.92256923078,89.77600153846154,4.5475,93.91833333333334,155540.0,1670.0,29,Healthcare Practitioners and Technical Occupations,133260.0,64.07,134390.0,64.61,732477.805113411,15733.188628425654,19.4458,False,False,False,False,5.245563107061335,10.493974863593449,8158.9488567232,87.60090388792429,1087261524.6469336,11772685.473498145,0.02147940663675079,1.5976900851669265
29-1071.01,Anesthesiologist Assistants,8131873.962046154,87310.20648461538,52.281560769230765,4.38375,70.791875,155540.0,1670.0,29,Healthcare Practitioners and Technical Occupations,133260.0,64.07,134390.0,64.61,1269.781091149966,27.200287611857917,0.3205096153846153,False,False,False,False,0.015614864385213144,0.031153617322678975,24.287360064760524,0.26076823523305953,3236533.6022299873,35044.64313297087,0.02142124166239097,1.593363634049805
29-1081.00,Podiatrists,546839.9347384615,5169.705265384615,57.44116961538461,4.2309090909090905,93.8,9520.0,90.0,29,Healthcare Practitioners and Technical Occupations,152800.0,73.46,146330.0,70.35,0.0,0.0,0.0,False,False,False,False,0.0,0.0,0.0,0.0,0.0,0.0,,
29-1122.00,Occupational Therapists,8061842.5362,51352.68755,52.940915000000004,4.148823529411764,96.79058823529412,152280.0,970.0,29,Healthcare Practitioners and Technical Occupations,98340.0,47.28,93310.0,44.86,23627.332510675315,301.438158464751,6.664878846153846,False,False,False,False,0.2930760853313839,0.5869958766447287,446.2962627426314,2.8428380277144236,43888774.47811037,265265.2163660329,0.01275802752293578,0.9489728661687401
29-1122.01,"Low Vision Therapists, Orientation and Mobility Specialists, and Vision Rehabilitation Therapists",3278645.8564153844,20884.465988461536,21.530377307692305,4.1657142857142855,90.88952380952381,152280.0,970.0,29,Healthcare Practitioners and Technical Occupations,98340.0,47.28,93310.0,44.86,109961.3042643124,1400.6695543470478,2.996512692307692,False,False,False,False,3.3538634265469436,6.706753024572924,5107.263225945685,32.53247523750535,502248265.63949865,3035605.2644116245,0.012737840495055228,0.9474713063333505
29-1123.00,Physical Therapists,21100812.31413846,197743.20352307693,84.8683276923077,4.27125,94.36375,248630.0,2330.0,29,Healthcare Practitioners and Technical Occupations,101020.0,48.57,97580.0,46.91,3870435.993891116,36271.22980238226,27.730938076923078,False,False,False,False,18.34259239061501,18.34259239061501,45605.1874607861,427.3824027013298,4607036037.288612,41703974.85559576,0.009371355025539959,0.6970639953930007
29-1124.00,Radiation Therapists,2046201.8216538462,9848.030157692308,109.4225573076923,4.492272727272727,85.23590909090909,18700.0,90.0,29,Healthcare Practitioners and Technical Occupations,101990.0,49.03,104040.0,50.02,98203.39695228313,472.63666982382244,10.334011538461539,False,False,False,False,4.799301609110584,4.799301609110583,897.4694009036792,4.319371448199526,91532904.19816625,449387.40547067864,0.004812834224598929,0.35799022069060965
29-1125.00,Recreational Therapists,298476.3352846154,5152.9779,19.81914576923077,4.443636363636364,95.93454545454546,15060.0,260.0,29,Healthcare Practitioners and Technical Occupations,60280.0,28.980000000000004,51490.0,24.75,43029.10975293796,742.8664366377071,5.525877307692307,False,False,False,False,14.416255048128718,14.416255048128718,2171.088010248185,37.482263125134665,130873185.2577606,1929961.7283131839,0.017264276228419653,1.2841585163034857
29-1126.00,Respiratory Therapists,8382616.582623078,62676.06593076923,61.44712346153846,4.460909090909091,90.67090909090909,136420.0,1020.0,29,Healthcare Practitioners and Technical Occupations,80450.0,38.68,78990.0,37.98,657461.1440214823,4915.777502579621,9.45625423076923,False,False,False,False,7.843149421677956,7.843149421677954,10699.624441053069,80.00012410111515,860784786.2827194,6319209.802747086,0.0074769095440551225,0.5561505700901375
29-1127.00,Speech-Language Pathologists,7659674.763365385,62120.52355769231,42.841740384615385,4.336086956521739,87.18173913043479,178790.0,1450.0,29,Healthcare Practitioners and Technical Occupations,95410.0,45.87,85320.0,41.02,1218193.6654734716,9879.639884426053,13.467890384615384,False,False,False,False,15.903986828524836,15.903986828524838,28434.738050719556,230.60780901361014,2712958357.4191527,19675458.265041217,0.008110073270317132,0.6032468155704634
29-1128.00,Exercise Physiologists,488170.3455384615,12640.66246153846,60.193630769230765,4.072,93.4104,8110.0,210.0,29,Healthcare Practitioners and Technical Occupations,58160.0,27.96,33540.0,16.13,146554.1390865369,3794.8667334368374,33.29799846153846,False,False,False,False,30.021106448996772,30.021106448996775,2434.7117330136384,63.04432354289322,141602834.3920732,2114506.6116286386,0.02589395807644883,1.9260550714509175
29-1129.01,Art Therapists,772345.7793692307,5196.94365,39.976489615384615,3.9336,94.62639999999999,19320.0,130.0,29,Healthcare Practitioners and Technical Occupations,65010.0,31.26,59660.0,28.68,72884.24416848803,980.8438656214745,13.505373461538461,True,False,True,False,9.436737548823283,18.873475097646562,1823.1776944326584,12.267758813470268,118524781.91506712,731894.4908116362,0.013457556935817804,1.0010055515284935
29-1129.02,Music Therapists,1344922.9742307693,9049.68875,69.61299038461539,4.171666666666667,97.69133333333335,19320.0,130.0,29,Healthcare Practitioners and Technical Occupations,65010.0,31.26,59660.0,28.68,94771.75498212142,1275.396288579274,18.468895,True,False,True,False,7.0466306842833335,14.09326136856667,1361.4090482035401,9.160619889568334,88505202.22371215,546522.5826116469,0.013457556935817808,1.0010055515284937
29-1131.00,Veterinarians,4548638.2436,34976.5064,56.41372,4.175238095238096,80.99095238095238,80630.0,620.0,29,Healthcare Practitioners and Technical Occupations,125510.0,60.34,121850.0,58.580000000000005,267192.30211071257,2054.5606760342525,5.474526153846154,False,False,False,False,5.874116335513294,5.8741163355132935,4736.300001324369,36.41952128018242,594453013.1662216,4437718.667990228,0.007689445615775765,0.5719595158525127
29-1141.00,Registered Nurses,235801173.82881537,1852204.6737538462,71.84657384615385,4.264074074074074,69.25703703703704,3282010.0,25780.0,29,Healthcare Practitioners and Technical Occupations,93600.0,45.0,82270.0,39.55,5995.901458461537,235.7111138461538,2.678535384615384,False,False,False,False,0.0025427784608122363,0.01272597554612797,83.45424336170369,0.6555282871973945,7811317.178655465,53930.31218772965,0.03931203931203932,2.9241243251605367
29-1141.01,Acute Care Nurses,180622652.10079613,1418780.5555615383,55.03415653846154,4.318846153846154,88.01923076923077,3282010.0,25780.0,29,Healthcare Practitioners and Technical Occupations,93600.0,45.0,82270.0,39.55,559374.6196012972,21968.258175544663,13.145653846153847,False,False,False,False,0.30969239632753215,1.5483901361229087,10164.135416709238,79.83869977323779,951363075.0039847,6568329.830344273,0.03927289048473968,2.921212340938611
29-1141.02,Advanced Practice Psychiatric Nurses,332808312.1465423,2614190.1722230767,101.40380807692308,4.182916666666666,91.04041666666666,3282010.0,25780.0,29,Healthcare Practitioners and Technical Occupations,93600.0,45.0,82270.0,39.55,4458407.073222887,175097.8439494035,33.88408131868132,False,False,False,False,1.3396321277155359,6.697976520985172,43966.86039483666,345.3571625250651,4115298132.9567113,28412533.760937106,0.03927363317742743,2.9212675842124876
29-1141.03,Critical Care Nurses,335421361.4090462,2634715.5240615383,102.19998153846154,4.2027586206896554,97.13172413793104,3282010.0,25780.0,29,Healthcare Practitioners and Technical Occupations,93600.0,45.0,82270.0,39.55,2125298.3090855265,83471.58891995046,17.56135,False,False,False,False,0.6336204409157252,3.1681442705159704,20795.486232898194,163.34734966807397,1946457511.399271,13438586.457192445,0.039275234240348414,2.9213866751351487
29-1141.04,Clinical Nurse Specialists,75492050.51850384,592985.7198384615,23.001773461538463,3.951,96.31733333333334,3282010.0,25780.0,29,Healthcare Practitioners and Technical Occupations,93600.0,45.0,82270.0,39.55,221099.629850268,8683.87510698978,3.3774526923076924,False,False,False,False,0.2928780293179006,1.4644324165774858,9612.28621001643,75.50395595815476,899709989.2575378,6211710.456677392,0.03927584642665676,2.921432211029676
29-1151.00,Nurse Anesthetists,3970795.0411538463,43769.43888461538,78.86385384615384,4.474166666666666,99.07458333333334,50350.0,555.0,29,Healthcare Practitioners and Technical Occupations,223210.0,107.31,122040.0,58.68,0.0,0.0,0.0,False,False,False,False,0.0,0.0,0.0,0.0,0.0,0.0,,
29-1161.00,Nurse Midwives,820111.8955846154,9904.733038461538,99.04733038461538,4.5561904761904755,96.68142857142857,8280.0,100.0,29,Healthcare Practitioners and Technical Occupations,128790.0,61.92,138020.0,66.36,221049.75580360866,2669.6830411063847,48.36967179487179,False,False,False,False,26.953609256701938,26.953609256701945,2231.7588464549203,26.953609256701938,287428221.83492917,3720137.1496100016,0.012077294685990338,0.8983383154742891
29-1171.00,Nurse Practitioners,37060865.97175384,344819.5344,120.56627076923077,4.53,98.06666666666668,307390.0,2860.0,29,Healthcare Practitioners and Technical Occupations,129210.0,62.12,125700.0,60.43,7470012.616906117,69502.05304125539,42.920560384615385,False,False,False,False,20.156066030943343,20.156066030943343,61957.73137251674,576.4634884849796,8005558470.642888,72461460.50256194,0.009304141318845766,0.6920644777345895
29-1181.00,Audiologists,902729.2397307693,9192.762115384616,61.28508076923077,4.264545454545455,97.31318181818182,14730.0,150.0,29,Healthcare Practitioners and Technical Occupations,92120.0,44.29,96520.0,46.4,29940.974163937703,304.8979039097526,4.043581153846153,False,False,False,False,3.3167170006443265,3.3167170006443265,488.55241419490926,4.97507550096649,45005448.39563504,480194.2873532856,0.010183299389002037,0.7574583759803578
29-1211.00,Anesthesiologists,2789186.4239846156,47940.18203076923,66.58358615384616,4.318888888888889,91.81333333333333,41890.0,720.0,29,Healthcare Practitioners and Technical Occupations,257920.0,124.0,257920.0,124.0,16076.430627457097,276.3196479295562,0.7552023076923077,True,False,True,False,0.5763842276447911,0.5763842276447911,241.447352960403,4.149966439042496,62274101.27554715,1070359.3439578405,0.01718787300071616,1.2784754599024877
29-1213.00,Dermatologists,866560.5415384616,9542.482153846153,85.96830769230769,4.286666666666666,91.38111111111111,10080.0,111.0,29,Healthcare Practitioners and Technical Occupations,249103.6,119.76134615384616,249103.6,119.76134615384616,0.0,0.0,0.0,False,False,False,False,0.0,0.0,0.0,0.0,0.0,0.0,,
29-1215.00,Family Medicine Physicians,8936731.469519231,53810.79625,82.78584038461538,4.508333333333334,89.08083333333333,107950.0,650.0,29,Healthcare Practitioners and Technical Occupations,238380.0,114.61,238380.0,114.61,918153.616249112,5528.484025585204,16.343885041580037,True,True,True,True,10.273930903940496,10.273930903940496,11090.708410803763,66.78055087561323,2643803070.967401,15919147.717728682,0.006021306160259379,0.4478792787292843
29-1216.00,General Internal Medicine Physicians,5927426.798461539,10673.637692307693,88.94698076923076,4.106842105263158,87.01368421052632,66640.0,120.0,29,Healthcare Practitioners and Technical Occupations,236350.0,113.63,236350.0,113.63,519383.3157056772,935.264073899779,14.91124427234927,True,True,True,True,8.762374186392027,8.762374186392027,5839.246157811646,10.51484902367043,1380105829.3987825,2485184.5667445064,0.0018007202881152463,0.13394191930601046
29-1217.00,Neurologists,663262.3038461539,5168.277692307693,86.13796153846154,4.377916666666667,94.18041666666666,7700.0,60.0,29,Healthcare Practitioners and Technical Occupations,249103.6,119.76134615384616,249103.6,119.76134615384616,60946.09704777793,474.9046523203475,15.733280769230769,True,False,True,False,9.188837763636059,9.188837763636059,707.5405077999765,5.513302658181635,176250887.63880223,1373383.5400426148,0.007792207792207793,0.5796032144514635
29-1218.00,Obstetricians and Gynecologists,1347258.2809615384,12863.27001923077,67.70142115384616,4.42,89.84400000000001,19900.0,190.0,29,Healthcare Practitioners and Technical Occupations,257920.0,124.0,257920.0,124.0,420922.34111619054,4018.8565232199094,39.67918753846154,True,False,True,False,31.24288394173226,31.242883941732252,6217.33390440472,59.3614794892913,1603574760.6240654,15310512.78987801,0.009547738693467336,0.7101838381427897
29-1221.00,"Pediatricians, General",4179698.0105538466,24323.19605769231,97.29278423076924,4.201764705882353,78.97411764705882,42960.0,250.0,29,Healthcare Practitioners and Technical Occupations,210130.0,101.03,194160.0,93.35,1565115.7088461549,9107.982476991125,72.27338971153847,True,False,True,False,37.445664851723656,37.44566485172366,16086.657620300482,93.61416212930914,3380289365.7537403,18176125.719026662,0.005819366852886406,0.432858545864008
29-1222.00,"Physicians, Pathologists",819454.4991538461,9027.88855,69.44529653846153,4.099473684210526,79.38052631578948,11800.0,130.0,29,Healthcare Practitioners and Technical Occupations,266020.0,127.89423076923076,266020.0,127.89423076923076,228321.12796651915,2515.4022572582617,32.31754256410257,True,True,True,True,27.862575433081325,27.86257543308132,3287.7839011035962,36.22134806300572,874616273.3715787,9635603.011720782,0.011016949152542373,0.8194672565902752
29-1223.00,Psychiatrists,874342.5713846154,4583.24735,35.25574884615385,4.090833333333333,93.935,24800.0,130.0,29,Healthcare Practitioners and Technical Occupations,257920.0,124.0,257920.0,124.0,105222.86505552648,551.5714700491308,7.543340384615385,True,False,True,False,12.034512386706135,12.034512386706139,2984.5590719031215,15.644866102717977,769777475.8252531,4035123.8652130207,0.005241935483870968,0.3899078075711794
29-1224.00,Radiologists,2132022.3235807694,19463.117446153847,81.0963226923077,4.628235294117647,87.97529411764705,26290.0,240.0,29,Healthcare Practitioners and Technical Occupations,249103.6,119.76134615384616,249103.6,119.76134615384616,631692.7593102782,11533.378640887544,87.17736199974013,True,True,True,True,29.628806055339002,59.257612110678,7789.413111948624,71.1091345328136,1940370848.0736053,17713541.405008186,0.018257892734880182,1.358066109174977
29-1229.01,Allergists and Immunologists,26908317.967569232,298640.0078846154,85.32571653846153,4.4175,93.426875,315360.0,3500.0,29,Healthcare Practitioners and Technical Occupations,249103.6,119.76134615384616,232740.0,111.89,952542.6267011927,63430.34995156344,31.288203076923075,True,False,True,False,3.539956038312122,21.239736229872733,11163.605362421109,123.89846134092427,2780894284.758403,28836127.892486714,0.06659056316590563,4.953166739430156
29-1229.02,Hospitalists,17098597.35636923,189767.5378846154,54.219296538461535,4.503571428571428,97.42857142857143,315360.0,3500.0,29,Healthcare Practitioners and Technical Occupations,249103.6,119.76134615384616,232740.0,111.89,92179.2226153846,6138.266346153845,3.507580769230769,True,False,True,False,0.5391040018908207,3.2346240113449243,1700.1183803628924,18.868640066178724,423505608.9745658,4391487.289002436,0.06659056316590563,4.953166739430156
29-1229.03,Urologists,12950300.124553846,143727.96307692307,41.06513230769231,4.5928571428571425,97.90714285714286,315360.0,3500.0,29,Healthcare Practitioners and Technical Occupations,249103.6,119.76134615384616,232740.0,111.89,170277.91358529634,11338.902160360296,6.375100000000001,True,False,True,False,1.314856890941457,7.889141345648742,4146.532691272979,46.019991182950996,1032916220.9137876,10710692.747920014,0.06659056316590563,4.953166739430156
29-1229.04,Physical Medicine and Rehabilitation Physicians,19568533.627938464,217179.94576923078,62.051413076923076,4.3406666666666665,93.234,315360.0,3500.0,29,Healthcare Practitioners and Technical Occupations,249103.6,119.76134615384616,232740.0,111.89,394087.4648229518,26242.506219184386,12.493650384615385,True,False,True,False,2.013883473927263,12.08330084356358,6350.982923377017,70.4859215874542,1582052709.751739,16404893.39026409,0.06659056316590563,4.953166739430156
29-1229.05,Preventive Medicine Physicians,5224033.857046153,57978.55942307692,16.565302692307693,4.066,96.842,315360.0,3500.0,29,Healthcare Practitioners and Technical Occupations,249103.6,119.76134615384616,232740.0,111.89,65040.17547595463,4331.061913353143,2.465087692307692,True,False,True,False,1.2450182609025158,7.470109565415092,3926.289587582174,43.57563913158805,978052870.9092349,10141794.251485802,0.06659056316590563,4.953166739430156
29-1229.06,Sports Medicine Physicians,17578218.676984616,195090.58019230768,55.74016576923077,3.854074074074074,94.62444444444445,315360.0,3500.0,29,Healthcare Practitioners and Technical Occupations,249103.6,119.76134615384616,232740.0,111.89,204754.6867846154,13634.729903846153,7.791274230769231,True,False,True,False,1.164820455059552,6.988922730357314,3673.3777870758036,40.76871592708432,915051630.9206161,9488510.944869606,0.06659056316590563,4.953166739430156
29-1241.00,"Ophthalmologists, Except Pediatric",1082915.2454346153,5365.3934538461535,89.42322423076924,4.405555555555555,91.53666666666668,12110.0,60.0,29,Healthcare Practitioners and Technical Occupations,301500.0,144.95192307692307,168530.0,81.02,251915.55575881022,1248.1365272938574,37.68809230769231,True,True,True,True,23.262721327531676,23.262721327531676,2817.1155527640863,13.957632796519006,849360339.158372,2352279.855197348,0.00495458298926507,0.3685338357783871
29-1291.00,Acupuncturists,868517.356,9570.1557,102.9049,4.512222222222222,99.89722222222223,8440.0,93.0,29,Healthcare Practitioners and Technical Occupations,78140.0,37.57,78140.0,37.57,138025.31844547144,1520.8950966147918,29.671342153846155,True,False,True,False,15.892062201399625,15.892062201399625,1341.2900497981284,14.779617847301651,104808404.49122575,1154879.338588151,0.011018957345971563,0.8196166308623478
29-1292.00,Dental Hygienists,18496249.963507693,332657.25501538464,84.43077538461539,4.2875,88.12625,219070.0,3940.0,29,Healthcare Practitioners and Technical Occupations,94260.0,45.32,82610.0,39.72,1061424.605078784,19089.847738213397,8.192689615384616,True,False,True,False,5.7385935374626165,5.7385935374626165,12571.536862519353,226.10058537602708,1184993064.6610742,18678169.3579136,0.01798511891176336,1.3377765341388974
29-1299.01,Naturopathic Physicians,2239202.075573077,16683.39738846154,72.53651038461538,4.168,91.975,30870.0,230.0,29,Healthcare Practitioners and Technical Occupations,113730.0,54.67999999999999,113730.0,54.67999999999999,261194.776609384,3892.1152329224697,32.143845,True,False,True,False,11.664636231749501,23.329272463499002,3600.8732047410713,26.82866333302385,409527309.57520205,3051223.8808648027,0.014901198574667963,1.10838709944233
29-1299.02,Orthoptists,2453309.331092308,18278.624753846154,79.47228153846154,4.27875,93.750625,30870.0,230.0,29,Healthcare Practitioners and Technical Occupations,113730.0,54.68,113730.0,54.68,93851.95287624793,1398.5065864293506,10.302625769230769,True,False,True,False,3.825524636734717,7.651049273469436,1180.939455360007,8.798706664489849,134308244.2580936,1000676.9089524306,0.014901198574667963,1.10838709944233
29-2011.00,Medical and Clinical Laboratory Technologists,12574163.327015383,138482.94382423075,73.3101873076923,4.586666666666667,82.60066666666667,171520.0,1889.0,29,Healthcare Practitioners and Technical Occupations,61890.0,29.75,61890.0,29.75,546788.2712527394,6018.751493267095,21.649843076923073,False,False,False,False,4.348506195064078,4.346204180138159,7458.557825773907,82.14328202476042,461610143.8371471,5083847.724512422,0.011007462686567167,0.8187616303647385
29-2011.01,Cytogenetic Technologists,16711070.369476922,184043.91282615386,97.42928153846154,4.625333333333333,93.49266666666668,171520.0,1889.0,29,Healthcare Practitioners and Technical Occupations,61890.0,29.75,61890.0,29.75,264620.89314986323,2912.804607433196,11.428458887733887,False,False,False,False,1.583506545656095,1.5826682679717878,2716.030427109334,29.912438647443636,168095123.1337967,1851280.8278902867,0.011007462686567163,0.8187616303647383
29-2011.02,Cytotechnologists,10731611.969969232,118190.38602653846,62.56770038461539,4.409230769230769,95.00461538461538,171520.0,1889.0,29,Healthcare Practitioners and Technical Occupations,61890.0,29.75,61890.0,29.75,501398.17369448056,5519.121688054917,23.00975576923077,False,False,False,False,4.672160856146927,4.6696875047143465,8013.6903004632095,88.25711857261545,495967292.69566804,5462233.068459171,0.011007462686567165,0.8187616303647384
29-2011.04,Histotechnologists,7950070.480738461,87556.45486307691,46.350690769230766,4.271875,92.2625,171520.0,1889.0,29,Healthcare Practitioners and Technical Occupations,61890.0,29.75,61890.0,29.75,75212.09186157836,827.8942947449856,2.3171303846153846,True,True,True,True,0.9460556613152454,0.9455548377782865,1622.674670287909,17.870991442244986,100427335.3441187,1106035.6603605421,0.011007462686567163,0.8187616303647383
29-2012.00,Medical and Clinical Laboratory Technicians,9284982.99963077,102258.23744346153,54.13352961538462,4.536153846153846,60.41230769230769,171520.0,1889.0,29,Healthcare Practitioners and Technical Occupations,61890.0,29.75,61890.0,29.75,326315.54367420817,3595.711156391403,5.633435384615385,False,False,False,False,3.51444416954974,3.5163046481995823,6027.974639611714,66.3878503627946,373071350.445569,4108744.0589533574,0.01101912313432836,0.8196289626002943
29-2031.00,Cardiovascular Technologists and Technicians,8072176.475623077,98956.06990384616,131.94142653846154,4.497619047619048,66.77904761904762,61180.0,750.0,29,Healthcare Practitioners and Technical Occupations,67260.0,32.34,89420.0,42.99,848687.5981114792,10403.983304733727,23.345021538461538,False,False,False,False,10.513739394504139,10.513739394504137,6432.305761557633,78.85304545878104,432636885.52236634,7051039.324924201,0.012258908139915006,0.9118471623235266
29-2032.00,Diagnostic Medical Sonographers,11504387.086753845,87819.74875384616,133.0602253846154,4.433,88.42,86460.0,660.0,29,Healthcare Practitioners and Technical Occupations,89340.0,42.95,91140.0,43.82,411898.01073487295,3144.259623930328,9.374724230769232,False,False,False,False,3.5803559774960325,3.5803559774960316,3095.5757781430693,23.630349451473815,276558740.01930183,2153670.0490073236,0.0076335877862595426,0.5678046757348942
29-2033.00,Nuclear Medicine Technologists,1455359.1392,9439.2397,85.81127,4.554117647058824,84.23235294117647,16960.0,110.0,29,Healthcare Practitioners and Technical Occupations,97020.0,46.64,106720.0,51.31,224738.0793825437,1457.6172601462151,23.132257307692306,False,False,False,False,15.442104517657446,15.442104517657446,2618.980926194703,16.98631496942319,254093529.45941007,1812779.533536843,0.006485849056603774,0.48243310007899914
29-2034.00,Radiologic Technologists and Technicians,44056765.530961536,311508.5005769231,197.15727884615384,4.567407407407408,92.21000000000001,223460.0,1580.0,29,Healthcare Practitioners and Technical Occupations,77660.0,37.34,80080.0,38.5,2051352.8579327178,29008.65940690678,36.357780426195426,True,True,True,True,4.656158556376772,9.312317112753545,10404.651910079534,73.56730519075299,808025267.3367766,5891269.799675499,0.014141233330349952,1.0518590511376391
29-2035.00,Magnetic Resonance Imaging Technologists,5230142.749161539,39040.314284615386,125.9364976923077,4.4425,88.75916666666666,41530.0,310.0,29,Healthcare Practitioners and Technical Occupations,88180.0,42.4,86680.0,41.67,301818.4535274725,2252.9188681318683,12.437515384615386,False,False,False,False,5.770749824674633,5.770749824674634,2396.5924021873752,17.889324456491362,211331518.02488273,1550646.6438886712,0.007464483505899351,0.5552262913940298
29-2036.00,Medical Dosimetrists,247894.7338923077,2747.447932307692,62.44199846153846,4.165263157894737,85.9278947368421,3970.0,44.0,29,Healthcare Practitioners and Technical Occupations,138110.0,66.4,138110.0,66.4,0.0,0.0,0.0,False,False,False,False,0.0,0.0,0.0,0.0,0.0,0.0,,
29-2051.00,Dietetic Technicians,481862.3937307692,10457.781500000001,16.088894615384618,4.229230769230769,78.5576923076923,29950.0,650.0,29,Healthcare Practitioners and Technical Occupations,37040.0,17.81,39180.0,18.84,136322.66467676195,2958.588715856269,8.115772692307694,False,False,False,False,28.29078725594209,28.290787255942085,8473.090783154656,183.8901171636236,313843282.60804844,7204814.790470772,0.02170283806343906,1.6143094537170695
29-2052.00,Pharmacy Technicians,68474530.28510769,753624.0113769231,140.33966692307692,4.446666666666666,70.90523809523809,487920.0,5370.0,29,Healthcare Practitioners and Technical Occupations,43460.0,20.9,46760.0,22.48,6073767.453183233,66847.29304720848,24.59156,False,False,False,False,8.870111891083972,8.870111891083972,43279.049938976925,476.3250085512093,1880907510.347937,22272957.39985455,0.011005902606984752,0.8186455878816733
29-2053.00,Psychiatric Technicians,4618900.796807692,63708.97650769231,33.88775346153846,4.24,79.203125,136300.0,1880.0,29,Healthcare Practitioners and Technical Occupations,42590.0,20.47,39340.0,18.91,0.0,0.0,0.0,False,False,False,False,0.0,0.0,0.0,0.0,0.0,0.0,,
29-2055.00,Surgical Technologists,10411336.087976923,95072.3464,91.4157176923077,4.644375,86.790625,113890.0,1040.0,29,Healthcare Practitioners and Technical Occupations,62830.0,30.21,63380.0,30.47,443087.00634185836,4046.1013837521527,7.655745,False,False,False,False,4.255813111763226,4.255813111763226,4846.9455529871375,44.26045636233756,304533589.09418184,2805227.7242449545,0.009131618228114848,0.6792317940303976
29-2056.00,Veterinary Technologists and Technicians,12683812.769707693,153573.42601153845,96.58706038461538,4.352258064516128,94.22290322580645,131320.0,1590.0,29,Healthcare Practitioners and Technical Occupations,45980.0,22.11,39400.0,18.94,323244.2453273338,3913.7857909721347,4.8754846153846145,False,False,False,False,2.5484785308351974,2.548478530835198,3346.662006692781,40.52080864027964,153879519.06773406,1596519.8604270178,0.012107828205909228,0.9006094723486224
29-2057.00,Ophthalmic Medical Technicians,7125207.330692308,69836.71586538461,93.11562115384615,4.3625,91.2325,76520.0,750.0,29,Healthcare Practitioners and Technical Occupations,44080.0,21.19,36000.0,17.31,0.0,0.0,0.0,False,False,False,False,0.0,0.0,0.0,0.0,0.0,0.0,,
29-2061.00,Licensed Practical and Licensed Vocational Nurses,31443231.118084617,84023.6241,49.71812076923077,4.185,79.43272727272728,632430.0,1690.0,29,Healthcare Practitioners and Technical Occupations,62340.0,29.969999999999995,61710.0,29.67,2687141.1932684826,7180.666028847044,8.427483503118502,False,False,False,False,8.546008465786995,8.546008465786997,54047.521340176696,144.42754307180022,3369322480.3466153,8912623.682960792,0.0026722325000395303,0.19876710017068802
29-2081.00,"Opticians, Dispensing",7610661.2259,64942.27172307692,95.50334076923076,4.458571428571428,95.77285714285715,79690.0,680.0,29,Healthcare Practitioners and Technical Occupations,46560.0,22.38,39760.0,19.12,0.0,0.0,0.0,False,False,False,False,0.0,0.0,0.0,0.0,0.0,0.0,,
29-2091.00,Orthotists and Prosthetists,479682.29993076925,4830.637461538461,48.30637461538461,4.241333333333333,96.19066666666666,9930.0,100.0,29,Healthcare Practitioners and Technical Occupations,78310.0,37.65,92070.0,44.26,2075.7385524281017,20.90371150481472,0.4113461538461538,False,False,False,False,0.4327319462752086,0.4327319462752087,42.97028226512822,0.4327319462752086,3365002.804182191,39841.63029355845,0.010070493454179255,0.749067598401522
29-2092.00,Hearing Aid Specialists,388114.2052153846,9170.940576923078,36.683762307692305,4.469090909090909,83.32636363636364,10580.0,250.0,29,Healthcare Practitioners and Technical Occupations,61560.0,29.6,47710.0,22.94,21121.79232968156,499.0971722514546,3.9285215384615375,False,False,False,False,5.442159046448709,5.442159046448708,575.7804271142734,13.605397616121772,35445043.09315467,649113.5202651698,0.02362948960302457,1.757618443319261
29-2099.01,Neurodiagnostic Technologists,9168466.565769231,75850.80923076923,52.674173076923076,4.6425,96.77374999999999,174060.0,1440.0,29,Healthcare Practitioners and Technical Occupations,48790.0,23.46,44360.0,21.33,201140.64504305238,3328.076856968809,4.578001923076924,False,False,False,False,2.1938308178383674,4.387661635676735,3818.5819215294628,31.59116377687249,186308611.95142248,1401384.0251420636,0.016546018614270942,1.2307327821513323
29-2099.05,Ophthalmic Medical Technologists,22901740.715907693,189466.31409230767,131.57382923076923,4.204516129032259,91.53645161290324,174060.0,1440.0,29,Healthcare Practitioners and Technical Occupations,48790.0,23.46,44360.0,21.33,0.0,0.0,0.0,False,False,False,False,0.0,0.0,0.0,0.0,0.0,0.0,,
29-2099.08,Patient Representatives,4858475.725107692,40194.21489230769,27.91264923076923,3.8576923076923078,74.70846153846153,174060.0,1440.0,29,Healthcare Practitioners and Technical Occupations,48790.0,23.46,44360.0,21.33,798970.0305462179,13219.772997662343,15.639697051282052,True,False,True,False,16.444870279320128,32.88974055864025,28623.941208184613,236.80613202220985,1396562091.5473273,10504720.016505228,0.01654601861427094,1.230732782151332
29-9091.00,Athletic Trainers,1247761.9134807691,15516.210323076923,43.10058423076923,3.866521739130435,90.05,28950.0,360.0,29,Healthcare Practitioners and Technical Occupations,60250.0,29.76,63190.0,30.37980769230769,48744.1843304409,606.1452973733583,3.1515900000000006,False,False,False,False,3.9065292668265243,3.9065292668265235,1130.9402227462788,14.063505360575487,68139148.4204633,888672.903734765,0.012435233160621761,0.9249626427515582
29-9092.00,Genetic Counselors,112125.94829999999,1597.2357307692307,31.944714615384616,4.189473684210526,96.79578947368421,3510.0,50.0,29,Healthcare Practitioners and Technical Occupations,98910.0,47.55,91620.0,44.05,21598.415968372166,307.6697431392047,11.77887956043956,False,False,False,False,19.262638395337582,19.262638395337582,676.1186076763493,9.631319197668791,66874891.485267706,882421.4648904146,0.014245014245014247,1.0595785259440333
29-9093.00,Surgical Assistants,2103065.760253846,30359.21701153846,91.99762730769231,4.3525,80.23285714285714,22860.0,330.0,29,Healthcare Practitioners and Technical Occupations,60290.0,28.99,44720.0,21.5,0.0,0.0,0.0,False,False,False,False,0.0,0.0,0.0,0.0,0.0,0.0,,
29-9099.01,Midwives,1863258.1822730768,8567.86288846154,50.39919346153846,4.206388888888889,95.08111111111111,36970.0,170.0,29,Healthcare Practitioners and Technical Occupations,64030.0,30.78,62110.0,29.86,178670.44197654232,821.5843964298673,9.437408076923077,False,False,False,False,9.589140339025578,9.589140339025576,3545.1051833377564,16.301538576343482,226993084.88911656,1012488.5609766936,0.004598322964565864,0.3420343556563725
31-1121.00,Home Health Aides,33793837.91325,372227.5827461539,16.947167307692308,3.953333333333333,76.62066666666666,1994070.0,21964.0,31,Healthcare Support Occupations,34900.0,16.78,34900.0,16.78,1167734.9265036955,12862.201389984892,2.125853461538462,True,False,True,False,3.455467027750187,3.455467027750187,68904.43136025815,758.958777975051,2404764654.4730096,26487661.351329282,0.011014658462340843,0.8192968695267466
31-1122.00,Personal Care Aides,59606573.2449,656546.046403077,29.891916153846154,4.337272727272727,81.1590909090909,1994070.0,21964.0,31,Healthcare Support Occupations,34900.0,16.78,34900.0,16.78,20291227.431234136,223500.9399367257,8.312791923076922,True,False,True,False,34.041929147420454,34.04192914742046,678819.8965499671,7476.969317939428,23690814389.593853,260946229.19608605,0.011014658462340843,0.8192968695267466
31-1131.00,Nursing Assistants,125412376.97866154,1115535.429,90.32675538461538,4.266666666666667,78.1590909090909,1388430.0,12350.0,31,Healthcare Support Occupations,39530.0,19.01,38500.0,18.51,6230297.732290806,55418.1175815788,8.417391923076924,True,False,True,False,4.967849172774127,4.967849172774126,68975.10826954781,613.5293728376047,2726586029.895225,23620880.85424778,0.008894938887808531,0.6616270137044709
31-1132.00,Orderlies,3836191.2979076924,42254.54013538462,72.35366461538462,4.123181818181818,60.05227272727273,53020.0,584.0,31,Healthcare Support Occupations,37700.0,18.12,37700.0,18.12,0.0,0.0,0.0,False,False,False,False,0.0,0.0,0.0,0.0,0.0,0.0,,
31-1133.00,Psychiatric Aides,1670925.7433076925,6224.0787,47.87752846153846,4.208235294117648,85.20882352941176,34900.0,130.0,31,Healthcare Support Occupations,41590.0,20.0,35390.0,17.02,135426.66183051546,504.45461426839563,7.102369615384616,True,False,True,False,8.104888106064527,8.104888106064527,2828.6059490165194,10.536354537883886,117641721.41959704,372881.58709571074,0.0037249283667621772,0.277069158388689
31-2011.00,Occupational Therapy Assistants,3643796.72685,17492.658050000002,76.055035,4.462727272727272,94.48363636363636,47910.0,230.0,31,Healthcare Support Occupations,68340.0,32.86,61280.0,29.46,167163.49846276286,802.4964443004687,6.21030155048077,False,False,False,False,4.587618656962592,4.587618656962592,2197.9280985507776,10.55152291101396,150206406.25496015,646597.3239869354,0.00480066791901482,0.3570852615297926
31-2012.00,Occupational Therapy Aides,276751.11346153845,3044.2622480769232,55.35022269230769,4.003333333333333,78.128,5000.0,55.0,31,Healthcare Support Occupations,37370.0,17.969999999999995,37370.0,17.969999999999995,13732.681993606517,151.05950192967165,5.027011538461538,False,False,False,False,4.962105417333766,4.962105417333765,248.1052708666883,2.7291579795335714,9271693.972288141,101988.63369516957,0.010999999999999998,0.8182065377339823
31-2021.00,Physical Therapist Assistants,10524578.689342307,76003.8087,97.44078038461538,4.143809523809524,90.6252380952381,108010.0,780.0,31,Healthcare Support Occupations,65510.0,31.5,61110.0,29.380000000000003,0.0,0.0,0.0,False,False,False,False,0.0,0.0,0.0,0.0,0.0,0.0,,
31-2022.00,Physical Therapist Aides,3875116.3004423077,73962.6833076923,88.05081346153847,4.0063157894736845,76.97,44010.0,840.0,31,Healthcare Support Occupations,34520.0,16.59,27860.0,13.39,0.0,0.0,0.0,False,False,False,False,0.0,0.0,0.0,0.0,0.0,0.0,,
31-9011.00,Massage Therapists,5095316.207261538,96558.47039999999,53.05410461538462,3.9650000000000003,92.85642857142857,96040.0,1820.0,31,Healthcare Support Occupations,57950.0,27.86,61010.0,29.33,918453.3691218434,17405.09300085126,18.244186538461538,False,False,False,False,18.025443991344815,18.025443991344815,17311.63640928756,328.0630806424756,1003209329.9182141,20015128.549997438,0.018950437317784258,1.4095792460299197
31-9091.00,Dental Assistants,27627779.482642308,464350.9803038462,73.58969576923077,4.30625,85.090625,375430.0,6310.0,31,Healthcare Support Occupations,47300.0,22.74,37320.0,17.94,0.0,0.0,0.0,False,False,False,False,0.0,0.0,0.0,0.0,0.0,0.0,,
31-9092.00,Medical Assistants,76086946.97365385,926322.5717307692,95.89260576923077,4.4079999999999995,86.29350000000001,793460.0,9660.0,31,Healthcare Support Occupations,44200.0,21.25,43040.0,20.69,3257609.2914934,39659.85148063701,8.14364346153846,False,False,False,False,4.281429891807056,4.281429891807056,33971.43361953226,413.58612754856165,1501537365.983326,17800746.929690093,0.012174526756232196,0.9055706714333163
31-9093.00,Medical Equipment Preparers,4564384.713584615,42030.48045769231,62.73206038461539,4.469333333333333,79.91333333333334,72760.0,670.0,31,Healthcare Support Occupations,46490.0,22.35,45250.0,21.76,0.0,0.0,0.0,False,False,False,False,0.0,0.0,0.0,0.0,0.0,0.0,,
31-9094.00,Medical Transcriptionists,3632645.9365807693,20242.280584615386,84.34283576923077,4.559333333333333,82.484,43070.0,240.0,31,Healthcare Support Occupations,37550.0,18.05,38900.0,18.7,1282039.132261089,7143.937583994924,43.80680730769231,False,False,False,False,35.292157690099835,35.292157690099835,15200.332317126,84.70117845623959,570772478.5080813,3294875.84194772,0.0055723241235198515,0.4144829116578842
31-9095.00,Pharmacy Aides,2514387.4093846157,15906.1004,61.17730923076923,4.148571428571429,72.48428571428572,41100.0,260.0,31,Healthcare Support Occupations,37000.0,17.79,38970.0,18.73,206544.30101983898,1306.6062838237988,9.534648473557693,False,False,False,False,8.214497903105142,8.214497903105142,3376.1586381762136,21.35769454807337,124917869.6125199,832309.3565384191,0.00632603406326034,0.47054567531704367
31-9096.00,Veterinary Assistants and Laboratory Animal Caretakers,10163161.481515385,64081.58566153846,89.00220230769231,4.205357142857143,85.04714285714286,114190.0,720.0,31,Healthcare Support Occupations,37320.0,17.94,35730.0,17.18,723006.4610359445,4558.758664908311,11.65629846153846,False,False,False,False,7.113991668349838,7.11399166834984,8123.467086088681,51.22074001211883,303167791.6528296,1830117.0406330058,0.006305280672563272,0.46900198804899923
31-9097.00,Phlebotomists,14549494.306953847,147715.92002307693,104.76306384615386,4.449565217391305,79.09782608695652,138880.0,1410.0,31,Healthcare Support Occupations,43660.0,20.99,38730.0,18.62,248235.2848654664,2520.245907692307,3.500341538461538,False,False,False,False,1.7061437300045803,1.7061437300045799,2369.492412230361,24.056626593064586,103452038.71797755,931713.1479493914,0.010152649769585251,0.7551785833452785
31-9099.01,Speech-Language Pathology Assistants,4012075.190423077,26708.46002307692,38.70791307692308,4.1499999999999995,82.08909090909091,103650.0,690.0,31,Healthcare Support Occupations,46050.0,22.14,45760.0,22.0,651285.2521339487,4335.618176289673,11.114782692307692,False,False,False,False,16.23312677909384,16.233126779093844,16825.635906530766,112.00857477574749,774820533.4957417,5125512.381738205,0.0066570188133140374,0.4951651195337876
31-9099.02,Endoscopy Technicians,5436763.376480769,36192.63608076923,52.45309576923077,4.5675,93.88416666666667,103650.0,690.0,31,Healthcare Support Occupations,46050.0,22.14,45760.0,22.0,0.0,0.0,0.0,False,False,False,False,0.0,0.0,0.0,0.0,0.0,0.0,,
33-1011.00,First-Line Supervisors of Correctional Officers,2832667.1913923076,13794.5958,53.05613769230769,4.301304347826087,93.52695652173912,53390.0,260.0,33,Protective Service Occupations,76310.0,36.69,97430.0,46.84000000000001,194227.98534005583,945.8564560482209,6.570114230769231,False,False,False,False,6.856717440377781,6.856717440377781,3660.8014414176973,17.82746534498223,279355757.9945845,1736929.9485616186,0.004869825810076793,0.36222939231186546
33-1012.00,First-Line Supervisors of Police and Detectives,1916414.0579153844,16144.283515384615,12.514948461538461,3.864,81.76050000000001,153130.0,1290.0,33,Protective Service Occupations,105980.0,50.95,109760.0,52.77,12714.852800717003,107.11265012032216,0.1499588461538461,False,False,False,False,0.6634710671319027,0.6634710671319026,1015.9732450990828,8.558776766001547,107672844.51560079,939411.3378363297,0.008424214719519362,0.6266134144350536
33-1021.00,First-Line Supervisors of Firefighting and Prevention Workers,2096150.135353846,17229.24428076923,22.375641923076923,4.1196,84.5008,93680.0,770.0,33,Protective Service Occupations,92430.0,44.44,102070.0,49.07,196176.62866154374,1612.4680195280603,3.781999095634095,True,True,True,True,9.358901605033537,9.358901605033536,8767.419023595417,72.06354235875824,810372540.3509245,7355525.768558454,0.008219470538001709,0.6113840482640776
33-2011.00,Firefighters,8514144.526461538,67910.19442307693,25.62648846153846,4.357777777777778,95.61148148148149,332240.0,2650.0,33,Protective Service Occupations,59530.0,28.62,49270.0,23.69,482890.8408207222,3851.6154833099986,2.6249321725571724,True,True,True,True,5.671630770653722,5.671630770653721,18843.426072419927,150.29821542232364,1121749154.0911582,7405193.073857886,0.007976161810739225,0.5932861581428139
33-2021.00,Fire Inspectors and Investigators,285448.38130769227,1218.996646153846,20.316610769230767,4.332333333333334,79.80466666666666,14050.0,60.0,33,Protective Service Occupations,78060.0,37.53,72550.0,34.88,0.0,0.0,0.0,False,False,False,False,0.0,0.0,0.0,0.0,0.0,0.0,,
33-2022.00,Forest Fire Inspectors and Prevention Specialists,33710.456423076925,727.5638076923077,12.126063461538461,3.97875,93.74875,2780.0,60.0,33,Protective Service Occupations,52380.0,25.19,77480.0,37.25,0.0,0.0,0.0,False,False,False,False,0.0,0.0,0.0,0.0,0.0,0.0,,
33-3011.00,Bailiffs,547235.5080038462,1294.4660153846155,32.36165038461538,4.234,79.898,16910.0,40.0,33,Protective Service Occupations,57050.0,27.43,57860.0,27.82,0.0,0.0,0.0,False,False,False,False,0.0,0.0,0.0,0.0,0.0,0.0,,
33-3012.00,Correctional Officers and Jailers,22759338.212653846,123333.21380769231,62.28950192307693,4.1866666666666665,81.7274074074074,365380.0,1980.0,33,Protective Service Occupations,57970.0,27.87,61340.0,29.489999999999995,1239779.4339386907,6718.384364767112,4.442648076923076,False,False,False,False,5.447343953302615,5.447343953302615,19903.505336577095,107.85741027539177,1153806204.3613741,6615973.546292531,0.0054190158191471886,0.4030794701191002
33-3021.00,Detectives and Criminal Investigators,2832603.6384692304,14317.700492307691,25.567322307692304,4.36,93.87133333333333,110790.0,560.0,33,Protective Service Occupations,93580.0,44.99,74530.0,35.83,161021.90106153133,3255.610238991156,10.499422557172556,True,True,True,True,5.6845899254916334,22.738359701966534,6297.95717845218,31.833703582753145,589362832.7595551,2372565.928022592,0.02021843126635978,1.5038956949873397
33-3021.02,Police Identification and Records Officers,1819288.68345,9195.790799999999,16.421055,4.389333333333334,77.70466666666667,110790.0,560.0,33,Protective Service Occupations,93580.0,44.99,74530.0,35.83,10299.385644310556,208.23742073522558,0.6715707692307694,False,False,False,False,0.5661215692706538,2.264486277082615,627.2060865949574,3.1702807879156616,58693945.58355611,236281.02712335426,0.020218431266359776,1.5038956949873392
33-3021.06,Intelligence Analysts,3566038.764911538,18024.927415384613,32.187370384615384,3.8738095238095234,81.98761904761905,110790.0,560.0,33,Protective Service Occupations,93580.0,44.99,74530.0,35.83,238891.13747595908,4830.004043200184,16.10507653846154,False,False,False,False,6.699061710336881,26.796246841347532,7421.89046888223,37.514745577886536,694540510.0779991,2795973.9879198833,0.020218431266359783,1.5038956949873399
33-3031.00,Fish and Game Wardens,83383.17729230771,922.1504030769232,12.988033846153849,3.8266666666666667,86.29166666666667,6420.0,71.0,33,Protective Service Occupations,68180.0,32.78,68180.0,32.78,2258.5127884615385,24.977322115384617,0.7035865384615385,False,False,False,False,2.7085952608211437,2.7085952608211437,173.89181574471743,1.923102635183012,11855943.997474834,131117.13766677777,0.011059190031152648,0.8226092350483257
33-3041.00,Parking Enforcement Workers,264712.55281153845,1703.4269807692308,34.068539615384616,3.929090909090909,78.7159090909091,7770.0,50.0,33,Protective Service Occupations,47150.0,22.67,53020.0,25.49,6701.724813338799,43.12564229947747,1.55771,False,False,False,False,2.5316989096886835,2.531698909688683,196.7130052828107,1.2658494548443417,9275018.199084526,67115.338095847,0.006435006435006435,0.47865130322568294
33-3051.00,Police and Sheriff's Patrol Officers,42193594.48596923,339704.64683076926,63.25971076923077,4.119666666666666,89.00733333333334,666990.0,5370.0,33,Protective Service Occupations,76290.0,36.68,77210.0,37.12,929367.7154699794,14964.85594108994,5.078961153846155,True,True,True,True,2.2026275001979863,4.4052550003959725,14691.305163570549,118.28109676063187,1120799670.9287972,9132483.480888387,0.016102190437637744,1.1977197716284382
33-3051.04,Customs and Border Protection Officers,19976733.506180767,160834.58361923078,29.95057423076923,4.234545454545454,84.47454545454546,666990.0,5370.0,33,Protective Service Occupations,76290.0,36.68,77210.0,37.12,3210630.1659489693,51698.178356934775,18.12776076923077,True,True,True,True,16.07184760689532,32.143695213790636,107197.6163532311,863.0582164902787,8178106151.588001,66636724.895214416,0.016102190437637744,1.1977197716284382
33-3052.00,Transit and Railroad Police,66237.17307692308,728.6089038461539,22.079057692307693,3.9508333333333336,79.55083333333333,3000.0,33.0,33,Protective Service Occupations,82320.0,39.58,82320.0,39.58,5016.417403833576,55.18059144216934,3.0199061538461534,False,False,False,False,7.5734171173154845,7.5734171173154845,227.20251351946453,2.49922764871411,18703310.91292232,205736.42004214553,0.011000000000000001,0.8182065377339826
33-9011.00,Animal Control Workers,310175.6550923077,4735.506184615385,26.308367692307694,4.408666666666666,90.82199999999999,11790.0,180.0,33,Protective Service Occupations,45830.0,22.030000000000005,46690.0,22.45,21820.42653067851,333.13628291112224,3.342492692307692,False,False,False,False,7.034861109323614,7.034861109323614,829.4101247892542,12.662749996782507,38011866.01909152,591223.7973497752,0.015267175572519082,1.1356093514697883
33-9021.00,Private Detectives and Investigators,559848.2957307692,5207.891123076923,14.46636423076923,4.187142857142857,72.825,38700.0,360.0,33,Protective Service Occupations,52370.0,25.18,51130.0,24.58,66440.62349716267,618.0523116015133,3.077918076923077,False,False,False,False,11.867611994859754,11.867611994859756,4592.765842010725,42.723403181495115,240523147.14610165,2184447.604669845,0.00930232558139535,0.6919294188025223
33-9031.00,Gambling Surveillance Officers and Gambling Investigators,583744.1,6421.185100000001,58.374410000000005,4.6075,94.845,10000.0,110.0,33,Protective Service Occupations,43900.0,21.11,43900.0,21.11,0.0,0.0,0.0,False,False,False,False,0.0,0.0,0.0,0.0,0.0,0.0,,
33-9032.00,Security Guards,61619366.458057694,347355.4403846154,49.622205769230774,4.406428571428571,86.41285714285713,1241770.0,7000.0,33,Protective Service Occupations,38370.0,18.45,42440.0,20.4,7254180.636066424,40892.64876141715,9.020793461538462,False,False,False,False,11.77256608278196,11.772566082781962,146188.19384616156,824.0796257947372,5609240997.877219,34973939.31872865,0.005637114763603567,0.41930219577610833
33-9091.00,Crossing Guards and Flaggers,2564739.4211307694,48063.97895,28.440224230769232,4.285833333333334,69.36416666666666,90180.0,1690.0,33,Protective Service Occupations,37700.0,18.13,34480.0,16.58,141138.0413045093,2644.968837931035,2.388791538461539,False,True,True,False,5.503016803254144,5.5030168032541456,4962.620553174587,93.00098397499504,187090794.85468194,3206673.927457829,0.018740297183410956,1.3939485158676894
33-9092.00,"Lifeguards, Ski Patrol, and Other Recreational Protective Service Workers",5726443.8668,83350.2868,39.880520000000004,4.101333333333334,80.50133333333333,143590.0,2090.0,33,Protective Service Occupations,33720.0,16.21,28400.0,13.65,223201.0990720225,3248.7659103038304,2.807328076923077,False,False,False,False,3.8977261327237938,3.897726132723793,5596.7449539780955,81.46247617392729,188722239.84814137,2313534.323339535,0.014555331151194372,1.0826606460718482
33-9093.00,Transportation Security Screeners,6318464.810323076,65448.06018461538,136.35012538461538,4.3076923076923075,84.31461538461538,46340.0,480.0,33,Protective Service Occupations,63360.0,30.46,59950.0,28.82,158437.21967213112,1641.127868852459,6.32,False,False,False,False,2.5075271355990965,2.507527135599097,1161.9880746366214,12.036130250875663,73623564.40897633,721566.008539996,0.010358221838584378,0.7704695297844227
33-9099.02,Retail Loss Prevention Specialists,2255613.8388615386,18998.071076923075,27.140101538461536,4.3100000000000005,93.49190476190476,83110.0,700.0,33,Protective Service Occupations,41600.0,20.0,49000.0,23.56,340865.2450767463,2870.962237441011,6.864495,False,False,False,False,15.111861755946176,15.111861755946181,12559.468305366865,105.78303229162324,522473881.50326157,5183368.582289539,0.008422572494284684,0.626491261760195
35-1011.00,Chefs and Head Cooks,8802565.764092308,90768.01029230769,48.28085653846154,4.314285714285714,98.01714285714286,182320.0,1880.0,35,Food Preparation and Serving Related Occupations,60990.0,29.32,44490.0,21.39,856854.3903040986,8835.488447628924,8.97897717948718,False,False,False,False,9.73414358117499,9.73414358117499,17747.29057719824,183.0018993260898,1082407252.3033206,8141754.501017735,0.010311540149188241,0.7669972331065694
35-1012.00,First-Line Supervisors of Food Preparation and Serving Workers,81716568.43091539,791387.109423077,68.81627038461538,4.163846153846154,76.39192307692308,1187460.0,11500.0,35,Food Preparation and Serving Related Occupations,42010.0,20.2,38070.0,18.31,3799839.741102567,36799.68758752254,5.923567307692307,False,False,False,False,4.650023629314559,4.650023629314559,55217.17058865866,534.7527173711742,2319673336.42955,20358035.9503206,0.009684536742290265,0.7203592070424417
35-2011.00,"Cooks, Fast Food",93300652.26983461,872647.2572115385,139.62356115384614,4.5405263157894735,95.14999999999999,668230.0,6250.0,35,Food Preparation and Serving Related Occupations,30160.0,14.5,29960.0,14.410000000000002,9948459.955863241,93048.61308852528,25.12939195054945,False,False,False,False,10.662797862432217,10.662797862432214,71252.0141561308,666.4248664020135,2148960746.948905,19966088.997404326,0.009353067057749576,0.6957036922286406
35-2012.00,"Cooks, Institution and Cafeteria",13192633.684453845,161280.57955384615,29.43076269230769,4.3623529411764705,76.22529411764705,448260.0,5480.0,35,Food Preparation and Serving Related Occupations,36450.0,17.53,37740.0,18.15,566775.8043765312,6928.861392904544,2.3405523076923074,False,False,False,False,4.296153580345506,4.296153580345506,19257.938039256765,235.42921620293376,701951841.5309091,8885098.61949872,0.012225047963235623,0.9093285606937176
35-2013.00,"Cooks, Private Household",14374.382192307694,159.7153576923077,15.971535769230771,4.083846153846154,95.1,900.0,10.0,35,Food Preparation and Serving Related Occupations,44530.0,21.41,44530.0,21.41,671.1251692176329,7.4569463246403656,1.3803780769230767,False,False,False,False,4.6688974888728,4.668897488872801,42.0200773998552,0.4668897488872801,1871154.046615552,20790.60051795058,0.011111111111111112,0.826471250236346
35-2014.00,"Cooks, Restaurant",105328071.355,843564.605,72.5335,4.2025,83.8955,1452130.0,11630.0,35,Food Preparation and Serving Related Occupations,36830.0,17.71,36510.0,17.55,14968268.501470983,119879.73712553801,16.378071923076924,False,False,False,False,14.21109141078033,14.21109141078033,206363.52170336441,1652.7499310737526,7600368504.334911,60341899.98350271,0.008008924820780508,0.5957231498711433
35-2015.00,"Cooks, Short Order",8924950.681823077,30853.4394,59.33353730769231,4.442727272727272,87.17727272727274,150420.0,520.0,35,Food Preparation and Serving Related Occupations,35620.0,17.12,36680.0,17.64,535666.2210207826,1851.7912174631495,6.592129230769231,False,False,False,False,6.001895585952565,6.001895585952565,9028.051340389848,31.20985704695334,321579188.74468637,1144777.5564822485,0.0034569871027788856,0.257139040759613
35-2021.00,Food Preparation Workers,60910793.288196154,642161.7888884615,68.53380884615385,4.230645161290322,80.4874193548387,888770.0,9370.0,35,Food Preparation and Serving Related Occupations,34220.0,16.45,32090.0,15.43,1544943.5107217631,16287.814277555408,3.2703676923076923,False,False,False,False,2.536403529358,2.536403529358,22542.793647875096,237.6610107008446,771414398.6302857,7626541.833390104,0.010542660080785804,0.7841884912005473
35-3011.00,Bartenders,63054530.82664616,280764.79975384613,84.56771076923077,4.277,85.589,745610.0,3320.0,35,Food Preparation and Serving Related Occupations,33530.0,16.12,34120.0,16.41,8440273.625951154,37582.25940928613,20.951500384615386,False,False,False,False,13.385673504027384,13.385673504027388,99804.92021337857,444.4043603337091,3346458974.7545834,15163076.774586156,0.0044527299794798894,0.3312047981795043
35-3023.00,Fast Food and Counter Workers,666727470.0600346,8989789.92566923,176.33954346153845,4.348888888888889,73.97259259259259,3780930.0,50980.0,35,Food Preparation and Serving Related Occupations,30480.0,14.65,28670.0,13.79,11906251.769865805,481612.65074194537,19.751450219780217,True,True,True,True,1.7857748937198765,5.357329311631189,67518.89868912293,910.388040818393,2057976032.044467,26100825.13026333,0.04045040034857029,3.008798365377925
35-3023.01,Baristas,422036291.7855,5690507.403,111.62235,4.092631578947368,92.35578947368421,3780930.0,50980.0,35,Food Preparation and Serving Related Occupations,30480.0,14.65,28670.0,13.79,10353839.002688719,418813.7742573733,28.162263461538465,True,False,True,False,2.453305368333361,7.3598669608368725,92757.75866292656,1250.6950767763474,2827256484.0460014,35857427.85117788,0.04045009528819352,3.0087756742511367
35-3031.00,Waiters and Waitresses,376361987.3642,2946904.113092308,163.4444876923077,4.3404,91.088,2302690.0,18030.0,35,Food Preparation and Serving Related Occupations,33760.0,16.23,29860.0,14.35,18027695.252329227,141156.36294920114,15.32082098901099,False,False,False,False,4.789988324427698,4.789988324427697,110298.58214776416,863.6348948943139,3723680133.308518,25788137.961544212,0.007829972770976554,0.5824122646810985
35-3041.00,"Food Servers, Nonrestaurant",16030611.51933846,136252.53002307692,58.98377923076923,4.506428571428572,88.53785714285713,271780.0,2310.0,35,Food Preparation and Serving Related Occupations,34460.0,16.57,28280.0,13.6,520498.89049696963,4423.9916,3.71764,False,False,False,False,3.246906020204332,3.246906020204333,8824.441181711334,75.00352906672006,304090243.1217726,2121099.8020068435,0.008499521671940543,0.6322149272357657
35-9011.00,Dining Room and Cafeteria Attendants and Bartender Helpers,72624660.12266923,527283.8870230769,139.12503615384617,4.17,76.00652173913043,522010.0,3790.0,35,Food Preparation and Serving Related Occupations,32670.0,15.710000000000004,27760.0,13.34,0.0,0.0,0.0,False,False,False,False,0.0,0.0,0.0,0.0,0.0,0.0,,
35-9021.00,Dishwashers,19074172.799496155,132642.07344615384,40.43965653846154,3.9815384615384612,73.50923076923077,471670.0,3280.0,35,Food Preparation and Serving Related Occupations,33670.0,16.19,30130.0,14.48,0.0,0.0,0.0,False,False,False,False,0.0,0.0,0.0,0.0,0.0,0.0,,
35-9031.00,"Hosts and Hostesses, Restaurant, Lounge, and Coffee Shop",49017052.976596154,500326.2342923077,114.75372346153847,4.172857142857143,70.73095238095237,427150.0,4360.0,35,Food Preparation and Serving Related Occupations,30380.0,14.61,28790.0,13.84,2612194.650390191,26663.159723051,9.660043846153846,False,False,False,False,5.32915483849553,5.329154838495532,22763.484892633656,232.3511509584051,691554671.0382105,6689389.636092483,0.010207187170783099,0.7592352068190149
37-1011.00,First-Line Supervisors of Housekeeping and Janitorial Workers,7934771.6894307695,102217.08634615385,45.429816153846154,4.137307692307692,80.21423076923078,174660.0,2250.0,37,Building and Grounds Cleaning and Maintenance Occupations,47520.0,22.85,49770.0,23.93,864302.3898893767,11134.091247286717,8.124492692307692,False,False,False,False,10.892593053945584,10.892593053945586,19025.003028021358,245.08334371377566,904068143.891575,12197798.016634615,0.012882171075231881,0.9582069630874848
37-1012.00,"First-Line Supervisors of Landscaping, Lawn Service, and Groundskeeping Workers",3616901.2767846156,59732.922076923074,29.138010769230767,3.858571428571429,91.74,124130.0,2050.0,37,Building and Grounds Cleaning and Maintenance Occupations,56170.0,27.01,54600.0,26.25,51915.701519230766,857.3849038461539,0.8364730769230769,False,False,False,False,1.435364074006002,1.4353640740060025,1781.7174250636504,29.424963517123043,100079067.76582524,1606603.0080349182,0.016514944010311772,1.228421378140706
37-2011.00,"Janitors and Cleaners, Except Maids and Housekeeping Cleaners",47943230.43242308,537642.3904576923,21.793368076923077,3.6966666666666663,68.64619047619047,2199900.0,24670.0,37,Building and Grounds Cleaning and Maintenance Occupations,35930.0,17.27,30390.0,14.61,0.0,0.0,0.0,False,False,False,False,0.0,0.0,0.0,0.0,0.0,0.0,,
37-2012.00,Maids and Housekeeping Cleaners,45174509.74938461,447036.9424615385,52.84124615384615,3.9939999999999998,65.285,854910.0,8460.0,37,Building and Grounds Cleaning and Maintenance Occupations,34660.0,16.66,34660.0,16.67,689305.8325907452,6821.217840144232,1.4957273504273505,False,False,False,False,1.5258734105025573,1.5258734105025573,13044.844373727414,129.08889052851634,452134305.99339217,4474220.945718377,0.009895778503000318,0.7360718788292966
37-2021.00,Pest Control Workers,3260015.232680769,29849.27067692308,33.91962576923077,3.896153846153846,74.06076923076922,96110.0,880.0,37,Building and Grounds Cleaning and Maintenance Occupations,44730.0,21.51,42460.0,20.41,159102.67083631575,1456.7719314947233,3.064797692307692,False,False,False,False,4.880427221362483,4.880427221362482,4690.578602451483,42.947759547989854,209809580.8876548,1823561.870407649,0.00915617521589845,0.6810584020259973
37-3011.00,Landscaping and Groundskeeping Workers,24364777.8882,322563.4926,25.82574,3.5384615384615383,70.73038461538462,943430.0,12490.0,37,Building and Grounds Cleaning and Maintenance Occupations,38090.0,18.31,38940.0,18.72,205752.10441346152,2723.9368942307688,0.4361788461538461,False,False,False,False,0.8444653399163898,0.8444653399163898,7966.939356373197,105.4737209555571,303460720.0842551,4107146.6940093935,0.013238926046447537,0.9847432585254619
37-3012.00,"Pesticide Handlers, Sprayers, and Applicators, Vegetation",688662.8764615385,6558.694061538461,27.327891923076923,4.029,84.85,25200.0,240.0,37,Building and Grounds Cleaning and Maintenance Occupations,45200.0,21.73,38180.0,18.36,0.0,0.0,0.0,False,False,False,False,0.0,0.0,0.0,0.0,0.0,0.0,,
37-3013.00,Tree Trimmers and Pruners,2117396.1872846154,19462.175107692306,44.23221615384615,3.813333333333333,69.73541666666667,47870.0,440.0,37,Building and Grounds Cleaning and Maintenance Occupations,50430.0,24.25,53900.0,25.91,23925.518057692305,219.91284615384612,0.999603846153846,False,False,False,False,1.1299499924185088,1.1299499924185088,540.9070613707402,4.971779966641439,27277943.104926426,267978.94020197354,0.009191560476289952,0.6836904430616106
39-1013.00,First-Line Supervisors of Gambling Services Workers,3090549.143965385,34016.62003346154,121.0555873076923,4.26,83.05892857142858,25530.0,281.0,39,Personal Care and Service Occupations,61590.0,29.61,61590.0,29.61,122903.1561423078,1352.7531091260669,9.100567692307694,True,True,True,True,3.976741686256271,3.976741686256271,1015.262152501226,11.174644138380122,62529995.972550504,688246.3324828318,0.011006658832745788,0.8187018377781898
39-1022.00,First-Line Supervisors of Personal Service Workers,1870216.2339538462,14848.531653846154,17.46886076923077,4.08,90.02764705882353,107060.0,850.0,39,Personal Care and Service Occupations,47080.0,22.64,43660.0,20.99,195492.75820818494,1603.2770275124224,1.8706441625310173,True,False,True,False,10.452949485680135,10.797545945205513,11190.92771936915,88.85007062828113,526868877.0278996,3879194.083630754,0.008201209304157723,0.6100257336351468
39-2011.00,Animal Trainers,919591.1396423077,11889.2937,45.72805269230769,4.217333333333333,66.61999999999999,20110.0,260.0,39,Personal Care and Service Occupations,38750.0,18.63,35380.0,17.01,36125.551635108626,467.06332298002195,3.3959296153846155,False,False,False,False,3.9284362449555945,3.9284362449555936,790.0085288605701,10.213934236884546,30612830.49334709,361368.99330097524,0.01292889109895574,0.9616821111651165
39-2021.00,Animal Caretakers,15583167.864615384,133184.66584615383,56.196061538461535,4.084090909090909,63.691818181818185,277300.0,2370.0,39,Personal Care and Service Occupations,33470.0,16.09,31550.0,15.17,498479.33275,4260.353475,3.595235,False,True,True,False,3.19883182341823,3.1988318234182307,8870.360646338751,75.81231421501205,296890970.832958,2391878.51348363,0.00854670032455824,0.6357241892369729
39-3011.00,Gambling Dealers,11882998.472123077,130887.6910523077,143.2031630769231,4.567142857142857,80.55857142857143,82980.0,914.0,39,Personal Care and Service Occupations,33280.0,16.0,33280.0,16.0,0.0,0.0,0.0,False,False,False,False,0.0,0.0,0.0,0.0,0.0,0.0,,
39-3012.00,Gambling and Sports Book Writers and Runners,888152.7872307693,9816.425543076923,116.86220884615385,4.351111111111111,52.64555555555555,7600.0,84.0,39,Personal Care and Service Occupations,30460.0,14.65,30460.0,14.65,0.0,0.0,0.0,False,False,False,False,0.0,0.0,0.0,0.0,0.0,0.0,,
39-3021.00,Motion Picture Projectionists,38922.90675,419.16976500000004,19.960465,4.003529411764706,71.64647058823529,1950.0,21.0,39,Personal Care and Service Occupations,38180.0,18.35,38180.0,18.35,0.0,0.0,0.0,False,False,False,False,0.0,0.0,0.0,0.0,0.0,0.0,,
39-3031.00,"Ushers, Lobby Attendants, and Ticket Takers",10102084.0998,119486.10503076923,84.74191846153846,3.8317391304347823,64.79304347826087,119210.0,1410.0,39,Personal Care and Service Occupations,31150.0,14.98,25570.0,12.289999999999996,551000.5106543677,6517.160641075903,8.165583846153847,False,False,False,False,5.454325119559007,5.454325119559006,6502.100975026293,76.905984185782,202540445.37206903,1966486.015630446,0.011827866789698849,0.8797852667980227
39-3091.00,Amusement and Recreation Attendants,16974595.929876924,272258.64996923076,45.68098153846154,3.5011764705882356,59.572941176470586,371590.0,5960.0,39,Personal Care and Service Occupations,30490.0,14.66,27170.0,13.06,919958.038897808,14755.375311044258,3.820313846153845,False,False,False,False,5.419616718407966,5.419616718407967,20138.753763932164,323.0091564171148,614030602.2622917,8776158.779853009,0.016039182970478218,1.1930331242142578
39-3092.00,Costume Attendants,138036.82485769232,2633.4529384615385,21.945441153846154,3.552380952380952,72.67333333333333,6290.0,120.0,39,Personal Care and Service Occupations,54810.0,26.35,39940.0,19.2,15907.08393940714,303.47377944814895,4.685660096153846,False,False,False,False,11.523797331477589,11.523797331477589,724.8468521499403,13.828556797773105,39728855.96633823,552312.5585030578,0.019077901430842606,1.4190603342690835
39-3093.00,"Locker Room, Coatroom, and Dressing Room Attendants",982317.0760615385,9849.435923076922,65.66290615384615,3.9460869565217394,60.09478260869565,14960.0,150.0,39,Personal Care and Service Occupations,34800.0,16.73,22880.0,11.0,26301.029522975703,263.713531313259,3.493198846153846,False,False,False,False,2.677448062740186,2.677448062740186,400.54623018593185,4.016172094110279,13939008.810470428,91890.01751324318,0.010026737967914437,0.7458129597721035
39-4011.00,Embalmers,77291.56986923076,858.7952207692308,22.59987423076923,4.3769230769230765,90.8673076923077,3420.0,38.0,39,Personal Care and Service Occupations,56280.0,27.06,56280.0,27.06,0.0,0.0,0.0,False,False,False,False,0.0,0.0,0.0,0.0,0.0,0.0,,
39-4021.00,Funeral Attendants,649961.3284307692,4040.9899346153843,21.268368076923075,4.211666666666667,70.24208333333333,30560.0,190.0,39,Personal Care and Service Occupations,34610.0,16.64,38360.0,18.44,39185.98588734491,243.63014785980147,2.5645278722084366,False,False,False,False,6.0289719054444975,6.028971905444497,1842.4538143038383,11.455046620344545,63767326.513055846,439415.58835641673,0.006217277486910994,0.4624560987906255
39-4031.00,"Morticians, Undertakers, and Funeral Arrangers",332977.4141153846,4146.022276923077,12.956319615384615,4.278181818181818,93.95136363636362,25700.0,320.0,39,Personal Care and Service Occupations,49800.0,23.94,61190.0,29.42,52687.41838055842,656.0301121314667,3.649633173076923,False,True,True,False,15.823120772480074,15.823120772480074,4066.542038527379,50.63398647193624,202513793.5186635,3098293.6322177784,0.012451361867704281,0.9261623348952049
39-5011.00,Barbers,1280029.8488846153,20508.765534615384,70.71988115384616,3.928333333333333,80.11388888888888,18100.0,290.0,39,Personal Care and Service Occupations,38960.0,18.73,25290.0,12.16,38152.250869388605,611.2791575758396,3.673988076923077,False,False,False,False,2.9805750938256232,2.9805750938256232,539.4840919824378,8.643667772094307,21018300.223635778,218598.35795626504,0.016022099447513812,1.1917624105618028
39-5012.00,"Hairdressers, Hairstylists, and Cosmetologists",25339382.568076923,310460.1803846154,85.76248076923076,4.137272727272727,78.01863636363636,295460.0,3620.0,39,Personal Care and Service Occupations,35250.0,16.95,34960.0,16.81,1963116.378592292,24052.26186456406,12.56040423076923,False,False,False,False,7.747293657681567,7.747293657681567,22890.15384098596,280.4520304080727,806877922.8947551,9804602.983066222,0.012252081500033846,0.911339380379752
39-5091.00,"Makeup Artists, Theatrical and Performance",63831.61096923077,711.3763873076923,19.226388846153846,4.103809523809524,91.28428571428572,3320.0,37.0,39,Personal Care and Service Occupations,50280.0,24.17,50280.0,24.17,7725.215236679243,86.09426619190724,4.450577692307693,False,False,False,False,12.102491413546005,12.102491413546005,401.80271492972736,4.4779218230120215,20202640.50666669,225149.90926104443,0.011144578313253013,0.8289606214719977
39-5092.00,Manicurists and Pedicurists,18185338.716284614,110721.18011538462,123.02353346153846,4.147777777777778,91.40277777777777,147820.0,900.0,39,Personal Care and Service Occupations,34660.0,16.66,38390.0,18.46,528811.6428640165,3219.662282354315,6.762761538461539,False,False,False,False,2.9079009806425877,2.9079009806425873,4298.459229585873,26.17110882578329,148984596.89744636,1004708.8678218204,0.006088485996482208,0.4528762770203221
39-5093.00,Shampooers,118744.19501538461,1308.9911261538462,13.357052307692307,4.5600000000000005,79.1125,8890.0,98.0,39,Personal Care and Service Occupations,31470.0,15.13,31470.0,15.13,18948.005811538464,208.87565461538463,4.262768461538462,False,False,False,False,15.95699546330121,15.95699546330121,1418.5768966874775,15.637855554035186,44642614.938754916,492123.3142854873,0.011023622047244094,0.8199636025966897
39-5094.00,Skincare Specialists,4845245.917661538,55874.846146153846,68.98129153846153,4.049444444444444,88.45555555555556,70240.0,810.0,39,Personal Care and Service Occupations,41560.0,19.98,44960.0,21.62,229168.22393762067,2642.7429013307624,6.200988076923077,False,False,False,False,4.7297542339857985,4.7297542339857985,3322.1793739516247,38.31100929528497,138069774.78142953,1722462.9779160123,0.011531890660592256,0.8577698482663672
39-6011.00,Baggage Porters and Bellhops,1684373.2507538463,10790.34753846154,53.951737692307695,4.128823529411765,74.9535294117647,31220.0,200.0,39,Personal Care and Service Occupations,36020.0,17.32,32530.0,15.64,119236.3661420118,763.8460355029583,5.620753846153846,False,False,False,False,7.078975285830929,7.0789752858309285,2210.056084236416,14.157950571661859,79606220.15419571,460558.13209616026,0.0064061499039077515,0.47650488482556785
39-6012.00,Concierges,1647653.192,13047.027538461538,37.27722153846154,3.886875,87.3775,44200.0,350.0,39,Personal Care and Service Occupations,37320.0,17.94,35350.0,16.99,385258.1389394678,3050.6866205613965,14.373653846153847,False,False,False,False,23.382234854400583,23.382234854400586,10334.947805645057,81.83782199040203,385700252.10667354,2892967.0073607117,0.007918552036199095,0.5890010041277126
39-7011.00,Tour Guides and Escorts,1563492.203975,17226.806573076923,63.802987307692305,3.9489473684210528,58.7321052631579,24505.0,270.0,39,Personal Care and Service Occupations,36660.0,17.63,36660.0,17.63,67156.9478383677,739.9459667969509,5.180748461538461,False,False,False,False,4.295317090013551,4.295317090013551,1052.5674529078208,11.597356143036588,38587122.82360071,425159.07620372134,0.011018159559273618,0.8195572895630773
39-7012.00,Travel Guides,820294.3849749999,9038.13441923077,33.47457192307692,4.219411764705883,64.4835294117647,24505.0,270.0,39,Personal Care and Service Occupations,36660.0,17.63,36660.0,17.63,107056.92378833746,1179.5702682248975,7.2792734615384616,False,False,False,False,13.051037011743075,13.051037011743071,3198.1566197276406,35.237799931706306,117244421.67921531,1291817.7454963531,0.011018159559273618,0.8195572895630773
39-9011.00,Childcare Workers,35321845.761876926,265501.2052153846,67.90312153846153,4.14375,78.65083333333332,520180.0,3910.0,39,Personal Care and Service Occupations,32050.0,15.410000000000002,30860.0,14.839999999999998,497564.5365506925,7479.770111323529,4.292928076923077,False,False,False,False,1.408659501842106,2.81722642473719,7327.564996682267,55.07858652202634,234848458.14366665,1699725.180069733,0.015032763715790827,1.11817323204275
39-9011.01,Nannies,26951677.198423076,202585.75463461538,51.81221346153846,4.379473684210526,97.89473684210526,520180.0,3910.0,39,Personal Care and Service Occupations,32050.0,15.410000000000002,30860.0,14.839999999999998,180348.58639155596,2711.3984450296944,3.7420576923076925,False,False,False,False,0.6691553370270702,1.3383954118195454,3480.812232147414,26.163973677758445,111560032.04032461,807420.2276956256,0.015034209578682031,1.1182807788127729
39-9031.00,Exercise Trainers and Group Fitness Instructors,16647981.83613846,308702.1202076923,54.831637692307694,3.6614285714285715,75.5104761904762,303620.0,5630.0,39,Personal Care and Service Occupations,46180.0,22.2,48730.0,23.43,1904032.8254861794,35306.31976644223,12.427645384615385,False,True,True,False,11.43701887848662,11.43701887848662,34725.07671886108,643.9041628587967,1603604042.8770046,31377449.85610916,0.018542915486463342,1.3792667890611834
39-9032.00,Recreation Workers,6889752.598538462,132392.54605769232,22.250848076923077,3.9479166666666665,76.7625,309640.0,5950.0,39,Personal Care and Service Occupations,35380.0,17.01,31060.0,14.93,45284.6087939784,870.1828650179934,0.2764711538461538,False,False,False,False,0.6572748171477844,0.6572748171477844,2035.1857438163995,39.10785162029317,72004871.61622421,1214689.871326306,0.019215863583516343,1.429322292021584
39-9041.00,Residential Advisors,2862143.33405,38364.67939615385,34.56277423076923,3.826,74.77066666666666,82810.0,1110.0,39,Personal Care and Service Occupations,39180.0,18.84,39520.0,19.0,323508.8935169558,4336.370870713935,7.174993846153846,False,False,False,False,11.303029085520432,11.303029085520434,9360.03838571947,125.4636228492768,366726303.95248884,4958322.375003419,0.013404178239343076,0.9970351153074625
41-1011.00,First-Line Supervisors of Retail Sales Workers,56869491.416738465,480741.2359692308,51.08833538461539,4.189047619047619,81.6252380952381,1113160.0,9410.0,41,Sales and Related Occupations,47320.0,22.75,46900.0,22.55,10031280.627319852,84798.54711189748,15.640038461538463,False,False,False,False,17.639124911124725,17.639124911124725,196351.68286067597,1659.8416541368365,9291361632.967186,77846573.57901762,0.008453411908440834,0.628785171785872
41-1012.00,First-Line Supervisors of Non-Retail Sales Workers,4413389.112338462,41310.660153846155,20.15154153846154,3.869444444444445,65.87777777777778,219010.0,2050.0,41,Sales and Related Occupations,84130.0,40.45,77110.0,37.07,298613.51821451314,2795.1130648817493,2.4126053846153845,False,False,False,False,6.7660818163456895,6.7660818163456895,14818.395785978695,138.70467723508665,1246671637.4743876,10695517.661597531,0.009360303182503082,0.6962419326451114
41-2011.00,Cashiers,335380479.4909423,2962783.4342884617,106.53662115384616,4.351071428571428,65.97714285714285,3148030.0,27810.0,41,Sales and Related Occupations,31190.0,14.99,30290.0,14.56,36982290.34955558,326705.11228328216,21.09906653846154,False,False,False,False,11.02696567364004,11.026965673640039,347132.18749589054,3066.599153839295,10827052927.996826,92887288.36979225,0.008834096244317875,0.6571013910974642
41-2012.00,Gambling Change Persons and Booth Cashiers,1475125.7347846155,16278.177283076922,67.26519538461538,4.5976923076923075,72.30153846153846,21930.0,242.0,41,Sales and Related Occupations,34810.0,16.74,34810.0,16.74,0.0,0.0,0.0,False,False,False,False,0.0,0.0,0.0,0.0,0.0,0.0,,
41-2021.00,Counter and Rental Clerks,34984445.664684616,295764.3417038462,87.76389961538462,4.175625,80.68,398620.0,3370.0,41,Sales and Related Occupations,38540.0,18.53,37300.0,17.94,4983480.070265603,42131.17213585641,21.305577307692307,False,False,False,False,14.244845032077283,14.244845032077283,56782.80126686647,480.0512775810044,2188409160.8250337,17905912.653771464,0.008454166875721238,0.6288413280735631
41-2022.00,Parts Salespersons,23277127.263423078,281896.8479423077,87.81833269230769,4.196315789473684,91.28684210526316,265060.0,3210.0,41,Sales and Related Occupations,37440.0,18.0,37220.0,17.89,2480635.991837453,30041.65673356306,16.657961153846152,False,False,False,False,10.656967948684304,10.656967948684304,28247.359244782616,342.0886711527662,1057581130.1246611,12732540.340305958,0.012110465554968686,0.9008056447343257
41-2031.00,Retail Salespersons,409196967.23596156,4261829.080507692,107.67632846153846,4.190833333333333,71.34708333333333,3800250.0,39580.0,41,Sales and Related Occupations,34580.0,16.62,34300.0,16.49,60966271.66853164,634970.0763477356,28.25093,False,False,False,False,14.89900379280566,14.89900379280566,566199.3916360971,5897.0257011924805,19579174962.776237,202267981.55090207,0.010415104269455955,0.7747005822227252
41-3011.00,Advertising Sales Agents,3465029.6338846153,29861.75123076923,35.54970384615385,4.1615,91.8895,97470.0,840.0,41,Sales and Related Occupations,61460.0,29.55,70790.0,34.04,826877.4898280093,7126.060238591646,14.549280384615384,False,False,False,False,23.863504131161037,23.863504131161033,23259.757476642662,200.4534347017527,1429544694.514458,14190098.642537074,0.008618036318867343,0.6410303325932877
41-3021.00,Insurance Sales Agents,10178141.677676924,102544.53892692308,21.679606538461538,3.9499999999999997,74.94684210526316,469480.0,4730.0,41,Sales and Related Occupations,60370.0,29.02,52440.0,25.21,1510591.5340805347,15219.174312432753,5.557685769230769,False,False,False,False,14.841525908345526,14.841525908345526,69677.99583450057,702.0041754647433,4206460608.5287995,36813098.96137114,0.01007497656982193,0.7494010633586361
41-3031.00,"Securities, Commodities, and Financial Services Sales Agents",45601353.559346154,306068.7926807692,96.55166961538461,4.191923076923077,81.99923076923076,472300.0,3170.0,41,Sales and Related Occupations,78140.0,37.57,63480.0,30.52,3132346.5227484745,84101.12493845356,94.50218365943,True,True,True,True,6.868977076901897,27.477850388416215,32442.17873420766,217.74657333779015,2535031846.2909865,13822552.475482918,0.026849240442484348,1.9971112784756673
41-3041.00,Travel Agents,1348756.20425,10489.05923846154,22.80230269230769,4.445,96.6725,59150.0,460.0,41,Sales and Related Occupations,48450.0,23.29,41040.0,19.73,299020.8201432292,2325.436640167125,8.43607076923077,False,False,False,False,22.170116378408437,22.170116378408437,13113.623837828589,101.98253534067881,635355074.9427952,4185363.250381458,0.007776838546069316,0.5784600128450503
41-4011.00,"Sales Representatives, Wholesale and Manufacturing, Technical and Scientific Products",15070293.268099999,183039.9992076923,51.27170846153846,3.758787878787879,71.42272727272727,293930.0,3570.0,41,Sales and Related Occupations,100070.0,48.11,84340.0,40.55,1989244.9993081037,48317.401864381696,26.270656153846154,False,False,False,False,13.199776301094502,26.397182076884068,38798.10248180707,471.23201394907375,3882526115.3544335,39743708.05646488,0.02428931674137041,1.8066979777164311
41-4011.07,Solar Sales Representatives and Assessors,7614757.57455,92486.93410384616,25.90670423076923,4.323846153846154,91.00923076923078,293930.0,3570.0,41,Sales and Related Occupations,100070.0,48.11,84340.0,40.55,98038.58800847024,2383.6486953882904,12.70406423076923,False,False,False,False,1.2874814076305496,2.577281557102847,3784.2941014484745,45.96308625241062,378694310.73194885,3876526.6945283115,0.024313372354795137,1.8084872922776414
41-4012.00,"Sales Representatives, Wholesale and Manufacturing, Except Technical and Scientific Products",63420590.30246154,697353.1589230769,50.061246153846156,4.122222222222223,73.40388888888889,1266860.0,13930.0,41,Sales and Related Occupations,66780.0,32.11,61080.0,29.37,17686277.49168754,194472.82687842968,24.14402230769231,False,False,False,False,27.887279836625993,27.887279836626,353292.79333828,3884.698081242001,23592892739.130337,237277358.8022614,0.010995690131506244,0.8178859593177675
41-9011.00,Demonstrators and Product Promoters,4006248.654023077,37730.61106923077,61.85346076923077,4.055238095238095,71.55904761904762,64770.0,610.0,41,Sales and Related Occupations,37960.0,18.25,37300.0,17.93,674338.6578057915,6350.881291671033,16.351921634615387,False,False,False,False,16.832171840572606,16.832171840572606,10902.197701138877,102.67624822749289,413847424.73523176,3829824.058885485,0.00941794040450826,0.7005291282688806
41-9012.00,Models,84659.7663076923,632.9702153846154,15.824255384615384,3.6149999999999998,48.544,5350.0,40.0,41,Sales and Related Occupations,89990.0,43.26,89990.0,43.26,22061.79940770265,164.94803295478616,7.296724065040651,False,False,False,False,26.059367241246544,26.059367241246544,1394.17614740669,10.423746896498617,125461911.50512804,938032.9832159105,0.007476635514018692,0.5561301870749245
41-9021.00,Real Estate Brokers,920140.2375230769,7421.982153846154,18.554955384615386,3.927058823529412,81.55588235294118,49590.0,400.0,41,Sales and Related Occupations,72280.0,34.75,81230.0,39.05,273190.1660585549,2203.590772805444,9.622275,False,False,False,False,29.69005754970077,29.69005754970077,14723.299538896612,118.76023019880309,1064200090.6714472,9646893.499048775,0.008066142367412786,0.5999791290282004
41-9022.00,Real Estate Sales Agents,7431746.105153846,199245.6589576923,38.99132269230769,3.8621212121212123,82.49636363636364,190600.0,5110.0,41,Sales and Related Occupations,56320.0,27.08,55380.0,26.63,2236382.2567971577,59957.57257205391,19.686372692307692,False,False,False,False,30.09228551613527,30.09228551613527,57355.896193753826,1537.7157898745124,3230284073.6322155,85158700.44325049,0.02681007345225603,1.994197943251288
41-9031.00,Sales Engineers,1047134.2031307692,7757.9178923076925,18.471233076923077,3.8244,75.5672,56690.0,420.0,41,Sales and Related Occupations,121520.0,58.42,110400.0,53.08,312347.34845595266,2314.092191771038,9.866100384615384,False,False,False,False,29.828779111796983,29.828779111796987,16909.93487847771,125.28087226954733,2054895286.4326115,13831008.298558025,0.0074087140589169185,0.5510780253824993
41-9041.00,Telemarketers,5437613.98075,71213.67098076922,81.85479423076923,4.3275,76.20833333333333,66430.0,870.0,41,Sales and Related Occupations,34410.0,16.54,32090.0,15.43,535923.4527988371,7018.717506171734,14.403747307692308,False,False,False,False,9.85585690150293,9.855856901502932,6547.245739668397,85.7459550430755,225290725.90198952,2751587.697332293,0.013096492548547344,0.9741487113278021
41-9091.00,"Door-to-Door Sales Workers, News and Street Vendors, and Related Workers",76230.61584230768,8968.307746153845,16.607977307692305,3.9958333333333336,87.84750000000001,4590.0,540.0,41,Sales and Related Occupations,34530.0,16.6,33230.0,15.98,18616.381464948896,2190.1625252881054,7.5143148342714206,False,True,True,False,24.421134814730014,24.421134814730014,1120.9300879961077,131.87412799954208,38705715.9385056,4382177.273424784,0.11764705882352941,8.750872061326016
43-1011.00,First-Line Supervisors of Office and Administrative Support Workers,38738608.64703077,486181.7383923077,25.902063846153847,3.7764285714285717,75.82392857142858,1495580.0,18770.0,43,Office and Administrative Support Occupations,66140.0,31.8,63970.0,30.76,10246664.223951139,128598.86297193254,11.071443846153846,False,False,False,False,26.45078019531949,26.45078019531949,395592.5784451592,4964.811442661468,26164493138.362827,317598987.9870541,0.012550314927987805,0.9335227022454562
43-2011.00,"Switchboard Operators, Including Answering Service",3402863.648203846,10476.210503846154,95.2382773076923,4.269473684210527,70.56368421052632,35730.0,110.0,43,Office and Administrative Support Occupations,38370.0,18.45,41290.0,19.85,305467.0208844416,940.4246374835875,13.268030384615383,False,False,False,False,8.976763469370221,8.976763469370221,3207.3975876059803,9.874439816307243,123067845.43644147,407715.6200153261,0.003078645396025749,0.22899707185389942
43-2021.00,Telephone Operators,262013.29296153848,2918.6290861538464,66.33247923076924,4.097857142857143,60.71357142857143,3950.0,44.0,43,Office and Administrative Support Occupations,39130.0,18.81,39130.0,18.81,28756.11846118104,320.3213195675862,11.944026153846153,False,False,False,False,10.975060897159219,10.975060897159219,433.51490543778914,4.829026794750057,16963438.24978069,188959.8184785697,0.011139240506329112,0.8285635825154252
43-3011.00,Bill and Account Collectors,9111713.600892307,174481.97175384616,55.21581384615385,4.1546666666666665,86.72866666666667,165020.0,3160.0,43,Office and Administrative Support Occupations,46040.0,22.14,44640.0,21.46,2129696.4146070294,40781.96988339724,23.22353076923077,False,False,False,False,23.373171149699754,23.373171149699754,38570.407031234536,738.5922083305122,1775781539.718038,32970756.179874066,0.019149194037086415,1.4243632503164272
43-3021.00,Billing and Posting Clerks,22336201.9875,232189.5009,53.499885,4.180434782608696,65.63956521739131,417500.0,4340.0,43,Office and Administrative Support Occupations,47170.0,22.68,44780.0,21.53,7436636.424497186,77305.3942091444,28.381862115384617,True,True,True,True,33.29409551659207,33.29409551659207,139002.8487817719,1444.963745420096,6556764377.0361805,64705476.5199119,0.010395209580838324,0.7732207672869863
43-3031.00,"Bookkeeping, Accounting, and Auditing Clerks",88562468.39933461,850480.0265307692,60.83548115384615,4.2942857142857145,64.5425,1455770.0,13980.0,43,Office and Administrative Support Occupations,49210.0,23.66,48210.0,23.18,23897198.592094753,229488.74912759892,26.076809230769232,False,False,False,False,26.983437819664815,26.983437819664815,392816.79274733446,3772.2846071891413,19330514371.09633,181861840.9125885,0.009603165335183444,0.714306605471586
43-3041.00,Gambling Cage Workers,1318084.4585307692,14558.531083846154,97.70826230769231,4.635882352941176,80.79823529411765,13490.0,149.0,43,Office and Administrative Support Occupations,36990.0,17.78,36990.0,17.78,79049.09693633235,873.1145621581559,9.82441346153846,False,True,True,False,5.997270996158024,5.997270996158025,809.0318573817174,8.935933784275456,29926088.404549725,330540.19068034913,0.01104521868050408,0.8215700122809045
43-3051.00,Payroll and Timekeeping Clerks,2923872.9813076924,28502.87136923077,18.629327692307694,4.3376190476190475,75.65190476190476,156950.0,1530.0,43,Office and Administrative Support Occupations,55290.0,26.58,54790.0,26.34,250989.2226381558,2446.7251394480945,2.6684861538461537,False,False,False,False,8.584135639363572,8.584135639363573,13472.800885981125,131.33727528226265,744911160.9858965,7195969.312715171,0.009748327492832113,0.725104116964287
43-3061.00,Procurement Clerks,2010692.7201153846,20140.494692307693,33.567491153846156,4.123684210526316,83.48526315789474,59900.0,600.0,43,Office and Administrative Support Occupations,48510.0,23.32,49000.0,23.56,296168.8937354305,2966.6333262313574,7.859209615384616,False,False,False,False,14.72969443677275,14.72969443677275,8823.086967626878,88.37816662063649,428007948.79957986,4330530.164411188,0.01001669449081803,0.7450659017155706
43-3071.00,Tellers,37789590.99916923,474402.2445230769,111.36202923076924,4.275714285714286,76.36857142857143,339340.0,4260.0,43,Office and Administrative Support Occupations,39340.0,18.91,38000.0,18.27,1100721.5550628412,13818.21719976337,5.321817692307693,False,False,False,False,2.9127638748115574,2.9127638748115565,9884.17293278554,124.08374106697234,388843363.1757831,4715182.160544949,0.012553780868745208,0.9337805072806477
43-4011.00,Brokerage Clerks,1266729.9131115384,10111.089353846155,31.59715423076923,3.9850000000000003,62.011,40090.0,320.0,43,Office and Administrative Support Occupations,62940.0,30.26,59140.0,28.43,231283.05602272286,1846.1106991087877,9.998413076923077,False,False,False,False,18.258276971971835,18.258276971971828,7319.743238063508,58.426486310309876,460704639.4037172,3455342.4003917263,0.00798204040907957,0.5937234224696124
43-4021.00,Correspondence Clerks,172550.59425384615,2480.7593423076924,27.563992692307693,3.725882352941176,65.38882352941175,6260.0,90.0,43,Office and Administrative Support Occupations,46740.0,22.47,45900.0,22.07,33209.70939270302,477.45588583758337,8.087652115384614,False,False,False,False,19.24636048708524,19.24636048708524,1204.822166491536,17.321724438376716,56313388.0618144,795067.1517214912,0.01437699680511182,1.0693957071748246
43-4031.00,"Court, Municipal, and License Clerks",13927584.067615384,108956.45438461538,81.92214615384616,4.368888888888889,81.09629629629629,170010.0,1330.0,43,Office and Administrative Support Occupations,47700.0,22.93,47330.0,22.760000000000005,492264.33204734355,11543.225441618499,50.2973369209752,True,True,True,True,3.534456009437872,10.59434753710965,6008.928661645326,47.0082649255237,286625897.16048205,2224901.1789250365,0.023449241982675943,1.7442111904665119
43-4041.00,"Credit Authorizers, Checkers, and Clerks",273809.2592,4120.875138461538,22.893750769230767,3.9545454545454546,61.89545454545455,11960.0,180.0,43,Office and Administrative Support Occupations,49130.0,23.62,49800.0,23.94,15872.505338639856,477.6798429513913,7.437472818411097,True,True,True,True,5.796920595386446,11.591708724514408,693.311703208219,10.434457071695604,34062403.9786198,519635.9621704411,0.030094798064961594,2.2385236844123257
43-4051.00,Customer Service Representatives,142807148.95564616,2554982.943276923,52.388413846153846,4.053846153846154,67.59538461538462,2725930.0,48770.0,43,Office and Administrative Support Occupations,42830.0,20.59,40150.0,19.3,34566107.355423726,618427.126053866,22.886870769230768,False,False,False,False,24.20474577652934,24.20474577652934,659804.4265461462,11804.654515213359,28259423588.97144,473956878.7858164,0.017891141738782725,1.330786285290669
43-4061.00,"Eligibility Interviewers, Government Programs",6132944.1059,82029.01050384615,39.248330384615386,4.205294117647059,69.24352941176471,156260.0,2090.0,43,Office and Administrative Support Occupations,51500.0,24.76,49000.0,23.56,1269211.9406560413,16975.892461097697,14.33208,False,False,False,False,20.694986269890133,20.694986269890137,32337.98554533032,432.5252130407038,1665406255.5845115,21193735.438994486,0.013375143990784589,0.99487547785394
43-4071.00,File Clerks,3278874.6576384613,24078.846561538463,41.51525269230769,3.9157894736842107,80.73947368421052,78980.0,580.0,43,Office and Administrative Support Occupations,41270.0,19.84,38670.0,18.59,340308.7973214325,2499.1023353561773,7.578930384615385,False,False,False,False,10.37882910615841,10.37882910615841,8197.199228043912,60.197208815718774,338298412.14137226,2327826.064903845,0.007343631299063055,0.5462370126910264
43-4081.00,"Hotel, Motel, and Resort Desk Clerks",24055810.4496,325737.55495384615,92.01625846153847,4.441,89.80449999999999,261430.0,3540.0,43,Office and Administrative Support Occupations,34270.0,16.48,34270.0,16.48,3105430.655565315,42050.35581494555,20.04809423076923,False,False,False,False,12.90927471378106,12.90927471378106,33748.71688423782,456.9883248678496,1156568527.6228302,15660989.893221205,0.013540909612515778,1.0072055247113942
43-4111.00,"Interviewers, Except Eligibility and Loan",9244608.877726924,42312.11233846154,58.76682269230769,4.06125,76.28812500000001,157310.0,720.0,43,Office and Administrative Support Occupations,43830.0,21.07,41030.0,19.73,2219457.43291003,10158.345634067902,22.52071769230769,False,False,False,False,24.00812692311276,24.008126923112762,37767.18446274868,172.85851384641188,1655335695.0022745,7092384.82311828,0.004576949971394064,0.34044458086145335
43-4121.00,"Library Assistants, Clerical",5747966.704696153,59583.01941923077,71.78677038461538,3.8578125,77.878125,80070.0,830.0,43,Office and Administrative Support Occupations,36010.0,17.31,33450.0,16.08,673812.1681148452,6984.689640755858,13.237526153846154,False,False,False,False,11.72261780090572,11.72261780090572,9386.30007318521,97.29772774751747,338000665.6353994,3254608.993154459,0.010365929811415013,0.7710428673992138
43-4131.00,Loan Interviewers and Clerks,5640092.733115384,86018.74532307693,32.582858076923074,4.349444444444444,79.50555555555555,173100.0,2640.0,43,Office and Administrative Support Occupations,48950.0,23.53,47120.0,22.66,487781.6353597951,7439.303970825298,4.581920384615385,False,False,False,False,8.64846835754706,8.648468357547058,14970.498726913962,228.31956463924237,732805912.6824385,10758417.885801101,0.015251299826689775,1.1344284751944298
43-4141.00,New Accounts Clerks,1391566.0566076923,5488.690730769231,36.59127153846154,4.082666666666666,77.24933333333334,38030.0,150.0,43,Office and Administrative Support Occupations,46610.0,22.41,38480.0,18.5,89235.27980373429,351.9666571275347,3.849708461538461,False,False,False,False,6.4125795092522395,6.4125795092522395,2438.7039873686267,9.61886926387836,113667992.85125169,370134.08927403926,0.003944254535892717,0.2933831679776669
43-4151.00,Order Clerks,4634810.226884616,46670.34992307692,55.55994038461539,4.126315789473685,68.35157894736842,83420.0,840.0,43,Office and Administrative Support Occupations,44660.0,21.47,41960.0,20.17,473534.39114615164,4768.2676643822515,9.160832307692308,False,False,False,False,10.216910034403883,10.216910034403885,8522.94635069972,85.82204428899261,380634784.0222495,3601092.97836613,0.010069527691201152,0.748995762621287
43-4161.00,"Human Resources Assistants, Except Payroll and Timekeeping",2650453.128946154,16318.408765384616,28.62878730769231,3.7263157894736842,68.50631578947369,92580.0,570.0,43,Office and Administrative Support Occupations,49440.0,23.77,47120.0,22.65,602123.2050239705,3707.174625876681,11.224273846153846,False,False,False,False,22.717745824216124,22.71774582421612,21032.089084059287,129.4911511980319,1039826484.3158911,6101623.044451263,0.006156837329876863,0.45796041409726235
43-4171.00,Receptionists and Information Clerks,74812123.07148461,937740.2133,77.56329307692307,3.9883333333333337,69.14777777777778,964530.0,12090.0,43,Office and Administrative Support Occupations,37230.0,17.9,36090.0,17.35,23536009.489638776,295014.51974509115,37.55222423076923,False,False,False,False,31.46015448211463,31.46015448211462,303442.6280263402,3803.5326768876585,11297169041.420647,137269494.3088756,0.012534602345183663,0.9323539624295439
43-4181.00,Reservation and Transportation Ticket Agents and Travel Clerks,16674512.812615385,461872.4908076923,130.84206538461538,4.259047619047619,71.39571428571428,127440.0,3530.0,43,Office and Administrative Support Occupations,41460.0,19.94,37540.0,18.05,2885052.40567927,79913.95944795843,37.77052692307693,False,False,False,False,17.30216911343002,17.30216911343002,22049.884318155215,610.7665697040796,914188203.8307152,22928177.02669115,0.027699309478970494,2.0603414642191393
43-5011.00,Cargo and Freight Agents,3079296.4947692305,20780.52849230769,31.48564923076923,3.171666666666667,62.88625,97800.0,660.0,43,Office and Administrative Support Occupations,49900.0,23.99,55220.0,26.55,4263.147758233633,58.026177820402225,1.9428776923076925,False,False,False,False,0.13844551070270106,0.2792334075713316,135.39970946724162,0.913740370637827,6756445.502415357,50456.743266620804,0.01361111111111111,1.0124272815395237
43-5011.01,Freight Forwarders,12434049.117461538,83910.76091538461,127.13751653846154,4.2945161290322575,77.40709677419355,97800.0,660.0,43,Office and Administrative Support Occupations,49900.0,23.99,55220.0,26.55,1073792.918285023,14483.16717598563,39.678364957264954,False,False,False,False,8.635907001340865,17.2602024078776,8445.917047311366,56.996986208849705,421451260.6608372,3147373.5784526807,0.0134878587196468,1.0032594713133922
43-5021.00,Couriers and Messengers,3492582.4700307692,50504.5296,48.562047692307694,4.294666666666667,79.57400000000001,71920.0,1040.0,43,Office and Administrative Support Occupations,38340.0,18.43,41600.0,20.0,183818.94445423732,2658.1159932203395,4.218096923076923,False,False,False,False,5.263123950015642,5.263123950015642,3785.23874485125,54.736489080162684,145126053.47759694,2277037.9457347677,0.01446051167964405,1.0756077450239432
43-5031.00,Public Safety Telecommunicators,11248012.799999999,93418.33846153846,111.21230769230769,4.562777777777778,88.74,101140.0,840.0,43,Office and Administrative Support Occupations,50730.0,24.39,51760.0,24.88,1082009.4327236486,8986.433888549187,17.57912076923077,False,True,True,False,9.619560823434062,9.619560823434062,9729.223816821212,80.80431091684612,493563524.22734004,4182431.133055955,0.008305319359303934,0.6177696907046445
43-5032.00,"Dispatchers, Except Police, Fire, and Ambulance",13565174.905384615,135651.74905384614,64.28992846153847,4.355833333333334,79.05916666666667,211000.0,2110.0,43,Office and Administrative Support Occupations,48880.0,23.5,49660.0,23.87,267271.79288461537,2672.7179288461534,2.533381923076923,False,False,False,False,1.9702790030265178,1.9702790030265178,4157.288696385953,41.57288696385953,203208271.47934538,2064509.5666252642,0.009999999999999998,0.7438241252127112
43-5041.00,"Meter Readers, Utilities",451446.1938,4831.9929,23.00949,4.058333333333334,83.40583333333333,19620.0,210.0,43,Office and Administrative Support Occupations,49180.0,23.64,53650.0,25.790000000000003,0.0,0.0,0.0,False,False,False,False,0.0,0.0,0.0,0.0,0.0,0.0,,
43-5051.00,Postal Service Clerks,6591046.388653846,54038.81230769231,84.43564423076923,4.278421052631579,63.823684210526324,78060.0,640.0,43,Office and Administrative Support Occupations,61630.0,29.630000000000003,59550.0,28.630000000000003,267085.1582046954,2189.783515898092,5.613565384615384,False,False,False,False,4.052242124474636,4.0522421244746365,3163.1802023649007,25.934349596637666,194946795.87174883,1544390.518479773,0.008198821419420958,0.6098481170076034
43-5052.00,Postal Service Mail Carriers,11173709.337461539,80800.24309615385,33.25112884615385,4.247142857142857,87.46285714285715,336040.0,2430.0,43,Office and Administrative Support Occupations,57490.0,27.640000000000004,58390.0,28.07,0.0,0.0,0.0,False,False,False,False,0.0,0.0,0.0,0.0,0.0,0.0,,
43-5053.00,"Postal Service Mail Sorters, Processors, and Processing Machine Operators",6161782.61895,48444.28396923077,55.050322692307695,4.217142857142857,48.58571428571429,111930.0,880.0,43,Office and Administrative Support Occupations,56530.0,27.18,55410.0,26.640000000000004,0.0,0.0,0.0,False,False,False,False,0.0,0.0,0.0,0.0,0.0,0.0,,
43-5061.00,"Production, Planning, and Expediting Clerks",8126480.936538462,105327.63603461538,21.107742692307692,3.7570588235294116,65.12235294117647,385000.0,4990.0,43,Office and Administrative Support Occupations,57770.0,27.78,53110.0,25.53,782929.2163696168,10147.576077102305,3.0597242307692305,False,False,False,False,9.634295859224789,9.634295859224789,37092.03905801544,480.75136337531694,2142807096.381552,25532704.908863083,0.01296103896103896,0.9640733467042674
43-5071.00,"Shipping, Receiving, and Inventory Clerks",21930113.678,388673.12,25.5706,3.919090909090909,74.1509090909091,857630.0,15200.0,43,Office and Administrative Support Occupations,43190.0,20.77,38110.0,18.32,1886242.692459057,33430.37081885856,3.409018076923077,False,True,True,False,8.60115328244427,8.60115328244427,73766.0708962268,1307.3752989315292,3185956602.008035,49824072.64228058,0.017723260613551298,1.3182988821791697
43-5111.00,"Weighers, Measurers, Checkers, and Samplers, Recordkeeping",3261974.5708,15745.6536,65.60688999999999,4.027222222222222,62.29555555555555,49720.0,240.0,43,Office and Administrative Support Occupations,45650.0,21.95,46530.0,22.37,185429.67591040474,895.0748636061371,6.179125636822194,False,False,False,False,5.684583735578542,5.684583735578542,2826.375033329651,13.6430009653885,129024020.27149858,634808.8349195269,0.004827031375703942,0.3590462390407295
43-6011.00,Executive Secretaries and Executive Administrative Assistants,19341519.47235,284740.9428,40.911055,3.8595454545454544,74.64999999999999,472770.0,6960.0,43,Office and Administrative Support Occupations,74260.0,35.7,55900.0,26.88,2958813.409077565,43558.90036842408,9.046513076923077,False,False,False,False,15.297729908487218,15.297729908487218,72323.07768835501,1064.7220016307103,5370711749.137243,59517959.89115671,0.014721746303699473,1.0950390065952726
43-6012.00,Legal Secretaries and Administrative Assistants,6852306.631361539,47000.42079230769,44.34001961538462,3.9692857142857143,74.58714285714287,154540.0,1060.0,43,Office and Administrative Support Occupations,54140.0,26.03,46050.0,22.140000000000004,511934.4738513294,3511.3921462560447,5.253697049180327,False,True,True,False,7.47098023179983,7.47098023179983,11545.652850223456,79.1923904570782,625081645.3110979,3646809.5805484513,0.006859065614080497,0.5101938480170014
43-6013.00,Medical Secretaries and Administrative Assistants,70196644.32447693,435159.03301923076,84.49689961538462,4.354,75.61466666666666,830760.0,5150.0,43,Office and Administrative Support Occupations,44640.0,21.46,40470.0,19.46,23181097.971481595,143702.9401429176,42.59636653846154,False,True,True,False,33.0230856397199,33.02308563971991,274342.58626053703,1700.688910445575,12246653050.670374,68826880.20573242,0.006199142953440224,0.46110720844112185
43-6014.00,"Secretaries and Administrative Assistants, Except Legal, Medical, and Executive",106276655.47245385,911823.3954576923,61.155157307692306,3.7761290322580647,72.94709677419355,1737820.0,14910.0,43,Office and Administrative Support Occupations,46290.0,22.26,45150.0,21.71,37542449.994775616,322103.51441582234,34.13236076923077,False,False,False,False,35.32520837043687,35.32520837043686,613888.536103126,5266.988568032137,28416900336.213703,237804533.846651,0.008579714815113187,0.6381798866926106
43-9021.00,Data Entry Keyers,6299847.295846154,113162.54382692308,46.56894807692308,4.275555555555555,75.48333333333333,135280.0,2430.0,43,Office and Administrative Support Occupations,39850.0,19.16,41600.0,20.0,1329506.2227745387,23881.579844338623,15.22522346153846,False,False,False,False,21.10378490683667,21.10378490683667,28549.200221968647,512.821973236131,1137685628.8454506,21333394.08662305,0.01796274393849793,1.3361122296473156
43-9022.00,Word Processors and Typists,1939683.0043153847,2153.408830769231,53.83522076923077,3.91421052631579,84.50421052631579,36030.0,40.0,43,Office and Administrative Support Occupations,47850.0,23.01,39520.0,19.0,532931.108868822,591.652632660363,22.605276153846155,False,False,False,False,27.475165152407012,27.475165152407012,9899.302004412246,10.990066060962803,473681600.91112596,434327.41072925,0.0011101859561476546,0.08257830976549667
43-9031.00,Desktop Publishers,272076.3538461538,2992.839892307692,68.01908846153846,4.098888888888889,74.3138888888889,4000.0,44.0,43,Office and Administrative Support Occupations,53620.0,25.78,53620.0,25.78,109111.65110922579,1200.2281622014837,39.84065576923077,False,False,False,False,40.1033201036365,40.103320103636506,1604.1328041454599,17.64546084560006,86013600.95827956,946149.6105410751,0.011,0.8182065377339824
43-9041.00,Insurance Claims and Policy Processing Clerks,19259989.83368077,163954.16325,84.07905807692308,4.281428571428571,74.64666666666666,229070.0,1950.0,43,Office and Administrative Support Occupations,48450.0,23.29,43480.0,20.91,1916135.6589951115,32621.048294906534,59.520279725274726,True,True,True,True,9.948788527625714,19.896444011101703,22789.689880232225,194.00137628870144,1104160474.6972513,8435179.841032738,0.01702439393670809,1.2663154927248481
43-9051.00,"Mail Clerks and Mail Machine Operators, Except Postal Service",5204385.595419231,65542.23848846155,82.96485884615385,3.981923076923077,55.45730769230769,62730.0,790.0,43,Office and Administrative Support Occupations,38150.0,18.34,41170.0,19.79,0.0,0.0,0.0,False,False,False,False,0.0,0.0,0.0,0.0,0.0,0.0,,
43-9061.00,"Office Clerks, General",125023837.32138462,1840087.147846154,49.79938153846154,3.7920000000000003,71.62,2510550.0,36950.0,43,Office and Administrative Support Occupations,43630.0,20.97,41530.0,19.97,39005958.30501159,574085.423261906,27.516202692307694,False,False,False,False,31.198817074173935,31.198817074173935,783261.9020556738,11527.96290890727,34173716786.689045,478756299.60691893,0.014717890502081216,1.0947522027687033
43-9071.00,"Office Machine Operators, Except Computer",1608114.1303461539,11050.097096153846,65.00057115384615,3.993333333333333,81.65277777777777,24740.0,170.0,43,Office and Administrative Support Occupations,39020.0,18.76,38270.0,18.4,208390.45272831173,1431.9473307927647,12.538568846153847,False,False,False,False,12.95868550595067,12.958685505950672,3205.978794172196,22.02976536011614,125097292.5485991,843079.1203316447,0.006871463217461601,0.5111160116659699
43-9081.00,Proofreaders and Copy Markers,232392.726,2567.12895,45.03735,4.180909090909091,80.63909090909091,5160.0,57.0,43,Office and Administrative Support Occupations,49210.0,23.66,49210.0,23.66,36054.244759500754,398.2736339712293,10.66188923076923,False,False,False,False,15.514360272834338,15.51436027283434,800.5409900782518,8.843185355515573,39394622.12175077,435173.1513449213,0.011046511627906977,0.8216661848279951
43-9111.00,Statistical Assistants,112455.41826923077,953.0120192307693,19.060240384615383,4.1850000000000005,74.61142857142856,5900.0,50.0,43,Office and Administrative Support Occupations,51440.0,24.73,51430.0,24.73,31311.713118491665,265.3535010041667,7.74181576923077,False,False,False,False,27.84366782890616,27.84366782890616,1642.7764019054634,13.92183391445308,84504418.11401704,715999.9182203219,0.00847457627118644,0.6303594281463656
45-1011.00,"First-Line Supervisors of Farming, Fishing, and Forestry Workers",988615.6641423077,4352.18545,33.478349615384616,3.924074074074074,88.49851851851852,29530.0,130.0,45,"Farming, Fishing, and Forestry Occupations",59330.0,28.53,57190.0,27.5,0.0,0.0,0.0,False,False,False,False,0.0,0.0,0.0,0.0,0.0,0.0,,
45-2011.00,Agricultural Inspectors,670705.7886,6102.368630769231,55.476078461538464,4.264375,48.215625,12090.0,110.0,45,"Farming, Fishing, and Forestry Occupations",50990.0,24.51,51330.0,24.68,155964.5207130453,1419.0320329557471,20.78021346153846,False,False,False,False,23.253790762503833,23.253790762503833,2811.3833031867134,25.579169838754215,143352434.62949052,1312978.7878232538,0.009098428453267164,0.6767630585061891
45-2021.00,Animal Breeders,29110.52701923077,319.7109903846154,16.82689423076923,3.9780952380952384,60.857619047619046,1730.0,19.0,45,"Farming, Fishing, and Forestry Occupations",52000.0,25.0,52000.0,25.0,1203.8094885397215,13.221029064887114,1.104495,False,False,False,False,4.135306405632816,4.135306405632815,71.54080081744772,0.7857082170702351,3720121.642507281,40856.827287652224,0.010982658959537572,0.8169166693087582
45-2041.00,"Graders and Sorters, Agricultural Products",856949.0463653846,3508.1650576923075,31.892409615384615,4.434,79.6,26870.0,110.0,45,"Farming, Fishing, and Forestry Occupations",35430.0,17.03,42660.0,20.51,0.0,0.0,0.0,False,False,False,False,0.0,0.0,0.0,0.0,0.0,0.0,,
45-2091.00,Agricultural Equipment Operators,1243667.4411,2411.7662076923075,40.19610346153846,4.152352941176471,64.75470588235294,30940.0,60.0,45,"Farming, Fishing, and Forestry Occupations",42580.0,20.47,42060.0,20.22,0.0,0.0,0.0,False,False,False,False,0.0,0.0,0.0,0.0,0.0,0.0,,
45-2092.00,"Farmworkers and Laborers, Crop, Nursery, and Greenhouse",9849089.54535,29356.4517,37.63647653846154,3.6076923076923078,60.689230769230775,261690.0,780.0,45,"Farming, Fishing, and Forestry Occupations",35690.0,17.16,33200.0,15.96,216564.42536649876,1290.9347799646628,5.731443846153847,True,True,True,True,2.1988268496223005,4.397448278685066,5754.1099827765975,17.15084942705394,205364185.28529677,569408.2009781909,0.005960973404472934,0.4433915827998318
45-2093.00,"Farmworkers, Farm, Ranch, and Aquacultural Animals",458327.0076,2329.1603999999998,12.939779999999999,4.072631578947369,69.9042105263158,35420.0,180.0,45,"Farming, Fishing, and Forestry Occupations",36150.0,17.38,42120.0,20.25,9896.821453294137,50.29440603029205,0.4435057692307692,False,False,False,False,2.1593363011964333,2.1593363011964337,764.8369178837767,3.8868053421535795,27648854.581498526,163712.24101150877,0.005081874647092038,0.37800209638138915
45-4011.00,Forest and Conservation Workers,62362.700146153846,686.7650815384616,11.076856153846153,3.3182352941176467,54.188235294117646,5630.0,62.0,45,"Farming, Fishing, and Forestry Occupations",43680.0,21.0,43680.0,21.0,0.0,0.0,0.0,False,False,False,False,0.0,0.0,0.0,0.0,0.0,0.0,,
45-4021.00,Fallers,399324.0179769231,4372.160780769231,97.15912846153847,4.198333333333334,82.89055555555555,4110.0,45.0,45,"Farming, Fishing, and Forestry Occupations",53900.0,25.92,53900.0,25.92,0.0,0.0,0.0,False,False,False,False,0.0,0.0,0.0,0.0,0.0,0.0,,
45-4022.00,Logging Equipment Operators,1034312.3838153846,11390.296233846153,45.928613846153844,3.968888888888889,78.44666666666666,22520.0,248.0,45,"Farming, Fishing, and Forestry Occupations",49210.0,23.66,49210.0,23.66,0.0,0.0,0.0,False,False,False,False,0.0,0.0,0.0,0.0,0.0,0.0,,
45-4023.00,Log Graders and Scalers,195706.00843846155,2128.524563076923,59.12568230769231,4.275833333333334,64.65083333333334,3310.0,36.0,45,"Farming, Fishing, and Forestry Occupations",46710.0,22.46,46710.0,22.46,0.0,0.0,0.0,False,False,False,False,0.0,0.0,0.0,0.0,0.0,0.0,,
47-1011.00,First-Line Supervisors of Construction Trades and Extraction Workers,21333744.593107693,350675.01471153845,26.466038846153847,4.024666666666667,95.12466666666666,806080.0,13250.0,47,Construction and Extraction Occupations,78690.0,37.83,76080.0,36.58,656573.0353151135,21584.030310448492,5.029287307692307,False,False,False,False,3.0776267731602682,6.1549951963938145,24808.13389309029,407.78554744373554,1952152056.0472748,31024324.4495194,0.032873769024171884,2.445230248684938
47-1011.03,Solar Energy Installation Managers,11264566.200123077,185162.14538461537,13.974501538461539,3.8666666666666667,85.71933333333332,806080.0,13250.0,47,Construction and Extraction Occupations,78690.0,37.83,76080.0,36.58,197591.74347774114,6496.309636271778,2.595586964656965,False,False,False,False,1.7540998913529597,3.508443706340604,14139.448404217937,232.41823560426718,1112633194.9279096,17682379.364772648,0.03287743466367861,2.4455029077948813
47-2011.00,Boilermakers,215728.63335000002,2375.77256,21.212255,3.8823529411764706,82.10764705882353,10170.0,112.0,47,Construction and Extraction Occupations,73340.0,35.26,73340.0,35.26,0.0,0.0,0.0,False,False,False,False,0.0,0.0,0.0,0.0,0.0,0.0,,
47-2021.00,Brickmasons and Blockmasons,2446317.0056307693,82732.3202576923,45.70846423076923,3.9378571428571427,89.02785714285713,53520.0,1810.0,47,Construction and Extraction Occupations,60800.0,29.23,56340.0,27.09,0.0,0.0,0.0,False,False,False,False,0.0,0.0,0.0,0.0,0.0,0.0,,
47-2022.00,Stonemasons,320578.1822115385,12090.377157692308,36.63750653846154,3.9741176470588235,80.62941176470588,8750.0,330.0,47,Construction and Extraction Occupations,51990.0,25.0,50630.0,24.34,0.0,0.0,0.0,False,False,False,False,0.0,0.0,0.0,0.0,0.0,0.0,,
47-2031.00,Carpenters,36436207.4186077,733173.3197999999,52.220321923076924,3.8075862068965516,70.00586206896551,697740.0,14040.0,47,Construction and Extraction Occupations,59310.0,28.51,51720.0,24.86,1027370.1828604604,20672.854311578616,2.8255203846153845,True,True,True,True,2.8196408343415844,2.819640834341585,19673.76195753497,395.87757314155846,1166850821.701399,20474788.082881402,0.02012210852179895,1.496730976866235
47-2041.00,Carpet Installers,457156.4365846154,10681.225153846153,30.517786153846156,4.1606250000000005,94.120625,14980.0,350.0,47,Construction and Extraction Occupations,49850.0,23.97,43270.0,20.81,0.0,0.0,0.0,False,False,False,False,0.0,0.0,0.0,0.0,0.0,0.0,,
47-2042.00,"Floor Layers, Except Carpet, Wood, and Hard Tiles",492227.1082884615,5150.0623,19.80793192307692,3.919285714285714,88.86642857142859,24850.0,260.0,47,Construction and Extraction Occupations,54340.0,26.13,43930.0,21.12,0.0,0.0,0.0,False,False,False,False,0.0,0.0,0.0,0.0,0.0,0.0,,
47-2043.00,Floor Sanders and Finishers,54870.24316153847,609.6693684615385,13.253681923076925,4.3757142857142854,98.85142857142857,4140.0,46.0,47,Construction and Extraction Occupations,49150.0,23.63,49150.0,23.63,0.0,0.0,0.0,False,False,False,False,0.0,0.0,0.0,0.0,0.0,0.0,,
47-2044.00,Tile and Stone Setters,2043779.9709,102874.83075,52.756323461538464,4.0856,82.2688,38740.0,1950.0,47,Construction and Extraction Occupations,52240.0,25.11,48790.0,23.46,38938.314861111096,1959.982291666666,1.6447403846153843,False,True,True,False,1.905210708370148,1.9052107083701482,738.0786284225953,37.151608813217884,38557227.54879638,1812626.9939969005,0.05033557046979866,3.7440811671780776
47-2051.00,Cement Masons and Concrete Finishers,7562715.1595653845,210044.7128076923,36.84994961538462,3.506153846153846,76.86999999999999,205230.0,5700.0,47,Construction and Extraction Occupations,54660.0,26.28,55540.0,26.7,287592.3510576923,7987.508653846154,2.335528846153846,False,False,False,False,3.802765871645227,3.802765871645227,7804.4163983775,216.75765468377796,426589400.33531415,12038720.141137028,0.02777371729279345,2.0658760969217242
47-2053.00,Terrazzo Workers and Finishers,46764.425153846154,516.021243076923,32.25132769230769,3.7911538461538465,79.07538461538462,1450.0,16.0,47,Construction and Extraction Occupations,57260.0,27.53,57260.0,27.53,0.0,0.0,0.0,False,False,False,False,0.0,0.0,0.0,0.0,0.0,0.0,,
47-2061.00,Construction Laborers,49743555.551053844,1045514.8534499999,47.03170730769231,3.6237037037037036,55.64888888888889,1057660.0,22230.0,47,Construction and Extraction Occupations,46730.0,22.47,46100.0,22.16,0.0,0.0,0.0,False,False,False,False,0.0,0.0,0.0,0.0,0.0,0.0,,
47-2071.00,"Paving, Surfacing, and Tamping Equipment Operators",2486537.126,29394.2655,54.433825,3.6915,74.20750000000001,45680.0,540.0,47,Construction and Extraction Occupations,51650.0,24.83,47890.0,23.02,0.0,0.0,0.0,False,False,False,False,0.0,0.0,0.0,0.0,0.0,0.0,,
47-2072.00,Pile Driver Operators,63741.94363076922,691.9355723076923,20.967744615384614,4.516,97.92999999999999,3040.0,33.0,47,Construction and Extraction Occupations,70510.0,33.9,70510.0,33.9,0.0,0.0,0.0,False,False,False,False,0.0,0.0,0.0,0.0,0.0,0.0,,
47-2073.00,Operating Engineers and Other Construction Equipment Operators,26309389.178419232,354327.65701538464,56.06450269230769,4.098076923076923,75.92769230769231,469270.0,6320.0,47,Construction and Extraction Occupations,58710.0,28.23,59760.0,28.73,0.0,0.0,0.0,False,False,False,False,0.0,0.0,0.0,0.0,0.0,0.0,,
47-2081.00,Drywall and Ceiling Tile Installers,3987861.870269231,88031.20895769232,48.10448576923077,3.566153846153846,81.29307692307692,82900.0,1830.0,47,Construction and Extraction Occupations,58140.0,27.95,50860.0,24.45,302428.1452138805,6676.037463708099,6.755691923076924,False,False,False,False,7.583716664525865,7.583716664525865,6286.901114891942,138.78201496082335,365520430.8198175,7058453.280907475,0.02207478890229192,1.6419760544502557
47-2082.00,Tapers,538785.7211538461,17241.143076923076,43.102857692307694,4.016875,94.646875,12500.0,400.0,47,Construction and Extraction Occupations,64700.0,31.11,54580.0,26.24,0.0,0.0,0.0,False,False,False,False,0.0,0.0,0.0,0.0,0.0,0.0,,
47-2111.00,Electricians,37731727.338130765,577220.531876923,50.81166653846154,4.097619047619047,92.97857142857143,742580.0,11360.0,47,Construction and Extraction Occupations,62350.0,29.98,61430.0,29.53,1387355.0278537108,21223.77806622607,3.6955003846153844,False,False,False,False,3.6768924343722893,3.6768924343722893,27303.867839161743,417.6949805446921,1702396159.7717347,25659002.654860437,0.01529801502868378,1.1379032646201623
47-2121.00,Glaziers,1609170.135,20890.9807,28.231055,3.8777777777777778,81.92629629629629,57000.0,740.0,47,Construction and Extraction Occupations,55440.0,26.65,50640.0,24.35,109347.89569254914,1419.6042598681818,3.7945865384615387,False,False,False,False,6.795297359439817,6.795297359439817,3873.319494880696,50.28520045985465,214736832.7961858,2546442.5512870396,0.012982456140350877,0.9656664081708884
47-2131.00,"Insulation Workers, Floor, Ceiling, and Wall",982334.4943499999,8904.871096153845,25.442488846153847,3.754,84.46900000000001,38610.0,350.0,47,Construction and Extraction Occupations,48680.0,23.41,48330.0,23.23,0.0,0.0,0.0,False,False,False,False,0.0,0.0,0.0,0.0,0.0,0.0,,
47-2132.00,"Insulation Workers, Mechanical",925927.0146923077,12639.409326923078,36.11259807692308,4.32,95.58777777777777,25640.0,350.0,47,Construction and Extraction Occupations,57250.0,27.52,45800.0,22.02,0.0,0.0,0.0,False,False,False,False,0.0,0.0,0.0,0.0,0.0,0.0,,
47-2141.00,"Painters, Construction and Maintenance",5070780.792084616,75774.44755769231,22.619238076923075,3.7915789473684205,83.41947368421053,224180.0,3350.0,47,Construction and Extraction Occupations,48660.0,23.4,45900.0,22.07,287314.32138106803,4293.438204240244,2.535066153846154,False,False,False,False,5.6660765503718835,5.666076550371883,12702.210410623687,189.81356443745807,618089558.5809486,8712442.607679326,0.014943349094477651,1.1115223567948003
47-2142.00,Paperhangers,80791.51236923077,903.5892830769232,53.15231076923077,4.074,77.949,1520.0,17.0,47,Construction and Extraction Occupations,48260.0,23.2,48260.0,23.2,0.0,0.0,0.0,False,False,False,False,0.0,0.0,0.0,0.0,0.0,0.0,,
47-2151.00,Pipelayers,1206918.9409153846,25518.536273076923,35.941600384615384,4.226428571428571,95.25071428571428,33580.0,710.0,47,Construction and Extraction Occupations,48710.0,23.42,51180.0,24.61,0.0,0.0,0.0,False,False,False,False,0.0,0.0,0.0,0.0,0.0,0.0,,
47-2152.00,"Plumbers, Pipefitters, and Steamfitters",21044260.370907694,312474.5420692308,46.155766923076925,3.7613333333333334,83.83933333333333,455940.0,6770.0,47,Construction and Extraction Occupations,62970.0,30.27,61680.0,29.65,674781.6666952097,20039.866375936304,11.298020041580042,True,True,True,True,3.2064879202314516,6.413279700557601,14619.66102350328,217.07923219966926,920600054.6500015,13389447.0420756,0.029698297041890524,2.209030981749147
47-2152.04,Solar Thermal Installers and Technicians,8654437.034584615,128504.93206153846,18.981526153846154,4.198095238095238,84.58809523809524,455940.0,6770.0,47,Construction and Extraction Occupations,62970.0,30.27,61680.0,29.65,0.0,0.0,0.0,False,False,False,False,0.0,0.0,0.0,0.0,0.0,0.0,,
47-2161.00,Plasterers and Stucco Masons,317491.2335076923,18246.622615384615,15.205518846153847,3.948,80.27066666666666,20880.0,1200.0,47,Construction and Extraction Occupations,56020.0,26.93,53170.0,25.56,0.0,0.0,0.0,False,False,False,False,0.0,0.0,0.0,0.0,0.0,0.0,,
47-2171.00,Reinforcing Iron and Rebar Workers,371916.15353846154,7364.676307692307,26.302415384615387,4.022857142857143,97.61571428571428,14140.0,280.0,47,Construction and Extraction Occupations,59280.0,28.5,49990.0,24.04,0.0,0.0,0.0,False,False,False,False,0.0,0.0,0.0,0.0,0.0,0.0,,
47-2181.00,Roofers,3311164.411823077,71192.2142076923,24.215038846153845,3.8714814814814815,81.03407407407407,136740.0,2940.0,47,Construction and Extraction Occupations,50970.0,24.510000000000005,49800.0,23.94,80032.56964358021,1720.752923446876,1.157710769230769,False,False,False,False,2.417052120933961,2.4170521209339615,3305.0770701650986,71.06133235545845,168459778.26631507,3538854.3513018307,0.021500658183413776,1.5992708264775277
47-2211.00,Sheet Metal Workers,3517478.9841730767,55994.60032692308,29.943636538461536,3.82,80.26263157894736,117470.0,1870.0,47,Construction and Extraction Occupations,60850.0,29.26,60490.0,29.08,398508.3988914023,6343.838477287156,6.71026076923077,False,False,False,False,11.329375404501175,11.329375404501171,13308.617287667528,211.85932006417195,809829361.9545691,12815370.270681761,0.015918958031837915,1.1840905032329703
47-2221.00,Structural Iron and Steel Workers,3669836.630092308,68043.94246153846,56.703285384615384,3.9457894736842105,81.87052631578948,64720.0,1200.0,47,Construction and Extraction Occupations,62700.0,30.14,47840.0,23.0,0.0,0.0,0.0,False,False,False,False,0.0,0.0,0.0,0.0,0.0,0.0,,
47-2231.00,Solar Photovoltaic Installers,1161272.5495538462,22174.228315384615,41.06338576923077,4.242692307692308,93.41269230769231,28280.0,540.0,47,Construction and Extraction Occupations,51860.0,24.93,47960.0,23.06,147913.0676565978,2824.3655068798726,10.355966538461539,False,False,False,False,12.737153540176688,12.737153540176685,3602.067021161967,68.78062911695412,186803195.71745962,3298718.9724491197,0.01909476661951909,1.420314807690467
47-3011.00,"Helpers--Brickmasons, Blockmasons, Stonemasons, and Tile and Marble Setters",857437.0213153847,20806.262330769234,54.753321923076925,3.9833333333333334,88.44533333333334,15660.0,380.0,47,Construction and Extraction Occupations,46480.0,22.35,48090.0,23.12,11655.250924082433,282.8221807887181,1.4721726923076923,False,False,False,False,1.3593127698407799,1.3593127698407799,212.86837975706615,5.165388525394963,9894122.291108435,248403.53418624378,0.02426564495530013,1.8049372131598362
47-3012.00,Helpers--Carpenters,839415.277376923,21147.39829230769,34.10870692307692,3.6566666666666663,86.01666666666667,24610.0,620.0,47,Construction and Extraction Occupations,41600.0,20.0,43090.0,20.72,0.0,0.0,0.0,False,False,False,False,0.0,0.0,0.0,0.0,0.0,0.0,,
47-3013.00,Helpers--Electricians,3448048.1341846157,16587.44446923077,53.507885384615385,3.6608,81.1696,64440.0,310.0,47,Construction and Extraction Occupations,39890.0,19.18,42120.0,20.25,0.0,0.0,0.0,False,False,False,False,0.0,0.0,0.0,0.0,0.0,0.0,,
47-3014.00,"Helpers--Painters, Paperhangers, Plasterers, and Stucco Masons",143089.16734615384,2972.7666346153846,19.81844423076923,3.53,66.43454545454546,7220.0,150.0,47,Construction and Extraction Occupations,38140.0,18.34,40620.0,19.53,0.0,0.0,0.0,False,False,False,False,0.0,0.0,0.0,0.0,0.0,0.0,,
47-3015.00,"Helpers--Pipelayers, Plumbers, Pipefitters, and Steamfitters",1232517.5040307692,6778.281415384616,28.24283923076923,3.7386666666666666,80.97733333333333,43640.0,240.0,47,Construction and Extraction Occupations,39270.0,18.88,44810.0,21.55,0.0,0.0,0.0,False,False,False,False,0.0,0.0,0.0,0.0,0.0,0.0,,
47-3016.00,Helpers--Roofers,197015.98378846154,2172.129801923077,38.10754038461538,3.9838888888888895,88.50944444444445,5170.0,57.0,47,Construction and Extraction Occupations,40590.0,19.51,40590.0,19.51,0.0,0.0,0.0,False,False,False,False,0.0,0.0,0.0,0.0,0.0,0.0,,
47-4011.00,Construction and Building Inspectors,3201034.0983653846,29395.109423076923,23.329451923076924,3.5678947368421055,71.14894736842105,137210.0,1260.0,47,Construction and Extraction Occupations,72120.0,34.67,71040.0,34.15,132532.76941027312,2434.097944128622,3.3167696153846156,False,False,False,False,4.140311078783925,8.280622157567848,5680.920831199423,52.16791959267746,409708010.3461024,3706009.0078638066,0.01836600830843233,1.3661080063669069
47-4011.01,Energy Auditors,2540406.314392308,23328.56173846154,18.51473153846154,3.965238095238095,91.86571428571429,137210.0,1260.0,47,Construction and Extraction Occupations,72120.0,34.67,71040.0,34.15,71384.01594851333,1311.0394299996617,1.7943476923076924,True,False,True,False,2.8099448322143363,5.619889664428672,3855.5253042812906,35.405304885900634,278060484.9447667,2515192.859094381,0.018366008308432328,1.3661080063669064
47-4021.00,Elevator and Escalator Installers and Repairers,684034.0786384615,6740.695719230769,29.30737269230769,4.3185,82.471,23340.0,230.0,47,Construction and Extraction Occupations,106580.0,51.24,78680.0,37.83,30227.819352728213,297.8748265264562,2.561738846153846,False,True,True,False,4.4190516666794295,4.419051666679429,1031.4066590029788,10.163818833362688,109927321.71653748,799689.2658089763,0.009854327335047128,0.732988640955114
47-4031.00,Fence Erectors,862436.2827076924,9485.27537076923,38.09347538461539,4.0375,92.57000000000001,22640.0,249.0,47,Construction and Extraction Occupations,46940.0,22.57,57430.0,27.610000000000003,0.0,0.0,0.0,False,False,False,False,0.0,0.0,0.0,0.0,0.0,0.0,,
47-4041.00,Hazardous Materials Removal Workers,1441134.0961,6269.517523076923,28.497806923076922,4.027142857142858,63.49428571428571,50570.0,220.0,47,Construction and Extraction Occupations,48490.0,23.31,45740.0,21.99,48485.68841336431,210.93239966264875,1.8964853846153849,False,False,False,False,3.364411996397586,3.364411996397586,1701.3831465782591,7.401706392074689,82500068.77757978,338554.05037349625,0.004350405378683013,0.32359364751195663
47-4051.00,Highway Maintenance Workers,2088216.6333653845,16513.080461538462,13.760900384615384,3.896315789473684,67.97105263157896,151750.0,1200.0,47,Construction and Extraction Occupations,49070.0,23.59,52470.0,25.23,0.0,0.0,0.0,False,False,False,False,0.0,0.0,0.0,0.0,0.0,0.0,,
47-4061.00,Rail-Track Laying and Maintenance Equipment Operators,405040.1156923077,2703.5444615384613,24.577676923076922,3.821923076923077,70.86884615384615,16480.0,110.0,47,Construction and Extraction Occupations,67370.0,32.39,61520.0,29.58,0.0,0.0,0.0,False,False,False,False,0.0,0.0,0.0,0.0,0.0,0.0,,
47-4071.00,Septic Tank Servicers and Sewer Pipe Cleaners,1180427.4764423077,11377.614230769232,40.63433653846154,3.630909090909091,63.61181818181819,29050.0,280.0,47,Construction and Extraction Occupations,49140.0,23.62,48720.0,23.42,6538.577645367941,63.022435136076545,0.4452111538461538,False,False,False,False,0.5539160834407694,0.5539160834407694,160.9126222395435,1.5509650336341543,7907246.256851168,75563.01643865599,0.00963855421686747,0.7169389158676737
47-4091.00,Segmental Pavers,310780.35569807695,3429.4283211538464,18.537450384615386,3.97,85.365,16765.0,185.0,47,Construction and Extraction Occupations,48120.0,23.14,48120.0,23.14,0.0,0.0,0.0,False,False,False,False,0.0,0.0,0.0,0.0,0.0,0.0,,
47-4099.03,Weatherization Installers and Technicians,325117.2549557692,3587.6344865384613,19.392618846153844,4.022,94.09,16765.0,185.0,47,Construction and Extraction Occupations,48120.0,23.14,48120.0,23.14,10111.848438461539,111.58317692307692,1.2063046153846153,False,False,False,False,3.110215863454313,3.110215863454313,521.4276895081156,5.75389934739048,25091100.419130523,276877.63659642986,0.011034894124664478,0.8208020469093444
47-5011.00,"Derrick Operators, Oil and Gas",367819.97723076923,4064.677284615385,33.317026923076924,4.221333333333333,90.29133333333333,11040.0,122.0,47,Construction and Extraction Occupations,62740.0,30.16,62740.0,30.16,0.0,0.0,0.0,False,False,False,False,0.0,0.0,0.0,0.0,0.0,0.0,,
47-5012.00,"Rotary Drill Operators, Oil and Gas",831995.9040884615,12711.931307692308,63.55965653846154,4.1705,79.6965,13090.0,200.0,47,Construction and Extraction Occupations,65010.0,31.26,68660.0,33.01,0.0,0.0,0.0,False,False,False,False,0.0,0.0,0.0,0.0,0.0,0.0,,
47-5013.00,"Service Unit Operators, Oil and Gas",661144.4955846153,19480.6855,14.98514269230769,4.003684210526315,71.01947368421052,44120.0,1300.0,47,Construction and Extraction Occupations,57980.0,27.880000000000003,55570.0,26.72,12934.747889601857,381.12357788944723,0.5582892307692308,False,True,True,False,1.9564176932554418,1.9564176932554416,863.1714862643009,25.43343001232074,50046682.77360417,1413335.7057846636,0.029465095194922936,2.191684865767282
47-5022.00,"Excavating and Loading Machine and Dragline Operators, Surface Mining",1610321.7649115385,30596.58425,47.071668076923075,4.019375,75.551875,34210.0,650.0,47,Construction and Extraction Occupations,52550.0,25.26,52240.0,25.12,58500.2855450405,748.4885019230771,3.939413168016195,True,True,True,True,3.6328320724308263,2.4463139277485757,1242.7918519785856,23.613408470800373,65308711.82147467,1233564.4585146115,0.012794612794612796,0.9516941669388227
47-5023.00,"Earth Drillers, Except Oil and Gas",1223958.998523077,35151.03384615385,70.30206769230769,3.988571428571429,66.76142857142857,17410.0,500.0,47,Construction and Extraction Occupations,59600.0,28.65,57850.0,27.81,0.0,0.0,0.0,False,False,False,False,0.0,0.0,0.0,0.0,0.0,0.0,,
47-5032.00,"Explosives Workers, Ordnance Handling Experts, and Blasters",251987.79307692306,2794.9350288461537,44.364048076923076,4.2704545454545455,81.08727272727273,5680.0,63.0,47,Construction and Extraction Occupations,59110.0,28.42,59110.0,28.42,0.0,0.0,0.0,False,False,False,False,0.0,0.0,0.0,0.0,0.0,0.0,,
47-5041.00,Continuous Mining Machine Operators,1353177.1126153846,132109.34153846154,94.36381538461538,4.36,74.68533333333333,14340.0,1400.0,47,Construction and Extraction Occupations,63380.0,30.469999999999995,67870.0,32.63,0.0,0.0,0.0,False,False,False,False,0.0,0.0,0.0,0.0,0.0,0.0,,
47-5043.00,"Roof Bolters, Mining",240507.62536153846,2696.2738269230767,107.85095307692308,4.787857142857143,97.00285714285714,2230.0,25.0,47,Construction and Extraction Occupations,76640.0,36.85,76640.0,36.85,0.0,0.0,0.0,False,False,False,False,0.0,0.0,0.0,0.0,0.0,0.0,,
47-5044.00,"Loading and Moving Machine Operators, Underground Mining",864376.6587307692,9588.517584615385,141.00761153846153,4.0312,68.3156,6130.0,68.0,47,Construction and Extraction Occupations,68860.0,33.11,68860.0,33.11,0.0,0.0,0.0,False,False,False,False,0.0,0.0,0.0,0.0,0.0,0.0,,
47-5051.00,"Rock Splitters, Quarry",66773.93089230769,737.1148215384616,21.679847692307693,3.678888888888889,69.92444444444443,3080.0,34.0,47,Construction and Extraction Occupations,47460.0,22.82,47460.0,22.82,0.0,0.0,0.0,False,False,False,False,0.0,0.0,0.0,0.0,0.0,0.0,,
47-5071.00,"Roustabouts, Oil and Gas",386379.70456153847,4091.380061538461,8.523708461538462,3.366153846153846,69.2476923076923,45330.0,480.0,47,Construction and Extraction Occupations,47510.0,22.84,47680.0,22.93,0.0,0.0,0.0,False,False,False,False,0.0,0.0,0.0,0.0,0.0,0.0,,
47-5081.00,Helpers--Extraction Workers,155266.09107692307,5083.116076923077,23.105073076923077,3.850714285714286,69.4042857142857,6720.0,220.0,47,Construction and Extraction Occupations,48400.0,23.27,54100.0,26.01,0.0,0.0,0.0,False,False,False,False,0.0,0.0,0.0,0.0,0.0,0.0,,
49-1011.00,"First-Line Supervisors of Mechanics, Installers, and Repairers",17087454.08903077,182344.31096538462,28.446850384615384,3.6427272727272726,76.7390909090909,600680.0,6410.0,49,"Installation, Maintenance, and Repair Occupations",78300.0,37.64,77380.0,37.2,2091644.6474451297,22320.440484323233,6.462619615384615,False,False,False,False,12.240820876808405,12.240820876808401,73528.16284281273,784.6366182034187,5757255150.5922365,60715181.51658054,0.01067123926216954,0.7937525209118798
49-2011.00,"Computer, Automated Teller, and Office Machine Repairers",4512823.693430769,50066.938661538465,61.81103538461539,3.9248000000000003,84.258,73010.0,810.0,49,"Installation, Maintenance, and Repair Occupations",46860.0,22.53,45310.0,21.78,685742.5314895039,7607.881803951489,16.134220384615386,False,False,False,False,15.195420385860103,15.195420385860103,11094.17642371646,123.08290512546684,519873107.21535337,5576886.431234903,0.011094370634159705,0.8252260531739436
49-2021.00,"Radio, Cellular, and Tower Equipment Installers and Repairers",107589.75807692307,377.5079230769231,9.437698076923077,4.0616666666666665,73.3111111111111,11400.0,40.0,49,"Installation, Maintenance, and Repair Occupations",64190.0,30.86,86040.0,41.36,0.0,0.0,0.0,False,False,False,False,0.0,0.0,0.0,0.0,0.0,0.0,,
49-2022.00,"Telecommunications Equipment Installers and Repairers, Except Line Installers",8730161.58833077,127074.93636923078,56.72988230769231,3.7279487179487174,73.48769230769231,153890.0,2240.0,49,"Installation, Maintenance, and Repair Occupations",62630.0,30.11,62380.0,29.99,173832.6541391979,2530.2823138072863,2.239297692307692,False,False,False,False,1.9911733864302408,1.9911733864302408,3064.2167243774975,44.602283856037396,191911893.44776267,2782290.4669396128,0.014555851582299044,1.0826993569929646
49-2091.00,Avionics Technicians,745593.2397692308,7848.349892307693,35.674317692307696,4.015384615384615,84.2023076923077,20900.0,220.0,49,"Installation, Maintenance, and Repair Occupations",81390.0,39.13,59510.0,28.61,114255.26396478678,1202.6869891030187,10.837292692307692,False,False,False,False,15.324074558421428,15.324074558421428,3202.7315827100783,33.71296402852714,260670323.51677328,2006258.4893376501,0.010526315789473684,0.7829727633818014
49-2092.00,"Electric Motor, Power Tool, and Related Repairers",1089172.2933461538,3943.894846153846,65.73158076923077,3.843225806451613,64.76290322580645,16570.0,60.0,49,"Installation, Maintenance, and Repair Occupations",53990.0,25.96,41460.0,19.93,43642.61558783463,158.02999005854423,5.243956153846153,False,False,False,False,4.006952421986043,4.006952421986043,663.9520163230873,2.4041714531916254,35846769.36128348,99676.94844932479,0.003621001810500905,0.269338850408948
49-2093.00,"Electrical and Electronics Installers and Repairers, Transportation Equipment",182951.07841923076,2027.228091923077,25.02750730769231,3.6473333333333335,73.70466666666667,7310.0,81.0,49,"Installation, Maintenance, and Repair Occupations",82730.0,39.77,82730.0,39.77,20832.02858265423,230.8336956491098,5.061561923076923,False,False,False,False,11.386666185655283,11.386666185655283,832.3652981714013,9.22319961038078,68861581.11772002,763035.303766802,0.011080711354309165,0.8242100429853574
49-2094.00,"Electrical and Electronics Repairers, Commercial and Industrial Equipment",1452773.307676923,18889.2012,24.216924615384617,3.9085,85.8235,59990.0,780.0,49,"Installation, Maintenance, and Repair Occupations",71300.0,34.28,70970.0,34.12,127108.75543289538,1652.689268839113,3.9695503846153843,False,False,False,False,8.749386759875867,8.749386759875865,5248.757117249533,68.24521672703176,374236382.4598917,4843363.031117444,0.013002167027837972,0.9671325515351139
49-2095.00,"Electrical and Electronics Repairers, Powerhouse, Substation, and Relay",308833.5832615385,1072.3388307692308,13.404235384615385,4.051333333333333,74.32,23040.0,80.0,49,"Installation, Maintenance, and Repair Occupations",100940.0,48.53,104730.0,50.35,37874.52966668244,131.5087835648696,3.234052692307692,False,False,False,False,12.263734166050218,12.263734166050218,2825.5643518579705,9.810987332840176,285212465.67654353,1027504.7033683516,0.003472222222222222,0.2582722656988581
49-2096.00,"Electronic Equipment Installers and Repairers, Motor Vehicles",314098.0284,3469.3273353846153,30.976136923076922,4.1875,88.47583333333334,10140.0,112.0,49,"Installation, Maintenance, and Repair Occupations",47940.0,23.05,47940.0,23.05,19805.092156379076,218.7544695773626,3.8719503846153844,False,False,False,False,6.305385696709161,6.305385696709162,639.3661096463089,7.06203198031426,30651211.29644405,338553.8131362656,0.01104536489151874,0.8215808878089121
49-2097.00,Audiovisual Equipment Installers and Repairers,701724.8058923077,12027.759415384615,31.65199846153846,3.956363636363636,84.09181818181818,22170.0,380.0,49,"Installation, Maintenance, and Repair Occupations",50620.0,24.34,53600.0,25.77,139282.21813620307,2387.3361701288754,11.136516923076924,False,True,True,False,19.848552732733012,19.848552732733015,4400.424140846909,75.42450038438545,222749470.00967053,4042753.2206030604,0.017140279657194408,1.2749353521913862
49-2098.00,Security and Fire Alarm Systems Installers,1460720.646,14874.225692307691,17.920753846153847,4.16375,89.683125,81510.0,830.0,49,"Installation, Maintenance, and Repair Occupations",59300.0,28.51,58860.0,28.3,79426.44355708334,808.7835621688034,1.5891069230769233,False,False,False,False,5.437483462329548,5.437483462329548,4432.0927701448145,45.13111273733525,262823101.2695875,2656417.295719553,0.010182799656483865,0.7574212046700408
49-3011.00,Aircraft Mechanics and Service Technicians,5847270.848253846,86172.11236153846,42.87169769230769,4.170263157894737,78.09342105263158,136390.0,2010.0,49,"Installation, Maintenance, and Repair Occupations",78680.0,37.83,65980.0,31.72,210794.60064038463,3106.511821153846,3.0910565384615385,False,False,False,False,3.6050083211612063,3.6050083211612063,4916.870849231769,72.46066725534025,386859398.4175556,4780954.82550735,0.014737150817508614,1.096184831496114
49-3021.00,Automotive Body and Related Repairers,7878710.1318,82736.10046923076,50.75834384615384,4.0612,82.7148,155220.0,1630.0,49,"Installation, Maintenance, and Repair Occupations",51680.0,24.85,51080.0,24.56,0.0,0.0,0.0,False,False,False,False,0.0,0.0,0.0,0.0,0.0,0.0,,
49-3022.00,Automotive Glass Installers and Repairers,1055640.386346154,5573.602884615385,55.73602884615385,4.234444444444445,91.01333333333334,18940.0,100.0,49,"Installation, Maintenance, and Repair Occupations",47260.0,22.72,39300.0,18.89,0.0,0.0,0.0,False,False,False,False,0.0,0.0,0.0,0.0,0.0,0.0,,
49-3023.00,Automotive Service Technicians and Mechanics,38230869.30709231,494508.22473461536,55.50036192307692,4.033571428571428,85.28571428571429,688840.0,8910.0,49,"Installation, Maintenance, and Repair Occupations",49670.0,23.88,46990.0,22.59,440216.63106826926,11387.652611346155,6.244141923076922,True,True,True,True,1.1514690590271341,2.3028237027720815,7931.779466202511,102.59589315931765,393971486.08627874,4820981.019556337,0.02586829258065933,1.9241460099555399
49-3031.00,Bus and Truck Mechanics and Diesel Engine Specialists,8010950.091315385,81718.77508461538,27.890366923076922,3.9396153846153843,87.04923076923077,287230.0,2930.0,49,"Installation, Maintenance, and Repair Occupations",60640.0,29.15,62970.0,30.28,115648.14572189348,1179.7133550295857,0.7137576923076923,False,False,False,False,1.4436258421740364,1.4436258421740369,4146.526506476485,42.29823717569927,251445367.35273406,2663519.994953783,0.010200884308742122,0.7587663847346183
49-3041.00,Farm Equipment Mechanics and Service Technicians,893917.5254153846,4362.938030769231,24.238544615384615,3.880714285714286,88.18142857142857,36880.0,180.0,49,"Installation, Maintenance, and Repair Occupations",52080.0,25.04,57100.0,27.45,0.0,0.0,0.0,False,False,False,False,0.0,0.0,0.0,0.0,0.0,0.0,,
49-3042.00,"Mobile Heavy Equipment Mechanics, Except Engines",5722558.273246154,66663.18507692308,31.74437384615385,4.0255,93.2355,180270.0,2100.0,49,"Installation, Maintenance, and Repair Occupations",63980.0,30.76,63890.0,30.72,202243.17199271586,2355.969718670346,2.2358080769230773,False,False,False,False,3.5341391443444796,3.5341391443444796,6370.992635509793,74.21692203123408,407616108.81991655,4741719.148575545,0.011649192877350641,0.8664950701429489
49-3043.00,Rail Car Repairers,544791.2393076923,2381.6010461538463,29.770013076923075,3.626,66.7525,18300.0,80.0,49,"Installation, Maintenance, and Repair Occupations",65680.0,31.579999999999995,75280.0,36.19,0.0,0.0,0.0,False,False,False,False,0.0,0.0,0.0,0.0,0.0,0.0,,
49-3051.00,Motorboat Mechanics and Service Technicians,639305.8465384615,1581.7876615384616,26.363127692307692,3.94,96.42307692307692,24250.0,60.0,49,"Installation, Maintenance, and Repair Occupations",54950.0,26.42,45290.0,21.77,0.0,0.0,0.0,False,False,False,False,0.0,0.0,0.0,0.0,0.0,0.0,,
49-3052.00,Motorcycle Mechanics,416697.67336153844,7138.289907692308,29.742874615384615,4.368461538461538,94.06692307692308,14010.0,240.0,49,"Installation, Maintenance, and Repair Occupations",47200.0,22.69,42120.0,20.25,22902.891725017344,392.3407576020102,3.2407315384615387,False,False,False,False,5.496285002087391,5.496285002087391,770.0295287924434,13.191084005009738,36345393.759003334,555608.4582910102,0.017130620985010708,1.2742169168526105
49-3053.00,Outdoor Power Equipment and Other Small Engine Mechanics,947052.3380923077,9957.325984615383,27.659238846153844,4.331428571428572,96.92928571428571,34240.0,360.0,49,"Installation, Maintenance, and Repair Occupations",46560.0,22.38,44140.0,21.22,0.0,0.0,0.0,False,False,False,False,0.0,0.0,0.0,0.0,0.0,0.0,,
49-3091.00,Bicycle Repairers,367066.65548076923,12536.827788461538,29.155413461538462,4.272142857142857,93.72357142857143,12590.0,430.0,49,"Installation, Maintenance, and Repair Occupations",40360.0,19.4,43760.0,21.04,0.0,0.0,0.0,False,False,False,False,0.0,0.0,0.0,0.0,0.0,0.0,,
49-3092.00,Recreational Vehicle Service Technicians,571291.650926923,8244.187373076922,30.534027307692305,3.9035294117647057,90.65176470588234,18710.0,270.0,49,"Installation, Maintenance, and Repair Occupations",50540.0,24.3,51300.0,24.66,0.0,0.0,0.0,False,False,False,False,0.0,0.0,0.0,0.0,0.0,0.0,,
49-3093.00,Tire Repairers and Changers,11285527.98966923,207462.34158461538,105.84813346153847,4.170416666666667,83.34958333333334,106620.0,1960.0,49,"Installation, Maintenance, and Repair Occupations",37120.0,17.85,36060.0,17.34,0.0,0.0,0.0,False,False,False,False,0.0,0.0,0.0,0.0,0.0,0.0,,
49-9011.00,Mechanical Door Repairers,725280.0868615385,3630.2900307692307,25.930643076923076,3.7032,82.5284,27970.0,140.0,49,"Installation, Maintenance, and Repair Occupations",51050.0,24.54,49410.0,23.75,0.0,0.0,0.0,False,False,False,False,0.0,0.0,0.0,0.0,0.0,0.0,,
49-9012.00,"Control and Valve Installers and Repairers, Except Mechanical Door",1019441.3067692308,7387.2558461538465,21.727223076923075,3.743125,48.1321875,46920.0,340.0,49,"Installation, Maintenance, and Repair Occupations",74690.0,35.91,69450.0,33.39,0.0,0.0,0.0,False,False,False,False,0.0,0.0,0.0,0.0,0.0,0.0,,
49-9021.00,"Heating, Air Conditioning, and Refrigeration Mechanics and Installers",15469515.745430768,209316.14773846153,38.97879846153846,4.008214285714286,87.6842857142857,396870.0,5370.0,49,"Installation, Maintenance, and Repair Occupations",59810.0,28.75,56200.0,27.02,161156.09307630087,4361.231796730768,3.296020128205128,True,True,True,True,1.0417655971157438,2.08356203945626,4134.455125273253,55.942812565115446,247281761.04259324,3143986.066159488,0.02706215888881038,2.012948666183678
49-9031.00,Home Appliance Repairers,1962645.0292230768,15361.96798076923,61.447871923076924,4.069310344827587,84.27413793103447,31940.0,250.0,49,"Installation, Maintenance, and Repair Occupations",49410.0,23.76,34920.0,16.79,40207.65178111966,314.71236522479387,2.495540769230769,False,False,False,False,2.0486461475428426,2.0486461475428426,654.3375795251839,5.121615368857107,32330819.804339334,178846.80868049018,0.007827175954915467,0.5822042307550965
49-9041.00,Industrial Machinery Mechanics,8708288.8586,80903.6648,20.63869,3.930625,85.16125,421940.0,3920.0,49,"Installation, Maintenance, and Repair Occupations",63760.0,30.65,69670.0,33.49,837202.99869025,7777.96785056117,3.511965769230769,False,False,False,False,9.613863438434954,9.613863438434954,40564.73539213245,376.86344678665023,2586407528.602365,26256076.33762592,0.009290420438924966,0.6910438855841657
49-9043.00,"Maintenance Workers, Machinery",1812666.0066307692,47128.033776923075,32.059886923076924,3.876111111111111,91.93555555555555,56540.0,1470.0,49,"Installation, Maintenance, and Repair Occupations",60500.0,29.09,63820.0,30.68,0.0,0.0,0.0,False,False,False,False,0.0,0.0,0.0,0.0,0.0,0.0,,
49-9044.00,Millwrights,1492237.3413307692,8808.090553846154,36.70037730769231,4.182608695652174,95.25608695652173,40660.0,240.0,49,"Installation, Maintenance, and Repair Occupations",65170.0,31.329999999999995,62480.0,30.04,23425.458162073464,138.27127296846115,1.1421196153846154,False,False,False,False,1.5698212015779451,1.5698212015779447,638.2893005615924,3.7675708837870685,41597313.71759898,235397.82881901605,0.0059026069847515975,0.4390501476907297
49-9045.00,"Refractory Materials Repairers, Except Brickmasons",14785.802730769232,161.29966615384618,13.441638846153847,3.746,58.787,1100.0,12.0,49,"Installation, Maintenance, and Repair Occupations",58540.0,28.15,58540.0,28.15,0.0,0.0,0.0,False,False,False,False,0.0,0.0,0.0,0.0,0.0,0.0,,
49-9051.00,Electrical Power-Line Installers and Repairers,6774723.745846154,48750.84196153846,54.77622692307692,4.17,93.62869565217392,123680.0,890.0,49,"Installation, Maintenance, and Repair Occupations",92560.0,44.5,81380.0,39.12,0.0,0.0,0.0,False,False,False,False,0.0,0.0,0.0,0.0,0.0,0.0,,
49-9052.00,Telecommunications Line Installers and Repairers,4834759.029092307,32932.986473076926,49.15371115384615,3.847368421052632,72.37210526315789,98360.0,670.0,49,"Installation, Maintenance, and Repair Occupations",70500.0,33.9,55980.0,26.91,152203.64482307693,1036.7674057692307,3.094828076923077,False,False,False,False,3.1481123238452717,3.148112323845271,3096.483281734209,21.09235256976332,218302071.36226174,1180749.8968553508,0.00681171207808052,0.5066715777679103
49-9061.00,Camera and Photographic Equipment Repairers,78452.70426923077,858.6863153846153,39.03119615384615,3.8546666666666667,77.18666666666667,2010.0,22.0,49,"Installation, Maintenance, and Repair Occupations",49300.0,23.7,49300.0,23.7,5693.843369348141,62.320673694357765,5.615653846153847,False,False,False,False,7.2576763572205785,7.25767635722058,145.87929478013362,1.5966887985885274,7191849.232660588,78716.7577704144,0.010945273631840797,0.8141358584417737
49-9062.00,Medical Equipment Repairers,1680269.118042308,12153.845338461539,27.62237576923077,3.9735,83.81,60830.0,440.0,49,"Installation, Maintenance, and Repair Occupations",62630.0,30.110000000000003,59980.0,28.84,140679.3417615385,1017.5720923076926,4.625327692307693,False,False,False,False,8.372429169289553,8.372429169289553,5092.948663678835,36.838688344874036,318971374.80620545,2209584.5269255447,0.007233273056057867,0.5380283003346918
49-9063.00,Musical Instrument Repairers and Tuners,287549.2974346154,5018.312346153846,50.18312346153846,3.602413793103448,63.41137931034483,5730.0,100.0,49,"Installation, Maintenance, and Repair Occupations",45320.0,21.79,41440.0,19.92,9100.676056964301,158.82506207616578,3.148545,False,False,False,False,3.1649098565555236,3.1649098565555227,181.3493347806315,3.1649098565555236,8218751.852258219,131153.8644556609,0.01745200698080279,1.2981223825701766
49-9064.00,Watch and Clock Repairers,63475.560000000005,683.5829538461538,48.82735384615385,4.338666666666667,96.48,1300.0,14.0,49,"Installation, Maintenance, and Repair Occupations",60690.0,29.18,60690.0,29.18,0.0,0.0,0.0,False,False,False,False,0.0,0.0,0.0,0.0,0.0,0.0,,
49-9071.00,"Maintenance and Repair Workers, General",43127326.367,444591.2929,28.15651,3.6377777777777776,74.16185185185185,1531700.0,15790.0,49,"Installation, Maintenance, and Repair Occupations",48620.0,23.38,49070.0,23.59,2285885.3190128207,23564.7510525641,2.9847689743589743,False,False,False,False,5.300317714018845,5.300317714018844,81184.96642562664,836.9201670435756,3947213067.6139674,41067672.59682825,0.010308807207677743,0.7667939503237391
49-9081.00,Wind Turbine Service Technicians,230967.3982846154,2552.580872307692,20.585329615384616,4.160833333333334,88.53750000000001,11220.0,124.0,49,"Installation, Maintenance, and Repair Occupations",62580.0,30.09,62580.0,30.09,0.0,0.0,0.0,False,False,False,False,0.0,0.0,0.0,0.0,0.0,0.0,,
49-9091.00,"Coin, Vending, and Amusement Machine Servicers and Repairers",1063696.5633461538,9033.516461538462,37.639651923076926,3.955,65.02777777777777,28260.0,240.0,49,"Installation, Maintenance, and Repair Occupations",47350.0,22.77,50280.0,24.17,6379.30264572418,54.17666790423933,0.4474988461538461,False,False,False,False,0.5997295531026543,0.5997295531026544,169.4835717068101,1.4393509274463703,8025047.120317458,72370.5646320035,0.008492569002123144,0.6316977708812836
49-9092.00,Commercial Divers,66020.34713076922,731.4207553846153,19.247914615384616,3.880434782608696,84.49347826086957,3430.0,38.0,49,"Installation, Maintenance, and Repair Occupations",61130.0,29.39,61130.0,29.39,654.6309674606704,7.252471359622587,0.3783496153846154,False,False,False,False,0.9915594144999205,0.9915594144999205,34.01048791734727,0.37679257750996975,2079061.1263874385,23033.330263184453,0.01107871720116618,0.8240617130636452
49-9094.00,Locksmiths and Safe Repairers,395909.2917692308,3819.060692307692,25.460404615384615,3.975714285714286,83.675,15550.0,150.0,49,"Installation, Maintenance, and Repair Occupations",50490.0,24.27,47690.0,22.93,0.0,0.0,0.0,False,False,False,False,0.0,0.0,0.0,0.0,0.0,0.0,,
49-9095.00,Manufactured Building and Mobile Home Installers,33832.96622307692,375.9218469230769,12.962822307692306,3.777857142857143,76.11214285714286,2610.0,29.0,49,"Installation, Maintenance, and Repair Occupations",41080.0,19.75,41080.0,19.75,0.0,0.0,0.0,False,False,False,False,0.0,0.0,0.0,0.0,0.0,0.0,,
49-9096.00,Riggers,1060446.169646154,21042.338215384614,43.83820461538461,4.147142857142858,85.03642857142857,24190.0,480.0,49,"Installation, Maintenance, and Repair Occupations",62060.0,29.84,91070.0,43.79,0.0,0.0,0.0,False,False,False,False,0.0,0.0,0.0,0.0,0.0,0.0,,
49-9097.00,Signal and Track Switch Repairers,92194.64023461539,1010.6598807692308,11.229554230769232,3.953333333333333,86.09916666666668,8210.0,90.0,49,"Installation, Maintenance, and Repair Occupations",83600.0,40.19,83600.0,40.19,0.0,0.0,0.0,False,False,False,False,0.0,0.0,0.0,0.0,0.0,0.0,,
49-9098.00,"Helpers--Installation, Maintenance, and Repair Workers",3486857.5565307694,26453.50206923077,35.74797576923077,3.724375,81.98125,97540.0,740.0,49,"Installation, Maintenance, and Repair Occupations",38860.0,18.68,41760.0,20.08,125113.87134651796,949.1927906133207,2.5428080769230768,False,False,False,False,3.5881555044364744,3.5881555044364752,3499.886879027337,26.552350732829908,136005604.1190023,1108826.1666029769,0.007586631125692024,0.5643119260379398
49-9099.01,Geothermal Technicians,8236785.85155,95959.07083846154,44.840687307692306,3.79625,56.65416666666667,183690.0,2140.0,49,"Installation, Maintenance, and Repair Occupations",48640.0,23.39,50080.0,24.08,550766.7465384186,6416.467078187248,5.943921538461538,False,False,False,False,6.686670704626553,6.686670704626552,12282.745417328515,143.09475307900823,597432737.098859,7166185.234196732,0.011650062605476618,0.8665597626191966
51-1011.00,First-Line Supervisors of Production and Operating Workers,25538464.113946155,332491.3154923077,37.27481115384615,3.9549999999999996,88.658,685140.0,8920.0,51,Production Occupations,71190.0,34.23,67050.0,32.23,765491.5534739858,9966.115913518335,1.6847303846153845,False,False,False,False,2.997406383009395,2.9974063830093947,20536.43009255057,267.36864936443806,1461988458.288675,17927067.93988557,0.013019236944274162,0.9684022531011742
51-2011.00,"Aircraft Structure, Surfaces, Rigging, and Systems Assemblers",1336626.26075,9753.429692307693,40.639290384615386,4.128888888888889,56.53370370370371,32890.0,240.0,51,Production Occupations,61680.0,29.65,59810.0,28.75,54983.18412676203,401.2150863612918,2.520782307692308,False,False,False,False,4.113579520419582,4.113579520419581,1352.9563042660004,9.872590849006995,83450344.8471269,590479.6586791084,0.007297050775311645,0.5427722409578921
51-2021.00,"Coil Winders, Tapers, and Finishers",421844.70326153847,4644.797883076923,34.66267076923077,4.191818181818181,72.31090909090909,12170.0,134.0,51,Production Occupations,47260.0,22.72,47260.0,22.72,0.0,0.0,0.0,False,False,False,False,0.0,0.0,0.0,0.0,0.0,0.0,,
51-2022.00,Electrical and Electronic Equipment Assemblers,4016720.0578846154,44223.60283269231,44.09132884615384,3.9125,71.128125,91100.0,1003.0,51,Production Occupations,44210.0,21.26,44210.0,21.26,495536.5773020437,5455.7978818216225,8.202130384615385,False,False,False,False,12.336846236753065,12.336846236753063,11238.866921682042,123.73856775463324,496870306.6075631,5470482.080432336,0.011009879253567507,0.818941380448243
51-2023.00,Electromechanical Equipment Assemblers,2965947.3250769232,32654.72192153846,32.55705076923077,3.7964285714285713,71.99357142857143,91100.0,1003.0,51,Production Occupations,44210.0,21.26,44210.0,21.26,110228.7155545869,1213.6048485318406,1.824507692307692,False,False,False,False,3.7164758329525647,3.7164758329525656,3385.709483819787,37.27625260451423,149682216.27967277,1647983.127645574,0.01100987925356751,0.8189413804482433
51-2031.00,Engine and Other Machine Assemblers,1657448.8926384614,6039.6367769230765,43.140262692307694,4.229166666666667,79.05666666666666,38420.0,140.0,51,Production Occupations,52540.0,25.26,46060.0,22.149999999999995,216463.10165199888,788.7775697886477,8.495635,False,False,False,False,13.060016668593343,13.060016668593347,5017.658404073562,18.28402333603068,263627772.55002496,842162.1148575731,0.0036439354502863096,0.2710447098640802
51-2041.00,Structural Metal Fabricators and Fitters,3475440.012992308,57945.702726923075,65.10753115384615,3.87,72.49391304347826,53380.0,890.0,51,Production Occupations,49900.0,23.99,50440.0,24.25,0.0,0.0,0.0,False,False,False,False,0.0,0.0,0.0,0.0,0.0,0.0,,
51-2051.00,Fiberglass Laminators and Fabricators,964792.4193846154,5730.408538461538,52.09462307692308,4.171875,73.981875,18520.0,110.0,51,Production Occupations,45760.0,22.0,46870.0,22.53,0.0,0.0,0.0,False,False,False,False,0.0,0.0,0.0,0.0,0.0,0.0,,
51-2061.00,Timing Device Assemblers and Adjusters,17710.874,231.0114,77.0038,4.13470588235294,66.25411764705882,230.0,3.0,51,Production Occupations,40790.0,19.61,40790.0,19.61,0.0,0.0,0.0,False,False,False,False,0.0,0.0,0.0,0.0,0.0,0.0,,
51-2092.00,Team Assemblers,22722879.70657692,250297.71047346154,31.174207307692306,4.0600000000000005,70.81272727272727,728900.0,8029.0,51,Production Occupations,42210.0,20.29,42210.0,20.29,0.0,0.0,0.0,False,False,False,False,0.0,0.0,0.0,0.0,0.0,0.0,,
51-3011.00,Bakers,14606320.141353846,250062.9219076923,62.98814153846154,4.307222222222222,81.40666666666667,231890.0,3970.0,51,Production Occupations,36650.0,17.62,35490.0,17.06,892350.4322585303,15277.20564089165,5.8788642307692305,False,False,False,False,6.1093446098862465,6.109344609886246,14166.959215865216,242.54098101248397,519219055.2614602,8607779.416133055,0.017120186295226183,1.2734407594525265
51-3021.00,Butchers and Meat Cutters,4600621.333938462,45336.028569230766,32.85219461538461,4.297272727272727,76.5409090909091,140040.0,1380.0,51,Production Occupations,38960.0,18.73,41680.0,20.04,0.0,0.0,0.0,False,False,False,False,0.0,0.0,0.0,0.0,0.0,0.0,,
51-3022.00,"Meat, Poultry, and Fish Cutters and Trimmers",6610284.646846154,65592.16461538462,46.85154615384616,4.23,66.21083333333333,141090.0,1400.0,51,Production Occupations,37700.0,18.13,42760.0,20.56,0.0,0.0,0.0,False,False,False,False,0.0,0.0,0.0,0.0,0.0,0.0,,
51-3023.00,Slaughterers and Meat Packers,3007995.2826923076,34759.0566,44.56289307692308,4.377142857142857,54.63285714285714,67500.0,780.0,51,Production Occupations,39790.0,19.13,40470.0,19.46,0.0,0.0,0.0,False,False,False,False,0.0,0.0,0.0,0.0,0.0,0.0,,
51-3091.00,"Food and Tobacco Roasting, Baking, and Drying Machine Operators and Tenders",2122325.355,16325.579653846155,108.8371976923077,4.206315789473685,67.49421052631578,19500.0,150.0,51,Production Occupations,42730.0,20.54,40500.0,19.47,0.0,0.0,0.0,False,False,False,False,0.0,0.0,0.0,0.0,0.0,0.0,,
51-3092.00,Food Batchmakers,27201661.79016923,495987.4251615385,158.46243615384617,4.4796,68.9008,171660.0,3130.0,51,Production Occupations,40790.0,19.61,38790.0,18.65,2755541.2160271136,50243.76095866751,24.18075307692308,False,False,False,False,10.130047337854098,10.130047337854096,17389.239260160342,317.0704816748332,709307069.4219403,12299163.98416678,0.018233717814284046,1.3562679202585262
51-3093.00,Food Cooking Machine Operators and Tenders,2008503.6442615385,37759.287599999996,72.61401461538462,4.388823529411765,80.87823529411764,27660.0,520.0,51,Production Occupations,40550.0,19.49,37610.0,18.08,0.0,0.0,0.0,False,False,False,False,0.0,0.0,0.0,0.0,0.0,0.0,,
51-4021.00,"Extruding and Drawing Machine Setters, Operators, and Tenders, Metal and Plastic",4114219.763769231,45713.552930769234,62.62130538461538,3.92875,65.83125,65700.0,730.0,51,Production Occupations,46980.0,22.59,44910.0,21.59,147436.0169876317,1638.1779665292413,3.383822307692308,False,False,False,False,3.583571745145637,3.583571745145637,2354.406636560683,26.16007373956315,110610023.7856209,1174848.911643781,0.011111111111111112,0.826471250236346
51-4022.00,"Forging Machine Setters, Operators, and Tenders, Metal and Plastic",424521.26764615386,4652.287864615385,48.461331923076926,4.171538461538462,76.61461538461539,8760.0,96.0,51,Production Occupations,49240.0,23.67,49240.0,23.67,0.0,0.0,0.0,False,False,False,False,0.0,0.0,0.0,0.0,0.0,0.0,,
51-4023.00,"Rolling Machine Setters, Operators, and Tenders, Metal and Plastic",2165090.7988846153,8718.48643846154,96.87207153846154,4.092631578947368,77.33,22350.0,90.0,51,Production Occupations,48630.0,23.38,46050.0,22.14,0.0,0.0,0.0,False,False,False,False,0.0,0.0,0.0,0.0,0.0,0.0,,
51-4031.00,"Cutting, Punching, and Press Machine Setters, Operators, and Tenders, Metal and Plastic",15279083.34265,98981.62115,87.59435500000001,3.9553125000000002,67.359375,174430.0,1130.0,51,Production Occupations,45590.0,21.92,44940.0,21.61,0.0,0.0,0.0,False,False,False,False,0.0,0.0,0.0,0.0,0.0,0.0,,
51-4032.00,"Drilling and Boring Machine Tool Setters, Operators, and Tenders, Metal and Plastic",377547.84581538464,4123.8747753846155,71.10128923076923,4.202941176470588,86.86352941176472,5310.0,58.0,51,Production Occupations,46630.0,22.42,46630.0,22.42,18097.565573718184,197.6758574907071,5.139193461538461,False,False,False,False,4.793449565215538,4.793449565215538,254.53217191294507,2.7802007478250124,11868835.176300628,129640.76087108033,0.010922787193973636,0.8124632629442046
51-4033.00,"Grinding, Lapping, Polishing, and Buffing Machine Tool Setters, Operators, and Tenders, Metal and Plastic",5344077.448557693,37349.84951923077,76.22418269230769,4.053888888888888,75.11666666666666,70110.0,490.0,51,Production Occupations,45190.0,21.73,42920.0,20.64,0.0,0.0,0.0,False,False,False,False,0.0,0.0,0.0,0.0,0.0,0.0,,
51-4034.00,"Lathe and Turning Machine Tool Setters, Operators, and Tenders, Metal and Plastic",1025834.3861230769,2703.8333846153846,54.07666769230769,3.9694444444444446,92.28722222222223,18970.0,50.0,51,Production Occupations,48620.0,23.38,57500.0,27.65,0.0,0.0,0.0,False,False,False,False,0.0,0.0,0.0,0.0,0.0,0.0,,
51-4035.00,"Milling and Planing Machine Setters, Operators, and Tenders, Metal and Plastic",1002449.474273077,6532.979919230769,72.58866576923077,4.156666666666667,82.25066666666666,13810.0,90.0,51,Production Occupations,48310.0,23.219999999999995,45000.0,21.64,0.0,0.0,0.0,False,False,False,False,0.0,0.0,0.0,0.0,0.0,0.0,,
51-4041.00,Machinists,27890362.933269233,343507.2646153846,93.34436538461539,4.200689655172414,75.81758620689655,298790.0,3680.0,51,Production Occupations,56150.0,27.0,60450.0,29.06,2422571.999813239,29837.22667864627,11.83290346153846,False,False,False,False,8.686054052467906,8.686054052467906,25953.060903368856,319.64678913081895,1457264369.7241614,19322648.402958006,0.012316342581746376,0.9161192746687565
51-4051.00,Metal-Refining Furnace Operators and Tenders,1388530.8445423075,35515.7914,68.29959884615384,4.36,73.27066666666666,20330.0,520.0,51,Production Occupations,55770.0,26.81,70450.0,33.87,0.0,0.0,0.0,False,False,False,False,0.0,0.0,0.0,0.0,0.0,0.0,,
51-4052.00,"Pourers and Casters, Metal",248742.1925153846,1706.6359692307692,42.66589923076923,4.405625,74.1275,5830.0,40.0,51,Production Occupations,48940.0,23.53,44450.0,21.37,0.0,0.0,0.0,False,False,False,False,0.0,0.0,0.0,0.0,0.0,0.0,,
51-4061.00,"Model Makers, Metal and Plastic",146181.22062307692,3168.014069230769,45.257343846153844,4.360625,88.87375,3230.0,70.0,51,Production Occupations,62700.0,30.14,51960.0,24.98,0.0,0.0,0.0,False,False,False,False,0.0,0.0,0.0,0.0,0.0,0.0,,
51-4062.00,"Patternmakers, Metal and Plastic",59666.48832692307,646.0702557692307,38.00413269230769,3.6993333333333336,69.58933333333333,1570.0,17.0,51,Production Occupations,54540.0,26.219999999999995,54540.0,26.219999999999995,0.0,0.0,0.0,False,False,False,False,0.0,0.0,0.0,0.0,0.0,0.0,,
51-4071.00,Foundry Mold and Coremakers,872549.4271384615,6173.698776923076,68.59665307692308,4.490769230769231,70.60307692307693,12720.0,90.0,51,Production Occupations,45700.0,21.97,45630.0,21.94,0.0,0.0,0.0,False,False,False,False,0.0,0.0,0.0,0.0,0.0,0.0,,
51-4072.00,"Molding, Coremaking, and Casting Machine Setters, Operators, and Tenders, Metal and Plastic",11377993.80683077,207981.6720923077,73.49175692307692,3.7955172413793106,58.65551724137931,154820.0,2830.0,51,Production Occupations,41230.0,19.82,45820.0,22.03,0.0,0.0,0.0,False,False,False,False,0.0,0.0,0.0,0.0,0.0,0.0,,
51-4081.00,"Multiple Machine Tool Setters, Operators, and Tenders, Metal and Plastic",8397106.388596155,97001.61403846154,64.6677426923077,3.9776190476190476,77.82000000000001,129850.0,1500.0,51,Production Occupations,46060.0,22.14,40180.0,19.32,341787.35849739175,3948.255970320274,3.659781953046953,False,False,False,False,4.070299251675105,4.070299251675105,5285.283578300125,61.05448877512657,243440161.61650375,2453169.358984586,0.011551790527531768,0.8592500483781803
51-4111.00,Tool and Die Makers,1991305.6082153847,5056.825415384616,36.12018153846154,3.9905882352941178,87.6029411764706,55130.0,140.0,51,Production Occupations,63180.0,30.380000000000003,66660.0,32.05,103536.67610246922,262.92644031100474,3.659781953046953,False,False,False,False,5.1994367753154265,5.1994367753154265,2866.4494942313945,7.279211485441596,181102279.0455395,485232.2376195368,0.002539452203881734,0.1888905814071823
51-4121.00,"Welders, Cutters, Solderers, and Brazers",35776332.921215385,356885.87929615384,84.37018423076923,3.886896551724138,73.2948275862069,424040.0,4230.0,51,Production Occupations,51000.0,24.520000000000003,56050.0,26.95,1085019.539917159,10823.584222831765,3.8583361538461536,True,True,True,True,3.032785786923795,3.032785786923795,12860.22485087166,128.28683878687653,655871467.3944547,7190477.31400443,0.009975474011885671,0.7419998230472996
51-4122.00,"Welding, Soldering, and Brazing Machine Setters, Operators, and Tenders",3165948.532923077,7851.622153846154,87.24024615384616,3.8113793103448277,70.88793103448276,36290.0,90.0,51,Production Occupations,47060.0,22.62,47320.0,22.75,0.0,0.0,0.0,False,False,False,False,0.0,0.0,0.0,0.0,0.0,0.0,,
51-4191.00,"Heat Treating Equipment Setters, Operators, and Tenders, Metal and Plastic",1324609.1980461539,9986.77256923077,90.78884153846154,4.279565217391304,57.54565217391304,14590.0,110.0,51,Production Occupations,47450.0,22.81,46360.0,22.29,41429.75268854775,312.35591471831754,4.2818000000000005,False,False,False,False,3.127696285791924,3.127696285791924,456.33088809704174,3.4404659143711167,21652900.64020463,159499.99979024497,0.0075394105551747775,0.5607995460822361
51-4192.00,"Layout Workers, Metal and Plastic",256008.8178576923,2829.3309638461537,45.63437038461539,4.094285714285714,73.33285714285715,5610.0,62.0,51,Production Occupations,61870.0,29.74,61870.0,29.74,11499.649232996377,127.09059758391716,3.090943461538461,False,False,False,False,4.491895759383057,4.491895759383057,251.9953521013895,2.7849753708174956,15590952.43451297,172306.42619247845,0.011051693404634579,0.8220516178821408
51-4193.00,"Plating Machine Setters, Operators, and Tenders, Metal and Plastic",4636232.321342308,26484.348392307693,147.13526884615385,3.9927272727272722,59.75575757575758,31510.0,180.0,51,Production Occupations,41600.0,20.0,46280.0,22.25,0.0,0.0,0.0,False,False,False,False,0.0,0.0,0.0,0.0,0.0,0.0,,
51-4194.00,"Tool Grinders, Filers, and Sharpeners",344972.46598846157,3792.8909873076923,60.20461884615385,4.171666666666667,73.17833333333334,5730.0,63.0,51,Production Occupations,48970.0,23.54,48970.0,23.54,0.0,0.0,0.0,False,False,False,False,0.0,0.0,0.0,0.0,0.0,0.0,,
51-5111.00,Prepress Technicians and Workers,1390924.2395192308,16881.61192307692,60.29147115384615,4.243333333333333,61.93333333333333,23070.0,280.0,51,Production Occupations,47300.0,22.74,37590.0,18.07,243144.87737784465,2951.043158465388,15.279497435897436,False,False,False,False,17.480813869624345,17.480813869624345,4032.8237597223365,48.946278834948174,190752563.83486652,1839890.6214057019,0.01213697442566103,0.9027774384896367
51-5112.00,Printing Press Operators,13499339.347765384,164660.12435769232,93.02831884615385,4.318695652173913,76.92391304347827,145110.0,1770.0,51,Production Occupations,45160.0,21.71,39740.0,19.11,271946.8888888889,3317.1111111111104,2.53,False,False,False,False,2.0145199841494885,2.014519984149488,2923.269948999323,35.657003719445946,132014870.89680941,1417009.3278107818,0.012197643167252427,0.9072901258538343
51-5113.00,Print Binding and Finishing Workers,1925655.9627038462,42768.88757307692,52.80109576923077,4.2536000000000005,66.74680000000001,36470.0,810.0,51,Production Occupations,39820.0,19.14,38330.0,18.43,26734.15127085346,593.7664526841597,1.1053503846153847,False,False,False,False,1.3883139973412273,1.3883139973412275,506.31811483034556,11.24534337846394,20161587.33254436,431034.0116965228,0.022210035645736224,1.6520360335132884
51-6011.00,Laundry and Dry-Cleaning Workers,16240529.86633846,122203.0042153846,83.13129538461538,3.9517391304347824,53.67652173913043,195360.0,1470.0,51,Production Occupations,33800.0,16.25,33690.0,16.2,357487.5011736264,2689.9397354895104,3.659781953046953,False,False,False,False,2.2012058973185735,2.201205897318573,4300.275841001565,32.35772669058303,145349323.4258529,1090131.8122057423,0.0075245700245700235,0.5596956716127588
51-6021.00,"Pressers, Textile, Garment, and Related Materials",3722999.515757692,33303.01467692308,138.76256115384615,4.238571428571428,74.46678571428572,26830.0,240.0,51,Production Occupations,33880.0,16.29,34450.0,16.56,0.0,0.0,0.0,False,False,False,False,0.0,0.0,0.0,0.0,0.0,0.0,,
51-6031.00,Sewing Machine Operators,12330838.89495,129395.60844230768,112.51792038461538,4.039615384615384,70.22423076923077,109590.0,1150.0,51,Production Occupations,36000.0,17.31,37480.0,18.02,0.0,0.0,0.0,False,False,False,False,0.0,0.0,0.0,0.0,0.0,0.0,,
51-6041.00,Shoe and Leather Workers and Repairers,795604.0941538461,7289.566307692308,104.13666153846154,4.284230769230769,60.49230769230769,7640.0,70.0,51,Production Occupations,35950.0,17.29,36500.0,17.55,0.0,0.0,0.0,False,False,False,False,0.0,0.0,0.0,0.0,0.0,0.0,,
51-6042.00,Shoe Machine Operators and Tenders,334881.80676923075,3686.7721846153845,102.41033846153846,4.252631578947368,66.02631578947368,3270.0,36.0,51,Production Occupations,38160.0,18.35,38160.0,18.35,0.0,0.0,0.0,False,False,False,False,0.0,0.0,0.0,0.0,0.0,0.0,,
51-6051.00,"Sewers, Hand",146506.1187692308,1635.1129326923078,65.40451730769232,4.491818181818181,65.60636363636364,2240.0,25.0,51,Production Occupations,33760.0,16.23,33760.0,16.23,0.0,0.0,0.0,False,False,False,False,0.0,0.0,0.0,0.0,0.0,0.0,,
51-6052.00,"Tailors, Dressmakers, and Custom Sewers",1318075.019273077,17800.89037692308,80.91313807692308,4.086818181818182,85.78909090909092,16290.0,220.0,51,Production Occupations,40860.0,19.64,40570.0,19.5,101192.14366976188,1366.6219525689144,9.638361923076925,False,False,False,False,7.677267392987215,7.677267392987215,1250.6268583176172,16.889988264571873,51100613.43085784,685226.8238936808,0.01350521792510743,1.0045506908950064
51-6061.00,Textile Bleaching and Dyeing Machine Operators and Tenders,503287.63384615385,5534.434461538462,86.47553846153846,4.324347826086957,67.58869565217391,5820.0,64.0,51,Production Occupations,37320.0,17.94,37320.0,17.94,27278.280525751063,299.96734598764056,7.067459615384616,False,False,False,False,5.420018035668556,5.420018035668557,315.44504967590996,3.4688115428278756,11772409.25390496,129456.04677833631,0.010996563573883162,0.8179509280689611
51-6062.00,"Textile Cutting Machine Setters, Operators, and Tenders",479232.5646769231,5295.091953461539,53.48577730769231,4.122222222222223,72.76444444444445,8960.0,99.0,51,Production Occupations,37940.0,18.24,37940.0,18.24,27919.533653161496,308.48591871238705,4.120789230769231,False,False,False,False,5.825884071960673,5.825884071960673,521.9992128476763,5.767625231241067,19804650.135440838,218823.70127328607,0.011049107142857142,0.8218592454917234
51-6063.00,"Textile Knitting and Weaving Machine Setters, Operators, and Tenders",1196356.9397192309,13173.92363076923,82.33702269230768,4.273157894736842,72.04894736842105,14530.0,160.0,51,Production Occupations,38260.0,18.4,38260.0,18.4,36428.88945402163,401.1439994937,3.3155880769230768,False,False,False,False,3.044985007782962,3.0449850077829623,442.4363216308643,4.871976012452739,16927613.66559687,186401.8022364418,0.011011699931176877,0.8190768068412514
51-6064.00,"Textile Winding, Twisting, and Drawing Out Machine Setters, Operators, and Tenders",1769284.457,19496.484065,85.887595,4.135217391304348,64.08695652173913,20600.0,227.0,51,Production Occupations,37660.0,18.11,37660.0,18.11,0.0,0.0,0.0,False,False,False,False,0.0,0.0,0.0,0.0,0.0,0.0,,
51-6091.00,"Extruding and Forming Machine Setters, Operators, and Tenders, Synthetic and Glass Fibers",803260.9026153847,8841.260941538461,53.91012769230769,3.9452941176470584,69.87176470588236,14900.0,164.0,51,Production Occupations,44980.0,21.63,44980.0,21.63,0.0,0.0,0.0,False,False,False,False,0.0,0.0,0.0,0.0,0.0,0.0,,
51-6092.00,Fabric and Apparel Patternmakers,117453.49,1314.164923076923,41.067653846153846,4.296250000000001,85.69,2860.0,32.0,51,Production Occupations,67670.0,32.54,67670.0,32.54,0.0,0.0,0.0,False,False,False,False,0.0,0.0,0.0,0.0,0.0,0.0,,
51-6093.00,Upholsterers,1450327.3004615386,8982.494,69.0961076923077,4.084545454545455,68.19181818181818,20990.0,130.0,51,Production Occupations,46190.0,22.21,43150.0,20.74,35861.33979994657,222.10453425407593,2.5762226923076925,False,False,False,False,2.4726377134688415,2.4726377134688415,519.0066560571099,3.2144290275094938,23972917.443277907,138702.61253703467,0.006193425440686041,0.4606819260488446
51-7011.00,Cabinetmakers and Bench Carpenters,4395318.787092308,112728.81978461538,55.259225384615384,4.136,75.9675,79540.0,2040.0,51,Production Occupations,46020.0,22.12,46750.0,22.48,0.0,0.0,0.0,False,False,False,False,0.0,0.0,0.0,0.0,0.0,0.0,,
51-7021.00,Furniture Finishers,912994.7257038462,10265.576676923078,64.15985423076923,4.012727272727273,66.36136363636363,14230.0,160.0,51,Production Occupations,42530.0,20.45,46380.0,22.3,0.0,0.0,0.0,False,False,False,False,0.0,0.0,0.0,0.0,0.0,0.0,,
51-7031.00,"Model Makers, Wood",13926.532153846154,154.73924615384615,38.68481153846154,3.952142857142857,85.17142857142858,360.0,4.0,51,Production Occupations,51850.0,24.93,51850.0,24.93,766.4167755021144,8.515741950023495,3.210198076923077,False,False,False,False,5.50328514690895,5.503285146908951,19.81182652887222,0.220131405876358,1027243.2055220247,11413.813394689161,0.011111111111111113,0.8264712502363462
51-7032.00,"Patternmakers, Wood",8909.641176923076,98.99601307692308,49.49800653846154,4.101,89.1755,180.0,2.0,51,Production Occupations,52520.0,25.25,52520.0,25.25,607.1855669107669,6.74650629900852,4.771056538461538,False,False,False,False,6.814927277693769,6.8149272776937675,12.266869099848783,0.13629854555387538,644255.9651240581,7158.399612489535,0.01111111111111111,0.8264712502363459
51-7041.00,"Sawing Machine Setters, Operators, and Tenders, Wood",3925008.0137538463,24565.418723076924,90.98303230769231,4.209545454545455,64.91227272727272,43140.0,270.0,51,Production Occupations,39950.0,19.21,38170.0,18.35,0.0,0.0,0.0,False,False,False,False,0.0,0.0,0.0,0.0,0.0,0.0,,
51-7042.00,"Woodworking Machine Setters, Operators, and Tenders, Except Sawing",6385542.652326923,77614.33058076924,100.79783192307693,4.0888,75.83359999999999,63350.0,770.0,51,Production Occupations,40440.0,19.44,37880.0,18.21,0.0,0.0,0.0,False,False,False,False,0.0,0.0,0.0,0.0,0.0,0.0,,
51-8011.00,Nuclear Power Reactor Operators,313129.7466,3448.8066496153847,54.74296269230769,4.416315789473684,81.15157894736842,5720.0,63.0,51,Production Occupations,122610.0,58.95,122610.0,58.95,0.0,0.0,0.0,False,False,False,False,0.0,0.0,0.0,0.0,0.0,0.0,,
51-8012.00,Power Distributors and Dispatchers,668161.4875615385,2911.3790307692307,72.78447576923077,4.454285714285715,82.98571428571428,9180.0,40.0,51,Production Occupations,107240.0,51.56,100620.0,48.38,156120.40823711728,680.2632167194654,26.69186961538461,False,False,False,False,23.36566999796414,23.36566999796414,2144.968505813108,9.346267999185656,230026422.5633977,940421.4860780607,0.004357298474945534,0.32410637264170433
51-8013.00,Power Plant Operators,2329510.4315076927,25782.342015384616,75.83041769230769,4.288181818181818,73.76227272727273,30720.0,340.0,51,Production Occupations,99670.0,47.92,103760.0,49.88,73191.40730848914,2431.0772908464332,11.197004675324674,True,True,True,True,3.1419222819757286,9.429233734451982,965.1985250229438,10.682535758717476,96201336.98903681,1108419.9103245253,0.033215337431617656,2.470636930871803
51-8013.03,Biomass Plant Technicians,2538744.552369231,28098.08423846154,82.64142423076923,4.165,84.36277777777778,30720.0,340.0,51,Production Occupations,99670.0,47.92,103760.0,49.88,860.4277714845379,28.303545114622956,2.13393,True,False,True,False,0.03389186086806415,0.10073122734780679,10.411579658669307,0.11523232695141811,1037722.1445795698,11956.506244479142,0.03289473684210526,2.4467898855681294
51-8013.04,Hydroelectric Plant Technicians,626707.2354461539,6936.2128923076925,20.400626153846154,4.109523809523809,89.34857142857143,30720.0,340.0,51,Production Occupations,99670.0,47.92,103760.0,49.88,0.0,0.0,0.0,False,False,False,False,0.0,0.0,0.0,0.0,0.0,0.0,,
51-8021.00,Stationary Engineers and Boiler Operators,1815840.2566384615,6489.357642307693,58.994160384615384,4.0484,81.11,30780.0,110.0,51,Production Occupations,75190.0,36.15,69450.0,33.39,49446.0999935085,176.70795969090108,2.422326923076924,False,False,False,False,2.7230423938857165,2.7230423938857165,838.1524488380236,2.995346633274288,63020682.628130995,208026.8236808993,0.0035737491877842757,0.26582408633332766
51-8031.00,Water and Wastewater Treatment Plant and System Operators,3171588.9074999997,43789.19596153846,25.022397692307692,4.2162500000000005,92.08125,126750.0,1750.0,51,Production Occupations,58260.0,28.01,59120.0,28.42,0.0,0.0,0.0,False,False,False,False,0.0,0.0,0.0,0.0,0.0,0.0,,
51-8091.00,Chemical Plant and System Operators,1034096.0254153847,19128.45786923077,57.96502384615385,4.440526315789474,82.32052631578946,17840.0,330.0,51,Production Occupations,73540.0,35.35,53420.0,25.68,123860.78161463782,2291.146745113816,10.469074615384615,False,False,False,False,11.977686652928034,11.977686652928034,2136.819298882361,39.52636595466251,157141691.23980883,2111498.469298071,0.01849775784753363,1.3759078549338268
51-8092.00,Gas Plant Operators,658406.2102230769,6621.306953846154,41.38316846153846,4.163157894736842,79.37,15910.0,160.0,51,Production Occupations,83400.0,40.1,95690.0,46.01,42423.66457487491,426.63647592583186,4.270892307692307,False,False,False,False,6.44338767103992,6.443387671039918,1025.1429784624513,10.309420273663873,85496924.40376844,986508.425986896,0.01005656819610308,0.7480318041108348
51-8093.00,"Petroleum Pump System Operators, Refinery Operators, and Gaugers",1972452.542307692,37344.196153846155,56.582115384615385,3.877916666666667,76.74249999999999,34860.0,660.0,51,Production Occupations,97540.0,46.9,101920.0,49.0,183834.6633792499,3480.518583772373,7.732056923076923,False,False,False,False,9.32010577877684,9.320105778776837,3248.9888744816067,61.512698139927146,316906374.8169359,6269374.194421374,0.0189328743545611,1.4082728704543588
51-8099.01,Biofuels Processing Technicians,1243630.560826923,6237.645446153846,77.97056807692307,4.316842105263158,85.5278947368421,15950.0,80.0,51,Production Occupations,61710.0,29.67,63380.0,30.47,0.0,0.0,0.0,False,False,False,False,0.0,0.0,0.0,0.0,0.0,0.0,,
51-9011.00,Chemical Equipment Operators and Tenders,13060689.821423076,153763.71346153846,102.50914230769231,4.324347826086957,91.0004347826087,127410.0,1500.0,51,Production Occupations,57090.0,27.45,39110.0,18.81,989186.527802787,11645.709062900718,11.706956538461538,False,False,False,False,7.573769389885154,7.573769389885154,9649.739579652674,113.6065408482773,550903632.6023712,4443151.812576125,0.01177301624676242,0.8757053510863095
51-9012.00,"Separating, Filtering, Clarifying, Precipitating, and Still Machine Setters, Operators, and Tenders",4069499.1003076923,36790.67452307692,75.08300923076924,3.9685,74.48949999999999,54200.0,490.0,51,Production Occupations,49500.0,23.8,45620.0,21.94,0.0,0.0,0.0,False,False,False,False,0.0,0.0,0.0,0.0,0.0,0.0,,
51-9021.00,"Crushing, Grinding, and Polishing Machine Setters, Operators, and Tenders",1812560.5812115385,15871.808942307693,63.48723576923077,3.8319047619047617,74.96095238095238,28550.0,250.0,51,Production Occupations,46890.0,22.54,50440.0,24.25,40051.70351381131,350.71544232759476,2.1153596153846155,False,False,False,False,2.2096753029374745,2.209675302937475,630.862298988649,5.5241882573436865,29581133.19957775,278640.05570041557,0.008756567425569179,0.6513346105190119
51-9022.00,"Grinding and Polishing Workers, Hand",945992.0539615385,6386.4442461538465,79.83055307692308,3.949411764705882,74.42117647058824,11850.0,80.0,51,Production Occupations,41690.0,20.04,35710.0,17.17,0.0,0.0,0.0,False,False,False,False,0.0,0.0,0.0,0.0,0.0,0.0,,
51-9023.00,"Mixing and Blending Machine Setters, Operators, and Tenders",8208823.264184616,132689.22967692307,81.40443538461538,4.342499999999999,86.6,100840.0,1630.0,51,Production Occupations,47680.0,22.92,44920.0,21.6,348999.3288011621,5641.302121637189,5.218685,False,False,False,False,4.251514712514989,4.251514712514989,4287.227436100115,69.2996898139943,204415004.15325347,3112942.066444624,0.016164220547401822,1.2023337208416496
51-9031.00,"Cutters and Trimmers, Hand",528295.438676923,5828.43624,74.72354153846155,4.054444444444445,67.02333333333334,7070.0,78.0,51,Production Occupations,38800.0,18.65,38800.0,18.65,0.0,0.0,0.0,False,False,False,False,0.0,0.0,0.0,0.0,0.0,0.0,,
51-9032.00,"Cutting and Slicing Machine Setters, Operators, and Tenders",5621717.998923076,73316.47369230769,118.25237692307692,4.098400000000001,70.9344,47540.0,620.0,51,Production Occupations,45700.0,21.97,44830.0,21.55,133433.05041923077,1740.187026923077,5.613506538461539,False,False,False,False,2.373527993485121,2.3735279934851206,1128.3752081028265,14.71587355960775,51566747.01029917,659712.6116772154,0.013041649137568364,0.97006932610829
51-9041.00,"Extruding, Forming, Pressing, and Compacting Machine Setters, Operators, and Tenders",5994482.306196154,82632.01922692308,104.5974926923077,4.176153846153846,63.95692307692308,57310.0,790.0,51,Production Occupations,45130.0,21.7,38940.0,18.72,0.0,0.0,0.0,False,False,False,False,0.0,0.0,0.0,0.0,0.0,0.0,,
51-9051.00,"Furnace, Kiln, Oven, Drier, and Kettle Operators and Tenders",1080851.6429538461,10701.501415384615,66.88438384615385,3.998823529411765,61.52117647058823,16160.0,160.0,51,Production Occupations,47010.0,22.6,37180.0,17.88,0.0,0.0,0.0,False,False,False,False,0.0,0.0,0.0,0.0,0.0,0.0,,
51-9061.00,"Inspectors, Testers, Sorters, Samplers, and Weighers",68537629.96816154,806897.9068615384,115.93360730769231,4.124516129032258,65.03483870967742,591180.0,6960.0,51,Production Occupations,47460.0,22.82,48000.0,23.08,5553460.178663647,65381.24233482017,13.423777692307691,False,False,False,False,8.102789929041098,8.1027899290411,47902.07350250516,563.9541790612604,2273432408.428895,27069800.594940502,0.01177306404140871,0.8757089061674062
51-9071.00,Jewelers and Precious Stone and Metal Workers,1485717.3654923076,30450.227815384616,63.43797461538461,3.943793103448276,82.91862068965517,23420.0,480.0,51,Production Occupations,49140.0,23.63,46200.0,22.21,80003.21268371679,3279.121209016313,18.621422397602394,True,True,True,True,5.384820460599982,10.768790397553532,1261.1249518725156,25.847138210879912,61971680.13501541,1194137.785342652,0.04098736911953686,3.0487393980110005
51-9071.06,Gem and Diamond Workers,965553.0222461538,19789.30190769231,41.22771230769231,4.175714285714286,55.50214285714286,23420.0,480.0,51,Production Occupations,49140.0,23.63,46200.0,22.21,0.0,0.0,0.0,False,False,False,False,0.0,0.0,0.0,0.0,0.0,0.0,,
51-9081.00,Dental Laboratory Technicians,2736965.3092923076,94405.93785,80.68883576923076,4.4541176470588235,65.29294117647059,33920.0,1170.0,51,Production Occupations,48310.0,23.23,45770.0,22.0,0.0,0.0,0.0,False,False,False,False,0.0,0.0,0.0,0.0,0.0,0.0,,
51-9082.00,Medical Appliance Technicians,457609.06141153845,8363.612088461537,39.82672423076923,4.183333333333334,85.45466666666667,11490.0,210.0,51,Production Occupations,47060.0,22.63,40600.0,19.52,27887.264192544208,509.6889016914085,3.659781953046953,False,False,False,False,6.094124121258286,6.094124121258286,700.2148615325771,12.7976606546424,32952111.383723076,519585.0225784814,0.018276762402088774,1.3594696805454256
51-9083.00,Ophthalmic Laboratory Technicians,2122233.1681384617,23328.710386153845,113.24616692307691,4.417222222222223,76.83055555555556,18740.0,206.0,51,Production Occupations,38420.0,18.47,38420.0,18.47,92998.80424042844,1022.2920850335249,7.483023461538461,False,False,False,False,4.382120006257526,4.382120006257526,821.2092891726603,9.027167212890502,31550860.89001361,346823.7643192531,0.010992529348986126,0.817650852688466
51-9111.00,Packaging and Filling Machine Operators and Tenders,34366853.66357692,472716.5824615385,89.52965576923077,4.284000000000001,86.549,383860.0,5280.0,51,Production Occupations,40900.0,19.67,40430.0,19.44,0.0,0.0,0.0,False,False,False,False,0.0,0.0,0.0,0.0,0.0,0.0,,
51-9123.00,"Painting, Coating, and Decorating Workers",224983.7462653846,3984.3638653846156,26.562425769230767,4.2155555555555555,70.86444444444444,8470.0,150.0,51,Production Occupations,40860.0,19.64,42020.0,20.2,0.0,0.0,0.0,False,False,False,False,0.0,0.0,0.0,0.0,0.0,0.0,,
51-9124.00,"Coating, Painting, and Spraying Machine Setters, Operators, and Tenders",13147922.649230769,146729.16812307693,82.43211692307692,4.099130434782609,72.37652173913044,159500.0,1780.0,51,Production Occupations,47590.0,22.88,45720.0,21.98,0.0,0.0,0.0,False,False,False,False,0.0,0.0,0.0,0.0,0.0,0.0,,
51-9141.00,Semiconductor Processing Technicians,3008713.8776153848,13101.708953846155,93.58363538461539,4.1745,58.0955,32150.0,140.0,51,Production Occupations,51180.0,24.6,39090.0,18.8,0.0,0.0,0.0,False,False,False,False,0.0,0.0,0.0,0.0,0.0,0.0,,
51-9151.00,Photographic Process Workers and Processing Machine Operators,497345.72907692305,9857.302738461538,89.61184307692308,3.998518518518519,72.92888888888889,5550.0,110.0,51,Production Occupations,40100.0,19.28,40250.0,19.35,39142.90997480977,775.8054229241575,8.92519923076923,False,False,False,False,7.870362141735744,7.870362141735743,436.80509886633376,8.657398355909319,17515884.464539982,348460.28382535005,0.019819819819819815,1.4742460139351032
51-9161.00,Computer Numerically Controlled Tool Operators,19552548.48244231,106077.68603076923,110.49758961538461,4.262962962962963,83.08666666666667,176950.0,960.0,51,Production Occupations,49970.0,24.02,45880.0,22.06,1120973.0204748942,6081.571628459444,9.332020384615385,True,True,True,True,5.7331299880498925,5.733129988049894,10144.773513854285,55.038047885278964,506934332.4872986,2525145.6369765988,0.005425261373269286,0.403544029502234
51-9162.00,Computer Numerically Controlled Tool Programmers,844453.4579076923,4487.000307692308,29.913335384615387,4.048,77.03933333333333,28230.0,150.0,51,Production Occupations,65670.0,31.57,69590.0,33.46,155841.3732010276,828.0625568598705,6.946753076923077,True,True,True,True,18.454702475510818,18.454702475510825,5209.762508836704,27.682053713266228,342125103.95530635,1926394.1179061967,0.005313496280552605,0.3952306722703037
51-9191.00,Adhesive Bonding Machine Operators and Tenders,867845.9765384615,4991.718846153846,71.31026923076922,4.23,82.640625,12170.0,70.0,51,Production Occupations,45210.0,21.74,54640.0,26.27,0.0,0.0,0.0,False,False,False,False,0.0,0.0,0.0,0.0,0.0,0.0,,
51-9192.00,"Cleaning, Washing, and Metal Pickling Equipment Operators and Tenders",405145.9454076923,5541.953176923077,29.168174615384615,3.960909090909091,71.74545454545455,13890.0,190.0,51,Production Occupations,41460.0,19.93,43730.0,21.02,20688.888798271815,283.0013586516663,2.2459715384615384,False,False,False,False,5.106527421236537,5.106527421236536,709.2966588097551,9.70240210034942,29407439.474252444,424286.04384828015,0.013678905687544997,1.017470005690534
51-9193.00,Cooling and Freezing Equipment Operators and Tenders,395275.6543038462,4378.62257423077,59.98113115384616,3.8955555555555557,56.053333333333335,6590.0,73.0,51,Production Occupations,40160.0,19.31,40160.0,19.31,0.0,0.0,0.0,False,False,False,False,0.0,0.0,0.0,0.0,0.0,0.0,,
51-9194.00,Etchers and Engravers,1144383.631203846,10911.882061538461,136.39852576923076,4.17576923076923,46.301153846153845,8390.0,80.0,51,Production Occupations,40450.0,19.45,39190.0,18.84,31882.100998040532,304.00096303256765,5.7299957692307695,False,False,False,False,2.7859626901952304,2.7859626901952304,233.74226970737982,2.2287701521561845,9454874.809663514,87345.50226300088,0.009535160905840286,0.7092482719549095
51-9195.00,"Molders, Shapers, and Casters, Except Metal and Plastic",2615499.5277884617,38385.74846538462,75.26617346153846,3.8240909090909088,48.28409090909091,34750.0,510.0,51,Production Occupations,45690.0,21.97,39260.0,18.87,21270.684203203564,624.9619858231708,1.9934603846153849,True,True,True,True,0.8132551345244942,1.6281094177094062,282.6061592472617,4.14760118607492,12912275.416007387,162834.82256530135,0.02938137672736666,2.1854576841778623
51-9195.03,"Stone Cutters and Carvers, Manufacturing",1545986.6420192309,22689.300357692307,44.48882423076923,3.94125,67.443125,34750.0,510.0,51,Production Occupations,45690.0,21.97,39260.0,18.87,0.0,0.0,0.0,False,False,False,False,0.0,0.0,0.0,0.0,0.0,0.0,,
51-9195.04,"Glass Blowers, Molders, Benders, and Finishers",3154935.82,46302.6552,90.78952,4.14375,47.724375,34750.0,510.0,51,Production Occupations,45690.0,21.97,39260.0,18.87,0.0,0.0,0.0,False,False,False,False,0.0,0.0,0.0,0.0,0.0,0.0,,
51-9195.05,"Potters, Manufacturing",2156722.2758653844,31652.614696153847,62.06395038461538,4.186521739130435,75.88521739130434,34750.0,510.0,51,Production Occupations,45690.0,21.97,39260.0,18.87,1154.9792043443967,33.62829869716348,0.9219588461538462,False,False,False,False,0.05355252353393353,0.10624177187248199,18.6095019280419,0.273117870023061,850268.1430922345,10722.607577105375,0.02911593435680254,2.1657134402699376
51-9196.00,"Paper Goods Machine Setters, Operators, and Tenders",6154645.676846154,58404.06418461539,63.48267846153846,4.192857142857142,58.62357142857143,96950.0,920.0,51,Production Occupations,49390.0,23.75,59100.0,28.42,0.0,0.0,0.0,False,False,False,False,0.0,0.0,0.0,0.0,0.0,0.0,,
51-9197.00,Tire Builders,3167911.1067923075,34896.87485307692,151.06872230769233,4.396,50.7365,20970.0,231.0,51,Production Occupations,55580.0,26.72,55580.0,26.72,0.0,0.0,0.0,False,False,False,False,0.0,0.0,0.0,0.0,0.0,0.0,,
51-9198.00,Helpers--Production Workers,15836644.606846156,121027.55446153847,94.55277692307693,3.7243333333333335,56.074666666666666,167490.0,1280.0,51,Production Occupations,38220.0,18.38,35940.0,17.280000000000005,312964.42027426744,2391.7514953194955,3.2851819230769235,False,False,False,False,1.976204101587109,1.976204101587109,3309.9442497482487,25.295412500314995,126506069.22537807,909117.125261321,0.007642247298346169,0.5684487911351547
53-1041.00,Aircraft Cargo Handling Supervisors,178738.66286153847,879.6194038461538,17.592388076923076,4.498333333333333,72.11166666666666,10160.0,50.0,53,Transportation and Material Moving Occupations,63940.0,30.74,78990.0,37.98,0.0,0.0,0.0,False,False,False,False,0.0,0.0,0.0,0.0,0.0,0.0,,
53-1042.00,"First-Line Supervisors of Helpers, Laborers, and Material Movers, Hand",6507501.0368,71661.99491538461,52.84807884615385,3.9945833333333334,79.10666666666667,123136.0,1356.0,53,Transportation and Material Moving Occupations,61900.0,29.76,61900.0,29.76,168200.8926433907,1853.0028269820968,1.275831923076923,True,False,True,False,2.5847232553973103,2.5857538981018355,3182.724827766032,35.048847343187525,197010666.83871737,2169523.650543308,0.011016605190738915,0.8194416718815188
53-1042.01,Recycling Coordinators,3852470.02624,42424.22488615385,31.286301538461537,3.66,59.20086956521739,123136.0,1356.0,53,Transportation and Material Moving Occupations,61900.0,29.76,61900.0,29.76,82725.23953200992,911.0033791563276,1.9474,True,False,True,False,2.147329868072965,2.1473659957277267,2644.1361063503264,29.117793011069406,163672024.98308522,1802391.3873851963,0.011012399411715473,0.819128835891224
53-1043.00,First-Line Supervisors of Material-Moving Machine and Vehicle Operators,4035866.65344,44443.827816923076,32.77568423076923,3.9463157894736844,86.13684210526316,123136.0,1356.0,53,Transportation and Material Moving Occupations,61900.0,29.76,61900.0,29.76,585865.1533333333,6452.81441298077,2.2837778846153847,True,True,True,True,14.516464582246961,14.519033868013734,17874.99382799562,196.84325973526882,1106462117.9529288,12184597.77761314,0.011014163201663202,0.8192600308427168
53-2011.00,"Airline Pilots, Copilots, and Flight Engineers",8067072.610961539,144606.13542307692,81.23940192307693,4.28375,78.83291666666666,99300.0,1780.0,53,Transportation and Material Moving Occupations,226600.0,108.9423076923077,133230.0,64.05288461538461,38399.63463461539,688.3318192307693,0.7734065384615385,False,False,False,False,0.4760045742297889,0.4760045742297889,472.6725422101804,8.472881421290243,107107598.06482688,1128841.991758499,0.017925478348439074,1.3333403251547093
53-2012.00,Commercial Pilots,2811212.5928692305,36882.58852307692,54.23910076923077,4.40875,83.19208333333333,51830.0,680.0,53,Transportation and Material Moving Occupations,122670.0,58.97596153846154,101160.0,48.63461538461539,21909.926455769233,287.45417692307694,0.8454534615384616,False,False,False,False,0.7793763627604958,0.7793763627604957,403.95076881876497,5.299759266771372,49552640.810997896,536123.647426592,0.013119814779085472,0.9758834751006054
53-2021.00,Air Traffic Controllers,3444597.9766153847,53821.843384615386,153.77669538461538,4.473478260869565,83.81739130434782,22400.0,350.0,53,Transportation and Material Moving Occupations,144580.0,69.51,156120.0,75.06,126169.61352899409,1971.4002113905326,10.05806576923077,False,False,False,False,3.662825513616734,3.662825513616734,820.4729150501485,12.81988929765857,118623974.05795047,2001441.117150456,0.015625,1.1622251956448615
53-2022.00,Airfield Operations Specialists,1163714.9696,20281.090215384615,69.93479384615385,4.045925925925926,67.87296296296296,16640.0,290.0,53,Transportation and Material Moving Occupations,56750.0,27.28,61400.0,29.52,54184.88476546264,944.3279195903945,5.644060951417005,False,False,False,False,4.656198998977167,4.656198998977167,774.7915134298005,13.502977097033783,43969418.387141176,829082.7937578743,0.017427884615384616,1.2963281028346534
53-2031.00,Flight Attendants,13289143.002796154,146363.39960807693,102.13775269230769,4.0308,93.4604,130110.0,1433.0,53,Transportation and Material Moving Occupations,67130.0,32.27403846153846,49330.0,23.716346153846157,305465.67743653845,3364.324923269231,4.695498846153846,False,False,False,False,2.2986108086297645,2.298610808629765,2990.7225231081866,32.93909288766452,200767202.97625256,1624885.4521484908,0.011013757589731766,0.8192298604487092
53-3011.00,"Ambulance Drivers and Attendants, Except Emergency Medical Technicians",155773.41664615384,1715.0550011538462,12.895150384615384,4.087272727272727,88.04909090909092,12080.0,133.0,53,Transportation and Material Moving Occupations,34330.0,16.51,34330.0,16.51,0.0,0.0,0.0,False,False,False,False,0.0,0.0,0.0,0.0,0.0,0.0,,
53-3031.00,Driver/Sales Workers,19890317.144561537,161059.05789999999,47.650608846153844,3.880909090909091,63.86181818181819,417420.0,3380.0,53,Transportation and Material Moving Occupations,37130.0,17.85,26310.0,12.65,420642.8034923077,3406.0962,2.0154415384615385,False,False,False,False,2.1148119481208023,2.114811948120802,8827.648033845853,71.48064384648312,327770571.49669653,1880655.7396009709,0.008097359973168511,0.6023011698574492
53-3032.00,Heavy and Tractor-Trailer Truck Drivers,106982890.53332308,1254561.5423230769,51.67057423076923,4.340344827586207,78.19413793103449,2070480.0,24280.0,53,Transportation and Material Moving Occupations,57440.0,27.62,59580.0,28.64,4686719.525089054,54959.98515762636,3.915230769230769,False,False,False,False,4.380812204386301,4.3808122043863005,90703.8405293775,1063.6612032249939,5210028600.007443,63372934.488145135,0.011726749352807077,0.8722639078940453
53-3033.00,Light Truck Drivers,36082699.24181538,358138.23424615385,36.285535384615386,4.41,78.43153846153847,994410.0,9870.0,53,Transportation and Material Moving Occupations,44140.0,21.22,43760.0,21.04,0.0,0.0,0.0,False,False,False,False,0.0,0.0,0.0,0.0,0.0,0.0,,
53-3052.00,"Bus Drivers, Transit and Intercity",8474634.1875,63710.5,56.884375,4.2542857142857144,84.59285714285714,148980.0,1120.0,53,Transportation and Material Moving Occupations,57440.0,27.61,49500.0,23.8,0.0,0.0,0.0,False,False,False,False,0.0,0.0,0.0,0.0,0.0,0.0,,
53-4011.00,Locomotive Engineers,2331473.328369231,25508.460923076924,72.88131692307692,4.5878571428571435,90.2242857142857,31990.0,350.0,53,Transportation and Material Moving Occupations,77400.0,37.21,79800.0,38.37,34503.28204615384,377.49761538461536,2.1571292307692307,False,False,False,False,1.4798917759993189,1.479891775999319,473.4173791421821,5.179621215997616,36642505.14560489,413333.77303660975,0.010940919037199124,0.8138119531867739
53-4013.00,"Rail Yard Engineers, Dinkey Operators, and Hostlers",228229.50276923075,2489.7763938461535,69.16045538461537,4.204782608695653,76.55434782608695,3300.0,36.0,53,Transportation and Material Moving Occupations,58030.0,27.9,58030.0,27.9,4684.669846153846,51.10548923076923,2.839193846153846,False,False,False,False,2.0526136145030502,2.0526136145030502,67.73624927860067,0.7389409012210981,3930734.545637197,42880.74049786032,0.010909090909090908,0.8114445002320487
53-4022.00,"Railroad Brake, Signal, and Switch Operators and Locomotive Firers",1375156.7274307692,15120.102059230769,110.36570846153846,4.226,80.89920000000001,12460.0,137.0,53,Transportation and Material Moving Occupations,65480.0,31.48,65480.0,31.48,13659.963831174093,150.19382382591098,2.19261056680162,True,True,True,True,0.9933386906883883,0.9933386906883884,123.77000085977319,1.360874006243092,8104459.656297948,89110.02992879767,0.01099518459069021,0.8178483559722429
53-4031.00,Railroad Conductors and Yardmasters,2202948.946153846,24242.23846153846,51.57923076923077,4.0745,73.827,42710.0,470.0,53,Transportation and Material Moving Occupations,74080.0,35.62,74080.0,35.62,57775.82108461539,635.7910538461539,2.7054938461538462,False,False,False,False,2.6226581957555966,2.6226581957555966,1120.1373154072153,12.326493520051304,82979772.32536651,913146.6399654007,0.011004448606883634,0.818537435846346
53-4041.00,Subway and Streetcar Operators,511841.54353846156,50071.455346153845,55.63495038461538,4.564,96.20599999999999,9200.0,900.0,53,Transportation and Material Moving Occupations,84830.0,40.78,57200.0,27.5,26435.471076923077,2586.078692307692,5.746841538461538,False,False,False,False,5.164776366953228,5.164776366953228,475.15942575969694,46.48298730257905,40307774.08719509,2658826.8737075217,0.09782608695652173,7.276540355341741
53-5011.00,Sailors and Marine Oilers,1298434.252553846,14284.432944230768,41.40415346153846,3.7621428571428575,73.96857142857142,31360.0,345.0,53,Transportation and Material Moving Occupations,49610.0,23.85,49610.0,23.85,0.0,0.0,0.0,False,False,False,False,0.0,0.0,0.0,0.0,0.0,0.0,,
53-5021.00,"Captains, Mates, and Pilots of Water Vessels",3721240.573603846,41008.30245,105.14949346153846,4.3389655172413795,84.44413793103449,35390.0,390.0,53,Transportation and Material Moving Occupations,85540.0,41.13,49120.0,23.62,101842.00359109312,1122.305210526316,5.755411336032389,True,True,True,True,2.7367755880524527,2.7367755880524527,968.5448806117631,10.673424793404566,82849329.08753021,524278.6258520323,0.011020062164453236,0.8196988099264128
53-5022.00,Motorboat Operators,127878.91953846153,1396.9966,53.73063846153846,4.254375,75.67375,2380.0,26.0,53,Transportation and Material Moving Occupations,51880.0,24.94,51880.0,24.94,0.0,0.0,0.0,False,False,False,False,0.0,0.0,0.0,0.0,0.0,0.0,,
53-5031.00,Ship Engineers,254523.951,2818.1556346153843,29.664796153846154,4.333529411764706,88.21411764705883,8580.0,95.0,53,Transportation and Material Moving Occupations,101320.0,48.71,101320.0,48.71,0.0,0.0,0.0,False,False,False,False,0.0,0.0,0.0,0.0,0.0,0.0,,
53-6011.00,Bridge and Lock Tenders,255078.64984615386,2813.3674615384616,93.77891538461539,4.566111111111111,74.32722222222223,2720.0,30.0,53,Transportation and Material Moving Occupations,58490.0,28.12,58490.0,28.12,0.0,0.0,0.0,False,False,False,False,0.0,0.0,0.0,0.0,0.0,0.0,,
53-6021.00,Parking Attendants,8423641.491326923,26900.600380769232,62.55953576923077,3.95,66.38133333333333,134650.0,430.0,53,Transportation and Material Moving Occupations,34600.0,16.63,34590.0,16.63,511625.64318269223,1633.8583480769228,7.599341153846153,False,True,True,False,6.073687296752453,6.0736872967524524,8178.219945077178,26.116855376035552,282966410.09967035,903382.0274570697,0.003193464537690308,0.23753759661453092
53-6031.00,Automotive and Watercraft Service Attendants,5508444.193007693,94731.5629,56.054179230769236,3.9314285714285715,65.79714285714286,98270.0,1690.0,53,Transportation and Material Moving Occupations,34850.0,16.76,34350.0,16.51,69968.14550961538,1203.2783749999999,1.423998076923077,False,False,False,False,1.2701979553216047,1.2701979553216047,1248.223530694541,21.46634544493512,43500590.04470476,737368.9660335213,0.01719751704487636,1.279192807173585
53-6041.00,Traffic Technicians,157279.8106153846,1722.1931769230769,20.749315384615382,3.7939130434782613,53.59608695652174,7580.0,83.0,53,Transportation and Material Moving Occupations,58480.0,28.12,58480.0,28.12,18890.44743846154,206.8479073076923,4.9842869230769224,False,False,False,False,12.010726211170638,12.010726211170637,910.4130468067343,9.96890275527163,53240954.977257825,582981.4331282849,0.010949868073878629,0.8144776041247368
53-6051.00,Transportation Inspectors,339442.78973846155,3493.4077846153846,14.555865769230769,4.094285714285714,75.64428571428572,23320.0,240.0,53,Transportation and Material Moving Occupations,85750.0,41.23,62960.0,30.27,16135.408469230772,166.05909230769234,1.3838257692307694,True,True,True,True,4.753498662223168,4.753498662223168,1108.515888030443,11.408396789335605,95055237.39861049,718272.6618565697,0.010291595197255575,0.765513679464197
53-6051.01,Aviation Inspectors,354741.8308923077,3650.8593230769234,15.211913846153847,4.2846153846153845,78.90153846153846,23320.0,240.0,53,Transportation and Material Moving Occupations,85750.0,41.23,62960.0,30.27,0.0,0.0,0.0,False,False,False,False,0.0,0.0,0.0,0.0,0.0,0.0,,
53-6051.07,"Transportation Vehicle, Equipment and Systems Inspectors, Except Aviation",961234.7845692307,9892.639292307693,41.21933038461538,3.8392857142857144,54.53357142857143,23320.0,240.0,53,Transportation and Material Moving Occupations,85750.0,41.23,62960.0,30.27,0.0,0.0,0.0,False,False,False,False,0.0,0.0,0.0,0.0,0.0,0.0,,
53-6061.00,Passenger Attendants,774002.0937384615,1832.6805692307692,30.544676153846154,4.185,59.73083333333333,25340.0,60.0,53,Transportation and Material Moving Occupations,37560.0,18.06,33780.0,16.24,97666.41236153846,231.25433076923076,7.708477692307692,False,True,True,False,12.618365396120018,12.618365396120018,3197.493791376812,7.57101923767201,120097866.80411306,255749.0298485605,0.002367797947908445,0.17612252372834522
53-7011.00,Conveyor Operators and Tenders,1707166.7751461538,15067.089726923077,65.50908576923077,4.308,56.552499999999995,26060.0,230.0,53,Transportation and Material Moving Occupations,41230.0,19.82,40680.0,19.56,47297.94669401709,417.4415863247863,3.062750769230769,False,False,False,False,2.7705522027845126,2.770552202784512,722.005904045644,6.372270066404379,29768303.423801903,259223.94630133014,0.008825786646201074,0.6564833031424544
53-7021.00,Crane and Tower Operators,1117087.569230769,13564.634769230768,26.597323076923075,4.134545454545454,76.08545454545455,42000.0,510.0,53,Transportation and Material Moving Occupations,66370.0,31.91,69020.0,33.18,0.0,0.0,0.0,False,False,False,False,0.0,0.0,0.0,0.0,0.0,0.0,,
53-7031.00,Dredge Operators,33738.22521538461,360.31114307692303,32.755558461538456,4.276666666666666,91.56833333333333,1030.0,11.0,53,Transportation and Material Moving Occupations,48430.0,23.28,48430.0,23.28,0.0,0.0,0.0,False,False,False,False,0.0,0.0,0.0,0.0,0.0,0.0,,
53-7041.00,Hoist and Winch Operators,121793.91027692308,1325.9820876923077,49.110447692307694,4.202307692307692,69.09461538461538,2480.0,27.0,53,Transportation and Material Moving Occupations,52310.0,25.15,52310.0,25.15,0.0,0.0,0.0,False,False,False,False,0.0,0.0,0.0,0.0,0.0,0.0,,
53-7051.00,Industrial Truck and Tractor Operators,33152652.325315382,284716.9218153846,41.14406384615384,4.276666666666667,69.55666666666667,805770.0,6920.0,53,Transportation and Material Moving Occupations,46390.0,22.3,47500.0,22.84,0.0,0.0,0.0,False,False,False,False,0.0,0.0,0.0,0.0,0.0,0.0,,
53-7061.00,Cleaners of Vehicles and Equipment,17763444.0432,211379.094,47.50092,3.6670000000000003,74.3255,373960.0,4450.0,53,Transportation and Material Moving Occupations,35270.0,16.96,34170.0,16.43,0.0,0.0,0.0,False,False,False,False,0.0,0.0,0.0,0.0,0.0,0.0,,
53-7062.00,"Laborers and Freight, Stock, and Material Movers, Hand",104293614.92297308,1040303.0460576924,34.96816961538462,3.82,53.29923076923077,2982530.0,29750.0,53,Transportation and Material Moving Occupations,38940.0,18.72,39570.0,19.02,3269763.396901418,32615.082181174097,2.19261056680162,False,False,False,False,3.135152041010688,3.135152041010688,93506.85016875608,932.7077322006796,3641156745.5713615,36907244.96318089,0.009974752978176247,0.7419461908204834
53-7062.04,Recycling and Reclamation Workers,121318984.78642309,1210126.9048076924,40.67653461538462,3.992857142857143,54.92785714285714,2982530.0,29750.0,53,Transportation and Material Moving Occupations,38940.0,18.72,39570.0,19.02,0.0,0.0,0.0,False,False,False,False,0.0,0.0,0.0,0.0,0.0,0.0,,
53-7063.00,Machine Feeders and Offbearers,3046065.1355346153,10438.432676923077,65.24020423076924,4.075384615384616,72.78307692307693,46690.0,160.0,53,Transportation and Material Moving Occupations,39700.0,19.09,39440.0,18.96,0.0,0.0,0.0,False,False,False,False,0.0,0.0,0.0,0.0,0.0,0.0,,
53-7064.00,"Packers and Packagers, Hand",29866163.405723076,348597.4779,49.657760384615386,4.128333333333333,72.48166666666667,601440.0,7020.0,53,Transportation and Material Moving Occupations,35580.0,17.1,35430.0,17.03,0.0,0.0,0.0,False,False,False,False,0.0,0.0,0.0,0.0,0.0,0.0,,
53-7065.00,Stockers and Order Fillers,200687368.488,1948729.4886153846,72.20190769230769,3.9113333333333333,81.50099999999999,2779530.0,26990.0,53,Transportation and Material Moving Occupations,37090.0,17.83,37800.0,18.17,3815551.1485165535,74099.8926113716,8.204862818411097,True,True,True,True,1.9012413074441716,3.8024719718292563,52845.57251280299,513.145028879182,1960042284.499863,19396882.091633078,0.019420495159704742,1.4445432823365074
53-7071.00,Gas Compressor and Gas Pumping Station Operators,153588.00549615384,1683.1562246153846,30.056361153846154,3.9853846153846155,91.80461538461539,5110.0,56.0,53,Transportation and Material Moving Occupations,71510.0,34.38,71510.0,34.38,0.0,0.0,0.0,False,False,False,False,0.0,0.0,0.0,0.0,0.0,0.0,,
53-7072.00,"Pump Operators, Except Wellhead Pumpers",310134.70384615386,4922.773076923077,24.613865384615387,4.162142857142857,76.58714285714287,12600.0,200.0,53,Transportation and Material Moving Occupations,60020.0,28.86,73840.0,35.5,0.0,0.0,0.0,False,False,False,False,0.0,0.0,0.0,0.0,0.0,0.0,,
53-7073.00,Wellhead Pumpers,353158.5493269231,3663.8927307692306,20.354959615384615,4.058571428571429,70.29571428571428,17350.0,180.0,53,Transportation and Material Moving Occupations,70010.0,33.66,66890.0,32.16,0.0,0.0,0.0,False,False,False,False,0.0,0.0,0.0,0.0,0.0,0.0,,
53-7081.00,Refuse and Recyclable Material Collectors,5067620.027815385,24759.17243076923,36.410547692307695,3.975,82.45785714285715,139180.0,680.0,53,Transportation and Material Moving Occupations,48350.0,23.24,50720.0,24.38,0.0,0.0,0.0,False,False,False,False,0.0,0.0,0.0,0.0,0.0,0.0,,
53-7121.00,"Tank Car, Truck, and Ship Loaders",715618.2726,2621.312353846154,65.53280884615384,4.287894736842105,67.15578947368421,10920.0,40.0,53,Transportation and Material Moving Occupations,58070.0,27.92,47540.0,22.86,0.0,0.0,0.0,False,False,False,False,0.0,0.0,0.0,0.0,0.0,0.0,,
