soc_code_2019,title,task_comp_nat,task_comp_ut,freq_sum_eco,importance,relevance,tot_emp_nat,tot_emp_ut,major_group_code,major_occ_category,a_med_nat,h_med_nat,a_med_ut,h_med_ut,ai_task_comp_nat,ai_task_comp_ut,freq_sum_ai,code_changed,title_changed,code_or_title_changed,code_and_title_changed,pct_automated_nat,pct_automated_ut,people_automated_nat,people_automated_ut,eco_value_nat,eco_value_ut,ut_share_of_nat,ut_concentration_index
11-1011.00,Chief Executives,3761657.2440192304,70669.79386923077,17.756229615384616,3.950967741935484,72.6974193548387,211850.0,3980.0,11,Management Occupations,206420.0,99.24,163980.0,78.84,367709.2581176923,13816.751090384616,4.081758076923077,False,False,False,False,9.775193066894229,19.55114106594324,20708.746512215424,389.0526840623903,4274699455.051508,63796859.13255076,0.037575205914348514,2.8549183479675926
11-1011.03,Chief Sustainability Officers,1618392.793826923,30404.547176923075,7.639333461538461,3.757222222222222,96.50277777777778,211850.0,3980.0,11,Management Occupations,206420.0,99.24,163980.0,78.84,4469.004309615384,167.88039423076918,0.282151923076923,False,False,False,False,0.2761384211954985,0.5521555484904235,584.9992453026636,10.99030916358084,120755544.21537581,1802190.896643986,0.037565502872656094,2.8541811226860614
11-1021.00,General and Operations Managers,69870293.94412307,894913.3179076923,19.492775384615385,3.6958823529411764,69.39117647058823,3584420.0,45910.0,11,Management Occupations,102950.0,49.5,91230.0,43.86,2766259.591523077,35430.83060769231,0.7717453846153847,False,False,False,False,3.959135471414103,3.959135471414104,141912.04366446138,1817.639094926215,14609844895.2563,165823214.63011858,0.012808208859452856,0.9731520982427868
11-2011.00,Advertising and Promotions Managers,372525.7100769231,4096.017286153846,17.655246923076923,3.691904761904762,72.79380952380953,21100.0,232.0,11,Management Occupations,126960.0,61.04,108370.0,52.10000000000001,32142.086696424907,353.47566522344323,6.084155655677655,True,True,True,True,8.628152588391245,8.629740563310863,1820.5401961505527,20.01731400506769,231135783.30327415,2169276.3187291855,0.01099728429463665,0.8355602569987505
11-2021.00,Marketing Managers,3934261.3544769227,67039.20849230769,10.219391538461538,3.4295,73.021,384980.0,6560.0,11,Management Occupations,161030.0,77.42,135190.0,65.0,1112115.7132153846,18950.28073846154,2.888762307692308,False,False,False,False,28.267458946261222,28.267458946261222,108824.06345131646,1854.3453068747363,17523938937.565487,250688942.03639558,0.017039846225777963,1.2946667477327993
11-2022.00,Sales Managers,6808787.663576922,97669.57838461538,11.278242307692308,3.584705882352941,82.30588235294118,603710.0,8660.0,11,Management Occupations,138060.0,66.38,130430.0,62.71,636067.6950192307,9124.159346153845,1.0535980769230768,False,False,False,False,9.341864168004903,9.341864168004902,56397.768168662406,809.0054369492246,7786275873.365532,105518579.14128737,0.014344635669443937,1.0898879346385062
11-3012.00,Administrative Services Managers,1594059.623069231,11352.98621923077,6.272368076923077,3.655,74.9975,254140.0,1810.0,11,Management Occupations,108390.0,52.11,105800.0,50.86,0.0,0.0,0.0,False,False,False,False,0.0,0.0,0.0,0.0,0.0,0.0,,
11-3013.00,Facilities Managers,1464904.6937076922,16612.428307692306,10.382767692307691,3.921818181818182,82.02363636363636,141090.0,1600.0,11,Management Occupations,104690.0,50.33,94310.0,45.34,0.0,0.0,0.0,False,False,False,False,0.0,0.0,0.0,0.0,0.0,0.0,,
11-3021.00,Computer and Information Systems Managers,8508774.72885,106562.20498846154,13.172089615384616,3.84,89.90588235294118,645970.0,8090.0,11,Management Occupations,171200.0,82.31,162400.0,78.08,1029606.86245,12894.591880769229,1.5938926923076924,False,False,False,False,12.100530279159901,12.1005302791599,78165.79544428921,978.932899584036,13381984180.062313,158978702.89244744,0.012523801414926388,0.9515431672490877
11-3031.00,Financial Managers,15301560.974023078,162058.7496576923,18.691897307692308,3.904705882352941,57.60529411764706,818620.0,8670.0,11,Management Occupations,161700.0,77.74,137760.0,66.23,1423368.9056646153,45227.15881769231,7.268910128205128,True,True,True,True,9.302115699705531,27.907878416452753,76148.97954092942,806.4934311644695,12313289991.768286,111102535.07721731,0.03177472729501165,2.4142050522085143
11-3031.01,Treasurers and Controllers,9755610.406215385,103321.61713846153,11.917141538461538,4.113181818181818,79.08318181818181,818620.0,8670.0,11,Management Occupations,161700.0,77.74,137760.0,66.23,194097.89926884614,6166.236129230769,2.5188873076923075,False,False,False,False,1.9896028150651102,5.9680019535189635,16287.286564686005,172.49856406614504,2633654237.509727,23763402.18575214,0.0317686907094748,2.4137463997969344
11-3031.03,Investment Fund Managers,30074163.70826154,318515.3054538461,36.737636153846154,4.047,78.4505,818620.0,8670.0,11,Management Occupations,161700.0,77.74,137760.0,66.23,3152194.0196435894,100154.60952692307,11.551858076923077,True,False,True,False,10.481402077284246,31.44420623185274,85802.8536850643,908.7375601005441,13874321440.874897,125187686.27945095,0.03177298380200826,2.4140725837351207
11-3051.00,Industrial Production Managers,3881767.2143153846,37926.64442692308,16.561853461538462,3.6976923076923076,84.13461538461539,234380.0,2290.0,11,Management Occupations,121440.0,58.39,108370.0,52.10000000000001,0.0,0.0,0.0,False,False,False,False,0.0,0.0,0.0,0.0,0.0,0.0,,
11-3051.01,Quality Control Systems Managers,6802797.196561539,66466.4458576923,29.024648846153845,3.8985185185185185,85.9774074074074,234380.0,2290.0,11,Management Occupations,121440.0,58.39,108370.0,52.1,0.0,0.0,0.0,False,False,False,False,0.0,0.0,0.0,0.0,0.0,0.0,,
11-3051.02,Geothermal Production Managers,5157451.309338462,50390.66259230769,22.004656153846156,3.9629411764705886,79.54529411764706,234380.0,2290.0,11,Management Occupations,121440.0,58.39,108370.0,52.1,14636.13169846154,571.568576923077,0.9940323076923078,False,False,False,False,0.2837861342861402,1.1342747793324888,665.1379415398554,6.4987024751526095,80774351.62060004,704264.3872322883,0.03905188807389296,2.967114858640339
11-3051.03,Biofuels Production Managers,6401449.12143077,62545.091253846156,27.312266923076923,4.057142857142857,90.90785714285714,234380.0,2290.0,11,Management Occupations,121440.0,58.39,108370.0,52.1,0.0,0.0,0.0,False,False,False,False,0.0,0.0,0.0,0.0,0.0,0.0,,
11-3051.04,Biomass Power Plant Managers,6470586.0831,63220.59105,27.607245,3.856842105263158,82.88631578947368,234380.0,2290.0,11,Management Occupations,121440.0,58.39000000000001,108370.0,52.1,20164.74658923077,787.9934938461538,0.6918292307692308,False,False,False,False,0.31163709639683856,1.246419055498776,730.4150265349103,7.136489507487603,88701600.82239951,773381.3679264316,0.0390777781589872,2.969081955750451
11-3051.06,Hydroelectric Production Managers,4036669.0464615384,39440.10630769231,17.222753846153847,3.967777777777778,85.05777777777777,234380.0,2290.0,11,Management Occupations,121440.0,58.39,108370.0,52.1,0.0,0.0,0.0,False,False,False,False,0.0,0.0,0.0,0.0,0.0,0.0,,
11-3061.00,Purchasing Managers,1297151.7996461538,7983.4551923076915,15.966910384615383,4.051666666666667,93.56722222222223,81240.0,500.0,11,Management Occupations,139510.0,67.07,123360.0,59.31,332209.4513999999,2044.6174999999994,4.089234999999999,False,False,False,False,25.610684230683127,25.610684230683127,20806.119869006972,128.05342115341563,2902661782.925163,15796670.033485351,0.006154603643525357,0.467619283482332
11-3071.00,"Transportation, Storage, and Distribution Managers",5219563.607307692,63712.983,24.50499346153846,3.914615384615385,92.16576923076923,213000.0,2600.0,11,Management Occupations,102010.0,49.05,97980.0,47.11,52029.16366307692,2540.5258258754584,2.862568721611722,True,True,True,True,0.9968106067379477,3.987453900683725,2123.2065923518285,25.91707577518664,216588304.48581,2539355.084452787,0.04882888070865477,3.7099588426374246
11-3071.04,Supply Chain Managers,2135131.006153846,26062.631999999998,10.02408923076923,3.627666666666667,86.03133333333334,213000.0,2600.0,11,Management Occupations,102010.0,49.05,97980.0,47.11,0.0,0.0,0.0,False,False,False,False,0.0,0.0,0.0,0.0,0.0,0.0,,
11-3111.00,Compensation and Benefits Managers,144427.84978846152,1223.3549807692307,7.196205769230768,3.875,74.67545454545454,20070.0,170.0,11,Management Occupations,140360.0,67.48,132920.0,63.91,15974.253346153842,135.30757692307688,0.7959269230769228,False,False,False,False,11.060369152868217,11.060369152868216,2219.8160889806513,18.80262755987597,311573386.2493242,2499245.255258714,0.008470353761833582,0.6435671549893165
11-3121.00,Human Resources Managers,3016879.0499076922,28976.149003846152,13.998139615384614,3.9057692307692307,94.71076923076923,215520.0,2070.0,11,Management Occupations,140030.0,67.32,131070.0,63.02,458993.60713846155,4408.485369230769,2.129703076923077,False,False,False,False,15.214186566495114,15.214186566495114,32789.61488811027,314.93366192644885,4591529772.782082,41278355.06869965,0.00960467706013363,0.7297516566584691
11-3131.00,Training and Development Managers,225863.96110769227,2511.8323076923075,5.023664615384615,3.9616666666666664,92.47166666666668,44960.0,500.0,11,Management Occupations,127090.0,61.1,109980.0,52.88,160507.6668923077,1785.0051923076921,3.5700103846153843,False,False,False,False,71.06386787212034,71.06386787212033,31950.314995305307,355.31933936060176,4060565532.7533517,39078020.942878984,0.011120996441281138,0.844959755117986
11-9013.00,"Farmers, Ranchers, and Other Agricultural Managers",111296.43807692306,1224.0725,18.831884615384613,3.8590000000000004,84.1375,5910.0,65.0,11,Management Occupations,87980.0,42.3,87980.0,42.3,1140.4038791062271,13.3575856996337,1.6696982124542126,True,True,True,True,1.0246544263330615,1.0912413847736715,60.557076596283935,0.6660253771164899,5327811.598941061,58596.91267870878,0.01171303074670571,0.8899418000610169
11-9021.00,Construction Managers,3542852.23845,50549.69605,10.170964999999999,3.6260000000000003,92.7368,348330.0,4970.0,11,Management Occupations,106980.0,51.43,99900.0,48.03,598859.6538461539,8544.576923076922,1.7192307692307691,False,False,False,False,16.90332008055056,16.903320080550557,58879.334836581766,840.0950080033629,6298911240.817517,83925491.29953595,0.014268079120374356,1.0840712613488366
11-9031.00,"Education and Childcare Administrators, Preschool and Daycare",1319669.5139846154,10134.295346153845,18.42599153846154,3.928235294117647,85.17294117647059,71620.0,550.0,11,Management Occupations,56270.0,27.05,59400.0,28.56,174070.34403846154,1336.7591346153847,2.430471153846154,False,True,True,False,13.190449744714709,13.19044974471471,9447.000107164675,72.5474735959309,531582696.03015625,4309319.931598295,0.007679419156660152,0.5834729076949892
11-9032.00,"Education Administrators, Kindergarten through Secondary",5998869.808296153,52738.554457692306,18.768168846153845,3.776875,81.05875,319630.0,2810.0,11,Management Occupations,104070.0,48.39,124650.0,59.92788461538461,780565.275873846,6862.273332307692,2.4420901538461535,False,True,True,False,13.011872249575433,13.011872249575433,41589.84727131796,365.63361021306963,4328255405.52606,45576229.51305913,0.008791415073678942,0.667961002147446
11-9033.00,"Education Administrators, Postsecondary",3399529.7362076924,47210.338134615384,19.269525769230768,3.6974074074074075,66.34962962962963,176420.0,2450.0,11,Management Occupations,103960.0,49.97999999999999,100110.0,48.13,25501.036023076926,354.14090384615383,0.1445473076923077,False,False,False,False,0.7501342244920124,0.7501342244920123,1323.3867988488084,18.378288500054303,137579291.6083221,1839850.4617404363,0.013887314363450854,1.0551412192014102
11-9041.00,Architectural and Engineering Managers,2924808.6847,34484.76532307693,13.905147307692308,3.346315789473684,80.61105263157894,210340.0,2480.0,11,Management Occupations,167740.0,80.64,149990.0,72.11,55990.44403846154,1320.4540384615384,0.5701442307692308,False,False,False,False,1.9143284253549226,3.829093879835398,4026.598409891544,47.47534494880208,675421617.2752076,7120826.988870825,0.02358356075108957,1.791850201757207
11-9041.01,Biofuels/Biodiesel Technology and Product Development Managers,4531095.1737,53423.58101538462,21.541766538461538,3.548888888888889,65.62444444444445,210340.0,2480.0,11,Management Occupations,167740.0,80.64,149990.0,72.11,0.0,0.0,0.0,False,False,False,False,0.0,0.0,0.0,0.0,0.0,0.0,,
11-9051.00,Food Service Managers,15459950.063007694,127867.58026153847,63.30078230769231,4.3246153846153845,77.12461538461538,244230.0,2020.0,11,Management Occupations,65310.0,31.4,57450.0,27.62,295317.74959615385,2442.541269230769,1.2091788461538462,False,False,False,False,1.9102115362117835,1.910211536211783,4665.309634890039,38.58627303147803,304691372.2546685,2216781.3856584127,0.00827089219178643,0.6284123080048429
11-9071.00,Gambling Managers,208125.23921538462,2297.486406923077,45.04875307692308,4.254736842105263,70.18,4620.0,51.0,11,Management Occupations,85580.0,41.14,85580.0,41.14,7945.888246153846,87.71435076923078,1.7198892307692308,False,True,True,False,3.8178398141951475,3.8178398141951475,176.38419941581583,1.9470983052395252,15094959.78600552,166632.67296239856,0.011038961038961041,0.8387268052360769
11-9081.00,Lodging Managers,1749823.7902307692,19254.4093,42.31738307692308,4.142083333333333,84.895,41350.0,455.0,11,Management Occupations,68130.0,32.76,64160.0,30.850000000000005,0.0,0.0,0.0,False,False,False,False,0.0,0.0,0.0,0.0,0.0,0.0,,
11-9111.00,Medical and Health Services Managers,10661587.530676924,93833.42623846153,18.84205346153846,3.9766666666666666,87.50055555555555,565840.0,4980.0,11,Management Occupations,117960.0,56.71,107980.0,51.91,1541691.1460923075,13568.538646153846,2.7246061538461537,False,False,False,False,14.46024001262805,14.460240012628054,81821.82208745457,720.119952628877,9651702133.43614,77758552.48486613,0.008801074508695038,0.6686949142468585
11-9121.00,Natural Sciences Managers,1200077.1593461537,13681.855192307692,11.897265384615384,3.795,83.3125,100870.0,1150.0,11,Management Occupations,161180.0,77.49,117190.0,56.34,0.0,0.0,0.0,False,False,False,False,0.0,0.0,0.0,0.0,0.0,0.0,,
11-9121.01,Clinical Research Coordinators,2941782.8445923077,33538.71588461538,29.164100769230767,3.9381818181818184,75.16272727272727,100870.0,1150.0,11,Management Occupations,161180.0,77.49,117190.0,56.34,57504.6568017033,1967.79665478022,2.8477520329670334,False,False,False,False,1.9547553249013756,5.867239108229759,1971.7616962280176,22.47968623636582,317808550.1980319,2634394.4300397104,0.03421977913138217,2.599977110658379
11-9121.02,Water Resource Specialists,996863.9141999999,11365.059,9.88266,3.505714285714286,93.07190476190476,100870.0,1150.0,11,Management Occupations,161180.0,77.49,117190.0,56.34,516.2346153846154,17.623076923076923,0.1519230769230769,False,False,False,False,0.05178586645890401,0.1550636641928293,52.23640349709648,0.5955374642773961,8419463.51566201,69791.03543866804,0.034137728075338436,2.593742971425627
11-9131.00,Postmasters and Mail Superintendents,301335.21450384613,2400.208080769231,21.820073461538463,4.1269230769230765,70.48692307692308,13810.0,110.0,11,Management Occupations,92730.0,44.58,94720.0,45.54,36570.10696538461,291.2897730769231,2.648088846153846,False,False,False,False,12.136021681235615,12.136021681235615,1675.9845941786384,13.349623849359178,155414051.41818514,1264476.3710113014,0.007965242577842145,0.6051894228691547
11-9141.00,"Property, Real Estate, and Community Association Managers",4577611.797415385,49535.24093076923,15.43153923076923,3.9722222222222223,77.22222222222223,296640.0,3210.0,11,Management Occupations,66700.0,32.07,59100.0,28.42,1749339.817476923,18929.951503846154,5.897181153846153,False,False,False,False,38.21511947484574,38.21511947484575,113361.33041018242,1226.7053351425484,7561200738.359167,72498285.30692461,0.010821197411003236,0.8221813901984624
11-9151.00,Social and Community Service Managers,3901607.0141,40315.341799999995,19.95809,3.915625,77.901875,195490.0,2020.0,11,Management Occupations,78240.0,37.61,77600.0,37.31,223642.28933461534,2310.897869230769,1.144008846153846,False,False,False,False,5.732055753600901,5.7320557536009025,11205.5957927144,115.7875262227382,876725814.8219748,8985112.034884484,0.01033300936109264,0.7850894571795122
11-9161.00,Emergency Management Directors,52149.507092307686,746.7709846153845,4.148727692307691,3.8552173913043477,94.66347826086958,12570.0,180.0,11,Management Occupations,86130.0,41.41,79750.0,38.34,716.3401269230766,10.257853846153841,0.0569880769230769,False,False,False,False,1.3736277998852655,1.3736277998852657,172.66501444557787,2.4725300397934777,14871637.694197621,197184.27067352986,0.01431980906921241,1.0880016398120664
11-9171.00,Funeral Home Managers,206782.37723076923,2679.3448269230767,15.760851923076922,3.978695652173913,90.83826086956523,13120.0,170.0,11,Management Occupations,76830.0,36.94,89060.0,42.82,5036.248246153846,65.25626538461538,0.3838603846153846,True,True,True,True,2.435530683803577,2.435530683803577,319.5416257150293,4.1404021624660805,24550383.1036857,368744.2165892291,0.012957317073170731,0.9844811585850292
11-9179.01,Fitness and Wellness Coordinators,204348.30261923076,2259.7143092307692,19.480295769230768,3.82625,91.34541666666667,10490.0,116.0,11,Management Occupations,61340.0,29.49,59840.0,28.77,6238.322307692307,68.98430769230768,1.1893846153846153,True,False,True,False,3.0527889039119587,3.0527889039119587,320.2375560203645,3.541235128537872,19643371.686289158,211907.51009170624,0.01105815061963775,0.8401848061872526
11-9179.02,Spa Managers,427354.80108846154,4725.753758461538,40.73925653846154,4.081428571428571,90.75333333333333,10490.0,116.0,11,Management Occupations,61340.0,29.49,59840.0,28.77,58436.164898076924,646.195913076923,11.141308846153846,True,False,True,False,13.673922639746069,13.673922639746069,1434.3944849093625,15.86175026210544,87985757.7043403,949167.1356843895,0.01105815061963775,0.8401848061872526
11-9199.01,Regulatory Affairs Managers,6081092.562353846,58692.595176923074,9.637536153846153,3.867037037037037,92.75296296296295,630980.0,6090.0,11,Management Occupations,136550.0,65.65,136550.0,65.65,49040.85768076921,2839.9520423076915,0.4663303846153845,False,False,False,False,0.8064481370398129,4.838688822238877,5088.526455093812,49.1126915457246,694838287.44306,6706338.030568695,0.057909917905480376,4.3999249807043785
11-9199.02,Compliance Managers,14167251.726815384,136737.3974076923,22.452774615384616,3.949655172413793,72.49206896551723,630980.0,6090.0,11,Management Occupations,136550.0,65.65,136550.0,65.65,0.0,0.0,0.0,False,False,False,False,0.0,0.0,0.0,0.0,0.0,0.0,,
11-9199.08,Loss Prevention Managers,9764933.631653845,94247.75082692307,15.475821153846153,3.8,90.90777777777777,630980.0,6090.0,11,Management Occupations,136550.0,65.65,136550.0,65.65,64342.810287179476,3726.0868615384616,0.6118369230769231,False,False,False,False,0.6589170261086763,3.953502156652058,4157.634651340526,40.12804689001839,567725011.6405488,5479484.802832011,0.057909917905480376,4.3999249807043785
11-9199.09,Wind Energy Operations Managers,10660457.09303077,102891.03251538462,16.89507923076923,3.983125,96.07625,630980.0,6090.0,11,Management Occupations,136550.0,65.65,136550.0,65.65,0.0,0.0,0.0,False,False,False,False,0.0,0.0,0.0,0.0,0.0,0.0,,
11-9199.10,Wind Energy Development Managers,3776027.004615384,36444.902307692304,5.984384615384615,3.720666666666667,92.466,630980.0,6090.0,11,Management Occupations,136550.0,65.65,136550.0,65.65,65324.59089871793,3782.941696153846,0.6211726923076922,False,True,True,False,1.7299820901405791,10.379892540843477,10915.840992369025,105.35590928956128,1490558087.5079904,14386349.413489593,0.057909917905480376,4.3999249807043785
11-9199.11,Brownfield Redevelopment Specialists and Site Managers,3289709.8477384606,31751.137869230763,5.213651538461537,3.6208695652173915,87.46347826086956,630980.0,6090.0,11,Management Occupations,136550.0,65.65,136550.0,65.65,0.0,0.0,0.0,False,False,False,False,0.0,0.0,0.0,0.0,0.0,0.0,,
13-1011.00,"Agents and Business Managers of Artists, Performers, and Athletes",376402.44835384615,3441.0913,26.469933076923077,3.7214285714285715,77.18785714285715,14220.0,130.0,13,Business and Financial Operations Occupations,96310.0,46.3,60470.0,29.07,117924.67703076923,1078.0737,8.292874615384616,False,False,False,False,31.32941285225417,31.329412852254162,4455.042507590542,40.72823670793042,429065143.90604514,2462836.4737285525,0.009142053445850912,0.6946020783000849
13-1021.00,"Buyers and Purchasing Agents, Farm Products",4561914.542076923,50256.9513323077,28.107914615384615,3.6875,68.82583333333334,162300.0,1788.0,13,Business and Financial Operations Occupations,75650.0,36.37,75650.0,36.37,0.0,0.0,0.0,False,False,False,False,0.0,0.0,0.0,0.0,0.0,0.0,,
13-1022.00,"Wholesale and Retail Buyers, Except Farm Products",3254423.4324230766,35852.79788769231,20.051900384615383,3.5869999999999997,69.869,162300.0,1788.0,13,Business and Financial Operations Occupations,75650.0,36.37,75650.0,36.37,8989.984269230761,99.03938307692299,0.0553911538461538,False,False,False,False,0.27623892391093313,0.2762389239109331,448.33577350744446,4.939151959527484,33916601.265838176,373646.84573825414,0.011016635859519409,0.8370305653124723
13-1023.00,"Purchasing Agents, Except Wholesale, Retail, and Farm Products",4360544.437615384,48038.530218461536,26.867186923076922,3.858421052631579,96.05631578947369,162300.0,1788.0,13,Business and Financial Operations Occupations,75650.0,36.37,75650.0,36.37,1186323.2980384615,13069.291786153846,7.309447307692308,False,False,False,False,27.205852732628415,27.205852732628415,44155.09898505592,486.44064685939605,3340333238.2194805,36799234.934913315,0.011016635859519409,0.8370305653124723
13-1031.00,"Claims Adjusters, Examiners, and Investigators",20123297.739369232,137885.0313923077,65.97369923076923,4.271481481481481,80.82925925925926,305020.0,2090.0,13,Business and Financial Operations Occupations,76790.0,36.92,66240.0,31.84,504726.8798461539,6915.096492307693,3.758204615384616,True,True,True,True,2.508171803564313,5.015117611013918,7650.425635231867,52.42079069449414,587476184.5294551,3472353.1756032915,0.013700670141474311,1.040960218701304
13-1032.00,"Insurance Appraisers, Auto Damage",182667.22162692307,1875.9149846153846,23.448937307692308,4.428571428571429,92.83857142857143,7790.0,80.0,13,Business and Financial Operations Occupations,76650.0,36.85,66080.0,31.77,37111.392215384614,381.1182769230769,4.7639784615384615,False,False,False,False,20.316393869054618,20.316393869054618,1582.6470823993548,16.253115095243697,121309898.86591054,1074005.8454937034,0.010269576379974325,0.7802698965875153
13-1041.00,Compliance Officers,14583969.62616923,140424.37506153845,36.664327692307694,4.315,64.13333333333334,397770.0,3830.0,13,Business and Financial Operations Occupations,78420.0,37.7,64730.0,31.12,31963.17916384616,2153.455156923077,4.341643461538462,True,True,True,True,0.2191665231288741,1.533533730151453,871.7786790497225,8.394077835835878,68364884.01107924,543348.6583136563,0.06737299646835099,5.118918156123854
13-1041.01,Environmental Compliance Inspectors,6045848.662257692,58213.541434615385,15.199358076923076,3.9584615384615387,70.0,397770.0,3830.0,13,Business and Financial Operations Occupations,78420.0,37.7,64730.0,31.12,0.0,0.0,0.0,False,False,False,False,0.0,0.0,0.0,0.0,0.0,0.0,,
13-1041.03,Equal Opportunity Representatives and Officers,10563055.434403846,101708.2794423077,26.55568653846154,4.054444444444445,70.97222222222223,397770.0,3830.0,13,Business and Financial Operations Occupations,78420.0,37.7,64730.0,31.12,6039.631869230769,407.3513892307692,0.5886580769230768,False,False,False,False,0.05717694001263784,0.4005095666393928,227.43271428826952,2.189876802484029,17835273.454486094,141750.7254247912,0.06744639376218324,5.124494793051155
13-1041.04,Government Property Inspectors and Investigators,3278084.836303846,31563.629542307688,8.241156538461537,3.743846153846154,54.159230769230774,397770.0,3830.0,13,Business and Financial Operations Occupations,78420.0,37.7,64730.0,31.12,20086.575950769227,1353.1083507692306,2.442433846153846,False,False,False,False,0.6127533896718041,4.286922544682426,2437.349158097535,23.4684548244301,191136920.97800872,1519113.0807853604,0.06736381322957198,5.1182204248341385
13-1041.06,Coroners,12729691.18371923,122570.12151153845,32.002642692307695,4.592499999999999,94.421,397770.0,3830.0,13,Business and Financial Operations Occupations,78420.0,37.7,64730.0,31.12,0.0,0.0,0.0,False,False,False,False,0.0,0.0,0.0,0.0,0.0,0.0,,
13-1041.07,Regulatory Affairs Specialists,7165845.826546154,68997.63560769231,18.015048461538463,3.799,84.16666666666667,397770.0,3830.0,13,Business and Financial Operations Occupations,78420.0,37.7,64730.0,31.12,22265.403704999997,1500.6943349999997,0.7852926923076922,False,False,False,False,0.3107156397716086,2.174993855633935,1235.9336003195274,11.90040900325261,96921912.93705733,770313.4747805415,0.06740027510316368,5.120990753549183
13-1041.08,Customs Brokers,26179455.607176926,252073.59774615386,65.81556076923077,3.9743478260869565,95.0,397770.0,3830.0,13,Business and Financial Operations Occupations,78420.0,37.7,64730.0,31.12,549363.862434066,37027.541423076924,9.667765384615386,True,False,True,False,2.098454111029954,14.689178777209676,8347.020917443848,80.37079245244723,654573380.3459466,5202401.39544691,0.06740075923272242,5.1210275371229885
13-1051.00,Cost Estimators,1355131.3331846152,15432.18846153846,6.172875384615384,3.869285714285714,91.88214285714285,219530.0,2500.0,13,Business and Financial Operations Occupations,77070.0,37.05,79150.0,38.05,96063.62609230768,1093.9692307692308,0.4375876923076923,False,False,False,False,7.088879412636275,7.088879412636276,15562.216974560413,177.22198531590686,1199380062.229371,14027120.137754029,0.011387965198378355,0.8652437158954279
13-1071.00,Human Resources Specialists,23671072.81786154,269616.8889615385,25.80065923076923,4.067692307692308,75.9326923076923,917460.0,10450.0,13,Business and Financial Operations Occupations,72910.0,35.05,67620.0,32.51,6864962.906630769,78192.90473076924,7.482574615384616,False,False,False,False,29.00148615761368,29.00148615761368,266077.0349016425,3030.65530347063,19399676614.678753,204932911.620684,0.011390142349530225,0.8654091331863921
13-1074.00,Farm Labor Contractors,4117.635834615385,50.215071153846154,10.04301423076923,4.227142857142857,88.15142857142857,410.0,5.0,13,Business and Financial Operations Occupations,48690.0,23.41,48690.0,23.41,0.0,0.0,0.0,False,False,False,False,0.0,0.0,0.0,0.0,0.0,0.0,,
13-1075.00,Labor Relations Specialists,468818.8635692307,1524.2601230769228,7.2583815384615376,3.6592857142857143,76.82785714285714,64590.0,210.0,13,Business and Financial Operations Occupations,93500.0,44.95,91730.0,44.1,2832.023076923074,9.207692307692298,0.0438461538461538,False,False,False,False,0.6040761788811572,0.6040761788811572,390.1728039393394,1.2685599756504302,36481157.16832823,116365.00656641397,0.003251277287505806,0.2470280855835881
13-1081.00,Logisticians,4886196.8722,82321.34435,20.735855,3.804090909090909,93.18045454545454,235640.0,3970.0,13,Business and Financial Operations Occupations,80880.0,38.89,84000.0,40.38,71453.05440923075,3610.5076973076916,3.57122423076923,False,False,False,False,1.4623449745908246,4.3858706703782,3445.869698125819,58.055095491255734,278701941.18441623,4876628.021265482,0.050529788084766096,3.8391917119747907
13-1081.01,Logistics Engineers,2383244.833846153,40152.27461538461,10.113923076923076,3.566333333333333,84.307,235640.0,3970.0,13,Business and Financial Operations Occupations,80880.0,38.89,84000.0,40.38,42338.66286461538,2140.408592307692,1.1507573076923074,False,False,False,False,1.7765133595732148,5.330728116428005,4186.176080498323,70.52758037505663,338577921.3907044,5924316.7515047565,0.05055446836268754,3.8410668894104507
13-1081.02,Logistics Analysts,10086125.83733846,169928.36349615385,42.80311423076923,3.7638709677419353,78.88516129032259,235640.0,3970.0,13,Business and Financial Operations Occupations,80880.0,38.89,84000.0,40.38,90847.60737461539,4591.047983846153,4.177477692307692,False,False,False,False,0.9007185597298514,2.7017549568468993,2122.453214147422,35.7585268212751,171664015.9602435,3003716.252987108,0.05053570607440106,3.839641353614293
13-1111.00,Management Analysts,4840301.409461538,39907.172376923074,5.4148130769230765,3.950909090909091,93.01,893900.0,7370.0,13,Business and Financial Operations Occupations,101190.0,48.65,101190.0,48.65,963274.2037692306,7941.9743615384605,1.0776084615384613,False,False,False,False,19.90112024607142,19.901120246071425,177896.11387963244,1466.7125621354637,18001307763.480007,148416644.16248757,0.008244770108513256,0.6264275839558592
13-1121.00,"Meeting, Convention, and Event Planners",3809366.884823077,54593.28794615385,28.28667769230769,3.958571428571428,76.91809523809523,134670.0,1930.0,13,Business and Financial Operations Occupations,59440.0,28.58,49400.0,23.75,591744.1754884615,8480.480126923077,4.394031153846154,False,False,False,False,15.533924491390769,15.533924491390769,20919.536112555947,299.8047426838418,1243457226.5303254,14810354.288581787,0.014331328432464544,1.0888768669919358
13-1131.00,Fundraisers,2346779.698026923,14621.68036153846,22.15406115384615,3.7889285714285714,85.91,105930.0,660.0,13,Business and Financial Operations Occupations,66490.0,31.97,60610.0,29.140000000000004,261724.02147692305,1630.6792615384613,2.4707261538461536,False,False,False,False,11.15247510011144,11.152475100111442,11813.81687354805,73.60633566073551,785500683.9222099,4461280.004397179,0.006230529595015576,0.4733880447365066
13-1141.00,"Compensation, Benefits, and Job Analysis Specialists",906916.3433730769,9479.344411538461,8.859200384615384,3.433636363636364,56.49409090909091,102370.0,1070.0,13,Business and Financial Operations Occupations,77020.0,37.03,68030.0,32.71,39520.332230769214,413.0776153846152,0.386053846153846,False,False,False,False,4.357660165631374,4.357660165631374,4460.936711556837,46.62696377225569,343581345.5241076,3172032.345426555,0.010452280941682135,0.794151566502139
13-1151.00,Training and Development Specialists,3766936.234680769,58668.299846153845,8.627691153846154,3.8549999999999995,90.17699999999999,436610.0,6800.0,13,Business and Financial Operations Occupations,65850.0,31.660000000000004,60510.0,29.09,312082.11092307686,4860.535384615385,0.7147846153846154,False,False,False,False,8.28477286262119,8.284772862621193,36172.14679549038,563.364554658241,2381935866.4830413,34089189.20237016,0.015574540207507849,1.1833345824086106
13-1161.00,Market Research Analysts and Marketing Specialists,7355767.129092307,113692.61733076922,8.541894615384615,3.986923076923077,95.22538461538463,861140.0,13310.0,13,Business and Financial Operations Occupations,76950.0,37.0,64900.0,31.2,2955194.3416692307,91352.47854615384,6.863446923076923,False,False,False,False,40.17520252892914,80.35040505785827,345964.7390576204,5347.319456600469,26621986670.48389,347041032.7333704,0.0309125113222008,2.348694933480237
13-1161.01,Search Marketing Strategists,17069857.230299998,263836.07745,19.822394999999997,3.516111111111111,88.40555555555555,861140.0,13310.0,13,Business and Financial Operations Occupations,76950.0,37.0,64900.0,31.200000000000003,3145219.4558076924,97226.63203846152,7.304780769230769,True,False,True,False,18.425575641164375,36.85115128232874,158670.0020763229,2452.4441178389784,12209656659.773048,159163623.2477497,0.030912511322200797,2.348694933480237
13-1199.04,Business Continuity Planners,4376459.1996153835,35998.52984615384,3.8791519230769222,4.022380952380952,89.60904761904762,1128200.0,9280.0,13,Business and Financial Operations Occupations,81270.0,39.07,79790.0,38.36,282796.6731346153,9304.567015384613,1.0026473076923075,False,False,False,False,6.461768754966762,25.84707501986705,72901.67509353501,599.6521404609156,5924719134.85159,47846244.287376456,0.03290196773621699,2.4998514070283373
13-1199.05,Sustainability Specialists,5708399.101923076,46954.39076923076,5.059740384615385,3.834285714285714,98.75714285714285,1128200.0,9280.0,13,Business and Financial Operations Occupations,81270.0,39.07,79790.0,38.36,280437.4333653846,9226.943384615384,0.9942826923076922,False,False,False,False,4.912715953425704,19.650863813702816,55425.261386548795,455.90004047790535,4504410992.884821,36376264.22973207,0.03290196773621699,2.4998514070283373
13-1199.06,Online Merchants,73865434.46346153,607579.5353846154,65.47193269230769,3.9535294117647055,73.16647058823528,1128200.0,9280.0,13,Business and Financial Operations Occupations,81270.0,39.07,79790.0,38.36,3330095.5731923077,109566.69710769231,11.806756153846154,False,False,False,False,4.508327335216015,18.033309340864058,50862.948995907085,418.3727767080462,4133631864.897369,33381963.853535008,0.03290196773621698,2.4998514070283364
13-2011.00,Accountants and Auditors,14161886.521499999,161733.90899999999,9.77835,4.1476,82.08879999999999,1448290.0,16540.0,13,Business and Financial Operations Occupations,81680.0,39.27,75100.0,36.11,1284498.5938557694,29339.136324358973,3.0856220512820514,True,True,True,True,9.070109352350027,18.140374214512416,131361.48673915022,1500.1960868786946,10729606236.85379,112664726.12458996,0.02284092521758987,1.7354256590607855
13-2023.00,Appraisers and Assessors of Real Estate,1099536.0570403845,12099.177875,37.22823961538462,4.167241379310345,86.71344827586208,29535.0,325.0,13,Business and Financial Operations Occupations,65420.0,31.45,65420.0,31.45,50140.43624153847,551.67816,3.431216923076923,True,True,True,True,4.560144792022666,4.5596334370776415,1346.8387643238946,14.820470574073665,88110191.96206918,969555.1849558991,0.011002659756337869,0.83596867802709
13-2031.00,Budget Analysts,651969.1173,5252.242200000001,13.82169,3.9676923076923076,87.18692307692308,47170.0,380.0,13,Business and Financial Operations Occupations,87930.0,42.27,80420.0,38.66,93610.11681923077,754.1200846153846,1.9845265384615383,False,False,False,False,14.358059965615915,14.358059965615913,6772.696885781027,54.56062786934048,595523237.1667258,4387765.693252361,0.008055967776128896,0.6120826128573148
13-2041.00,Credit Analysts,1596081.7668038462,20374.503776923077,23.69128346153846,4.0627272727272725,80.45454545454545,67370.0,860.0,13,Business and Financial Operations Occupations,80970.0,38.93,72500.0,34.86,0.0,0.0,0.0,False,False,False,False,0.0,0.0,0.0,0.0,0.0,0.0,,
13-2052.00,Personal Financial Advisors,2334375.1432615384,22611.885815384616,8.630490769230768,3.8352380952380956,90.05047619047619,270480.0,2620.0,13,Business and Financial Operations Occupations,102140.0,49.11,67210.0,32.31,1007853.2132307691,9762.553307692307,3.7261653846153844,False,False,False,False,43.17443218756256,43.17443218756256,116778.20418091922,1131.1701233141391,11927725775.03909,76025943.98794329,0.009686483288967762,0.7359671942182358
13-2053.00,Insurance Underwriters,2530888.469030769,10797.706323076922,23.473274615384614,4.197142857142857,95.71428571428571,107820.0,460.0,13,Business and Financial Operations Occupations,79880.0,38.4,63410.0,30.49,328401.7376498739,1401.0832806431274,3.045833218789407,False,False,False,False,12.975749096349507,12.97574909634951,13990.452675684039,59.68844584320773,1117557359.733641,3784844.350917802,0.004266369875718791,0.3241535832210748
13-2061.00,Financial Examiners,286857.8562692307,2739.371538461538,4.56561923076923,3.918823529411765,89.76941176470588,62830.0,600.0,13,Business and Financial Operations Occupations,90400.0,43.46,80030.0,38.48,25816.62951153846,246.53792307692305,0.4108965384615384,False,False,False,False,8.999798662410779,8.999798662410779,5654.573499592693,53.99879197446467,511173444.36317945,4321523.321716408,0.009549578226961642,0.7255653144696098
13-2071.00,Credit Counselors,2370648.4061884615,22770.368896153846,84.33469961538462,4.326086956521739,92.8395652173913,28110.0,270.0,13,Business and Financial Operations Occupations,50480.0,24.270000000000003,49250.0,23.68,778238.6095796704,7475.0773598901105,27.685471703296706,False,False,False,False,32.82809072606957,32.82809072606957,9227.976303098156,88.63584496038784,465828243.7803949,4365315.364299101,0.0096051227321238,0.7297855182730884
13-2072.00,Loan Officers,5378415.729188462,103484.47295,18.512428076923076,3.988235294117647,82.49,290530.0,5590.0,13,Business and Financial Operations Occupations,74180.0,35.66,60870.0,29.27,551411.7899433479,21219.09548606557,3.795902591424968,True,True,True,True,10.252308815602644,20.504617631205292,29786.032801970363,573.1040627921878,2209527913.2501616,34884844.30216047,0.038481396069252743,2.923769571454721
13-2081.00,"Tax Examiners and Collectors, and Revenue Agents",3186899.0175423077,189916.0819346154,59.534821923076926,4.215714285714286,54.46619047619048,53530.0,3190.0,13,Business and Financial Operations Occupations,59740.0,28.72,48530.0,23.33,0.0,0.0,0.0,False,False,False,False,0.0,0.0,0.0,0.0,0.0,0.0,,
13-2082.00,Tax Preparers,3289218.747742308,65721.78278076922,44.708695769230765,4.453333333333333,100.0,73570.0,1470.0,13,Business and Financial Operations Occupations,50560.0,24.31,58660.0,28.2,436483.3681115384,8721.361303846154,5.932898846153845,False,False,False,False,13.270122834218215,13.270122834218217,9762.82936913434,195.07080566300777,493608652.90343225,11442853.460192036,0.019980970504281638,1.518129785713031
13-2099.01,Financial Quantitative Analysts,1005153.9346538461,16640.83799230769,7.886653076923077,3.2952380952380955,88.80952380952381,127450.0,2110.0,13,Business and Financial Operations Occupations,80190.0,38.55,77940.0,37.47,312453.08669230767,10345.64163076923,4.903147692307692,False,False,False,False,31.08509810488977,62.17019620977955,39617.95753468201,655.8955700131742,3176964014.7061505,51120500.726826794,0.03311102393095332,2.515735241902576
13-2099.04,"Fraud Examiners, Investigators and Analysts",2120057.172134615,35098.63188076923,16.63442269230769,4.211304347826087,87.55782608695652,127450.0,2110.0,13,Business and Financial Operations Occupations,80190.0,38.55,77940.0,37.47,28088.87706730769,930.0514807692307,0.4407826923076923,False,False,False,False,1.3249113012846694,2.6498226025693383,1688.5994534873112,27.955628457106524,135408790.17514747,2178861.6819468825,0.03311102393095332,2.515735241902576
15-1211.00,Computer Systems Analysts,11835830.269384615,66811.3359923077,23.776276153846155,3.494090909090909,81.31,497800.0,2810.0,15,Computer and Mathematical Occupations,103790.0,49.9,93330.0,44.87,2047370.2427400001,23112.647025000002,9.117415,True,False,True,False,17.298070318191964,34.593900393880865,86109.7940439596,486.07577594119425,8937335523.822567,45365452.168591656,0.011288943515203334,0.857720169097377
15-1211.01,Health Informatics Specialists,7412360.131769231,41841.56683461538,14.890237307692306,3.9811764705882355,97.75941176470589,497800.0,2810.0,15,Computer and Mathematical Occupations,103790.0,49.9,93330.0,44.87,141907.61675658118,1603.0477574786323,5.829264572649572,True,True,True,True,1.9144727756597781,3.831232620458268,9530.245477234375,53.796684996039765,989144178.0821558,5020844.610680391,0.0112964180085442,0.8582880719913556
15-1212.00,Information Security Analysts,2389953.011873077,22909.876723076923,13.31969576923077,4.047272727272728,89.25272727272727,179430.0,1720.0,15,Computer and Mathematical Occupations,124910.0,60.05,97180.0,46.72,1009188.3003692308,9673.989169230768,5.624412307692308,True,False,True,False,42.22628207984307,42.22628207984307,75766.6179358624,726.2920517733007,9464008246.368574,70581061.59132937,0.00958591094019952,0.7283258297383939
15-1221.00,Computer and Information Research Scientists,769683.2944,17401.883215384616,20.002164615384615,3.4686666666666666,78.06266666666667,38480.0,870.0,15,Computer and Mathematical Occupations,140910.0,67.74,94830.0,45.59,399317.8824,9028.236946153846,10.377283846153846,True,False,True,False,51.88080413142977,51.88080413142977,19963.733429774176,451.36299594343905,2813089677.589479,42802752.90531632,0.022609147609147607,1.7178154788664786
15-1231.00,Computer Network Support Specialists,4510489.3294230765,30798.834615384614,30.798834615384614,3.7973076923076925,86.64307692307692,146450.0,1000.0,15,Computer and Mathematical Occupations,73340.0,35.26,69280.0,33.31,984234.179403846,6720.615769230769,6.720615769230768,True,False,True,False,21.821006713915374,21.821006713915374,31956.864332529065,218.21006713915372,2343716430.1476817,15117593.45140057,0.006828269033799932,0.5188035587586843
15-1232.00,Computer User Support Specialists,17634547.81498846,271899.98567307694,25.29302192307692,3.469375,88.588125,697210.0,10750.0,15,Computer and Mathematical Occupations,60340.0,29.01,57560.0,27.67,8950313.50851154,138001.2768269231,12.837328076923077,True,False,True,False,50.75442592808778,50.75442592808778,353864.9330132208,5456.100787269435,21352210058.017742,314053161.3152287,0.015418596979389281,1.1714862060028544
15-1241.00,Computer Network Architects,2869741.87815,27398.81235,16.212315,3.597272727272727,93.48484848484848,177010.0,1690.0,15,Computer and Mathematical Occupations,130390.0,62.69,128990.0,62.01,147815.50682538463,2823.2907646153844,2.7517453846153845,True,False,True,False,5.150829346389682,10.30442753704025,9117.483026044378,87.04901595398563,1188828611.7659264,11228452.567904606,0.019100098665227022,1.4512022170056917
15-1241.01,Telecommunications Engineering Specialists,1917793.1272346152,18310.09765,10.834377307692307,3.866153846153846,86.05346153846153,177010.0,1690.0,15,Computer and Mathematical Occupations,130390.0,62.690000000000005,128990.0,62.01,59150.357520000005,1129.0053292307691,1.7003092307692307,True,False,True,False,3.0842929135580217,6.1660257133078105,5459.506886289055,52.12455023913057,711865102.9032298,6723545.735345452,0.019087041508566167,1.4502101501569211
15-1242.00,Database Administrators,627585.7130153846,6860.734769230769,8.575918461538462,3.373333333333333,89.315,73180.0,800.0,15,Computer and Mathematical Occupations,104620.0,50.3,97890.0,47.06,119062.20729374999,1796.5490812499997,2.5126560576923076,True,False,True,False,18.971465542401745,26.185957359949512,13883.318483929597,151.77172433921396,1452472779.7887144,14856934.095565654,0.015089163237311385,1.1464562318001403
15-1243.00,Database Architects,973730.0834653846,9471.205073076922,15.033658846153845,3.7864,97.5244,64770.0,630.0,15,Computer and Mathematical Occupations,135980.0,65.37,127770.0,61.43,300849.8102661276,7101.143331949301,10.932646931818182,True,True,True,True,30.896632996635002,74.97613320753854,20011.74919192049,194.6487878788005,2721197655.117348,24870275.627274342,0.023603615789778053,1.79337395915328
15-1243.01,Data Warehousing Specialists,435725.875776923,4238.185915384615,6.727279230769231,3.839444444444444,97.10055555555556,64770.0,630.0,15,Computer and Mathematical Occupations,135980.0,65.37,127770.0,61.43,90734.83982692307,2647.658596153846,4.202632692307692,True,False,True,False,20.823835551454888,62.47150665436466,13487.598286677332,131.19016397416578,1834043615.0223837,16762167.250979163,0.029180176007410838,2.217074207667062
15-1244.00,Network and Computer Systems Administrators,6655998.797942308,51815.54138461538,20.893363461538463,3.5725000000000002,86.69800000000001,318570.0,2480.0,15,Computer and Mathematical Occupations,96800.0,46.54,88330.0,42.47,2501045.529553846,19470.109907692306,7.850850769230769,True,False,True,False,37.575811016177475,37.575811016177475,119705.26115423659,931.8801132012014,11587469279.730103,82312970.39906213,0.00778478827259315,0.5914787246976145
15-1251.00,Computer Programmers,3363296.492,36733.92,30.6116,3.621176470588235,81.01176470588236,109870.0,1200.0,15,Computer and Mathematical Occupations,98670.0,47.44,88410.0,42.51,1923651.7111923078,21010.12153846154,17.508434615384616,True,False,True,False,57.19542466053592,57.195424660535934,62840.61307453082,686.3450959264311,6200483292.063956,60679769.93085577,0.010921998725766815,0.8298401512355618
15-1253.00,Software Quality Assurance Analysts and Testers,7881601.509,169624.0565,39.447455,3.9307407407407404,95.53407407407407,199800.0,4300.0,15,Computer and Mathematical Occupations,102610.0,49.32999999999999,107170.0,51.52000000000001,4573775.836575599,198458.06715437063,23.06336741508492,True,True,True,True,58.03104649927817,116.99877437748378,115946.03090555778,2495.3349994689615,11897222231.219284,267425051.8930886,0.0433904227590998,3.2967514361304175
15-1254.00,Web Developers,1719424.8592615386,38592.21406153846,21.80351076923077,3.631111111111111,93.20962962962962,78860.0,1770.0,15,Computer and Mathematical Occupations,90930.0,43.72,80350.0,38.63,557148.5885661539,12048.917900769231,8.28104323076923,True,False,True,False,32.40319491515547,31.221110770053873,25553.1595100916,573.5365499982518,2323548794.252629,46083661.79235953,0.021626040428061828,1.6431201934780697
15-1255.01,Video Game Designers,1931472.4379230768,19765.51686923077,17.33817269230769,3.93625,97.08333333333333,111400.0,1140.0,15,Computer and Mathematical Occupations,98090.0,47.16,99300.0,47.74,166382.3269230769,3405.3115384615385,2.987115384615384,True,False,True,False,8.614273942318782,17.228547884637564,9596.301171743124,98.20272294243412,941301181.936283,9751530.388183707,0.020466786355475764,1.5550414819647866
15-1299.01,Web Administrators,11516474.26523077,130267.37015384616,26.21073846153846,3.898285714285714,91.24799999999999,439380.0,4970.0,15,Computer and Mathematical Occupations,108970.0,52.39,95640.0,45.98,662121.6630923077,52426.62993076923,10.548617692307692,True,False,True,False,5.749343486932544,40.245404408527804,25261.46541288421,285.7423713005474,2752741886.041992,27328400.391184352,0.07917975328872502,6.015981149026997
15-1299.02,Geographic Information Systems Technologists and Technicians,16014978.181246154,181151.71733076923,36.44903769230769,3.832692307692308,93.44500000000001,439380.0,4970.0,15,Computer and Mathematical Occupations,108970.0,52.39,95640.0,45.98,782579.416228022,61964.445105769235,12.467695192307694,True,True,True,True,4.886546877375315,34.20582814162721,21470.509669811654,242.86137980555316,2339641438.719376,23227262.364603102,0.07917975328872504,6.015981149026998
15-1299.03,Document Management Specialists,8183849.46293077,92570.74020384616,18.62590346153846,3.8330434782608696,88.08434782608695,439380.0,4970.0,15,Computer and Mathematical Occupations,108970.0,52.39,95640.0,45.98,237749.6285208791,18824.95693076923,3.7877176923076923,True,False,True,False,2.905107548688183,20.335752840817282,12764.461547426139,144.3838451698027,1390943374.8230264,13808870.95203993,0.07917975328872502,6.015981149026997
15-1299.08,Computer Systems Engineers/Architects,9242391.084507693,104544.32083846153,21.035074615384612,3.7175000000000002,93.28964285714287,439380.0,4970.0,15,Computer and Mathematical Occupations,108970.0,52.39,95640.0,45.98,429978.26837410714,34045.573209375,6.8502159375,True,False,True,False,4.652240577601683,32.56568404321178,20441.014649866276,231.21635670680362,2227457366.395928,22113532.355438698,0.07917975328872502,6.015981149026997
15-1299.09,Information Technology Project Managers,10682897.400553845,120838.45436923076,24.313572307692304,4.055238095238095,98.39047619047618,439380.0,4970.0,15,Computer and Mathematical Occupations,108970.0,52.39,95640.0,45.98,133886.52166153846,10601.101753846153,2.1330184615384615,True,False,True,False,1.2532791118502855,8.772953782951996,5506.657761647784,62.28797185895919,600060496.286759,5957221.628590857,0.07917975328872502,6.015981149026997
15-2011.00,Actuaries,281908.5639,3183.1595076923077,9.947373461538461,3.5493333333333337,84.62933333333334,28340.0,320.0,15,Computer and Mathematical Occupations,125770.0,60.47,128860.0,61.95,58274.615499999985,658.0055384615383,2.0562673076923073,False,False,False,False,20.67145981442105,20.671459814421052,5858.291711406925,66.14867140614734,736797348.543649,8523917.797396146,0.011291460832745237,0.8579114318160543
15-2021.00,Mathematicians,25071.91239230769,271.0477015384615,11.29365423076923,3.8927272727272726,89.77181818181818,2220.0,24.0,15,Computer and Mathematical Occupations,121680.0,58.5,121680.0,58.5,13419.130684615384,145.07168307692308,6.044653461538461,False,False,False,False,53.522565309906334,53.52256530990635,1188.2009498799207,12.84541567437752,144580291.58138874,1563030.1792582567,0.010810810810810811,0.8213922289752358
15-2031.00,Operations Research Analysts,1050814.1382461537,10629.05911923077,9.751430384615384,4.143529411764706,98.04,107760.0,1090.0,15,Computer and Mathematical Occupations,91290.0,43.89,82230.0,39.54,370067.7911423077,3743.2618072115383,3.434185144230769,False,False,False,False,35.217245150504354,35.217245150504354,37950.10337418349,383.86797214049744,3464464937.029211,31565463.349113103,0.010115070527097253,0.7685307302007066
15-2041.00,Statisticians,757381.4071538461,8336.278575384615,25.41548346153846,4.084210526315789,94.98842105263158,29800.0,328.0,15,Computer and Mathematical Occupations,103300.0,49.66,88060.0,42.34,218443.3303290598,2404.342696239316,14.660626196581195,False,False,False,False,28.841918783027058,28.841918783027058,8594.891797342063,94.60149360832875,887852322.6654351,8330607.52714943,0.011006711409395973,0.8362765176882098
15-2041.01,Biostatisticians,211187.32769230765,2324.477969230769,7.086823076923076,3.9812,90.66680000000001,29800.0,328.0,15,Computer and Mathematical Occupations,103300.0,49.66,88060.0,42.34,35514.49384615384,390.8977846153846,2.3835230769230766,False,False,False,False,16.816583757287358,16.81658375728736,5011.341959671632,55.15839472390253,517671624.4340796,4857248.239386857,0.011006711409395974,0.83627651768821
15-2051.01,Business Intelligence Analysts,4104048.035384615,84914.9760576923,17.580740384615385,3.732941176470588,96.21823529411765,233440.0,4830.0,15,Computer and Mathematical Occupations,112590.0,54.13,116420.0,55.97,1229575.6944643357,50881.17378566434,10.53440451048951,True,False,True,False,29.960070736577155,59.92014147315431,69938.78912746572,1447.0714165766767,7874408267.861365,168468054.3178567,0.04138108293351611,3.1440842452057147
15-2051.02,Clinical Data Managers,2772919.0152615383,57373.19586923077,11.87850846153846,3.7285714285714286,93.0952380952381,233440.0,4830.0,15,Computer and Mathematical Occupations,112590.0,54.13,116420.0,55.96999999999999,513239.7025538461,21238.414696153843,4.397187307692308,True,False,True,False,18.509004400384118,37.018008800768236,43207.41987225669,893.9849125385529,4864723403.41738,104077723.51773833,0.041381082933516104,3.144084245205714
15-2099.01,Bioinformatics Technicians,85406.93682307692,934.7111111538461,18.327668846153845,3.6231578947368424,73.98315789473685,4660.0,51.0,15,Computer and Mathematical Occupations,71490.0,34.37,71490.0,34.37,35375.69874532967,394.7502864285714,15.182703324175824,True,False,True,False,41.42017037633783,42.23233057979544,1930.1799395373428,21.124286891932293,137988563.87752464,1510175.2699042396,0.011158798283261804,0.8478318929980438
17-1011.00,"Architects, Except Landscape and Naval",2800991.1880692304,32763.078499999996,25.202368076923076,3.73375,94.04791666666667,111140.0,1300.0,17,Architecture and Engineering Occupations,96690.0,46.49,81710.0,39.29,645127.9270786324,7546.034777777777,5.804642136752136,False,False,False,False,23.03212983412953,23.03212983412953,25597.909097651558,299.4176878436839,2475061830.6519294,24465419.273707412,0.011696958790714414,0.8887206724336162
17-1012.00,Landscape Architects,263769.7183,1751.28005,13.471385000000001,3.8063157894736848,98.12105263157895,19580.0,130.0,17,Architecture and Engineering Occupations,79660.0,38.3,82180.0,39.51,101565.73371153846,674.338375,5.187218269230769,False,False,False,False,38.505456337494394,38.505456337494394,7539.368350881402,50.05709323874271,600586082.8312125,4113691.922359876,0.006639427987742595,0.5044556462424521
17-1021.00,Cartographers and Photogrammetrists,505202.9437615385,7899.967846153846,39.49983923076923,4.03,77.66071428571429,12790.0,200.0,17,Architecture and Engineering Occupations,78380.0,37.68,65250.0,31.37,13260.371926923075,207.3553076923077,1.0367765384615384,False,False,False,False,2.6247614133424606,2.6247614133424615,335.7069847665007,5.249522826684921,26312713.46599832,342531.36444119114,0.015637216575449572,1.188096656453625
17-1022.00,Surveyors,1303777.602076923,16211.251269230768,24.562501923076923,4.0216666666666665,87.76333333333334,53080.0,660.0,17,Architecture and Engineering Occupations,72740.0,34.97,64260.0,30.899999999999995,34538.36525076923,858.5353823076923,1.3869715384615384,False,False,False,False,2.6490994473098386,5.295922986137456,1406.1419866320625,17.484056352244934,102282768.10761623,1123525.4611952596,0.024857441169383983,1.8886380833085519
17-1022.01,Geodetic Surveyors,615536.5241076923,7653.619176923077,11.596392692307692,4.13875,94.44624999999999,53080.0,660.0,17,Architecture and Engineering Occupations,72740.0,34.97,64260.0,30.9,0.0,0.0,0.0,False,False,False,False,0.0,0.0,0.0,0.0,0.0,0.0,,
17-2011.00,Aerospace Engineers,756699.2263076924,11056.388461538461,11.05638846153846,3.5485714285714285,72.725,68440.0,1000.0,17,Architecture and Engineering Occupations,134830.0,64.82,130670.0,62.82,25050.25086153846,366.0176923076923,0.3660176923076923,False,False,False,False,3.310463390291933,3.310463390291934,2265.681144315799,33.10463390291933,305481788.6880992,4325782.512094469,0.014611338398597311,1.110151682937015
17-2021.00,Agricultural Engineers,15541.845415384614,175.77087076923075,9.251098461538461,3.612142857142857,84.47357142857143,1680.0,19.0,17,Architecture and Engineering Occupations,84630.0,40.69,84630.0,40.69,2928.0493846153845,33.11484423076923,1.7428865384615384,False,False,False,False,18.839779359257797,18.839779359257797,316.50829323553097,3.5795580782589815,26786096.856522985,302938.0001630576,0.01130952380952381,0.8592838347761766
17-2031.00,Bioengineers and Biomedical Engineers,305259.06831538456,5585.710307692307,13.964275769230769,3.496666666666667,82.75366666666667,21860.0,400.0,17,Architecture and Engineering Occupations,106950.0,51.42,86140.0,41.41,18526.469809615384,678.0043846153847,1.6950109615384616,True,True,True,True,6.069097279191847,12.138194558383693,1326.7046652313377,24.276389116767387,141891063.94649157,2091168.1585183428,0.036596523330283626,2.7805592380680446
17-2041.00,Chemical Engineers,240688.33219615382,2651.9521107692303,11.839071923076922,4.043846153846154,96.15153846153846,20330.0,224.0,17,Architecture and Engineering Occupations,121860.0,58.59,80820.0,38.85,12393.081988461538,136.54945230769232,0.6095957692307692,False,False,False,False,5.149016520818112,5.149016520818113,1046.7950586823222,11.533797006632572,127562445.85102779,932161.4740760444,0.011018199704869653,0.8371493843761382
17-2051.00,Civil Engineers,4120917.3000346157,53452.150342307694,11.59482653846154,3.59125,73.5125,355410.0,4610.0,17,Architecture and Engineering Occupations,99590.0,47.88,92000.0,44.23,0.0,0.0,0.0,False,False,False,False,0.0,0.0,0.0,0.0,0.0,0.0,,
17-2051.01,Transportation Engineers,4595191.987396154,59603.936473076916,12.929270384615384,3.661153846153846,89.85961538461538,355410.0,4610.0,17,Architecture and Engineering Occupations,99590.0,47.88,92000.0,44.23,277528.6256388462,10799.707291153845,3.0192080769230767,False,False,False,False,6.039543644750013,18.119117511696682,21465.142067806017,278.4229620229756,2137713498.5328012,25614912.506113753,0.03891384993635839,2.9566268891940757
17-2051.02,Water/Wastewater Engineers,2404722.513980769,31191.49936538461,6.7660519230769225,3.75,82.29035714285715,355410.0,4610.0,17,Architecture and Engineering Occupations,99590.0,47.88,92000.0,44.23,0.0,0.0,0.0,False,False,False,False,0.0,0.0,0.0,0.0,0.0,0.0,,
17-2061.00,Computer Hardware Engineers,641360.4632038461,3642.649573076923,8.471278076923078,3.6205555555555557,94.93,75710.0,430.0,17,Architecture and Engineering Occupations,155020.0,74.53,104080.0,50.04,66485.71199423076,377.61004038461533,0.8781628846153846,False,False,False,False,10.36635648884695,10.36635648884695,7848.368497706027,44.57533290204188,1216654084.5143883,4639400.648444518,0.00567956676793026,0.43152656065896183
17-2071.00,Electrical Engineers,3008797.784192308,30599.56430769231,15.937273076923079,3.6295454545454544,71.88409090909092,188790.0,1920.0,17,Architecture and Engineering Occupations,111910.0,53.8,107520.0,51.68999999999999,313667.6324451923,3190.0092923076922,1.661463173076923,False,False,False,False,10.425015402934243,10.425015402934243,19681.386579199556,200.16029573633747,2202543972.0782223,21521234.997571006,0.010170030192277133,0.7727064985751463
17-2072.00,"Electronics Engineers, Except Computer",1396058.9962846152,16495.90681153846,14.861177307692307,3.339,78.1875,93940.0,1110.0,17,Architecture and Engineering Occupations,127590.0,61.34000000000001,110390.0,53.07000000000001,91152.95043076924,2153.9567053846154,2.229768846153846,False,False,False,False,6.52930504178964,13.057522268966615,6133.629156257188,72.475285963865,782589744.0468546,8000546.817551058,0.023630136986301366,1.7953890073405623
17-2072.01,Radio Frequency Identification Device Specialists,1895338.4260461538,22395.418915384616,20.176053076923075,3.765238095238095,89.95380952380953,93940.0,1110.0,17,Architecture and Engineering Occupations,127590.0,61.34,110390.0,53.07,3015.449446153846,71.30126769230769,0.4951476923076923,False,False,False,False,0.1590982066693147,0.3183743423675233,149.45685534515422,1.765990094029393,19069200.173488226,194947.6464799047,0.023645320197044333,1.796542609187215
17-2081.00,Environmental Engineers,377388.5641730769,4276.075957692307,9.944362692307692,3.7551724137931037,91.9548275862069,37950.0,430.0,17,Architecture and Engineering Occupations,104170.0,50.08,99180.0,47.68,14709.741115384615,166.67163846153846,0.3876084615384615,False,False,False,False,3.897770762507386,3.897770762507386,1479.204004371553,16.76041427878176,154088681.13538468,1662297.8881695748,0.011330698287220027,0.8608926457836629
17-2111.00,"Health and Safety Engineers, Except Mining Safety Engineers and Inspectors",282958.5984923077,2924.6366769230767,12.185986153846153,3.8468,88.79,23220.0,240.0,17,Architecture and Engineering Occupations,109660.0,52.72,102980.0,49.51,0.0,0.0,0.0,False,False,False,False,0.0,0.0,0.0,0.0,0.0,0.0,,
17-2111.02,Fire-Prevention and Protection Engineers,326258.9419153846,3372.185446153846,14.05077269230769,3.87,91.15384615384616,23220.0,240.0,17,Architecture and Engineering Occupations,109660.0,52.72,102980.0,49.51,0.0,0.0,0.0,False,False,False,False,0.0,0.0,0.0,0.0,0.0,0.0,,
17-2112.00,Industrial Engineers,5602449.210957692,73263.90482307693,15.99648576923077,3.5355,79.7645,350230.0,4580.0,17,Architecture and Engineering Occupations,101140.0,48.63,100710.0,48.42,13792.371013076921,721.6859153846153,1.3616715384615383,False,False,False,False,0.2461846684143207,0.9850497555752668,862.2125641874753,11.275257813375887,87204178.74192126,1135531.2143850855,0.052325007404482184,3.9755902878379836
17-2112.01,Human Factors Engineers and Ergonomists,3511624.7390461536,45921.94073846153,10.026624615384614,4.014230769230769,92.11538461538461,350230.0,4580.0,17,Architecture and Engineering Occupations,101140.0,48.63,100710.0,48.42,19429.87165999999,1016.3116730769225,0.2509411538461537,False,False,False,False,0.5533014801939696,2.213128750078542,1937.8277740833398,25.34120779288381,195991901.07078898,2552113.0368213286,0.052306659089734975,3.97419620524678
17-2112.02,Validation Engineers,5973837.817592308,78120.59847692307,17.05689923076923,3.8566666666666665,94.88714285714286,350230.0,4580.0,17,Architecture and Engineering Occupations,101140.0,48.63,100710.0,48.42,36206.7774,1893.9216,0.41352,True,False,True,False,0.6060890587517281,2.424356235006913,2122.7057104661776,27.758878890829152,214690455.5565492,2795596.6930954037,0.052308482996887756,3.974334783489234
17-2112.03,Manufacturing Engineers,5687453.803665385,74375.52014615384,16.239196538461538,3.682916666666667,92.5,350230.0,4580.0,17,Architecture and Engineering Occupations,101140.0,48.63,100710.0,48.42,53660.75885769231,2806.9128923076923,0.612863076923077,True,False,True,False,0.9434935334878612,3.773974133951446,3304.3974023345363,43.21200383374405,334206753.272115,4351880.906096363,0.05230848299688776,3.9743347834892346
17-2121.00,Marine Engineers and Naval Architects,100139.02236923076,1103.427616153846,11.864813076923076,3.6910714285714286,84.02035714285715,8440.0,93.0,17,Architecture and Engineering Occupations,105670.0,50.8,105670.0,50.8,5307.286246153845,58.480760769230756,0.6288253846153845,True,True,True,True,5.299918174340585,5.299918174340585,447.3130939143455,4.928923902136744,47267574.63392889,520839.38873878977,0.011018957345971563,0.8372069490236334
17-2131.00,Materials Engineers,534227.7344884615,11496.336842307692,23.461911923076922,3.776666666666667,90.93095238095238,22770.0,490.0,17,Architecture and Engineering Occupations,108310.0,52.07,85720.0,41.21,0.0,0.0,0.0,False,False,False,False,0.0,0.0,0.0,0.0,0.0,0.0,,
17-2141.00,Mechanical Engineers,11712176.841138462,144584.69109230768,40.843133076923074,3.5475,66.93285714285715,286760.0,3540.0,17,Architecture and Engineering Occupations,102320.0,49.19,99050.0,47.62,142189.17334461535,5265.866840769229,5.384321923076922,False,False,False,False,1.2140285727686648,3.642063901085714,3481.348335271423,42.97661147601074,356211561.664972,4256833.366698864,0.037034232050893665,2.813815813171944
17-2141.01,Fuel Cell Engineers,5955371.4604,73517.9766,20.767789999999998,3.623076923076923,95.62884615384615,286760.0,3540.0,17,Architecture and Engineering Occupations,102320.0,49.190000000000005,99050.0,47.62,15417.819375,570.9735,1.534875,False,False,False,False,0.25888929813228545,0.7766447424234469,742.3909513241418,9.164681153882904,75961442.1394862,907761.6682921017,0.03703334992533599,2.813748790347224
17-2141.02,Automotive Engineers,3215837.9249384613,39698.93379230769,11.214388076923075,3.7004,89.714,286760.0,3540.0,17,Architecture and Engineering Occupations,102320.0,49.19,99050.0,47.62,72869.48631307691,2698.6873038461536,1.2322773076923075,False,False,False,False,2.2659564323183776,6.79788358540014,6497.85666531618,80.21485770407057,664860693.9951515,7945281.65558819,0.037034531741468535,2.813838583296554
17-2151.00,"Mining and Geological Engineers, Including Mining Safety Engineers",53346.31890769231,1733.5583692307694,7.879810769230769,3.7344444444444442,66.77833333333334,6770.0,220.0,17,Architecture and Engineering Occupations,101020.0,48.57,110960.0,53.35,0.0,0.0,0.0,False,False,False,False,0.0,0.0,0.0,0.0,0.0,0.0,,
17-2161.00,Nuclear Engineers,103004.7754153846,1132.0741938461538,6.988112307692307,3.8939999999999997,87.618,14740.0,162.0,17,Architecture and Engineering Occupations,127520.0,61.31,127520.0,61.31,5956.097625641025,65.46050307692306,0.4040771794871794,False,False,False,False,5.782350965401389,5.782350965401388,852.3185323001649,9.367408563950251,108687659.23891702,1194531.940074936,0.010990502035278153,0.8350449491990438
17-2171.00,Petroleum Engineers,286276.12407692306,5734.577076923077,15.090992307692307,3.744782608695652,68.10565217391304,18970.0,380.0,17,Architecture and Engineering Occupations,141280.0,67.92,166580.0,80.09,0.0,0.0,0.0,False,False,False,False,0.0,0.0,0.0,0.0,0.0,0.0,,
17-2199.03,"Energy Engineers, Except Wind and Solar",1233751.7994230767,12439.819138461537,8.184091538461537,3.7304761904761907,91.77238095238096,150750.0,1520.0,17,Architecture and Engineering Occupations,117750.0,56.61,113290.0,54.46999999999999,50170.59292067307,3035.196069230769,1.996839519230769,False,True,True,False,4.066506159839742,24.39903695903845,6130.258035958411,61.81089362956408,721837883.7341028,7002556.139293314,0.060497512437810944,4.596527259459429
17-2199.05,Mechatronics Engineers,3568334.1369230766,35979.22313846154,23.67054153846154,3.6030434782608696,68.74826086956521,150750.0,1520.0,17,Architecture and Engineering Occupations,117750.0,56.61,113290.0,54.47,177970.91783653846,10766.797815384616,7.083419615384615,False,False,False,False,4.987507083347308,29.925042500083848,7518.666928146066,75.81010766687908,885323030.7891994,8588527.09758073,0.06049751243781095,4.596527259459429
17-2199.06,Microsystems Engineers,1062922.5951923076,10717.362153846152,7.050896153846153,3.5112,63.5576,150750.0,1520.0,17,Architecture and Engineering Occupations,117750.0,56.61,113290.0,54.47,55152.18491987179,3336.569993162393,2.1951118376068375,False,False,False,False,5.188730126664912,31.132380759989474,7822.010665947355,78.86869792530666,921041755.9153011,8935034.787957992,0.06049751243781095,4.596527259459429
17-2199.07,Photonics Engineers,1300952.7285576921,13117.400646153845,8.629868846153846,3.3123076923076926,82.44,150750.0,1520.0,17,Architecture and Engineering Occupations,117750.0,56.61,113290.0,54.47,46931.902893356644,2839.263379020979,1.8679364335664332,False,False,False,False,3.607502552793593,21.645015316761555,5438.310098336341,54.83403880246261,640361014.0791042,6212148.255930989,0.060497512437810944,4.596527259459429
17-2199.08,Robotics Engineers,2461721.8725,24821.3416,16.329829999999998,3.6304166666666666,81.25,150750.0,1520.0,17,Architecture and Engineering Occupations,117750.0,56.60999999999999,113290.0,54.47,163377.54475961538,9883.935046153845,6.502588846153846,False,False,False,False,6.636718249316176,39.82030949589705,10004.852760844135,100.87811738960586,1178071412.589397,11428481.919068448,0.06049751243781094,4.596527259459428
17-2199.09,Nanosystems Engineers,3266502.834807692,32935.88264615384,21.668343846153846,3.3731999999999998,84.7616,150750.0,1520.0,17,Architecture and Engineering Occupations,117750.0,56.61,113290.0,54.47,21375.354663461534,1293.1557846153844,0.8507603846153845,False,False,False,False,0.6543804106240723,3.9262824637444336,986.4784690157888,9.946582241485899,116157839.72660914,1126848.3021379374,0.06049751243781095,4.596527259459429
17-2199.10,Wind Energy Engineers,1588832.9299038462,16020.073323076924,10.539521923076924,3.3475,53.694375,150750.0,1520.0,17,Architecture and Engineering Occupations,117750.0,56.61,113290.0,54.47,0.0,0.0,0.0,False,False,False,False,0.0,0.0,0.0,0.0,0.0,0.0,,
17-2199.11,Solar Energy Systems Engineers,1638306.5287499998,16518.9116,10.867704999999999,3.7507692307692304,88.18769230769232,150750.0,1520.0,17,Architecture and Engineering Occupations,117750.0,56.61,113290.0,54.47,0.0,0.0,0.0,False,False,False,False,0.0,0.0,0.0,0.0,0.0,0.0,,
17-3011.00,Architectural and Civil Drafters,4427743.655865384,64668.09538461538,40.41755961538461,3.7256,83.39119999999998,109550.0,1600.0,17,Architecture and Engineering Occupations,64280.0,30.9,62350.0,29.97,109405.93670461541,3196.1792961538467,2.0554207692307696,True,True,True,True,2.4709184904976724,4.9424361072403284,2706.8912063402004,39.53469584796276,173998966.74354807,2464988.286120478,0.029213947546404148,2.2196401280383533
17-3012.00,Electrical and Electronics Drafters,1087911.0781,11411.654665384614,54.34121269230769,3.7340740740740737,70.83111111111111,20020.0,210.0,17,Architecture and Engineering Occupations,73720.0,35.44,64200.0,30.87,23366.77390987179,490.1227957692307,4.449060128205128,True,True,True,True,2.1478569692185756,4.294931893233135,430.00096523755883,4.510499635359008,31699671.157312836,289574.0765900483,0.02097520169706302,1.5936702599519061
17-3013.00,Mechanical Drafters,1513709.3038846154,23141.921688461538,37.93757653846154,3.8973333333333335,84.99600000000001,39900.0,610.0,17,Architecture and Engineering Occupations,68510.0,32.94,68520.0,32.94,0.0,0.0,0.0,False,False,False,False,0.0,0.0,0.0,0.0,0.0,0.0,,
17-3021.00,Aerospace Engineering and Operations Technologists and Technicians,115342.08293076923,3182.7285576923077,12.730914230769232,4.329090909090909,73.27454545454545,9060.0,250.0,17,Architecture and Engineering Occupations,79830.0,38.38,78610.0,37.79,0.0,0.0,0.0,False,False,False,False,0.0,0.0,0.0,0.0,0.0,0.0,,
17-3022.00,Civil Engineering Technologists and Technicians,796294.2348807693,11663.08955,12.816581923076923,3.8757142857142854,68.12214285714286,62130.0,910.0,17,Architecture and Engineering Occupations,64200.0,30.86,61770.0,29.7,205183.84707692306,3005.268,3.3024923076923076,False,True,True,False,25.767340524278147,25.767340524278147,16009.248667734013,234.48279877093114,1027793764.4685236,14484002.480080416,0.01464670851440528,1.1128390612263073
17-3023.00,Electrical and Electronic Engineering Technologists and Technicians,2698829.213319231,34641.42771923077,29.110443461538463,3.7119230769230773,84.31692307692308,92710.0,1190.0,17,Architecture and Engineering Occupations,77180.0,37.11,65830.0,31.65,233113.50333588844,11968.660043399395,12.264341404098085,True,True,True,True,8.637578924425057,34.550135001379104,8007.89942083447,102.78718920065818,618049677.3000044,6766480.665079327,0.05134262868570938,3.9009503501282503
17-3024.00,Electro-Mechanical and Mechatronics Technologists and Technicians,677929.0511692308,18472.18123076923,46.18045307692308,3.799615384615385,65.01615384615386,14680.0,400.0,17,Architecture and Engineering Occupations,70760.0,34.02,69770.0,33.54,8086.85798974359,661.7818769230769,2.4908057692307692,True,True,True,True,1.1928767436350616,3.582586531907464,175.11430596562704,4.771506974540246,12391088.29012777,332908.041613673,0.08183423991894039,6.217665807849921
17-3024.01,Robotics Technicians,182286.92949230768,4966.9463076923075,12.417365769230768,3.7240909090909096,76.03272727272727,14680.0,400.0,17,Architecture and Engineering Occupations,70760.0,34.02,69770.0,33.54,5595.625786153847,456.46455076923075,1.9675196153846155,False,False,False,False,3.069680202381146,9.19004399267019,450.62905370955224,12.278720809524584,31886511.840487916,856686.3508805302,0.08157524613220814,6.197987775600758
17-3025.00,Environmental Engineering Technologists and Technicians,254267.83173076922,1830.7283884615385,20.341426538461537,3.6915384615384617,65.345,12500.0,90.0,17,Architecture and Engineering Occupations,58890.0,28.31,50100.0,24.09,13969.149038461539,100.57787307692308,1.1175319230769232,False,True,True,False,5.493871931567314,5.4938719315673135,686.7339914459143,4.944484738410583,40441764.75624989,247718.68539437017,0.0072,0.547047224497507
17-3026.00,Industrial Engineering Technologists and Technicians,470368.53279230767,8457.791353846154,6.407417692307693,3.4514285714285715,70.76571428571428,73410.0,1320.0,17,Architecture and Engineering Occupations,64790.0,31.15,65330.0,31.41,56960.196619079616,6145.276627477326,4.6555125965737325,True,True,True,True,12.109695408606452,72.65817245163869,8889.727399457997,159.84797939360516,575965438.2108836,10442868.493784225,0.10788720882713525,8.197138631620454
17-3026.01,Nanotechnology Engineering Technologists and Technicians,1770427.3041576922,31834.410046153844,24.116977307692306,3.8286956521739133,88.91434782608695,73410.0,1320.0,17,Architecture and Engineering Occupations,64790.0,31.15,65330.0,31.41,27261.660422631845,2941.1844509909306,2.228170038629493,True,True,True,True,1.5398350645976957,9.239010387586175,1130.3929209211683,20.325822852689583,73238157.3464825,1327886.0069662104,0.10788720882713528,8.197138631620458
17-3027.00,Mechanical Engineering Technologists and Technicians,744793.5727884616,23467.461038461537,19.887678846153847,3.496923076923077,74.40038461538461,37450.0,1180.0,17,Architecture and Engineering Occupations,68730.0,33.04,60830.0,29.25,24770.36385615385,2341.621656923077,2.5054157692307695,True,True,True,True,3.325802579554375,9.978163607410796,1245.5130660431134,39.24447043874163,85604113.02914318,2387241.136788653,0.09453319581905673,7.182516999401988
17-3027.01,Automotive Engineering Technicians,851540.4766346153,26830.914884615384,22.73806346153846,3.7994444444444446,95.26888888888888,37450.0,1180.0,17,Architecture and Engineering Occupations,68730.0,33.04,60830.0,29.25,40795.217594999995,3855.241703076923,4.567821923076923,False,False,False,False,4.790754956972489,14.368655409836528,1794.1377313861972,56.53090849227537,123311086.27817333,3438775.163585111,0.09450229537565782,7.180169221374612
17-3029.01,Non-Destructive Testing Specialists,4593976.18928077,77743.1151423077,71.32395884615384,4.469375,90.218125,64410.0,1090.0,17,Architecture and Engineering Occupations,77390.0,37.21,64680.0,31.09,455236.378673077,15407.78303846154,14.13558076923077,False,False,False,False,9.909419638162046,19.818839276324095,6382.657188940174,108.01267405596629,493953839.85208005,6986259.757939899,0.03384567613724577,2.571553221128028
17-3029.08,Photonics Technicians,1672910.5500807692,28310.394342307693,25.972838846153845,3.6183333333333336,64.83666666666666,64410.0,1090.0,17,Architecture and Engineering Occupations,77390.0,37.21,64680.0,31.09,132926.69489423078,4498.993865384616,4.127517307692307,False,False,False,False,7.94583397706548,15.89166795413096,5117.911664627875,86.60959035001373,396075183.72555125,5601908.303838888,0.03384567613724577,2.571553221128028
17-3031.00,Surveying and Mapping Technicians,2410532.8086153846,19974.443230769233,42.49881538461538,3.895263157894737,82.2421052631579,56720.0,470.0,17,Architecture and Engineering Occupations,51940.0,24.97,48720.0,23.42,0.0,0.0,0.0,False,False,False,False,0.0,0.0,0.0,0.0,0.0,0.0,,
19-1011.00,Animal Scientists,25326.5193,276.8485915384615,10.253651538461538,4.017777777777777,87.92333333333333,2470.0,27.0,19,"Life, Physical, and Social Science Occupations",79120.0,38.04,79120.0,38.04,0.0,0.0,0.0,False,False,False,False,0.0,0.0,0.0,0.0,0.0,0.0,,
19-1012.00,Food Scientists and Technologists,103610.32528846154,937.32375,7.210182692307692,3.7707692307692304,86.95538461538462,14370.0,130.0,19,"Life, Physical, and Social Science Occupations",85310.0,41.02,69170.0,33.26,13065.937975384611,118.20263999999997,0.9092510769230768,False,False,False,False,12.610652402651695,12.610652402651695,1812.1507502610486,16.393848123447203,154594580.50477007,1133962.474698843,0.009046624913013222,0.6873515346852617
19-1013.00,Soil and Plant Scientists,219194.8979230769,924.3158346153846,13.204511923076922,3.3622222222222224,75.40518518518519,16600.0,70.0,19,"Life, Physical, and Social Science Occupations",71410.0,34.33,72550.0,34.88,27345.307692307695,115.31153846153846,1.6473076923076924,False,False,False,False,12.475339504436874,12.475339504436873,2070.9063577365214,8.732737653105811,147883423.005965,633560.1167328266,0.004216867469879517,0.32039245075991873
19-1021.00,Biochemists and Biophysicists,1057233.5910615386,11331.878003846154,30.626697307692307,3.8562499999999997,82.25875,34520.0,370.0,19,"Life, Physical, and Social Science Occupations",103650.0,49.830000000000005,78260.0,37.63,75337.93501538462,807.5039384615385,2.182443076923077,False,False,False,False,7.125949804502514,7.125949804502516,2459.877872514268,26.366014276659303,254966341.48610386,2063404.277291357,0.010718424101969872,0.8143727994402504
19-1022.00,Microbiologists,634060.628,4492.332384615384,32.08808846153846,3.9435714285714285,83.44142857142857,19760.0,140.0,19,"Life, Physical, and Social Science Occupations",87330.0,41.98,67780.0,32.59,117932.1336,835.5515538461539,5.968225384615385,False,False,False,False,18.599504273272743,18.599504273272746,3675.262044398694,26.03930598258184,320960634.3373379,1764944.159499397,0.00708502024291498,0.5383112026937906
19-1023.00,Zoologists and Wildlife Biologists,147778.64224615385,3056.8868076923077,8.733962307692307,3.525714285714286,76.48642857142856,16920.0,350.0,19,"Life, Physical, and Social Science Occupations",72860.0,35.03,69990.0,33.65,13069.88003076923,270.35803846153846,0.7724515384615385,False,False,False,False,8.844227983228336,8.844227983228336,1496.4433747622345,30.954797941299177,109030864.28517641,2166526.307911529,0.020685579196217493,1.5716650953352989
19-1029.01,Bioinformatics Scientists,762580.6844115384,6513.417334615385,12.771406538461537,3.5395000000000003,76.7255,59710.0,510.0,19,"Life, Physical, and Social Science Occupations",93330.0,44.87,89860.0,43.2,65583.31519923077,2240.003862923077,5.879275230769231,False,False,False,False,8.600180484487293,34.39060861367865,5135.167767287362,43.86092047088519,479265207.7209295,3941342.313513743,0.03415508740475123,2.595061912116517
19-1029.02,Molecular and Cellular Biologists,853749.5639076923,7292.116523076923,14.298267692307691,3.7681818181818185,94.05636363636363,59710.0,510.0,19,"Life, Physical, and Social Science Occupations",93330.0,44.87,89860.0,43.2,2125.479143333333,72.51944967948718,1.3185354487179486,False,False,False,False,0.24895815274034394,0.9944910980233137,148.65291300125938,1.269686578975754,13873776.370407538,114094.03598676126,0.034119106699751864,2.59232814200466
19-1029.03,Geneticists,684223.6188576923,5844.147473076923,11.459112692307691,3.7412500000000004,87.01375,59710.0,510.0,19,"Life, Physical, and Social Science Occupations",93330.0,44.87,89860.0,43.20000000000001,2652.4750153846153,90.87182923076922,1.2279976923076923,False,False,False,False,0.38766200731464195,1.5549201940813708,231.47298456757272,1.977076237304674,21603373.649691563,177660.070684198,0.03425925925925926,2.602976762655319
19-1029.04,Biologists,1823733.7371076923,15577.025723076924,30.543187692307693,3.6699999999999995,68.20904761904762,59710.0,510.0,19,"Life, Physical, and Social Science Occupations",93330.0,44.87,89860.0,43.2,0.0,0.0,0.0,False,False,False,False,0.0,0.0,0.0,0.0,0.0,0.0,,
19-1031.00,Conservation Scientists,240474.48579230768,2819.1616153846153,9.397205384615384,3.8676666666666666,83.61566666666666,25590.0,300.0,19,"Life, Physical, and Social Science Occupations",67950.0,32.67,77380.0,37.2,5549.2556,130.0568,0.4964,True,True,True,True,2.307627597878623,4.6133147986358525,590.5219022971397,6.9228827936358694,40125963.26109064,535692.6705715436,0.023436801145004026,1.7806995857603398
19-1031.02,Range Managers,156557.73027692307,1835.3778461538461,6.117926153846153,3.669375,84.485625,25590.0,300.0,19,"Life, Physical, and Social Science Occupations",67950.0,32.67,77380.0,37.2,0.0,0.0,0.0,False,False,False,False,0.0,0.0,0.0,0.0,0.0,0.0,,
19-1031.03,Park Naturalists,457363.82013461535,5361.82673076923,17.872755769230768,3.6119999999999997,86.2145,25590.0,300.0,19,"Life, Physical, and Social Science Occupations",67950.0,32.67,77380.0,37.2,0.0,0.0,0.0,False,False,False,False,0.0,0.0,0.0,0.0,0.0,0.0,,
19-1032.00,Foresters,68150.40444230768,282.48872307692307,7.062218076923076,3.2895999999999996,68.5616,9650.0,40.0,19,"Life, Physical, and Social Science Occupations",70660.0,33.97,68930.0,33.14,0.0,0.0,0.0,False,False,False,False,0.0,0.0,0.0,0.0,0.0,0.0,,
19-1041.00,Epidemiologists,159844.44583846154,2510.645746153846,13.948031923076925,3.8449999999999998,90.46124999999999,11460.0,180.0,19,"Life, Physical, and Social Science Occupations",83980.0,40.38,72160.0,34.69,1118.5577076923075,17.568969230769227,0.0976053846153846,False,False,False,False,0.6997789018097755,0.6997789018097754,80.19466214740028,1.259602023257596,6734747.727138676,90892.88199826813,0.015706806282722512,1.1933839975949105
19-1042.00,"Medical Scientists, Except Epidemiologists",2370289.019076923,25022.244923076923,15.164996923076922,4.117142857142857,67.44785714285715,156300.0,1650.0,19,"Life, Physical, and Social Science Occupations",100590.0,48.36,78570.0,37.77,453330.95699999994,4785.643499999999,2.90039,False,False,False,False,19.125556138995385,19.125556138995385,29893.24424524979,315.5716762934238,3006961438.6296763,24794466.60637431,0.01055662188099808,0.8020792638985628
19-2011.00,Astronomers,8418.5448,91.7405523076923,5.396503076923076,3.9105882352941177,92.83764705882353,1560.0,17.0,19,"Life, Physical, and Social Science Occupations",132170.0,63.540000000000006,132170.0,63.540000000000006,4465.2366,48.65962961538461,2.8623311538461538,False,False,False,False,53.04048034524922,53.04048034524922,827.4314933858878,9.016881658692368,109361620.4808128,1191761.2488293704,0.010897435897435895,0.8279738974766397
19-2012.00,Physicists,299754.27984615386,842.7955384615385,14.046592307692308,3.943,77.899,21340.0,60.0,19,"Life, Physical, and Social Science Occupations",166290.0,79.95,133900.0,64.37,126733.28613846155,356.3260153846154,5.938766923076924,False,False,False,False,42.27905810169124,42.27905810169124,9022.35099890091,25.367434861014743,1500326747.6072326,3396699.5278898743,0.002811621368322399,0.21362356470536822
19-2021.00,Atmospheric and Space Scientists,328318.0772923077,3627.204270769231,37.39385846153846,3.764074074074074,76.29629629629629,8780.0,97.0,19,"Life, Physical, and Social Science Occupations",97450.0,46.85,59640.0,28.67,94373.38676153845,1042.6216988461538,10.748677307692308,False,False,False,False,28.74449909668424,28.74449909668424,2523.767020688876,27.882164123783713,245941096.16613096,1662892.2683424607,0.011047835990888382,0.8394011132665493
19-2031.00,Chemists,1125829.3577884615,10007.372069230769,13.52347576923077,3.855,89.64666666666666,83250.0,740.0,19,"Life, Physical, and Social Science Occupations",84150.0,40.46,77270.0,37.15,202477.38403846155,1799.7989692307692,2.4321607692307694,False,False,False,False,17.98473122393973,17.984731223939725,14972.288743929823,133.087011057154,1259918097.8016946,10283633.344386289,0.008888888888888889,0.6753669438240827
19-2032.00,Materials Scientists,107384.16376153845,1031.3004923076921,12.891256153846154,3.94375,89.285625,8330.0,80.0,19,"Life, Physical, and Social Science Occupations",104160.0,50.08,118720.0,57.08,9802.519730769229,94.14184615384613,1.1767730769230766,False,False,False,False,9.128459343909492,9.128459343909494,760.4006633476607,7.3027674751275935,79203333.09429234,866984.5546471479,0.009603841536614645,0.7296881745998492
19-2041.00,"Environmental Scientists and Specialists, Including Health",945298.4042538462,9572.078507692308,11.130323846153846,3.4513636363636366,70.89999999999999,84930.0,860.0,19,"Life, Physical, and Social Science Occupations",80060.0,38.49,81480.0,39.17,25076.352246153845,1015.5703076923077,2.7447846153846154,False,False,False,False,2.652744586609918,10.60971561062914,2252.9759774078034,22.8136034448453,180373256.75126874,1858852.408685995,0.04049912434325744,3.077074106466445
19-2041.01,Climate Change Policy Analysts,308323.76357307687,3122.0821461538458,3.6303280769230764,4.090714285714285,97.515,84930.0,860.0,19,"Life, Physical, and Social Science Occupations",80060.0,38.49,81480.0,39.17,4737.413973461538,192.30314538461536,0.8662303846153846,False,True,True,False,1.5365062746254095,6.159451813960673,1304.9547790393603,13.21395396177852,104474679.60989119,1076672.9688057138,0.04059243006034009,3.0841633611275303
19-2041.02,Environmental Restoration Planners,702091.516973077,7109.368946153847,8.266708076923077,3.8865217391304347,94.66260869565217,84930.0,860.0,19,"Life, Physical, and Social Science Occupations",80060.0,38.49,81480.0,39.17,0.0,0.0,0.0,False,False,False,False,0.0,0.0,0.0,0.0,0.0,0.0,,
19-2041.03,Industrial Ecologists,1104303.5009538461,11182.161907692307,13.002513846153844,3.4678947368421054,89.70184210526315,84930.0,860.0,19,"Life, Physical, and Social Science Occupations",80060.0,38.49,81480.0,39.17,3930.9152530769225,159.14901807692306,0.6549342307692307,False,False,False,False,0.35596330625426614,1.4232401515081181,302.3196360017482,3.0612844337866885,24203710.058299962,249433.45566493936,0.040486504498500504,3.0761152660431295
19-2042.00,"Geoscientists, Except Hydrologists and Geographers",360298.6529423077,5442.094269230769,16.006159615384615,3.6296875,60.8021875,22510.0,340.0,19,"Life, Physical, and Social Science Occupations",99240.0,47.71,104000.0,50.0,22708.174576923077,342.9933076923077,1.0088038461538462,False,False,False,False,6.302597689855697,6.3025976898556975,1418.7147399865173,21.428832145509368,140793250.79626197,2228598.5431329743,0.015104398045313196,1.1476137539436324
19-2043.00,Hydrologists,54864.48879999999,959.1693846153845,9.591693846153845,3.536,88.6156,5720.0,100.0,19,"Life, Physical, and Social Science Occupations",92060.0,44.26,89310.0,42.94,6671.6298,116.63688461538462,1.1663688461538462,False,False,False,False,12.160196779232546,12.160196779232546,695.5632557721017,12.160196779232546,64033553.32637968,1086027.1743532587,0.017482517482517484,1.3283003702833796
19-2099.01,Remote Sensing Scientists and Technologists,697420.3051461538,3706.396661538461,30.886638846153843,3.8633333333333333,95.16666666666667,22580.0,120.0,19,"Life, Physical, and Social Science Occupations",117960.0,56.71,106850.0,51.37,43697.510769230765,232.22769230769228,1.935230769230769,False,False,False,False,6.26559198904789,6.26559198904789,1414.7706711270137,7.518710386857468,166886348.36614254,803374.2048357205,0.005314437555358724,0.40378448811448703
19-3011.00,Economists,170846.61075384615,753.1021884615385,10.758602692307692,3.8042857142857143,91.66571428571429,15880.0,70.0,19,"Life, Physical, and Social Science Occupations",115440.0,55.5,115440.0,55.5,7359.500273076923,64.31021538461539,1.3397961538461538,False,False,False,False,4.3076653616971115,8.53937438636188,684.0572594375013,3.0153657531879783,78967570.02946515,348093.8225480202,0.008738394320043693,0.6639325499089836
19-3011.01,Environmental Economists,84846.30863076923,374.00765769230765,5.342966538461538,3.5770000000000004,96.29650000000001,15880.0,70.0,19,"Life, Physical, and Social Science Occupations",115440.0,55.5,115440.0,55.5,3185.587421538462,28.640344615384613,1.3018338461538463,False,False,False,False,3.7545386157002705,7.657689361790217,596.2207321732029,2.6281770309901895,68827721.32207455,303396.7564575075,0.008990600735594604,0.6830948859683713
19-3022.00,Survey Researchers,136239.62936923077,705.9048153846154,17.647620384615383,4.344375,96.091875,7720.0,40.0,19,"Life, Physical, and Social Science Occupations",63380.0,30.47,50150.0,24.11,46668.66192307692,241.80653846153845,6.045163461538461,False,False,False,False,34.25483623167935,34.25483623167935,2644.4733570856456,13.70193449267174,167606721.37208822,687152.0148074877,0.0051813471502590676,0.39367244134823476
19-3032.00,Industrial-Organizational Psychologists,14685.993403846154,167.8399246153846,13.986660384615384,3.906,94.7692,1050.0,12.0,19,"Life, Physical, and Social Science Occupations",109840.0,52.81,109840.0,52.81,4870.226873076923,55.65973569230769,4.638311307692308,False,False,False,False,33.162393167093796,33.1623931670938,348.20512825448486,3.9794871800512555,38246851.28747262,437106.8718568299,0.011428571428571429,0.8683289277738206
19-3033.00,Clinical and Counseling Psychologists,3333402.625776923,46175.406923076924,46.17540692307692,3.8853333333333335,95.589,72190.0,1000.0,19,"Life, Physical, and Social Science Occupations",95830.0,46.07,88990.0,42.79,315484.04039471154,8740.380673076923,8.740380673076922,True,True,True,True,9.464324469990512,18.92864893998102,6832.29583488615,94.64324469990511,654738909.8571398,8422302.345844556,0.027704668236597865,2.1049669256187644
19-3034.00,School Psychologists,1181815.07685,13330.82963076923,18.515041153846155,4.002105263157895,92.55315789473684,63830.0,720.0,19,"Life, Physical, and Social Science Occupations",86930.0,41.79,75870.0,36.48,159024.66265,1793.7922153846157,2.491378076923077,True,False,True,False,13.455968346068406,13.455968346068408,8588.944595295463,96.88297209169252,746636953.6690346,7350511.092596712,0.011279962400125333,0.8570377949201113
19-3039.02,Neuropsychologists,336768.68222307693,3710.3238738461537,18.930223846153844,4.24,98.0,17790.0,196.0,19,"Life, Physical, and Social Science Occupations",117580.0,56.53000000000001,90270.0,43.4,0.0,0.0,0.0,False,False,False,False,0.0,0.0,0.0,0.0,0.0,0.0,,
19-3039.03,Clinical Neuropsychologists,303654.38306538464,3345.489549230769,17.06882423076923,4.388333333333333,95.37055555555555,17790.0,196.0,19,"Life, Physical, and Social Science Occupations",117580.0,56.53,90270.0,43.4,0.0,0.0,0.0,False,False,False,False,0.0,0.0,0.0,0.0,0.0,0.0,,
19-3041.00,Sociologists,35741.37286538461,387.7030276923077,12.115719615384617,3.8973333333333335,98.33333333333333,2950.0,32.0,19,"Life, Physical, and Social Science Occupations",101690.0,48.89,101690.0,48.89,16523.443557692306,179.23735384615384,5.601167307692307,False,False,False,False,46.23057883066154,46.230578830661536,1363.8020755045154,14.793785225811694,138685033.05805418,1504380.0196127912,0.010847457627118645,0.82417660941244
19-3051.00,Urban and Regional Planners,310070.6551384615,3962.334115384615,7.204243846153846,4.1078947368421055,98.52631578947368,43040.0,550.0,19,"Life, Physical, and Social Science Occupations",83720.0,40.25,75480.0,36.29,48558.28889250243,1241.034335077897,2.2564260637779943,True,True,True,True,15.660394844787492,31.32078968957499,6740.233941196536,86.1321716463312,564292385.5569739,6501256.315865079,0.025557620817843872,1.9418368796057217
19-3091.00,Anthropologists and Archeologists,50161.34149615384,683.7357576923075,6.215779615384615,3.7056666666666667,78.16666666666667,8070.0,110.0,19,"Life, Physical, and Social Science Occupations",64910.0,31.21,72550.0,34.88,4890.402906923076,133.4190551923077,2.339053653846154,True,True,True,True,9.749346331373639,19.513248165141086,786.7722489418526,10.724280964511003,51069386.67881565,778046.5839752733,0.027281812507397626,2.072838862699062
19-3092.00,Geographers,14354.796623076923,156.03039807692306,10.402026538461538,3.8708333333333336,90.41666666666667,1380.0,15.0,19,"Life, Physical, and Social Science Occupations",97200.0,46.73,97200.0,46.73,3037.1952923076924,33.01299230769231,2.200866153846154,False,False,False,False,21.1580517095245,21.158051709524504,291.9811135914381,3.173707756428675,28380564.241087783,308484.3939248672,0.010869565217391304,0.8258563171761881
19-3093.00,Historians,60186.98740769231,1725.1047346153846,19.167830384615385,3.723809523809524,82.60380952380953,3140.0,90.0,19,"Life, Physical, and Social Science Occupations",74050.0,35.6,32000.0,15.39,45356.89195096154,1300.038304326923,14.444870048076924,False,False,False,False,75.35996384687733,75.35996384687733,2366.302864791948,67.8239674621896,175224727.13784376,2170366.958790067,0.028662420382165606,2.1777357663117316
19-3094.00,Political Scientists,32556.509730769223,361.13103230769224,5.471682307692307,3.5964285714285715,97.52785714285714,5950.0,66.0,19,"Life, Physical, and Social Science Occupations",139380.0,67.01,139380.0,67.01,5119.013846153846,56.78233846153846,0.8603384615384615,False,False,False,False,15.723472474433756,15.723472474433756,935.5466122288085,10.377491833126278,130396486.81245133,1446414.8117011406,0.011092436974789914,0.8427898416628258
19-3099.01,Transportation Planners,277024.82685384614,1723.4436076923075,7.493233076923076,3.8350000000000004,94.0909090909091,36970.0,230.0,19,"Life, Physical, and Social Science Occupations",100340.0,48.24,84640.0,40.69,71821.14976538462,446.81808076923073,1.9426873076923075,False,False,False,False,25.9258892356519,25.9258892356519,9584.801250420509,59.629545241999374,961738957.4671938,5047044.709282827,0.006221260481471463,0.4726837887868039
19-4012.00,Agricultural Technicians,261256.97427692305,546.5627076923076,18.21875692307692,3.6107692307692307,58.606923076923074,14340.0,30.0,19,"Life, Physical, and Social Science Occupations",46790.0,22.49,47840.0,23.0,3419.7976846153842,14.308776923076922,0.47695923076923075,True,False,True,False,1.3089785235706362,2.6179570471412723,187.70752028002923,0.3926935570711908,8782834.873902567,18786.459770285768,0.0041841004184100415,0.31790285012639874
19-4012.01,Precision Agriculture Technicians,268272.59866153845,561.2397461538461,18.707991538461535,3.7763636363636364,96.44136363636363,14340.0,30.0,19,"Life, Physical, and Social Science Occupations",46790.0,22.49,47840.0,23.0,12962.124553846152,54.234830769230754,1.807827692307692,True,False,True,False,4.831699032445575,9.663398064891147,692.8656412526954,1.4495097097336724,32419183.354213614,69344.54451365888,0.0041841004184100415,0.31790285012639874
19-4013.00,Food Science Technicians,732549.5344615384,4642.919584615384,51.58799538461538,4.15375,82.92625,14200.0,90.0,19,"Life, Physical, and Social Science Occupations",49430.0,23.76,48790.0,23.46,108068.65215384617,684.9421615384615,7.610468461538462,True,False,True,False,14.752401997399694,14.752401997399694,2094.8410836307567,13.277161797659726,103547994.7638683,647792.7241078181,0.006338028169014083,0.48155565536752365
19-4021.00,Biological Technicians,2381918.3583384613,27198.700246153847,31.262873846153845,3.935294117647059,73.10058823529413,76190.0,870.0,19,"Life, Physical, and Social Science Occupations",52000.0,25.0,50690.0,24.37,501372.48545,5725.08285,6.5805549999999995,False,False,False,False,21.049104546124706,21.049104546124703,16037.312753692413,183.12720955128495,833940263.1920055,9282718.252154633,0.011418821367633548,0.8675881300273277
19-4031.00,Chemical Technicians,1981411.9616,27064.577476923077,35.61128615384616,3.99375,76.60375,55640.0,760.0,19,"Life, Physical, and Social Science Occupations",57790.0,27.78,52890.0,25.43,729551.3162,9965.115030769231,13.111993461538463,False,False,False,False,36.81976945424735,36.81976945424735,20486.519724343227,279.83024785227985,1183915974.869795,14800221.808907082,0.01365923795830338,1.0378122519223416
19-4042.00,"Environmental Science and Protection Technicians, Including Health",667351.0309499999,5421.485907692308,16.94214346153846,3.4972,77.9128,39390.0,320.0,19,"Life, Physical, and Social Science Occupations",49490.0,23.79,54060.0,25.99,46401.5109,376.9607384615385,1.1780023076923078,True,False,True,False,6.953088966378858,6.953088966378858,2738.8217438566326,22.249884692412348,135544288.10346475,1202828.7664718116,0.008123889312008125,0.6172432083693065
19-4043.00,"Geological Technicians, Except Hydrologic Technicians",185693.78604615387,2294.8768615384615,19.12397384615385,3.6134782608695653,68.82391304347826,9710.0,120.0,19,"Life, Physical, and Social Science Occupations",48390.0,23.270000000000003,61150.0,29.4,8688.32699076923,214.76103192307693,3.650155,True,True,True,True,4.678846382403858,9.358281288308575,454.3159837314146,5.614615658884629,21984350.45276315,343333.74754079507,0.02471834130451654,1.8780694451135915
19-4051.00,Nuclear Technicians,249923.39177692306,2753.7468876923076,41.72343769230769,4.27125,65.023125,5990.0,66.0,19,"Life, Physical, and Social Science Occupations",104240.0,50.11,104240.0,50.11,1942.8919631438657,21.403917470788706,0.9729053395813048,True,True,True,True,0.7773950046572891,0.7772652441824672,46.565960778971615,0.5130807030738108,4854035.751600001,53483.53248841404,0.011016524787180772,0.8370221261715598
19-4051.02,Nuclear Monitoring Technicians,157000.24761923077,1729.885866923077,26.210391923076923,4.278125,88.815,5990.0,66.0,19,"Life, Physical, and Social Science Occupations",104240.0,50.11,104240.0,50.11,2147.6084830769228,23.671035384615383,2.1519123076923075,False,False,False,False,1.367901334961885,1.3683582158352858,81.9372899642169,0.9028148810748441,8541143.10586997,94109.42320324175,0.011022044088176353,0.8374414759341707
19-4061.00,Social Science Research Assistants,792843.6415153847,35381.91114230769,24.06932730769231,3.9272727272727277,63.55181818181818,32940.0,1470.0,19,"Life, Physical, and Social Science Occupations",58040.0,27.9,58040.0,27.9,228989.97353076923,10219.042534615384,6.9517296153846155,False,False,False,False,28.882110108506915,28.882110108506915,9513.767069742178,424.56701859505165,552179040.727836,24641869.7592568,0.044626593806921674,3.390674205674186
19-4071.00,Forest and Conservation Technicians,532563.4863230769,21761.76408076923,17.135247307692307,3.461,53.133500000000005,31080.0,1270.0,19,"Life, Physical, and Social Science Occupations",54310.0,26.110000000000003,44780.0,21.53,30977.890246153846,1265.8275615384616,0.9967146153846154,True,False,True,False,5.816750686388828,5.816750686388828,1807.846113329648,73.87273371713812,98184122.41493319,3308021.015853445,0.040862290862290866,3.104667055948064
19-4092.00,Forensic Science Technicians,394072.0363461538,4254.762346153846,20.260773076923076,4.06625,70.63,19450.0,210.0,19,"Life, Physical, and Social Science Occupations",67440.0,32.42,64430.0,30.98,0.0,0.0,0.0,False,False,False,False,0.0,0.0,0.0,0.0,0.0,0.0,,
19-4099.01,Quality Control Analysts,3116666.2137692305,61984.11797692307,43.650787307692305,3.8492307692307692,82.86576923076925,71400.0,1420.0,19,"Life, Physical, and Social Science Occupations",60130.0,28.91,52400.0,25.19,127311.65111538461,5063.936823076923,3.5661526923076923,False,False,False,False,4.084866404779888,8.169732809559775,2916.5946130128395,58.005102947874406,175374834.08046204,3039467.394468619,0.03977591036414566,3.022125189801043
19-4099.03,Remote Sensing Technicians,2361481.7326153843,46965.04286153846,33.07397384615384,3.7338888888888886,68.55000000000001,71400.0,1420.0,19,"Life, Physical, and Social Science Occupations",60130.0,28.91,52400.0,25.19,108436.41576923076,4313.157153846154,3.0374346153846155,False,False,False,False,4.591880355099569,9.183760710199138,3278.6025735410926,65.20470104241389,197142372.7470259,3416726.334622488,0.03977591036414566,3.022125189801043
19-5011.00,Occupational Health and Safety Specialists,617026.6715884614,5284.819269230768,4.804381153846153,3.821818181818182,89.92045454545455,128430.0,1100.0,19,"Life, Physical, and Social Science Occupations",83910.0,40.34,87000.0,41.83,0.0,0.0,0.0,False,False,False,False,0.0,0.0,0.0,0.0,0.0,0.0,,
19-5012.00,Occupational Health and Safety Technicians,280403.50669230765,1961.4871692307688,8.915850769230769,3.5603846153846153,79.85384615384615,31450.0,220.0,19,"Life, Physical, and Social Science Occupations",58440.0,28.1,63510.0,30.54,521.6466346153827,3.649038461538448,0.0165865384615384,True,False,True,False,0.186034276378646,0.186034276378646,58.507779921084165,0.4092754080330212,3419194.6585881584,25993.081164177176,0.006995230524642289,0.5314890893369172
21-1011.00,Substance Abuse and Behavioral Disorder Counselors,6344164.329108974,69867.03163846154,39.20708846153846,4.357826086956522,90.22130434782609,161811.66666666666,1782.0,21,Community and Social Service Occupations,60200.0,28.94,60200.0,28.94,368458.35887435894,4057.759301538462,2.2770815384615384,False,False,False,False,5.807831256573208,5.807831256573208,9397.748553448717,103.49555299213456,565744462.9176128,6230432.290126501,0.011012802949931507,0.8367393455136095
21-1012.00,"Educational, Guidance, and Career Counselors and Advisors",11810169.48425,126950.2664,34.497355,3.816857142857143,73.76657142857142,342350.0,3680.0,21,Community and Social Service Occupations,65140.0,31.32,62500.0,30.05,2550041.6260235044,27410.99221196581,7.448639188034188,False,True,True,False,21.591913896106494,21.591913896106494,73919.91722332059,794.582431376719,4815143407.927103,49661401.96104494,0.0107492332408354,0.816713640260465
21-1013.00,Marriage and Family Therapists,2789126.696326923,83838.93819230769,42.34289807692308,3.9953333333333334,82.914,65870.0,1980.0,21,Community and Social Service Occupations,63780.0,30.66,81170.0,39.02,845325.3667923077,25409.81063076923,12.83323769230769,False,False,False,False,30.30788697786801,30.30788697786801,19963.805152321656,600.0961621617865,1273291492.6150753,48709805.482672215,0.030059207529983298,2.283861951371101
21-1014.00,Mental Health Counselors,7721003.246197435,85029.88732615384,47.71598615384615,4.0488888888888885,90.93518518518519,161811.66666666666,1782.0,21,Community and Social Service Occupations,60200.0,28.94,60200.0,28.94,867167.5167141026,9549.944986153847,5.359116153846154,False,False,False,False,11.231280302092598,11.231280302092598,18173.521844821065,200.14141498329008,1094046015.058228,12048513.181994062,0.011012802949931505,0.8367393455136094
21-1015.00,Rehabilitation Counselors,1763044.843253846,11895.05123076923,19.825085384615384,4.1135294117647065,84.63117647058823,88930.0,600.0,21,Community and Social Service Occupations,46110.0,22.17,46700.0,22.45,0.0,0.0,0.0,False,False,False,False,0.0,0.0,0.0,0.0,0.0,0.0,,
21-1021.00,"Child, Family, and School Social Workers",11087600.20436923,52982.83991538461,28.952371538461538,4.158095238095238,64.96190476190476,382960.0,1830.0,21,Community and Social Service Occupations,58570.0,28.16,49070.0,23.59,0.0,0.0,0.0,False,False,False,False,0.0,0.0,0.0,0.0,0.0,0.0,,
21-1022.00,Healthcare Social Workers,5973536.545546154,62003.471726923075,32.12615115384615,4.055294117647058,87.64470588235294,185940.0,1930.0,21,Community and Social Service Occupations,68090.0,32.74,72370.0,34.79,0.0,0.0,0.0,False,False,False,False,0.0,0.0,0.0,0.0,0.0,0.0,,
21-1023.00,Mental Health and Substance Abuse Social Workers,2956789.4217576925,39452.038984615385,23.48335653846154,3.9784615384615383,89.82153846153847,125910.0,1680.0,21,Community and Social Service Occupations,60060.0,28.88,60060.0,28.88,356745.4035576923,4760.005384615385,2.8333365384615385,False,False,False,False,12.065296261294844,12.065296261294845,15191.414522596337,202.69697718975337,912396356.227136,12173980.450016588,0.013342863950440792,1.013774540407844
21-1091.00,Health Education Specialists,434178.6438461538,3265.5032307692304,6.664292307692308,3.816875,77.09125,65150.0,490.0,21,Community and Social Service Occupations,63000.0,30.29,61660.0,29.64,79839.77142307692,600.4833153846154,1.2254761538461536,False,True,True,False,18.38869151089965,18.38869151089965,11980.232519351122,90.10458840340829,754754648.7191207,5555848.920954155,0.007521105141980046,0.571444401815849
21-1092.00,Probation Officers and Correctional Treatment Specialists,2696388.5416384614,25777.499303846154,31.057228076923078,4.1519047619047615,79.69714285714285,86820.0,830.0,21,Community and Social Service Occupations,64520.0,31.02,74860.0,35.99,0.0,0.0,0.0,False,False,False,False,0.0,0.0,0.0,0.0,0.0,0.0,,
21-1093.00,Social and Human Service Assistants,5969506.526853846,88088.98886923077,14.071723461538461,3.4921052631578946,59.93578947368421,424220.0,6260.0,21,Community and Social Service Occupations,45120.0,21.69,40500.0,19.47,0.0,0.0,0.0,False,False,False,False,0.0,0.0,0.0,0.0,0.0,0.0,,
21-1094.00,Community Health Workers,2005652.1157461538,19154.91893846154,33.025722307692305,3.7275,54.091071428571425,60730.0,580.0,21,Community and Social Service Occupations,51030.0,24.54,55520.0,26.69,42680.10969230769,407.6150769230769,0.7027846153846153,False,False,False,False,2.1279916570391673,2.1279916570391673,1292.3293333198862,12.342351610827171,65947565.8793138,685247.3614331245,0.009550469290301334,0.725633016376114
21-2011.00,Clergy,1572777.8291076922,17330.88516923077,27.079508076923076,4.173333333333334,97.01380952380953,58080.0,640.0,21,Community and Social Service Occupations,60820.0,29.24,60820.0,29.24,649673.4978461538,7158.936615384615,11.185838461538461,False,False,False,False,41.30739166222497,41.30739166222497,23991.333077420266,264.3673066382398,1459152877.7687006,16078819.589737747,0.011019283746556474,0.8372317485422514
21-2021.00,"Directors, Religious Activities and Education",93101.63479999999,260.3028,4.33838,3.6468421052631577,89.15157894736842,21460.0,60.0,21,Community and Social Service Occupations,54840.0,26.37,31200.0,15.0,16709.168692307692,46.71715384615384,0.7786192307692307,False,False,False,False,17.947234469300312,17.94723446930031,3851.476517111847,10.768340681580186,211214972.1984137,335972.22926530184,0.0027958993476234852,0.21242902473497474
23-1011.00,Lawyers,21959794.8825,171801.8055,29.36783,4.082272727272727,75.10954545454545,747750.0,5850.0,23,Legal Occupations,151160.0,72.67,125710.0,60.43999999999999,3236824.192961538,25323.1983,4.328751846153846,False,False,False,False,14.739774256912566,14.739774256912568,110216.66200606372,862.2767940293852,16660350628.836592,108396815.777434,0.007823470411233702,0.5944177464449676
23-1012.00,Judicial Law Clerks,350767.6481,15654.53195,26.533105,3.6127777777777776,74.4,13220.0,590.0,23,Legal Occupations,60400.0,29.040000000000003,50490.0,24.28,173504.90866923076,7743.4112038461535,13.124425769230768,False,False,False,False,49.464341882455024,49.464341882455024,6539.185996860554,291.83961710648464,394966834.21037745,14734982.26770641,0.04462934947049924,3.390883577634152
23-1021.00,"Administrative Law Judges, Adjudicators, and Hearing Officers",688821.4375615384,7639.424446153846,42.441246923076925,4.311428571428571,78.3157142857143,16230.0,180.0,23,Legal Occupations,115230.0,55.4,103790.0,49.9,142226.11801153846,1577.369146153846,8.763161923076924,False,False,False,False,20.647748495608077,20.647748495608074,3351.1295808371906,37.165947292094536,386150661.5998695,3857453.669446492,0.011090573012939002,0.842648220113227
23-1022.00,"Arbitrators, Mediators, and Conciliators",196371.51016153846,999.3461076923077,24.983652692307693,3.8560000000000003,79.7105,7860.0,40.0,23,Legal Occupations,67710.0,32.55,55890.0,26.87,47363.64353076923,241.03635384615384,6.025908846153846,False,False,False,False,24.11940687923982,24.119406879239822,1895.78538070825,9.647762751695927,128363628.1277556,539213.4601922854,0.005089058524173028,0.38666046402142146
23-1023.00,"Judges, Magistrate Judges, and Magistrates",739956.8118307692,2892.7162307692306,28.927162307692306,4.286190476190477,83.36476190476189,25580.0,100.0,23,Legal Occupations,156210.0,75.1,123640.0,59.44,41135.87685384615,160.81265384615384,1.6081265384615384,False,False,False,False,5.559226727309873,5.559226727309873,1422.0501968458657,5.559226727309873,222138461.24929267,687342.7925645928,0.003909304143862392,0.2970241641134062
23-2011.00,Paralegals and Legal Assistants,8293004.963815385,65265.465784615386,22.583206153846156,3.61,62.82,367220.0,2890.0,23,Legal Occupations,61010.0,29.33,55630.0,26.75,1607059.2232204326,12647.462434254805,4.3762845793269225,False,False,False,False,19.37849103229125,19.378491032291247,71161.69476877993,560.0383908332171,4341574997.843264,31154935.68205187,0.007869941724306953,0.5979485801721172
23-2093.00,"Title Examiners, Abstractors, and Searchers",3115143.2284923075,86010.80535384615,64.66977846153846,4.160625,76.46,48170.0,1330.0,23,Legal Occupations,54980.0,26.43,59310.0,28.51,672088.7088419471,18556.73620012019,13.952433233173078,False,False,False,False,21.574889484848185,21.574889484848182,10392.62426485137,286.9460301484809,571386482.0815283,17018769.048106402,0.027610545982976954,2.097815631506713
25-1011.00,"Business Teachers, Postsecondary",969677.6955461538,5098.574334615384,11.857149615384614,3.9108,81.048,81780.0,430.0,25,Educational Instruction and Library Occupations,97270.0,46.76442307692307,124620.0,59.91346153846154,318558.32598461537,1674.9826384615383,3.895308461538461,False,False,False,False,32.85198034850054,32.85198034850054,26866.349529003743,141.26351549855232,2613289818.686194,17604259.301429592,0.005258009293225728,0.3994971375335046
25-1021.00,"Computer Science Teachers, Postsecondary",607802.2822153847,7044.066184615384,16.771586153846155,3.8784615384615386,78.19346153846153,36240.0,420.0,25,Educational Instruction and Library Occupations,96690.0,46.48557692307692,100340.0,48.24038461538461,190789.73123076922,2211.139269230769,5.2646173076923075,False,False,False,False,31.39009786790497,31.390097867904977,11375.771467328761,131.83841104520087,1099923343.176018,13228666.164275456,0.011589403973509934,0.8805487885123595
25-1022.00,"Mathematical Science Teachers, Postsecondary",589155.4976384615,4223.769442307693,12.067912692307694,3.6743478260869566,76.39304347826086,48820.0,350.0,25,Educational Instruction and Library Occupations,79350.0,38.14903846153846,79780.0,38.35576923076923,254446.47672171946,1824.1758880090497,5.211931108597285,False,False,False,False,43.18833953712198,43.188339537121976,21084.547362022953,151.15918837992695,1673058833.1765213,12059480.048950572,0.007169192953707496,0.5447065426684403
25-1031.00,"Architecture Teachers, Postsecondary",131915.63316923077,1735.7320153846154,14.46443346153846,3.9136363636363636,88.78863636363636,9120.0,120.0,25,Educational Instruction and Library Occupations,101480.0,48.78846153846154,61530.0,29.58173076923077,36480.736615384616,480.00969230769226,4.000080769230769,False,False,False,False,27.654596910879036,27.654596910879036,2522.0992382721683,33.185516293054846,255942630.69985965,2041904.8175116647,0.013157894736842105,0.999720805002754
25-1032.00,"Engineering Teachers, Postsecondary",790830.465,7727.985,19.815346153846153,3.67125,89.47666666666667,39910.0,390.0,25,Educational Instruction and Library Occupations,106120.0,51.01923076923077,102870.0,49.45673076923077,275027.9762,2687.5697999999998,6.891204615384615,False,False,False,False,34.77710942761923,34.77710942761923,13879.544372562834,135.630726767715,1472897248.8163679,13952332.862594843,0.009771986970684038,0.742463659741459
25-1041.00,"Agricultural Sciences Teachers, Postsecondary",140455.57730769232,1614.431923076923,16.14431923076923,3.8443478260869566,87.96826086956521,8700.0,100.0,25,Educational Instruction and Library Occupations,86350.0,41.51442307692308,62170.0,29.889423076923077,37068.110076923076,426.07023076923076,4.260702307692307,False,False,False,False,26.391340797894376,26.391340797894376,2296.046649416811,26.391340797894376,198263628.1771416,1640749.6574050933,0.011494252873563218,0.8733193239104519
25-1042.00,"Biological Science Teachers, Postsecondary",844850.839326923,9678.10351153846,15.865743461538461,3.7177777777777776,89.56296296296296,53250.0,610.0,25,Educational Instruction and Library Occupations,83460.0,40.125,103830.0,49.91826923076923,252123.18461538458,2888.171692307692,4.734707692307691,False,False,False,False,29.842331081335782,29.842331081335782,15891.041300811305,182.03821959614825,1326266306.9657116,18901028.340668075,0.011455399061032864,0.8703672585901912
25-1043.00,"Forestry and Conservation Science Teachers, Postsecondary",25550.873334615386,273.0627684615385,19.504483461538463,3.8207999999999998,89.814,1310.0,14.0,25,Educational Instruction and Library Occupations,100830.0,48.47596153846154,100830.0,48.47596153846154,8685.840626923076,92.8257776923077,6.630412692307693,False,False,False,False,33.9943003637211,33.9943003637211,445.32533476474646,4.759202050920955,44902153.50432938,479870.34279435984,0.01068702290076336,0.8119869744449851
25-1051.00,"Atmospheric, Earth, Marine, and Space Sciences Teachers, Postsecondary",142386.54596923076,2356.5717538461536,12.40300923076923,3.5276923076923077,81.78307692307693,11480.0,190.0,25,Educational Instruction and Library Occupations,101390.0,48.74519230769231,77900.0,37.45192307692308,41626.03846153847,688.9326923076923,3.6259615384615382,False,False,False,False,29.234530677170657,29.234530677170657,3356.1241217391917,55.545608286624244,340277424.7031366,4327002.885528029,0.01655052264808362,1.2574885386968437
25-1052.00,"Chemistry Teachers, Postsecondary",394897.7099076923,5422.822892307692,19.367224615384615,3.812857142857143,89.57892857142858,20390.0,280.0,25,Educational Instruction and Library Occupations,86220.0,41.45192307692308,105090.0,50.52403846153846,71548.23551923076,982.5162307692307,3.508986538461538,False,False,False,False,18.118169268683587,18.118169268683587,3694.2947138845834,50.73087395231404,318522090.2311288,5331307.543648683,0.01373222167729279,1.0433574659371558
25-1053.00,"Environmental Science Teachers, Postsecondary",94363.91832692307,1045.5469211538461,13.234771153846154,3.696,90.1648,7130.0,79.0,25,Educational Instruction and Library Occupations,87710.0,42.16826923076924,87710.0,42.16826923076924,27822.077207692306,308.2670546153846,3.902114615384615,False,False,False,False,29.4838087491269,29.4838087491269,2102.195563812748,23.292208911810253,184383572.9020161,2042959.6436548773,0.011079943899018233,0.8418406329925014
25-1054.00,"Physics Teachers, Postsecondary",178842.3405923077,1973.9772692307693,13.159848461538461,3.6962500000000005,87.13666666666667,13590.0,150.0,25,Educational Instruction and Library Occupations,97360.0,46.8076923076923,81060.0,38.97115384615385,66774.04623122173,737.0203778280543,4.913469185520363,False,False,False,False,37.336821923752986,37.336821923752986,5074.074099438031,56.005232885629475,494011854.32128674,4539784.177709125,0.011037527593818984,0.8386178938212947
25-1061.00,"Anthropology and Archeology Teachers, Postsecondary",83755.38461538461,1114.6153846153845,15.923076923076923,3.921538461538461,90.91653846153847,5260.0,70.0,25,Educational Instruction and Library Occupations,95770.0,46.04326923076923,75520.0,36.30769230769231,25243.355015384615,335.9381846153846,4.799116923076923,False,False,False,False,30.13938164251208,30.13938164251208,1585.3314743961355,21.097567149758458,151827195.3029179,1593288.2711497587,0.013307984790874524,1.011124464375409
25-1062.00,"Area, Ethnic, and Cultural Studies Teachers, Postsecondary",229752.31984615384,3216.1304615384615,20.100815384615384,3.8104347826086955,87.81695652173913,11430.0,160.0,25,Educational Instruction and Library Occupations,84290.0,40.52403846153846,64890.0,31.197115384615383,78273.28623461539,1095.6890461538462,6.848056538461539,False,False,False,False,34.06855098874673,34.06855098874673,3894.0353780137507,54.50968158199476,328228242.01277906,3537133.2378556402,0.01399825021872266,1.063569990274146
25-1063.00,"Economics Teachers, Postsecondary",235807.92567692307,3037.7832615384614,18.986145384615384,3.6731818181818183,89.98454545454545,12420.0,160.0,25,Educational Instruction and Library Occupations,119980.0,57.68269230769231,102590.0,49.32211538461539,80858.05975384614,1041.649723076923,6.5103107692307685,False,False,False,False,34.28979730928492,34.28979730928492,4258.792825813187,54.86367569485587,510969963.24106616,5628464.489535264,0.01288244766505636,0.9787926722088156
25-1064.00,"Geography Teachers, Postsecondary",47107.08299230769,1002.2783615384615,14.318262307692306,3.6431999999999998,89.3984,3290.0,70.0,25,Educational Instruction and Library Occupations,86730.0,41.69711538461539,81940.0,39.39423076923077,15405.346546153845,327.77333076923077,4.682476153846154,False,False,False,False,32.702824220021114,32.702824220021114,1075.9229168386946,22.89197695401478,93314794.57741998,1875768.5916119711,0.02127659574468085,1.6165698123448788
25-1065.00,"Political Science Teachers, Postsecondary",242042.12864230768,1409.680423076923,14.09680423076923,3.8245454545454547,91.44772727272726,17170.0,100.0,25,Educational Instruction and Library Occupations,94680.0,45.51923076923077,70820.0,34.04807692307692,80672.32046153846,469.8446153846154,4.698446153846154,False,False,False,False,33.32986737228577,33.32986737228577,5722.738227821466,33.32986737228577,541828855.4101365,2360421.207305278,0.005824111822947001,0.44250891776476015
25-1066.00,"Psychology Teachers, Postsecondary",959735.2741500001,5766.25375,23.065015,3.6558620689655172,84.29379310344828,41610.0,250.0,25,Educational Instruction and Library Occupations,80330.0,38.62019230769231,81370.0,39.12019230769231,150822.91879615383,906.1699038461537,3.624679615384615,False,False,False,False,15.715054229900197,15.715054229900197,6539.034065061473,39.287635574750496,525280606.44638807,3196834.906717448,0.00600817111271329,0.45649351826609774
25-1067.00,"Sociology Teachers, Postsecondary",144958.9675,936.73,11.709125,3.6804166666666664,87.93624999999999,12380.0,80.0,25,Educational Instruction and Library Occupations,82540.0,39.68269230769231,86810.0,41.73557692307692,46139.94097692307,298.15793846153844,3.7269742307692306,False,False,False,False,31.829656193517707,31.829656193517707,3940.511436757492,25.463724954814165,325249813.9899634,2210505.9633274176,0.006462035541195477,0.4909775843632266
25-1071.00,"Health Specialties Teachers, Postsecondary",2407803.3767538457,34169.59345384615,10.481470384615383,3.8786363636363634,81.94590909090908,229720.0,3260.0,25,Educational Instruction and Library Occupations,105620.0,50.77884615384616,136030.0,65.39903846153847,831170.8332067307,11795.302612980766,3.6181909855769225,False,False,False,False,34.51987987188968,34.519879871889664,79299.06804170497,1125.3480838236035,8375567566.564879,153081099.84252477,0.014191189273898657,1.0782292645284794
25-1072.00,"Nursing Instructors and Teachers, Postsecondary",1330937.5326923076,13264.562615384615,17.925084615384613,4.056206896551724,81.42758620689655,74250.0,740.0,25,Educational Instruction and Library Occupations,79940.0,38.43269230769231,75380.0,36.24038461538461,244489.2576923077,2436.6606153846155,3.2927846153846154,False,False,False,False,18.369701934675987,18.369701934675987,13639.50368649692,135.9357943166023,1090341924.6985638,10246840.175585482,0.009966329966329967,0.7572296036815473
25-1081.00,"Education Teachers, Postsecondary",677157.6274846154,3437.9300769230767,11.459766923076922,3.62375,84.70041666666667,59090.0,300.0,25,Educational Instruction and Library Occupations,72090.0,34.65865384615385,67580.0,32.49038461538461,226096.90789615383,1147.8942692307692,3.8263142307692304,False,False,False,False,33.389110410823896,33.3891104108239,19729.62534175584,100.1673312324717,1422308690.8871784,6769308.244690437,0.00507700118463361,0.38574436205894047
25-1082.00,"Library Science Teachers, Postsecondary",81016.23653846154,1383.2040384615386,19.760057692307694,3.9528,85.5784,4100.0,70.0,25,Educational Instruction and Library Occupations,78630.0,37.80288461538461,79880.0,38.40384615384615,32126.562384615387,548.5022846153846,7.835746923076924,False,False,False,False,39.654473914452524,39.654473914452524,1625.8334304925534,27.75813174011677,127839282.63962947,2217319.5634005275,0.017073170731707315,1.2971987030767442
25-1111.00,"Criminal Justice and Law Enforcement Teachers, Postsecondary",210125.31669230768,1239.6773846153844,15.495967307692306,3.795217391304348,80.38130434782609,13560.0,80.0,25,Educational Instruction and Library Occupations,71470.0,34.36057692307692,79700.0,38.31730769230769,59014.99232307692,348.17104615384613,4.352138076923076,False,False,False,False,28.085617312593612,28.085617312593612,3808.409707587694,22.468493850074893,272187041.8012925,1790738.959850969,0.0058997050147492625,0.44825239634341774
25-1112.00,"Law Teachers, Postsecondary",369527.95707692305,1620.7366538461538,16.20736653846154,3.7673913043478264,81.01565217391304,22800.0,100.0,25,Educational Instruction and Library Occupations,126650.0,60.88942307692309,138020.0,66.35576923076923,108777.01984615384,477.0921923076923,4.770921923076923,False,False,False,False,29.436749713502785,29.436749713502785,6711.578934678634,29.436749713502785,850021472.077049,4062860.1954576545,0.004385964912280702,0.3332402683342514
25-1113.00,"Social Work Teachers, Postsecondary",239689.51476923077,2693.1406153846156,17.95427076923077,3.92,87.87166666666667,13350.0,150.0,25,Educational Instruction and Library Occupations,76210.0,36.63942307692308,64140.0,30.836538461538463,70520.1375576923,792.3610961538461,5.282407307692307,False,False,False,False,29.42145284310328,29.42145284310328,3927.7639545542875,44.132179264654916,299334890.9765822,2830637.978034966,0.011235955056179775,0.8536941705641495
25-1121.00,"Art, Drama, and Music Teachers, Postsecondary",2733515.41215,24852.67868846154,27.924358076923077,3.8785714285714286,83.10214285714287,97890.0,890.0,25,Educational Instruction and Library Occupations,80190.0,38.552884615384606,63500.0,30.528846153846157,1197138.86505,10884.192357692307,12.229429615384614,False,False,False,False,43.794845996804185,43.79484599680419,42870.774746271614,389.7741293715572,3437807426.9035206,24750657.21509388,0.009091837777096741,0.6907867529919939
25-1122.00,"Communications Teachers, Postsecondary",588625.2656307692,4224.583246153847,20.117063076923078,3.899545454545455,84.25636363636363,29260.0,210.0,25,Educational Instruction and Library Occupations,77800.0,37.40384615384615,62810.0,30.197115384615383,232956.04462307692,1671.9333346153846,7.961587307692308,False,False,False,False,39.57629042196174,39.57629042196173,11580.022577466003,83.11020988611965,900925756.526855,5220152.282947175,0.007177033492822967,0.5453022572742295
25-1123.00,"English Language and Literature Teachers, Postsecondary",1342732.7148538462,10139.783884615385,22.532853076923075,3.6827272727272726,80.4718181818182,59590.0,450.0,25,Educational Instruction and Library Occupations,78270.0,37.62980769230769,62780.0,30.182692307692307,511422.41985384614,3862.0588846153846,8.582353076923077,False,False,False,False,38.08817750519421,38.08817750519421,22696.744975345227,171.39679877337394,1776474229.2202709,10760291.026992416,0.007551602617888908,0.5737615628644771
25-1124.00,"Foreign Language and Literature Teachers, Postsecondary",334494.52499615384,1738.044296153846,15.800402692307692,3.875,86.30583333333334,21170.0,110.0,25,Educational Instruction and Library Occupations,77010.0,37.02403846153846,65040.0,31.26923076923077,161401.63901244345,838.648100678733,7.624073642533936,False,False,False,False,48.25240084700918,48.25240084700918,10215.033259311842,53.07764093171009,786659711.2996049,3452169.7661984246,0.005196032120925838,0.39478818752116307
25-1125.00,"History Teachers, Postsecondary",262716.7191,2116.5496,13.228435,3.7836000000000003,91.8752,19860.0,160.0,25,Educational Instruction and Library Occupations,81500.0,39.18269230769231,78110.0,37.55288461538461,103071.39108461537,830.3838153846153,5.189898846153845,False,False,False,False,39.232901292963575,39.232901292963575,7791.654196782566,62.77264206874172,635019817.0377791,4903171.071989415,0.008056394763343404,0.6121150548254526
25-1126.00,"Philosophy and Religion Teachers, Postsecondary",308601.6376,1036.5698,14.80814,3.9263636363636363,87.80681818181819,20840.0,70.0,25,Educational Instruction and Library Occupations,78050.0,37.52403846153846,87240.0,41.94230769230769,121144.17504048583,406.9142155870445,5.813060222672065,False,False,False,False,39.25584322320065,39.25584322320065,8180.917727715016,27.479090256240458,638520628.648157,2397275.8339544176,0.0033589251439539343,0.25520703851317905
25-1192.00,"Family and Consumer Sciences Teachers, Postsecondary",44027.08813076923,3013.2607846153846,16.74033769230769,4.086956521739131,84.3004347826087,2630.0,180.0,25,Educational Instruction and Library Occupations,77280.0,37.15384615384615,74790.0,35.95673076923077,35320.65583609075,2417.383289162105,13.429907162011693,False,True,True,False,80.22482824932996,80.22482824932997,2109.912982957378,144.40469084879393,163054075.3229462,10800026.828581298,0.06844106463878329,5.2000686739306765
25-1193.00,"Recreation and Fitness Studies Teachers, Postsecondary",271735.6382769231,4071.748523076923,21.430255384615386,3.857391304347826,84.46478260869566,12680.0,190.0,25,Educational Instruction and Library Occupations,75890.0,36.48557692307692,55770.0,26.8125,117139.99072307692,1755.2522269230767,9.238169615384615,False,False,False,False,43.10807057398217,43.10807057398217,5466.103348780939,81.90533409056611,414822583.13898546,4567860.482230872,0.014984227129337538,1.1384833142144928
25-1194.00,"Career/Technical Education Teachers, Postsecondary",2801498.2155,70573.05446153846,25.204662307692306,4.0515,89.0005,111150.0,2800.0,25,Educational Instruction and Library Occupations,61490.0,29.559999999999995,49850.0,23.97,833017.30875,20984.69153846154,7.494532692307692,False,True,True,False,29.734707812452648,29.734707812452648,33050.127733541114,832.5718187486741,2032252354.335443,41503705.164621405,0.02519118308591993,1.9139953873557003
25-2011.00,"Preschool Teachers, Except Special Education",27926988.99526154,265415.5734923077,62.74599846153846,4.195,88.985,445080.0,4230.0,25,Educational Instruction and Library Occupations,37120.0,17.85,34210.0,16.45,5056054.363292308,48052.28263846154,11.359877692307693,False,False,False,False,18.10454526318675,18.10454526318675,80579.7100573916,765.8222646327995,2991118837.330376,26198779.67308807,0.009503909409544353,0.7220954533843027
25-2012.00,"Kindergarten Teachers, Except Special Education",11955403.201384615,54337.992,104.49613846153846,4.173513513513513,97.21486486486486,114410.0,520.0,25,Educational Instruction and Library Occupations,61430.0,19.27,60420.0,29.048076923076923,1997598.379980769,9079.199,17.45999807692308,False,False,False,False,16.708749561448645,16.708749561448645,19116.480373253395,86.88549771953296,1174325389.3289561,5249621.772214182,0.004545057250240365,0.3453279102675365
25-2021.00,"Elementary School Teachers, Except Special Education",141818567.9799269,1608208.7791538462,101.78536576923076,4.135526315789474,94.36578947368422,1393310.0,15800.0,25,Educational Instruction and Library Occupations,62340.0,29.971153846153847,61710.0,29.66826923076923,56469611.57465769,640359.9076153847,40.52910807692308,False,False,False,False,39.81820743151943,39.81820743151943,554791.0659641034,6291.276774180071,34585675052.20221,388234689.73465216,0.011339902821339114,0.8615919950673627
25-2022.00,"Middle School Teachers, Except Special and Career/Technical Education",43775572.027707696,375398.6220923077,70.56365076923078,3.8017142857142856,91.218,620370.0,5320.0,25,Educational Instruction and Library Occupations,62970.0,30.274038461538463,75490.0,36.29326923076923,21589956.875423077,185145.26907692308,34.80174230769231,False,False,False,False,49.31964535325258,49.31964535325259,305964.28387797304,2623.8051327930375,19266570955.795963,198071049.4745464,0.008575527507777616,0.6515581280183012
25-2023.00,"Career/Technical Education Teachers, Middle School",1041120.0511538462,12464.113288461538,73.31831346153847,4.067096774193549,98.81838709677419,14200.0,170.0,25,Educational Instruction and Library Occupations,63620.0,30.58653846153846,71910.0,34.57211538461539,359397.05184615386,4302.640761538461,25.309651538461537,False,False,False,False,34.5202314995128,34.5202314995128,4901.872872930818,58.684393549171766,311857152.1758586,4219994.740120942,0.011971830985915493,0.9096051268053227
25-2031.00,"Secondary School Teachers, Except Special and Career/Technical Education",86618501.18136923,915820.205676923,80.76015923076923,3.9459375,93.9715625,1072540.0,11340.0,25,Educational Instruction and Library Occupations,64580.0,31.048076923076923,74280.0,35.71153846153846,42210143.41393365,446289.20722211536,39.35530927884615,False,False,False,False,48.73109420994302,48.73109420994302,522660.47783932294,5526.10608340754,33753413658.863476,410479159.87551206,0.010573032241221773,0.8033261030670871
25-2032.00,"Career/Technical Education Teachers, Secondary School",7054440.917115384,58758.86642307692,67.53892692307691,4.005151515151515,95.36121212121212,104450.0,870.0,25,Educational Instruction and Library Occupations,63910.0,30.72596153846154,65240.0,31.365384615384617,2115464.1349423076,17620.428888461538,20.25336653846154,False,False,False,False,29.987693706666374,29.987693706666374,31322.146076613026,260.89293524799746,2001798355.7563386,17020655.095579352,0.00832934418382001,0.6328534191171097
25-2051.00,"Special Education Teachers, Preschool",2590541.0143846152,13779.473480769231,91.86315653846154,4.2444444444444445,87.14416666666666,28200.0,150.0,25,Educational Instruction and Library Occupations,62190.0,29.89903846153846,56040.0,26.942307692307693,234741.51084615386,1248.6250576923078,8.324167051282052,False,False,False,False,9.06148598083157,9.06148598083157,2555.339046594503,13.592228971247355,158916535.30771214,761708.5115487018,0.005319148936170213,0.4041424530862197
25-2057.00,"Special Education Teachers, Middle School",7693687.177219231,64564.667384615386,80.70583423076923,4.0455,90.17025,95330.0,800.0,25,Educational Instruction and Library Occupations,64880.0,31.19230769230769,73640.0,35.40384615384615,2370853.5039718933,19895.969822485207,24.86996227810651,True,False,True,False,30.815569301958583,30.81556930195859,29376.482215557116,246.52455441566863,1905946166.1453457,18154068.18716984,0.008391901814748769,0.6376064716685981
25-2058.00,"Special Education Teachers, Secondary School",12717758.106507692,107036.05237692308,78.12850538461538,4.078,89.31725,162780.0,1370.0,25,Educational Instruction and Library Occupations,69590.0,33.45673076923077,60080.0,28.88461538461538,3949768.0296197804,33242.303726373626,24.264455274725275,True,False,True,False,31.057109252602306,31.057109252602306,50554.76244138603,425.4823967606516,3518105918.296054,25562982.39737995,0.008416267354711881,0.6394577356977931
25-2059.01,Adapted Physical Education Specialists,2042089.3627884616,6746.41975,51.895536538461535,4.2245,96.42999999999999,39350.0,130.0,25,Educational Instruction and Library Occupations,67430.0,32.41826923076923,65030.0,31.26442307692308,45176.82692307692,149.25,1.148076923076923,False,False,False,False,2.212284523209514,2.212284523209514,870.5339598829437,2.8759698801723683,58700104.9149069,187024.32130760912,0.003303684879288437,0.25100995053182235
25-3011.00,"Adult Basic Education, Adult Secondary Education, and English as a Second Language Instructors",1530023.2642692307,6751.3436923076915,42.19589807692307,3.6772972972972973,80.04702702702703,36260.0,160.0,25,Educational Instruction and Library Occupations,59950.0,28.82,49060.0,23.59,607616.7646589743,2681.1550564102563,16.7572191025641,False,True,True,False,39.7129101791262,39.712910179126204,14399.901230951158,63.540656286601916,863274078.795522,3117304.59742069,0.00441257584114727,0.33526213427560647
25-3021.00,Self-Enrichment Teachers,15895244.799276922,280273.9910153846,51.520954230769235,3.759666666666667,73.59233333333333,308520.0,5440.0,25,Educational Instruction and Library Occupations,45590.0,21.92,38010.0,18.280000000000005,6068685.776177693,107006.51699211283,19.670315623550152,False,True,True,False,38.17925331010793,38.17925331010793,117790.63231234498,2076.9513800698714,5370074927.119808,78944921.95645581,0.017632568391028135,1.339701055427002
25-3041.00,Tutors,9250088.58816923,103273.06049999999,52.96054384615384,3.9363157894736847,90.43052631578948,174660.0,1950.0,25,Educational Instruction and Library Occupations,40090.0,19.27,35460.0,17.05,4540268.293523077,50690.0445,25.994894615384617,True,False,True,False,49.08351147393371,49.08351147393372,85729.26114037262,957.1284737417075,3436886079.1175385,33939775.678880945,0.011164548265200963,0.8482687696175895
25-4011.00,Archivists,152766.82961538463,2166.9053846153847,21.669053846153847,4.220769230769231,98.01384615384616,7050.0,100.0,25,Educational Instruction and Library Occupations,61570.0,29.6,51250.0,24.64,92169.78836538461,1307.3728846153845,13.073728846153847,False,False,False,False,60.333639571782086,60.333639571782086,4253.521589810637,60.333639571782086,261889324.28464094,3092099.028053832,0.014184397163120567,1.0777132082299192
25-4012.00,Curators,79565.5395076923,583.1350615384615,6.4792784615384615,3.6573333333333333,81.81333333333333,12280.0,90.0,25,Educational Instruction and Library Occupations,61770.0,29.7,50040.0,24.06,27393.30772307692,200.7652846153846,2.2307253846153845,False,False,False,False,34.42860802876673,34.42860802876673,4227.833065932555,30.98574722589006,261153248.48265392,1550526.7911835385,0.007328990228013029,0.5568477448060942
25-4013.00,Museum Technicians and Conservators,258732.68445384616,1385.714453846154,19.79592076923077,3.8037500000000004,64.87958333333334,13070.0,70.0,25,Educational Instruction and Library Occupations,47460.0,22.820000000000004,43230.0,20.78,32483.031861538464,173.97186153846155,2.4853123076923076,False,False,False,False,12.554668897014798,12.554668897014798,1640.8952248398339,8.788268227910358,77876887.37089851,379916.8354925648,0.005355776587605203,0.4069253773997438
25-4022.00,Librarians and Media Collections Specialists,4863107.241603846,60129.44552692308,36.88923038461539,3.807142857142857,83.28821428571429,131830.0,1630.0,25,Educational Instruction and Library Occupations,64320.0,30.92,49760.0,23.92,862752.9737001065,21334.860762059827,13.088871633165539,True,True,True,True,17.740776232924933,35.481552465849866,23387.66530786494,289.1746525966764,1504294632.601873,14389330.713210618,0.024728817416369564,1.8788654073236921
25-4031.00,Library Technicians,4318637.4384,29856.3792,58.54192,3.6703225806451614,65.68741935483871,73770.0,510.0,25,Educational Instruction and Library Occupations,39970.0,19.22,36630.0,17.61,1041258.0825080769,7198.612201153846,14.114925884615385,False,False,False,False,24.11080108854541,24.110801088545415,17786.53796301995,122.9650855515816,710927922.3819073,4504211.083754434,0.0069133794225294835,0.5252701423601294
25-9021.00,Farm and Home Management Educators,61005.585115384616,671.8938711538461,5.945963461538462,3.7733333333333334,86.34533333333334,10260.0,113.0,25,Educational Instruction and Library Occupations,58120.0,27.94,58120.0,27.94,24384.661823076924,268.5640142307692,2.376672692307692,False,True,True,False,39.97119571422242,39.97119571422241,4101.04468027922,45.16745115707133,238352716.8178283,2625132.261248986,0.011013645224171538,0.8368033404837866
25-9031.00,Instructional Coordinators,1641903.3040192307,25541.583292307692,7.7870680769230765,3.8461538461538463,80.13153846153847,210850.0,3280.0,25,Educational Instruction and Library Occupations,74720.0,35.92,59690.0,28.7,1521218.245140359,47328.538765857695,17.831324463981936,True,True,True,True,92.6496853631121,185.29994097942838,195351.8615881219,3038.9096799100766,14596691097.864468,181392518.79383248,0.031112260792987536,2.3638716548120056
25-9042.00,"Teaching Assistants, Preschool, Elementary, Middle, and Secondary School, Except Special Education",17096834.767641347,188317.56104538462,44.688552692307695,3.964642857142857,75.10857142857142,382577.5,4214.0,25,Educational Instruction and Library Occupations,35550.0,17.091346153846153,35550.0,17.091346153846153,5385026.497391026,59314.7836974359,3.5189121794871796,True,True,True,True,31.49721320102537,31.497213201025374,120501.25083415284,1327.2925642912094,4283819467.154134,47185250.660552494,0.011014761714946645,0.8368881700920782
25-9044.00,"Teaching Assistants, Postsecondary",1532042.050430769,20656.524646153845,9.883504615384615,3.7405,71.233,155010.0,2090.0,25,Educational Instruction and Library Occupations,44930.0,21.60096153846154,30010.0,14.427884615384617,172112.55139615384,2320.5937192307692,1.1103319230769229,True,True,True,True,11.234192387066686,11.234192387066688,17414.121619192072,234.79462088969376,782416484.3502998,7046186.572899709,0.013483001096703438,1.0244219899789526
27-1011.00,Art Directors,1417871.445623077,11259.650153846154,28.149125384615385,4.1293750000000005,80.50875,50370.0,400.0,27,"Arts, Design, Entertainment, Sports, and Media Occupations",111040.0,53.38,91020.0,43.76,456419.0758615384,3624.531076923077,9.06132769230769,False,False,False,False,32.1904413316517,32.190441331651705,16214.32529875296,128.7617653266068,1800438681.1735287,11719895.88002775,0.007941234862021045,0.6033653458821466
27-1012.00,Craft Artists,83272.08119230768,914.6590153846154,19.055396153846154,3.7199999999999998,94.93333333333334,4370.0,48.0,27,"Arts, Design, Entertainment, Sports, and Media Occupations",38480.0,18.5,20030.0,9.63,26468.121876923073,290.7253661538461,6.05677846153846,False,False,False,False,31.785109124146743,31.785109124146736,1389.0092687252127,15.256852379590436,53449076.66054618,305594.75316319644,0.010983981693363844,0.8345495415675164
27-1013.00,"Fine Artists, Including Painters, Sculptors, and Illustrators",355191.3807692308,4972.679330769231,35.51913807692308,3.6310714285714285,55.799642857142864,10000.0,140.0,27,"Arts, Design, Entertainment, Sports, and Media Occupations",60560.0,29.12,43680.0,21.0,169962.44792899408,2379.474271005917,16.996244792899407,False,False,False,False,47.85094941237308,47.85094941237309,4785.094941237308,66.99132917732231,289785349.6413314,2926181.2584654386,0.014,1.0637029365229302
27-1014.00,Special Effects Artists and Animators,570138.9244923077,5090.526111538462,26.792242692307692,3.7,65.96769230769232,21280.0,190.0,27,"Arts, Design, Entertainment, Sports, and Media Occupations",99800.0,47.98,62820.0,30.2,322279.51883076923,2877.4957038461534,15.144714230769232,False,True,True,False,56.52648941970588,56.526489419705875,12028.836948513412,107.40032989744117,1200477927.4616385,6746888.724157254,0.008928571428571428,0.6783819748232973
27-1021.00,Commercial and Industrial Designers,727500.1440384616,11062.812107692307,24.049591538461538,3.5288235294117647,78.85823529411765,30250.0,460.0,27,"Arts, Design, Entertainment, Sports, and Media Occupations",79450.0,38.2,66040.0,31.75,128236.05596153847,1950.0358923076926,4.239208461538462,False,False,False,False,17.626945783086864,17.626945783086867,5332.151099383776,81.08395060219958,423639404.846041,5354784.09776926,0.015206611570247936,1.155379812988307
27-1022.00,Fashion Designers,397647.4403653846,6275.641096153846,19.01709423076923,3.8325000000000005,73.712,20910.0,330.0,27,"Arts, Design, Entertainment, Sports, and Media Occupations",80690.0,38.79,58490.0,28.12,110328.01204615385,1741.1881384615385,5.276327692307692,False,False,False,False,27.745183508481087,27.745183508481087,5801.517871623396,91.5591055779876,468124477.0612918,5355292.085256495,0.015781922525107604,1.1990912381381669
27-1023.00,Floral Designers,1454594.9683076923,36219.99423076923,36.21999423076923,4.149333333333334,91.432,40160.0,1000.0,27,"Arts, Design, Entertainment, Sports, and Media Occupations",36120.0,17.37,34910.0,16.79,0.0,0.0,0.0,False,False,False,False,0.0,0.0,0.0,0.0,0.0,0.0,,
27-1024.00,Graphic Designers,9723598.907215385,139323.47916153847,45.38224076923077,4.057894736842105,96.3157894736842,214260.0,3070.0,27,"Arts, Design, Entertainment, Sports, and Media Occupations",61300.0,29.47,59010.0,28.37,5006068.210707692,71728.87803076924,23.364455384615383,False,False,False,False,51.48369712157651,51.48369712157651,110308.96945268982,1580.5495016323991,6761939827.449886,93268226.09132788,0.014328386072995428,1.0886533101056781
27-1025.00,Interior Designers,880038.0720384615,14418.559961538462,12.647859615384615,4.15,95.5,69580.0,1140.0,27,"Arts, Design, Entertainment, Sports, and Media Occupations",63490.0,30.52,60170.0,28.93,118111.08658461538,1935.1342153846151,1.6974861538461536,False,False,False,False,13.421133736979213,13.42113373697921,9338.424854190136,153.000924601563,592896593.9925318,9206065.633276047,0.01638401839609083,1.2448377485691091
27-1026.00,Merchandise Displayers and Window Trimmers,5439882.863446154,55111.03275,28.262068076923075,3.84375,74.54041666666667,192480.0,1950.0,27,"Arts, Design, Entertainment, Sports, and Media Occupations",37350.0,17.96,43260.0,20.8,605704.9654742081,6136.350180147059,3.146846246229261,False,False,False,False,11.134522207165604,11.134522207165604,21431.728344352356,217.12318303972927,800475053.6615605,9392748.898298688,0.010130922693266833,0.7697351584653375
27-1027.00,Set and Exhibit Designers,87264.58865384615,3056.2713076923073,8.04281923076923,3.9125925925925924,82.38962962962962,10850.0,380.0,27,"Arts, Design, Entertainment, Sports, and Media Occupations",66280.0,31.87,35230.0,16.94,40816.202867741325,1429.5075658748115,3.76186201546003,False,False,False,False,46.77292759569132,46.77292759569133,5074.862644132509,177.73712486362703,336361896.0531027,6261678.90894558,0.035023041474654376,2.66100800446816
27-2011.00,Actors,1167558.2286153848,22267.863123076924,30.091706923076924,3.9305555555555554,78.18055555555556,38800.0,740.0,27,"Arts, Design, Entertainment, Sports, and Media Occupations",78000.0,23.33,41288.0,19.85,704011.9573846154,13427.032176923078,18.144638076923076,False,False,False,False,60.29780272453803,60.29780272453803,23395.547457120752,446.20374016158144,1824852701.6554186,18422860.023791373,0.019072164948453606,1.4490798472514146
27-2012.00,Producers and Directors,7416706.323592308,65349.92836923077,51.054631538461535,3.8433333333333333,68.21407407407408,145270.0,1280.0,27,"Arts, Design, Entertainment, Sports, and Media Occupations",83480.0,40.13,71500.0,34.38,259861.64445682694,11447.002235096154,23.153258044871794,True,True,True,True,3.5037337750615154,17.516472505401914,5089.8740550318635,44.84779232078739,424902686.11406,3206617.1509362985,0.04405037249349795,3.3468936125901916
27-2012.03,Media Programming Directors,4257913.371165385,37517.23766153846,29.310341923076923,3.707826086956522,78.23391304347825,145270.0,1280.0,27,"Arts, Design, Entertainment, Sports, and Media Occupations",83480.0,40.13,71500.0,34.38,0.0,0.0,0.0,False,False,False,False,0.0,0.0,0.0,0.0,0.0,0.0,,
27-2012.04,Talent Directors,2529586.0071423077,22288.63556923077,17.412996538461538,3.854,77.14666666666668,145270.0,1280.0,27,"Arts, Design, Entertainment, Sports, and Media Occupations",83480.0,40.13,71500.0,34.38,10144.107519230769,447.1286226923077,1.9697296153846156,False,False,False,False,0.40101848644753707,2.0060834199719437,582.5595552623371,5.133036626528475,48632071.6732999,367012.11879678594,0.044077669902912626,3.348967636486896
27-2012.05,Media Technical Directors/Managers,6180512.094126923,54457.599507692306,42.54499961538462,4.006666666666667,74.58266666666667,145270.0,1280.0,27,"Arts, Design, Entertainment, Sports, and Media Occupations",83480.0,40.13,71500.0,34.38,0.0,0.0,0.0,False,False,False,False,0.0,0.0,0.0,0.0,0.0,0.0,,
27-2021.00,Athletes and Sports Competitors,279605.63462307694,5642.702438461539,19.457594615384618,3.9311111111111114,93.73222222222222,14370.0,290.0,27,"Arts, Design, Entertainment, Sports, and Media Occupations",62360.0,29.980769230769237,178920.0,86.01923076923077,0.0,0.0,0.0,False,False,False,False,0.0,0.0,0.0,0.0,0.0,0.0,,
27-2022.00,Coaches and Scouts,8799725.527,94330.3645,35.06705,4.0381481481481485,76.58666666666667,250940.0,2690.0,27,"Arts, Design, Entertainment, Sports, and Media Occupations",45920.0,22.07692307692308,39920.0,19.192307692307693,0.0,0.0,0.0,False,False,False,False,0.0,0.0,0.0,0.0,0.0,0.0,,
27-2023.00,"Umpires, Referees, and Other Sports Officials",312561.9942,19897.845784615383,20.726922692307692,4.23,70.23875,15080.0,960.0,27,"Arts, Design, Entertainment, Sports, and Media Occupations",38820.0,18.66346153846154,29920.0,14.384615384615383,0.0,0.0,0.0,False,False,False,False,0.0,0.0,0.0,0.0,0.0,0.0,,
27-2031.00,Dancers,345363.0289153846,8005.103319230769,38.11953961538462,3.994285714285714,81.19928571428571,9060.0,210.0,27,"Arts, Design, Entertainment, Sports, and Media Occupations",51020.0,23.97,35547.2,17.09,0.0,0.0,0.0,False,False,False,False,0.0,0.0,0.0,0.0,0.0,0.0,,
27-2032.00,Choreographers,107873.95777307692,5032.021353846154,31.45013346153846,3.8905555555555558,94.61666666666666,3430.0,160.0,27,"Arts, Design, Entertainment, Sports, and Media Occupations",55600.0,26.73,37710.0,18.13,6080.99423076923,283.66153846153844,1.7728846153846152,False,False,False,False,5.6371290683161694,5.63712906831617,193.3535270432446,9.019406509305872,10750456.1036044,340121.81946592446,0.046647230320699715,3.5441997051992686
27-2041.00,Music Directors and Composers,464103.12063461536,4893.22025,37.640155769230766,3.927857142857143,89.15392857142857,12330.0,130.0,27,"Arts, Design, Entertainment, Sports, and Media Occupations",63670.0,30.61,78010.0,37.51,53394.481296263744,1124.2892848351648,10.513154725274726,True,True,True,True,11.50487443895056,22.976470042098857,1418.551018322604,14.956336770635728,90319143.3366002,1166743.831477293,0.02105628255094289,1.5998306844067494
27-2042.00,Musicians and Singers,1557057.3769999999,11368.345907692308,40.601235384615386,3.903703703703704,78.53999999999999,38350.0,280.0,27,"Arts, Design, Entertainment, Sports, and Media Occupations",88296.0,42.45,38979.2,18.74,95010.51401079714,1386.450598653092,8.389044246229261,True,True,True,True,6.101927611290406,12.19571087923143,2340.0892389298706,17.085397311613136,206620519.44055185,665975.1188888306,0.014592601809264326,1.1087280997160207
27-3011.00,Broadcast Announcers and Radio Disc Jockeys,1854899.7113076923,13204.897442307692,77.67586730769231,4.08,74.65791666666667,23880.0,170.0,27,"Arts, Design, Entertainment, Sports, and Media Occupations",45680.0,21.96,49050.0,23.58,171505.18183846155,1220.9330365384615,7.181959038461538,False,True,True,False,9.246062242230417,9.246062242230416,2207.9596634446234,15.718305811791708,100859597.4261504,770982.9000683833,0.007118927973199329,0.5408874707133827
27-3023.00,"News Analysts, Reporters, and Journalists",2918964.862903846,15455.409623076923,70.25186192307692,4.088333333333334,91.34466666666667,41550.0,220.0,27,"Arts, Design, Entertainment, Sports, and Media Occupations",60280.0,28.98,53630.0,25.79,276262.2850769231,2925.5211897435893,13.29782358974359,True,True,True,True,9.464392277819051,18.9287845556381,3932.454991433816,20.821663011201913,237048386.88363042,1116665.7872907587,0.010589651022864017,0.8045887778409648
27-3031.00,Public Relations Specialists,3007429.774488461,28081.777715384615,10.718235769230768,3.8449999999999998,91.16055555555556,280590.0,2620.0,27,"Arts, Design, Entertainment, Sports, and Media Occupations",69780.0,33.55,75700.0,36.39,1443688.4150060439,13480.393625274726,5.145188406593406,False,False,False,False,48.00406071831231,48.00406071831232,134694.5939695125,1257.7063908197824,9398988767.192581,95208373.78505753,0.009337467479240174,0.7094493983825098
27-3041.00,Editors,5149079.004892308,29660.593346153848,53.92835153846154,3.9147619047619044,74.8352380952381,95480.0,550.0,27,"Arts, Design, Entertainment, Sports, and Media Occupations",75260.0,36.18,59860.0,28.78,1505754.3767538462,8673.700326923077,15.770364230769232,False,False,False,False,29.24317873785156,29.24317873785156,27921.38705890067,160.83748305818358,2101363590.0528643,9627731.73586287,0.00576036866359447,0.437665790208579
27-3042.00,Technical Writers,1746883.1579538463,19504.18796923077,31.458367692307693,3.8986666666666663,84.32,55530.0,620.0,27,"Arts, Design, Entertainment, Sports, and Media Occupations",91670.0,44.07,74940.0,36.03,1056001.7079692308,11790.402646153847,19.01677846153846,False,False,False,False,60.45062047573596,60.45062047573596,33568.22955017618,374.7938469495629,3077199602.8646502,28087050.890400246,0.011165135962542769,0.8483134221453227
27-3043.00,Writers and Authors,574849.1794615384,7576.46408076923,12.02613346153846,3.9775,86.27,47800.0,630.0,27,"Arts, Design, Entertainment, Sports, and Media Occupations",72270.0,34.75,61020.0,29.34,159671.7842594231,4205.367182692307,12.015334807692307,True,True,True,True,27.77629158468796,55.505670427006635,13277.067377480846,174.99063698353416,959533659.3705407,10677928.668735255,0.026337572428324175,2.0010966523495566
27-3043.05,"Poets, Lyricists and Creative Writers",607025.8413846154,8000.549792307692,12.699285384615385,3.996875,81.60125,47800.0,630.0,27,"Arts, Design, Entertainment, Sports, and Media Occupations",72270.0,34.75,61020.0,29.34,90195.80993307692,2380.0609538461536,8.500217692307691,False,False,False,False,14.85864419335787,29.748717471073256,7102.431924425062,93.60945841815459,513292755.17819923,5712049.152675793,0.026387710866082364,2.0049061097407033
27-3091.00,Interpreters and Translators,2716131.725630769,35122.393003846155,50.90201884615385,4.187647058823529,70.44529411764705,53360.0,690.0,27,"Arts, Design, Entertainment, Sports, and Media Occupations",59440.0,28.58,65990.0,31.72,1381331.4692923077,17862.04486153846,25.88702153846154,False,False,False,False,50.856571360563166,50.85657136056315,27137.06647799651,350.9103423878858,1613027231.4521124,23156573.494176585,0.012931034482758619,0.9824842393992581
27-3092.00,Court Reporters and Simultaneous Captioners,585477.98505,6443.502765,46.356135,4.707142857142857,81.50285714285714,12630.0,139.0,27,"Arts, Design, Entertainment, Sports, and Media Occupations",67310.0,32.36,84510.0,40.63,92694.4797576923,1020.1530234615384,7.339230384615384,True,True,True,True,15.83227416309704,15.83227416309704,1999.616226799156,22.006861086704884,134594168.22585118,1859799.8304374297,0.0110055423594616,0.8361876946990573
27-4011.00,Audio and Video Technicians,2097721.755692308,57771.161365384614,29.93324423076923,3.3513793103448277,65.14896551724138,70080.0,1930.0,27,"Arts, Design, Entertainment, Sports, and Media Occupations",54830.0,26.36,41600.0,20.0,188915.74426153846,5202.7309706730775,2.695715528846154,False,True,True,False,9.00575797285331,9.005757972853312,6311.235187375599,173.81112887606886,346045025.3238041,7230542.961244465,0.027539954337899547,2.092452164352226
27-4012.00,Broadcast Technicians,1068053.3063076923,14186.666307692309,50.666665384615385,3.923333333333333,65.03407407407407,21080.0,280.0,27,"Arts, Design, Entertainment, Sports, and Media Occupations",53920.0,25.92,34570.0,16.62,44511.18212307692,591.2301230769231,2.1115361538461537,False,False,False,False,4.1675056722546975,4.1675056722546975,878.5101957112903,11.669015882313154,47369269.75275277,403397.8790515657,0.013282732447817837,1.0092058221280173
27-4014.00,Sound Engineering Technicians,437435.0312884615,10726.376246153846,33.51992576923077,4.074285714285714,93.91571428571429,13050.0,320.0,27,"Arts, Design, Entertainment, Sports, and Media Occupations",66430.0,31.94,32880.0,15.81,6882.620192307692,168.76923076923077,0.5274038461538462,False,False,False,False,1.573403980023042,1.573403980023042,205.32921939300698,5.0348927360737346,13640020.044277454,165547.2731621044,0.024521072796934867,1.8630812243422974
27-4021.00,Photographers,2563535.072342308,32525.82075,50.03972423076923,3.972142857142857,83.75071428571428,51230.0,650.0,27,"Arts, Design, Entertainment, Sports, and Media Occupations",42520.0,20.44,47610.0,22.890000000000004,649358.1805,8238.9775,12.67535,False,False,False,False,25.330575247666886,25.330575247666893,12976.853699379744,164.64873910983476,551775819.2976267,7838926.469019233,0.012687878196369316,0.964009521123093
27-4031.00,"Camera Operators, Television, Video, and Film",1252807.5769076922,20487.45015384615,51.218625384615386,4.123333333333333,68.41952380952381,24460.0,400.0,27,"Arts, Design, Entertainment, Sports, and Media Occupations",68810.0,33.08,46600.0,22.41,80644.6388153846,1318.8003076923076,3.297000769230769,False,True,True,False,6.437112953486436,6.437112953486437,1574.5178284227825,25.748451813945746,108342571.77377166,1199877.8545298718,0.016353229762878167,1.2424984657434064
27-4032.00,Film and Video Editors,3147208.1748,57796.96232307692,109.05087230769232,4.173181818181818,72.13636363636364,28860.0,530.0,27,"Arts, Design, Entertainment, Sports, and Media Occupations",70980.0,34.12,62860.0,30.219999999999995,560677.5945,10296.573980769232,19.42749807692308,False,False,False,False,17.815078106030597,17.815078106030597,5141.43154140043,94.41991396196218,364938810.8086026,5935235.791648943,0.018364518364518367,1.3953137222976764
29-1011.00,Chiropractors,2504130.4377076924,29945.753307692306,66.54611846153846,4.585454545454545,98.91818181818181,37630.0,450.0,29,Healthcare Practitioners and Technical Occupations,79000.0,37.98,59920.0,28.81,0.0,0.0,0.0,False,False,False,False,0.0,0.0,0.0,0.0,0.0,0.0,,
29-1021.00,"Dentists, General",10363999.11975,67577.40196153846,91.32081346153846,4.2985,91.54400000000001,113490.0,740.0,29,Healthcare Practitioners and Technical Occupations,172790.0,83.07,132270.0,63.59000000000001,1152944.3425500002,7517.656300000001,10.158995,False,False,False,False,11.124512162037036,11.124512162037036,12625.208852695832,82.32138999907406,2181509837.657313,10888650.255177526,0.006520398272975592,0.4954119135902272
29-1022.00,Oral and Maxillofacial Surgeons,167975.67775,1859.3930557692306,31.515136538461537,4.021428571428571,84.66214285714285,5330.0,59.0,29,Healthcare Practitioners and Technical Occupations,179210.0,86.16,179210.0,86.16,0.0,0.0,0.0,False,False,False,False,0.0,0.0,0.0,0.0,0.0,0.0,,
29-1023.00,Orthodontists,346163.2279615385,6721.616076923076,67.21616076923077,4.8,99.16363636363636,5150.0,100.0,29,Healthcare Practitioners and Technical Occupations,179210.0,86.16,124830.0,60.02,0.0,0.0,0.0,False,False,False,False,0.0,0.0,0.0,0.0,0.0,0.0,,
29-1024.00,Prosthodontists,24369.172,256.5176,32.0647,4.381666666666667,94.665,760.0,8.0,29,Healthcare Practitioners and Technical Occupations,179210.0,86.16000000000001,179210.0,86.16000000000001,0.0,0.0,0.0,False,False,False,False,0.0,0.0,0.0,0.0,0.0,0.0,,
29-1031.00,Dietitians and Nutritionists,2230557.04765,31752.738434615385,29.130952692307694,3.498571428571428,75.11107142857144,76570.0,1090.0,29,Healthcare Practitioners and Technical Occupations,73850.0,35.5,61170.0,29.41,326335.21440000006,4645.492800000001,4.261920000000001,False,False,False,False,14.630211531411403,14.630211531411405,11202.35296960171,159.4693056923843,827293766.8050863,9754737.429203147,0.014235340211571112,1.081583798960796
29-1041.00,Optometrists,2040292.4227269231,19969.441234615384,48.70595423076923,4.642,100.0,41890.0,410.0,29,Healthcare Practitioners and Technical Occupations,134830.0,64.82,124830.0,60.02,408925.99100000004,4002.3790000000004,9.7619,False,False,False,False,20.042518731381453,20.042518731381453,8395.811096575691,82.17432679866396,1132007210.1513004,10257821.21427722,0.00978753879207448,0.7436452681758371
29-1051.00,Pharmacists,30149563.783915386,286029.8568,91.67623615384616,4.049,73.33500000000001,328870.0,3120.0,29,Healthcare Practitioners and Technical Occupations,137480.0,66.1,136230.0,65.5,0.0,0.0,0.0,False,False,False,False,0.0,0.0,0.0,0.0,0.0,0.0,,
29-1071.00,Physician Assistants,13963759.279292308,149925.92256923078,89.77600153846154,4.5475,93.91833333333334,155540.0,1670.0,29,Healthcare Practitioners and Technical Occupations,133260.0,64.07,134390.0,64.61,606093.7958,13018.5351,8.6617,False,False,False,False,4.34047725743033,8.683311649450399,6751.178326207137,72.48597019908651,899662023.750363,9741389.535055235,0.021479406636750794,1.631979136734424
29-1071.01,Anesthesiologist Assistants,8131873.962046154,87310.20648461538,52.281560769230765,4.38375,70.791875,155540.0,1670.0,29,Healthcare Practitioners and Technical Occupations,133260.0,64.07,134390.0,64.61,0.0,0.0,0.0,False,False,False,False,0.0,0.0,0.0,0.0,0.0,0.0,,
29-1081.00,Podiatrists,546839.9347384615,5169.705265384615,57.44116961538461,4.2309090909090905,93.8,9520.0,90.0,29,Healthcare Practitioners and Technical Occupations,152800.0,73.46,146330.0,70.35,0.0,0.0,0.0,False,False,False,False,0.0,0.0,0.0,0.0,0.0,0.0,,
29-1122.00,Occupational Therapists,8061842.5362,51352.68755,52.940915000000004,4.148823529411764,96.79058823529412,152280.0,970.0,29,Healthcare Practitioners and Technical Occupations,98340.0,47.28,93310.0,44.86,0.0,0.0,0.0,False,False,False,False,0.0,0.0,0.0,0.0,0.0,0.0,,
29-1122.01,"Low Vision Therapists, Orientation and Mobility Specialists, and Vision Rehabilitation Therapists",3278645.8564153844,20884.465988461536,21.530377307692305,4.1657142857142855,90.88952380952381,152280.0,970.0,29,Healthcare Practitioners and Technical Occupations,98340.0,47.28,93310.0,44.86,44510.332590769234,566.965516923077,0.6435476923076924,False,False,False,False,1.3575828113205664,2.714771434597944,2067.3271050789585,13.168553269809493,203300947.51346478,1228757.705605924,0.012737840495055231,0.9678055956822105
29-1123.00,Physical Therapists,21100812.31413846,197743.20352307693,84.8683276923077,4.27125,94.36375,248630.0,2330.0,29,Healthcare Practitioners and Technical Occupations,101020.0,48.57,97580.0,46.91,2452464.325807693,22982.913884615387,9.86391153846154,False,False,False,False,11.62260622622777,11.622606226227768,28897.2858602701,270.80672507110705,2919203817.6044855,26425320.232438628,0.009371355025539957,0.7120241328475552
29-1124.00,Radiation Therapists,2046201.8216538462,9848.030157692308,109.4225573076923,4.492272727272727,85.23590909090909,18700.0,90.0,29,Healthcare Practitioners and Technical Occupations,101990.0,49.03,104040.0,50.02,0.0,0.0,0.0,False,False,False,False,0.0,0.0,0.0,0.0,0.0,0.0,,
29-1125.00,Recreational Therapists,298476.3352846154,5152.9779,19.81914576923077,4.443636363636364,95.93454545454546,15060.0,260.0,29,Healthcare Practitioners and Technical Occupations,60280.0,28.980000000000004,51490.0,24.75,18728.587038461537,323.33549999999997,1.2435980769230768,False,False,False,False,6.274730966728965,6.274730966728965,944.9744835893821,16.314300513495308,56963061.87076795,840023.3334398734,0.017264276228419653,1.311718665793786
29-1126.00,Respiratory Therapists,8382616.582623078,62676.06593076923,61.44712346153846,4.460909090909091,90.67090909090909,136420.0,1020.0,29,Healthcare Practitioners and Technical Occupations,80450.0,38.68,78990.0,37.98,0.0,0.0,0.0,False,False,False,False,0.0,0.0,0.0,0.0,0.0,0.0,,
29-1127.00,Speech-Language Pathologists,7659674.763365385,62120.52355769231,42.841740384615385,4.336086956521739,87.18173913043479,178790.0,1450.0,29,Healthcare Practitioners and Technical Occupations,95410.0,45.87,85320.0,41.02,0.0,0.0,0.0,False,False,False,False,0.0,0.0,0.0,0.0,0.0,0.0,,
29-1128.00,Exercise Physiologists,488170.3455384615,12640.66246153846,60.193630769230765,4.072,93.4104,8110.0,210.0,29,Healthcare Practitioners and Technical Occupations,58160.0,27.96,33540.0,16.13,51999.32369230769,1346.4683076923077,6.411753846153846,False,False,False,False,10.651880878784517,10.65188087878452,863.8675392694244,22.36894984544749,50242536.08390972,750254.5778163088,0.025893958076448828,1.9673913745800191
29-1129.01,Art Therapists,772345.7793692307,5196.94365,39.976489615384615,3.9336,94.62639999999999,19320.0,130.0,29,Healthcare Practitioners and Technical Occupations,65010.0,31.26,59660.0,28.68,52846.51986923077,711.1850499999999,5.470654230769231,True,False,True,False,6.842339439258688,13.684678878517376,1321.9399796647785,8.895041271036295,85939318.07800725,530678.1622300254,0.013457556935817804,1.022488773646709
29-1129.02,Music Therapists,1344922.9742307693,9049.68875,69.61299038461539,4.171666666666667,97.69133333333335,19320.0,130.0,29,Healthcare Practitioners and Technical Occupations,65010.0,31.26,59660.0,28.68,88030.20530769232,1184.6715,9.112857692307692,True,False,True,False,6.54537151899285,13.0907430379857,1264.5657774694184,8.508982974690705,82209421.1932869,507645.92427004746,0.013457556935817802,1.022488773646709
29-1131.00,Veterinarians,4548638.2436,34976.5064,56.41372,4.175238095238096,80.99095238095238,80630.0,620.0,29,Healthcare Practitioners and Technical Occupations,125510.0,60.34,121850.0,58.580000000000005,369718.8792846154,2842.9332153846153,4.585376153846154,False,False,False,False,8.128122296927334,8.128122296927334,6553.705008012509,50.394358240949465,822555515.55565,6140552.551659692,0.007689445615775765,0.5842347058381466
29-1141.00,Registered Nurses,235801173.82881537,1852204.6737538462,71.84657384615385,4.264074074074074,69.25703703703704,3282010.0,25780.0,29,Healthcare Practitioners and Technical Occupations,93600.0,45.0,82270.0,39.55,0.0,0.0,0.0,False,False,False,False,0.0,0.0,0.0,0.0,0.0,0.0,,
29-1141.01,Acute Care Nurses,180622652.10079613,1418780.5555615383,55.03415653846154,4.318846153846154,88.01923076923077,3282010.0,25780.0,29,Healthcare Practitioners and Technical Occupations,93600.0,45.0,82270.0,39.55,671628.9684184616,26376.810923076926,8.37359076923077,False,False,False,False,0.37184094055028066,1.8591184394007476,12203.856852954268,95.86059447386235,1142281001.4365194,7886451.1073646555,0.03927289048473968,2.98390635245436
29-1141.02,Advanced Practice Psychiatric Nurses,332808312.1465423,2614190.1722230767,101.40380807692308,4.182916666666666,91.04041666666666,3282010.0,25780.0,29,Healthcare Practitioners and Technical Occupations,93600.0,45.0,82270.0,39.55,2109576.9883499998,82850.75279999999,8.587349999999999,False,False,False,False,0.6338714843820096,3.1692703032979685,20803.725504565995,163.41206867368206,1947228707.2273772,13443910.889783822,0.03927363317742743,2.9839627813395673
29-1141.03,Critical Care Nurses,335421361.4090462,2634715.5240615383,102.19998153846154,4.2027586206896554,97.13172413793104,3282010.0,25780.0,29,Healthcare Practitioners and Technical Occupations,93600.0,45.0,82270.0,39.55,1752219.5483,68818.8332,8.555299999999999,False,False,False,False,0.5223935473099368,2.612002418155282,17145.008462066857,134.67305649650172,1604772792.0494578,11079552.357967196,0.039275234240348414,2.9840844281488965
29-1141.04,Clinical Nurse Specialists,75492050.51850384,592985.7198384615,23.001773461538463,3.951,96.31733333333334,3282010.0,25780.0,29,Healthcare Practitioners and Technical Occupations,93600.0,45.0,82270.0,39.55,148343.35076538462,5826.310663076923,1.2235007692307693,False,False,False,False,0.19650194920725356,0.9825381064259188,6449.213623176982,50.65820250562997,603646395.1293654,4167650.320138178,0.03927584642665677,2.9841309413184605
29-1151.00,Nurse Anesthetists,3970795.0411538463,43769.43888461538,78.86385384615384,4.474166666666666,99.07458333333334,50350.0,555.0,29,Healthcare Practitioners and Technical Occupations,223210.0,107.31,122040.0,58.68,0.0,0.0,0.0,False,False,False,False,0.0,0.0,0.0,0.0,0.0,0.0,,
29-1161.00,Nurse Midwives,820111.8955846154,9904.733038461538,99.04733038461538,4.5561904761904755,96.68142857142857,8280.0,100.0,29,Healthcare Practitioners and Technical Occupations,128790.0,61.92,138020.0,66.36,185872.41124615385,2244.8358846153847,22.448358846153845,False,False,False,False,22.664274502890244,22.664274502890247,1876.6019288393122,22.664274502890244,241687562.41521502,3128123.1668889113,0.012077294685990338,0.9176181301957645
29-1171.00,Nurse Practitioners,37060865.97175384,344819.5344,120.56627076923077,4.53,98.06666666666668,307390.0,2860.0,29,Healthcare Practitioners and Technical Occupations,129210.0,62.12,125700.0,60.43,5373747.881357692,49998.1097,17.48185653846154,False,False,False,False,14.499790386585476,14.499790386585476,44570.9056693251,414.6940050563446,5759006721.533496,52127036.43558252,0.009304141318845766,0.7069173173343265
29-1181.00,Audiologists,902729.2397307693,9192.762115384616,61.28508076923077,4.264545454545455,97.31318181818182,14730.0,150.0,29,Healthcare Practitioners and Technical Occupations,92120.0,44.29,96520.0,46.4,0.0,0.0,0.0,False,False,False,False,0.0,0.0,0.0,0.0,0.0,0.0,,
29-1211.00,Anesthesiologists,2789186.4239846156,47940.18203076923,66.58358615384616,4.318888888888889,91.81333333333333,41890.0,720.0,29,Healthcare Practitioners and Technical Occupations,257920.0,124.0,257920.0,124.0,0.0,0.0,0.0,False,False,False,False,0.0,0.0,0.0,0.0,0.0,0.0,,
29-1213.00,Dermatologists,866560.5415384616,9542.482153846153,85.96830769230769,4.286666666666666,91.38111111111111,10080.0,111.0,29,Healthcare Practitioners and Technical Occupations,249103.6,119.76134615384616,249103.6,119.76134615384616,0.0,0.0,0.0,False,False,False,False,0.0,0.0,0.0,0.0,0.0,0.0,,
29-1215.00,Family Medicine Physicians,8936731.469519231,53810.79625,82.78584038461538,4.508333333333334,89.08083333333333,107950.0,650.0,29,Healthcare Practitioners and Technical Occupations,238380.0,114.61,238380.0,114.61,267066.74302884616,1608.090625,2.4739855769230767,True,True,True,True,2.988416334761075,2.9884163347610753,3225.9954333745804,19.424706175946984,769012791.4078325,4630461.458222242,0.006021306160259379,0.4574915031693937
29-1216.00,General Internal Medicine Physicians,5927426.798461539,10673.637692307693,88.94698076923076,4.106842105263158,87.01368421052632,66640.0,120.0,29,Healthcare Practitioners and Technical Occupations,236350.0,113.63,236350.0,113.63,119781.3375230769,215.6926846153846,1.7974390384615382,True,True,True,True,2.020798258599602,2.020798258599602,1346.6599595307748,2.424957910319522,318283081.43509865,573138.802104019,0.0018007202881152463,0.13681653273747177
29-1217.00,Neurologists,663262.3038461539,5168.277692307693,86.13796153846154,4.377916666666667,94.18041666666666,7700.0,60.0,29,Healthcare Practitioners and Technical Occupations,249103.6,119.76134615384616,249103.6,119.76134615384616,0.0,0.0,0.0,False,False,False,False,0.0,0.0,0.0,0.0,0.0,0.0,,
29-1218.00,Obstetricians and Gynecologists,1347258.2809615384,12863.27001923077,67.70142115384616,4.42,89.84400000000001,19900.0,190.0,29,Healthcare Practitioners and Technical Occupations,257920.0,124.0,257920.0,124.0,187466.95500000002,1789.8855,9.42045,True,False,True,False,13.914700518018327,13.914700518018327,2769.025403085647,26.43793098423482,714187031.9638501,6818871.159453846,0.009547738693467336,0.7254255489567722
29-1221.00,"Pediatricians, General",4179698.0105538466,24323.19605769231,97.29278423076924,4.201764705882353,78.97411764705882,42960.0,250.0,29,Healthcare Practitioners and Technical Occupations,210130.0,101.03,194160.0,93.35,59771.33852307692,347.83134615384614,1.3913253846153846,True,False,True,False,1.4300396433463072,1.4300396433463072,614.3450307815735,3.575099108365768,129092321.31813204,694141.2428802976,0.005819366852886406,0.4421484007228195
29-1222.00,"Physicians, Pathologists",819454.4991538461,9027.88855,69.44529653846153,4.099473684210526,79.38052631578948,11800.0,130.0,29,Healthcare Practitioners and Technical Occupations,266020.0,127.89423076923076,266020.0,127.89423076923076,233933.59156410256,2577.234483333333,19.82488064102564,True,True,True,True,28.547477841131897,28.54747784113189,3368.602385253564,37.11172119347147,896115606.5251532,9872460.071887279,0.011016949152542373,0.8370543689345094
29-1223.00,Psychiatrists,874342.5713846154,4583.24735,35.25574884615385,4.090833333333333,93.935,24800.0,130.0,29,Healthcare Practitioners and Technical Occupations,257920.0,124.0,257920.0,124.0,88297.60523076924,462.85035000000005,3.560387307692308,True,False,True,False,10.098742543319206,10.098742543319206,2504.4881507431633,13.128365306314969,645957583.8396766,3386067.9798047566,0.005241935483870967,0.39827586908980683
29-1224.00,Radiologists,2132022.3235807694,19463.117446153847,81.0963226923077,4.628235294117647,87.97529411764705,26290.0,240.0,29,Healthcare Practitioners and Technical Occupations,249103.6,119.76134615384616,249103.6,119.76134615384616,416917.30296669697,7612.031396881497,31.71679748700624,True,True,True,True,19.55501583428437,39.11003166856874,5141.01366283336,46.93203800228249,1280645011.0609763,11690939.621705377,0.018257892734880182,1.3872124369151946
29-1229.01,Allergists and Immunologists,26908317.967569232,298640.0078846154,85.32571653846153,4.4175,93.426875,315360.0,3500.0,29,Healthcare Practitioners and Technical Occupations,249103.6,119.76134615384616,232740.0,111.89,790767.828,52657.674999999996,15.045049999999998,True,False,True,False,2.9387486388151753,17.632491832891052,9267.637707367538,102.85620235853114,2308601916.401,23938752.536924537,0.06659056316590563,5.05946982744925
29-1229.02,Hospitalists,17098597.35636923,189767.5378846154,54.219296538461535,4.503571428571428,97.42857142857143,315360.0,3500.0,29,Healthcare Practitioners and Technical Occupations,249103.6,119.76134615384616,232740.0,111.89,0.0,0.0,0.0,False,False,False,False,0.0,0.0,0.0,0.0,0.0,0.0,,
29-1229.03,Urologists,12950300.124553846,143727.96307692307,41.06513230769231,4.5928571428571425,97.90714285714286,315360.0,3500.0,29,Healthcare Practitioners and Technical Occupations,249103.6,119.76134615384616,232740.0,111.89,0.0,0.0,0.0,False,False,False,False,0.0,0.0,0.0,0.0,0.0,0.0,,
29-1229.04,Physical Medicine and Rehabilitation Physicians,19568533.627938464,217179.94576923078,62.051413076923076,4.3406666666666665,93.234,315360.0,3500.0,29,Healthcare Practitioners and Technical Occupations,249103.6,119.76134615384616,232740.0,111.89,394377.69323076925,26261.832692307693,7.50338076923077,True,False,True,False,2.0153666121804177,12.092199673082508,6355.6601481721655,70.53783142631461,1583217823.2862198,16416974.886160463,0.06659056316590563,5.05946982744925
29-1229.05,Preventive Medicine Physicians,5224033.857046153,57978.55942307692,16.565302692307693,4.066,96.842,315360.0,3500.0,29,Healthcare Practitioners and Technical Occupations,249103.6,119.76134615384616,232740.0,111.89,0.0,0.0,0.0,False,False,False,False,0.0,0.0,0.0,0.0,0.0,0.0,,
29-1229.06,Sports Medicine Physicians,17578218.676984616,195090.58019230768,55.74016576923077,3.854074074074074,94.62444444444445,315360.0,3500.0,29,Healthcare Practitioners and Technical Occupations,249103.6,119.76134615384616,232740.0,111.89,0.0,0.0,0.0,False,False,False,False,0.0,0.0,0.0,0.0,0.0,0.0,,
29-1241.00,"Ophthalmologists, Except Pediatric",1082915.2454346153,5365.3934538461535,89.42322423076924,4.405555555555555,91.53666666666668,12110.0,60.0,29,Healthcare Practitioners and Technical Occupations,301500.0,144.95192307692307,168530.0,81.02,102383.995,507.27,8.4545,True,True,True,True,9.45447904918075,9.45447904918075,1144.9374128557888,5.67268742950845,345198629.97602034,956018.012495059,0.00495458298926507,0.37644317678055805
29-1291.00,Acupuncturists,868517.356,9570.1557,102.9049,4.512222222222222,99.89722222222223,8440.0,93.0,29,Healthcare Practitioners and Technical Occupations,78140.0,37.57,78140.0,37.57,142580.0622769231,1571.0836246153847,16.89337230769231,True,False,True,False,16.41648969844226,16.41648969844226,1385.5517305485266,15.2673354195513,108267012.22506186,1192989.5896837385,0.011018957345971563,0.8372069490236334
29-1292.00,Dental Hygienists,18496249.963507693,332657.25501538464,84.43077538461539,4.2875,88.12625,219070.0,3940.0,29,Healthcare Practitioners and Technical Occupations,94260.0,45.32,82610.0,39.72,1794772.5140423079,32279.197084615385,8.192689615384616,True,False,True,False,9.7034399815277,9.703439981527698,21257.32596753273,382.3155352721913,2003715545.6996353,31583086.368835725,0.01798511891176336,1.3664874142969126
29-1299.01,Naturopathic Physicians,2239202.075573077,16683.39738846154,72.53651038461538,4.168,91.975,30870.0,230.0,29,Healthcare Practitioners and Technical Occupations,113730.0,54.67999999999999,113730.0,54.67999999999999,85008.85615384617,1266.7338461538463,5.507538461538462,True,False,True,False,3.7963905572073,7.5927811144146,1171.9457650098934,8.73169828157679,133285391.85457517,993056.0455637283,0.014901198574667963,1.132174905827544
29-1299.02,Orthoptists,2453309.331092308,18278.624753846154,79.47228153846154,4.27875,93.750625,30870.0,230.0,29,Healthcare Practitioners and Technical Occupations,113730.0,54.68,113730.0,54.68,159021.02874807693,2369.603926923077,10.302625769230769,True,False,True,False,6.48189882672784,12.96379765345568,2000.9621678108842,14.908367301474032,227569427.34513187,1695528.6131966417,0.014901198574667962,1.1321749058275439
29-2011.00,Medical and Clinical Laboratory Technologists,12574163.327015383,138482.94382423075,73.3101873076923,4.586666666666667,82.60066666666667,171520.0,1889.0,29,Healthcare Practitioners and Technical Occupations,61890.0,29.75,61890.0,29.75,390648.7569230769,4300.051615384615,9.110278846153845,False,False,False,False,3.1067574578403514,3.1051128006366246,5328.71039168777,58.68664837860424,329793886.1415561,3632116.6681518164,0.011007462686567163,0.8363335988120054
29-2011.01,Cytogenetic Technologists,16711070.369476922,184043.91282615386,97.42928153846154,4.625333333333333,93.49266666666668,171520.0,1889.0,29,Healthcare Practitioners and Technical Occupations,61890.0,29.75,61890.0,29.75,136467.69452307693,1502.1630553846155,3.1825488461538463,False,False,False,False,0.816630482104472,0.8161981737497314,1400.6846029055905,15.426149806953477,86688370.073827,954724.4115523507,0.011007462686567165,0.8363335988120055
29-2011.02,Cytotechnologists,10731611.969969232,118190.38602653846,62.56770038461539,4.409230769230769,95.00461538461538,171520.0,1889.0,29,Healthcare Practitioners and Technical Occupations,61890.0,29.75,61890.0,29.75,0.0,0.0,0.0,False,False,False,False,0.0,0.0,0.0,0.0,0.0,0.0,,
29-2011.04,Histotechnologists,7950070.480738461,87556.45486307691,46.350690769230766,4.271875,92.2625,171520.0,1889.0,29,Healthcare Practitioners and Technical Occupations,61890.0,29.75,61890.0,29.75,35940.346153846156,395.61201923076925,0.5587740384615385,True,True,True,True,0.45207581795561325,0.45183649777670615,775.4004429574679,8.539712201181533,47989533.41463769,528522.7881311252,0.011007462686567163,0.8363335988120054
29-2012.00,Medical and Clinical Laboratory Technicians,9284982.99963077,102258.23744346153,54.13352961538462,4.536153846153846,60.41230769230769,171520.0,1889.0,29,Healthcare Practitioners and Technical Occupations,61890.0,29.75,61890.0,29.75,483123.41858461546,5323.596438461539,5.633435384615385,False,False,False,False,5.203277363069243,5.206031877290032,8924.661333136366,98.289909388378,552347289.9078097,6083162.492046715,0.011019123134328358,0.8372195454209165
29-2031.00,Cardiovascular Technologists and Technicians,8072176.475623077,98956.06990384616,131.94142653846154,4.497619047619048,66.77904761904762,61180.0,750.0,29,Healthcare Practitioners and Technical Occupations,67260.0,32.34,89420.0,42.99,472790.28655384615,5795.892692307692,7.727856923076923,False,False,False,False,5.85703605442239,5.857036054422389,3583.3346580956186,43.92777040816792,241015089.1035113,3928021.229898376,0.012258908139915006,0.931416899070889
29-2032.00,Diagnostic Medical Sonographers,11504387.086753845,87819.74875384616,133.0602253846154,4.433,88.42,86460.0,660.0,29,Healthcare Practitioners and Technical Occupations,89340.0,42.95,91140.0,43.82,0.0,0.0,0.0,False,False,False,False,0.0,0.0,0.0,0.0,0.0,0.0,,
29-2033.00,Nuclear Medicine Technologists,1455359.1392,9439.2397,85.81127,4.554117647058824,84.23235294117647,16960.0,110.0,29,Healthcare Practitioners and Technical Occupations,97020.0,46.64,106720.0,51.31,129842.41366153846,842.1382961538462,7.6558026923076925,False,False,False,False,8.921675081032705,8.921675081032705,1513.1160937431466,9.813842589135975,146802523.4149601,1047333.2811125913,0.006485849056603774,0.4927869062395651
29-2034.00,Radiologic Technologists and Technicians,44056765.530961536,311508.5005769231,197.15727884615384,4.567407407407408,92.21000000000001,223460.0,1580.0,29,Healthcare Practitioners and Technical Occupations,77660.0,37.34,80080.0,38.5,0.0,0.0,0.0,False,False,False,False,0.0,0.0,0.0,0.0,0.0,0.0,,
29-2035.00,Magnetic Resonance Imaging Technologists,5230142.749161539,39040.314284615386,125.9364976923077,4.4425,88.75916666666666,41530.0,310.0,29,Healthcare Practitioners and Technical Occupations,88180.0,42.4,86680.0,41.67,257449.26192307696,1921.7257692307696,6.199115384615386,False,False,False,False,4.922413675312199,4.922413675312199,2044.278399357156,15.259482393467815,180264469.25531402,1322691.9338657903,0.00746448350589935,0.5671423589180083
29-2036.00,Medical Dosimetrists,247894.7338923077,2747.447932307692,62.44199846153846,4.165263157894737,85.9278947368421,3970.0,44.0,29,Healthcare Practitioners and Technical Occupations,138110.0,66.4,138110.0,66.4,0.0,0.0,0.0,False,False,False,False,0.0,0.0,0.0,0.0,0.0,0.0,,
29-2051.00,Dietetic Technicians,481862.3937307692,10457.781500000001,16.088894615384618,4.229230769230769,78.5576923076923,29950.0,650.0,29,Healthcare Practitioners and Technical Occupations,37040.0,17.81,39180.0,18.84,151655.99496153847,3291.3655000000003,5.0636392307692315,False,False,False,False,31.47288456925592,31.472884569255914,9426.128928492148,204.5737497001635,349143815.51134914,8015199.513252405,0.021702838063439065,1.6489551842115542
29-2052.00,Pharmacy Technicians,68474530.28510769,753624.0113769231,140.33966692307692,4.446666666666666,70.90523809523809,487920.0,5370.0,29,Healthcare Practitioners and Technical Occupations,43460.0,20.9,46760.0,22.48,4604485.276430769,50676.5165076923,9.436967692307691,False,False,False,False,6.7243765780634845,6.7243765780634845,32809.578199687356,361.0990222420091,1425904268.5584126,16884990.280036345,0.01100590260698475,0.8362150658667895
29-2053.00,Psychiatric Technicians,4618900.796807692,63708.97650769231,33.88775346153846,4.24,79.203125,136300.0,1880.0,29,Healthcare Practitioners and Technical Occupations,42590.0,20.47,39340.0,18.91,0.0,0.0,0.0,False,False,False,False,0.0,0.0,0.0,0.0,0.0,0.0,,
29-2055.00,Surgical Technologists,10411336.087976923,95072.3464,91.4157176923077,4.644375,86.790625,113890.0,1040.0,29,Healthcare Practitioners and Technical Occupations,62830.0,30.21,63380.0,30.47,0.0,0.0,0.0,False,False,False,False,0.0,0.0,0.0,0.0,0.0,0.0,,
29-2056.00,Veterinary Technologists and Technicians,12683812.769707693,153573.42601153845,96.58706038461538,4.352258064516128,94.22290322580645,131320.0,1590.0,29,Healthcare Practitioners and Technical Occupations,45980.0,22.11,39400.0,18.94,0.0,0.0,0.0,False,False,False,False,0.0,0.0,0.0,0.0,0.0,0.0,,
29-2057.00,Ophthalmic Medical Technicians,7125207.330692308,69836.71586538461,93.11562115384615,4.3625,91.2325,76520.0,750.0,29,Healthcare Practitioners and Technical Occupations,44080.0,21.19,36000.0,17.31,0.0,0.0,0.0,False,False,False,False,0.0,0.0,0.0,0.0,0.0,0.0,,
29-2061.00,Licensed Practical and Licensed Vocational Nurses,31443231.118084617,84023.6241,49.71812076923077,4.185,79.43272727272728,632430.0,1690.0,29,Healthcare Practitioners and Technical Occupations,62340.0,29.969999999999995,61710.0,29.67,0.0,0.0,0.0,False,False,False,False,0.0,0.0,0.0,0.0,0.0,0.0,,
29-2081.00,"Opticians, Dispensing",7610661.2259,64942.27172307692,95.50334076923076,4.458571428571428,95.77285714285715,79690.0,680.0,29,Healthcare Practitioners and Technical Occupations,46560.0,22.38,39760.0,19.12,0.0,0.0,0.0,False,False,False,False,0.0,0.0,0.0,0.0,0.0,0.0,,
29-2091.00,Orthotists and Prosthetists,479682.29993076925,4830.637461538461,48.30637461538461,4.241333333333333,96.19066666666666,9930.0,100.0,29,Healthcare Practitioners and Technical Occupations,78310.0,37.65,92070.0,44.26,0.0,0.0,0.0,False,False,False,False,0.0,0.0,0.0,0.0,0.0,0.0,,
29-2092.00,Hearing Aid Specialists,388114.2052153846,9170.940576923078,36.683762307692305,4.469090909090909,83.32636363636364,10580.0,250.0,29,Healthcare Practitioners and Technical Occupations,61560.0,29.6,47710.0,22.94,0.0,0.0,0.0,False,False,False,False,0.0,0.0,0.0,0.0,0.0,0.0,,
29-2099.01,Neurodiagnostic Technologists,9168466.565769231,75850.80923076923,52.674173076923076,4.6425,96.77374999999999,174060.0,1440.0,29,Healthcare Practitioners and Technical Occupations,48790.0,23.46,44360.0,21.33,162563.5043653846,2689.7787692307693,1.8679019230769232,False,False,False,False,1.7730719002926918,3.5461438005853845,3086.208949649459,25.532235364214763,150576134.6533971,1132609.9607565668,0.016546018614270942,1.257146327697362
29-2099.05,Ophthalmic Medical Technologists,22901740.715907693,189466.31409230767,131.57382923076923,4.204516129032259,91.53645161290324,174060.0,1440.0,29,Healthcare Practitioners and Technical Occupations,48790.0,23.46,44360.0,21.33,0.0,0.0,0.0,False,False,False,False,0.0,0.0,0.0,0.0,0.0,0.0,,
29-2099.08,Patient Representatives,4858475.725107692,40194.21489230769,27.91264923076923,3.8576923076923078,74.70846153846153,174060.0,1440.0,29,Healthcare Practitioners and Technical Occupations,48790.0,23.46,44360.0,21.33,814643.5451192308,13479.107261538462,9.360491153846153,True,False,True,False,16.767471758875022,33.53494351775005,29185.461343497864,241.45159332780034,1423958658.9492607,10710792.680021223,0.016546018614270942,1.257146327697362
29-9091.00,Athletic Trainers,1247761.9134807691,15516.210323076923,43.10058423076923,3.866521739130435,90.05,28950.0,360.0,29,Healthcare Practitioners and Technical Occupations,60250.0,29.76,63190.0,30.37980769230769,73212.38988461539,910.4131384615386,2.528925384615385,False,False,False,False,5.8674967630949215,5.8674967630949215,1698.6403129159798,21.122988347141717,102343078.85318778,1334761.6336558852,0.012435233160621763,0.9448138592357636
29-9092.00,Genetic Counselors,112125.94829999999,1597.2357307692307,31.944714615384616,4.189473684210526,96.79578947368421,3510.0,50.0,29,Healthcare Practitioners and Technical Occupations,98910.0,47.55,91620.0,44.05,3340.9192499999995,47.5914423076923,0.951828846153846,False,False,False,False,2.979612926939232,2.9796129269392315,104.58441373556705,1.489806463469616,10344444.362584937,136496.06818308623,0.014245014245014244,1.0823188202309018
29-9093.00,Surgical Assistants,2103065.760253846,30359.21701153846,91.99762730769231,4.3525,80.23285714285714,22860.0,330.0,29,Healthcare Practitioners and Technical Occupations,60290.0,28.99,44720.0,21.5,0.0,0.0,0.0,False,False,False,False,0.0,0.0,0.0,0.0,0.0,0.0,,
29-9099.01,Midwives,1863258.1822730768,8567.86288846154,50.39919346153846,4.206388888888889,95.08111111111111,36970.0,170.0,29,Healthcare Practitioners and Technical Occupations,64030.0,30.78,62110.0,29.86,0.0,0.0,0.0,False,False,False,False,0.0,0.0,0.0,0.0,0.0,0.0,,
31-1121.00,Home Health Aides,33793837.91325,372227.5827461539,16.947167307692308,3.953333333333333,76.62066666666666,1994070.0,21964.0,31,Healthcare Support Occupations,34900.0,16.78,34900.0,16.78,663925.9899749999,7312.918023846153,0.6659003846153846,True,False,True,False,1.9646362501924814,1.9646362501924814,39176.22207421321,431.5127059922766,1367250150.390041,15059793.439130453,0.011014658462340841,0.8368803250849355
31-1122.00,Personal Care Aides,59606573.2449,656546.046403077,29.891916153846154,4.337272727272727,81.1590909090909,1994070.0,21964.0,31,Healthcare Support Occupations,34900.0,16.78,34900.0,16.78,33152577.9801,365164.32359692303,8.312791923076922,True,False,True,False,55.61899665644102,55.61899665644101,1109081.7266270935,12216.156425620706,38706952259.28556,426343859.2541626,0.01101465846234084,0.8368803250849354
31-1131.00,Nursing Assistants,125412376.97866154,1115535.429,90.32675538461538,4.266666666666667,78.1590909090909,1388430.0,12350.0,31,Healthcare Support Occupations,39530.0,19.01,38500.0,18.51,0.0,0.0,0.0,False,False,False,False,0.0,0.0,0.0,0.0,0.0,0.0,,
31-1132.00,Orderlies,3836191.2979076924,42254.54013538462,72.35366461538462,4.123181818181818,60.05227272727273,53020.0,584.0,31,Healthcare Support Occupations,37700.0,18.12,37700.0,18.12,0.0,0.0,0.0,False,False,False,False,0.0,0.0,0.0,0.0,0.0,0.0,,
31-1133.00,Psychiatric Aides,1670925.7433076925,6224.0787,47.87752846153846,4.208235294117648,85.20882352941176,34900.0,130.0,31,Healthcare Support Occupations,41590.0,20.0,35390.0,17.02,0.0,0.0,0.0,False,False,False,False,0.0,0.0,0.0,0.0,0.0,0.0,,
31-2011.00,Occupational Therapy Assistants,3643796.72685,17492.658050000002,76.055035,4.462727272727272,94.48363636363636,47910.0,230.0,31,Healthcare Support Occupations,68340.0,32.86,61280.0,29.46,107468.63470384617,515.9212269230769,2.2431357692307694,False,False,False,False,2.949358670639977,2.9493586706399766,1413.0377391036131,6.7835249424719475,96566999.09034093,415694.40847468097,0.004800667919014819,0.3647488973376777
31-2012.00,Occupational Therapy Aides,276751.11346153845,3044.2622480769232,55.35022269230769,4.003333333333333,78.128,5000.0,55.0,31,Healthcare Support Occupations,37370.0,17.969999999999995,37370.0,17.969999999999995,0.0,0.0,0.0,False,False,False,False,0.0,0.0,0.0,0.0,0.0,0.0,,
31-2021.00,Physical Therapist Assistants,10524578.689342307,76003.8087,97.44078038461538,4.143809523809524,90.6252380952381,108010.0,780.0,31,Healthcare Support Occupations,65510.0,31.5,61110.0,29.380000000000003,0.0,0.0,0.0,False,False,False,False,0.0,0.0,0.0,0.0,0.0,0.0,,
31-2022.00,Physical Therapist Aides,3875116.3004423077,73962.6833076923,88.05081346153847,4.0063157894736845,76.97,44010.0,840.0,31,Healthcare Support Occupations,34520.0,16.59,27860.0,13.39,0.0,0.0,0.0,False,False,False,False,0.0,0.0,0.0,0.0,0.0,0.0,,
31-9011.00,Massage Therapists,5095316.207261538,96558.47039999999,53.05410461538462,3.9650000000000003,92.85642857142857,96040.0,1820.0,31,Healthcare Support Occupations,57950.0,27.86,61010.0,29.33,0.0,0.0,0.0,False,False,False,False,0.0,0.0,0.0,0.0,0.0,0.0,,
31-9091.00,Dental Assistants,27627779.482642308,464350.9803038462,73.58969576923077,4.30625,85.090625,375430.0,6310.0,31,Healthcare Support Occupations,47300.0,22.74,37320.0,17.94,0.0,0.0,0.0,False,False,False,False,0.0,0.0,0.0,0.0,0.0,0.0,,
31-9092.00,Medical Assistants,76086946.97365385,926322.5717307692,95.89260576923077,4.4079999999999995,86.29350000000001,793460.0,9660.0,31,Healthcare Support Occupations,44200.0,21.25,43040.0,20.69,0.0,0.0,0.0,False,False,False,False,0.0,0.0,0.0,0.0,0.0,0.0,,
31-9093.00,Medical Equipment Preparers,4564384.713584615,42030.48045769231,62.73206038461539,4.469333333333333,79.91333333333334,72760.0,670.0,31,Healthcare Support Occupations,46490.0,22.35,45250.0,21.76,0.0,0.0,0.0,False,False,False,False,0.0,0.0,0.0,0.0,0.0,0.0,,
31-9094.00,Medical Transcriptionists,3632645.9365807693,20242.280584615386,84.34283576923077,4.559333333333333,82.484,43070.0,240.0,31,Healthcare Support Occupations,37550.0,18.05,38900.0,18.7,1428059.5162653846,7957.610492307693,33.15671038461539,False,False,False,False,39.31182783008978,39.31182783008978,16931.60424641967,94.34838679221548,635781739.4530586,3670152.246217182,0.0055723241235198515,0.4233783952461164
31-9095.00,Pharmacy Aides,2514387.4093846157,15906.1004,61.17730923076923,4.148571428571429,72.48428571428572,41100.0,260.0,31,Healthcare Support Occupations,37000.0,17.79,38970.0,18.73,0.0,0.0,0.0,False,False,False,False,0.0,0.0,0.0,0.0,0.0,0.0,,
31-9096.00,Veterinary Assistants and Laboratory Animal Caretakers,10163161.481515385,64081.58566153846,89.00220230769231,4.205357142857143,85.04714285714286,114190.0,720.0,31,Healthcare Support Occupations,37320.0,17.94,35730.0,17.18,896925.2064923076,5655.3651692307685,7.854673846153846,False,False,False,False,8.825257850361057,8.825257850361057,10077.56193932729,63.54185652259961,376094611.57569444,2270350.533552484,0.0063052806725632715,0.4790675405004878
31-9097.00,Phlebotomists,14549494.306953847,147715.92002307693,104.76306384615386,4.449565217391305,79.09782608695652,138880.0,1410.0,31,Healthcare Support Occupations,43660.0,20.99,38730.0,18.62,486127.43286153843,4935.481569230768,3.500341538461538,False,False,False,False,3.341198137925636,3.341198137925636,4640.255973951123,47.110893744751465,202593575.82270604,1824604.9147342243,0.010152649769585253,0.7713859552426204
31-9099.01,Speech-Language Pathology Assistants,4012075.190423077,26708.46002307692,38.70791307692308,4.1499999999999995,82.08909090909091,103650.0,690.0,31,Healthcare Support Occupations,46050.0,22.14,45760.0,22.0,636625.2764423077,4238.026442307692,6.142067307692308,False,False,False,False,15.867730444383199,15.867730444383199,16446.902605603187,109.48734006624407,757379864.9880267,5010140.681431329,0.0066570188133140374,0.5057921757293239
31-9099.02,Endoscopy Technicians,5436763.376480769,36192.63608076923,52.45309576923077,4.5675,93.88416666666667,103650.0,690.0,31,Healthcare Support Occupations,46050.0,22.14,45760.0,22.0,0.0,0.0,0.0,False,False,False,False,0.0,0.0,0.0,0.0,0.0,0.0,,
33-1011.00,First-Line Supervisors of Correctional Officers,2832667.1913923076,13794.5958,53.05613769230769,4.301304347826087,93.52695652173912,53390.0,260.0,33,Protective Service Occupations,76310.0,36.69,97430.0,46.84000000000001,0.0,0.0,0.0,False,False,False,False,0.0,0.0,0.0,0.0,0.0,0.0,,
33-1012.00,First-Line Supervisors of Police and Detectives,1916414.0579153844,16144.283515384615,12.514948461538461,3.864,81.76050000000001,153130.0,1290.0,33,Protective Service Occupations,105980.0,50.95,109760.0,52.77,0.0,0.0,0.0,False,False,False,False,0.0,0.0,0.0,0.0,0.0,0.0,,
33-1021.00,First-Line Supervisors of Firefighting and Prevention Workers,2096150.135353846,17229.24428076923,22.375641923076923,4.1196,84.5008,93680.0,770.0,33,Protective Service Occupations,92430.0,44.44,102070.0,49.07,0.0,0.0,0.0,False,False,False,False,0.0,0.0,0.0,0.0,0.0,0.0,,
33-2011.00,Firefighters,8514144.526461538,67910.19442307693,25.62648846153846,4.357777777777778,95.61148148148149,332240.0,2650.0,33,Protective Service Occupations,59530.0,28.62,49270.0,23.69,0.0,0.0,0.0,False,False,False,False,0.0,0.0,0.0,0.0,0.0,0.0,,
33-2021.00,Fire Inspectors and Investigators,285448.38130769227,1218.996646153846,20.316610769230767,4.332333333333334,79.80466666666666,14050.0,60.0,33,Protective Service Occupations,78060.0,37.53,72550.0,34.88,0.0,0.0,0.0,False,False,False,False,0.0,0.0,0.0,0.0,0.0,0.0,,
33-2022.00,Forest Fire Inspectors and Prevention Specialists,33710.456423076925,727.5638076923077,12.126063461538461,3.97875,93.74875,2780.0,60.0,33,Protective Service Occupations,52380.0,25.19,77480.0,37.25,0.0,0.0,0.0,False,False,False,False,0.0,0.0,0.0,0.0,0.0,0.0,,
33-3011.00,Bailiffs,547235.5080038462,1294.4660153846155,32.36165038461538,4.234,79.898,16910.0,40.0,33,Protective Service Occupations,57050.0,27.43,57860.0,27.82,0.0,0.0,0.0,False,False,False,False,0.0,0.0,0.0,0.0,0.0,0.0,,
33-3012.00,Correctional Officers and Jailers,22759338.212653846,123333.21380769231,62.28950192307693,4.1866666666666665,81.7274074074074,365380.0,1980.0,33,Protective Service Occupations,57970.0,27.87,61340.0,29.489999999999995,1623254.7543461535,8796.44319230769,4.442648076923076,False,False,False,False,7.132258149068889,7.132258149068887,26059.844825067907,141.218711351564,1510689204.5091865,8662355.754304936,0.005419015819147189,0.411730217135077
33-3021.00,Detectives and Criminal Investigators,2832603.6384692304,14317.700492307691,25.567322307692304,4.36,93.87133333333333,110790.0,560.0,33,Protective Service Occupations,93580.0,44.99,74530.0,35.83,88433.06803269229,1787.9779076923073,3.192817692307692,True,True,True,True,3.1219711374967543,12.487884549987017,3458.831823232654,17.483038369981823,323677482.01811177,1303010.8497147453,0.02021843126635978,1.536171764993852
33-3021.02,Police Identification and Records Officers,1819288.68345,9195.790799999999,16.421055,4.389333333333334,77.70466666666667,110790.0,560.0,33,Protective Service Occupations,93580.0,44.99,74530.0,35.83,0.0,0.0,0.0,False,False,False,False,0.0,0.0,0.0,0.0,0.0,0.0,,
33-3021.06,Intelligence Analysts,3566038.764911538,18024.927415384613,32.187370384615384,3.8738095238095234,81.98761904761905,110790.0,560.0,33,Protective Service Occupations,93580.0,44.99,74530.0,35.83,156871.45995576924,3171.694830769231,5.663740769230769,False,False,False,False,4.3990396711141955,17.596158684456782,4873.696051627418,24.634622158239495,456080476.5112937,1836018.3894535895,0.02021843126635978,1.536171764993852
33-3031.00,Fish and Game Wardens,83383.17729230771,922.1504030769232,12.988033846153849,3.8266666666666667,86.29166666666667,6420.0,71.0,33,Protective Service Occupations,68180.0,32.78,68180.0,32.78,4517.025576923077,49.95464423076923,0.7035865384615385,False,False,False,False,5.417190521642287,5.417190521642287,347.78363148943487,3.846205270366024,23711887.99494967,262234.27533355553,0.011059190031152648,0.8402637794072992
33-3041.00,Parking Enforcement Workers,264712.55281153845,1703.4269807692308,34.068539615384616,3.929090909090909,78.7159090909091,7770.0,50.0,33,Protective Service Occupations,47150.0,22.67,53020.0,25.49,0.0,0.0,0.0,False,False,False,False,0.0,0.0,0.0,0.0,0.0,0.0,,
33-3051.00,Police and Sheriff's Patrol Officers,42193594.48596923,339704.64683076926,63.25971076923077,4.119666666666666,89.00733333333334,666990.0,5370.0,33,Protective Service Occupations,76290.0,36.68,77210.0,37.12,215164.9454365385,3464.626926923077,0.6451819230769231,True,True,True,True,0.5099469435060527,1.0198938870121053,3401.295118491021,27.384150866275032,259484804.58968002,2114330.288385095,0.016102190437637744,1.2234248037833368
33-3051.04,Customs and Border Protection Officers,19976733.506180767,160834.58361923078,29.95057423076923,4.234545454545454,84.47454545454546,666990.0,5370.0,33,Protective Service Occupations,76290.0,36.68,77210.0,37.12,0.0,0.0,0.0,False,False,False,False,0.0,0.0,0.0,0.0,0.0,0.0,,
33-3052.00,Transit and Railroad Police,66237.17307692308,728.6089038461539,22.079057692307693,3.9508333333333336,79.55083333333333,3000.0,33.0,33,Protective Service Occupations,82320.0,39.58,82320.0,39.58,0.0,0.0,0.0,False,False,False,False,0.0,0.0,0.0,0.0,0.0,0.0,,
33-9011.00,Animal Control Workers,310175.6550923077,4735.506184615385,26.308367692307694,4.408666666666666,90.82199999999999,11790.0,180.0,33,Protective Service Occupations,45830.0,22.030000000000005,46690.0,22.45,0.0,0.0,0.0,False,False,False,False,0.0,0.0,0.0,0.0,0.0,0.0,,
33-9021.00,Private Detectives and Investigators,559848.2957307692,5207.891123076923,14.46636423076923,4.187142857142857,72.825,38700.0,360.0,33,Protective Service Occupations,52370.0,25.18,51130.0,24.58,76337.71476923076,710.1182769230769,1.972550769230769,False,False,False,False,13.635428624389622,13.635428624389622,5276.910877638784,49.08754304780264,276351822.66194314,2509846.076034149,0.009302325581395349,0.7067793598159006
33-9031.00,Gambling Surveillance Officers and Gambling Investigators,583744.1,6421.185100000001,58.374410000000005,4.6075,94.845,10000.0,110.0,33,Protective Service Occupations,43900.0,21.11,43900.0,21.11,0.0,0.0,0.0,False,False,False,False,0.0,0.0,0.0,0.0,0.0,0.0,,
33-9032.00,Security Guards,61619366.458057694,347355.4403846154,49.622205769230774,4.406428571428571,86.41285714285713,1241770.0,7000.0,33,Protective Service Occupations,38370.0,18.45,42440.0,20.4,6549430.2579,36919.89,5.27427,False,False,False,False,10.62885036696699,10.62885036696699,131985.875201886,744.0195256876893,5064298031.496366,31576188.670185536,0.005637114763603566,0.42830110911156266
33-9091.00,Crossing Guards and Flaggers,2564739.4211307694,48063.97895,28.440224230769232,4.285833333333334,69.36416666666666,90180.0,1690.0,33,Protective Service Occupations,37700.0,18.13,34480.0,16.58,215421.22093846157,4037.0577000000008,2.388791538461539,False,True,True,False,8.399341436545798,8.3993414365458,7574.526107477001,141.948870277624,285559634.2518829,4894397.047172476,0.018740297183410956,1.4238649389504738
33-9092.00,"Lifeguards, Ski Patrol, and Other Recreational Protective Service Workers",5726443.8668,83350.2868,39.880520000000004,4.101333333333334,80.50133333333333,143590.0,2090.0,33,Protective Service Occupations,33720.0,16.21,28400.0,13.65,0.0,0.0,0.0,False,False,False,False,0.0,0.0,0.0,0.0,0.0,0.0,,
33-9093.00,Transportation Security Screeners,6318464.810323076,65448.06018461538,136.35012538461538,4.3076923076923075,84.31461538461538,46340.0,480.0,33,Protective Service Occupations,63360.0,30.46,59950.0,28.82,292868.8,3033.6000000000004,6.32,False,False,False,False,4.6351259173195425,4.6351259173195425,2147.917350085876,22.248604403133804,136092043.3014411,1333803.8339678715,0.010358221838584378,0.7870050704898678
33-9099.02,Retail Loss Prevention Specialists,2255613.8388615386,18998.071076923075,27.140101538461536,4.3100000000000005,93.49190476190476,83110.0,700.0,33,Protective Service Occupations,41600.0,20.0,49000.0,23.56,391591.7204730769,3298.2096538461537,4.711728076923077,False,False,False,False,17.360760681922507,17.36076068192251,14428.528202745796,121.52532477345754,600226773.2342252,5954740.91389942,0.008422572494284682,0.6399367925177056
35-1011.00,Chefs and Head Cooks,8802565.764092308,90768.01029230769,48.28085653846154,4.314285714285714,98.01714285714286,182320.0,1880.0,35,Food Preparation and Serving Related Occupations,60990.0,29.32,44490.0,21.39,208819.51076923075,2153.250769230769,1.1453461538461538,False,False,False,False,2.37225732093992,2.37225732093992,4325.099547537662,44.59843763367049,263787821.40432203,1984184.490322,0.010311540149188241,0.7834582526261162
35-1012.00,First-Line Supervisors of Food Preparation and Serving Workers,81716568.43091539,791387.109423077,68.81627038461538,4.163846153846154,76.39192307692308,1187460.0,11500.0,35,Food Preparation and Serving Related Occupations,42010.0,20.2,38070.0,18.31,0.0,0.0,0.0,False,False,False,False,0.0,0.0,0.0,0.0,0.0,0.0,,
35-2011.00,"Cooks, Fast Food",93300652.26983461,872647.2572115385,139.62356115384614,4.5405263157894735,95.14999999999999,668230.0,6250.0,35,Food Preparation and Serving Related Occupations,30160.0,14.5,29960.0,14.410000000000002,8272474.74130989,77373.01098901099,12.379681758241757,False,False,False,False,8.866470426578674,8.866470426578674,59248.41533152668,554.1544016611672,1786932206.3988447,16602465.873768568,0.009353067057749577,0.7106346353445793
35-2012.00,"Cooks, Institution and Cafeteria",13192633.684453845,161280.57955384615,29.43076269230769,4.3623529411764705,76.22529411764705,448260.0,5480.0,35,Food Preparation and Serving Related Occupations,36450.0,17.53,37740.0,18.15,0.0,0.0,0.0,False,False,False,False,0.0,0.0,0.0,0.0,0.0,0.0,,
35-2013.00,"Cooks, Private Household",14374.382192307694,159.7153576923077,15.971535769230771,4.083846153846154,95.1,900.0,10.0,35,Food Preparation and Serving Related Occupations,44530.0,21.41,44530.0,21.41,0.0,0.0,0.0,False,False,False,False,0.0,0.0,0.0,0.0,0.0,0.0,,
35-2014.00,"Cooks, Restaurant",105328071.355,843564.605,72.5335,4.2025,83.8955,1452130.0,11630.0,35,Food Preparation and Serving Related Occupations,36830.0,17.71,36510.0,17.55,23783089.581657693,190476.97646538462,16.378071923076924,False,False,False,False,22.580010509732638,22.580010509732638,327891.10661498056,2626.0552222819056,12076229456.629734,95877276.16551237,0.008008924820780508,0.6085083464468293
35-2015.00,"Cooks, Short Order",8924950.681823077,30853.4394,59.33353730769231,4.442727272727272,87.17727272727274,150420.0,520.0,35,Food Preparation and Serving Related Occupations,35620.0,17.12,36680.0,17.64,991588.0788923077,3427.9072,6.592129230769231,False,False,False,False,11.110291969588324,11.110291969588324,16712.101180654758,57.773518241859286,595285044.0549225,2119132.6491113985,0.003456987102778886,0.26265766662484274
35-2021.00,Food Preparation Workers,60910793.288196154,642161.7888884615,68.53380884615385,4.230645161290322,80.4874193548387,888770.0,9370.0,35,Food Preparation and Serving Related Occupations,34220.0,16.45,32090.0,15.43,0.0,0.0,0.0,False,False,False,False,0.0,0.0,0.0,0.0,0.0,0.0,,
35-3011.00,Bartenders,63054530.82664616,280764.79975384613,84.56771076923077,4.277,85.589,745610.0,3320.0,35,Food Preparation and Serving Related Occupations,33530.0,16.12,34120.0,16.41,462930.89552307694,2061.306276923077,0.6208753846153846,False,False,False,False,0.7341754659880007,0.7341754659880008,5474.085691953132,24.37462547080162,183546093.2511885,831662.2210637514,0.004452729979479889,0.33831299676546034
35-3023.00,Fast Food and Counter Workers,666727470.0600346,8989789.92566923,176.33954346153845,4.348888888888889,73.97259259259259,3780930.0,50980.0,35,Food Preparation and Serving Related Occupations,30480.0,14.65,28670.0,13.79,9509978.365684615,384682.0997076923,7.545745384615384,True,True,True,True,1.4263666629527505,4.279099988858252,53929.925069579425,727.1617247733121,1643784116.120781,20847726.649250858,0.040450365386293846,3.073369460344733
35-3023.01,Baristas,422036291.7855,5690507.403,111.62235,4.092631578947368,92.35578947368421,3780930.0,50980.0,35,Food Preparation and Serving Related Occupations,30480.0,14.65,28670.0,13.79,0.0,0.0,0.0,False,False,False,False,0.0,0.0,0.0,0.0,0.0,0.0,,
35-3031.00,Waiters and Waitresses,376361987.3642,2946904.113092308,163.4444876923077,4.3404,91.088,2302690.0,18030.0,35,Food Preparation and Serving Related Occupations,33760.0,16.23,29860.0,14.35,0.0,0.0,0.0,False,False,False,False,0.0,0.0,0.0,0.0,0.0,0.0,,
35-3041.00,"Food Servers, Nonrestaurant",16030611.51933846,136252.53002307692,58.98377923076923,4.506428571428572,88.53785714285713,271780.0,2310.0,35,Food Preparation and Serving Related Occupations,34460.0,16.57,28280.0,13.6,1010380.1991999999,8587.7484,3.71764,False,False,False,False,6.30281756863194,6.30281756863194,17129.797588027886,145.5950858353978,590292824.883441,4117429.0274250503,0.008499521671940541,0.6457832972488171
35-9011.00,Dining Room and Cafeteria Attendants and Bartender Helpers,72624660.12266923,527283.8870230769,139.12503615384617,4.17,76.00652173913043,522010.0,3790.0,35,Food Preparation and Serving Related Occupations,32670.0,15.710000000000004,27760.0,13.34,0.0,0.0,0.0,False,False,False,False,0.0,0.0,0.0,0.0,0.0,0.0,,
35-9021.00,Dishwashers,19074172.799496155,132642.07344615384,40.43965653846154,3.9815384615384612,73.50923076923077,471670.0,3280.0,35,Food Preparation and Serving Related Occupations,33670.0,16.19,30130.0,14.48,0.0,0.0,0.0,False,False,False,False,0.0,0.0,0.0,0.0,0.0,0.0,,
35-9031.00,"Hosts and Hostesses, Restaurant, Lounge, and Coffee Shop",49017052.976596154,500326.2342923077,114.75372346153847,4.172857142857143,70.73095238095237,427150.0,4360.0,35,Food Preparation and Serving Related Occupations,30380.0,14.61,28790.0,13.84,4126287.728884615,42117.79116923077,9.660043846153846,False,False,False,False,8.418065710426871,8.418065710426873,35957.76768208838,367.02766497461164,1092396982.181845,10566726.474619068,0.010207187170783097,0.7755296405143687
37-1011.00,First-Line Supervisors of Housekeeping and Janitorial Workers,7934771.6894307695,102217.08634615385,45.429816153846154,4.137307692307692,80.21423076923078,174660.0,2250.0,37,Building and Grounds Cleaning and Maintenance Occupations,47520.0,22.85,49770.0,23.93,845982.6385846154,10898.093076923078,4.843596923076923,False,False,False,False,10.661713678686894,10.661713678686894,18621.749111194527,239.88855777045512,884905517.7639639,11939253.520235552,0.01288217107523188,0.9787716572510646
37-1012.00,"First-Line Supervisors of Landscaping, Lawn Service, and Groundskeeping Workers",3616901.2767846156,59732.922076923074,29.138010769230767,3.858571428571429,91.74,124130.0,2050.0,37,Building and Grounds Cleaning and Maintenance Occupations,56170.0,27.01,54600.0,26.25,103831.40303846153,1714.7698076923077,0.8364730769230769,False,False,False,False,2.870728148012004,2.870728148012005,3563.4348501273007,58.849927034246086,200158135.53165048,3213206.0160698364,0.016514944010311772,1.2547853171628864
37-2011.00,"Janitors and Cleaners, Except Maids and Housekeeping Cleaners",47943230.43242308,537642.3904576923,21.793368076923077,3.6966666666666663,68.64619047619047,2199900.0,24670.0,37,Building and Grounds Cleaning and Maintenance Occupations,35930.0,17.27,30390.0,14.61,0.0,0.0,0.0,False,False,False,False,0.0,0.0,0.0,0.0,0.0,0.0,,
37-2012.00,Maids and Housekeeping Cleaners,45174509.74938461,447036.9424615385,52.84124615384615,3.9939999999999998,65.285,854910.0,8460.0,37,Building and Grounds Cleaning and Maintenance Occupations,34660.0,16.66,34660.0,16.67,1278712.2691538462,12653.853384615386,1.4957273504273505,False,False,False,False,2.8306057470192365,2.8306057470192365,24199.131591842157,239.4692461978274,838741900.9732492,8300004.073216698,0.009895778503000316,0.7518691894872802
37-2021.00,Pest Control Workers,3260015.232680769,29849.27067692308,33.91962576923077,3.896153846153846,74.06076923076922,96110.0,880.0,37,Building and Grounds Cleaning and Maintenance Occupations,44730.0,21.51,42460.0,20.41,0.0,0.0,0.0,False,False,False,False,0.0,0.0,0.0,0.0,0.0,0.0,,
37-3011.00,Landscaping and Groundskeeping Workers,24364777.8882,322563.4926,25.82574,3.5384615384615383,70.73038461538462,943430.0,12490.0,37,Building and Grounds Cleaning and Maintenance Occupations,38090.0,18.31,38940.0,18.72,0.0,0.0,0.0,False,False,False,False,0.0,0.0,0.0,0.0,0.0,0.0,,
37-3012.00,"Pesticide Handlers, Sprayers, and Applicators, Vegetation",688662.8764615385,6558.694061538461,27.327891923076923,4.029,84.85,25200.0,240.0,37,Building and Grounds Cleaning and Maintenance Occupations,45200.0,21.73,38180.0,18.36,0.0,0.0,0.0,False,False,False,False,0.0,0.0,0.0,0.0,0.0,0.0,,
37-3013.00,Tree Trimmers and Pruners,2117396.1872846154,19462.175107692306,44.23221615384615,3.813333333333333,69.73541666666667,47870.0,440.0,37,Building and Grounds Cleaning and Maintenance Occupations,50430.0,24.25,53900.0,25.91,0.0,0.0,0.0,False,False,False,False,0.0,0.0,0.0,0.0,0.0,0.0,,
39-1013.00,First-Line Supervisors of Gambling Services Workers,3090549.143965385,34016.62003346154,121.0555873076923,4.26,83.05892857142858,25530.0,281.0,39,Personal Care and Service Occupations,61590.0,29.61,61590.0,29.61,0.0,0.0,0.0,False,False,False,False,0.0,0.0,0.0,0.0,0.0,0.0,,
39-1022.00,First-Line Supervisors of Personal Service Workers,1870216.2339538462,14848.531653846154,17.46886076923077,4.08,90.02764705882353,107060.0,850.0,39,Personal Care and Service Occupations,47080.0,22.64,43660.0,20.99,237857.02097635096,1950.7152134904882,1.4054144189412738,True,False,True,False,12.718156149970671,13.137428393367115,13616.0579741586,108.1043272747507,641044009.4233869,4719834.928815615,0.008201209304157723,0.6231178871336962
39-2011.00,Animal Trainers,919591.1396423077,11889.2937,45.72805269230769,4.217333333333333,66.61999999999999,20110.0,260.0,39,Personal Care and Service Occupations,38750.0,18.63,35380.0,17.01,0.0,0.0,0.0,False,False,False,False,0.0,0.0,0.0,0.0,0.0,0.0,,
39-2021.00,Animal Caretakers,15583167.864615384,133184.66584615383,56.196061538461535,4.084090909090909,63.691818181818185,277300.0,2370.0,39,Personal Care and Service Occupations,33470.0,16.09,31550.0,15.17,0.0,0.0,0.0,False,False,False,False,0.0,0.0,0.0,0.0,0.0,0.0,,
39-3011.00,Gambling Dealers,11882998.472123077,130887.6910523077,143.2031630769231,4.567142857142857,80.55857142857143,82980.0,914.0,39,Personal Care and Service Occupations,33280.0,16.0,33280.0,16.0,0.0,0.0,0.0,False,False,False,False,0.0,0.0,0.0,0.0,0.0,0.0,,
39-3012.00,Gambling and Sports Book Writers and Runners,888152.7872307693,9816.425543076923,116.86220884615385,4.351111111111111,52.64555555555555,7600.0,84.0,39,Personal Care and Service Occupations,30460.0,14.65,30460.0,14.65,0.0,0.0,0.0,False,False,False,False,0.0,0.0,0.0,0.0,0.0,0.0,,
39-3021.00,Motion Picture Projectionists,38922.90675,419.16976500000004,19.960465,4.003529411764706,71.64647058823529,1950.0,21.0,39,Personal Care and Service Occupations,38180.0,18.35,38180.0,18.35,0.0,0.0,0.0,False,False,False,False,0.0,0.0,0.0,0.0,0.0,0.0,,
39-3031.00,"Ushers, Lobby Attendants, and Ticket Takers",10102084.0998,119486.10503076923,84.74191846153846,3.8317391304347823,64.79304347826087,119210.0,1410.0,39,Personal Care and Service Occupations,31150.0,14.98,25570.0,12.289999999999996,471683.15880000003,5579.00556923077,3.9567415384615385,False,False,False,False,4.669166818848185,4.669166818848185,5566.113764748921,65.83525214575941,173384443.7719289,1683407.397367068,0.01182786678969885,0.8986669026431937
39-3091.00,Amusement and Recreation Attendants,16974595.929876924,272258.64996923076,45.68098153846154,3.5011764705882356,59.572941176470586,371590.0,5960.0,39,Personal Care and Service Occupations,30490.0,14.66,27170.0,13.06,1419590.4220923071,22769.070523076916,3.820313846153845,False,False,False,False,8.363029246508844,8.363029246508846,31076.180377102213,498.43654309192715,947512739.6978465,13542520.875807662,0.016039182970478218,1.2186375732233041
39-3092.00,Costume Attendants,138036.82485769232,2633.4529384615385,21.945441153846154,3.552380952380952,72.67333333333333,6290.0,120.0,39,Personal Care and Service Occupations,54810.0,26.35,39940.0,19.2,1625.4521230769228,31.01021538461538,0.2584184615384615,False,False,False,False,1.1775496319570276,1.1775496319570278,74.06787185009703,1.413059558348433,4059660.0561038186,56437.59876043642,0.019077901430842606,1.4495156981915924
39-3093.00,"Locker Room, Coatroom, and Dressing Room Attendants",982317.0760615385,9849.435923076922,65.66290615384615,3.9460869565217394,60.09478260869565,14960.0,150.0,39,Personal Care and Service Occupations,34800.0,16.73,22880.0,11.0,52258.25473846154,523.9798269230769,3.493198846153846,False,False,False,False,5.319896804398802,5.319896804398802,795.8565619380607,7.979845206598203,27695808.355444513,182578.85832696687,0.010026737967914437,0.7618193300154675
39-4011.00,Embalmers,77291.56986923076,858.7952207692308,22.59987423076923,4.3769230769230765,90.8673076923077,3420.0,38.0,39,Personal Care and Service Occupations,56280.0,27.06,56280.0,27.06,0.0,0.0,0.0,False,False,False,False,0.0,0.0,0.0,0.0,0.0,0.0,,
39-4021.00,Funeral Attendants,649961.3284307692,4040.9899346153843,21.268368076923075,4.211666666666667,70.24208333333333,30560.0,190.0,39,Personal Care and Service Occupations,34610.0,16.64,38360.0,18.44,0.0,0.0,0.0,False,False,False,False,0.0,0.0,0.0,0.0,0.0,0.0,,
39-4031.00,"Morticians, Undertakers, and Funeral Arrangers",332977.4141153846,4146.022276923077,12.956319615384615,4.278181818181818,93.95136363636362,25700.0,320.0,39,Personal Care and Service Occupations,49800.0,23.94,61190.0,29.42,25007.473961538464,311.37710769230773,0.9730534615384616,False,True,True,False,7.510261327476337,7.5102613274763375,1930.1371611614186,24.03283624792428,96120830.62583865,1470569.2500104867,0.012451361867704281,0.9460392987419058
39-5011.00,Barbers,1280029.8488846153,20508.765534615384,70.71988115384616,3.928333333333333,80.11388888888888,18100.0,290.0,39,Personal Care and Service Occupations,38960.0,18.73,25290.0,12.16,29737.576,476.4584,1.64296,False,False,False,False,2.3231939494155194,2.3231939494155194,420.498104844209,6.737262453305006,16382606.164730383,170385.36744408362,0.016022099447513812,1.2173395879702045
39-5012.00,"Hairdressers, Hairstylists, and Cosmetologists",25339382.568076923,310460.1803846154,85.76248076923076,4.137272727272727,78.01863636363636,295460.0,3620.0,39,Personal Care and Service Occupations,35250.0,16.95,34960.0,16.81,0.0,0.0,0.0,False,False,False,False,0.0,0.0,0.0,0.0,0.0,0.0,,
39-5091.00,"Makeup Artists, Theatrical and Performance",63831.61096923077,711.3763873076923,19.226388846153846,4.103809523809524,91.28428571428572,3320.0,37.0,39,Personal Care and Service Occupations,50280.0,24.17,50280.0,24.17,4671.729912820513,52.06445987179488,1.4071475641025644,False,False,False,False,7.318834417436937,7.318834417436938,242.98530265890633,2.7079687344516667,12217301.017689811,136156.6679682298,0.011144578313253013,0.8467514770083568
39-5092.00,Manicurists and Pedicurists,18185338.716284614,110721.18011538462,123.02353346153846,4.147777777777778,91.40277777777777,147820.0,900.0,39,Personal Care and Service Occupations,34660.0,16.66,38390.0,18.46,0.0,0.0,0.0,False,False,False,False,0.0,0.0,0.0,0.0,0.0,0.0,,
39-5093.00,Shampooers,118744.19501538461,1308.9911261538462,13.357052307692307,4.5600000000000005,79.1125,8890.0,98.0,39,Personal Care and Service Occupations,31470.0,15.13,31470.0,15.13,0.0,0.0,0.0,False,False,False,False,0.0,0.0,0.0,0.0,0.0,0.0,,
39-5094.00,Skincare Specialists,4845245.917661538,55874.846146153846,68.98129153846153,4.049444444444444,88.45555555555556,70240.0,810.0,39,Personal Care and Service Occupations,41560.0,19.98,44960.0,21.62,0.0,0.0,0.0,False,False,False,False,0.0,0.0,0.0,0.0,0.0,0.0,,
39-6011.00,Baggage Porters and Bellhops,1684373.2507538463,10790.34753846154,53.951737692307695,4.128823529411765,74.9535294117647,31220.0,200.0,39,Personal Care and Service Occupations,36020.0,17.32,32530.0,15.64,175479.93507692308,1124.1507692307691,5.620753846153846,False,False,False,False,10.418114571600238,10.418114571600237,3252.5353692535946,20.836229143200477,117156324.00051448,677802.5340283115,0.006406149903907751,0.48673146175662585
39-6012.00,Concierges,1647653.192,13047.027538461538,37.27722153846154,3.886875,87.3775,44200.0,350.0,39,Personal Care and Service Occupations,37320.0,17.94,35350.0,16.99,285523.5,2260.9326923076924,6.459807692307693,False,False,False,False,17.329101863567413,17.329101863567416,7659.463023696797,60.65185652248594,285851160.04436445,2144043.128069878,0.007918552036199095,0.6016419324224719
39-7011.00,Tour Guides and Escorts,1563492.203975,17226.806573076923,63.802987307692305,3.9489473684210528,58.7321052631579,24505.0,270.0,39,Personal Care and Service Occupations,36660.0,17.63,36660.0,17.63,123620.39234999998,1362.0692076923076,5.044700769230769,False,False,False,False,7.906684282512525,7.906684282512525,1937.5329834296942,21.34804756278382,71029959.17253259,782619.4236516549,0.011018159559273618,0.8371463341626817
39-7012.00,Travel Guides,820294.3849749999,9038.13441923077,33.47457192307692,4.219411764705883,64.4835294117647,24505.0,270.0,39,Personal Care and Service Occupations,36660.0,17.63,36660.0,17.63,178378.596175,1965.4038346153843,7.2792734615384616,False,False,False,False,21.745680507179927,21.74568050717992,5328.77900828444,58.7133373693858,195353038.4437076,2152430.9479616834,0.011018159559273615,0.8371463341626815
39-9011.00,Childcare Workers,35321845.761876926,265501.2052153846,67.90312153846153,4.14375,78.65083333333332,520180.0,3910.0,39,Personal Care and Service Occupations,32050.0,15.410000000000002,30860.0,14.839999999999998,735060.9028992307,11049.996869999999,4.292928076923077,False,False,False,False,2.0810376327858444,4.161938497053459,10825.141558225407,81.36857144192652,346945786.94112426,2511034.114697852,0.015032763715790825,1.1421710648958614
39-9011.01,Nannies,26951677.198423076,202585.75463461538,51.81221346153846,4.379473684210526,97.89473684210526,520180.0,3910.0,39,Personal Care and Service Occupations,32050.0,15.410000000000002,30860.0,14.839999999999998,42094.19323076923,632.852923076923,0.4736923076923077,False,False,False,False,0.15618394699841587,0.3123876721827453,812.4376554963596,6.10679232763806,26038626.858658325,188455.61123091055,0.01503420957868203,1.1422809197960886
39-9031.00,Exercise Trainers and Group Fitness Instructors,16647981.83613846,308702.1202076923,54.831637692307694,3.6614285714285715,75.5104761904762,303620.0,5630.0,39,Personal Care and Service Occupations,46180.0,22.2,48730.0,23.43,0.0,0.0,0.0,False,False,False,False,0.0,0.0,0.0,0.0,0.0,0.0,,
39-9032.00,Recreation Workers,6889752.598538462,132392.54605769232,22.250848076923077,3.9479166666666665,76.7625,309640.0,5950.0,39,Personal Care and Service Occupations,35380.0,17.01,31060.0,14.93,0.0,0.0,0.0,False,False,False,False,0.0,0.0,0.0,0.0,0.0,0.0,,
39-9041.00,Residential Advisors,2862143.33405,38364.67939615385,34.56277423076923,3.826,74.77066666666666,82810.0,1110.0,39,Personal Care and Service Occupations,39180.0,18.84,39520.0,19.0,219050.15860000002,2936.18736923077,2.6452138461538466,False,False,False,False,7.653360891959204,7.653360891959206,6337.7481546314175,84.95230590074716,248312972.69845894,3357315.1291975277,0.013404178239343076,1.018433125347571
41-1011.00,First-Line Supervisors of Retail Sales Workers,56869491.416738465,480741.2359692308,51.08833538461539,4.189047619047619,81.6252380952381,1113160.0,9410.0,41,Sales and Related Occupations,47320.0,22.75,46900.0,22.55,9695585.923815386,81960.78150769231,8.709966153846155,False,False,False,False,17.048835293367283,17.048835293367283,189780.81495164725,1604.2954011058612,8980428163.511948,75241454.31186488,0.008453411908440834,0.6422799336176017
41-1012.00,First-Line Supervisors of Non-Retail Sales Workers,4413389.112338462,41310.660153846155,20.15154153846154,3.869444444444445,65.87777777777778,219010.0,2050.0,41,Sales and Related Occupations,84130.0,40.45,77110.0,37.07,0.0,0.0,0.0,False,False,False,False,0.0,0.0,0.0,0.0,0.0,0.0,,
41-2011.00,Cashiers,335380479.4909423,2962783.4342884617,106.53662115384616,4.351071428571428,65.97714285714285,3148030.0,27810.0,41,Sales and Related Occupations,31190.0,14.99,30290.0,14.56,34780428.280230775,307253.65084615385,11.048315384615385,False,False,False,False,10.370439070581059,10.370439070581055,326464.5330736129,2884.0191055285923,10182428786.565987,87356938.70646106,0.008834096244317873,0.6712038654719366
41-2012.00,Gambling Change Persons and Booth Cashiers,1475125.7347846155,16278.177283076922,67.26519538461538,4.5976923076923075,72.30153846153846,21930.0,242.0,41,Sales and Related Occupations,34810.0,16.74,34810.0,16.74,0.0,0.0,0.0,False,False,False,False,0.0,0.0,0.0,0.0,0.0,0.0,,
41-2021.00,Counter and Rental Clerks,34984445.664684616,295764.3417038462,87.76389961538462,4.175625,80.68,398620.0,3370.0,41,Sales and Related Occupations,38540.0,18.53,37300.0,17.94,6149607.788638461,51989.81046538462,15.427243461538461,False,False,False,False,17.578119852406985,17.578119852406985,70069.90135566473,592.3826390261154,2700493998.2473187,22095872.435674105,0.00845416687572124,0.6423372951113978
41-2022.00,Parts Salespersons,23277127.263423078,281896.8479423077,87.81833269230769,4.196315789473684,91.28684210526316,265060.0,3210.0,41,Sales and Related Occupations,37440.0,18.0,37220.0,17.89,2049588.7854846152,24821.474388461535,7.732546538461538,False,False,False,False,8.805162090191741,8.805162090191741,23338.96263626223,282.6457030951549,873810761.1016579,10520073.069201665,0.012110465554968685,0.9201384123914278
41-2031.00,Retail Salespersons,409196967.23596156,4261829.080507692,107.67632846153846,4.190833333333333,71.34708333333333,3800250.0,39580.0,41,Sales and Related Occupations,34580.0,16.62,34300.0,16.49,46907073.32711539,488542.0596769231,12.343154615384615,False,False,False,False,11.46320160776427,11.463201607764272,435630.3190990617,4537.135196353098,15064096434.445555,155623737.23491126,0.010415104269455957,0.791326928258058
41-3011.00,Advertising Sales Agents,3465029.6338846153,29861.75123076923,35.54970384615385,4.1615,91.8895,97470.0,840.0,41,Sales and Related Occupations,61460.0,29.55,70790.0,34.04,390896.0122846153,3368.75603076923,4.010423846153845,False,False,False,False,11.281173715284655,11.281173715284654,10995.760020287955,94.7618592083911,675799410.8468977,6708192.013362006,0.008618036318867343,0.6547878956743184
41-3021.00,Insurance Sales Agents,10178141.677676924,102544.53892692308,21.679606538461538,3.9499999999999997,74.94684210526316,469480.0,4730.0,41,Sales and Related Occupations,60370.0,29.02,52440.0,25.21,1374911.182953846,13852.197953846153,2.9285830769230765,False,False,False,False,13.508469684297598,13.508469684297598,63419.56347384037,638.9506160672763,3828639046.915743,33506570.30656797,0.010074976569821932,0.7654844401942363
41-3031.00,"Securities, Commodities, and Financial Services Sales Agents",45601353.559346154,306068.7926807692,96.55166961538461,4.191923076923077,81.99923076923076,472300.0,3170.0,41,Sales and Related Occupations,78140.0,37.57,63480.0,30.52,2960334.7739266944,79484.62283814103,60.84442618131868,True,True,True,True,6.491769526257765,25.96952866117382,30660.62747251542,205.78909398237116,2395821430.702355,13063491.68600092,0.026849876418777386,2.040020885137949
41-3041.00,Travel Agents,1348756.20425,10489.05923846154,22.80230269230769,4.445,96.6725,59150.0,460.0,41,Sales and Related Occupations,48450.0,23.29,41040.0,19.73,498993.58600000007,3880.5925538461543,8.43607076923077,False,False,False,False,36.99657391214555,36.99657391214555,21883.473469034092,170.18423999586955,1060254289.5747018,6984361.209430486,0.007776838546069315,0.5908747141656177
41-4011.00,"Sales Representatives, Wholesale and Manufacturing, Technical and Scientific Products",15070293.268099999,183039.9992076923,51.27170846153846,3.758787878787879,71.42272727272727,293930.0,3570.0,41,Sales and Related Occupations,100070.0,48.11,84340.0,40.55,1831086.0608657694,44475.82931307692,13.701734230769231,False,False,False,False,12.150301445969308,24.298420840032332,35713.38104013759,433.76576162110433,3573838040.6865683,36583804.33512394,0.024289316741370408,1.8454726817093767
41-4011.07,Solar Sales Representatives and Assessors,7614757.57455,92486.93410384616,25.90670423076923,4.323846153846154,91.00923076923078,293930.0,3570.0,41,Sales and Related Occupations,100070.0,48.11,84340.0,40.55,74859.30728769231,1820.0822123076923,5.6175376923076925,False,False,False,False,0.9830819504732058,1.9679344222439765,2889.572777025894,35.09602563189345,289159547.7969812,2959998.8017938933,0.024313372354795137,1.84730039789793
41-4012.00,"Sales Representatives, Wholesale and Manufacturing, Except Technical and Scientific Products",63420590.30246154,697353.1589230769,50.061246153846156,4.122222222222223,73.40388888888889,1266860.0,13930.0,41,Sales and Related Occupations,66780.0,32.11,61080.0,29.37,15665805.116284616,172256.3387192308,12.365853461538462,False,False,False,False,24.70144954749275,24.70144954749275,312932.78373736667,3440.91192196574,20897651297.981346,210170900.1936674,0.010995690131506244,0.8354391344270998
41-9011.00,Demonstrators and Product Promoters,4006248.654023077,37730.61106923077,61.85346076923077,4.055238095238095,71.55904761904762,64770.0,610.0,41,Sales and Related Occupations,37960.0,18.25,37300.0,17.93,766187.2797548077,7215.906139423078,11.829354326923077,False,False,False,False,19.124805920007038,19.12480592000704,12387.136794388558,116.66131611204293,470215712.71498966,4351467.090979201,0.00941794040450826,0.715563633162385
41-9012.00,Models,84659.7663076923,632.9702153846154,15.824255384615384,3.6149999999999998,48.544,5350.0,40.0,41,Sales and Related Occupations,89990.0,43.26,89990.0,43.26,0.0,0.0,0.0,False,False,False,False,0.0,0.0,0.0,0.0,0.0,0.0,,
41-9021.00,Real Estate Brokers,920140.2375230769,7421.982153846154,18.554955384615386,3.927058823529412,81.55588235294118,49590.0,400.0,41,Sales and Related Occupations,72280.0,34.75,81230.0,39.05,233256.81677884617,1881.4826923076923,4.70370673076923,False,False,False,False,25.350137649316324,25.350137649316324,12571.133260295965,101.4005505972653,908641512.0541923,8236766.72501586,0.008066142367412784,0.6128556659020714
41-9022.00,Real Estate Sales Agents,7431746.105153846,199245.6589576923,38.99132269230769,3.8621212121212123,82.49636363636364,190600.0,5110.0,41,Sales and Related Occupations,56320.0,27.08,55380.0,26.63,2794565.4707692307,74922.50553846154,14.661938461538462,False,False,False,False,37.60308050393738,37.60308050393738,71671.47144050464,1921.5174137512001,4036537271.5292215,106413634.37354146,0.026810073452256035,2.0369967042543
41-9031.00,Sales Engineers,1047134.2031307692,7757.9178923076925,18.471233076923077,3.8244,75.5672,56690.0,420.0,41,Sales and Related Occupations,121520.0,58.42,110400.0,53.08,129538.1544653846,959.7111461538461,2.2850265384615387,False,False,False,False,12.370730903267754,12.370730903267754,7012.96734906249,51.95706979372457,852215792.2580738,5736060.505227192,0.007408714058916917,0.5629050643091887
41-9041.00,Telemarketers,5437613.98075,71213.67098076922,81.85479423076923,4.3275,76.20833333333333,66430.0,870.0,41,Sales and Related Occupations,34410.0,16.54,32090.0,15.43,659367.5725,8635.4025,9.92575,False,False,False,False,12.126045998010596,12.126045998010596,8055.33235647844,105.49660018269218,277183986.3864231,3385385.899862592,0.013096492548547342,0.9950555415743203
41-9091.00,"Door-to-Door Sales Workers, News and Street Vendors, and Related Workers",76230.61584230768,8968.307746153845,16.607977307692305,3.9958333333333336,87.84750000000001,4590.0,540.0,41,Sales and Related Occupations,34530.0,16.6,33230.0,15.98,0.0,0.0,0.0,False,False,False,False,0.0,0.0,0.0,0.0,0.0,0.0,,
43-1011.00,First-Line Supervisors of Office and Administrative Support Workers,38738608.64703077,486181.7383923077,25.902063846153847,3.7764285714285717,75.82392857142858,1495580.0,18770.0,43,Office and Administrative Support Occupations,66140.0,31.8,63970.0,30.76,5613464.529376924,70450.74768076923,3.7533696153846154,False,False,False,False,14.490619889124964,14.490619889124961,216718.81293777513,2719.889353188756,14333782287.704447,173991321.92348474,0.012550314927987801,0.9535576316562995
43-2011.00,"Switchboard Operators, Including Answering Service",3402863.648203846,10476.210503846154,95.2382773076923,4.269473684210527,70.56368421052632,35730.0,110.0,43,Office and Administrative Support Occupations,38370.0,18.45,41290.0,19.85,149156.86389230768,459.2010923076923,4.174555384615385,False,False,False,False,4.383274774204898,4.383274774204898,1566.14407682341,4.821602251625388,60092948.22771424,199083.95696961225,0.0030786453960257487,0.23391172487609918
43-2021.00,Telephone Operators,262013.29296153848,2918.6290861538464,66.33247923076924,4.097857142857143,60.71357142857143,3950.0,44.0,43,Office and Administrative Support Occupations,39130.0,18.81,39130.0,18.81,0.0,0.0,0.0,False,False,False,False,0.0,0.0,0.0,0.0,0.0,0.0,,
43-3011.00,Bill and Account Collectors,9111713.600892307,174481.97175384616,55.21581384615385,4.1546666666666665,86.72866666666667,165020.0,3160.0,43,Office and Administrative Support Occupations,46040.0,22.14,44640.0,21.46,1908948.5038846154,36554.82530769231,11.567982692307693,False,False,False,False,20.950488431700407,20.950488431700403,34572.49600999201,662.0354344417328,1591717716.3000324,29553261.793478955,0.01914919403708641,1.4549324235211574
43-3021.00,Billing and Posting Clerks,22336201.9875,232189.5009,53.499885,4.180434782608696,65.63956521739131,417500.0,4340.0,43,Office and Administrative Support Occupations,47170.0,22.68,44780.0,21.53,5819888.739903846,60498.96318846154,13.939853269230769,True,True,True,True,26.055856511150942,26.055856511150942,108783.20093405519,1130.824172583951,5131303588.059383,50638306.448309325,0.010395209580838324,0.7898153540649304
43-3031.00,"Bookkeeping, Accounting, and Auditing Clerks",88562468.39933461,850480.0265307692,60.83548115384615,4.2942857142857145,64.5425,1455770.0,13980.0,43,Office and Administrative Support Occupations,49210.0,23.66,48210.0,23.18,23008669.37452692,220956.05614615383,15.80515423076923,False,False,False,False,25.980158175785206,25.980158175785206,378211.3486756283,3632.0261129747723,18611780468.327667,175099978.90651378,0.009603165335183442,0.7296367976392741
43-3041.00,Gambling Cage Workers,1318084.4585307692,14558.531083846154,97.70826230769231,4.635882352941176,80.79823529411765,13490.0,149.0,43,Office and Administrative Support Occupations,36990.0,17.78,36990.0,17.78,57743.08371538461,637.7849869230769,4.2804361538461535,False,True,True,False,4.380833363269389,4.380833363269389,590.9744207050405,6.527441711271389,21860143.82187945,241450.06889992868,0.011045218680504077,0.8392022532135794
43-3051.00,Payroll and Timekeeping Clerks,2923872.9813076924,28502.87136923077,18.629327692307694,4.3376190476190475,75.65190476190476,156950.0,1530.0,43,Office and Administrative Support Occupations,55290.0,26.58,54790.0,26.34,154763.20357692306,1508.6823923076922,0.986066923076923,False,False,False,False,5.2930891514892595,5.29308915148926,8307.503423262393,80.98426401778568,459321864.2721777,4437127.825534477,0.009748327492832113,0.7406660414509095
43-3061.00,Procurement Clerks,2010692.7201153846,20140.494692307693,33.567491153846156,4.123684210526316,83.48526315789474,59900.0,600.0,43,Office and Administrative Support Occupations,48510.0,23.32,49000.0,23.56,130956.90488461539,1311.7553076923077,2.186258846153846,False,False,False,False,6.513024271411316,6.5130242714113145,3901.3015385753783,39.078145628467894,189252137.6362916,1914829.135794927,0.01001669449081803,0.7610562388668712
43-3071.00,Tellers,37789590.99916923,474402.2445230769,111.36202923076924,4.275714285714286,76.36857142857143,339340.0,4260.0,43,Office and Administrative Support Occupations,39340.0,18.91,38000.0,18.27,721888.9452923079,9062.435630769232,2.127332307692308,False,False,False,False,1.9102851505013059,1.9102851505013057,6482.361629711131,81.37814741135563,255016106.5128359,3092369.601631514,0.01255378086874521,0.9538209696106902
43-4011.00,Brokerage Clerks,1266729.9131115384,10111.089353846155,31.59715423076923,3.9850000000000003,62.011,40090.0,320.0,43,Office and Administrative Support Occupations,62940.0,30.26,59140.0,28.43,140358.01965384613,1120.3433846153846,3.5010730769230767,False,False,False,False,11.080343031378884,11.080343031378884,4442.1095212797945,35.45709770041243,279586373.2693503,2096932.7580023913,0.007982040409079572,0.6064657016130451
43-4021.00,Correspondence Clerks,172550.59425384615,2480.7593423076924,27.563992692307693,3.725882352941176,65.38882352941175,6260.0,90.0,43,Office and Administrative Support Occupations,46740.0,22.47,45900.0,22.07,50628.70224230769,727.8886903846153,8.087652115384614,False,False,False,False,29.34136649093527,29.34136649093527,1836.7695423325476,26.40722984184174,85850608.40862328,1212091.849740536,0.014376996805111819,1.0923466942841593
43-4031.00,"Court, Municipal, and License Clerks",13927584.067615384,108956.45438461538,81.92214615384616,4.368888888888889,81.09629629629629,170010.0,1330.0,43,Office and Administrative Support Occupations,47700.0,22.93,47330.0,22.760000000000005,328989.25833307696,7715.989956153847,17.845839615384616,True,True,True,True,2.3621416085941815,7.081719022276979,4015.876948770968,31.416483394302613,191557330.45637515,1486942.1590523426,0.02345362275731807,1.7819776713614468
43-4041.00,"Credit Authorizers, Checkers, and Clerks",273809.2592,4120.875138461538,22.893750769230767,3.9545454545454546,61.89545454545455,11960.0,180.0,43,Office and Administrative Support Occupations,49130.0,23.62,49800.0,23.94,23482.227633505674,706.6696319735183,6.787176664564942,True,True,True,True,8.576126206292178,17.14853297489965,1025.7046942725447,15.437027171325921,50392871.62961012,768763.9531320309,0.030093807240212808,2.2864907951835276
43-4051.00,Customer Service Representatives,142807148.95564616,2554982.943276923,52.388413846153846,4.053846153846154,67.59538461538462,2725930.0,48770.0,43,Office and Administrative Support Occupations,42830.0,20.59,40150.0,19.3,40192944.58370769,719097.6684461538,14.744672307692307,False,False,False,False,28.144910725856615,28.144910725856615,767210.5649493432,13726.272961000272,32859628496.78037,551109859.3841609,0.017891141738782725,1.359347143235082
43-4061.00,"Eligibility Interviewers, Government Programs",6132944.1059,82029.01050384615,39.248330384615386,4.205294117647059,69.24352941176471,156260.0,2090.0,43,Office and Administrative Support Occupations,51500.0,24.76,49000.0,23.56,182478.625,2440.6778846153848,1.1677884615384615,False,False,False,False,2.9753837936408445,2.975383793640845,4649.334715943183,62.18552128709365,239440737.87107393,3047090.543067589,0.01337514399078459,1.0162271385296138
43-4071.00,File Clerks,3278874.6576384613,24078.846561538463,41.51525269230769,3.9157894736842107,80.73947368421052,78980.0,580.0,43,Office and Administrative Support Occupations,41270.0,19.84,38670.0,18.59,268185.18666923075,1969.453130769231,3.3956088461538463,False,False,False,False,8.179183856402286,8.179183856402286,6459.919409786526,47.43926636713326,266600874.0418899,1834476.4304170432,0.007343631299063055,0.5579601555396481
43-4081.00,"Hotel, Motel, and Resort Desk Clerks",24055810.4496,325737.55495384615,92.01625846153847,4.441,89.80449999999999,261430.0,3540.0,43,Office and Administrative Support Occupations,34270.0,16.48,34270.0,16.48,3250380.1044000005,44013.103200000005,12.43308,False,False,False,False,13.511829548249738,13.511829548249734,35323.97598798929,478.3187660080407,1210552657.108393,16391984.111095555,0.013540909612515778,1.028821808430329
43-4111.00,"Interviewers, Except Eligibility and Loan",9244608.877726924,42312.11233846154,58.76682269230769,4.06125,76.28812500000001,157310.0,720.0,43,Office and Administrative Support Occupations,43830.0,21.07,41030.0,19.73,2339916.1260423074,10709.679046153846,14.874554230769231,False,False,False,False,25.311142493868804,25.311142493868804,39816.95825710501,182.24022595585538,1745177280.4089127,7477316.470968747,0.004576949971394064,0.3477510803493148
43-4121.00,"Library Assistants, Clerical",5747966.704696153,59583.01941923077,71.78677038461538,3.8578125,77.878125,80070.0,830.0,43,Office and Administrative Support Occupations,36010.0,17.31,33450.0,16.08,747622.5208846154,7749.802576923077,9.337111538461539,False,False,False,False,13.006730193370803,13.006730193370803,10414.488865832001,107.95586060497766,375025744.0586104,3611123.537236503,0.010365929811415013,0.7875907128709096
43-4131.00,Loan Interviewers and Clerks,5640092.733115384,86018.74532307693,32.582858076923074,4.349444444444444,79.50555555555555,173100.0,2640.0,43,Office and Administrative Support Occupations,48950.0,23.53,47120.0,22.66,511334.9366538462,7798.5224307692315,2.953985769230769,False,False,False,False,9.06607321634237,9.06607321634237,15693.372737488642,239.34433291143853,768190595.500069,11277904.966786984,0.015251299826689775,1.1587751722458266
43-4141.00,New Accounts Clerks,1391566.0566076923,5488.690730769231,36.59127153846154,4.082666666666666,77.24933333333334,38030.0,150.0,43,Office and Administrative Support Occupations,46610.0,22.41,38480.0,18.5,0.0,0.0,0.0,False,False,False,False,0.0,0.0,0.0,0.0,0.0,0.0,,
43-4151.00,Order Clerks,4634810.226884616,46670.34992307692,55.55994038461539,4.126315789473685,68.35157894736842,83420.0,840.0,43,Office and Administrative Support Occupations,44660.0,21.47,41960.0,20.17,199027.51074615386,2004.1130307692308,2.3858488461538463,False,False,False,False,4.294188995952362,4.294188995952362,3582.21246042346,36.07118756599984,159981608.48251173,1513547.0302693534,0.01006952769120115,0.7650704410378304
43-4161.00,"Human Resources Assistants, Except Payroll and Timekeeping",2650453.128946154,16318.408765384616,28.62878730769231,3.7263157894736842,68.50631578947369,92580.0,570.0,43,Office and Administrative Support Occupations,49440.0,23.77,47120.0,22.65,648365.7988615384,3991.8827538461537,7.003303076923077,False,False,False,False,24.46245103452688,24.46245103452688,22647.337167764985,139.4359708968032,1119684349.5743008,6570222.948657367,0.006156837329876864,0.4677889962488584
43-4171.00,Receptionists and Information Clerks,74812123.07148461,937740.2133,77.56329307692307,3.9883333333333337,69.14777777777778,964530.0,12090.0,43,Office and Administrative Support Occupations,37230.0,17.9,36090.0,17.35,26530387.777142305,332547.86084999994,27.506026538461533,False,False,False,False,35.46268530809097,35.46268530809096,342048.2386021298,4287.438653748198,12734455923.157293,154733661.01377246,0.012534602345183663,0.952363808765648
43-4181.00,Reservation and Transportation Ticket Agents and Travel Clerks,16674512.812615385,461872.4908076923,130.84206538461538,4.259047619047619,71.39571428571428,127440.0,3530.0,43,Office and Administrative Support Occupations,41460.0,19.94,37540.0,18.05,3335188.2078461545,92382.4103397436,26.17065448717949,False,False,False,False,20.001713065480757,20.001713065480757,25490.183130648675,706.0604712114707,1056822992.5966941,26505510.089278612,0.027699309478970494,2.1045597737455966
43-5011.00,Cargo and Freight Agents,3079296.4947692305,20780.52849230769,31.48564923076923,3.171666666666667,62.88625,97800.0,660.0,43,Office and Administrative Support Occupations,49900.0,23.99,55220.0,26.55,0.0,0.0,0.0,False,False,False,False,0.0,0.0,0.0,0.0,0.0,0.0,,
43-5011.01,Freight Forwarders,12434049.117461538,83910.76091538461,127.13751653846154,4.2945161290322575,77.40709677419355,97800.0,660.0,43,Office and Administrative Support Occupations,49900.0,23.99,55220.0,26.55,553710.8709487179,7468.373998888888,12.223198034188034,False,False,False,False,4.453182271663411,8.90037692116745,4355.2122616868155,29.39100299297851,217325091.8581721,1622971.1852722734,0.013487858719646799,1.0247910662496222
43-5021.00,Couriers and Messengers,3492582.4700307692,50504.5296,48.562047692307694,4.294666666666667,79.57400000000001,71920.0,1040.0,43,Office and Administrative Support Occupations,38340.0,18.43,41600.0,20.0,303365.5307076923,4386.8208,4.218096923076923,False,False,False,False,8.685994770655185,8.685994770655185,6246.967439055209,90.33434561481391,239508731.6133767,3757908.777576259,0.01446051167964405,1.0986920526615362
43-5031.00,Public Safety Telecommunicators,11248012.799999999,93418.33846153846,111.21230769230769,4.562777777777778,88.74,101140.0,840.0,43,Office and Administrative Support Occupations,50730.0,24.39,51760.0,24.88,1277296.7099000001,10608.357092307691,12.62899653846154,False,True,True,False,11.355754412903941,11.35575441290394,11485.210013211046,95.3883370683931,582644703.9701964,4937300.326660027,0.008305319359303934,0.6310280422323098
43-5032.00,"Dispatchers, Except Police, Fire, and Ambulance",13565174.905384615,135651.74905384614,64.28992846153847,4.355833333333334,79.05916666666667,211000.0,2110.0,43,Office and Administrative Support Occupations,48880.0,23.5,49660.0,23.87,0.0,0.0,0.0,False,False,False,False,0.0,0.0,0.0,0.0,0.0,0.0,,
43-5041.00,"Meter Readers, Utilities",451446.1938,4831.9929,23.00949,4.058333333333334,83.40583333333333,19620.0,210.0,43,Office and Administrative Support Occupations,49180.0,23.64,53650.0,25.790000000000003,0.0,0.0,0.0,False,False,False,False,0.0,0.0,0.0,0.0,0.0,0.0,,
43-5051.00,Postal Service Clerks,6591046.388653846,54038.81230769231,84.43564423076923,4.278421052631579,63.823684210526324,78060.0,640.0,43,Office and Administrative Support Occupations,61630.0,29.630000000000003,59550.0,28.630000000000003,0.0,0.0,0.0,False,False,False,False,0.0,0.0,0.0,0.0,0.0,0.0,,
43-5052.00,Postal Service Mail Carriers,11173709.337461539,80800.24309615385,33.25112884615385,4.247142857142857,87.46285714285715,336040.0,2430.0,43,Office and Administrative Support Occupations,57490.0,27.640000000000004,58390.0,28.07,0.0,0.0,0.0,False,False,False,False,0.0,0.0,0.0,0.0,0.0,0.0,,
43-5053.00,"Postal Service Mail Sorters, Processors, and Processing Machine Operators",6161782.61895,48444.28396923077,55.050322692307695,4.217142857142857,48.58571428571429,111930.0,880.0,43,Office and Administrative Support Occupations,56530.0,27.18,55410.0,26.640000000000004,0.0,0.0,0.0,False,False,False,False,0.0,0.0,0.0,0.0,0.0,0.0,,
43-5061.00,"Production, Planning, and Expediting Clerks",8126480.936538462,105327.63603461538,21.107742692307692,3.7570588235294116,65.12235294117647,385000.0,4990.0,43,Office and Administrative Support Occupations,57770.0,27.78,53110.0,25.53,781078.9673076923,10123.594926923077,2.028776538461538,False,False,False,False,9.611527713007828,9.611527713007828,37004.381695080134,479.6152328790906,2137743130.5247793,25472365.018208504,0.012961038961038961,0.9847639430889467
43-5071.00,"Shipping, Receiving, and Inventory Clerks",21930113.678,388673.12,25.5706,3.919090909090909,74.1509090909091,857630.0,15200.0,43,Office and Administrative Support Occupations,43190.0,20.77,38110.0,18.32,2923676.1733115385,51817.07476923077,3.409018076923077,False,True,True,False,13.331787587788622,13.331787587788622,114337.40988915155,2026.4317133438703,4938232733.112455,77227312.5955349,0.017723260613551298,1.3465917399568361
43-5111.00,"Weighers, Measurers, Checkers, and Samplers, Recordkeeping",3261974.5708,15745.6536,65.60688999999999,4.027222222222222,62.29555555555555,49720.0,240.0,43,Office and Administrative Support Occupations,45650.0,21.95,46530.0,22.37,153613.06333139975,741.4950764186633,3.089562818411097,False,False,False,False,4.709204808231418,4.7092048082314175,2341.4166306526613,11.302091539755404,106885669.189294,525886.3193448189,0.004827031375703942,0.3667519606446145
43-6011.00,Executive Secretaries and Executive Administrative Assistants,19341519.47235,284740.9428,40.911055,3.8595454545454544,74.64999999999999,472770.0,6960.0,43,Office and Administrative Support Occupations,74260.0,35.7,55900.0,26.88,2947466.7452076925,43391.857661538466,6.234462307692308,False,False,False,False,15.239065107688637,15.239065107688637,72045.72810961957,1060.638931495129,5350115769.420349,59289716.270577714,0.014721746303699474,1.1185403409993375
43-6012.00,Legal Secretaries and Administrative Assistants,6852306.631361539,47000.42079230769,44.34001961538462,3.9692857142857143,74.58714285714287,154540.0,1060.0,43,Office and Administrative Support Occupations,54140.0,26.03,46050.0,22.140000000000004,625259.0521418663,4288.69286443884,4.045936664564943,False,True,True,False,9.124796740417155,9.124796740417157,14101.460882640671,96.72284544842185,763453092.1861659,4454087.032899826,0.0068590656140804975,0.5211434453929201
43-6013.00,Medical Secretaries and Administrative Assistants,70196644.32447693,435159.03301923076,84.49689961538462,4.354,75.61466666666666,830760.0,5150.0,43,Office and Administrative Support Occupations,44640.0,21.46,40470.0,19.46,17731784.575615384,109921.86740384615,21.344051923076922,False,True,True,False,25.26015986412683,25.26015986412683,209851.30408722005,1300.8982330025317,9367762214.453503,52647351.48961246,0.006199142953440223,0.4710033259642712
43-6014.00,"Secretaries and Administrative Assistants, Except Legal, Medical, and Executive",106276655.47245385,911823.3954576923,61.155157307692306,3.7761290322580647,72.94709677419355,1737820.0,14910.0,43,Office and Administrative Support Occupations,46290.0,22.26,45150.0,21.71,32560364.990246154,279358.6458923077,18.736327692307693,False,False,False,False,30.63736325301051,30.637363253010502,532422.2260834672,4568.030861023867,24645824845.403698,206246593.3752276,0.008579714815113187,0.6518762745260849
43-9021.00,Data Entry Keyers,6299847.295846154,113162.54382692308,46.56894807692308,4.275555555555555,75.48333333333333,135280.0,2430.0,43,Office and Administrative Support Occupations,39850.0,19.16,41600.0,20.0,1350167.0349538461,24252.704723076924,9.980536923076922,False,False,False,False,21.43174225578591,21.43174225578591,28992.860923627177,520.7913368155976,1155365507.806543,21664919.61152886,0.017962743938497932,1.3647873910992656
43-9022.00,Word Processors and Typists,1939683.0043153847,2153.408830769231,53.83522076923077,3.91421052631579,84.50421052631579,36030.0,40.0,43,Office and Administrative Support Occupations,47850.0,23.01,39520.0,19.0,755363.1159115385,838.5935230769231,20.96483807692308,False,False,False,False,38.94260630376279,38.94260630376279,14031.021051245732,15.577042521505113,671384357.3021083,615604.7204498821,0.0011101859561476548,0.08435057583148411
43-9031.00,Desktop Publishers,272076.3538461538,2992.839892307692,68.01908846153846,4.098888888888889,74.3138888888889,4000.0,44.0,43,Office and Administrative Support Occupations,53620.0,25.78,53620.0,25.78,129188.48307692308,1421.073313846154,32.29712076923077,False,False,False,False,47.482436915474466,47.482436915474466,1899.2974766189786,20.89227224280877,101840330.69630964,1120243.6376594063,0.011000000000000001,0.8357665929823025
43-9041.00,Insurance Claims and Policy Processing Clerks,19259989.83368077,163954.16325,84.07905807692308,4.281428571428571,74.64666666666666,229070.0,1950.0,43,Office and Administrative Support Occupations,48450.0,23.29,43480.0,20.91,1170789.3761359889,19934.185036813185,18.88442120879121,True,True,True,True,6.078868089995454,12.158389053175314,13924.863133752586,118.53792775491134,674659618.8303127,5154029.098783545,0.01702627769189614,1.293635827066056
43-9051.00,"Mail Clerks and Mail Machine Operators, Except Postal Service",5204385.595419231,65542.23848846155,82.96485884615385,3.981923076923077,55.45730769230769,62730.0,790.0,43,Office and Administrative Support Occupations,38150.0,18.34,41170.0,19.79,0.0,0.0,0.0,False,False,False,False,0.0,0.0,0.0,0.0,0.0,0.0,,
43-9061.00,"Office Clerks, General",125023837.32138462,1840087.147846154,49.79938153846154,3.7920000000000003,71.62,2510550.0,36950.0,43,Office and Administrative Support Occupations,43630.0,20.97,41530.0,19.97,17198136.53653846,253120.29038461536,6.850346153846154,False,False,False,False,13.755886001426399,13.755886001426399,345348.3960088105,5082.799877527054,15067550517.864403,211088678.91369855,0.014717890502081218,1.1182473818919099
43-9071.00,"Office Machine Operators, Except Computer",1608114.1303461539,11050.097096153846,65.00057115384615,3.993333333333333,81.65277777777777,24740.0,170.0,43,Office and Administrative Support Occupations,39020.0,18.76,38270.0,18.4,175874.8330461539,1208.5174461538463,7.108926153846154,False,False,False,False,10.936713366749414,10.936713366749412,2705.742886933805,18.592412723474002,105578087.44815707,711531.6349273501,0.0068714632174616,0.5220854001873719
43-9081.00,Proofreaders and Copy Markers,232392.726,2567.12895,45.03735,4.180909090909091,80.63909090909091,5160.0,57.0,43,Office and Administrative Support Occupations,49210.0,23.66,49210.0,23.66,51181.0199076923,565.3717315384615,9.918802307692307,False,False,False,False,22.02350339816243,22.023503398162433,1136.4127753451812,12.553396936952584,55922872.674736366,617752.6632674367,0.011046511627906978,0.839300489781382
43-9111.00,Statistical Assistants,112455.41826923077,953.0120192307693,19.060240384615383,4.1850000000000005,74.61142857142856,5900.0,50.0,43,Office and Administrative Support Occupations,51440.0,24.73,51430.0,24.73,38043.481384615385,322.4023846153846,6.448047692307693,False,False,False,False,33.829834053469135,33.829834053469135,1995.960209154679,16.914917026734567,102672193.15891668,869934.1826849588,0.00847457627118644,0.6438879761034687
45-1011.00,"First-Line Supervisors of Farming, Fishing, and Forestry Workers",988615.6641423077,4352.18545,33.478349615384616,3.924074074074074,88.49851851851852,29530.0,130.0,45,"Farming, Fishing, and Forestry Occupations",59330.0,28.53,57190.0,27.5,0.0,0.0,0.0,False,False,False,False,0.0,0.0,0.0,0.0,0.0,0.0,,
45-2011.00,Agricultural Inspectors,670705.7886,6102.368630769231,55.476078461538464,4.264375,48.215625,12090.0,110.0,45,"Farming, Fishing, and Forestry Occupations",50990.0,24.51,51330.0,24.68,50246.55615,457.16469615384614,4.156042692307692,False,False,False,False,7.4915942286531205,7.4915942286531205,905.7337422441623,8.240753651518432,46183363.51702984,422997.8849324411,0.009098428453267164,0.6912875045345761
45-2021.00,Animal Breeders,29110.52701923077,319.7109903846154,16.82689423076923,3.9780952380952384,60.857619047619046,1730.0,19.0,45,"Farming, Fishing, and Forestry Occupations",52000.0,25.0,52000.0,25.0,0.0,0.0,0.0,False,False,False,False,0.0,0.0,0.0,0.0,0.0,0.0,,
45-2041.00,"Graders and Sorters, Agricultural Products",856949.0463653846,3508.1650576923075,31.892409615384615,4.434,79.6,26870.0,110.0,45,"Farming, Fishing, and Forestry Occupations",35430.0,17.03,42660.0,20.51,0.0,0.0,0.0,False,False,False,False,0.0,0.0,0.0,0.0,0.0,0.0,,
45-2091.00,Agricultural Equipment Operators,1243667.4411,2411.7662076923075,40.19610346153846,4.152352941176471,64.75470588235294,30940.0,60.0,45,"Farming, Fishing, and Forestry Occupations",42580.0,20.47,42060.0,20.22,0.0,0.0,0.0,False,False,False,False,0.0,0.0,0.0,0.0,0.0,0.0,,
45-2092.00,"Farmworkers and Laborers, Crop, Nursery, and Greenhouse",9849089.54535,29356.4517,37.63647653846154,3.6076923076923078,60.689230769230775,261690.0,780.0,45,"Farming, Fishing, and Forestry Occupations",35690.0,17.16,33200.0,15.96,322346.8066296154,1921.4725492307696,5.731443846153847,True,True,True,True,3.2728589291972003,6.545316064988772,8564.744531816154,25.528299647738162,305675732.34051853,847539.548304907,0.0059608859455480495,0.4529008488969803
45-2093.00,"Farmworkers, Farm, Ranch, and Aquacultural Animals",458327.0076,2329.1603999999998,12.939779999999999,4.072631578947369,69.9042105263158,35420.0,180.0,45,"Farming, Fishing, and Forestry Occupations",36150.0,17.38,42120.0,20.25,0.0,0.0,0.0,False,False,False,False,0.0,0.0,0.0,0.0,0.0,0.0,,
45-4011.00,Forest and Conservation Workers,62362.700146153846,686.7650815384616,11.076856153846153,3.3182352941176467,54.188235294117646,5630.0,62.0,45,"Farming, Fishing, and Forestry Occupations",43680.0,21.0,43680.0,21.0,0.0,0.0,0.0,False,False,False,False,0.0,0.0,0.0,0.0,0.0,0.0,,
45-4021.00,Fallers,399324.0179769231,4372.160780769231,97.15912846153847,4.198333333333334,82.89055555555555,4110.0,45.0,45,"Farming, Fishing, and Forestry Occupations",53900.0,25.92,53900.0,25.92,0.0,0.0,0.0,False,False,False,False,0.0,0.0,0.0,0.0,0.0,0.0,,
45-4022.00,Logging Equipment Operators,1034312.3838153846,11390.296233846153,45.928613846153844,3.968888888888889,78.44666666666666,22520.0,248.0,45,"Farming, Fishing, and Forestry Occupations",49210.0,23.66,49210.0,23.66,0.0,0.0,0.0,False,False,False,False,0.0,0.0,0.0,0.0,0.0,0.0,,
45-4023.00,Log Graders and Scalers,195706.00843846155,2128.524563076923,59.12568230769231,4.275833333333334,64.65083333333334,3310.0,36.0,45,"Farming, Fishing, and Forestry Occupations",46710.0,22.46,46710.0,22.46,0.0,0.0,0.0,False,False,False,False,0.0,0.0,0.0,0.0,0.0,0.0,,
47-1011.00,First-Line Supervisors of Construction Trades and Extraction Workers,21333744.593107693,350675.01471153845,26.466038846153847,4.024666666666667,95.12466666666666,806080.0,13250.0,47,Construction and Extraction Occupations,78690.0,37.83,76080.0,36.58,182304.77521153848,5993.045072307693,0.7253746153846155,False,False,False,False,0.8545371602059763,1.7090025866934113,6888.253140988334,113.22617372729187,542036639.664372,8614247.297172366,0.03287376902417189,2.497708903256299
47-1011.03,Solar Energy Installation Managers,11264566.200123077,185162.14538461537,13.974501538461539,3.8666666666666667,85.71933333333332,806080.0,13250.0,47,Construction and Extraction Occupations,78690.0,37.83,76080.0,36.58,0.0,0.0,0.0,False,False,False,False,0.0,0.0,0.0,0.0,0.0,0.0,,
47-2011.00,Boilermakers,215728.63335000002,2375.77256,21.212255,3.8823529411764706,82.10764705882353,10170.0,112.0,47,Construction and Extraction Occupations,73340.0,35.26,73340.0,35.26,0.0,0.0,0.0,False,False,False,False,0.0,0.0,0.0,0.0,0.0,0.0,,
47-2021.00,Brickmasons and Blockmasons,2446317.0056307693,82732.3202576923,45.70846423076923,3.9378571428571427,89.02785714285713,53520.0,1810.0,47,Construction and Extraction Occupations,60800.0,29.23,56340.0,27.09,0.0,0.0,0.0,False,False,False,False,0.0,0.0,0.0,0.0,0.0,0.0,,
47-2022.00,Stonemasons,320578.1822115385,12090.377157692308,36.63750653846154,3.9741176470588235,80.62941176470588,8750.0,330.0,47,Construction and Extraction Occupations,51990.0,25.0,50630.0,24.34,0.0,0.0,0.0,False,False,False,False,0.0,0.0,0.0,0.0,0.0,0.0,,
47-2031.00,Carpenters,36436207.4186077,733173.3197999999,52.220321923076924,3.8075862068965516,70.00586206896551,697740.0,14040.0,47,Construction and Extraction Occupations,59310.0,28.51,51720.0,24.86,217874.68223076922,4384.098,0.3122576923076923,True,True,True,True,0.597962020930593,0.597962020930593,4172.22020484112,83.95386773865526,247454380.34912682,4342094.03944325,0.02012210852179895,1.5288532802621875
47-2041.00,Carpet Installers,457156.4365846154,10681.225153846153,30.517786153846156,4.1606250000000005,94.120625,14980.0,350.0,47,Construction and Extraction Occupations,49850.0,23.97,43270.0,20.81,0.0,0.0,0.0,False,False,False,False,0.0,0.0,0.0,0.0,0.0,0.0,,
47-2042.00,"Floor Layers, Except Carpet, Wood, and Hard Tiles",492227.1082884615,5150.0623,19.80793192307692,3.919285714285714,88.86642857142859,24850.0,260.0,47,Construction and Extraction Occupations,54340.0,26.13,43930.0,21.12,0.0,0.0,0.0,False,False,False,False,0.0,0.0,0.0,0.0,0.0,0.0,,
47-2043.00,Floor Sanders and Finishers,54870.24316153847,609.6693684615385,13.253681923076925,4.3757142857142854,98.85142857142857,4140.0,46.0,47,Construction and Extraction Occupations,49150.0,23.63,49150.0,23.63,0.0,0.0,0.0,False,False,False,False,0.0,0.0,0.0,0.0,0.0,0.0,,
47-2044.00,Tile and Stone Setters,2043779.9709,102874.83075,52.756323461538464,4.0856,82.2688,38740.0,1950.0,47,Construction and Extraction Occupations,52240.0,25.11,48790.0,23.46,63717.242499999986,3207.243749999999,1.6447403846153843,False,True,True,False,3.117617522787515,3.1176175227875156,1207.7650283278833,60.79354169435655,63093645.079848625,2966116.899267656,0.050335570469798654,3.8244352943058373
47-2051.00,Cement Masons and Concrete Finishers,7562715.1595653845,210044.7128076923,36.84994961538462,3.506153846153846,76.86999999999999,205230.0,5700.0,47,Construction and Extraction Occupations,54660.0,26.28,55540.0,26.7,479320.58509615384,13312.514423076924,2.335528846153846,False,False,False,False,6.337943119408711,6.337943119408712,13007.360663962498,361.2627578062965,710982333.8921901,20064533.56856171,0.027773717292793453,2.110213188750149
47-2053.00,Terrazzo Workers and Finishers,46764.425153846154,516.021243076923,32.25132769230769,3.7911538461538465,79.07538461538462,1450.0,16.0,47,Construction and Extraction Occupations,57260.0,27.53,57260.0,27.53,0.0,0.0,0.0,False,False,False,False,0.0,0.0,0.0,0.0,0.0,0.0,,
47-2061.00,Construction Laborers,49743555.551053844,1045514.8534499999,47.03170730769231,3.6237037037037036,55.64888888888889,1057660.0,22230.0,47,Construction and Extraction Occupations,46730.0,22.47,46100.0,22.16,0.0,0.0,0.0,False,False,False,False,0.0,0.0,0.0,0.0,0.0,0.0,,
47-2071.00,"Paving, Surfacing, and Tamping Equipment Operators",2486537.126,29394.2655,54.433825,3.6915,74.20750000000001,45680.0,540.0,47,Construction and Extraction Occupations,51650.0,24.83,47890.0,23.02,0.0,0.0,0.0,False,False,False,False,0.0,0.0,0.0,0.0,0.0,0.0,,
47-2072.00,Pile Driver Operators,63741.94363076922,691.9355723076923,20.967744615384614,4.516,97.92999999999999,3040.0,33.0,47,Construction and Extraction Occupations,70510.0,33.9,70510.0,33.9,0.0,0.0,0.0,False,False,False,False,0.0,0.0,0.0,0.0,0.0,0.0,,
47-2073.00,Operating Engineers and Other Construction Equipment Operators,26309389.178419232,354327.65701538464,56.06450269230769,4.098076923076923,75.92769230769231,469270.0,6320.0,47,Construction and Extraction Occupations,58710.0,28.23,59760.0,28.73,0.0,0.0,0.0,False,False,False,False,0.0,0.0,0.0,0.0,0.0,0.0,,
47-2081.00,Drywall and Ceiling Tile Installers,3987861.870269231,88031.20895769232,48.10448576923077,3.566153846153846,81.29307692307692,82900.0,1830.0,47,Construction and Extraction Occupations,58140.0,27.95,50860.0,24.45,228950.7011153846,5054.038396153846,2.7617696153846154,False,False,False,False,5.741189353179064,5.741189353179064,4759.445973785444,105.06376516317687,276714188.9158857,5343543.096199175,0.02207478890229192,1.6772155556065507
47-2082.00,Tapers,538785.7211538461,17241.143076923076,43.102857692307694,4.016875,94.646875,12500.0,400.0,47,Construction and Extraction Occupations,64700.0,31.11,54580.0,26.24,0.0,0.0,0.0,False,False,False,False,0.0,0.0,0.0,0.0,0.0,0.0,,
47-2111.00,Electricians,37731727.338130765,577220.531876923,50.81166653846154,4.097619047619047,92.97857142857143,742580.0,11360.0,47,Construction and Extraction Occupations,62350.0,29.98,61430.0,29.53,0.0,0.0,0.0,False,False,False,False,0.0,0.0,0.0,0.0,0.0,0.0,,
47-2121.00,Glaziers,1609170.135,20890.9807,28.231055,3.8777777777777778,81.92629629629629,57000.0,740.0,47,Construction and Extraction Occupations,55440.0,26.65,50640.0,24.35,0.0,0.0,0.0,False,False,False,False,0.0,0.0,0.0,0.0,0.0,0.0,,
47-2131.00,"Insulation Workers, Floor, Ceiling, and Wall",982334.4943499999,8904.871096153845,25.442488846153847,3.754,84.46900000000001,38610.0,350.0,47,Construction and Extraction Occupations,48680.0,23.41,48330.0,23.23,0.0,0.0,0.0,False,False,False,False,0.0,0.0,0.0,0.0,0.0,0.0,,
47-2132.00,"Insulation Workers, Mechanical",925927.0146923077,12639.409326923078,36.11259807692308,4.32,95.58777777777777,25640.0,350.0,47,Construction and Extraction Occupations,57250.0,27.52,45800.0,22.02,0.0,0.0,0.0,False,False,False,False,0.0,0.0,0.0,0.0,0.0,0.0,,
47-2141.00,"Painters, Construction and Maintenance",5070780.792084616,75774.44755769231,22.619238076923075,3.7915789473684205,83.41947368421053,224180.0,3350.0,47,Construction and Extraction Occupations,48660.0,23.4,45900.0,22.07,0.0,0.0,0.0,False,False,False,False,0.0,0.0,0.0,0.0,0.0,0.0,,
47-2142.00,Paperhangers,80791.51236923077,903.5892830769232,53.15231076923077,4.074,77.949,1520.0,17.0,47,Construction and Extraction Occupations,48260.0,23.2,48260.0,23.2,0.0,0.0,0.0,False,False,False,False,0.0,0.0,0.0,0.0,0.0,0.0,,
47-2151.00,Pipelayers,1206918.9409153846,25518.536273076923,35.941600384615384,4.226428571428571,95.25071428571428,33580.0,710.0,47,Construction and Extraction Occupations,48710.0,23.42,51180.0,24.61,0.0,0.0,0.0,False,False,False,False,0.0,0.0,0.0,0.0,0.0,0.0,,
47-2152.00,"Plumbers, Pipefitters, and Steamfitters",21044260.370907694,312474.5420692308,46.155766923076925,3.7613333333333334,83.83933333333333,455940.0,6770.0,47,Construction and Extraction Occupations,62970.0,30.27,61680.0,29.65,742530.1607870895,22050.78929247401,6.500079656964656,True,True,True,True,3.528421278295856,7.056827460711508,16087.483976262125,238.87412054062943,1013028865.985226,14733755.754946023,0.029696826414566044,2.256328675898973
47-2152.04,Solar Thermal Installers and Technicians,8654437.034584615,128504.93206153846,18.981526153846154,4.198095238095238,84.58809523809524,455940.0,6770.0,47,Construction and Extraction Occupations,62970.0,30.27,61680.0,29.65,0.0,0.0,0.0,False,False,False,False,0.0,0.0,0.0,0.0,0.0,0.0,,
47-2161.00,Plasterers and Stucco Masons,317491.2335076923,18246.622615384615,15.205518846153847,3.948,80.27066666666666,20880.0,1200.0,47,Construction and Extraction Occupations,56020.0,26.93,53170.0,25.56,0.0,0.0,0.0,False,False,False,False,0.0,0.0,0.0,0.0,0.0,0.0,,
47-2171.00,Reinforcing Iron and Rebar Workers,371916.15353846154,7364.676307692307,26.302415384615387,4.022857142857143,97.61571428571428,14140.0,280.0,47,Construction and Extraction Occupations,59280.0,28.5,49990.0,24.04,0.0,0.0,0.0,False,False,False,False,0.0,0.0,0.0,0.0,0.0,0.0,,
47-2181.00,Roofers,3311164.411823077,71192.2142076923,24.215038846153845,3.8714814814814815,81.03407407407407,136740.0,2940.0,47,Construction and Extraction Occupations,50970.0,24.510000000000005,49800.0,23.94,0.0,0.0,0.0,False,False,False,False,0.0,0.0,0.0,0.0,0.0,0.0,,
47-2211.00,Sheet Metal Workers,3517478.9841730767,55994.60032692308,29.943636538461536,3.82,80.26263157894736,117470.0,1870.0,47,Construction and Extraction Occupations,60850.0,29.26,60490.0,29.08,0.0,0.0,0.0,False,False,False,False,0.0,0.0,0.0,0.0,0.0,0.0,,
47-2221.00,Structural Iron and Steel Workers,3669836.630092308,68043.94246153846,56.703285384615384,3.9457894736842105,81.87052631578948,64720.0,1200.0,47,Construction and Extraction Occupations,62700.0,30.14,47840.0,23.0,0.0,0.0,0.0,False,False,False,False,0.0,0.0,0.0,0.0,0.0,0.0,,
47-2231.00,Solar Photovoltaic Installers,1161272.5495538462,22174.228315384615,41.06338576923077,4.242692307692308,93.41269230769231,28280.0,540.0,47,Construction and Extraction Occupations,51860.0,24.93,47960.0,23.06,0.0,0.0,0.0,False,False,False,False,0.0,0.0,0.0,0.0,0.0,0.0,,
47-3011.00,"Helpers--Brickmasons, Blockmasons, Stonemasons, and Tile and Marble Setters",857437.0213153847,20806.262330769234,54.753321923076925,3.9833333333333334,88.44533333333334,15660.0,380.0,47,Construction and Extraction Occupations,46480.0,22.35,48090.0,23.12,0.0,0.0,0.0,False,False,False,False,0.0,0.0,0.0,0.0,0.0,0.0,,
47-3012.00,Helpers--Carpenters,839415.277376923,21147.39829230769,34.10870692307692,3.6566666666666663,86.01666666666667,24610.0,620.0,47,Construction and Extraction Occupations,41600.0,20.0,43090.0,20.72,0.0,0.0,0.0,False,False,False,False,0.0,0.0,0.0,0.0,0.0,0.0,,
47-3013.00,Helpers--Electricians,3448048.1341846157,16587.44446923077,53.507885384615385,3.6608,81.1696,64440.0,310.0,47,Construction and Extraction Occupations,39890.0,19.18,42120.0,20.25,0.0,0.0,0.0,False,False,False,False,0.0,0.0,0.0,0.0,0.0,0.0,,
47-3014.00,"Helpers--Painters, Paperhangers, Plasterers, and Stucco Masons",143089.16734615384,2972.7666346153846,19.81844423076923,3.53,66.43454545454546,7220.0,150.0,47,Construction and Extraction Occupations,38140.0,18.34,40620.0,19.53,0.0,0.0,0.0,False,False,False,False,0.0,0.0,0.0,0.0,0.0,0.0,,
47-3015.00,"Helpers--Pipelayers, Plumbers, Pipefitters, and Steamfitters",1232517.5040307692,6778.281415384616,28.24283923076923,3.7386666666666666,80.97733333333333,43640.0,240.0,47,Construction and Extraction Occupations,39270.0,18.88,44810.0,21.55,0.0,0.0,0.0,False,False,False,False,0.0,0.0,0.0,0.0,0.0,0.0,,
47-3016.00,Helpers--Roofers,197015.98378846154,2172.129801923077,38.10754038461538,3.9838888888888895,88.50944444444445,5170.0,57.0,47,Construction and Extraction Occupations,40590.0,19.51,40590.0,19.51,0.0,0.0,0.0,False,False,False,False,0.0,0.0,0.0,0.0,0.0,0.0,,
47-4011.00,Construction and Building Inspectors,3201034.0983653846,29395.109423076923,23.329451923076924,3.5678947368421055,71.14894736842105,137210.0,1260.0,47,Construction and Extraction Occupations,72120.0,34.67,71040.0,34.15,227019.2486942308,4169.437407692308,3.309077307692308,False,False,False,False,7.092059681905878,14.184119363811757,9731.015089543056,89.35995199201406,701800808.2578452,6348130.989512679,0.018366008308432328,1.3954269264202859
47-4011.01,Energy Auditors,2540406.314392308,23328.56173846154,18.51473153846154,3.965238095238095,91.86571428571429,137210.0,1260.0,47,Construction and Extraction Occupations,72120.0,34.67,71040.0,34.15,0.0,0.0,0.0,False,False,False,False,0.0,0.0,0.0,0.0,0.0,0.0,,
47-4021.00,Elevator and Escalator Installers and Repairers,684034.0786384615,6740.695719230769,29.30737269230769,4.3185,82.471,23340.0,230.0,47,Construction and Extraction Occupations,106580.0,51.24,78680.0,37.83,0.0,0.0,0.0,False,False,False,False,0.0,0.0,0.0,0.0,0.0,0.0,,
47-4031.00,Fence Erectors,862436.2827076924,9485.27537076923,38.09347538461539,4.0375,92.57000000000001,22640.0,249.0,47,Construction and Extraction Occupations,46940.0,22.57,57430.0,27.610000000000003,0.0,0.0,0.0,False,False,False,False,0.0,0.0,0.0,0.0,0.0,0.0,,
47-4041.00,Hazardous Materials Removal Workers,1441134.0961,6269.517523076923,28.497806923076922,4.027142857142858,63.49428571428571,50570.0,220.0,47,Construction and Extraction Occupations,48490.0,23.31,45740.0,21.99,0.0,0.0,0.0,False,False,False,False,0.0,0.0,0.0,0.0,0.0,0.0,,
47-4051.00,Highway Maintenance Workers,2088216.6333653845,16513.080461538462,13.760900384615384,3.896315789473684,67.97105263157896,151750.0,1200.0,47,Construction and Extraction Occupations,49070.0,23.59,52470.0,25.23,0.0,0.0,0.0,False,False,False,False,0.0,0.0,0.0,0.0,0.0,0.0,,
47-4061.00,Rail-Track Laying and Maintenance Equipment Operators,405040.1156923077,2703.5444615384613,24.577676923076922,3.821923076923077,70.86884615384615,16480.0,110.0,47,Construction and Extraction Occupations,67370.0,32.39,61520.0,29.58,0.0,0.0,0.0,False,False,False,False,0.0,0.0,0.0,0.0,0.0,0.0,,
47-4071.00,Septic Tank Servicers and Sewer Pipe Cleaners,1180427.4764423077,11377.614230769232,40.63433653846154,3.630909090909091,63.61181818181819,29050.0,280.0,47,Construction and Extraction Occupations,49140.0,23.62,48720.0,23.42,0.0,0.0,0.0,False,False,False,False,0.0,0.0,0.0,0.0,0.0,0.0,,
47-4091.00,Segmental Pavers,310780.35569807695,3429.4283211538464,18.537450384615386,3.97,85.365,16765.0,185.0,47,Construction and Extraction Occupations,48120.0,23.14,48120.0,23.14,0.0,0.0,0.0,False,False,False,False,0.0,0.0,0.0,0.0,0.0,0.0,,
47-4099.03,Weatherization Installers and Technicians,325117.2549557692,3587.6344865384613,19.392618846153844,4.022,94.09,16765.0,185.0,47,Construction and Extraction Occupations,48120.0,23.14,48120.0,23.14,0.0,0.0,0.0,False,False,False,False,0.0,0.0,0.0,0.0,0.0,0.0,,
47-5011.00,"Derrick Operators, Oil and Gas",367819.97723076923,4064.677284615385,33.317026923076924,4.221333333333333,90.29133333333333,11040.0,122.0,47,Construction and Extraction Occupations,62740.0,30.16,62740.0,30.16,0.0,0.0,0.0,False,False,False,False,0.0,0.0,0.0,0.0,0.0,0.0,,
47-5012.00,"Rotary Drill Operators, Oil and Gas",831995.9040884615,12711.931307692308,63.55965653846154,4.1705,79.6965,13090.0,200.0,47,Construction and Extraction Occupations,65010.0,31.26,68660.0,33.01,0.0,0.0,0.0,False,False,False,False,0.0,0.0,0.0,0.0,0.0,0.0,,
47-5013.00,"Service Unit Operators, Oil and Gas",661144.4955846153,19480.6855,14.98514269230769,4.003684210526315,71.01947368421052,44120.0,1300.0,47,Construction and Extraction Occupations,57980.0,27.880000000000003,55570.0,26.72,0.0,0.0,0.0,False,False,False,False,0.0,0.0,0.0,0.0,0.0,0.0,,
47-5022.00,"Excavating and Loading Machine and Dragline Operators, Surface Mining",1610321.7649115385,30596.58425,47.071668076923075,4.019375,75.551875,34210.0,650.0,47,Construction and Extraction Occupations,52550.0,25.26,52240.0,25.12,0.0,0.0,0.0,False,False,False,False,0.0,0.0,0.0,0.0,0.0,0.0,,
47-5023.00,"Earth Drillers, Except Oil and Gas",1223958.998523077,35151.03384615385,70.30206769230769,3.988571428571429,66.76142857142857,17410.0,500.0,47,Construction and Extraction Occupations,59600.0,28.65,57850.0,27.81,0.0,0.0,0.0,False,False,False,False,0.0,0.0,0.0,0.0,0.0,0.0,,
47-5032.00,"Explosives Workers, Ordnance Handling Experts, and Blasters",251987.79307692306,2794.9350288461537,44.364048076923076,4.2704545454545455,81.08727272727273,5680.0,63.0,47,Construction and Extraction Occupations,59110.0,28.42,59110.0,28.42,0.0,0.0,0.0,False,False,False,False,0.0,0.0,0.0,0.0,0.0,0.0,,
47-5041.00,Continuous Mining Machine Operators,1353177.1126153846,132109.34153846154,94.36381538461538,4.36,74.68533333333333,14340.0,1400.0,47,Construction and Extraction Occupations,63380.0,30.469999999999995,67870.0,32.63,0.0,0.0,0.0,False,False,False,False,0.0,0.0,0.0,0.0,0.0,0.0,,
47-5043.00,"Roof Bolters, Mining",240507.62536153846,2696.2738269230767,107.85095307692308,4.787857142857143,97.00285714285714,2230.0,25.0,47,Construction and Extraction Occupations,76640.0,36.85,76640.0,36.85,0.0,0.0,0.0,False,False,False,False,0.0,0.0,0.0,0.0,0.0,0.0,,
47-5044.00,"Loading and Moving Machine Operators, Underground Mining",864376.6587307692,9588.517584615385,141.00761153846153,4.0312,68.3156,6130.0,68.0,47,Construction and Extraction Occupations,68860.0,33.11,68860.0,33.11,0.0,0.0,0.0,False,False,False,False,0.0,0.0,0.0,0.0,0.0,0.0,,
47-5051.00,"Rock Splitters, Quarry",66773.93089230769,737.1148215384616,21.679847692307693,3.678888888888889,69.92444444444443,3080.0,34.0,47,Construction and Extraction Occupations,47460.0,22.82,47460.0,22.82,0.0,0.0,0.0,False,False,False,False,0.0,0.0,0.0,0.0,0.0,0.0,,
47-5071.00,"Roustabouts, Oil and Gas",386379.70456153847,4091.380061538461,8.523708461538462,3.366153846153846,69.2476923076923,45330.0,480.0,47,Construction and Extraction Occupations,47510.0,22.84,47680.0,22.93,0.0,0.0,0.0,False,False,False,False,0.0,0.0,0.0,0.0,0.0,0.0,,
47-5081.00,Helpers--Extraction Workers,155266.09107692307,5083.116076923077,23.105073076923077,3.850714285714286,69.4042857142857,6720.0,220.0,47,Construction and Extraction Occupations,48400.0,23.27,54100.0,26.01,0.0,0.0,0.0,False,False,False,False,0.0,0.0,0.0,0.0,0.0,0.0,,
49-1011.00,"First-Line Supervisors of Mechanics, Installers, and Repairers",17087454.08903077,182344.31096538462,28.446850384615384,3.6427272727272726,76.7390909090909,600680.0,6410.0,49,"Installation, Maintenance, and Repair Occupations",78300.0,37.64,77380.0,37.2,2572063.4745692303,27447.104734615383,4.281919615384615,False,False,False,False,15.052350462321694,15.052350462321694,90416.45875707395,964.8556646348205,7079608720.67889,74660531.32944241,0.010671239262169542,0.8107877528220379
49-2011.00,"Computer, Automated Teller, and Office Machine Repairers",4512823.693430769,50066.938661538465,61.81103538461539,3.9248000000000003,84.258,73010.0,810.0,49,"Installation, Maintenance, and Repair Occupations",46860.0,22.53,45310.0,21.78,643601.4867423077,7140.353434615385,8.815251153846154,False,False,False,False,14.261613802444487,14.261613802444487,10412.40423716472,115.51907179980034,487925262.55353874,5234169.143248954,0.011094370634159705,0.8429367587449602
49-2021.00,"Radio, Cellular, and Tower Equipment Installers and Repairers",107589.75807692307,377.5079230769231,9.437698076923077,4.0616666666666665,73.3111111111111,11400.0,40.0,49,"Installation, Maintenance, and Repair Occupations",64190.0,30.86,86040.0,41.36,0.0,0.0,0.0,False,False,False,False,0.0,0.0,0.0,0.0,0.0,0.0,,
49-2022.00,"Telecommunications Equipment Installers and Repairers, Except Line Installers",8730161.58833077,127074.93636923078,56.72988230769231,3.7279487179487174,73.48769230769231,153890.0,2240.0,49,"Installation, Maintenance, and Repair Occupations",62630.0,30.11,62380.0,29.99,0.0,0.0,0.0,False,False,False,False,0.0,0.0,0.0,0.0,0.0,0.0,,
49-2091.00,Avionics Technicians,745593.2397692308,7848.349892307693,35.674317692307696,4.015384615384615,84.2023076923077,20900.0,220.0,49,"Installation, Maintenance, and Repair Occupations",81390.0,39.13,59510.0,28.61,92547.48292307694,974.1840307692308,4.428109230769231,False,False,False,False,12.412596840567035,12.412596840567033,2594.2327396785104,27.30771304924748,211144602.68243396,1625082.0035607175,0.010526315789473684,0.7997766440022033
49-2092.00,"Electric Motor, Power Tool, and Related Repairers",1089172.2933461538,3943.894846153846,65.73158076923077,3.843225806451613,64.76290322580645,16570.0,60.0,49,"Installation, Maintenance, and Repair Occupations",53990.0,25.96,41460.0,19.93,42644.87702692307,154.4171769230769,2.573619615384615,False,False,False,False,3.9153472125066218,3.915347212506621,648.7730331123472,2.349208327503973,35027256.05773563,97398.17725831471,0.003621001810500905,0.27511930421319
49-2093.00,"Electrical and Electronics Installers and Repairers, Transportation Equipment",182951.07841923076,2027.228091923077,25.02750730769231,3.6473333333333335,73.70466666666667,7310.0,81.0,49,"Installation, Maintenance, and Repair Occupations",82730.0,39.77,82730.0,39.77,15354.379469230767,170.1374469230769,2.1004623076923075,False,False,False,False,8.392614901152069,8.392614901152069,613.5001492742163,6.798018069933176,50754867.34945591,562400.0349255716,0.011080711354309165,0.8418989433101168
49-2094.00,"Electrical and Electronics Repairers, Commercial and Industrial Equipment",1452773.307676923,18889.2012,24.216924615384617,3.9085,85.8235,59990.0,780.0,49,"Installation, Maintenance, and Repair Occupations",71300.0,34.28,70970.0,34.12,94120.54908846154,1223.7711,1.5689373076923077,False,False,False,False,6.478681057195791,6.478681057195791,3886.560766211755,50.53371224612717,277111782.6308981,3586377.5581076457,0.013002167027837972,0.9878888034766337
49-2095.00,"Electrical and Electronics Repairers, Powerhouse, Substation, and Relay",308833.5832615385,1072.3388307692308,13.404235384615385,4.051333333333333,74.32,23040.0,80.0,49,"Installation, Maintenance, and Repair Occupations",100940.0,48.53,104730.0,50.35,29802.142523076927,103.47966153846156,1.2934957692307694,False,False,False,False,9.649903423177497,9.649903423177498,2223.3377487000953,7.719922738541998,224423712.35378763,808507.5084075034,0.0034722222222222225,0.26381521243128236
49-2096.00,"Electronic Equipment Installers and Repairers, Motor Vehicles",314098.0284,3469.3273353846153,30.976136923076922,4.1875,88.47583333333334,10140.0,112.0,49,"Installation, Maintenance, and Repair Occupations",47940.0,23.05,47940.0,23.05,0.0,0.0,0.0,False,False,False,False,0.0,0.0,0.0,0.0,0.0,0.0,,
49-2097.00,Audiovisual Equipment Installers and Repairers,701724.8058923077,12027.759415384615,31.65199846153846,3.956363636363636,84.09181818181818,22170.0,380.0,49,"Installation, Maintenance, and Repair Occupations",50620.0,24.34,53600.0,25.77,81156.13299230768,1391.0388153846152,3.660628461538461,False,True,True,False,11.5652364446644,11.5652364446644,2564.0129197820975,43.94789848972472,129790333.99936977,2355607.3590492452,0.017140279657194404,1.3022975574415667
49-2098.00,Security and Fire Alarm Systems Installers,1460720.646,14874.225692307691,17.920753846153847,4.16375,89.683125,81510.0,830.0,49,"Installation, Maintenance, and Repair Occupations",59300.0,28.51,58860.0,28.3,129528.1053,1318.9587461538463,1.5891069230769233,False,False,False,False,8.867411140843148,8.86741114084315,7227.826820901249,73.59951246899813,428610130.4794441,4332067.30392523,0.010182799656483868,0.7736767069018984
49-3011.00,Aircraft Mechanics and Service Technicians,5847270.848253846,86172.11236153846,42.87169769230769,4.170263157894737,78.09342105263158,136390.0,2010.0,49,"Installation, Maintenance, and Repair Occupations",78680.0,37.83,65980.0,31.72,0.0,0.0,0.0,False,False,False,False,0.0,0.0,0.0,0.0,0.0,0.0,,
49-3021.00,Automotive Body and Related Repairers,7878710.1318,82736.10046923076,50.75834384615384,4.0612,82.7148,155220.0,1630.0,49,"Installation, Maintenance, and Repair Occupations",51680.0,24.85,51080.0,24.56,0.0,0.0,0.0,False,False,False,False,0.0,0.0,0.0,0.0,0.0,0.0,,
49-3022.00,Automotive Glass Installers and Repairers,1055640.386346154,5573.602884615385,55.73602884615385,4.234444444444445,91.01333333333334,18940.0,100.0,49,"Installation, Maintenance, and Repair Occupations",47260.0,22.72,39300.0,18.89,0.0,0.0,0.0,False,False,False,False,0.0,0.0,0.0,0.0,0.0,0.0,,
49-3023.00,Automotive Service Technicians and Mechanics,38230869.30709231,494508.22473461536,55.50036192307692,4.033571428571428,85.28571428571429,688840.0,8910.0,49,"Installation, Maintenance, and Repair Occupations",49670.0,23.88,46990.0,22.59,0.0,0.0,0.0,False,False,False,False,0.0,0.0,0.0,0.0,0.0,0.0,,
49-3031.00,Bus and Truck Mechanics and Diesel Engine Specialists,8010950.091315385,81718.77508461538,27.890366923076922,3.9396153846153843,87.04923076923077,287230.0,2930.0,49,"Installation, Maintenance, and Repair Occupations",60640.0,29.15,62970.0,30.28,205012.62196153845,2091.310038461538,0.7137576923076923,False,False,False,False,2.559154902035792,2.559154902035792,7350.660625117406,74.98323862964871,445744060.3071195,4721694.536508979,0.010200884308742122,0.7750507567385484
49-3041.00,Farm Equipment Mechanics and Service Technicians,893917.5254153846,4362.938030769231,24.238544615384615,3.880714285714286,88.18142857142857,36880.0,180.0,49,"Installation, Maintenance, and Repair Occupations",52080.0,25.04,57100.0,27.45,0.0,0.0,0.0,False,False,False,False,0.0,0.0,0.0,0.0,0.0,0.0,,
49-3042.00,"Mobile Heavy Equipment Mechanics, Except Engines",5722558.273246154,66663.18507692308,31.74437384615385,4.0255,93.2355,180270.0,2100.0,49,"Installation, Maintenance, and Repair Occupations",63980.0,30.76,63890.0,30.72,0.0,0.0,0.0,False,False,False,False,0.0,0.0,0.0,0.0,0.0,0.0,,
49-3043.00,Rail Car Repairers,544791.2393076923,2381.6010461538463,29.770013076923075,3.626,66.7525,18300.0,80.0,49,"Installation, Maintenance, and Repair Occupations",65680.0,31.579999999999995,75280.0,36.19,0.0,0.0,0.0,False,False,False,False,0.0,0.0,0.0,0.0,0.0,0.0,,
49-3051.00,Motorboat Mechanics and Service Technicians,639305.8465384615,1581.7876615384616,26.363127692307692,3.94,96.42307692307692,24250.0,60.0,49,"Installation, Maintenance, and Repair Occupations",54950.0,26.42,45290.0,21.77,0.0,0.0,0.0,False,False,False,False,0.0,0.0,0.0,0.0,0.0,0.0,,
49-3052.00,Motorcycle Mechanics,416697.67336153844,7138.289907692308,29.742874615384615,4.368461538461538,94.06692307692308,14010.0,240.0,49,"Installation, Maintenance, and Repair Occupations",47200.0,22.69,42120.0,20.25,0.0,0.0,0.0,False,False,False,False,0.0,0.0,0.0,0.0,0.0,0.0,,
49-3053.00,Outdoor Power Equipment and Other Small Engine Mechanics,947052.3380923077,9957.325984615383,27.659238846153844,4.331428571428572,96.92928571428571,34240.0,360.0,49,"Installation, Maintenance, and Repair Occupations",46560.0,22.38,44140.0,21.22,0.0,0.0,0.0,False,False,False,False,0.0,0.0,0.0,0.0,0.0,0.0,,
49-3091.00,Bicycle Repairers,367066.65548076923,12536.827788461538,29.155413461538462,4.272142857142857,93.72357142857143,12590.0,430.0,49,"Installation, Maintenance, and Repair Occupations",40360.0,19.4,43760.0,21.04,0.0,0.0,0.0,False,False,False,False,0.0,0.0,0.0,0.0,0.0,0.0,,
49-3092.00,Recreational Vehicle Service Technicians,571291.650926923,8244.187373076922,30.534027307692305,3.9035294117647057,90.65176470588234,18710.0,270.0,49,"Installation, Maintenance, and Repair Occupations",50540.0,24.3,51300.0,24.66,0.0,0.0,0.0,False,False,False,False,0.0,0.0,0.0,0.0,0.0,0.0,,
49-3093.00,Tire Repairers and Changers,11285527.98966923,207462.34158461538,105.84813346153847,4.170416666666667,83.34958333333334,106620.0,1960.0,49,"Installation, Maintenance, and Repair Occupations",37120.0,17.85,36060.0,17.34,0.0,0.0,0.0,False,False,False,False,0.0,0.0,0.0,0.0,0.0,0.0,,
49-9011.00,Mechanical Door Repairers,725280.0868615385,3630.2900307692307,25.930643076923076,3.7032,82.5284,27970.0,140.0,49,"Installation, Maintenance, and Repair Occupations",51050.0,24.54,49410.0,23.75,0.0,0.0,0.0,False,False,False,False,0.0,0.0,0.0,0.0,0.0,0.0,,
49-9012.00,"Control and Valve Installers and Repairers, Except Mechanical Door",1019441.3067692308,7387.2558461538465,21.727223076923075,3.743125,48.1321875,46920.0,340.0,49,"Installation, Maintenance, and Repair Occupations",74690.0,35.91,69450.0,33.39,0.0,0.0,0.0,False,False,False,False,0.0,0.0,0.0,0.0,0.0,0.0,,
49-9021.00,"Heating, Air Conditioning, and Refrigeration Mechanics and Installers",15469515.745430768,209316.14773846153,38.97879846153846,4.008214285714286,87.6842857142857,396870.0,5370.0,49,"Installation, Maintenance, and Repair Occupations",59810.0,28.75,56200.0,27.02,146392.96554615384,3961.4031746153846,1.287423846153846,True,True,True,True,0.9463319211488177,1.8925454234735481,3755.707495463313,50.81802416569151,224628865.30366075,2855972.958111863,0.027060065077829567,2.0559907632706365
49-9031.00,Home Appliance Repairers,1962645.0292230768,15361.96798076923,61.447871923076924,4.069310344827587,84.27413793103447,31940.0,250.0,49,"Installation, Maintenance, and Repair Occupations",49410.0,23.76,34920.0,16.79,0.0,0.0,0.0,False,False,False,False,0.0,0.0,0.0,0.0,0.0,0.0,,
49-9041.00,Industrial Machinery Mechanics,8708288.8586,80903.6648,20.63869,3.930625,85.16125,421940.0,3920.0,49,"Installation, Maintenance, and Repair Occupations",63760.0,30.65,69670.0,33.49,389485.1866230768,3618.4811384615373,0.9230819230769228,False,False,False,False,4.472580009084505,4.472580009084505,18871.604090331162,175.3251363561126,1203253476.799515,12214902.249930365,0.009290420438924966,0.7058748216012242
49-9043.00,"Maintenance Workers, Machinery",1812666.0066307692,47128.033776923075,32.059886923076924,3.876111111111111,91.93555555555555,56540.0,1470.0,49,"Installation, Maintenance, and Repair Occupations",60500.0,29.09,63820.0,30.68,0.0,0.0,0.0,False,False,False,False,0.0,0.0,0.0,0.0,0.0,0.0,,
49-9044.00,Millwrights,1492237.3413307692,8808.090553846154,36.70037730769231,4.182608695652174,95.25608695652173,40660.0,240.0,49,"Installation, Maintenance, and Repair Occupations",65170.0,31.329999999999995,62480.0,30.04,0.0,0.0,0.0,False,False,False,False,0.0,0.0,0.0,0.0,0.0,0.0,,
49-9045.00,"Refractory Materials Repairers, Except Brickmasons",14785.802730769232,161.29966615384618,13.441638846153847,3.746,58.787,1100.0,12.0,49,"Installation, Maintenance, and Repair Occupations",58540.0,28.15,58540.0,28.15,0.0,0.0,0.0,False,False,False,False,0.0,0.0,0.0,0.0,0.0,0.0,,
49-9051.00,Electrical Power-Line Installers and Repairers,6774723.745846154,48750.84196153846,54.77622692307692,4.17,93.62869565217392,123680.0,890.0,49,"Installation, Maintenance, and Repair Occupations",92560.0,44.5,81380.0,39.12,0.0,0.0,0.0,False,False,False,False,0.0,0.0,0.0,0.0,0.0,0.0,,
49-9052.00,Telecommunications Line Installers and Repairers,4834759.029092307,32932.986473076926,49.15371115384615,3.847368421052632,72.37210526315789,98360.0,670.0,49,"Installation, Maintenance, and Repair Occupations",70500.0,33.9,55980.0,26.91,0.0,0.0,0.0,False,False,False,False,0.0,0.0,0.0,0.0,0.0,0.0,,
49-9061.00,Camera and Photographic Equipment Repairers,78452.70426923077,858.6863153846153,39.03119615384615,3.8546666666666667,77.18666666666667,2010.0,22.0,49,"Installation, Maintenance, and Repair Occupations",49300.0,23.7,49300.0,23.7,0.0,0.0,0.0,False,False,False,False,0.0,0.0,0.0,0.0,0.0,0.0,,
49-9062.00,Medical Equipment Repairers,1680269.118042308,12153.845338461539,27.62237576923077,3.9735,83.81,60830.0,440.0,49,"Installation, Maintenance, and Repair Occupations",62630.0,30.110000000000003,59980.0,28.84,241569.54656153853,1747.3384923076928,3.971223846153847,False,False,False,False,14.376836660724488,14.37683666072449,8745.429740718706,63.25808130718775,547726264.6612126,3794219.7168051214,0.007233273056057866,0.5495752707429244
49-9063.00,Musical Instrument Repairers and Tuners,287549.2974346154,5018.312346153846,50.18312346153846,3.602413793103448,63.41137931034483,5730.0,100.0,49,"Installation, Maintenance, and Repair Occupations",45320.0,21.79,41440.0,19.92,0.0,0.0,0.0,False,False,False,False,0.0,0.0,0.0,0.0,0.0,0.0,,
49-9064.00,Watch and Clock Repairers,63475.560000000005,683.5829538461538,48.82735384615385,4.338666666666667,96.48,1300.0,14.0,49,"Installation, Maintenance, and Repair Occupations",60690.0,29.18,60690.0,29.18,0.0,0.0,0.0,False,False,False,False,0.0,0.0,0.0,0.0,0.0,0.0,,
49-9071.00,"Maintenance and Repair Workers, General",43127326.367,444591.2929,28.15651,3.6377777777777776,74.16185185185185,1531700.0,15790.0,49,"Installation, Maintenance, and Repair Occupations",48620.0,23.38,49070.0,23.59,0.0,0.0,0.0,False,False,False,False,0.0,0.0,0.0,0.0,0.0,0.0,,
49-9081.00,Wind Turbine Service Technicians,230967.3982846154,2552.580872307692,20.585329615384616,4.160833333333334,88.53750000000001,11220.0,124.0,49,"Installation, Maintenance, and Repair Occupations",62580.0,30.09,62580.0,30.09,0.0,0.0,0.0,False,False,False,False,0.0,0.0,0.0,0.0,0.0,0.0,,
49-9091.00,"Coin, Vending, and Amusement Machine Servicers and Repairers",1063696.5633461538,9033.516461538462,37.639651923076926,3.955,65.02777777777777,28260.0,240.0,49,"Installation, Maintenance, and Repair Occupations",47350.0,22.77,50280.0,24.17,0.0,0.0,0.0,False,False,False,False,0.0,0.0,0.0,0.0,0.0,0.0,,
49-9092.00,Commercial Divers,66020.34713076922,731.4207553846153,19.247914615384616,3.880434782608696,84.49347826086957,3430.0,38.0,49,"Installation, Maintenance, and Repair Occupations",61130.0,29.39,61130.0,29.39,0.0,0.0,0.0,False,False,False,False,0.0,0.0,0.0,0.0,0.0,0.0,,
49-9094.00,Locksmiths and Safe Repairers,395909.2917692308,3819.060692307692,25.460404615384615,3.975714285714286,83.675,15550.0,150.0,49,"Installation, Maintenance, and Repair Occupations",50490.0,24.27,47690.0,22.93,0.0,0.0,0.0,False,False,False,False,0.0,0.0,0.0,0.0,0.0,0.0,,
49-9095.00,Manufactured Building and Mobile Home Installers,33832.96622307692,375.9218469230769,12.962822307692306,3.777857142857143,76.11214285714286,2610.0,29.0,49,"Installation, Maintenance, and Repair Occupations",41080.0,19.75,41080.0,19.75,0.0,0.0,0.0,False,False,False,False,0.0,0.0,0.0,0.0,0.0,0.0,,
49-9096.00,Riggers,1060446.169646154,21042.338215384614,43.83820461538461,4.147142857142858,85.03642857142857,24190.0,480.0,49,"Installation, Maintenance, and Repair Occupations",62060.0,29.84,91070.0,43.79,0.0,0.0,0.0,False,False,False,False,0.0,0.0,0.0,0.0,0.0,0.0,,
49-9097.00,Signal and Track Switch Repairers,92194.64023461539,1010.6598807692308,11.229554230769232,3.953333333333333,86.09916666666668,8210.0,90.0,49,"Installation, Maintenance, and Repair Occupations",83600.0,40.19,83600.0,40.19,0.0,0.0,0.0,False,False,False,False,0.0,0.0,0.0,0.0,0.0,0.0,,
49-9098.00,"Helpers--Installation, Maintenance, and Repair Workers",3486857.5565307694,26453.50206923077,35.74797576923077,3.724375,81.98125,97540.0,740.0,49,"Installation, Maintenance, and Repair Occupations",38860.0,18.68,41760.0,20.08,0.0,0.0,0.0,False,False,False,False,0.0,0.0,0.0,0.0,0.0,0.0,,
49-9099.01,Geothermal Technicians,8236785.85155,95959.07083846154,44.840687307692306,3.79625,56.65416666666667,183690.0,2140.0,49,"Installation, Maintenance, and Repair Occupations",48640.0,23.39,50080.0,24.08,0.0,0.0,0.0,False,False,False,False,0.0,0.0,0.0,0.0,0.0,0.0,,
51-1011.00,First-Line Supervisors of Production and Operating Workers,25538464.113946155,332491.3154923077,37.27481115384615,3.9549999999999996,88.658,685140.0,8920.0,51,Production Occupations,71190.0,34.23,67050.0,32.23,0.0,0.0,0.0,False,False,False,False,0.0,0.0,0.0,0.0,0.0,0.0,,
51-2011.00,"Aircraft Structure, Surfaces, Rigging, and Systems Assemblers",1336626.26075,9753.429692307693,40.639290384615386,4.128888888888889,56.53370370370371,32890.0,240.0,51,Production Occupations,61680.0,29.65,59810.0,28.75,0.0,0.0,0.0,False,False,False,False,0.0,0.0,0.0,0.0,0.0,0.0,,
51-2021.00,"Coil Winders, Tapers, and Finishers",421844.70326153847,4644.797883076923,34.66267076923077,4.191818181818181,72.31090909090909,12170.0,134.0,51,Production Occupations,47260.0,22.72,47260.0,22.72,0.0,0.0,0.0,False,False,False,False,0.0,0.0,0.0,0.0,0.0,0.0,,
51-2022.00,Electrical and Electronic Equipment Assemblers,4016720.0578846154,44223.60283269231,44.09132884615384,3.9125,71.128125,91100.0,1003.0,51,Production Occupations,44210.0,21.26,44210.0,21.26,0.0,0.0,0.0,False,False,False,False,0.0,0.0,0.0,0.0,0.0,0.0,,
51-2023.00,Electromechanical Equipment Assemblers,2965947.3250769232,32654.72192153846,32.55705076923077,3.7964285714285713,71.99357142857143,91100.0,1003.0,51,Production Occupations,44210.0,21.26,44210.0,21.26,0.0,0.0,0.0,False,False,False,False,0.0,0.0,0.0,0.0,0.0,0.0,,
51-2031.00,Engine and Other Machine Assemblers,1657448.8926384614,6039.6367769230765,43.140262692307694,4.229166666666667,79.05666666666666,38420.0,140.0,51,Production Occupations,52540.0,25.26,46060.0,22.149999999999995,0.0,0.0,0.0,False,False,False,False,0.0,0.0,0.0,0.0,0.0,0.0,,
51-2041.00,Structural Metal Fabricators and Fitters,3475440.012992308,57945.702726923075,65.10753115384615,3.87,72.49391304347826,53380.0,890.0,51,Production Occupations,49900.0,23.99,50440.0,24.25,0.0,0.0,0.0,False,False,False,False,0.0,0.0,0.0,0.0,0.0,0.0,,
51-2051.00,Fiberglass Laminators and Fabricators,964792.4193846154,5730.408538461538,52.09462307692308,4.171875,73.981875,18520.0,110.0,51,Production Occupations,45760.0,22.0,46870.0,22.53,0.0,0.0,0.0,False,False,False,False,0.0,0.0,0.0,0.0,0.0,0.0,,
51-2061.00,Timing Device Assemblers and Adjusters,17710.874,231.0114,77.0038,4.13470588235294,66.25411764705882,230.0,3.0,51,Production Occupations,40790.0,19.61,40790.0,19.61,0.0,0.0,0.0,False,False,False,False,0.0,0.0,0.0,0.0,0.0,0.0,,
51-2092.00,Team Assemblers,22722879.70657692,250297.71047346154,31.174207307692306,4.0600000000000005,70.81272727272727,728900.0,8029.0,51,Production Occupations,42210.0,20.29,42210.0,20.29,0.0,0.0,0.0,False,False,False,False,0.0,0.0,0.0,0.0,0.0,0.0,,
51-3011.00,Bakers,14606320.141353846,250062.9219076923,62.98814153846154,4.307222222222222,81.40666666666667,231890.0,3970.0,51,Production Occupations,36650.0,17.62,35490.0,17.06,307186.4667692308,5259.089538461539,1.3247076923076924,False,False,False,False,2.103106489495019,2.103106489495019,4876.89363849,83.49332763295226,178738151.8506585,2963178.1976934755,0.017120186295226186,1.3007708882894087
51-3021.00,Butchers and Meat Cutters,4600621.333938462,45336.028569230766,32.85219461538461,4.297272727272727,76.5409090909091,140040.0,1380.0,51,Production Occupations,38960.0,18.73,41680.0,20.04,0.0,0.0,0.0,False,False,False,False,0.0,0.0,0.0,0.0,0.0,0.0,,
51-3022.00,"Meat, Poultry, and Fish Cutters and Trimmers",6610284.646846154,65592.16461538462,46.85154615384616,4.23,66.21083333333333,141090.0,1400.0,51,Production Occupations,37700.0,18.13,42760.0,20.56,0.0,0.0,0.0,False,False,False,False,0.0,0.0,0.0,0.0,0.0,0.0,,
51-3023.00,Slaughterers and Meat Packers,3007995.2826923076,34759.0566,44.56289307692308,4.377142857142857,54.63285714285714,67500.0,780.0,51,Production Occupations,39790.0,19.13,40470.0,19.46,0.0,0.0,0.0,False,False,False,False,0.0,0.0,0.0,0.0,0.0,0.0,,
51-3091.00,"Food and Tobacco Roasting, Baking, and Drying Machine Operators and Tenders",2122325.355,16325.579653846155,108.8371976923077,4.206315789473685,67.49421052631578,19500.0,150.0,51,Production Occupations,42730.0,20.54,40500.0,19.47,0.0,0.0,0.0,False,False,False,False,0.0,0.0,0.0,0.0,0.0,0.0,,
51-3092.00,Food Batchmakers,27201661.79016923,495987.4251615385,158.46243615384617,4.4796,68.9008,171660.0,3130.0,51,Production Occupations,40790.0,19.61,38790.0,18.65,1836051.9878307693,33478.053838461536,10.695863846153847,False,False,False,False,6.74977875246697,6.74977875246697,11586.6702064848,211.26807495221615,472620277.722515,8195088.627396464,0.018233717814284046,1.385375655913172
51-3093.00,Food Cooking Machine Operators and Tenders,2008503.6442615385,37759.287599999996,72.61401461538462,4.388823529411765,80.87823529411764,27660.0,520.0,51,Production Occupations,40550.0,19.49,37610.0,18.08,0.0,0.0,0.0,False,False,False,False,0.0,0.0,0.0,0.0,0.0,0.0,,
51-4021.00,"Extruding and Drawing Machine Setters, Operators, and Tenders, Metal and Plastic",4114219.763769231,45713.552930769234,62.62130538461538,3.92875,65.83125,65700.0,730.0,51,Production Occupations,46980.0,22.59,44910.0,21.59,0.0,0.0,0.0,False,False,False,False,0.0,0.0,0.0,0.0,0.0,0.0,,
51-4022.00,"Forging Machine Setters, Operators, and Tenders, Metal and Plastic",424521.26764615386,4652.287864615385,48.461331923076926,4.171538461538462,76.61461538461539,8760.0,96.0,51,Production Occupations,49240.0,23.67,49240.0,23.67,0.0,0.0,0.0,False,False,False,False,0.0,0.0,0.0,0.0,0.0,0.0,,
51-4023.00,"Rolling Machine Setters, Operators, and Tenders, Metal and Plastic",2165090.7988846153,8718.48643846154,96.87207153846154,4.092631578947368,77.33,22350.0,90.0,51,Production Occupations,48630.0,23.38,46050.0,22.14,0.0,0.0,0.0,False,False,False,False,0.0,0.0,0.0,0.0,0.0,0.0,,
51-4031.00,"Cutting, Punching, and Press Machine Setters, Operators, and Tenders, Metal and Plastic",15279083.34265,98981.62115,87.59435500000001,3.9553125000000002,67.359375,174430.0,1130.0,51,Production Occupations,45590.0,21.92,44940.0,21.61,0.0,0.0,0.0,False,False,False,False,0.0,0.0,0.0,0.0,0.0,0.0,,
51-4032.00,"Drilling and Boring Machine Tool Setters, Operators, and Tenders, Metal and Plastic",377547.84581538464,4123.8747753846155,71.10128923076923,4.202941176470588,86.86352941176472,5310.0,58.0,51,Production Occupations,46630.0,22.42,46630.0,22.42,0.0,0.0,0.0,False,False,False,False,0.0,0.0,0.0,0.0,0.0,0.0,,
51-4033.00,"Grinding, Lapping, Polishing, and Buffing Machine Tool Setters, Operators, and Tenders, Metal and Plastic",5344077.448557693,37349.84951923077,76.22418269230769,4.053888888888888,75.11666666666666,70110.0,490.0,51,Production Occupations,45190.0,21.73,42920.0,20.64,0.0,0.0,0.0,False,False,False,False,0.0,0.0,0.0,0.0,0.0,0.0,,
51-4034.00,"Lathe and Turning Machine Tool Setters, Operators, and Tenders, Metal and Plastic",1025834.3861230769,2703.8333846153846,54.07666769230769,3.9694444444444446,92.28722222222223,18970.0,50.0,51,Production Occupations,48620.0,23.38,57500.0,27.65,0.0,0.0,0.0,False,False,False,False,0.0,0.0,0.0,0.0,0.0,0.0,,
51-4035.00,"Milling and Planing Machine Setters, Operators, and Tenders, Metal and Plastic",1002449.474273077,6532.979919230769,72.58866576923077,4.156666666666667,82.25066666666666,13810.0,90.0,51,Production Occupations,48310.0,23.219999999999995,45000.0,21.64,0.0,0.0,0.0,False,False,False,False,0.0,0.0,0.0,0.0,0.0,0.0,,
51-4041.00,Machinists,27890362.933269233,343507.2646153846,93.34436538461539,4.200689655172414,75.81758620689655,298790.0,3680.0,51,Production Occupations,56150.0,27.0,60450.0,29.06,2179569.6226923075,26844.326153846152,7.294653846153846,False,False,False,False,7.8147768385344,7.8147768385344,23349.771715856936,287.58378765806594,1311089681.845367,17384439.963930085,0.012316342581746378,0.9357806979590022
51-4051.00,Metal-Refining Furnace Operators and Tenders,1388530.8445423075,35515.7914,68.29959884615384,4.36,73.27066666666666,20330.0,520.0,51,Production Occupations,55770.0,26.81,70450.0,33.87,0.0,0.0,0.0,False,False,False,False,0.0,0.0,0.0,0.0,0.0,0.0,,
51-4052.00,"Pourers and Casters, Metal",248742.1925153846,1706.6359692307692,42.66589923076923,4.405625,74.1275,5830.0,40.0,51,Production Occupations,48940.0,23.53,44450.0,21.37,0.0,0.0,0.0,False,False,False,False,0.0,0.0,0.0,0.0,0.0,0.0,,
51-4061.00,"Model Makers, Metal and Plastic",146181.22062307692,3168.014069230769,45.257343846153844,4.360625,88.87375,3230.0,70.0,51,Production Occupations,62700.0,30.14,51960.0,24.98,0.0,0.0,0.0,False,False,False,False,0.0,0.0,0.0,0.0,0.0,0.0,,
51-4062.00,"Patternmakers, Metal and Plastic",59666.48832692307,646.0702557692307,38.00413269230769,3.6993333333333336,69.58933333333333,1570.0,17.0,51,Production Occupations,54540.0,26.219999999999995,54540.0,26.219999999999995,0.0,0.0,0.0,False,False,False,False,0.0,0.0,0.0,0.0,0.0,0.0,,
51-4071.00,Foundry Mold and Coremakers,872549.4271384615,6173.698776923076,68.59665307692308,4.490769230769231,70.60307692307693,12720.0,90.0,51,Production Occupations,45700.0,21.97,45630.0,21.94,0.0,0.0,0.0,False,False,False,False,0.0,0.0,0.0,0.0,0.0,0.0,,
51-4072.00,"Molding, Coremaking, and Casting Machine Setters, Operators, and Tenders, Metal and Plastic",11377993.80683077,207981.6720923077,73.49175692307692,3.7955172413793106,58.65551724137931,154820.0,2830.0,51,Production Occupations,41230.0,19.82,45820.0,22.03,0.0,0.0,0.0,False,False,False,False,0.0,0.0,0.0,0.0,0.0,0.0,,
51-4081.00,"Multiple Machine Tool Setters, Operators, and Tenders, Metal and Plastic",8397106.388596155,97001.61403846154,64.6677426923077,3.9776190476190476,77.82000000000001,129850.0,1500.0,51,Production Occupations,46060.0,22.14,40180.0,19.32,475222.68660314684,5489.67292957043,3.659781953046953,False,False,False,False,5.6593624590553215,5.659362459055322,7348.682153083335,84.89043688582983,338480299.97101843,3410897.7540726424,0.01155179052753177,0.877690964730951
51-4111.00,Tool and Die Makers,1991305.6082153847,5056.825415384616,36.12018153846154,3.9905882352941178,87.6029411764706,55130.0,140.0,51,Production Occupations,63180.0,30.380000000000003,66660.0,32.05,201763.77907147852,512.3694734265734,3.659781953046953,False,False,False,False,10.132235767281344,10.132235767281344,5585.901578502205,14.18513007419388,352917261.7297693,945580.770745764,0.002539452203881734,0.19294448331633055
51-4121.00,"Welders, Cutters, Solderers, and Brazers",35776332.921215385,356885.87929615384,84.37018423076923,3.886896551724138,73.2948275862069,424040.0,4230.0,51,Production Occupations,51000.0,24.520000000000003,56050.0,26.95,0.0,0.0,0.0,False,False,False,False,0.0,0.0,0.0,0.0,0.0,0.0,,
51-4122.00,"Welding, Soldering, and Brazing Machine Setters, Operators, and Tenders",3165948.532923077,7851.622153846154,87.24024615384616,3.8113793103448277,70.88793103448276,36290.0,90.0,51,Production Occupations,47060.0,22.62,47320.0,22.75,0.0,0.0,0.0,False,False,False,False,0.0,0.0,0.0,0.0,0.0,0.0,,
51-4191.00,"Heat Treating Equipment Setters, Operators, and Tenders, Metal and Plastic",1324609.1980461539,9986.77256923077,90.78884153846154,4.279565217391304,57.54565217391304,14590.0,110.0,51,Production Occupations,47450.0,22.81,46360.0,22.29,0.0,0.0,0.0,False,False,False,False,0.0,0.0,0.0,0.0,0.0,0.0,,
51-4192.00,"Layout Workers, Metal and Plastic",256008.8178576923,2829.3309638461537,45.63437038461539,4.094285714285714,73.33285714285715,5610.0,62.0,51,Production Occupations,61870.0,29.74,61870.0,29.74,0.0,0.0,0.0,False,False,False,False,0.0,0.0,0.0,0.0,0.0,0.0,,
51-4193.00,"Plating Machine Setters, Operators, and Tenders, Metal and Plastic",4636232.321342308,26484.348392307693,147.13526884615385,3.9927272727272722,59.75575757575758,31510.0,180.0,51,Production Occupations,41600.0,20.0,46280.0,22.25,0.0,0.0,0.0,False,False,False,False,0.0,0.0,0.0,0.0,0.0,0.0,,
51-4194.00,"Tool Grinders, Filers, and Sharpeners",344972.46598846157,3792.8909873076923,60.20461884615385,4.171666666666667,73.17833333333334,5730.0,63.0,51,Production Occupations,48970.0,23.54,48970.0,23.54,0.0,0.0,0.0,False,False,False,False,0.0,0.0,0.0,0.0,0.0,0.0,,
51-5111.00,Prepress Technicians and Workers,1390924.2395192308,16881.61192307692,60.29147115384615,4.243333333333333,61.93333333333333,23070.0,280.0,51,Production Occupations,47300.0,22.74,37590.0,18.07,238220.36155769235,2891.274435897436,10.325980128205128,False,False,False,False,17.126767568594,17.126767568593998,3951.145278074636,47.954949192063204,186889171.65293026,1802626.5401296557,0.01213697442566103,0.922152524077096
51-5112.00,Printing Press Operators,13499339.347765384,164660.12435769232,93.02831884615385,4.318695652173913,76.92391304347827,145110.0,1770.0,51,Production Occupations,45160.0,21.71,39740.0,19.11,367128.3,4478.099999999999,2.53,False,False,False,False,2.7196019786018097,2.719601978601809,3946.414431149086,48.136955021252035,178220075.7106927,1912962.592544556,0.012197643167252428,0.9267620611189474
51-5113.00,Print Binding and Finishing Workers,1925655.9627038462,42768.88757307692,52.80109576923077,4.2536000000000005,66.74680000000001,36470.0,810.0,51,Production Occupations,39820.0,19.14,38330.0,18.43,0.0,0.0,0.0,False,False,False,False,0.0,0.0,0.0,0.0,0.0,0.0,,
51-6011.00,Laundry and Dry-Cleaning Workers,16240529.86633846,122203.0042153846,83.13129538461538,3.9517391304347824,53.67652173913043,195360.0,1470.0,51,Production Occupations,33800.0,16.25,33690.0,16.2,0.0,0.0,0.0,False,False,False,False,0.0,0.0,0.0,0.0,0.0,0.0,,
51-6021.00,"Pressers, Textile, Garment, and Related Materials",3722999.515757692,33303.01467692308,138.76256115384615,4.238571428571428,74.46678571428572,26830.0,240.0,51,Production Occupations,33880.0,16.29,34450.0,16.56,0.0,0.0,0.0,False,False,False,False,0.0,0.0,0.0,0.0,0.0,0.0,,
51-6031.00,Sewing Machine Operators,12330838.89495,129395.60844230768,112.51792038461538,4.039615384615384,70.22423076923077,109590.0,1150.0,51,Production Occupations,36000.0,17.31,37480.0,18.02,0.0,0.0,0.0,False,False,False,False,0.0,0.0,0.0,0.0,0.0,0.0,,
51-6041.00,Shoe and Leather Workers and Repairers,795604.0941538461,7289.566307692308,104.13666153846154,4.284230769230769,60.49230769230769,7640.0,70.0,51,Production Occupations,35950.0,17.29,36500.0,17.55,0.0,0.0,0.0,False,False,False,False,0.0,0.0,0.0,0.0,0.0,0.0,,
51-6042.00,Shoe Machine Operators and Tenders,334881.80676923075,3686.7721846153845,102.41033846153846,4.252631578947368,66.02631578947368,3270.0,36.0,51,Production Occupations,38160.0,18.35,38160.0,18.35,0.0,0.0,0.0,False,False,False,False,0.0,0.0,0.0,0.0,0.0,0.0,,
51-6051.00,"Sewers, Hand",146506.1187692308,1635.1129326923078,65.40451730769232,4.491818181818181,65.60636363636364,2240.0,25.0,51,Production Occupations,33760.0,16.23,33760.0,16.23,0.0,0.0,0.0,False,False,False,False,0.0,0.0,0.0,0.0,0.0,0.0,,
51-6052.00,"Tailors, Dressmakers, and Custom Sewers",1318075.019273077,17800.89037692308,80.91313807692308,4.086818181818182,85.78909090909092,16290.0,220.0,51,Production Occupations,40860.0,19.64,40570.0,19.5,87114.37759615385,1176.498653846154,5.347721153846154,False,False,False,False,6.609212398562696,6.609212398562696,1076.6406997258632,14.54026727683793,43991538.99079877,589898.6434213149,0.013505217925107428,1.0261099975227777
51-6061.00,Textile Bleaching and Dyeing Machine Operators and Tenders,503287.63384615385,5534.434461538462,86.47553846153846,4.324347826086957,67.58869565217391,5820.0,64.0,51,Production Occupations,37320.0,17.94,37320.0,17.94,0.0,0.0,0.0,False,False,False,False,0.0,0.0,0.0,0.0,0.0,0.0,,
51-6062.00,"Textile Cutting Machine Setters, Operators, and Tenders",479232.5646769231,5295.091953461539,53.48577730769231,4.122222222222223,72.76444444444445,8960.0,99.0,51,Production Occupations,37940.0,18.24,37940.0,18.24,36922.271507692305,407.9581338461538,4.120789230769231,False,False,False,False,7.704457966579051,7.704457966579051,690.319433805483,7.62741338691326,26190719.318580024,289384.0638994891,0.011049107142857144,0.8394976938438306
51-6063.00,"Textile Knitting and Weaving Machine Setters, Operators, and Tenders",1196356.9397192309,13173.92363076923,82.33702269230768,4.273157894736842,72.04894736842105,14530.0,160.0,51,Production Occupations,38260.0,18.4,38260.0,18.4,48175.49475769231,530.4940923076923,3.3155880769230768,False,False,False,False,4.026849609699131,4.0268496096991315,585.1012482892837,6.442959375518609,22385973.759547994,246507.625707342,0.011011699931176875,0.8366555394930136
51-6064.00,"Textile Winding, Twisting, and Drawing Out Machine Setters, Operators, and Tenders",1769284.457,19496.484065,85.887595,4.135217391304348,64.08695652173913,20600.0,227.0,51,Production Occupations,37660.0,18.11,37660.0,18.11,0.0,0.0,0.0,False,False,False,False,0.0,0.0,0.0,0.0,0.0,0.0,,
51-6091.00,"Extruding and Forming Machine Setters, Operators, and Tenders, Synthetic and Glass Fibers",803260.9026153847,8841.260941538461,53.91012769230769,3.9452941176470584,69.87176470588236,14900.0,164.0,51,Production Occupations,44980.0,21.63,44980.0,21.63,0.0,0.0,0.0,False,False,False,False,0.0,0.0,0.0,0.0,0.0,0.0,,
51-6092.00,Fabric and Apparel Patternmakers,117453.49,1314.164923076923,41.067653846153846,4.296250000000001,85.69,2860.0,32.0,51,Production Occupations,67670.0,32.54,67670.0,32.54,0.0,0.0,0.0,False,False,False,False,0.0,0.0,0.0,0.0,0.0,0.0,,
51-6093.00,Upholsterers,1450327.3004615386,8982.494,69.0961076923077,4.084545454545455,68.19181818181818,20990.0,130.0,51,Production Occupations,46190.0,22.21,43150.0,20.74,0.0,0.0,0.0,False,False,False,False,0.0,0.0,0.0,0.0,0.0,0.0,,
51-7011.00,Cabinetmakers and Bench Carpenters,4395318.787092308,112728.81978461538,55.259225384615384,4.136,75.9675,79540.0,2040.0,51,Production Occupations,46020.0,22.12,46750.0,22.48,0.0,0.0,0.0,False,False,False,False,0.0,0.0,0.0,0.0,0.0,0.0,,
51-7021.00,Furniture Finishers,912994.7257038462,10265.576676923078,64.15985423076923,4.012727272727273,66.36136363636363,14230.0,160.0,51,Production Occupations,42530.0,20.45,46380.0,22.3,0.0,0.0,0.0,False,False,False,False,0.0,0.0,0.0,0.0,0.0,0.0,,
51-7031.00,"Model Makers, Wood",13926.532153846154,154.73924615384615,38.68481153846154,3.952142857142857,85.17142857142858,360.0,4.0,51,Production Occupations,51850.0,24.93,51850.0,24.93,0.0,0.0,0.0,False,False,False,False,0.0,0.0,0.0,0.0,0.0,0.0,,
51-7032.00,"Patternmakers, Wood",8909.641176923076,98.99601307692308,49.49800653846154,4.101,89.1755,180.0,2.0,51,Production Occupations,52520.0,25.25,52520.0,25.25,858.7901769230768,9.542113076923076,4.771056538461538,False,False,False,False,9.63888623424516,9.63888623424516,17.349995221641286,0.1927777246849032,911221.7490406004,10124.686100451116,0.011111111111111112,0.8442086797801035
51-7041.00,"Sawing Machine Setters, Operators, and Tenders, Wood",3925008.0137538463,24565.418723076924,90.98303230769231,4.209545454545455,64.91227272727272,43140.0,270.0,51,Production Occupations,39950.0,19.21,38170.0,18.35,0.0,0.0,0.0,False,False,False,False,0.0,0.0,0.0,0.0,0.0,0.0,,
51-7042.00,"Woodworking Machine Setters, Operators, and Tenders, Except Sawing",6385542.652326923,77614.33058076924,100.79783192307693,4.0888,75.83359999999999,63350.0,770.0,51,Production Occupations,40440.0,19.44,37880.0,18.21,0.0,0.0,0.0,False,False,False,False,0.0,0.0,0.0,0.0,0.0,0.0,,
51-8011.00,Nuclear Power Reactor Operators,313129.7466,3448.8066496153847,54.74296269230769,4.416315789473684,81.15157894736842,5720.0,63.0,51,Production Occupations,122610.0,58.95,122610.0,58.95,0.0,0.0,0.0,False,False,False,False,0.0,0.0,0.0,0.0,0.0,0.0,,
51-8012.00,Power Distributors and Dispatchers,668161.4875615385,2911.3790307692307,72.78447576923077,4.454285714285715,82.98571428571428,9180.0,40.0,51,Production Occupations,107240.0,51.56,100620.0,48.38,49850.20696153845,217.21223076923076,5.430305769230769,False,False,False,False,7.460802199699843,7.4608021996998435,684.9016419324455,2.984320879879937,73448852.08083546,300282.3669335193,0.004357298474945534,0.3310622273647465
51-8013.00,Power Plant Operators,2329510.4315076927,25782.342015384616,75.83041769230769,4.288181818181818,73.76227272727273,30720.0,340.0,51,Production Occupations,99670.0,47.92,103760.0,49.88,74956.01324867133,2489.460086513486,7.537222722277722,True,True,True,True,3.21767235874358,9.655678623097922,988.4689486060279,10.940086019728172,98520700.1075628,1135143.3254069951,0.03321227982409556,2.523428541250837
51-8013.03,Biomass Plant Technicians,2538744.552369231,28098.08423846154,82.64142423076923,4.165,84.36277777777778,30720.0,340.0,51,Production Occupations,99670.0,47.92,103760.0,49.88,0.0,0.0,0.0,False,False,False,False,0.0,0.0,0.0,0.0,0.0,0.0,,
51-8013.04,Hydroelectric Plant Technicians,626707.2354461539,6936.2128923076925,20.400626153846154,4.109523809523809,89.34857142857143,30720.0,340.0,51,Production Occupations,99670.0,47.92,103760.0,49.88,0.0,0.0,0.0,False,False,False,False,0.0,0.0,0.0,0.0,0.0,0.0,,
51-8021.00,Stationary Engineers and Boiler Operators,1815840.2566384615,6489.357642307693,58.994160384615384,4.0484,81.11,30780.0,110.0,51,Production Occupations,75190.0,36.15,69450.0,33.39,0.0,0.0,0.0,False,False,False,False,0.0,0.0,0.0,0.0,0.0,0.0,,
51-8031.00,Water and Wastewater Treatment Plant and System Operators,3171588.9074999997,43789.19596153846,25.022397692307692,4.2162500000000005,92.08125,126750.0,1750.0,51,Production Occupations,58260.0,28.01,59120.0,28.42,0.0,0.0,0.0,False,False,False,False,0.0,0.0,0.0,0.0,0.0,0.0,,
51-8091.00,Chemical Plant and System Operators,1034096.0254153847,19128.45786923077,57.96502384615385,4.440526315789474,82.32052631578946,17840.0,330.0,51,Production Occupations,73540.0,35.35,53420.0,25.68,0.0,0.0,0.0,False,False,False,False,0.0,0.0,0.0,0.0,0.0,0.0,,
51-8092.00,Gas Plant Operators,658406.2102230769,6621.306953846154,41.38316846153846,4.163157894736842,79.37,15910.0,160.0,51,Production Occupations,83400.0,40.1,95690.0,46.01,0.0,0.0,0.0,False,False,False,False,0.0,0.0,0.0,0.0,0.0,0.0,,
51-8093.00,"Petroleum Pump System Operators, Refinery Operators, and Gaugers",1972452.542307692,37344.196153846155,56.582115384615385,3.877916666666667,76.74249999999999,34860.0,660.0,51,Production Occupations,97540.0,46.9,101920.0,49.0,149428.63691538462,2829.113607692308,4.2865357692307695,False,False,False,False,7.575778565529337,7.575778565529337,2640.916407943527,50.00013853249362,257594986.4308116,5096014.11923175,0.018932874354561105,1.4384967176975947
51-8099.01,Biofuels Processing Technicians,1243630.560826923,6237.645446153846,77.97056807692307,4.316842105263158,85.5278947368421,15950.0,80.0,51,Production Occupations,61710.0,29.67,63380.0,30.47,0.0,0.0,0.0,False,False,False,False,0.0,0.0,0.0,0.0,0.0,0.0,,
51-9011.00,Chemical Equipment Operators and Tenders,13060689.821423076,153763.71346153846,102.50914230769231,4.324347826086957,91.0004347826087,127410.0,1500.0,51,Production Occupations,57090.0,27.45,39110.0,18.81,0.0,0.0,0.0,False,False,False,False,0.0,0.0,0.0,0.0,0.0,0.0,,
51-9012.00,"Separating, Filtering, Clarifying, Precipitating, and Still Machine Setters, Operators, and Tenders",4069499.1003076923,36790.67452307692,75.08300923076924,3.9685,74.48949999999999,54200.0,490.0,51,Production Occupations,49500.0,23.8,45620.0,21.94,0.0,0.0,0.0,False,False,False,False,0.0,0.0,0.0,0.0,0.0,0.0,,
51-9021.00,"Crushing, Grinding, and Polishing Machine Setters, Operators, and Tenders",1812560.5812115385,15871.808942307693,63.48723576923077,3.8319047619047617,74.96095238095238,28550.0,250.0,51,Production Occupations,46890.0,22.54,50440.0,24.25,0.0,0.0,0.0,False,False,False,False,0.0,0.0,0.0,0.0,0.0,0.0,,
51-9022.00,"Grinding and Polishing Workers, Hand",945992.0539615385,6386.4442461538465,79.83055307692308,3.949411764705882,74.42117647058824,11850.0,80.0,51,Production Occupations,41690.0,20.04,35710.0,17.17,0.0,0.0,0.0,False,False,False,False,0.0,0.0,0.0,0.0,0.0,0.0,,
51-9023.00,"Mixing and Blending Machine Setters, Operators, and Tenders",8208823.264184616,132689.22967692307,81.40443538461538,4.342499999999999,86.6,100840.0,1630.0,51,Production Occupations,47680.0,22.92,44920.0,21.6,0.0,0.0,0.0,False,False,False,False,0.0,0.0,0.0,0.0,0.0,0.0,,
51-9031.00,"Cutters and Trimmers, Hand",528295.438676923,5828.43624,74.72354153846155,4.054444444444445,67.02333333333334,7070.0,78.0,51,Production Occupations,38800.0,18.65,38800.0,18.65,0.0,0.0,0.0,False,False,False,False,0.0,0.0,0.0,0.0,0.0,0.0,,
51-9032.00,"Cutting and Slicing Machine Setters, Operators, and Tenders",5621717.998923076,73316.47369230769,118.25237692307692,4.098400000000001,70.9344,47540.0,620.0,51,Production Occupations,45700.0,21.97,44830.0,21.55,266866.10083846154,3480.374053846154,5.613506538461539,False,False,False,False,4.747055986970242,4.747055986970241,2256.750416205653,29.4317471192155,103133494.02059834,1319425.2233544309,0.013041649137568364,0.9908886060523722
51-9041.00,"Extruding, Forming, Pressing, and Compacting Machine Setters, Operators, and Tenders",5994482.306196154,82632.01922692308,104.5974926923077,4.176153846153846,63.95692307692308,57310.0,790.0,51,Production Occupations,45130.0,21.7,38940.0,18.72,0.0,0.0,0.0,False,False,False,False,0.0,0.0,0.0,0.0,0.0,0.0,,
51-9051.00,"Furnace, Kiln, Oven, Drier, and Kettle Operators and Tenders",1080851.6429538461,10701.501415384615,66.88438384615385,3.998823529411765,61.52117647058823,16160.0,160.0,51,Production Occupations,47010.0,22.6,37180.0,17.88,0.0,0.0,0.0,False,False,False,False,0.0,0.0,0.0,0.0,0.0,0.0,,
51-9061.00,"Inspectors, Testers, Sorters, Samplers, and Weighers",68537629.96816154,806897.9068615384,115.93360730769231,4.124516129032258,65.03483870967742,591180.0,6960.0,51,Production Occupations,47460.0,22.82,48000.0,23.08,5751037.239323077,67707.32972307692,9.728064615384614,False,False,False,False,8.391065232332462,8.391065232332462,49606.29944050305,584.0181401703393,2354314971.4462748,28032870.728176285,0.011773064041408708,0.8945030566227828
51-9071.00,Jewelers and Precious Stone and Metal Workers,1485717.3654923076,30450.227815384616,63.43797461538461,3.943793103448276,82.91862068965517,23420.0,480.0,51,Production Occupations,49140.0,23.63,46200.0,22.21,78005.72517556442,3197.125829385614,11.287691983016984,True,True,True,True,5.250374464709608,10.499513661340504,1229.6376996349902,25.201797430606117,60424396.56006342,1164323.0412940027,0.04098578434070023,3.114049939921312
51-9071.06,Gem and Diamond Workers,965553.0222461538,19789.30190769231,41.22771230769231,4.175714285714286,55.50214285714286,23420.0,480.0,51,Production Occupations,49140.0,23.63,46200.0,22.21,0.0,0.0,0.0,False,False,False,False,0.0,0.0,0.0,0.0,0.0,0.0,,
51-9081.00,Dental Laboratory Technicians,2736965.3092923076,94405.93785,80.68883576923076,4.4541176470588235,65.29294117647059,33920.0,1170.0,51,Production Occupations,48310.0,23.23,45770.0,22.0,0.0,0.0,0.0,False,False,False,False,0.0,0.0,0.0,0.0,0.0,0.0,,
51-9082.00,Medical Appliance Technicians,457609.06141153845,8363.612088461537,39.82672423076923,4.183333333333334,85.45466666666667,11490.0,210.0,51,Production Occupations,47060.0,22.63,40600.0,19.52,0.0,0.0,0.0,False,False,False,False,0.0,0.0,0.0,0.0,0.0,0.0,,
51-9083.00,Ophthalmic Laboratory Technicians,2122233.1681384617,23328.710386153845,113.24616692307691,4.417222222222223,76.83055555555556,18740.0,206.0,51,Production Occupations,38420.0,18.47,38420.0,18.47,0.0,0.0,0.0,False,False,False,False,0.0,0.0,0.0,0.0,0.0,0.0,,
51-9111.00,Packaging and Filling Machine Operators and Tenders,34366853.66357692,472716.5824615385,89.52965576923077,4.284000000000001,86.549,383860.0,5280.0,51,Production Occupations,40900.0,19.67,40430.0,19.44,0.0,0.0,0.0,False,False,False,False,0.0,0.0,0.0,0.0,0.0,0.0,,
51-9123.00,"Painting, Coating, and Decorating Workers",224983.7462653846,3984.3638653846156,26.562425769230767,4.2155555555555555,70.86444444444444,8470.0,150.0,51,Production Occupations,40860.0,19.64,42020.0,20.2,0.0,0.0,0.0,False,False,False,False,0.0,0.0,0.0,0.0,0.0,0.0,,
51-9124.00,"Coating, Painting, and Spraying Machine Setters, Operators, and Tenders",13147922.649230769,146729.16812307693,82.43211692307692,4.099130434782609,72.37652173913044,159500.0,1780.0,51,Production Occupations,47590.0,22.88,45720.0,21.98,0.0,0.0,0.0,False,False,False,False,0.0,0.0,0.0,0.0,0.0,0.0,,
51-9141.00,Semiconductor Processing Technicians,3008713.8776153848,13101.708953846155,93.58363538461539,4.1745,58.0955,32150.0,140.0,51,Production Occupations,51180.0,24.6,39090.0,18.8,0.0,0.0,0.0,False,False,False,False,0.0,0.0,0.0,0.0,0.0,0.0,,
51-9151.00,Photographic Process Workers and Processing Machine Operators,497345.72907692305,9857.302738461538,89.61184307692308,3.998518518518519,72.92888888888889,5550.0,110.0,51,Production Occupations,40100.0,19.28,40250.0,19.35,49534.85573076923,981.7719153846153,8.92519923076923,False,False,False,False,9.959843391579184,9.959843391579183,552.7713082326447,10.955827730737104,22166129.460129052,440972.06616216846,0.01981981981981982,1.5058857531212655
51-9161.00,Computer Numerically Controlled Tool Operators,19552548.48244231,106077.68603076923,110.49758961538461,4.262962962962963,83.08666666666667,176950.0,960.0,51,Production Occupations,49970.0,24.02,45880.0,22.06,783229.2251346153,4249.223261538462,4.426274230769231,True,True,True,True,4.005765416400503,4.005765416400504,7088.20190432069,38.455347997444825,354197449.1589049,1764331.3661227685,0.005425261373269286,0.4122047467250689
51-9162.00,Computer Numerically Controlled Tool Programmers,844453.4579076923,4487.000307692308,29.913335384615387,4.048,77.03933333333333,28230.0,150.0,51,Production Occupations,65670.0,31.57,69590.0,33.46,196106.83936153847,1042.0129615384617,6.946753076923077,True,True,True,True,23.222930467646332,23.222930467646336,6555.83327101656,34.8343957014695,430521570.90765744,2424125.5968652624,0.005313496280552605,0.4037129712019624
51-9191.00,Adhesive Bonding Machine Operators and Tenders,867845.9765384615,4991.718846153846,71.31026923076922,4.23,82.640625,12170.0,70.0,51,Production Occupations,45210.0,21.74,54640.0,26.27,0.0,0.0,0.0,False,False,False,False,0.0,0.0,0.0,0.0,0.0,0.0,,
51-9192.00,"Cleaning, Washing, and Metal Pickling Equipment Operators and Tenders",405145.9454076923,5541.953176923077,29.168174615384615,3.960909090909091,71.74545454545455,13890.0,190.0,51,Production Occupations,41460.0,19.93,43730.0,21.02,0.0,0.0,0.0,False,False,False,False,0.0,0.0,0.0,0.0,0.0,0.0,,
51-9193.00,Cooling and Freezing Equipment Operators and Tenders,395275.6543038462,4378.62257423077,59.98113115384616,3.8955555555555557,56.053333333333335,6590.0,73.0,51,Production Occupations,40160.0,19.31,40160.0,19.31,0.0,0.0,0.0,False,False,False,False,0.0,0.0,0.0,0.0,0.0,0.0,,
51-9194.00,Etchers and Engravers,1144383.631203846,10911.882061538461,136.39852576923076,4.17576923076923,46.301153846153845,8390.0,80.0,51,Production Occupations,40450.0,19.45,39190.0,18.84,0.0,0.0,0.0,False,False,False,False,0.0,0.0,0.0,0.0,0.0,0.0,,
51-9195.00,"Molders, Shapers, and Casters, Except Metal and Plastic",2615499.5277884617,38385.74846538462,75.26617346153846,3.8240909090909088,48.28409090909091,34750.0,510.0,51,Production Occupations,45690.0,21.97,39260.0,18.87,30870.72751615385,907.0244750000002,1.9934603846153849,True,True,True,True,1.1802994872744874,2.3629198628702888,410.1540718278844,6.019527385099885,18739939.54181604,236326.6451390215,0.029381376727366657,2.2323611931418856
51-9195.03,"Stone Cutters and Carvers, Manufacturing",1545986.6420192309,22689.300357692307,44.48882423076923,3.94125,67.443125,34750.0,510.0,51,Production Occupations,45690.0,21.97,39260.0,18.87,0.0,0.0,0.0,False,False,False,False,0.0,0.0,0.0,0.0,0.0,0.0,,
51-9195.04,"Glass Blowers, Molders, Benders, and Finishers",3154935.82,46302.6552,90.78952,4.14375,47.724375,34750.0,510.0,51,Production Occupations,45690.0,21.97,39260.0,18.87,0.0,0.0,0.0,False,False,False,False,0.0,0.0,0.0,0.0,0.0,0.0,,
51-9195.05,"Potters, Manufacturing",2156722.2758653844,31652.614696153847,62.06395038461538,4.186521739130435,75.88521739130434,34750.0,510.0,51,Production Occupations,45690.0,21.97,39260.0,18.87,0.0,0.0,0.0,False,False,False,False,0.0,0.0,0.0,0.0,0.0,0.0,,
51-9196.00,"Paper Goods Machine Setters, Operators, and Tenders",6154645.676846154,58404.06418461539,63.48267846153846,4.192857142857142,58.62357142857143,96950.0,920.0,51,Production Occupations,49390.0,23.75,59100.0,28.42,0.0,0.0,0.0,False,False,False,False,0.0,0.0,0.0,0.0,0.0,0.0,,
51-9197.00,Tire Builders,3167911.1067923075,34896.87485307692,151.06872230769233,4.396,50.7365,20970.0,231.0,51,Production Occupations,55580.0,26.72,55580.0,26.72,0.0,0.0,0.0,False,False,False,False,0.0,0.0,0.0,0.0,0.0,0.0,,
51-9198.00,Helpers--Production Workers,15836644.606846156,121027.55446153847,94.55277692307693,3.7243333333333335,56.074666666666666,167490.0,1280.0,51,Production Occupations,38220.0,18.38,35940.0,17.280000000000005,550235.1202961539,4205.032861538462,3.2851819230769235,False,False,False,False,3.4744425599996616,3.4744425599996616,5819.343843743433,44.472864767995674,222415321.70787403,1598354.7597617644,0.00764224729834617,0.5806486352060894
53-1041.00,Aircraft Cargo Handling Supervisors,178738.66286153847,879.6194038461538,17.592388076923076,4.498333333333333,72.11166666666666,10160.0,50.0,53,Transportation and Material Moving Occupations,63940.0,30.74,78990.0,37.98,0.0,0.0,0.0,False,False,False,False,0.0,0.0,0.0,0.0,0.0,0.0,,
53-1042.00,"First-Line Supervisors of Helpers, Laborers, and Material Movers, Hand",6507501.0368,71661.99491538461,52.84807884615385,3.9945833333333334,79.10666666666667,123136.0,1356.0,53,Transportation and Material Moving Occupations,61900.0,29.76,61900.0,29.76,286050.4479773077,3151.30485,1.275831923076923,True,False,True,False,4.395703456053082,4.397456216116959,5412.693407645523,59.60573886407978,335045721.9332579,3689595.2356865387,0.011016605190738915,0.8370282351359101
53-1042.01,Recycling Coordinators,3852470.02624,42424.22488615385,31.286301538461537,3.66,59.20086956521739,123136.0,1356.0,53,Transportation and Material Moving Occupations,61900.0,29.76,61900.0,29.76,26696.94026153846,293.99736923076927,0.3192153846153846,True,False,True,False,0.6929824263316748,0.6929940853833307,853.3108404877712,9.396841701057511,52819941.02619304,581664.5012954599,0.011012399411715473,0.8367086851717956
53-1043.00,First-Line Supervisors of Material-Moving Machine and Vehicle Operators,4035866.65344,44443.827816923076,32.77568423076923,3.9463157894736844,86.13684210526316,123136.0,1356.0,53,Transportation and Material Moving Occupations,61900.0,29.76,61900.0,29.76,0.0,0.0,0.0,False,False,False,False,0.0,0.0,0.0,0.0,0.0,0.0,,
53-2011.00,"Airline Pilots, Copilots, and Flight Engineers",8067072.610961539,144606.13542307692,81.23940192307693,4.28375,78.83291666666666,99300.0,1780.0,53,Transportation and Material Moving Occupations,226600.0,108.9423076923077,133230.0,64.05288461538461,0.0,0.0,0.0,False,False,False,False,0.0,0.0,0.0,0.0,0.0,0.0,,
53-2012.00,Commercial Pilots,2811212.5928692305,36882.58852307692,54.23910076923077,4.40875,83.19208333333333,51830.0,680.0,53,Transportation and Material Moving Occupations,122670.0,58.97596153846154,101160.0,48.63461538461539,0.0,0.0,0.0,False,False,False,False,0.0,0.0,0.0,0.0,0.0,0.0,,
53-2021.00,Air Traffic Controllers,3444597.9766153847,53821.843384615386,153.77669538461538,4.473478260869565,83.81739130434782,22400.0,350.0,53,Transportation and Material Moving Occupations,144580.0,69.51,156120.0,75.06,146458.83323076923,2288.4192692307693,6.53834076923077,False,False,False,False,4.251841121229413,4.251841121229413,952.4124111553886,14.881443924302946,137699786.40484607,2323291.025462176,0.015625,1.1871684559407705
53-2022.00,Airfield Operations Specialists,1163714.9696,20281.090215384615,69.93479384615385,4.045925925925926,67.87296296296296,16640.0,290.0,53,Transportation and Material Moving Occupations,56750.0,27.28,61400.0,29.52,73616.61103157897,1282.9818028340085,4.424075182186236,False,False,False,False,6.326000176562391,6.326000176562391,1052.6464293799818,18.345400512030935,59737684.867313966,1126407.5914386993,0.017427884615384616,1.324149431626244
53-2031.00,Flight Attendants,13289143.002796154,146363.39960807693,102.13775269230769,4.0308,93.4604,130110.0,1433.0,53,Transportation and Material Moving Occupations,67130.0,32.27403846153846,49330.0,23.716346153846157,0.0,0.0,0.0,False,False,False,False,0.0,0.0,0.0,0.0,0.0,0.0,,
53-3011.00,"Ambulance Drivers and Attendants, Except Emergency Medical Technicians",155773.41664615384,1715.0550011538462,12.895150384615384,4.087272727272727,88.04909090909092,12080.0,133.0,53,Transportation and Material Moving Occupations,34330.0,16.51,34330.0,16.51,0.0,0.0,0.0,False,False,False,False,0.0,0.0,0.0,0.0,0.0,0.0,,
53-3031.00,Driver/Sales Workers,19890317.144561537,161059.05789999999,47.650608846153844,3.880909090909091,63.86181818181819,417420.0,3380.0,53,Transportation and Material Moving Occupations,37130.0,17.85,26310.0,12.65,0.0,0.0,0.0,False,False,False,False,0.0,0.0,0.0,0.0,0.0,0.0,,
53-3032.00,Heavy and Tractor-Trailer Truck Drivers,106982890.53332308,1254561.5423230769,51.67057423076923,4.340344827586207,78.19413793103449,2070480.0,24280.0,53,Transportation and Material Moving Occupations,57440.0,27.62,59580.0,28.64,8106407.003076923,95061.80307692307,3.915230769230769,False,False,False,False,7.57729293223007,7.57729293223007,156886.33470323717,1839.766723945461,9011551065.353943,109613301.41267057,0.011726749352807077,0.8909841230320901
53-3033.00,Light Truck Drivers,36082699.24181538,358138.23424615385,36.285535384615386,4.41,78.43153846153847,994410.0,9870.0,53,Transportation and Material Moving Occupations,44140.0,21.22,43760.0,21.04,0.0,0.0,0.0,False,False,False,False,0.0,0.0,0.0,0.0,0.0,0.0,,
53-3052.00,"Bus Drivers, Transit and Intercity",8474634.1875,63710.5,56.884375,4.2542857142857144,84.59285714285714,148980.0,1120.0,53,Transportation and Material Moving Occupations,57440.0,27.61,49500.0,23.8,0.0,0.0,0.0,False,False,False,False,0.0,0.0,0.0,0.0,0.0,0.0,,
53-4011.00,Locomotive Engineers,2331473.328369231,25508.460923076924,72.88131692307692,4.5878571428571435,90.2242857142857,31990.0,350.0,53,Transportation and Material Moving Occupations,77400.0,37.21,79800.0,38.37,0.0,0.0,0.0,False,False,False,False,0.0,0.0,0.0,0.0,0.0,0.0,,
53-4013.00,"Rail Yard Engineers, Dinkey Operators, and Hostlers",228229.50276923075,2489.7763938461535,69.16045538461537,4.204782608695653,76.55434782608695,3300.0,36.0,53,Transportation and Material Moving Occupations,58030.0,27.9,58030.0,27.9,9369.339692307693,102.21097846153846,2.839193846153846,False,False,False,False,4.1052272290061005,4.1052272290061005,135.47249855720133,1.4778818024421962,7861469.091274394,85761.48099572065,0.010909090909090908,0.8288594310568288
53-4022.00,"Railroad Brake, Signal, and Switch Operators and Locomotive Firers",1375156.7274307692,15120.102059230769,110.36570846153846,4.226,80.89920000000001,12460.0,137.0,53,Transportation and Material Moving Occupations,65480.0,31.48,65480.0,31.48,0.0,0.0,0.0,False,False,False,False,0.0,0.0,0.0,0.0,0.0,0.0,,
53-4031.00,Railroad Conductors and Yardmasters,2202948.946153846,24242.23846153846,51.57923076923077,4.0745,73.827,42710.0,470.0,53,Transportation and Material Moving Occupations,74080.0,35.62,74080.0,35.62,0.0,0.0,0.0,False,False,False,False,0.0,0.0,0.0,0.0,0.0,0.0,,
53-4041.00,Subway and Streetcar Operators,511841.54353846156,50071.455346153845,55.63495038461538,4.564,96.20599999999999,9200.0,900.0,53,Transportation and Material Moving Occupations,84830.0,40.78,57200.0,27.5,0.0,0.0,0.0,False,False,False,False,0.0,0.0,0.0,0.0,0.0,0.0,,
53-5011.00,Sailors and Marine Oilers,1298434.252553846,14284.432944230768,41.40415346153846,3.7621428571428575,73.96857142857142,31360.0,345.0,53,Transportation and Material Moving Occupations,49610.0,23.85,49610.0,23.85,0.0,0.0,0.0,False,False,False,False,0.0,0.0,0.0,0.0,0.0,0.0,,
53-5021.00,"Captains, Mates, and Pilots of Water Vessels",3721240.573603846,41008.30245,105.14949346153846,4.3389655172413795,84.44413793103449,35390.0,390.0,53,Transportation and Material Moving Occupations,85540.0,41.13,49120.0,23.62,0.0,0.0,0.0,False,False,False,False,0.0,0.0,0.0,0.0,0.0,0.0,,
53-5022.00,Motorboat Operators,127878.91953846153,1396.9966,53.73063846153846,4.254375,75.67375,2380.0,26.0,53,Transportation and Material Moving Occupations,51880.0,24.94,51880.0,24.94,0.0,0.0,0.0,False,False,False,False,0.0,0.0,0.0,0.0,0.0,0.0,,
53-5031.00,Ship Engineers,254523.951,2818.1556346153843,29.664796153846154,4.333529411764706,88.21411764705883,8580.0,95.0,53,Transportation and Material Moving Occupations,101320.0,48.71,101320.0,48.71,0.0,0.0,0.0,False,False,False,False,0.0,0.0,0.0,0.0,0.0,0.0,,
53-6011.00,Bridge and Lock Tenders,255078.64984615386,2813.3674615384616,93.77891538461539,4.566111111111111,74.32722222222223,2720.0,30.0,53,Transportation and Material Moving Occupations,58490.0,28.12,58490.0,28.12,0.0,0.0,0.0,False,False,False,False,0.0,0.0,0.0,0.0,0.0,0.0,,
53-6021.00,Parking Attendants,8423641.491326923,26900.600380769232,62.55953576923077,3.95,66.38133333333333,134650.0,430.0,53,Transportation and Material Moving Occupations,34600.0,16.63,34590.0,16.63,0.0,0.0,0.0,False,False,False,False,0.0,0.0,0.0,0.0,0.0,0.0,,
53-6031.00,Automotive and Watercraft Service Attendants,5508444.193007693,94731.5629,56.054179230769236,3.9314285714285715,65.79714285714286,98270.0,1690.0,53,Transportation and Material Moving Occupations,34850.0,16.76,34350.0,16.51,0.0,0.0,0.0,False,False,False,False,0.0,0.0,0.0,0.0,0.0,0.0,,
53-6041.00,Traffic Technicians,157279.8106153846,1722.1931769230769,20.749315384615382,3.7939130434782613,53.59608695652174,7580.0,83.0,53,Transportation and Material Moving Occupations,58480.0,28.12,58480.0,28.12,0.0,0.0,0.0,False,False,False,False,0.0,0.0,0.0,0.0,0.0,0.0,,
53-6051.00,Transportation Inspectors,339442.78973846155,3493.4077846153846,14.555865769230769,4.094285714285714,75.64428571428572,23320.0,240.0,53,Transportation and Material Moving Occupations,85750.0,41.23,62960.0,30.27,0.0,0.0,0.0,False,False,False,False,0.0,0.0,0.0,0.0,0.0,0.0,,
53-6051.01,Aviation Inspectors,354741.8308923077,3650.8593230769234,15.211913846153847,4.2846153846153845,78.90153846153846,23320.0,240.0,53,Transportation and Material Moving Occupations,85750.0,41.23,62960.0,30.27,0.0,0.0,0.0,False,False,False,False,0.0,0.0,0.0,0.0,0.0,0.0,,
53-6051.07,"Transportation Vehicle, Equipment and Systems Inspectors, Except Aviation",961234.7845692307,9892.639292307693,41.21933038461538,3.8392857142857144,54.53357142857143,23320.0,240.0,53,Transportation and Material Moving Occupations,85750.0,41.23,62960.0,30.27,0.0,0.0,0.0,False,False,False,False,0.0,0.0,0.0,0.0,0.0,0.0,,
53-6061.00,Passenger Attendants,774002.0937384615,1832.6805692307692,30.544676153846154,4.185,59.73083333333333,25340.0,60.0,53,Transportation and Material Moving Occupations,37560.0,18.06,33780.0,16.24,0.0,0.0,0.0,False,False,False,False,0.0,0.0,0.0,0.0,0.0,0.0,,
53-7011.00,Conveyor Operators and Tenders,1707166.7751461538,15067.089726923077,65.50908576923077,4.308,56.552499999999995,26060.0,230.0,53,Transportation and Material Moving Occupations,41230.0,19.82,40680.0,19.56,79815.28504615385,704.4326769230769,3.062750769230769,False,False,False,False,4.675306842198865,4.675306842198864,1218.3849630770244,10.75320573705739,50234012.02766572,437440.40938349464,0.008825786646201074,0.6705725123349248
53-7021.00,Crane and Tower Operators,1117087.569230769,13564.634769230768,26.597323076923075,4.134545454545454,76.08545454545455,42000.0,510.0,53,Transportation and Material Moving Occupations,66370.0,31.91,69020.0,33.18,0.0,0.0,0.0,False,False,False,False,0.0,0.0,0.0,0.0,0.0,0.0,,
53-7031.00,Dredge Operators,33738.22521538461,360.31114307692303,32.755558461538456,4.276666666666666,91.56833333333333,1030.0,11.0,53,Transportation and Material Moving Occupations,48430.0,23.28,48430.0,23.28,0.0,0.0,0.0,False,False,False,False,0.0,0.0,0.0,0.0,0.0,0.0,,
53-7041.00,Hoist and Winch Operators,121793.91027692308,1325.9820876923077,49.110447692307694,4.202307692307692,69.09461538461538,2480.0,27.0,53,Transportation and Material Moving Occupations,52310.0,25.15,52310.0,25.15,0.0,0.0,0.0,False,False,False,False,0.0,0.0,0.0,0.0,0.0,0.0,,
53-7051.00,Industrial Truck and Tractor Operators,33152652.325315382,284716.9218153846,41.14406384615384,4.276666666666667,69.55666666666667,805770.0,6920.0,53,Transportation and Material Moving Occupations,46390.0,22.3,47500.0,22.84,0.0,0.0,0.0,False,False,False,False,0.0,0.0,0.0,0.0,0.0,0.0,,
53-7061.00,Cleaners of Vehicles and Equipment,17763444.0432,211379.094,47.50092,3.6670000000000003,74.3255,373960.0,4450.0,53,Transportation and Material Moving Occupations,35270.0,16.96,34170.0,16.43,0.0,0.0,0.0,False,False,False,False,0.0,0.0,0.0,0.0,0.0,0.0,,
53-7062.00,"Laborers and Freight, Stock, and Material Movers, Hand",104293614.92297308,1040303.0460576924,34.96816961538462,3.82,53.29923076923077,2982530.0,29750.0,53,Transportation and Material Moving Occupations,38940.0,18.72,39570.0,19.02,0.0,0.0,0.0,False,False,False,False,0.0,0.0,0.0,0.0,0.0,0.0,,
53-7062.04,Recycling and Reclamation Workers,121318984.78642309,1210126.9048076924,40.67653461538462,3.992857142857143,54.92785714285714,2982530.0,29750.0,53,Transportation and Material Moving Occupations,38940.0,18.72,39570.0,19.02,0.0,0.0,0.0,False,False,False,False,0.0,0.0,0.0,0.0,0.0,0.0,,
53-7063.00,Machine Feeders and Offbearers,3046065.1355346153,10438.432676923077,65.24020423076924,4.075384615384616,72.78307692307693,46690.0,160.0,53,Transportation and Material Moving Occupations,39700.0,19.09,39440.0,18.96,0.0,0.0,0.0,False,False,False,False,0.0,0.0,0.0,0.0,0.0,0.0,,
53-7064.00,"Packers and Packagers, Hand",29866163.405723076,348597.4779,49.657760384615386,4.128333333333333,72.48166666666667,601440.0,7020.0,53,Transportation and Material Moving Occupations,35580.0,17.1,35430.0,17.03,0.0,0.0,0.0,False,False,False,False,0.0,0.0,0.0,0.0,0.0,0.0,,
53-7065.00,Stockers and Order Fillers,200687368.488,1948729.4886153846,72.20190769230769,3.9113333333333333,81.50099999999999,2779530.0,26990.0,53,Transportation and Material Moving Occupations,37090.0,17.83,37800.0,18.17,0.0,0.0,0.0,False,False,False,False,0.0,0.0,0.0,0.0,0.0,0.0,,
53-7071.00,Gas Compressor and Gas Pumping Station Operators,153588.00549615384,1683.1562246153846,30.056361153846154,3.9853846153846155,91.80461538461539,5110.0,56.0,53,Transportation and Material Moving Occupations,71510.0,34.38,71510.0,34.38,0.0,0.0,0.0,False,False,False,False,0.0,0.0,0.0,0.0,0.0,0.0,,
53-7072.00,"Pump Operators, Except Wellhead Pumpers",310134.70384615386,4922.773076923077,24.613865384615387,4.162142857142857,76.58714285714287,12600.0,200.0,53,Transportation and Material Moving Occupations,60020.0,28.86,73840.0,35.5,0.0,0.0,0.0,False,False,False,False,0.0,0.0,0.0,0.0,0.0,0.0,,
53-7073.00,Wellhead Pumpers,353158.5493269231,3663.8927307692306,20.354959615384615,4.058571428571429,70.29571428571428,17350.0,180.0,53,Transportation and Material Moving Occupations,70010.0,33.66,66890.0,32.16,0.0,0.0,0.0,False,False,False,False,0.0,0.0,0.0,0.0,0.0,0.0,,
53-7081.00,Refuse and Recyclable Material Collectors,5067620.027815385,24759.17243076923,36.410547692307695,3.975,82.45785714285715,139180.0,680.0,53,Transportation and Material Moving Occupations,48350.0,23.24,50720.0,24.38,0.0,0.0,0.0,False,False,False,False,0.0,0.0,0.0,0.0,0.0,0.0,,
53-7121.00,"Tank Car, Truck, and Ship Loaders",715618.2726,2621.312353846154,65.53280884615384,4.287894736842105,67.15578947368421,10920.0,40.0,53,Transportation and Material Moving Occupations,58070.0,27.92,47540.0,22.86,0.0,0.0,0.0,False,False,False,False,0.0,0.0,0.0,0.0,0.0,0.0,,
