soc_code_2010_untrimmed,title,major_occ_category,task_comp_nat,task_comp_ut,freq_mean,tot_emp_nat,tot_emp_ut,ai_task_comp_nat,ai_task_comp_ut,pct_automated_nat,pct_automated_ut,ut_share_of_nat,ut_concentration_index
11-1011.00,Chief Executives,Management Occupations,4543325.549,71684.6795,19.014503846153847,238940.0,3770.0,2108396.6348,33266.3234,46.40646178797522,46.40646178797521,0.015778019586507073,1.687861459309224
11-1011.03,Chief Sustainability Officers,Management Occupations,1788039.0244999998,28211.71475,7.483213461538461,238940.0,3770.0,274954.5072,4338.2375999999995,15.377433234539565,15.377433234539561,0.015778019586507073,1.687861459309224
11-1021.00,General and Operations Managers,Management Occupations,43207425.556023076,628027.7878538461,20.142007307692307,2145140.0,31180.0,6910588.3112923065,100446.6578153846,15.99398303037515,15.993983030375153,0.014535181852932677,1.5549082772464144
11-2011.00,Advertising and Promotions Managers,Management Occupations,615569.9350846154,6923.588226923077,20.980570384615383,29340.0,330.0,323117.92176923074,3634.2506538461535,52.490854954574,52.490854954574,0.011247443762781187,1.2032008668046643
11-2021.00,Marketing Managers,Management Occupations,1971218.433853846,17066.38386923077,10.219391538461538,192890.0,1670.0,1223629.2450961538,10593.91798076923,62.07476675752711,62.07476675752711,0.008657784229353517,0.9261707556908959
11-2022.00,Sales Managers,Management Occupations,3651387.6738461535,30832.82806153846,10.01065846153846,364750.0,3080.0,1880018.8601923075,15875.142123076923,51.487791166584294,51.487791166584294,0.008444139821795751,0.9033160393853031
11-2031.00,Public Relations and Fundraising Managers,Management Occupations,1280390.2497461538,6997.826803846154,21.20553576923077,60380.0,330.0,690670.3083923077,3774.7797576923076,53.94217181279206,53.94217181279206,0.00546538588936734,0.584662362239961
11-3011.00,Administrative Services Managers,Management Occupations,2619192.2116923076,20074.525615384617,9.697838461538462,270080.0,2070.0,360542.9843692307,2763.344111538461,13.76542671285195,13.76542671285195,0.0076643957345971575,0.8199025294900404
11-3021.00,Computer and Information Systems Managers,Management Occupations,5508096.693750001,49875.51291923077,16.140942692307693,341250.0,3090.0,2786262.54375,25229.454242307693,50.58485169498845,50.58485169498845,0.009054945054945054,0.9686572317019064
11-3031.01,Treasurers and Controllers,Management Occupations,6157846.543938462,50434.237961538456,11.594077692307692,531120.0,4350.0,2628959.4293538462,21531.807346153844,42.69283767621148,42.69283767621148,0.008190239493899684,0.876154926064831
11-3031.02,"Financial Managers, Branch or Department",Management Occupations,11379866.389015384,93203.83113461538,21.426168076923076,531120.0,4350.0,6039501.159876923,49464.96092307692,53.07181080532419,53.07181080532419,0.008190239493899684,0.876154926064831
11-3051.00,Industrial Production Managers,Management Occupations,3141334.35765,34679.11475769231,18.544981153846155,169390.0,1870.0,378650.62729999993,4180.156284615384,12.053814850300258,12.053814850300256,0.011039612728024086,1.1809680389334878
11-3051.01,Quality Control Systems Managers,Management Occupations,3625268.8833999997,40021.5645076923,21.401906153846152,169390.0,1870.0,537473.6882,5933.501369230768,14.82576066732805,14.82576066732805,0.011039612728024086,1.1809680389334878
11-3051.02,Geothermal Production Managers,Management Occupations,3727368.7059,41148.70700769231,22.004656153846156,169390.0,1870.0,168379.1326,1858.8404153846154,4.51737259942852,4.517372599428519,0.011039612728024086,1.1809680389334878
11-3051.04,Biomass Power Plant Managers,Management Occupations,6697857.35195,73941.75127307692,39.541043461538464,169390.0,1870.0,404434.6519000001,4464.801930769232,6.038269115753173,6.038269115753173,0.011039612728024086,1.1809680389334878
11-3061.00,Purchasing Managers,Management Occupations,970778.3554615384,6685.801346153846,13.371602692307691,72600.0,500.0,366960.74884615385,2527.2778846153847,37.80067270573716,37.80067270573716,0.006887052341597796,0.736745835045681
11-3071.01,Transportation Managers,Management Occupations,3364575.451092308,40975.05127692308,30.808309230769233,109210.0,1330.0,549776.7072423077,6695.385226923077,16.340150941297004,16.340150941297008,0.012178371943961175,1.3027873700273027
11-3071.02,Storage and Distribution Managers,Management Occupations,1448734.7898730768,17643.231119230768,13.265587307692307,109210.0,1330.0,82788.95071153846,1008.2346346153846,5.71456910472838,5.71456910472838,0.012178371943961175,1.3027873700273027
11-3071.03,Logistics Managers,Management Occupations,1723348.6273576922,20987.58057307692,15.780135769230768,109210.0,1330.0,494514.01101923076,6022.375557692307,28.694949075825686,28.694949075825683,0.012178371943961173,1.3027873700273025
11-3111.00,Compensation and Benefits Managers,Management Occupations,69961.14730384614,483.09643461538457,4.3917857692307685,15930.0,110.0,29168.54685,201.41494999999998,41.692493582643756,41.69249358264375,0.006905210295040803,0.7386882911079483
11-3121.00,Human Resources Managers,Management Occupations,1070198.0808615384,8019.076676923076,8.716387692307691,122780.0,920.0,346787.4349153846,2598.5049692307693,32.40404193550893,32.40404193550893,0.007493077048379215,0.8015756281865308
11-3131.00,Training and Development Managers,Management Occupations,42436.25410769229,418.55675384615375,1.3501830769230765,31430.0,310.0,20328.56134615384,200.50442307692305,47.903760059889315,47.903760059889315,0.009863188036907415,1.0551194249785618
11-9013.01,Nursery and Greenhouse Managers,Management Occupations,145707.30486538462,1400.390573076923,33.34263269230769,4370.0,42.0,31613.388450000002,303.83577,21.696502093156436,21.69650209315644,0.009610983981693364,1.0281397712683251
11-9013.02,Farm and Ranch Managers,Management Occupations,70458.08146153846,677.1714923076923,16.12313076923077,4370.0,42.0,12506.039107692306,120.19534153846153,17.74961629422039,17.74961629422039,0.009610983981693366,1.0281397712683253
11-9013.03,Aquacultural Managers,Management Occupations,78188.57112307692,751.4691046153846,17.892121538461538,4370.0,42.0,10767.364015384617,103.4849630769231,13.771020317580263,13.771020317580263,0.009610983981693364,1.0281397712683251
11-9021.00,Construction Managers,Management Occupations,3198174.1474615387,29761.009634615384,13.345744230769231,239640.0,2230.0,1704193.131646154,15858.582388461538,53.28643948294091,53.28643948294091,0.00930562510432315,0.9954738541330801
11-9031.00,"Education Administrators, Preschool and Childcare Center/Program",Management Occupations,644096.6810923077,3856.8663538461537,13.774522692307691,46760.0,280.0,199104.81736923076,1192.2444153846152,30.91225637610394,30.91225637610394,0.005988023952095808,0.640571827836125
11-9032.00,"Education Administrators, Elementary and Secondary School",Management Occupations,5980411.414488461,46294.7079,25.436652692307693,235110.0,1820.0,1767355.5992423077,13681.2011,29.552408300215244,29.552408300215237,0.0077410573773978135,0.8281034466952143
11-9033.00,"Education Administrators, Postsecondary",Management Occupations,1891324.197980769,16308.123749999999,13.938567307692306,135690.0,1170.0,816706.9416692307,7042.133699999999,43.18175289784639,43.18175289784639,0.00862259562237453,0.9224064370322093
11-9039.01,Distance Learning Coordinators,Management Occupations,335349.33715384617,1262.2936153846154,10.519113461538462,31880.0,120.0,49177.499446153844,185.1097846153846,14.664558416464974,14.664558416464974,0.0037641154328732747,0.4026681126046407
11-9039.02,Fitness and Wellness Coordinators,Management Occupations,413465.3793538462,1556.3314153846154,12.969428461538461,31880.0,120.0,140033.90544615386,527.1037846153847,33.86835087982348,33.86835087982349,0.003764115432873275,0.40266811260464075
11-9041.00,Architectural and Engineering Managers,Management Occupations,1969291.6404192308,18622.661115384617,10.954506538461539,179770.0,1700.0,577535.5322346154,5461.480807692307,29.327069712826653,29.32706971282665,0.009456527785503698,1.0116167431867156
11-9041.01,Biofuels/Biodiesel Technology and Product Development Managers,Management Occupations,4271845.193661539,40396.82276923077,23.76283692307692,179770.0,1700.0,150465.07001923077,1422.8771153846155,3.522250062864807,3.5222500628648077,0.0094565277855037,1.0116167431867158
11-9051.00,Food Service Managers,Management Occupations,14119572.82485,93256.35326538462,70.11755884615384,201370.0,1330.0,1518993.0818,10032.580815384616,10.75806683844302,10.75806683844302,0.006604757411729651,0.7065471951168582
11-9061.00,Funeral Service Managers,Management Occupations,183483.81592307694,1768.5187076923078,22.106483846153846,8300.0,80.0,10590.602076923076,102.07809230769232,5.771954340301621,5.7719543403016225,0.00963855421686747,1.0310891108301965
11-9071.00,Gaming Managers,Management Occupations,166560.10121153845,1602.3503407692308,42.16711423076923,3950.0,38.0,8487.831403846154,81.65508692307694,5.095957160272283,5.095957160272283,0.009620253164556964,1.029131346695709
11-9081.00,Lodging Managers,Management Occupations,1632423.3508769232,17023.580603846156,46.00967730769231,35480.0,370.0,417932.0339538462,4358.366757692308,25.601939210765202,25.601939210765202,0.010428410372040587,1.1155843642050216
11-9111.00,Medical and Health Services Managers,Management Occupations,3751955.3781346157,30020.40816923077,11.912860384615385,314950.0,2520.0,1408635.073557692,11270.869615384616,37.54402522393623,37.54402522393624,0.008001270042863948,0.855939825453421
11-9121.00,Natural Sciences Managers,Management Occupations,474555.8455576923,5238.315226923077,8.878500384615384,53450.0,590.0,165253.62634615385,1824.1279615384615,34.82279860064726,34.82279860064726,0.011038353601496725,1.1808333432496425
11-9121.01,Clinical Research Coordinators,Management Occupations,1106174.331096154,12210.34341153846,20.695497307692307,53450.0,590.0,270698.49121153844,2988.0656653846154,24.471593997601815,24.471593997601822,0.011038353601496726,1.1808333432496427
11-9121.02,Water Resource Specialists,Management Occupations,612530.5448846153,6761.328746153846,11.45987923076923,53450.0,590.0,88827.09540384615,980.5048884615385,14.501659736916277,14.501659736916277,0.011038353601496726,1.1808333432496427
11-9131.00,Postmasters and Mail Superintendents,Management Occupations,264633.42535,2329.2041499999996,17.916954999999998,14770.0,130.0,0.0,0.0,0.0,0.0,,
11-9141.00,"Property, Real Estate, and Community Association Managers",Management Occupations,5169640.658430769,62541.951661538464,29.640735384615382,174410.0,2110.0,3978528.962196154,48131.96554230769,76.95948761366765,76.95948761366763,0.012097930164554785,1.2941820708366227
11-9151.00,Social and Community Service Managers,Management Occupations,1523515.8127807693,13483.566515384615,12.72034576923077,119770.0,1060.0,396322.20064230764,3507.568946153846,26.013658494225133,26.013658494225133,0.008850296401436086,0.9467648406408188
11-9161.00,Emergency Management Directors,Management Occupations,43245.32778461538,791.0730692307691,4.394850384615384,9840.0,180.0,3609.118984615384,66.02046923076921,8.345685348000382,8.345685348000382,0.018292682926829267,1.9568688155237721
11-9199.01,Regulatory Affairs Managers,Management Occupations,6572958.030461539,41556.795538461534,17.46083846153846,376440.0,2380.0,2416252.8218769226,15276.489523076922,36.76050890145815,36.76050890145817,0.006322388694081395,0.6763406617037145
11-9199.02,Compliance Managers,Management Occupations,6671033.391507693,42176.86609230769,17.721372307692306,376440.0,2380.0,2517879.3151846156,15919.011715384615,37.74346742724908,37.74346742724909,0.006322388694081394,0.6763406617037144
11-9199.03,Investment Fund Managers,Management Occupations,13829515.753753847,87435.57404615385,36.737636153846154,376440.0,2380.0,9012194.541323077,56978.596876923075,65.16637821448543,65.16637821448542,0.006322388694081394,0.6763406617037144
11-9199.04,Supply Chain Managers,Management Occupations,1841290.9621384612,11641.35716153846,4.891326538461538,376440.0,2380.0,159289.28293846152,1007.0887615384614,8.65095665018983,8.65095665018983,0.006322388694081394,0.6763406617037144
11-9199.07,Security Managers,Management Occupations,4983809.186446154,31509.578853846153,13.239318846153846,376440.0,2380.0,3072004.207430769,19422.40466923077,61.63968347314174,61.63968347314174,0.006322388694081395,0.6763406617037145
11-9199.08,Loss Prevention Managers,Management Occupations,8252335.198938461,52174.47076153846,21.922046538461537,376440.0,2380.0,1684018.8184615383,10647.021538461539,20.40657314402549,20.40657314402549,0.006322388694081395,0.6763406617037145
11-9199.11,Brownfield Redevelopment Specialists and Site Managers,Management Occupations,5363053.954015384,33907.31168461538,14.246769615384615,376440.0,2380.0,0.0,0.0,0.0,0.0,,
13-1011.00,"Agents and Business Managers of Artists, Performers, and Athletes",Business and Financial Operations Occupations,236346.35292692308,2250.917646923077,17.86442576923077,13230.0,126.0,123984.19190769232,1180.8018276923078,52.45868631872966,52.45868631872966,0.009523809523809523,1.0188142404631702
13-1021.00,"Buyers and Purchasing Agents, Farm Products",Business and Financial Operations Occupations,341792.24172307696,5340.503776923078,28.107914615384615,12160.0,190.0,66837.55224615385,1044.336753846154,19.555023223817415,19.555023223817415,0.015625,1.6714921132598888
13-1022.00,"Wholesale and Retail Buyers, Except Farm Products",Business and Financial Operations Occupations,2229771.3227692307,26869.546515384613,20.051900384615386,111200.0,1340.0,641792.3824615384,7733.829069230769,28.78287902924835,28.782879029248353,0.012050359712230216,1.2890931981400007
13-1023.00,"Purchasing Agents, Except Wholesale, Retail, and Farm Products",Business and Financial Operations Occupations,7207319.902084615,62298.29921538461,24.721547307692305,291540.0,2520.0,2507443.8170307693,21673.72716923077,34.79023896671392,34.79023896671392,0.008643753858818687,0.9246698498544106
13-1031.01,"Claims Examiners, Property and Casualty Insurance",Business and Financial Operations Occupations,9760130.06123077,71511.99860769231,35.93567769230769,271600.0,1990.0,2114614.0873846156,15493.674646153846,21.665839226715786,21.665839226715786,0.007326951399116347,0.7838042545831349
13-1031.02,"Insurance Adjusters, Examiners, and Investigators",Business and Financial Operations Occupations,8341451.4873846155,61117.40964615385,30.712266153846155,271600.0,1990.0,816714.9889230769,5984.031030769231,9.791041644949376,9.791041644949376,0.0073269513991163476,0.7838042545831349
13-1032.00,"Insurance Appraisers, Auto Damage",Business and Financial Operations Occupations,305554.46779615385,1600.8092615384617,20.010115769230772,15270.0,80.0,61226.556761538464,320.7678153846154,20.037853546420685,20.037853546420685,0.005239030779305829,0.5604479122390721
13-1041.01,Environmental Compliance Inspectors,Business and Financial Operations Occupations,1827422.9477999997,16709.248384615385,7.11031846153846,257010.0,2350.0,38389.385999999984,351.01769230769213,2.100738969389448,2.1007389693894476,0.009143613088984863,0.9781425385560376
13-1041.02,Licensing Examiners and Inspectors,Business and Financial Operations Occupations,9423098.8602,86161.17007692308,36.664327692307694,257010.0,2350.0,2350894.88595,21495.67325,24.9482141790891,24.9482141790891,0.009143613088984865,0.9781425385560378
13-1041.03,Equal Opportunity Representatives and Officers,Business and Financial Operations Occupations,6865080.3072,62771.63815384616,26.711335384615385,257010.0,2350.0,1903309.99395,17403.130173076926,27.72451171407034,27.724511714070342,0.009143613088984866,0.978142538556038
13-1041.04,Government Property Inspectors and Investigators,Business and Financial Operations Occupations,2260005.27645,20664.613826923076,8.793452692307692,257010.0,2350.0,754298.2535999999,6897.0113846153845,33.37595099710769,33.37595099710769,0.009143613088984865,0.9781425385560378
13-1041.06,Coroners,Business and Financial Operations Occupations,4003138.23615,36603.147173076926,15.575807307692306,257010.0,2350.0,175038.34095,1600.4828653846155,4.372528017377245,4.3725280173772445,0.009143613088984865,0.9781425385560378
13-1041.07,Regulatory Affairs Specialists,Business and Financial Operations Occupations,3122948.9719499997,28555.037096153847,12.151079615384615,257010.0,2350.0,903449.2623000001,8260.790500000001,28.929363573170313,28.929363573170313,0.009143613088984865,0.9781425385560378
13-1051.00,Cost Estimators,Business and Financial Operations Occupations,1403771.5545576923,15577.98923076923,6.490828846153846,216270.0,2400.0,306366.33520384616,3399.8206153846154,21.82451512207609,21.82451512207609,0.011097239561659037,1.1871326980011971
13-1071.00,Human Resources Specialists,Business and Financial Operations Occupations,8313555.136842308,90230.40355,16.928781153846153,491090.0,5330.0,5562196.779653846,60368.7895,66.90515294719637,66.90515294719637,0.010853407725671465,1.1610486665890432
13-1074.00,Farm Labor Contractors,Business and Financial Operations Occupations,14998.057038461538,146.32250769230768,12.193542307692308,1230.0,12.0,0.0,0.0,0.0,0.0,,
13-1075.00,Labor Relations Specialists,Business and Financial Operations Occupations,821547.368726923,3521.0652384615382,10.356074230769229,79330.0,340.0,199856.74025384613,856.5648769230769,24.326867550381895,24.3268675503819,0.004285894365309467,0.4584856723123053
13-1081.00,Logisticians,Business and Financial Operations Occupations,2353002.41505,36235.216976923075,17.589911153846153,133770.0,2060.0,1324840.587,20401.970615384616,56.304259550530375,56.304259550530375,0.015399566419974583,1.6473762443909976
13-1081.01,Logistics Engineers,Business and Financial Operations Occupations,1717219.63875,26444.43788461538,12.837105769230769,133770.0,2060.0,864272.58645,13309.4231,50.32976370332697,50.32976370332698,0.015399566419974585,1.6473762443909976
13-1081.02,Logistics Analysts,Business and Financial Operations Occupations,2450775.7827,37740.88444615385,18.320817692307692,133770.0,2060.0,1504010.7358499998,23161.11322307692,61.368761127264094,61.368761127264094,0.015399566419974585,1.6473762443909976
13-1111.00,Management Analysts,Business and Financial Operations Occupations,5217978.351061539,48771.711476923076,8.496813846153847,614110.0,5740.0,3160684.8142692307,29542.477461538463,60.57297676649473,60.57297676649473,0.00934685968311866,0.9998849436210985
13-1121.00,"Meeting, Convention, and Event Planners",Business and Financial Operations Occupations,1647595.1153076922,16023.522288461538,18.85120269230769,87400.0,850.0,766297.7867692309,7452.552846153846,46.51007882031278,46.51007882031277,0.009725400457665902,1.0403795304500907
13-1131.00,Fundraisers,Business and Financial Operations Occupations,727735.6731076923,6497.639938461538,11.602928461538461,62720.0,560.0,259962.9174153846,2321.097476923077,35.72216218359198,35.72216218359198,0.00892857142857143,0.9551383504342223
13-1141.00,"Compensation, Benefits, and Job Analysis Specialists",Business and Financial Operations Occupations,708934.101276923,3465.5840999999996,8.886113076923076,79780.0,390.0,286751.71976923075,1401.7694999999999,40.448289799113525,40.44828979911352,0.004888443218851842,0.5229436343314969
13-1151.00,Training and Development Specialists,Business and Financial Operations Occupations,1642843.8124615382,25477.46446153846,6.4663615384615385,254060.0,3940.0,787090.583,12206.317,47.910250325054996,47.91025032505499,0.015508147681650004,1.6589917786334472
13-1161.00,Market Research Analysts and Marketing Specialists,Business and Financial Operations Occupations,2323783.7434461536,25604.662707692307,4.588649230769231,506420.0,5580.0,2049949.5941692307,22587.41506153846,88.21602268071516,88.21602268071516,0.01101852217526954,1.1787118666075027
13-1199.01,Energy Auditors,Business and Financial Operations Occupations,12769572.850880768,95777.65328846153,13.780957307692306,926610.0,6950.0,3279482.346415384,24597.621769230765,25.68200506557418,25.68200506557418,0.0075004586611411486,0.8023652798674723
13-1199.02,Security Management Specialists,Business and Financial Operations Occupations,11327688.216253845,84962.85719230768,12.224871538461537,926610.0,6950.0,6596902.60095,49479.795249999996,58.23697187820064,58.23697187820064,0.0075004586611411486,0.8023652798674723
13-1199.03,Customs Brokers,Business and Financial Operations Occupations,54890570.93605384,411704.4581923077,59.23805153846154,926610.0,6950.0,12812419.297280768,96099.02128846153,23.341749008599162,23.341749008599162,0.007500458661141149,0.8023652798674724
13-1199.04,Business Continuity Planners,Business and Financial Operations Occupations,6517408.016273077,48883.54940384615,7.03360423076923,926610.0,6950.0,3979579.680807692,29848.672884615382,61.0607724861053,61.06077248610531,0.0075004586611411486,0.8023652798674723
13-1199.05,Sustainability Specialists,Business and Financial Operations Occupations,6976832.302315384,52329.44226923077,7.529416153846153,926610.0,6950.0,4636265.3367,34774.1165,66.45229720028348,66.45229720028347,0.0075004586611411486,0.8023652798674723
13-1199.06,Online Merchants,Business and Financial Operations Occupations,60666947.55201923,455029.9322115385,65.47193269230769,926610.0,6950.0,32825686.704923075,246207.70615384614,54.1080242693544,54.1080242693544,0.007500458661141149,0.8023652798674724
13-2011.01,Accountants,Business and Financial Operations Occupations,11532534.491157692,99072.39613076922,9.399658076923076,1226910.0,10540.0,6346171.211907692,54517.97163076923,55.02841735937122,55.02841735937122,0.008590687173468307,0.9189930149078503
13-2011.02,Auditors,Business and Financial Operations Occupations,10634605.30722692,91358.56740769229,8.667795769230768,1226910.0,10540.0,4635802.98906923,39824.73327692307,43.59167881782029,43.59167881782029,0.008590687173468307,0.9189930149078503
13-2021.01,Assessors,Business and Financial Operations Occupations,1165513.0857653846,17978.556473076922,19.331781153846155,60290.0,930.0,96638.1685346154,1490.6866269230768,8.291470058541108,8.291470058541107,0.015425443688837283,1.6501444780432668
13-2021.02,"Appraisers, Real Estate",Business and Financial Operations Occupations,658415.4725807692,10156.350796153845,10.920807307692307,60290.0,930.0,288305.08724230767,4447.233888461538,43.78771448250568,43.78771448250568,0.015425443688837288,1.6501444780432675
13-2031.00,Budget Analysts,Business and Financial Operations Occupations,395186.13526923076,2667.3309307692307,7.019291923076922,56300.0,380.0,201979.3898076923,1363.2711923076922,51.10993827505831,51.10993827505831,0.00674955595026643,0.7220370904881083
13-2041.00,Credit Analysts,Business and Financial Operations Occupations,877755.0900461539,12142.856976923078,12.390670384615385,70840.0,980.0,379527.53418461536,5250.380907692308,43.238431595384895,43.2384315953849,0.013833992094861662,1.4798981556134987
13-2051.00,Financial Analysts,Business and Financial Operations Occupations,4882283.491892308,31655.884915384617,18.193037307692308,268360.0,1740.0,4126051.927323077,26752.609753846154,84.51069943347092,84.51069943347093,0.006483827694142197,0.6936106786876629
13-2052.00,Personal Financial Advisors,Business and Financial Operations Occupations,571022.690330769,4913.141884615383,2.8900834615384605,197580.0,1700.0,331349.6391923076,2850.968653846153,58.027403254390975,58.027403254390975,0.008604109727705233,0.9204288992948472
13-2053.00,Insurance Underwriters,Business and Financial Operations Occupations,3566855.0762,15859.738000000001,39.649345000000004,89960.0,400.0,1562707.7544000002,6948.456,43.8119217354032,43.81192173540319,0.004446420631391729,0.47565804912686915
13-2061.00,Financial Examiners,Business and Financial Operations Occupations,508957.679,5066.54703076923,11.514879615384615,44200.0,440.0,209163.35900000005,2082.169184615385,41.0964148160539,41.0964148160539,0.009954751131221719,1.0649144323393318
13-2071.00,Credit Counselors,Business and Financial Operations Occupations,2737875.048576923,51150.07465384615,89.73697307692308,30510.0,570.0,1574691.214326923,29419.009903846156,57.515086933766646,57.515086933766646,0.018682399213372666,1.9985589082832103
13-2071.01,Loan Counselors,Business and Financial Operations Occupations,1696074.756473077,31686.745696153845,55.59078192307692,30510.0,570.0,711029.7413653845,13283.74148076923,41.922075583740416,41.92207558374042,0.018682399213372666,1.9985589082832103
13-2072.00,Loan Officers,Business and Financial Operations Occupations,10019554.47981923,145741.3723,32.973161153846156,303870.0,4420.0,4272881.9128961535,62152.0323,42.6454282124253,42.64542821242531,0.01454569388225228,1.5560328067889473
13-2081.00,"Tax Examiners and Collectors, and Revenue Agents",Business and Financial Operations Occupations,2118741.1870153844,66787.95156923076,35.52550615384615,59640.0,1880.0,624258.394523077,19678.165353846154,29.46364559998258,29.46364559998258,0.03152246814218645,3.372131640969648
13-2082.00,Tax Preparers,Business and Financial Operations Occupations,2360399.1615,21946.53675,32.756025,72060.0,670.0,717740.6592,6673.414400000001,30.407596770365146,30.407596770365153,0.00929780738273661,0.994637549494644
13-2099.02,Risk Management Specialists,Business and Financial Operations Occupations,1380499.6689423076,12042.079626923076,10.848720384615385,127250.0,1110.0,957130.0603846153,8349.032353846154,69.33214704194287,69.33214704194287,0.008722986247544206,0.9331457738780552
13-2099.04,"Fraud Examiners, Investigators and Analysts",Business and Financial Operations Occupations,2346493.5238461536,20468.43073846154,18.44002769230769,127250.0,1110.0,1253046.166826923,10930.30448076923,53.40079374150781,53.400793741507805,0.008722986247544204,0.933145773878055
15-1111.00,Computer and Information Research Scientists,Computer and Mathematical Occupations,302483.1472269231,6165.8658,11.85743423076923,25510.0,520.0,171130.45001923078,3488.3509999999997,56.575201490762254,56.575201490762254,0.020384163073304585,2.1806059399956523
15-1121.00,Computer Systems Analysts,Computer and Mathematical Occupations,8872001.2626,59767.19134615385,15.937917692307693,556660.0,3750.0,6487509.6146,43703.80673076923,73.12340725139609,73.12340725139607,0.006736607624043402,0.7206519368777591
15-1121.01,Informatics Nurse Specialists,Computer and Mathematical Occupations,8612704.3244,58020.40961538462,15.472109230769231,556660.0,3750.0,4330508.422900001,29172.93605769231,50.28047242527025,50.28047242527025,0.0067366076240434015,0.720651936877759
15-1122.00,Information Security Analysts,Computer and Mathematical Occupations,1186386.409323077,4805.345492307692,13.348181923076922,88880.0,360.0,642582.402,2602.719,54.16299419399467,54.16299419399467,0.004050405040504051,0.43329408516547974
15-1131.00,Computer Programmers,Computer and Mathematical Occupations,8788976.654946154,111448.91273461538,30.36755115384615,289420.0,3670.0,7212671.9975,91460.52875,82.06498072151483,82.06498072151483,0.012680533480754612,1.3565063491205953
15-1132.00,"Software Developers, Applications",Computer and Mathematical Occupations,10410163.942092307,122795.18806153846,13.922356923076924,747730.0,8820.0,8857054.24668077,104475.16945384616,85.08083346188512,85.0808334618851,0.011795701657015233,1.2618510265643241
15-1133.00,"Software Developers, Systems Software",Computer and Mathematical Occupations,5820062.99625,43939.055250000005,14.894594999999999,390750.0,2950.0,4025898.4523076927,30393.85907692308,69.17276419347473,69.17276419347472,0.007549584133077415,0.8076205015571772
15-1134.00,Web Developers,Computer and Mathematical Occupations,2838025.023657692,41765.22227307692,22.33434346153846,127070.0,1870.0,2079492.9257999999,30602.4378,73.27253665719678,73.27253665719678,0.014716298103407572,1.5742832778385418
15-1141.00,Database Administrators,Computer and Mathematical Occupations,622563.4862192308,4924.911115384615,5.4721234615384615,113770.0,900.0,404278.5882038461,3198.1254230769227,64.93772878634302,64.93772878634303,0.007910697020304122,0.8462507315089179
15-1142.00,Network and Computer Systems Administrators,Computer and Mathematical Occupations,6622463.329969231,65962.90381538462,17.684424615384614,374480.0,3730.0,4096151.6831076923,40799.630896153845,61.852387533367036,61.852387533367036,0.009960478530228583,1.0655271236845776
15-1143.01,Telecommunications Engineering Specialists,Computer and Mathematical Occupations,1687636.2514615383,9439.711638461536,11.51184346153846,146600.0,820.0,734874.2246153846,4110.483384615384,43.54458633956007,43.54458633956007,0.005593451568894952,0.5983622517317801
15-1151.00,Computer User Support Specialists,Computer and Mathematical Occupations,17827398.588623077,236455.42858461538,30.471060384615384,585060.0,7760.0,10007666.422061538,132737.6532923077,56.13643725029034,56.13643725029034,0.01326359689604485,1.4188798467326278
15-1152.00,Computer Network Support Specialists,Computer and Mathematical Occupations,5684540.9049615385,54513.937269230766,30.798834615384614,184570.0,1770.0,2686001.0675,25758.3675,47.25097615456729,47.25097615456729,0.009589857506637049,1.025879756136318
15-1199.01,Software Quality Assurance Engineers and Testers,Computer and Mathematical Occupations,6199065.100146154,72711.42303076922,27.752451538461536,223370.0,2620.0,2982196.1172499997,34979.4235,48.10719147278658,48.107191472786596,0.011729417558311323,1.254760252278364
15-1199.02,Computer Systems Engineers/Architects,Computer and Mathematical Occupations,2600813.835603846,30506.031469230766,11.64352346153846,223370.0,2620.0,1882793.8915961536,22084.07573076923,72.3924898361291,72.3924898361291,0.011729417558311323,1.254760252278364
15-1199.03,Web Administrators,Computer and Mathematical Occupations,4251294.851515384,49865.21247692307,19.032523846153843,223370.0,2620.0,1829862.5899884615,21463.222392307693,43.04247656066957,43.04247656066957,0.011729417558311323,1.254760252278364
15-1199.04,Geospatial Information Scientists and Technologists,Computer and Mathematical Occupations,5074154.45005,59516.876299999996,22.716365,223370.0,2620.0,2507719.0615884615,29414.083992307693,49.42141762286623,49.42141762286623,0.011729417558311323,1.254760252278364
15-1199.05,Geographic Information Systems Technicians,Computer and Mathematical Occupations,5475367.863942308,64222.87596153847,24.51254807692308,223370.0,2620.0,3716965.288884616,43597.83792307693,67.8852157744954,67.8852157744954,0.011729417558311321,1.2547602522783639
15-1199.06,Database Architects,Computer and Mathematical Occupations,1821319.6325153846,21363.018476923076,8.153823846153847,223370.0,2620.0,1216476.2846384614,14268.558292307693,66.79092801291627,66.79092801291627,0.011729417558311323,1.254760252278364
15-1199.08,Business Intelligence Analysts,Computer and Mathematical Occupations,2222632.3601461537,26070.183030769233,9.95045153846154,223370.0,2620.0,1562326.1553576924,18325.17583846154,70.29170380903473,70.29170380903471,0.011729417558311321,1.2547602522783639
15-1199.09,Information Technology Project Managers,Computer and Mathematical Occupations,3034866.1618692307,35597.21244615384,13.586722307692307,223370.0,2620.0,681715.360173077,7996.124115384616,22.462781678424847,22.46278167842485,0.011729417558311321,1.2547602522783639
15-1199.10,Search Marketing Strategists,Computer and Mathematical Occupations,3575347.935680769,41936.74885384615,16.006392692307692,223370.0,2620.0,2726541.162476923,31980.739784615384,76.25946373685647,76.25946373685649,0.011729417558311323,1.254760252278364
15-1199.11,Video Game Designers,Computer and Mathematical Occupations,4923967.592707692,57755.271938461534,22.04399692307692,223370.0,2620.0,1678770.6545884614,19691.00199230769,34.09386075315952,34.09386075315952,0.011729417558311321,1.2547602522783639
15-1199.12,Document Management Specialists,Computer and Mathematical Occupations,4160158.087373077,48796.23131538461,18.62451576923077,223370.0,2620.0,1871679.429953846,21953.709569230767,44.99058426733283,44.990584267332835,0.011729417558311321,1.2547602522783639
15-2011.00,Actuaries,Computer and Mathematical Occupations,157641.49373076923,1116.3282307692307,7.973773076923076,19770.0,140.0,90174.65026153845,638.5660615384614,57.202357150678104,57.202357150678104,0.007081436519979767,0.757540178796591
15-2021.00,Mathematicians,Computer and Mathematical Occupations,35166.844896153845,332.80925769230765,11.093641923076921,3170.0,30.0,28983.11126538461,274.2881192307692,82.41601244288611,82.41601244288613,0.00946372239747634,1.012386390365611
15-2031.00,Operations Research Analysts,Computer and Mathematical Occupations,568835.0465923076,3975.792626923077,5.934018846153846,95860.0,670.0,454887.0019769231,3179.368780769231,79.96817437708744,79.96817437708742,0.0069893594825787605,0.7476901921195914
15-2041.00,Statisticians,Computer and Mathematical Occupations,202733.4801846154,950.2071384615384,6.787193846153846,29870.0,140.0,155723.21255,729.8711,76.81178876236605,76.81178876236605,0.004686976899899564,0.501391675085658
15-2041.01,Biostatisticians,Computer and Mathematical Occupations,319694.4626653846,1498.4005615384615,10.702861153846154,29870.0,140.0,160528.3764730769,752.3927923076923,50.21306128817675,50.21306128817675,0.004686976899899565,0.5013916750856581
15-2041.02,Clinical Data Managers,Computer and Mathematical Occupations,243427.60994615383,1140.9395846153845,8.149568461538461,29870.0,140.0,99086.18856923076,464.41467692307685,40.704580959879046,40.704580959879046,0.004686976899899564,0.501391675085658
17-1011.00,"Architects, Except Landscape and Naval",Architecture and Engineering Occupations,2674719.885369231,17694.47640769231,28.53947807692308,93720.0,620.0,1547453.2021384616,10237.099715384617,57.854776143216355,57.854776143216355,0.006615450277422109,0.7076910697199359
17-1012.00,Landscape Architects,Architecture and Engineering Occupations,225519.24766153845,2958.3756,11.378367692307691,19820.0,260.0,82613.47243846154,1083.7287,36.63255943565787,36.63255943565786,0.013118062563067606,1.4033112393867075
17-1021.00,Cartographers and Photogrammetrists,Architecture and Engineering Occupations,442398.50719615386,7022.198526923077,36.958939615384615,11970.0,190.0,105851.00464615383,1680.1746769230767,23.92661885706157,23.92661885706157,0.015873015873015872,1.6980237341052837
17-1022.00,Surveyors,Architecture and Engineering Occupations,917396.9054999999,12972.00075,21.265575,43140.0,610.0,24337.630107692305,344.1343153846153,2.652900828614394,2.6529008286143934,0.014140009272137226,1.5126344947071408
17-1022.01,Geodetic Surveyors,Architecture and Engineering Occupations,437122.78647692304,6180.920253846154,10.132656153846154,43140.0,610.0,0.0,0.0,0.0,0.0,,
17-2011.00,Aerospace Engineers,Architecture and Engineering Occupations,781141.0085692307,9796.333938461537,11.662302307692308,66980.0,840.0,218431.46633846153,2739.3614769230767,27.963128800336495,27.963128800336495,0.012541057031949835,1.3415857869341836
17-2021.00,Agricultural Engineers,Architecture and Engineering Occupations,30973.338815384617,797.5967076923076,13.293278461538462,2330.0,60.0,3507.584688461538,90.32406923076923,11.324528845173457,11.324528845173461,0.025751072961373394,2.754733783226598
17-2031.00,Biomedical Engineers,Architecture and Engineering Occupations,401633.8235615385,8074.973953846154,19.226128461538462,20890.0,420.0,149140.1376923077,2998.5092307692307,37.133361022681996,37.133361022681996,0.020105313547151744,2.1507758738356055
17-2041.00,Chemical Engineers,Architecture and Engineering Occupations,146360.4339576923,1362.337269230769,4.54112423076923,32230.0,300.0,47644.84043846154,443.48284615384614,32.553087709642895,32.553087709642895,0.009308098045299409,0.995738398218736
17-2051.00,Civil Engineers,Architecture and Engineering Occupations,1562647.2491,18056.09626153846,5.678017692307692,275210.0,3180.0,386005.20615,4460.217853846153,24.702005290849748,24.702005290849744,0.011554812688492422,1.2360818098566642
17-2051.01,Transportation Engineers,Architecture and Engineering Occupations,2402452.0459999996,27759.883384615383,8.729523076923076,275210.0,3180.0,1193666.0043,13792.587092307693,49.68532072419147,49.68532072419147,0.011554812688492426,1.2360818098566644
17-2061.00,Computer Hardware Engineers,Architecture and Engineering Occupations,1061808.0619153846,10132.450729230768,13.995097692307692,75870.0,724.0,282711.7839115384,2697.8164169230768,26.625507382337783,26.625507382337783,0.009542638724133386,1.0208285034929512
17-2071.00,Electrical Engineers,Architecture and Engineering Occupations,2480878.1423692307,20421.608630769228,13.892250769230769,178580.0,1470.0,1250212.0677384615,10291.251761538462,50.3939329540996,50.3939329540996,0.008231604882965619,0.8805800090463118
17-2072.00,"Electronics Engineers, Except Computer",Architecture and Engineering Occupations,1583065.5402115383,21163.665173076923,11.692632692307692,135390.0,1810.0,502682.7094269231,6720.257803846153,31.75375223945256,31.753752239452552,0.013368786468719994,1.4301325533645433
17-2072.01,Radio Frequency Identification Device Specialists,Architecture and Engineering Occupations,2731635.826084615,36518.65606923077,20.176053076923075,135390.0,1810.0,197305.30504615384,2637.732492307692,7.222972519325939,7.222972519325937,0.013368786468719994,1.4301325533645433
17-2081.00,Environmental Engineers,Architecture and Engineering Occupations,347301.81769230764,2575.0514999999996,6.6026961538461535,52600.0,390.0,63463.29592307692,470.54535000000004,18.273240360435512,18.273240360435512,0.007414448669201522,0.7931643183833998
17-2081.01,Water/Wastewater Engineers,Architecture and Engineering Occupations,349531.8958461538,2591.5862999999995,6.645093076923076,52600.0,390.0,45812.4353076923,339.67395,13.106796790830389,13.10679679083039,0.007414448669201522,0.7931643183833998
17-2111.01,Industrial Safety and Health Engineers,Architecture and Engineering Occupations,147405.73026923076,1302.379946153846,5.919908846153845,24900.0,220.0,10990.208769230769,97.10224615384615,7.455754093926732,7.455754093926732,0.008835341365461848,0.9451650182610135
17-2111.02,Fire-Prevention and Protection Engineers,Architecture and Engineering Occupations,143766.71976923078,1270.2280461538462,5.773763846153846,24900.0,220.0,14284.526653846155,126.20866923076923,9.935906360509003,9.935906360509001,0.008835341365461847,0.9451650182610134
17-2111.03,Product Safety Engineers,Architecture and Engineering Occupations,33092.69376923076,292.3852461538461,1.329023846153846,24900.0,220.0,9269.752846153844,81.90143076923076,28.011478638746425,28.01147863874643,0.008835341365461848,0.9451650182610135
17-2112.00,Industrial Engineers,Architecture and Engineering Occupations,5435550.939015385,42374.331753846156,21.955612307692306,247570.0,1930.0,2586786.5633846154,20166.005846153847,47.59014481525943,47.59014481525943,0.007795774932342368,0.8339568842342023
17-2112.01,Human Factors Engineers and Ergonomists,Architecture and Engineering Occupations,5417024.799819231,42229.90614230769,21.880780384615385,247570.0,1930.0,809046.1910615384,6307.142015384615,14.935249901173368,14.935249901173368,0.0077957749323423675,0.8339568842342023
17-2121.01,Marine Engineers,Architecture and Engineering Occupations,47921.14815384615,453.9898246153846,6.30541423076923,7600.0,72.0,8509.795999999998,80.61911999999998,17.757913422024306,17.757913422024306,0.009473684210526315,1.0134520602502062
17-2121.02,Marine Architects,Architecture and Engineering Occupations,34119.39907692308,323.2364123076923,4.489394615384615,7600.0,72.0,0.0,0.0,0.0,0.0,,
17-2131.00,Materials Engineers,Architecture and Engineering Occupations,254961.76159999997,3865.9142846153845,9.42905923076923,27040.0,410.0,36306.7536,550.5092076923077,14.240077952144178,14.240077952144176,0.015162721893491125,1.6220396838735016
17-2141.00,Mechanical Engineers,Architecture and Engineering Occupations,9957281.526023077,115907.13567692308,35.77380730769231,278340.0,3240.0,2780042.5772769228,32360.91812307692,27.919694446836306,27.919694446836314,0.01164043974994611,1.2452418071623574
17-2141.01,Fuel Cell Engineers,Architecture and Engineering Occupations,1844185.9902923075,21467.135907692304,6.62565923076923,278340.0,3240.0,34165.16446153845,397.69753846153833,1.8525877889422206,1.8525877889422206,0.01164043974994611,1.2452418071623574
17-2141.02,Automotive Engineers,Architecture and Engineering Occupations,5522387.748438461,64283.02186153846,19.840438846153845,278340.0,3240.0,1564919.4392538462,18216.350446153843,28.337731983712132,28.33773198371213,0.011640439749946108,1.2452418071623572
17-2151.00,"Mining and Geological Engineers, Including Mining Safety Engineers",Architecture and Engineering Occupations,114421.53846153845,2431.457692307692,14.302692307692308,8000.0,170.0,0.0,0.0,0.0,0.0,,
17-2161.00,Nuclear Engineers,Architecture and Engineering Occupations,168364.17138461536,1605.8431038461538,9.974180769230768,16880.0,161.0,66977.34695384615,638.8242215384615,39.781235166026754,39.78123516602675,0.009537914691943128,1.0203231478098278
17-2171.00,Petroleum Engineers,Architecture and Engineering Occupations,397906.4276153846,2990.0483,11.500185769230768,34600.0,260.0,33124.41646153846,248.91179999999997,8.324674889031057,8.324674889031055,0.007514450867052023,0.803862103024409
17-2199.01,Biochemical Engineers,Architecture and Engineering Occupations,2622238.543176923,11704.555907692307,20.90099269230769,125460.0,560.0,1320576.953053846,5894.493015384615,50.36067204831512,50.36067204831512,0.004463574047505182,0.47749304431081163
17-2199.02,Validation Engineers,Architecture and Engineering Occupations,962738.1074076922,4297.25283076923,7.673665769230769,125460.0,560.0,184521.4530923077,823.6251692307692,19.166318614847153,19.166318614847153,0.004463574047505181,0.4774930443108115
17-2199.03,Energy Engineers,Architecture and Engineering Occupations,746406.9951230768,3331.642892307692,5.949362307692307,125460.0,560.0,356805.44127692305,1592.6275076923077,47.80306771081219,47.80306771081219,0.004463574047505182,0.47749304431081163
17-2199.04,Manufacturing Engineers,Architecture and Engineering Occupations,1464475.181953846,6536.7934153846145,11.672845384615384,125460.0,560.0,366481.9298076923,1635.8192307692307,25.02479620847834,25.02479620847834,0.004463574047505181,0.4774930443108115
17-2199.05,Mechatronics Engineers,Architecture and Engineering Occupations,2617131.3078461536,11681.759384615385,20.860284615384614,125460.0,560.0,892151.2714153847,3982.183261538462,34.08889988594448,34.08889988594447,0.004463574047505181,0.4774930443108115
17-2199.07,Photonics Engineers,Architecture and Engineering Occupations,1443582.1833923077,6443.535969230769,11.506314230769231,125460.0,560.0,855512.6568230769,3818.644092307692,59.26317646929443,59.26317646929443,0.004463574047505181,0.4774930443108115
17-2199.08,Robotics Engineers,Architecture and Engineering Occupations,1555789.602323077,6944.382092307692,12.400682307692307,125460.0,560.0,595534.8308538462,2658.2138153846154,38.27862263410196,38.278622634101964,0.004463574047505181,0.4774930443108115
17-2199.09,Nanosystems Engineers,Architecture and Engineering Occupations,1604945.3611153844,7163.792461538461,12.792486538461537,125460.0,560.0,639098.6926846154,2852.664338461538,39.82058879814219,39.820588798142175,0.004463574047505181,0.4774930443108115
17-2199.10,Wind Energy Engineers,Architecture and Engineering Occupations,1322288.420469231,5902.132276923077,10.539521923076924,125460.0,560.0,33555.09731538462,149.77566153846155,2.537653419325654,2.537653419325654,0.004463574047505181,0.4774930443108115
17-2199.11,Solar Energy Systems Engineers,Architecture and Engineering Occupations,679035.8919461538,3030.9269846153843,5.412369615384615,125460.0,560.0,0.0,0.0,0.0,0.0,,
17-3011.01,Architectural Drafters,Architecture and Engineering Occupations,1931379.6164307692,33851.84676153846,20.27056692307692,95280.0,1670.0,380046.3409846154,6661.181669230768,19.67745427938963,19.67745427938963,0.017527287993282955,1.8749903134468608
17-3011.02,Civil Drafters,Architecture and Engineering Occupations,2127378.3820615388,37287.17357307692,22.327648846153846,95280.0,1670.0,100920.75923076924,1768.8672115384618,4.743902640064052,4.743902640064053,0.017527287993282955,1.8749903134468608
17-3012.01,Electronic Drafters,Architecture and Engineering Occupations,774743.2386153846,4775.814484615385,26.53230269230769,29200.0,180.0,310631.9921538462,1914.8547461538462,40.09483099316948,40.094830993169474,0.0061643835616438354,0.6594379844093807
17-3012.02,Electrical Drafters,Architecture and Engineering Occupations,801968.1281538461,4943.639146153846,27.464661923076925,29200.0,180.0,158714.65707692306,978.378023076923,19.79064398011537,19.79064398011537,0.0061643835616438354,0.6594379844093807
17-3013.00,Mechanical Drafters,Architecture and Engineering Occupations,1639692.045,15328.9218,25.129379999999998,65250.0,610.0,300260.2474038462,2807.0306653846155,18.311990249598743,18.31199024959874,0.009348659003831417,1.0000774268454566
17-3021.00,Aerospace Engineering and Operations Technicians,Architecture and Engineering Occupations,234474.29566153846,1819.0403076923078,18.190403076923076,12890.0,100.0,22596.427800000005,175.30200000000002,9.637059676945462,9.63705967694546,0.007757951900698215,0.8299107466922643
17-3022.00,Civil Engineering Technicians,Architecture and Engineering Occupations,1499518.6208615387,13223.638453846155,20.989902307692308,71440.0,630.0,1008518.1228000001,8893.70685,67.2561253171076,67.2561253171076,0.008818589025755878,0.943372928424394
17-3023.01,Electronics Engineering Technicians,Architecture and Engineering Occupations,2006552.6284615383,21496.717115384614,14.427326923076922,139080.0,1490.0,724117.9872923077,7757.663223076923,36.08766483476202,36.08766483476202,0.010713258556226632,1.1460561397789977
17-3023.03,Electrical Engineering Technicians,Architecture and Engineering Occupations,2406207.620723077,25778.32438076923,17.300888846153846,139080.0,1490.0,579664.5245076923,6210.095926923077,24.090378549025637,24.09037854902564,0.010713258556226632,1.1460561397789977
17-3024.00,Electro-Mechanical Technicians,Architecture and Engineering Occupations,458111.40135384613,5913.122707692308,31.12169846153846,14720.0,190.0,180630.59766153846,2331.5090730769234,39.429404535168736,39.429404535168736,0.012907608695652176,1.3807978326929518
17-3024.01,Robotics Technicians,Architecture and Engineering Occupations,126176.94695384614,1628.6426576923077,8.571803461538462,14720.0,190.0,38871.85132307692,501.74264615384607,30.80741154507069,30.807411545070686,0.012907608695652174,1.3807978326929515
17-3025.00,Environmental Engineering Technicians,Architecture and Engineering Occupations,353127.16470769234,4475.113838461539,20.341426538461537,17360.0,220.0,60349.25572307693,764.7947153846154,17.089949954156648,17.089949954156644,0.012672811059907833,1.3556802393259926
17-3026.00,Industrial Engineering Technicians,Architecture and Engineering Occupations,848176.073426923,9803.92956923077,13.616568846153847,62290.0,720.0,190837.8490423077,2205.863723076923,22.499791614170057,22.499791614170057,0.011558837694654038,1.2365123868841816
17-3027.00,Mechanical Engineering Technicians,Architecture and Engineering Occupations,789992.7586423077,7914.464357692308,16.151968076923076,48910.0,490.0,117732.65305384618,1179.4929461538463,14.90300408021247,14.90300408021247,0.01001840114496013,1.0717234240815807
17-3029.01,Non-Destructive Testing Specialists,Architecture and Engineering Occupations,3268520.2553846156,37882.496246153845,46.19816615384615,70750.0,820.0,1173151.2476923077,13596.947323076924,35.89242703206867,35.892427032068674,0.011590106007067138,1.239857330090162
17-3029.02,Electrical Engineering Technologists,Architecture and Engineering Occupations,831225.4502884615,9633.991084615383,11.748769615384616,70750.0,820.0,200578.5629807692,2324.7268076923074,24.13046459431218,24.130464594312183,0.011590106007067138,1.239857330090162
17-3029.03,Electromechanical Engineering Technologists,Architecture and Engineering Occupations,988075.9145192308,11451.904592307692,13.965737307692308,70750.0,820.0,234411.21298076925,2716.850807692308,23.72400840221138,23.724008402211382,0.011590106007067138,1.239857330090162
17-3029.04,Electronics Engineering Technologists,Architecture and Engineering Occupations,1177227.2640384615,13644.188784615384,16.639254615384615,70750.0,820.0,506803.3389423077,5873.904423076923,43.05059476822903,43.05059476822903,0.011590106007067138,1.239857330090162
17-3029.05,Industrial Engineering Technologists,Architecture and Engineering Occupations,992641.8474038461,11504.824238461539,14.030273461538462,70750.0,820.0,271181.59346153843,3143.023415384615,27.3191780268771,27.319178026877093,0.011590106007067138,1.239857330090162
17-3029.06,Manufacturing Engineering Technologists,Architecture and Engineering Occupations,1152262.6367307692,13354.846107692307,16.28639769230769,70750.0,820.0,204528.34499999997,2370.5051999999996,17.750149877313852,17.750149877313852,0.011590106007067138,1.239857330090162
17-3029.07,Mechanical Engineering Technologists,Architecture and Engineering Occupations,1325157.8131730768,15358.719530769231,18.73014576923077,70750.0,820.0,435668.595,5049.4452,32.87673291959061,32.87673291959061,0.01159010600706714,1.2398573300901623
17-3029.08,Photonics Technicians,Architecture and Engineering Occupations,1472393.8422115385,17065.200715384613,20.811220384615382,70750.0,820.0,78707.66067307691,912.2301307692308,5.345557582260589,5.34555758226059,0.01159010600706714,1.2398573300901623
17-3029.09,Manufacturing Production Technicians,Architecture and Engineering Occupations,2454967.855769231,28453.337692307694,34.69919230769231,70750.0,820.0,381440.76086538465,4420.9388538461535,15.537505306596586,15.537505306596582,0.011590106007067136,1.2398573300901619
17-3031.01,Surveying Technicians,Architecture and Engineering Occupations,2632337.8701846153,18164.211338461537,49.092463076923075,53620.0,370.0,0.0,0.0,0.0,0.0,,
17-3031.02,Mapping Technicians,Architecture and Engineering Occupations,2467612.7756,17027.5406,46.02038,53620.0,370.0,0.0,0.0,0.0,0.0,,
19-1011.00,Animal Scientists,"Life, Physical, and Social Science Occupations",10792.570223076922,102.15189923076922,4.441386923076923,2430.0,23.0,4597.259988461538,43.51316038461538,42.5965260678274,42.5965260678274,0.009465020576131687,1.0125252636701878
19-1012.00,Food Scientists and Technologists,"Life, Physical, and Social Science Occupations",105363.4724,718.7139999999999,7.187139999999999,14660.0,100.0,49555.47992307692,338.0319230769231,47.03288416211777,47.032884162117774,0.0068212824010914054,0.7297100630875367
19-1013.00,Soil and Plant Scientists,"Life, Physical, and Social Science Occupations",141061.14024230768,675.8576192307692,9.655108846153844,14610.0,70.0,38544.34924615384,184.67518461538458,27.324569459699756,27.32456945969975,0.004791238877481177,0.5125451517730528
19-1020.01,Biologists,"Life, Physical, and Social Science Occupations",1682235.9168576922,16035.435041538462,16.497361153846153,101970.0,972.0,364256.0182038461,3472.166810769231,21.653087688452924,21.653087688452924,0.009532215357458077,1.019713458680702
19-1021.00,Biochemists and Biophysicists,"Life, Physical, and Social Science Occupations",364381.86399999994,2721.0334,11.83058,30800.0,230.0,211623.25799999997,1580.3035499999996,58.07733010554005,58.077330105540035,0.0074675324675324666,0.7988429839995311
19-1022.00,Microbiologists,"Life, Physical, and Social Science Occupations",772980.5193923077,6559.947830769232,36.44415461538462,21210.0,180.0,305615.41209230776,2593.6244307692314,39.53727221128066,39.53727221128066,0.008486562942008486,0.9078542736800528
19-1023.00,Zoologists and Wildlife Biologists,"Life, Physical, and Social Science Occupations",200478.7399153846,3134.229323076923,11.193676153846154,17910.0,280.0,9314.825676923077,145.6254153846154,4.646291013627957,4.646291013627957,0.015633724176437745,1.672425386354953
19-1029.01,Bioinformatics Scientists,"Life, Physical, and Social Science Occupations",409323.5795576923,2809.7094384615384,12.771406538461537,32050.0,220.0,280560.59665384615,1925.844969230769,68.54249563560812,68.5424956356081,0.006864274570982838,0.7343091717534862
19-1029.02,Molecular and Cellular Biologists,"Life, Physical, and Social Science Occupations",844813.5310576922,5799.032038461539,26.359236538461538,32050.0,220.0,197982.55128846155,1359.0065923076922,23.435059218404177,23.435059218404174,0.006864274570982838,0.7343091717534862
19-1029.03,Geneticists,"Life, Physical, and Social Science Occupations",728633.7972692308,5001.542446153846,22.734283846153847,32050.0,220.0,318595.9218269231,2186.9298846153847,43.725108967077134,43.72510896707714,0.006864274570982839,0.7343091717534862
19-1031.01,Soil and Water Conservationists,"Life, Physical, and Social Science Occupations",271648.0772307692,3630.939646153846,13.447924615384615,20200.0,270.0,9306.03123076923,124.38754615384613,3.4257673846384757,3.4257673846384757,0.013366336633663366,1.4298704810460832
19-1031.02,Range Managers,"Life, Physical, and Social Science Occupations",92813.14976923076,1240.5718038461537,4.594710384615384,20200.0,270.0,0.0,0.0,0.0,0.0,,
19-1031.03,Park Naturalists,"Life, Physical, and Social Science Occupations",315821.02546153846,4221.370142307693,15.63470423076923,20200.0,270.0,1426.3763846153845,19.065426923076924,0.4516407299136873,0.4516407299136873,0.013366336633663368,1.4298704810460832
19-1032.00,Foresters,"Life, Physical, and Social Science Occupations",75977.97513076922,619.1453153846153,8.844933076923077,8590.0,70.0,0.0,0.0,0.0,0.0,,
19-1041.00,Epidemiologists,"Life, Physical, and Social Science Occupations",58003.799699999996,552.41714,10.623406538461538,5460.0,52.0,13200.965399999997,125.72347999999998,22.758794196718803,22.758794196718803,0.009523809523809525,1.0188142404631704
19-1042.00,"Medical Scientists, Except Epidemiologists","Life, Physical, and Social Science Occupations",2270704.995784615,12827.613438461538,21.74171769230769,104440.0,590.0,1113103.3233384616,6288.117203846155,49.02016446015005,49.02016446015005,0.0056491765607047115,0.6043234603283552
19-2011.00,Astronomers,"Life, Physical, and Social Science Occupations",14155.541907692308,136.72966615384615,8.042921538461538,1760.0,17.0,11111.0736,107.32287,78.4927463212277,78.4927463212277,0.009659090909090909,1.0332860336515677
19-2012.00,Physicists,"Life, Physical, and Social Science Occupations",288656.07588461536,2748.2271761538464,18.444477692307693,15650.0,149.0,70414.29178846155,670.3980496153847,24.39383670434441,24.393836704344405,0.00952076677316294,1.0184887407058338
19-2021.00,Atmospheric and Space Scientists,"Life, Physical, and Social Science Occupations",420807.7956846154,5275.3147,40.57934384615385,10370.0,130.0,158495.0480923077,1986.9195999999997,37.664475258698786,37.66447525869878,0.012536162005785919,1.3410621390860435
19-2031.00,Chemists,"Life, Physical, and Social Science Occupations",1667953.1531076925,15553.387523076924,19.687832307692307,84720.0,790.0,963958.888246154,8988.757338461539,57.79292340735876,57.79292340735874,0.009324834749763927,0.9975288154676578
19-2032.00,Materials Scientists,"Life, Physical, and Social Science Occupations",57579.16605,423.99975,8.479995,6790.0,50.0,24044.471176923074,177.05796153846154,41.758977815072186,41.75897781507219,0.007363770250368189,0.7877429694302864
19-2041.00,"Environmental Scientists and Specialists, Including Health","Life, Physical, and Social Science Occupations",733190.5760576923,5378.131446153846,8.403330384615384,87250.0,640.0,288744.61307692307,2118.0120615384612,39.38193186135589,39.38193186135588,0.0073352435530085955,0.784691311852436
19-2041.01,Climate Change Analysts,"Life, Physical, and Social Science Occupations",372197.89576923073,2730.162215384615,4.2658784615384615,87250.0,640.0,155327.685,1139.3663999999999,41.73255323729877,41.73255323729877,0.0073352435530085955,0.784691311852436
19-2041.02,Environmental Restoration Planners,"Life, Physical, and Social Science Occupations",453240.1253846153,3324.6267076923073,5.19472923076923,87250.0,640.0,9201.317884615379,67.49390769230764,2.0301198789068433,2.0301198789068433,0.0073352435530085955,0.784691311852436
19-2041.03,Industrial Ecologists,"Life, Physical, and Social Science Occupations",1577810.5097115384,11573.624369230769,18.083788076923074,87250.0,640.0,281524.4071153846,2065.0500923076925,17.842726067711006,17.842726067711013,0.007335243553008597,0.7846913118524362
19-2042.00,"Geoscientists, Except Hydrologists and Geographers","Life, Physical, and Social Science Occupations",373451.3356153846,2818.500646153846,11.743752692307693,31800.0,240.0,73378.19423076924,553.7976923076923,19.64866295359592,19.648662953595917,0.007547169811320754,0.8073622282915689
19-2043.00,Hydrologists,"Life, Physical, and Social Science Occupations",88489.4521,1344.8245,13.448244999999998,6580.0,100.0,24500.95393846154,372.35492307692306,27.687993717910636,27.68799371791063,0.01519756838905775,1.6257674049944206
19-2099.01,Remote Sensing Scientists and Technologists,"Life, Physical, and Social Science Occupations",184214.71267307692,958.9975576923076,8.718159615384614,21130.0,110.0,10327.693846153847,53.76461538461539,5.606334964396818,5.606334964396818,0.005205868433506862,0.5569003538736212
19-3011.00,Economists,"Life, Physical, and Social Science Occupations",148401.99618846155,466.42848461538466,7.773808076923077,19090.0,60.0,98969.67469615384,311.0623615384616,66.69025837797246,66.69025837797247,0.0031430068098480886,0.336224710053325
19-3011.01,Environmental Economists,"Life, Physical, and Social Science Occupations",140429.23390384615,441.37003846153846,7.356167307692307,19090.0,60.0,43295.76756923077,136.07889230769229,30.831021693727944,30.831021693727944,0.0031430068098480877,0.3362247100533249
19-3022.00,Survey Researchers,"Life, Physical, and Social Science Occupations",162725.26725,1430.5518,11.921265,13650.0,120.0,102470.40299999999,900.8387076923076,62.97141478500168,62.97141478500168,0.008791208791208791,0.9404439142736957
19-3031.01,School Psychologists,"Life, Physical, and Social Science Occupations",2140664.307692308,28177.304807692308,20.271442307692308,105600.0,1390.0,519657.68123076914,6840.191069230768,24.275533504408905,24.27553350440891,0.013162878787878788,1.4081054772310577
19-3031.02,Clinical Psychologists,"Life, Physical, and Social Science Occupations",4583711.575384616,60334.839865384616,43.406359615384616,105600.0,1390.0,2443385.025230769,32161.98091923077,53.30581964083869,53.305819640838706,0.01316287878787879,1.408105477231058
19-3031.03,Counseling Psychologists,"Life, Physical, and Social Science Occupations",3226104.0443076924,42464.81649230769,30.550227692307693,105600.0,1390.0,2067696.8603076926,27216.843142307695,64.09268987948623,64.09268987948624,0.013162878787878788,1.4081054772310577
19-3032.00,Industrial-Organizational Psychologists,"Life, Physical, and Social Science Occupations",12028.431842307693,109.34938038461539,12.149931153846154,990.0,9.0,7685.170096153846,69.86518269230768,63.89170422966309,63.891704229663084,0.00909090909090909,0.9725045022602989
19-3039.01,Neuropsychologists and Clinical Neuropsychologists,"Life, Physical, and Social Science Occupations",245384.592,1187.3448,19.78908,12400.0,60.0,29760.76784615385,144.0037153846154,12.128213757673036,12.128213757673034,0.004838709677419354,0.5176233641062881
19-3041.00,Sociologists,"Life, Physical, and Social Science Occupations",18337.807261538463,174.97907692307692,6.999163076923077,2620.0,25.0,12981.208192307693,123.86649038461539,70.78931524999912,70.78931524999913,0.009541984732824428,1.020758542448787
19-3051.00,Urban and Regional Planners,"Life, Physical, and Social Science Occupations",224928.6259076923,2916.211046153846,6.3395892307692305,35480.0,460.0,90899.5826,1178.5176999999999,40.41263411145542,40.41263411145542,0.012965050732807215,1.3869427230657025
19-3091.01,Anthropologists,"Life, Physical, and Social Science Occupations",75162.54876153845,1292.1928153846152,10.76827346153846,6980.0,120.0,47956.712830769226,824.4707076923077,63.80400029131161,63.80400029131161,0.017191977077363897,1.8391202621541471
19-3091.02,Archeologists,"Life, Physical, and Social Science Occupations",109718.94215384616,1886.2855384615384,15.719046153846154,6980.0,120.0,49358.530392307686,848.5707230769231,44.98633455934887,44.986334559348876,0.017191977077363897,1.8391202621541471
19-3092.00,Geographers,"Life, Physical, and Social Science Occupations",17317.40849230769,162.3507046153846,13.529225384615383,1280.0,12.0,7323.440738461538,68.65725692307691,42.289472710160844,42.289472710160844,0.009375,1.0028952679559333
19-3093.00,Historians,"Life, Physical, and Social Science Occupations",57695.16945769231,555.8670811538461,19.167830384615385,3010.0,29.0,52424.49853846154,505.08653076923076,90.8646235572707,90.8646235572707,0.009634551495016611,1.0306609176778583
19-3094.00,Political Scientists,"Life, Physical, and Social Science Occupations",19935.716988461536,188.6500073076923,5.0986488461538455,3910.0,37.0,14316.254461538461,135.4735076923077,71.81208716909691,71.81208716909691,0.009462915601023018,1.0123000829154518
19-3099.01,Transportation Planners,"Life, Physical, and Social Science Occupations",216096.40963076922,1328.4615346153846,6.326007307692307,34160.0,210.0,88112.54049230769,541.6754538461538,40.774643430152416,40.77464343015241,0.006147540983606557,0.6576362412825792
19-4011.01,Agricultural Technicians,"Life, Physical, and Social Science Occupations",339875.62745384616,1509.8127576923077,16.775697307692308,20260.0,90.0,28215.790307692307,125.3416153846154,8.30179866649129,8.301798666491292,0.004442250740375124,0.475211972970235
19-4011.02,Food Science Technicians,"Life, Physical, and Social Science Occupations",885504.1706538462,3933.6315576923075,43.70701730769231,20260.0,90.0,281840.25744615385,1252.0050923076924,31.828224731911337,31.82822473191134,0.004442250740375124,0.475211972970235
19-4021.00,Biological Technicians,"Life, Physical, and Social Science Occupations",1696395.1686923078,14660.20516153846,23.270166923076925,72900.0,630.0,513130.9313076924,4434.464838461538,30.248313646356774,30.248313646356774,0.008641975308641974,0.9244795885684323
19-4031.00,Chemical Technicians,"Life, Physical, and Social Science Occupations",2219928.2754,31874.8386,34.27402,64770.0,930.0,1074191.616876923,15423.779584615384,48.38857312556049,48.3885731255605,0.014358499305233904,1.536007574204548
19-4041.01,Geophysical Data Technicians,"Life, Physical, and Social Science Occupations",182016.86016153847,2272.5053884615386,10.82145423076923,16820.0,210.0,25183.013976923074,314.41337307692305,13.835539166302151,13.835539166302151,0.01248513674197384,1.3356036862195544
19-4041.02,Geological Sample Test Technicians,"Life, Physical, and Social Science Occupations",223727.18026153848,2793.2644384615387,13.301259230769231,16820.0,210.0,84721.47312307692,1057.7591769230771,37.868207619671864,37.86820761967187,0.012485136741973843,1.3356036862195546
19-4051.01,Nuclear Equipment Operation Technicians,"Life, Physical, and Social Science Occupations",83257.4675,794.1481515384615,12.808841153846153,6500.0,62.0,7204.2,68.71698461538462,8.652917529589763,8.652917529589764,0.009538461538461539,1.02038164698696
19-4051.02,Nuclear Monitoring Technicians,"Life, Physical, and Social Science Occupations",182823.7075,1743.8569023076923,28.12672423076923,6500.0,62.0,13987.429999999998,133.41856307692305,7.65077472241941,7.65077472241941,0.009538461538461537,1.0203816469869598
19-4061.00,Social Science Research Assistants,"Life, Physical, and Social Science Occupations",445864.7661538461,4290.216923076923,15.889692307692307,28060.0,270.0,155349.45217692308,1494.8094115384615,34.84228043337239,34.84228043337239,0.00962223806129722,1.0293436820075152
19-4061.01,City and Regional Planning Aides,"Life, Physical, and Social Science Occupations",507992.3581923077,4888.023403846154,18.103790384615383,28060.0,270.0,113246.46903076922,1089.6844846153845,22.292947365144844,22.292947365144844,0.009622238061297219,1.0293436820075152
19-4091.00,"Environmental Science and Protection Technicians, Including Health","Life, Physical, and Social Science Occupations",487249.14153846155,4267.875692307693,14.226252307692308,34250.0,300.0,163813.3501923077,1434.8614615384615,33.62003874959663,33.620038749596624,0.00875912408759124,0.9370116372143026
19-4092.00,Forensic Science Technicians,"Life, Physical, and Social Science Occupations",285935.11816153844,2845.1255538461537,20.322325384615382,14070.0,140.0,85584.16262307692,851.5837076923077,29.931322592815036,29.931322592815036,0.009950248756218907,1.064432788543611
19-4093.00,Forest and Conservation Technicians,"Life, Physical, and Social Science Occupations",358445.8047076923,16473.356338461537,12.024347692307693,29810.0,1370.0,18806.95701923077,864.3250961538462,5.24680628765277,5.24680628765277,0.04595773230459577,4.916351173788227
19-4099.01,Quality Control Analysts,"Life, Physical, and Social Science Occupations",2870986.9702999997,11959.12373076923,39.86374576923077,72020.0,300.0,518888.20019999996,2161.433769230769,18.07351289183244,18.073512891832436,0.004165509580672035,0.44560745035531607
19-4099.02,Precision Agriculture Technicians,"Life, Physical, and Social Science Occupations",949856.1849,3956.6350384615384,13.188783461538462,72020.0,300.0,131425.42,547.4538461538461,13.836349343120439,13.836349343120439,0.004165509580672035,0.44560745035531607
19-4099.03,Remote Sensing Technicians,"Life, Physical, and Social Science Occupations",2428997.5157,10118.012423076923,33.726708076923074,72020.0,300.0,218756.041,911.2303846153847,9.006021602988666,9.006021602988666,0.004165509580672036,0.4456074503553161
21-1011.00,Substance Abuse and Behavioral Disorder Counselors,Community and Social Service Occupations,2208118.849523077,19522.92472307692,25.354447692307694,87090.0,770.0,1115842.80225,9865.644250000001,50.53363873466352,50.53363873466352,0.008841428407394651,0.9458161825863743
21-1012.00,"Educational, Guidance, School, and Vocational Counselors",Community and Social Service Occupations,9109019.392553845,101347.09495384616,35.938686153846156,253460.0,2820.0,4950152.567569231,55075.47636923077,54.34341891527562,54.343418915275606,0.011126015939398722,1.1902110652613618
21-1013.00,Marriage and Family Therapists,Community and Social Service Occupations,1243118.8145653845,8140.160619230769,38.76266961538462,32070.0,210.0,575587.70985,3769.04955,46.301906391082596,46.301906391082596,0.006548175865294668,0.7004943561650423
21-1014.00,Mental Health Counselors,Community and Social Service Occupations,8094969.975230769,65037.590284615384,63.14329153846154,128200.0,1030.0,3379458.701846154,27151.657276923077,41.74763726347006,41.74763726347006,0.008034321372854914,0.8594755078478304
21-1015.00,Rehabilitation Counselors,Community and Social Service Occupations,2870040.8548500002,13837.646550000001,28.240095,101630.0,490.0,610899.4544500001,2945.39735,21.285392276477825,21.285392276477825,0.004821411000688773,0.5157728295958882
21-1021.00,"Child, Family, and School Social Workers",Community and Social Service Occupations,12368140.431015383,67711.86783846153,42.057060769230766,294080.0,1610.0,1201484.3124923077,6577.767080769231,9.714348888531093,9.714348888531093,0.0054747007616974975,0.5856588253206575
21-1022.00,Healthcare Social Workers,Community and Social Service Occupations,6030081.107592308,42244.28566923077,38.756225384615384,155590.0,1090.0,1178062.8503076923,8253.02723076923,19.536434573399454,19.536434573399454,0.00700559161899865,0.7494266329520525
21-1023.00,Mental Health and Substance Abuse Social Workers,Community and Social Service Occupations,2885875.756165385,36705.969461538465,26.218549615384617,110070.0,1400.0,1321805.9912538463,16812.286615384615,45.80259522364884,45.80259522364883,0.012719178704460796,1.3606404410655586
21-1091.00,Health Educators,Community and Social Service Occupations,344433.38305384613,2452.973546153846,5.982862307692307,57570.0,410.0,133537.53418846152,951.0229115384615,38.7702065939367,38.7702065939367,0.007121764808059754,0.761854317386477
21-1092.00,Probation Officers and Correctional Treatment Specialists,Community and Social Service Occupations,2398366.258730769,14998.310884615385,27.269656153846153,87950.0,550.0,0.0,0.0,0.0,0.0,,
21-1093.00,Social and Human Service Assistants,Community and Social Service Occupations,6088789.221096153,89294.33475769231,16.943896538461537,359350.0,5270.0,84890.21798076923,1244.9462884615384,1.3942052335568713,1.394205233556871,0.014665368025601781,1.568835007542216
21-1094.00,Community Health Workers,Community and Social Service Occupations,1604564.2894576923,20002.879153846156,33.33813192307692,48130.0,600.0,123294.0471423077,1537.012846153846,7.683958065898275,7.683958065898275,0.012466237274049448,1.333581906278407
21-2011.00,Clergy,Community and Social Service Occupations,1092261.008076923,10413.265569230769,22.637533846153847,48250.0,460.0,887255.2389423077,8458.806423076923,81.23106403884577,81.23106403884577,0.009533678756476685,1.019870006515464
21-2021.00,"Directors, Religious Activities and Education",Community and Social Service Occupations,151116.8646,298.06087692307693,7.451521923076923,20280.0,40.0,101916.282,201.0183076923077,67.44203055679333,67.44203055679333,0.0019723865877712033,0.21099703204858558
23-1011.00,Lawyers,Legal Occupations,12464602.202423077,90327.647,20.43611923076923,609930.0,4420.0,6049971.676661539,43842.5308,48.53722227481471,48.53722227481471,0.0072467332316823235,0.7752228763939424
23-1012.00,Judicial Law Clerks,Legal Occupations,345818.8314230769,10926.345384615384,27.31586346153846,12660.0,400.0,209110.77092307693,6606.975384615384,60.4683007176233,60.4683007176233,0.0315955766192733,3.379952456512887
23-1021.00,"Administrative Law Judges, Adjudicators, and Hearing Officers",Legal Occupations,481837.92051923077,5284.034769230769,33.02521730769231,14590.0,160.0,140023.52958461537,1535.5561846153846,29.06029675574836,29.060296755748364,0.010966415352981495,1.1731377134874066
23-1022.00,"Arbitrators, Mediators, and Conciliators",Legal Occupations,133219.07703076923,1273.7247176923076,20.880733076923075,6380.0,61.0,67748.18202307692,647.7490757692308,50.85471505513382,50.85471505513382,0.009561128526645769,1.022806459273763
23-1023.00,"Judges, Magistrate Judges, and Magistrates",Legal Occupations,738992.4137,3055.7922,25.464935,29020.0,120.0,254205.00951538462,1051.1578615384617,34.39886591563594,34.398865915635945,0.004135079255685735,0.4423521512693297
23-2011.00,Paralegals and Legal Assistants,Legal Occupations,4958192.355376923,47224.352592307696,18.23334076923077,271930.0,2590.0,2358598.660676923,22464.496492307695,47.569728877483655,47.569728877483655,0.009524509984187107,1.0188891725589644
23-2091.00,Court Reporters,Legal Occupations,412559.7852461538,3945.8179800000003,23.348035384615386,17670.0,169.0,107880.84129230768,1031.79752,26.1491413245575,26.1491413245575,0.009564233163554047,1.023138579344593
23-2093.00,"Title Examiners, Abstractors, and Searchers",Legal Occupations,2967554.8083846155,27165.459615384614,54.33091923076923,54620.0,500.0,121411.96196153847,1111.4240384615384,4.091313212429896,4.091313212429896,0.009154155986818015,0.9792703702730948
25-1011.00,"Business Teachers, Postsecondary",Educational Instruction and Library Occupations,1832961.30295,20728.505723076923,21.59219346153846,84890.0,960.0,1443368.90005,16322.70166153846,78.7451921503753,78.74519215037527,0.011308752503239485,1.2097593996782607
25-1021.00,"Computer Science Teachers, Postsecondary",Educational Instruction and Library Occupations,401095.41846153844,6296.817884615384,11.88078846153846,33760.0,530.0,271637.20596923074,4264.446657692307,67.72383663995363,67.72383663995363,0.01569905213270142,1.6794138768298408
25-1022.00,"Mathematical Science Teachers, Postsecondary",Educational Instruction and Library Occupations,922461.2907115385,10620.724238461538,17.130200384615385,53850.0,620.0,823626.0362884615,9482.788161538461,89.28570169629117,89.28570169629117,0.011513463324048283,1.2316584411170362
25-1031.00,"Architecture Teachers, Postsecondary",Educational Instruction and Library Occupations,146892.85664615384,1601.0120615384617,20.01265076923077,7340.0,80.0,114744.77176153846,1250.6242153846154,78.11460297075166,78.11460297075165,0.010899182561307902,1.1659454523011759
25-1032.00,"Engineering Teachers, Postsecondary",Educational Instruction and Library Occupations,478825.72294615384,4882.043861538461,12.847483846153846,37270.0,380.0,344533.12582692306,3512.814269230769,71.95376299064606,71.95376299064606,0.010195867990340756,1.0907080277563856
25-1041.00,"Agricultural Sciences Teachers, Postsecondary",Educational Instruction and Library Occupations,98542.3367076923,1526.9990192307691,10.17999346153846,9680.0,150.0,78761.22692307692,1220.4735576923076,79.92628301144065,79.92628301144066,0.015495867768595042,1.6576781288527824
25-1042.00,"Biological Science Teachers, Postsecondary",Educational Instruction and Library Occupations,756969.5677384615,8501.981976923076,14.658589615384615,51640.0,580.0,551963.8920153846,6199.43953076923,72.91758024889214,72.91758024889214,0.011231603408210689,1.2015063370295715
25-1043.00,"Forestry and Conservation Science Teachers, Postsecondary",Educational Instruction and Library Occupations,21634.3816,208.52416,13.03276,1660.0,16.0,17873.92996923077,172.27884307692307,82.6181690778292,82.6181690778292,0.009638554216867469,1.0310891108301963
25-1051.00,"Atmospheric, Earth, Marine, and Space Sciences Teachers, Postsecondary",Educational Instruction and Library Occupations,155362.2185076923,2995.965646153846,14.266503076923076,10890.0,210.0,125316.00903461537,2416.5621576923077,80.66054298034545,80.66054298034547,0.01928374655647383,2.062888338127907
25-1052.00,"Chemistry Teachers, Postsecondary",Educational Instruction and Library Occupations,304733.3866461538,3834.017446153846,14.200064615384616,21460.0,270.0,197764.5557153846,2488.184065384615,64.89756763837045,64.89756763837045,0.012581547064305684,1.3459172281980838
25-1053.00,"Environmental Science Teachers, Postsecondary",Educational Instruction and Library Occupations,148016.85703846155,2671.7844230769233,26.71784423076923,5540.0,100.0,124691.3007,2250.7455,84.24128386106693,84.24128386106692,0.018050541516245487,1.9309656182063697
25-1054.00,"Physics Teachers, Postsecondary",Educational Instruction and Library Occupations,192134.36530384613,2551.050273076923,13.426580384615384,14310.0,190.0,163528.59274615382,2171.2391769230767,85.11157933019716,85.11157933019716,0.013277428371767994,1.4203594756981306
25-1061.00,"Anthropology and Archeology Teachers, Postsecondary",Educational Instruction and Library Occupations,63492.558461538465,423.2837230769231,10.582093076923078,6000.0,40.0,52302.946153846155,348.6863076923077,82.37649800413921,82.37649800413922,0.006666666666666667,0.7131699683242193
25-1062.00,"Area, Ethnic, and Cultural Studies Teachers, Postsecondary",Educational Instruction and Library Occupations,108140.5319076923,468.1408307692307,11.703520769230769,9240.0,40.0,94195.24315384615,407.77161538461536,87.104475530276,87.104475530276,0.004329004329004329,0.4630973820287138
25-1063.00,"Economics Teachers, Postsecondary",Educational Instruction and Library Occupations,124630.71637692307,1009.5271576923076,9.177519615384615,13580.0,110.0,102333.4062153846,828.9156615384614,82.10929792451462,82.10929792451464,0.008100147275405008,0.866517266373315
25-1064.00,"Geography Teachers, Postsecondary",Educational Instruction and Library Occupations,56698.642846153845,521.3668307692308,13.034170769230768,4350.0,40.0,44154.64153846154,406.0196923076923,77.87601135051996,77.87601135051996,0.009195402298850575,0.9836827149299575
25-1065.00,"Political Science Teachers, Postsecondary",Educational Instruction and Library Occupations,195639.0448153846,1904.8475153846152,11.204985384615384,17460.0,170.0,160205.5797923077,1559.8481423076921,81.88834695215681,81.8883469521568,0.009736540664375714,1.041571259580045
25-1066.00,"Psychology Teachers, Postsecondary",Educational Instruction and Library Occupations,660397.3825615385,8431.337088461538,17.206810384615384,38380.0,490.0,527220.7163230769,6731.061776923077,79.83385916493215,79.83385916493218,0.012767066180302242,1.365763227509904
25-1067.00,"Sociology Teachers, Postsecondary",Educational Instruction and Library Occupations,202961.60701538462,1130.3554846153847,12.559505384615385,16160.0,90.0,176202.1324923077,981.3237576923077,86.81549928748419,86.81549928748417,0.005569306930693069,0.5957793671025347
25-1071.00,"Health Specialties Teachers, Postsecondary",Educational Instruction and Library Occupations,2504443.6001153844,34717.83190769231,13.99912576923077,178900.0,2480.0,2108455.3996923077,29228.448246153846,84.18857584156287,84.18857584156285,0.013862493012856344,1.4829470554310205
25-1072.00,"Nursing Instructors and Teachers, Postsecondary",Educational Instruction and Library Occupations,1127107.726476923,10408.905646153846,19.639444615384615,57390.0,530.0,666308.51715,6153.39805,59.11666662358226,59.11666662358226,0.00923505837253877,0.9879249430523686
25-1081.00,"Education Teachers, Postsecondary",Educational Instruction and Library Occupations,704084.793076923,6075.74,11.684115384615385,60260.0,520.0,642835.8105923077,5547.2058,91.30090820212847,91.30090820212845,0.008629273149684698,0.9231207688232508
25-1082.00,"Library Science Teachers, Postsecondary",Educational Instruction and Library Occupations,57393.52632307692,467.5643692307692,11.68910923076923,4910.0,40.0,51901.56857307692,422.82336923076923,90.43105015174545,90.43105015174547,0.00814663951120163,0.871490796322875
25-1111.00,"Criminal Justice and Law Enforcement Teachers, Postsecondary",Educational Instruction and Library Occupations,235954.0176,4861.689923076923,16.205633076923075,14560.0,300.0,195510.7896,4028.3816538461538,82.85969935525269,82.85969935525269,0.020604395604395604,2.2041654240789743
25-1112.00,"Law Teachers, Postsecondary",Educational Instruction and Library Occupations,282056.9948923077,3090.094892307692,17.167193846153847,16430.0,180.0,253790.49429230767,2780.419292307692,89.9784436791605,89.9784436791605,0.010955569080949483,1.1719774281651807
25-1113.00,"Social Work Teachers, Postsecondary",Educational Instruction and Library Occupations,184586.87309230768,2201.206323076923,15.722902307692307,11740.0,140.0,167758.3778,2000.5258,90.88315706832948,90.88315706832947,0.01192504258943782,1.2756873368661503
25-1121.00,"Art, Drama, and Music Teachers, Postsecondary",Educational Instruction and Library Occupations,1484983.8934615385,22808.724230769232,15.105115384615384,98310.0,1510.0,1123021.598076923,17249.13653846154,75.62517028108154,75.62517028108154,0.01535957684874377,1.6430983402038009
25-1122.00,"Communications Teachers, Postsecondary",Educational Instruction and Library Occupations,389467.54,5094.584,13.4068,29050.0,380.0,304295.69975,3980.4601000000002,78.13120953545963,78.13120953545962,0.01308089500860585,1.399335221840981
25-1123.00,"English Language and Literature Teachers, Postsecondary",Educational Instruction and Library Occupations,1530953.3109615385,18194.348076923077,20.215942307692305,75730.0,900.0,1360253.609303846,16165.69719230769,88.85010402110291,88.85010402110291,0.011884325894625644,1.2713316482737302
25-1124.00,"Foreign Language and Literature Teachers, Postsecondary",Educational Instruction and Library Occupations,435302.1522923077,4046.6335538461535,14.452262692307691,30120.0,280.0,359737.01519999997,3344.1688,82.64076189506976,82.64076189506979,0.009296148738379814,0.9944601151931344
25-1125.00,"History Teachers, Postsecondary",Educational Instruction and Library Occupations,296727.78658461536,3007.3762153846155,12.53073423076923,23680.0,240.0,220786.89181538462,2237.7049846153845,74.40721826448319,74.40721826448318,0.010135135135135134,1.0842111004929007
25-1126.00,"Philosophy and Religion Teachers, Postsecondary",Educational Instruction and Library Occupations,363729.30200769234,2137.7876692307696,15.269911923076924,23820.0,140.0,329862.7314461539,1938.7398153846154,90.6890727872064,90.68907278720638,0.005877413937867337,0.628739266784576
25-1191.00,Graduate Teaching Assistants,Educational Instruction and Library Occupations,879843.9856153845,3586.893946153846,7.033125384615384,125100.0,510.0,396635.2757307692,1616.9783423076922,45.08018264776258,45.08018264776257,0.00407673860911271,0.4361111317090549
25-1192.00,"Home Economics Teachers, Postsecondary",Educational Instruction and Library Occupations,87846.57294230768,2166.079880769231,24.06755423076923,3650.0,90.0,66559.29142307692,1641.1880076923076,75.76765853665007,75.76765853665006,0.024657534246575342,2.637751937637523
25-1193.00,"Recreation and Fitness Studies Teachers, Postsecondary",Educational Instruction and Library Occupations,316403.99740769225,8094.874238461538,17.59755269230769,17980.0,460.0,227310.68393846153,5815.512492307693,71.841912807937,71.841912807937,0.02558398220244717,2.7368591665389954
25-1194.00,"Vocational Education Teachers, Postsecondary",Educational Instruction and Library Occupations,3540494.325,72701.3025,29.553375,119800.0,2460.0,1636808.4623846153,33610.59113076923,46.231071487019406,46.231071487019406,0.02053422370617696,2.1966587505144983
25-2011.00,"Preschool Teachers, Except Special Education",Educational Instruction and Library Occupations,25023072.64085,92605.44455,67.595215,370190.0,1370.0,7576958.935353847,28040.826984615385,30.279890260097442,30.279890260097442,0.003700802290715578,0.395895157866574
25-2012.00,"Kindergarten Teachers, Except Special Education",Educational Instruction and Library Occupations,13129106.068423077,48979.90882307693,83.01679461538461,158150.0,590.0,3379494.5155192306,12607.662119230768,25.740476906095545,25.740476906095537,0.003730635472652545,0.3990865772791236
25-2021.00,"Elementary School Teachers, Except Special Education",Educational Instruction and Library Occupations,90409205.39168076,1042556.3668730769,65.44609961538461,1381430.0,15930.0,49286890.13254616,568353.1990846153,54.51534489106506,54.515344891065055,0.011531528922927688,1.2335910175041236
25-2022.00,"Middle School Teachers, Except Special and Career/Technical Education",Educational Instruction and Library Occupations,50164869.16264615,395604.49004615383,79.27945692307692,632760.0,4990.0,25067069.46493846,197681.07438846154,49.969370763562054,49.96937076356205,0.007886086351855363,0.8436179930632121
25-2023.00,"Career/Technical Education Teachers, Middle School",Educational Instruction and Library Occupations,917055.0312,6305.191199999999,70.05767999999999,13090.0,90.0,437632.6735846154,3008.933584615385,47.72152801037001,47.721528010370015,0.006875477463712758,0.7355076067514866
25-2031.00,"Secondary School Teachers, Except Special and Career/Technical Education",Educational Instruction and Library Occupations,63954649.340100005,499510.7736,66.424305,962820.0,7520.0,34670511.998169236,270790.23101538466,54.21108919509091,54.21108919509092,0.007810390311792443,0.8355203716891207
25-2032.00,"Career/Technical Education Teachers, Secondary School",Educational Instruction and Library Occupations,4303257.423,18340.113,55.576100000000004,77430.0,330.0,2106715.1124115386,8978.638603846155,48.95628834918386,48.95628834918386,0.004261913986826811,0.45592035944787357
25-2052.00,"Special Education Teachers, Kindergarten and Elementary School",Educational Instruction and Library Occupations,14980958.5689,136969.6385653846,76.51935115384616,195780.0,1790.0,3143777.259,28743.289884615384,20.985154217877504,20.985154217877504,0.00914291551741751,0.9780679154921487
25-2053.00,"Special Education Teachers, Middle School",Educational Instruction and Library Occupations,7297502.539903847,45684.52990384615,80.14829807692308,91050.0,570.0,3481046.8877884615,21792.38578846154,47.701893473192655,47.70189347319266,0.006260296540362438,0.6696983228085749
25-2054.00,"Special Education Teachers, Secondary School",Educational Instruction and Library Occupations,7994810.5157115385,50518.183115384614,61.60754038461538,129770.0,820.0,3291173.2348307692,20796.50190769231,41.166369463827806,41.16636946382781,0.006318871850196502,0.675964445587416
25-2059.01,Adapted Physical Education Specialists,Educational Instruction and Library Occupations,1334269.9159692307,5905.386246153846,34.73756615384615,38410.0,170.0,199312.03096923078,882.1412461538462,14.937909382783914,14.937909382783914,0.0044259307472012495,0.47346613361800544
25-3011.00,Adult Basic and Secondary Education and Literacy Teachers and Instructors,Educational Instruction and Library Occupations,3211111.157330769,21700.029323076924,49.31824846153846,65110.0,440.0,2074874.6441153847,14021.576461538461,64.61547241610037,64.61547241610037,0.006757794501612655,0.7229184135985021
25-3021.00,Self-Enrichment Education Teachers,Educational Instruction and Library Occupations,8856946.04175,133548.39800000002,40.715975,217530.0,3280.0,5509638.9954,83076.4304,62.20698386812546,62.20698386812546,0.015078379993564105,1.613017167358598
25-3099.02,Tutors,Educational Instruction and Library Occupations,34655746.885673076,330505.9725,38.52050961538461,899670.0,8580.0,24833871.637834616,236836.41629999998,71.65874023653234,71.65874023653234,0.009536830171062723,1.020207130651539
25-4011.00,Archivists,Educational Instruction and Library Occupations,82122.58739999999,752.0383461538462,15.040766923076923,5460.0,50.0,59909.1234,548.6183461538461,72.95084738160601,72.95084738160598,0.009157509157509158,0.9796290773684331
25-4012.00,Curators,Educational Instruction and Library Occupations,81939.28111153845,483.2139576923077,6.903056538461539,11870.0,70.0,43403.312415384615,255.95887692307693,52.970091788214,52.97009178821399,0.005897219882055603,0.6308580174729825
25-4013.00,Museum Technicians and Conservators,Educational Instruction and Library Occupations,197839.59307692308,1104.2209846153846,18.403683076923077,10750.0,60.0,35326.071153846155,197.16876923076921,17.855915797456596,17.855915797456596,0.0055813953488372085,0.5970725316202765
25-4021.00,Librarians,Educational Instruction and Library Occupations,4235400.850903846,25756.903692307693,32.19612961538461,131550.0,800.0,2251870.1172115384,13694.383076923077,53.16781566804906,53.167815668049066,0.006081337894336755,0.6505541330209527
25-4031.00,Library Technicians,Educational Instruction and Library Occupations,3328208.1145961536,18731.55251923077,35.342551923076925,94170.0,530.0,1010026.3473923076,5684.548838461538,30.347451620069876,30.347451620069883,0.005628119358606775,0.6020708557053779
25-9011.00,Audio-Visual and Multimedia Collections Specialists,Educational Instruction and Library Occupations,181721.15470384614,9112.860265384616,17.86835346153846,10170.0,510.0,50431.183753846155,2528.997415384615,27.75196087435976,27.751960874359753,0.050147492625368724,5.364552859075984
25-9021.00,Farm and Home Management Advisors,Educational Instruction and Library Occupations,54154.589538461536,519.2905846153845,6.182030769230769,8760.0,84.0,35728.856076923075,342.6054692307692,65.97567515777737,65.97567515777737,0.00958904109589041,1.02579242019237
25-9031.00,Instructional Coordinators,Educational Instruction and Library Occupations,1958093.3329307693,20779.995215384617,14.040537307692308,139460.0,1480.0,1026992.1294307691,10898.812215384614,52.44857904161403,52.44857904161403,0.010612361967589273,1.1352626772406187
25-9031.01,Instructional Designers and Technologists,Educational Instruction and Library Occupations,2013451.872653846,21367.480076923075,14.437486538461537,139460.0,1480.0,1947286.0411461536,20665.30432307692,96.71381112176861,96.71381112176861,0.010612361967589273,1.1352626772406187
25-9041.00,Teacher Assistants,Educational Instruction and Library Occupations,76253947.37658462,804476.5377230769,62.07380692307692,1228440.0,12960.0,20708236.8918,218471.1912,27.15693758059652,27.15693758059652,0.010549965810295985,1.1285878174125574
27-1011.00,Art Directors,"Arts, Design, Entertainment, Sports, and Media Occupations",1109107.239030769,7992.989615384615,31.97195846153846,34690.0,250.0,490065.7767653846,3531.7510576923078,44.18560798445831,44.18560798445831,0.007206687806284232,0.7709389971795394
27-1012.00,Craft Artists,"Arts, Design, Entertainment, Sports, and Media Occupations",118938.88944615383,1805.5239384615384,22.56904923076923,5270.0,80.0,52957.370584615375,803.9069538461538,44.52485711882345,44.524857118823455,0.015180265654648958,1.6239164364118845
27-1013.00,"Fine Artists, Including Painters, Sculptors, and Illustrators","Arts, Design, Entertainment, Sports, and Media Occupations",263633.5514769231,4738.511546153846,21.538688846153846,12240.0,220.0,166709.54852307693,2996.413453846154,63.23533085570471,63.23533085570472,0.01797385620915033,1.9227621695015717
27-1014.00,Multimedia Artists and Animators,"Arts, Design, Entertainment, Sports, and Media Occupations",805096.3264615384,3461.06225,26.62355576923077,30240.0,130.0,328064.60658461537,1410.33065,40.74849130494547,40.748491304945475,0.0042989417989418,0.4598814279868478
27-1021.00,Commercial and Industrial Designers,"Arts, Design, Entertainment, Sports, and Media Occupations",622439.7857,4569.459007692308,19.867213076923075,31330.0,230.0,101955.11025,748.4735192307692,16.379915389781935,16.379915389781935,0.007341206511330993,0.7853292022721214
27-1022.00,Fashion Designers,"Arts, Design, Entertainment, Sports, and Media Occupations",543885.4869538462,1428.2707115384615,28.56541423076923,19040.0,50.0,181121.9105230769,475.6352692307692,33.301478871497594,33.3014788714976,0.0026260504201680674,0.28092304424535947
27-1023.00,Floral Designers,"Arts, Design, Entertainment, Sports, and Media Occupations",1627103.0771153846,24580.813115384615,36.68778076923077,44350.0,670.0,169425.32415384613,2559.5257538461537,10.412697667206947,10.412697667206949,0.015107102593010149,1.6160897816591666
27-1024.00,Graphic Designers,"Arts, Design, Entertainment, Sports, and Media Occupations",5435709.0895,66603.0257,26.535069999999997,204850.0,2510.0,4959319.226538462,60765.88361538461,91.2359205557603,91.2359205557603,0.012252867952160117,1.3107566173984306
27-1025.00,Interior Designers,"Arts, Design, Entertainment, Sports, and Media Occupations",501381.8416923077,5107.1215999999995,9.821387692307692,51050.0,520.0,200815.4831730769,2045.5249999999999,40.052404469868115,40.05240446986812,0.010186092066601371,1.089662243472852
27-1026.00,Merchandise Displayers and Window Trimmers,"Arts, Design, Entertainment, Sports, and Media Occupations",2858929.5702846153,21326.807019230768,28.43574269230769,100540.0,750.0,609992.3824076923,4550.370865384615,21.33639068089969,21.336390680899694,0.00745971752536304,0.7980069766906174
27-1027.00,Set and Exhibit Designers,"Arts, Design, Entertainment, Sports, and Media Occupations",233997.0022153846,784.5666461538461,19.614166153846153,11930.0,40.0,36591.113265384614,122.68604615384616,15.637428222992364,15.637428222992364,0.0033528918692372176,0.3586772682267658
27-2011.00,Actors,"Arts, Design, Entertainment, Sports, and Media Occupations",1005941.06575,14322.277384615385,19.892051923076924,50570.0,720.0,692973.8193000001,9866.346646153846,68.88811312055735,68.88811312055732,0.014237690330235316,1.5230839742735944
27-2012.01,Producers,"Arts, Design, Entertainment, Sports, and Media Occupations",3754084.77675,24393.479676923078,35.87276423076923,104650.0,680.0,2012939.08725,13079.7762,53.61996883279362,53.61996883279362,0.006497849976110846,0.695110719245775
27-2012.02,"Directors- Stage, Motion Pictures, Television, and Radio","Arts, Design, Entertainment, Sports, and Media Occupations",3102040.5727500003,20156.594261538463,29.642050384615384,104650.0,680.0,1501820.11525,9758.601799999999,48.413941727351954,48.41394172735195,0.006497849976110845,0.6951107192457749
27-2012.03,Program Directors,"Arts, Design, Entertainment, Sports, and Media Occupations",3481935.0055,22625.09129230769,33.272193076923074,104650.0,680.0,614609.6915,3993.641569230769,17.651383225969866,17.65138322596987,0.006497849976110846,0.695110719245775
27-2012.04,Talent Directors,"Arts, Design, Entertainment, Sports, and Media Occupations",1769750.8815,11499.575723076923,16.91114076923077,104650.0,680.0,621870.067,4040.8183999999997,35.13884770453779,35.13884770453778,0.006497849976110845,0.6951107192457749
27-2012.05,Technical Directors/Managers,"Arts, Design, Entertainment, Sports, and Media Occupations",3439301.32,22348.064000000002,32.8648,104650.0,680.0,405763.18825,2636.588323076923,11.79783771460885,11.797837714608848,0.006497849976110846,0.695110719245775
27-2021.00,Athletes and Sports Competitors,"Arts, Design, Entertainment, Sports, and Media Occupations",209208.1982269231,3215.8390846153848,17.865772692307694,11710.0,180.0,23244.76435384615,357.3063692307692,11.110828615154514,11.110828615154515,0.015371477369769428,1.6443714043342375
27-2022.00,Coaches and Scouts,"Arts, Design, Entertainment, Sports, and Media Occupations",8680839.909319231,97611.51475384615,38.734728076923076,224110.0,2520.0,2465549.6990423077,27723.819738461538,28.402202146308912,28.40220214630892,0.011244478158047386,1.2028836197695545
27-2023.00,"Umpires, Referees, and Other Sports Officials","Arts, Design, Entertainment, Sports, and Media Occupations",848185.5304461538,25053.815346153846,45.552391538461535,18620.0,550.0,0.0,0.0,0.0,0.0,,
27-2031.00,Dancers,"Arts, Design, Entertainment, Sports, and Media Occupations",308003.3617307692,7677.052884615384,30.708211538461534,10030.0,250.0,7457.119830769231,185.87038461538464,2.4211163764139765,2.4211163764139765,0.024925224327018946,2.666388216566124
27-2032.00,Choreographers,"Arts, Design, Entertainment, Sports, and Media Occupations",135908.99134615384,1059.7192307692308,26.49298076923077,5130.0,40.0,21338.949253846153,166.38556923076922,15.700910618560068,15.700910618560068,0.007797270955165692,0.8341169220166307
27-2041.01,Music Directors,"Arts, Design, Entertainment, Sports, and Media Occupations",155590.99213846153,1733.6043692307692,7.223351538461538,21540.0,240.0,29352.317746153847,327.04532307692307,18.86504953965009,18.865049539650087,0.011142061281337047,1.1919275236616478
27-2041.04,Music Composers and Arrangers,"Arts, Design, Entertainment, Sports, and Media Occupations",810568.4013,9031.4028,37.630845,21540.0,240.0,506457.3859615385,5642.9792307692305,62.48175788117025,62.48175788117025,0.011142061281337047,1.1919275236616478
27-2042.01,Singers,"Arts, Design, Entertainment, Sports, and Media Occupations",434669.32202307694,3047.0214,11.719313076923077,37090.0,260.0,128737.92066538462,902.4497,29.617438853563684,29.617438853563684,0.007009975734699379,0.7498956259003653
27-2042.02,"Musicians, Instrumental","Arts, Design, Entertainment, Sports, and Media Occupations",408014.7647076923,2860.1736,11.000667692307692,37090.0,260.0,39409.351823076926,276.2586,9.658805325662751,9.658805325662751,0.007009975734699379,0.7498956259003653
27-3011.00,Radio and Television Announcers,"Arts, Design, Entertainment, Sports, and Media Occupations",1681855.1502807692,14389.0207,55.342387307692306,30390.0,260.0,256375.97773846152,2193.4107999999997,15.243641980444158,15.243641980444158,0.008555445870352089,0.9152230590537858
27-3012.00,Public Address System and Other Announcers,"Arts, Design, Entertainment, Sports, and Media Occupations",187958.79076923075,1785.6085123076923,23.494848846153847,8000.0,76.0,8652.883076923077,82.20238923076923,4.6036064828416485,4.603606482841648,0.0095,1.0162672048620123
27-3021.00,Broadcast News Analysts,"Arts, Design, Entertainment, Sports, and Media Occupations",225827.45540384616,3342.0553653846155,47.74364807692308,4730.0,70.0,135988.72252307693,2012.5180923076923,60.21797583464284,60.21797583464284,0.014799154334038054,1.5831468641446726
27-3022.00,Reporters and Correspondents,"Arts, Design, Entertainment, Sports, and Media Occupations",1533922.9600384615,13452.186738461538,37.36718538461538,41050.0,360.0,701139.7627884615,6148.850538461537,45.70892939570324,45.70892939570323,0.008769792935444578,0.9381529424971456
27-3031.00,Public Relations Specialists,"Arts, Design, Entertainment, Sports, and Media Occupations",2464329.3124846155,18236.77989230769,11.257271538461538,218910.0,1620.0,2259866.7831115383,16723.69553076923,91.7031166111914,91.70311661119142,0.007400301493764561,0.7916509172846616
27-3041.00,Editors,"Arts, Design, Entertainment, Sports, and Media Occupations",3957162.422273077,35605.86728076923,40.926284230769234,96690.0,870.0,1626116.8380346154,14631.519796153847,41.09300211894107,41.09300211894108,0.008997828110456097,0.9625471182781116
27-3042.00,Technical Writers,"Arts, Design, Entertainment, Sports, and Media Occupations",1565682.960046154,20762.52267692308,31.458367692307693,49770.0,660.0,1182382.7315192309,15679.578115384616,75.51865618339335,75.51865618339335,0.013261000602772754,1.4186021069740344
27-3043.04,Copy Writers,"Arts, Design, Entertainment, Sports, and Media Occupations",1226178.5794615385,18090.232615384615,28.265988461538463,43380.0,640.0,1072689.3278307691,15825.753107692308,87.48230851511268,87.48230851511268,0.014753342554172431,1.5782461263053262
27-3043.05,"Poets, Lyricists and Creative Writers","Arts, Design, Entertainment, Sports, and Media Occupations",505409.3014153846,7456.476553846153,11.650744615384614,43380.0,640.0,410341.0470230769,6053.902030769231,81.18984867787916,81.18984867787916,0.01475334255417243,1.578246126305326
27-3091.00,Interpreters and Translators,"Arts, Design, Entertainment, Sports, and Media Occupations",1969949.8163653845,42850.87213846154,39.67673346153846,49650.0,1080.0,1399428.0253846152,30440.73046153846,71.03876523954307,71.03876523954305,0.021752265861027194,2.326959413263314
27-4011.00,Audio and Video Equipment Technicians,"Arts, Design, Entertainment, Sports, and Media Occupations",3182675.0527384616,43312.10046153846,50.955412307692306,62460.0,850.0,844896.7323,11497.95425,26.546748200795033,26.54674820079504,0.013608709574127442,1.455798446387095
27-4012.00,Broadcast Technicians,"Arts, Design, Entertainment, Sports, and Media Occupations",1312653.3097192307,6500.582361538462,46.432731153846156,28270.0,140.0,173897.4358423077,861.1829153846154,13.247781006205164,13.247781006205164,0.004952246197382384,0.5297689895581396
27-4013.00,Radio Operators,"Arts, Design, Entertainment, Sports, and Media Occupations",50965.722976923076,487.9696880769231,54.21885423076923,940.0,9.0,4871.935761538461,46.64619346153845,9.559239969468184,9.559239969468184,0.009574468085106383,1.024233465146485
27-4014.00,Sound Engineering Technicians,"Arts, Design, Entertainment, Sports, and Media Occupations",578598.9205230769,9197.381684615384,41.806280384615384,13840.0,220.0,110555.94809230769,1757.3922384615385,19.107527541247507,19.107527541247507,0.015895953757225433,1.7004775256285574
27-4021.00,Photographers,"Arts, Design, Entertainment, Sports, and Media Occupations",1578997.8718961538,17975.410165384616,31.535807307692306,50070.0,570.0,305471.96671153844,3477.5119038461535,19.34593910153341,19.345939101533407,0.011384062312762133,1.2178157038490263
27-4031.00,"Camera Operators, Television, Video, and Motion Picture","Arts, Design, Entertainment, Sports, and Media Occupations",771787.2904076923,9233.746246153845,38.473942692307695,20060.0,240.0,84961.73823076923,1016.4913846153846,11.008439668122634,11.008439668122636,0.011964107676969093,1.2798663439517395
27-4032.00,Film and Video Editors,"Arts, Design, Entertainment, Sports, and Media Occupations",1368367.9344692307,8410.070457692307,49.47100269230769,27660.0,170.0,667739.1770076923,4103.964573076923,48.79821867988293,48.79821867988293,0.006146059291395518,0.6574777365244971
29-1011.00,Chiropractors,Healthcare Practitioners and Technical Occupations,2134799.4802461537,19298.374353846153,66.54611846153846,32080.0,290.0,331413.92710769235,2995.9488423076923,15.524358618893732,15.52435861889373,0.009039900249376558,0.9670478061752972
29-1021.00,"Dentists, General",Healthcare Practitioners and Technical Occupations,9139387.011230769,100452.89480769231,91.32081346153846,100080.0,1100.0,2460497.054953846,27043.832538461542,26.92190463025922,26.92190463025922,0.010991207034372504,1.1757898158822562
29-1022.00,Oral and Maxillofacial Surgeons,Healthcare Practitioners and Technical Occupations,157575.6826923077,1512.7265538461538,31.515136538461537,5000.0,48.0,0.0,0.0,0.0,0.0,,
29-1023.00,Orthodontists,Healthcare Practitioners and Technical Occupations,293839.6680230769,2824.3369199999997,54.31417153846154,5410.0,52.0,31028.514000000003,298.24080000000004,10.559675012144092,10.559675012144092,0.009611829944547136,1.0282302685635694
29-1024.00,Prosthodontists,Healthcare Practitioners and Technical Occupations,11573.79438076923,114.10783192307692,16.301118846153845,710.0,7.0,4746.657757692307,46.79803423076923,41.01211410476803,41.01211410476804,0.009859154929577466,1.0546879813245496
29-1031.00,Dietitians and Nutritionists,Healthcare Practitioners and Technical Occupations,2168374.0717461538,22141.08108076923,36.29685423076923,59740.0,610.0,1243219.637630769,12694.408753846154,57.33418665302643,57.33418665302644,0.010210913960495482,1.0923175778651837
29-1041.00,Optometrists,Healthcare Practitioners and Technical Occupations,1747983.9472692306,18321.64477307692,49.517958846153846,35300.0,370.0,521029.765,5461.2185,29.807468530473248,29.807468530473248,0.010481586402266289,1.1212728963737724
29-1051.00,Pharmacists,Healthcare Practitioners and Technical Occupations,23790588.9096,193949.39203076923,80.47692615384615,295620.0,2410.0,8146310.2896,66411.63587692307,34.241734496588236,34.241734496588236,0.008152357756579392,0.8721025084541142
29-1061.00,Anesthesiologists,Healthcare Practitioners and Technical Occupations,1945572.3874153846,17977.56826153846,66.58358615384616,29220.0,270.0,22067.01143076923,203.90462307692306,1.1342169314031216,1.1342169314031216,0.009240246406570842,0.9884799355623162
29-1062.00,Family and General Practitioners,Healthcare Practitioners and Technical Occupations,7836240.94925,84862.3755,61.494474999999994,127430.0,1380.0,3472582.6281038458,37606.24677692308,44.31439322238048,44.31439322238049,0.010829475005885585,1.158488452037302
29-1063.00,"Internists, General",Healthcare Practitioners and Technical Occupations,3885920.687692308,24624.599615384617,79.43419230769231,48920.0,310.0,1298334.6738615385,8227.386526923077,33.41124995097539,33.41124995097539,0.006336876533115291,0.677890505459448
29-1064.00,Obstetricians and Gynecologists,Healthcare Practitioners and Technical Occupations,1525584.0118346154,14428.121565384614,75.93748192307692,20090.0,190.0,790730.755526923,7478.289873076923,51.831347824366425,51.83134782436644,0.009457441513190643,1.011714489658549
29-1065.00,"Pediatricians, General",Healthcare Practitioners and Technical Occupations,2253720.0176615384,17300.014092307694,78.63642769230769,28660.0,220.0,1009871.8840076925,7751.982361538462,44.809110097692454,44.80911009769244,0.007676203768318213,0.8211656997452629
29-1066.00,Psychiatrists,Healthcare Practitioners and Technical Occupations,848253.3172384616,6698.5922807692305,35.25574884615384,24060.0,190.0,181492.76965384616,1433.2346730769232,21.396057753679823,21.396057753679827,0.007896924355777223,0.8447773939002596
29-1067.00,Surgeons,Healthcare Practitioners and Technical Occupations,1956689.0559999999,18673.210462307692,47.03579461538461,41600.0,397.0,370404.912,3534.873799615384,18.930187750792022,18.930187750792015,0.009543269230769228,1.020895952252578
29-1069.01,Allergists and Immunologists,Healthcare Practitioners and Technical Occupations,30333199.037815385,142859.4612923077,93.98648769230769,322740.0,1520.0,8368067.267999999,39410.864,27.58715708675438,27.58715708675438,0.0047096734213298635,0.5038196467060854
29-1069.02,Dermatologists,Healthcare Practitioners and Technical Occupations,23334235.192315385,109896.62729230769,72.30041269230769,322740.0,1520.0,0.0,0.0,0.0,0.0,,
29-1069.03,Hospitalists,Healthcare Practitioners and Technical Occupations,17377998.606692307,81844.69815384616,53.84519615384615,322740.0,1520.0,1304385.9840000002,6143.232000000001,7.505962070325395,7.505962070325395,0.0047096734213298635,0.5038196467060854
29-1069.04,Neurologists,Healthcare Practitioners and Technical Occupations,27800165.70692308,130929.70153846154,86.13796153846154,322740.0,1520.0,920826.8723076924,4336.793846153846,3.312307135199481,3.312307135199481,0.004709673421329863,0.5038196467060853
29-1069.05,Nuclear Medicine Physicians,Healthcare Practitioners and Technical Occupations,24058108.365923077,113305.83353846153,74.54331153846154,322740.0,1520.0,8292548.590615384,39055.195692307694,34.46883048528163,34.468830485281636,0.0047096734213298635,0.5038196467060854
29-1069.06,Ophthalmologists,Healthcare Practitioners and Technical Occupations,29078193.763384614,136948.7963076923,90.0978923076923,322740.0,1520.0,9197060.707661537,43315.15236923077,31.62872076064957,31.62872076064957,0.0047096734213298635,0.5038196467060854
29-1069.07,Pathologists,Healthcare Practitioners and Technical Occupations,20091157.972684614,94622.79270769231,62.251837307692306,322740.0,1520.0,8335231.7003999995,39256.2192,41.487064666617776,41.487064666617776,0.0047096734213298635,0.5038196467060854
29-1069.08,Physical Medicine and Rehabilitation Physicians,Healthcare Practitioners and Technical Occupations,20026473.056446154,94318.14787692307,62.051413076923076,322740.0,1520.0,4032200.7251307694,18990.348584615385,20.134352732833694,20.134352732833694,0.004709673421329863,0.5038196467060853
29-1069.09,Preventive Medicine Physicians,Healthcare Practitioners and Technical Occupations,3762014.3412923077,17717.858953846153,11.656486153846153,322740.0,1520.0,443755.8317076923,2089.945046153846,11.795697502717536,11.795697502717536,0.004709673421329863,0.5038196467060853
29-1069.10,Radiologists,Healthcare Practitioners and Technical Occupations,39082129.669592306,184064.06735384616,121.09478115384616,322740.0,1520.0,19735862.692361537,92949.46796923077,50.498432043525376,50.498432043525376,0.0047096734213298635,0.5038196467060854
29-1069.11,Sports Medicine Physicians,Healthcare Practitioners and Technical Occupations,17989581.100361537,84725.05196923077,55.74016576923077,322740.0,1520.0,2719241.0289000003,12806.7372,15.115643959299039,15.115643959299035,0.004709673421329863,0.5038196467060853
29-1069.12,Urologists,Healthcare Practitioners and Technical Occupations,19595286.706430767,92287.40098461538,60.71539538461538,322740.0,1520.0,0.0,0.0,0.0,0.0,,
29-1071.00,Physician Assistants,Healthcare Practitioners and Technical Occupations,7592653.952423077,76335.20273076923,77.10626538461538,98470.0,990.0,1443904.998,14516.766,19.017131651827754,19.017131651827754,0.010053823499543008,1.0755127480059568
29-1071.01,Anesthesiologist Assistants,Healthcare Practitioners and Technical Occupations,5148165.288946154,51758.74516153846,52.28156076923077,98470.0,990.0,137131.78375,1378.6987499999998,2.6637020385581156,2.663702038558115,0.010053823499543006,1.0755127480059565
29-1081.00,Podiatrists,Healthcare Practitioners and Technical Occupations,434581.3475,5489.4486,45.745405,9500.0,120.0,0.0,0.0,0.0,0.0,,
29-1122.00,Occupational Therapists,Healthcare Practitioners and Technical Occupations,5255305.624799999,30250.320184615382,45.83381846153846,114660.0,660.0,1196838.9404999998,6889.182807692307,22.77391698880591,22.77391698880591,0.0057561486132914706,0.6157668486315865
29-1122.01,"Low Vision Therapists, Orientation and Mobility Specialists, and Vision Rehabilitation Therapists",Healthcare Practitioners and Technical Occupations,1991555.7795,11463.691038461538,17.369228846153845,114660.0,660.0,195812.82,1127.1276923076923,9.832153435800867,9.832153435800867,0.0057561486132914706,0.6157668486315865
29-1123.00,Physical Therapists,Healthcare Practitioners and Technical Occupations,17615773.09265,129373.31566923077,84.00864653846153,209690.0,1540.0,5752514.1624,42247.46916923077,32.65547377424029,32.65547377424029,0.007344174734131337,0.7856467293761965
29-1124.00,Radiation Therapists,Healthcare Practitioners and Technical Occupations,1852523.8952192308,10942.255730769231,109.4225573076923,16930.0,100.0,258906.02308461536,1529.2736153846154,13.975853361609458,13.975853361609461,0.005906674542232724,0.6318694344278376
29-1125.00,Recreational Therapists,Healthcare Practitioners and Technical Occupations,325795.8674769231,5284.161161538462,18.221245384615386,17880.0,290.0,140191.66786153847,2273.8022192307694,43.030523667237304,43.030523667237304,0.01621923937360179,1.7350611645471774
29-1125.01,Art Therapists,Healthcare Practitioners and Technical Occupations,704649.7272,11428.882599999999,39.40994,17880.0,290.0,119914.70256923077,1944.9252653846152,17.01763272452038,17.017632724520375,0.01621923937360179,1.7350611645471774
29-1125.02,Music Therapists,Healthcare Practitioners and Technical Occupations,1188679.7298461539,19279.481076923075,66.48096923076923,17880.0,290.0,190215.91924615385,3085.1575269230766,16.002285095815736,16.002285095815736,0.01621923937360179,1.7350611645471774
29-1126.00,Respiratory Therapists,Healthcare Practitioners and Technical Occupations,7393932.366126923,51615.583707692305,61.44712346153846,120330.0,840.0,1137871.0715884618,7943.253553846154,15.389254529853098,15.389254529853094,0.006980802792321116,0.7467748359415908
29-1127.00,Speech-Language Pathologists,Healthcare Practitioners and Technical Occupations,6023045.521942307,49485.653584615386,45.82004961538461,131450.0,1080.0,1808211.386596154,14856.358292307692,30.02154607679344,30.021546076793438,0.008216051730696082,0.8789162028796007
29-1128.00,Exercise Physiologists,Healthcare Practitioners and Technical Occupations,289730.6348307692,3938.936123076923,43.76595692307692,6620.0,90.0,173911.1301153846,2364.3507115384614,60.025109259490485,60.02510925949047,0.013595166163141994,1.454349633289571
29-1131.00,Veterinarians,Healthcare Practitioners and Technical Occupations,4476406.355,26592.513,68.18593076923077,65650.0,390.0,672182.49725,3993.16335,15.016118822617477,15.016118822617477,0.00594059405940594,0.6354979915760368
29-1141.00,Registered Nurses,Healthcare Practitioners and Technical Occupations,206205948.04134232,1496656.6801038461,75.09566884615384,2745910.0,19930.0,38382596.12204616,278583.4716769231,18.61371919026837,18.61371919026837,0.007258067453048351,0.7764353603378309
29-1141.01,Acute Care Nurses,Healthcare Practitioners and Technical Occupations,166449119.01502693,1208098.9333115383,60.617106538461535,2745910.0,19930.0,45134236.46168846,327587.3326807692,27.115935926109508,27.115935926109515,0.007258067453048351,0.7764353603378309
29-1141.02,Advanced Practice Psychiatric Nurses,Healthcare Practitioners and Technical Occupations,178371672.24580383,1294633.628873077,64.95903807692308,2745910.0,19930.0,58333388.59832693,423387.6692115385,32.70328066327764,32.70328066327763,0.007258067453048352,0.776435360337831
29-1141.03,Critical Care Nurses,Healthcare Practitioners and Technical Occupations,246572303.60826537,1789638.4116423076,89.79620730769231,2745910.0,19930.0,48204574.67206923,349872.0545153846,19.549873999089883,19.54987399908988,0.007258067453048352,0.776435360337831
29-1141.04,Clinical Nurse Specialists,Healthcare Practitioners and Technical Occupations,91673392.42801538,665371.6658923076,33.385432307692305,2745910.0,19930.0,24263030.795196153,176102.71412692306,26.46681894558248,26.46681894558248,0.007258067453048351,0.7764353603378309
29-1151.00,Nurse Anesthetists,Healthcare Practitioners and Technical Occupations,2990681.0535,8347.4985,75.88635,39410.0,110.0,0.0,0.0,0.0,0.0,,
29-1161.00,Nurse Midwives,Healthcare Practitioners and Technical Occupations,794228.281126923,9620.530996153846,106.89478884615384,7430.0,90.0,418960.29665384616,5074.889192307692,52.750614226351566,52.75061422635156,0.012113055181695826,1.2958000770359297
29-1171.00,Nurse Practitioners,Healthcare Practitioners and Technical Occupations,17623437.4973,190404.62385,129.526955,136060.0,1470.0,7305167.108153846,78925.44207692308,41.45143142064671,41.451431420646706,0.010804057033661621,1.1557693518704275
29-1181.00,Audiologists,Healthcare Practitioners and Technical Occupations,682227.2992,10174.0608,56.52256,12070.0,180.0,32245.422807692306,480.8762307692307,4.726492599387953,4.726492599387953,0.014913007456503726,1.595326358306041
29-1199.01,Acupuncturists,Healthcare Practitioners and Technical Occupations,4173271.8087500003,12840.836334615386,116.73487576923077,35750.0,110.0,800014.5449999999,2461.5832153846154,19.169960205386776,19.169960205386776,0.0030769230769230774,0.32915536999579353
29-1199.04,Naturopathic Physicians,Healthcare Practitioners and Technical Occupations,2806595.92125,8635.679757692307,78.50617961538461,35750.0,110.0,918082.2475,2824.868453846154,32.711593448447154,32.711593448447154,0.003076923076923077,0.3291553699957935
29-1199.05,Orthoptists,Healthcare Practitioners and Technical Occupations,2693708.0775,8288.332546153846,75.34847769230768,35750.0,110.0,303706.08125,934.48025,11.274647159682802,11.274647159682804,0.003076923076923077,0.3291553699957935
29-2011.00,Medical and Clinical Laboratory Technologists,Healthcare Practitioners and Technical Occupations,11973492.359134614,170472.55153846153,73.47954807692308,162950.0,2320.0,2811468.542096154,40028.27258461538,23.48077284194595,23.480772841945942,0.014237496164467626,1.5230632032944353
29-2011.01,Cytogenetic Technologists,Healthcare Practitioners and Technical Occupations,18196289.569538463,259069.60295384616,111.66793230769231,162950.0,2320.0,566130.9803653847,8060.287661538464,3.1112440709512423,3.111244070951243,0.01423749616446763,1.5230632032944358
29-2011.02,Cytotechnologists,Healthcare Practitioners and Technical Occupations,11559602.555461539,164579.79704615384,70.93956769230769,162950.0,2320.0,4917649.624115385,70015.01766153846,42.541684288202056,42.541684288202056,0.014237496164467626,1.5230632032944353
29-2011.03,Histotechnologists and Histologic Technicians,Healthcare Practitioners and Technical Occupations,8166015.005730769,116263.60732307693,50.11362384615384,162950.0,2320.0,892344.6591153846,12704.753661538462,10.927541260812678,10.927541260812678,0.01423749616446763,1.5230632032944358
29-2012.00,Medical and Clinical Laboratory Technicians,Healthcare Practitioners and Technical Occupations,9572906.784019232,126942.29540384616,60.737940384615385,157610.0,2090.0,887885.7509692309,11773.879953846155,9.274985863765485,9.274985863765487,0.013260579912442104,1.418557103417567
29-2021.00,Dental Hygienists,Healthcare Practitioners and Technical Occupations,18186249.33703846,225797.86013076923,90.68187153846154,200550.0,2490.0,1830737.6446153848,22730.175692307694,10.066603677795563,10.066603677795563,0.012415856394913986,1.3281923867818293
29-2031.00,Cardiovascular Technologists and Technicians,Healthcare Practitioners and Technical Occupations,7627185.288692308,38581.0929,148.38881884615384,51400.0,260.0,1703975.6733846152,8619.3322,22.340819173632063,22.340819173632067,0.005058365758754865,0.5411211821915284
29-2032.00,Diagnostic Medical Sonographers,Healthcare Practitioners and Technical Occupations,8149938.804807693,69191.3172,133.0602253846154,61250.0,520.0,618951.0384615385,5254.768000000001,7.594548293987385,7.594548293987385,0.008489795918367349,0.9082001229271692
29-2033.00,Nuclear Medicine Technologists,Healthcare Practitioners and Technical Occupations,1693914.4698,10297.3524,85.81127,19740.0,120.0,311834.8071461539,1895.652323076923,18.40912352457631,18.40912352457631,0.006079027355623099,0.6503069619977682
29-2034.00,Radiologic Technologists,Healthcare Practitioners and Technical Occupations,25390792.008034617,190830.12552692308,129.8164119230769,195590.0,1470.0,7698856.384119231,57862.46170384616,30.32145031822174,30.32145031822174,0.007515721662661691,0.8039980470141129
29-2035.00,Magnetic Resonance Imaging Technologists,Healthcare Practitioners and Technical Occupations,4888432.568169231,32141.517184615386,146.09780538461538,33460.0,220.0,589277.0836615384,3874.5056307692307,12.054520041834778,12.054520041834776,0.00657501494321578,0.70336547981767
29-2041.00,Emergency Medical Technicians and Paramedics,Healthcare Practitioners and Technical Occupations,8645390.841534616,82479.56140769231,36.495381153846154,236890.0,2260.0,713725.7898884617,6809.153130769232,8.255564184091536,8.255564184091538,0.009540292962978597,1.0205775645316826
29-2051.00,Dietetic Technicians,Healthcare Practitioners and Technical Occupations,365628.1559423077,6188.524919230769,12.629642692307693,28950.0,490.0,141783.72732692308,2399.7936576923075,38.778120618614246,38.778120618614246,0.016925734024179618,1.8106387796832506
29-2052.00,Pharmacy Technicians,Healthcare Practitioners and Technical Occupations,45338283.917430766,439725.07396923075,119.49050923076923,379430.0,3680.0,2112182.7586192307,20485.550830769233,4.658717922508709,4.65871792250871,0.00969875866431226,1.037529511411773
29-2053.00,Psychiatric Technicians,Healthcare Practitioners and Technical Occupations,2233497.1775576924,27512.71116923077,38.21209884615384,58450.0,720.0,126267.69157692305,1555.393292307692,5.653362486671935,5.653362486671935,0.012318220701454234,1.3177477601200287
29-2054.00,Respiratory Therapy Technicians,Healthcare Practitioners and Technical Occupations,878881.3423076923,8349.372751923078,87.88813423076923,10000.0,95.0,0.0,0.0,0.0,0.0,,
29-2055.00,Surgical Technologists,Healthcare Practitioners and Technical Occupations,9166254.013007693,112441.33276153846,91.4157176923077,100270.0,1230.0,554433.6321769231,6801.170515384615,6.048639186631035,6.048639186631035,0.01226687942555101,1.3122555017035846
29-2056.00,Veterinary Technologists and Technicians,Healthcare Practitioners and Technical Occupations,9861541.447153846,101920.09638461539,102.94959230769231,95790.0,990.0,548323.6601192307,5666.984273076923,5.560222639204982,5.560222639204982,0.010335108048856876,1.105603301974596
29-2057.00,Ophthalmic Medical Technicians,Healthcare Practitioners and Technical Occupations,3887749.027123077,26805.215457692306,99.27857576923077,39160.0,270.0,0.0,0.0,0.0,0.0,,
29-2061.00,Licensed Practical and Licensed Vocational Nurses,Healthcare Practitioners and Technical Occupations,44059875.9425,125118.0414,63.19093,697250.0,1980.0,2638184.5568269235,7491.725238461539,5.987725794484454,5.987725794484455,0.0028397275008963784,0.3037812557795527
29-2071.00,Medical Records and Health Information Technicians,Healthcare Practitioners and Technical Occupations,13483974.50055,112881.16388076922,70.99444269230769,189930.0,1590.0,7970422.5309,66724.43439230768,59.110335239620134,59.11033523962013,0.008371505291423154,0.8955459245265427
29-2081.00,"Opticians, Dispensing",Healthcare Practitioners and Technical Occupations,8189235.0996,65718.83445,111.387855,73520.0,590.0,0.0,0.0,0.0,0.0,,
29-2091.00,Orthotists and Prosthetists,Healthcare Practitioners and Technical Occupations,249464.26738461538,3513.5812307692304,35.135812307692305,7100.0,100.0,0.0,0.0,0.0,0.0,,
29-2092.00,Hearing Aid Specialists,Healthcare Practitioners and Technical Occupations,104991.5256,993.16308,17.735055,5920.0,56.0,0.0,0.0,0.0,0.0,,
29-2099.01,Neurodiagnostic Technologists,Healthcare Practitioners and Technical Occupations,5570580.179446153,29454.134769230768,53.55297230769231,104020.0,550.0,247627.3714923077,1309.3160384615385,4.445270753053368,4.445270753053368,0.005287444722168814,0.565627017753779
29-2099.05,Ophthalmic Medical Technologists,Healthcare Practitioners and Technical Occupations,12346657.620715385,65282.269673076924,118.69503576923077,104020.0,550.0,0.0,0.0,0.0,0.0,,
29-2099.06,Radiologic Technicians,Healthcare Practitioners and Technical Occupations,15218338.600876924,80466.12411538462,146.30204384615385,104020.0,550.0,1356305.0177384615,7171.3878076923065,8.912306745890826,8.912306745890824,0.005287444722168813,0.5656270177537789
29-2099.07,Surgical Assistants,Healthcare Practitioners and Technical Occupations,9569593.192546153,50598.69501923077,91.99762730769231,104020.0,550.0,867649.9036692309,4587.650903846154,9.066737594917322,9.066737594917319,0.005287444722168813,0.5656270177537789
29-9011.00,Occupational Health and Safety Specialists,Healthcare Practitioners and Technical Occupations,482195.1224,5150.19,6.8669199999999995,70220.0,750.0,23483.75562307692,250.82336538461536,4.8701769329794695,4.87017693297947,0.010680717744232413,1.1425750703001234
29-9012.00,Occupational Health and Safety Technicians,Healthcare Practitioners and Technical Occupations,128460.26157692306,1200.5631923076921,8.003754615384615,16050.0,150.0,9221.626269230768,86.18342307692308,7.178582820889543,7.1785828208895435,0.009345794392523366,0.9997709836320832
29-9091.00,Athletic Trainers,Healthcare Practitioners and Technical Occupations,858105.813923077,5123.019784615385,36.592998461538464,23450.0,140.0,43475.3890576923,259.55456153846154,5.0664368370763135,5.066436837076314,0.005970149253731344,0.6386596731261666
29-9092.00,Genetic Counselors,Healthcare Practitioners and Technical Occupations,80500.68083076923,1597.2357307692307,31.944714615384616,2520.0,50.0,23554.545646153845,467.3520961538461,29.26005768282987,29.26005768282987,0.01984126984126984,2.1225296676316048
29-9099.01,Midwives,Healthcare Practitioners and Technical Occupations,1941795.7254769232,25109.427484615386,49.23417153846154,39440.0,510.0,296441.4157538462,3833.294169230769,15.266354326793946,15.266354326793946,0.012931034482758619,1.3833038178702526
31-1011.00,Home Health Aides,Healthcare Support Occupations,13907353.90771154,48807.841846153846,16.947167307692308,820630.0,2880.0,519745.37924615387,1824.0457846153847,3.7371981952509197,3.7371981952509197,0.0035094987997026676,0.37543037217267555
31-1013.00,Psychiatric Aides,Healthcare Support Occupations,4370259.55575,41660.418195,62.83622653846154,69550.0,663.0,0.0,0.0,0.0,0.0,,
31-1014.00,Nursing Assistants,Healthcare Support Occupations,131117102.46393462,985752.6586615385,92.29893807692308,1420570.0,10680.0,7020030.768999999,52777.356,5.354016094834726,5.354016094834727,0.007518108928106324,0.8042534259173426
31-2011.00,Occupational Therapy Assistants,Healthcare Support Occupations,2352813.3610615386,5308.095569230769,66.35119461538461,35460.0,80.0,287993.3953153846,649.7312923076922,12.240384217533014,12.240384217533014,0.0022560631697687533,0.24134347489821292
31-2012.00,Occupational Therapy Aides,Healthcare Support Occupations,370350.5863769231,5381.580515384615,48.92345923076923,7570.0,110.0,39081.9185076923,567.9010615384615,10.552681687377378,10.55268168737738,0.01453104359313078,1.554465584854639
31-2021.00,Physical Therapist Assistants,Healthcare Support Occupations,5139457.122626923,32900.6242,63.270431153846154,81230.0,520.0,0.0,0.0,0.0,0.0,,
31-2022.00,Physical Therapist Aides,Healthcare Support Occupations,3729096.7768923077,52387.390415384616,73.78505692307692,50540.0,710.0,0.0,0.0,0.0,0.0,,
31-9011.00,Massage Therapists,Healthcare Support Occupations,3672677.417615385,51845.81,39.88139230769231,92090.0,1300.0,1294938.6944307694,18280.164,35.258710395304846,35.258710395304846,0.014116625040721031,1.5101329549703848
31-9091.00,Dental Assistants,Healthcare Support Occupations,17422760.78333846,271228.0237076923,53.922072307692304,323110.0,5030.0,2261547.551192308,35206.53703846154,12.980420148769106,12.980420148769106,0.015567453808300578,1.6653360809031703
31-9092.00,Medical Assistants,Healthcare Support Occupations,51650026.08536923,624535.4428192308,85.90583807692308,601240.0,7270.0,6182776.847492307,74760.1418423077,11.970520280615476,11.970520280615476,0.0120916772004524,1.2935131569049982
31-9093.00,Medical Equipment Preparers,Healthcare Support Occupations,3306418.7032692307,25620.967500000002,65.69478846153847,50330.0,390.0,0.0,0.0,0.0,0.0,,
31-9094.00,Medical Transcriptionists,Healthcare Support Occupations,4885825.246546154,28725.239215384616,84.48599769230769,57830.0,340.0,2484968.8235038463,14609.880684615384,50.860779870514186,50.860779870514186,0.005879301400657098,0.628941179051274
31-9095.00,Pharmacy Aides,Healthcare Support Occupations,2927495.6047384613,22317.921276923076,76.95834923076923,38040.0,290.0,325777.8958153846,2483.5854307692307,11.12821127000425,11.128211270004252,0.007623554153522609,0.8155334811278534
31-9096.00,Veterinary Assistants and Laboratory Animal Caretakers,Healthcare Support Occupations,6164722.782784616,30978.506446153846,81.52238538461538,75620.0,380.0,706128.5078461538,3548.3844615384614,11.454343248297604,11.454343248297604,0.005025125628140704,0.5375653027569491
31-9097.00,Phlebotomists,Healthcare Support Occupations,13622628.95236923,116442.5799076923,115.28968307692307,118160.0,1010.0,1570065.9063384612,13420.502415384613,11.525425171808687,11.525425171808687,0.008547731888964117,0.9143978520744687
31-9099.01,Speech-Language Pathology Assistants,Healthcare Support Occupations,4264676.022700001,30880.74777692308,44.754706923076924,95290.0,690.0,324554.5881000001,2350.1171769230777,7.610298798137589,7.610298798137591,0.007241053625773953,0.7746152977390774
31-9099.02,Endoscopy Technicians,Healthcare Support Occupations,5160204.149350001,37365.31496538462,54.152630384615385,95290.0,690.0,0.0,0.0,0.0,0.0,,
33-1011.00,First-Line Supervisors of Correctional Officers,Protective Service Occupations,1854253.600646154,13518.782130769232,43.60897461538462,42520.0,310.0,361595.54218461545,2636.2798230769235,19.500867737757652,19.500867737757652,0.00729068673565381,0.779924824249205
33-1012.00,First-Line Supervisors of Police and Detectives,Protective Service Occupations,1226845.4792884616,12223.228846153846,12.223228846153846,100370.0,1000.0,245172.06182692308,2442.6826923076924,19.983939784260073,19.983939784260077,0.009963136395337252,1.0658114501208815
33-1021.01,Municipal Fire Fighting and Prevention Supervisors,Protective Service Occupations,564134.4726,6116.068107692307,9.708044615384615,58110.0,630.0,11332.947449999998,122.8662346153846,2.008908868442017,2.008908868442017,0.010841507485802789,1.1597756325355142
33-1021.02,Forest Fire Fighting and Prevention Supervisors,Protective Service Occupations,1142327.274,12384.549692307693,19.658015384615386,58110.0,630.0,125785.3083,1363.7023615384614,11.011319712217604,11.0113197122176,0.010841507485802787,1.159775632535514
33-2011.01,Municipal Firefighters,Protective Service Occupations,3384150.189288461,30785.267884615383,10.615609615384615,318790.0,2900.0,0.0,0.0,0.0,0.0,,
33-2011.02,Forest Firefighters,Protective Service Occupations,9988524.090626923,90864.58126923077,31.33261423076923,318790.0,2900.0,0.0,0.0,0.0,0.0,,
33-2021.01,Fire Inspectors,Protective Service Occupations,243719.8418692308,2320.1970300000003,19.830743846153847,12290.0,117.0,0.0,0.0,0.0,0.0,,
33-2021.02,Fire Investigators,Protective Service Occupations,53984.34496153846,513.9274499999999,4.392542307692308,12290.0,117.0,0.0,0.0,0.0,0.0,,
33-2022.00,Forest Fire Inspectors and Prevention Specialists,Protective Service Occupations,9111.675692307692,88.35564307692307,5.522227692307692,1650.0,16.0,0.0,0.0,0.0,0.0,,
33-3011.00,Bailiffs,Protective Service Occupations,500830.47990000003,3389.7156,28.24763,17730.0,120.0,0.0,0.0,0.0,0.0,,
33-3012.00,Correctional Officers and Jailers,Protective Service Occupations,26409636.381361537,129026.25128461538,61.73504846153846,427790.0,2090.0,1798638.448030769,8787.382492307692,6.81053847943226,6.81053847943226,0.004885574697865776,0.5226367728783813
33-3021.01,Police Detectives,Protective Service Occupations,1351264.7328384614,4817.795069230769,12.678408076923075,106580.0,380.0,98045.19657692307,349.57003846153845,7.2558096273977135,7.2558096273977135,0.0035653968849690375,0.3814100975274958
33-3021.02,Police Identification and Records Officers,Protective Service Occupations,2118298.160123077,7552.573661538462,19.87519384615385,106580.0,380.0,5013.974115384608,17.876807692307665,0.23669822359158763,0.23669822359158763,0.003565396884969037,0.3814100975274957
33-3021.03,Criminal Investigators and Special Agents,Protective Service Occupations,1522771.9570846152,5429.286392307692,14.28759576923077,106580.0,380.0,265452.7801307692,946.4445153846153,17.432208341883648,17.432208341883648,0.003565396884969038,0.38141009752749583
33-3021.05,Immigration and Customs Inspectors,Protective Service Occupations,3192132.201515385,11381.218207692307,29.95057423076923,106580.0,380.0,831183.1094384615,2963.497669230769,26.038492674077784,26.03849267407779,0.0035653968849690375,0.3814100975274958
33-3021.06,Intelligence Analysts,Protective Service Occupations,2946976.188646154,10507.139723076923,27.650367692307693,106580.0,380.0,1905730.0070615385,6794.683830769231,64.66730251855324,64.66730251855324,0.003565396884969037,0.3814100975274957
33-3031.00,Fish and Game Wardens,Protective Service Occupations,73122.63055384616,701.3538276923078,12.988033846153849,5630.0,54.0,24471.472765384624,234.71750076923087,33.46634630077248,33.46634630077248,0.009591474245115453,1.0260527075357329
33-3041.00,Parking Enforcement Workers,Protective Service Occupations,481126.01175,5523.834807692308,55.238348076923074,8710.0,100.0,0.0,0.0,0.0,0.0,,
33-3051.01,Police Patrol Officers,Protective Service Occupations,32904425.87796923,225993.31873846153,50.33258769230769,653740.0,4490.0,10598661.689,72793.4515,32.21044405487168,32.21044405487169,0.006868173891761251,0.7347263035248901
33-3051.03,Sheriffs and Deputy Sheriffs,Protective Service Occupations,23687305.387815382,162688.53243076924,36.23352615384615,653740.0,4490.0,2069025.2461384614,14210.425176923076,8.734742986860617,8.734742986860617,0.006868173891761251,0.7347263035248901
33-3052.00,Transit and Railroad Police,Protective Service Occupations,48713.173938461536,458.32287307692303,13.09493923076923,3720.0,35.0,887.9325230769228,8.354203846153844,1.822776984720051,1.822776984720051,0.009408602150537635,1.006489874651116
33-9011.00,Animal Control Workers,Protective Service Occupations,276802.4972461538,3990.3243153846156,21.001706923076924,13180.0,190.0,0.0,0.0,0.0,0.0,,
33-9021.00,Private Detectives and Investigators,Protective Service Occupations,467130.81107692304,1226.8701538461537,15.335876923076922,30460.0,80.0,193695.26886923076,508.72033846153846,41.464888266026776,41.464888266026776,0.0026263952724885097,0.28095993499312644
33-9031.00,Gaming Surveillance Officers and Gaming Investigators,Protective Service Occupations,327785.355923077,3139.3527046153845,30.777967692307694,10650.0,102.0,0.0,0.0,0.0,0.0,,
33-9032.00,Security Guards,Protective Service Occupations,41506816.87277692,214026.73277692308,37.81391038461538,1097660.0,5660.0,2816927.8132384615,14525.273238461537,6.7866630724120895,6.786663072412089,0.005156423664887123,0.5516109752630706
33-9091.00,Crossing Guards,Protective Service Occupations,1303021.2624,29614.1196,18.98341,68640.0,1560.0,140555.34240000002,3194.4396,10.786880188057324,10.78688018805732,0.022727272727272724,2.431261255650747
33-9092.00,"Lifeguards, Ski Patrol, and Other Recreational Protective Service Workers",Protective Service Occupations,5081830.3485115385,68154.70926923076,35.870899615384616,141670.0,1900.0,0.0,0.0,0.0,0.0,,
33-9093.00,Transportation Security Screeners,Protective Service Occupations,5702162.243584615,55903.55140769231,136.35012538461538,41820.0,410.0,264302.4,2591.2000000000003,4.6351259173195425,4.6351259173195425,0.00980392156862745,1.0487793651826753
33-9099.02,Retail Loss Prevention Specialists,Protective Service Occupations,3264140.012030769,17912.467015384616,27.140101538461536,120270.0,660.0,786577.8732576923,4316.466253846153,24.09755311838865,24.09755311838865,0.005487652781242205,0.5870443740259225
35-1011.00,Chefs and Head Cooks,Food Preparation and Serving Related Occupations,4059424.8519423073,31064.62551923077,31.378409615384612,129370.0,990.0,1043216.6421884614,7983.183703846154,25.69863170861052,25.69863170861052,0.0076524696606632145,0.818626731824585
35-1012.00,First-Line Supervisors of Food Preparation and Serving Workers,Food Preparation and Serving Related Occupations,45187458.80480385,392027.74495,51.111831153846154,884090.0,7670.0,3744805.6396807693,32488.388349999997,8.287267615240761,8.287267615240761,0.008675587327082084,0.9280752508873691
35-2011.00,"Cooks, Fast Food",Food Preparation and Serving Related Occupations,58690784.647230774,395026.5307692308,112.86472307692308,520010.0,3500.0,10541325.713903846,70949.86634615384,17.960785116886697,17.960785116886694,0.006730639795388549,0.7200135254518472
35-2012.00,"Cooks, Institution and Cafeteria",Food Preparation and Serving Related Occupations,8972946.379269231,83086.93990384616,22.156517307692308,404980.0,3750.0,1743394.1964384615,16143.336057692308,19.429450737233157,19.429450737233157,0.009259716529211318,0.9905627615743328
35-2013.00,"Cooks, Private Household",Food Preparation and Serving Related Occupations,2940.4660153846153,30.952273846153847,7.738068461538462,380.0,4.0,226.81250000000003,2.3875,7.713488229869332,7.713488229869331,0.010526315789473684,1.1260578447224514
35-2014.00,"Cooks, Restaurant",Food Preparation and Serving Related Occupations,98466122.691,651158.5332115385,85.56616730769231,1150760.0,7610.0,21128867.569,139725.64409615385,21.458007070416738,21.458007070416738,0.006613020960061177,0.7074311922921341
35-2015.00,"Cooks, Short Order",Food Preparation and Serving Related Occupations,14299230.93923077,33310.834615384614,74.02407692307692,193170.0,450.0,1683776.7064615383,3922.4492307692303,11.775295563917352,11.775295563917352,0.002329554278614692,0.24920522266337838
35-2021.00,Food Preparation Workers,Food Preparation and Serving Related Occupations,80514625.1640923,730729.4376461538,93.32432153846153,862740.0,7830.0,10506136.801776923,95350.91818846154,13.048730935982078,13.048730935982078,0.009075735447527645,0.9708812942448426
35-3011.00,Bartenders,Food Preparation and Serving Related Occupations,51490141.954615384,209753.61230769232,87.39733846153847,589150.0,2400.0,13478903.397403846,54908.54307692307,26.177638836739792,26.177638836739785,0.0040736654502249005,0.4357823790150538
35-3021.00,"Combined Food Preparation and Serving Workers, Including Fast Food",Food Preparation and Serving Related Occupations,300560757.4981,3561172.987773077,93.44458115384616,3216460.0,38110.0,13690963.432200002,162216.41693076925,4.555140047611355,4.555140047611355,0.011848429640039048,1.2674916286617584
35-3022.00,"Counter Attendants, Cafeteria, Food Concession, and Coffee Shop",Food Preparation and Serving Related Occupations,42087527.132865384,284532.9585269231,86.48418192307693,486650.0,3290.0,4045169.3774423073,27347.389811538458,9.611325855929199,9.611325855929197,0.006760505496763588,0.7232084236473897
35-3022.01,Baristas,Food Preparation and Serving Related Occupations,54321016.6275,367237.5315,111.62235,486650.0,3290.0,4425804.546673077,29920.67596538462,8.147499478926385,8.147499478926386,0.006760505496763589,0.7232084236473898
35-3031.00,Waiters and Waitresses,Food Preparation and Serving Related Occupations,413307425.0175923,2916342.5064,164.95149923076923,2505630.0,17680.0,49389816.33316153,348499.9592,11.949898149315674,11.949898149315676,0.00705610964108827,0.7548308233840709
35-3041.00,"Food Servers, Nonrestaurant",Food Preparation and Serving Related Occupations,12839961.111830771,54442.5938923077,49.947333846153846,257070.0,1090.0,0.0,0.0,0.0,0.0,,
35-9011.00,Dining Room and Cafeteria Attendants and Bartender Helpers,Food Preparation and Serving Related Occupations,52828743.475834616,362147.4796807692,127.96730730769231,412830.0,2830.0,0.0,0.0,0.0,0.0,,
35-9021.00,Dishwashers,Food Preparation and Serving Related Occupations,22743538.16153846,185551.24203076924,45.03670923076923,505000.0,4120.0,0.0,0.0,0.0,0.0,,
35-9031.00,"Hosts and Hostesses, Restaurant, Lounge, and Coffee Shop",Food Preparation and Serving Related Occupations,47114449.87119231,407124.7362,120.45110538461537,391150.0,3380.0,6030214.8245,52108.2094,12.799077227869999,12.799077227869999,0.008641186245685798,0.924395178167913
37-1011.00,First-Line Supervisors of Housekeeping and Janitorial Workers,Building and Grounds Cleaning and Maintenance Occupations,3556366.6398,31319.548049999998,21.305815,166920.0,1470.0,801834.5028,7061.446915384616,22.546452152219405,22.546452152219405,0.008806613946800863,0.9420918884225398
37-1012.00,"First-Line Supervisors of Landscaping, Lawn Service, and Groundskeeping Workers",Building and Grounds Cleaning and Maintenance Occupations,3275225.090153846,29760.38264615385,31.65998153846154,103450.0,940.0,378185.5470192308,3436.388730769231,11.546856677305998,11.546856677305998,0.009086515224746254,0.9720344662514733
37-2011.00,"Janitors and Cleaners, Except Maids and Housekeeping Cleaners",Building and Grounds Cleaning and Maintenance Occupations,57525979.889230765,523845.2576923077,26.795153846153845,2146880.0,19550.0,0.0,0.0,0.0,0.0,,
37-2012.00,Maids and Housekeeping Cleaners,Building and Grounds Cleaning and Maintenance Occupations,49183527.110523075,429049.5973538462,53.100197692307695,926240.0,8080.0,1135912.9488,9909.069599999999,2.309539424139765,2.309539424139765,0.00872344100880981,0.9331944221896632
37-2021.00,Pest Control Workers,Building and Grounds Cleaning and Maintenance Occupations,2399788.553557692,10248.207346153846,34.16069115384615,70250.0,300.0,758596.0299999999,3239.5559999999996,31.610952926472606,31.610952926472606,0.004270462633451958,0.45683485515430416
37-3011.00,Landscaping and Groundskeeping Workers,Building and Grounds Cleaning and Maintenance Occupations,23762668.55246154,260020.26776923076,26.532680384615386,895600.0,9800.0,0.0,0.0,0.0,0.0,,
37-3012.00,"Pesticide Handlers, Sprayers, and Applicators, Vegetation",Building and Grounds Cleaning and Maintenance Occupations,661334.9845384615,6012.136223076923,27.327891923076923,24200.0,220.0,0.0,0.0,0.0,0.0,,
37-3013.00,Tree Trimmers and Pruners,Building and Grounds Cleaning and Maintenance Occupations,2168271.9027076922,20678.489510384614,53.99083423076923,40160.0,383.0,46055.951384615386,439.22881923076926,2.1240856060119437,2.1240856060119437,0.009536852589641435,1.0202095288900996
39-1011.00,Gaming Supervisors,Personal Care and Service Occupations,1899191.3962153846,18119.493886153847,83.88654576923076,22640.0,216.0,236658.9328615385,2257.8767446153847,12.461036488114932,12.46103648811493,0.009540636042402826,1.020614265622999
39-1012.00,Slot Supervisors,Personal Care and Service Occupations,644412.692,6109.36708,83.68996,7700.0,73.0,0.0,0.0,0.0,0.0,,
39-1021.00,First-Line Supervisors of Personal Service Workers,Personal Care and Service Occupations,4286159.266615384,31115.056015384616,24.12019846153846,177700.0,1290.0,1266487.1052692307,9193.969419230769,29.54829782303743,29.54829782303743,0.007259425998874508,0.776580691450402
39-1021.01,Spa Managers,Personal Care and Service Occupations,7239365.886884616,52553.64093461539,40.73925653846154,177700.0,1290.0,2495351.839923077,18114.822023076922,34.469204608705375,34.469204608705375,0.007259425998874507,0.7765806914504019
39-2011.00,Animal Trainers,Personal Care and Service Occupations,657449.0281692308,8414.45001923077,56.096333461538464,11720.0,150.0,39800.29509230769,509.3894423076923,6.053746128903379,6.053746128903378,0.012798634812286689,1.369140297550762
39-2021.00,Nonfarm Animal Caretakers,Personal Care and Service Occupations,6606204.8210307695,55412.26610769231,37.953606923076926,174060.0,1460.0,539986.0702153845,4529.355753846153,8.173922620387817,8.173922620387817,0.008387912214179019,0.8973010632138574
39-3011.00,Gaming Dealers,Personal Care and Service Occupations,12203649.4765,116378.32219423077,128.59483115384614,94900.0,905.0,0.0,0.0,0.0,0.0,,
39-3012.00,Gaming and Sports Book Writers and Runners,Personal Care and Service Occupations,1727023.2245884615,16474.433346923077,139.61384192307693,12370.0,118.0,0.0,0.0,0.0,0.0,,
39-3021.00,Motion Picture Projectionists,Personal Care and Service Occupations,347847.04676923074,4332.614461538461,61.8944923076923,5620.0,70.0,0.0,0.0,0.0,0.0,,
39-3031.00,"Ushers, Lobby Attendants, and Ticket Takers",Personal Care and Service Occupations,9660578.704615384,155077.7107846154,84.74191846153846,114000.0,1830.0,614086.65,9857.706750000001,6.356623850149033,6.356623850149033,0.01605263157894737,1.7172382132017385
39-3091.00,Amusement and Recreation Attendants,Personal Care and Service Occupations,27971523.795703847,435092.16551538464,102.13431115384616,273870.0,4260.0,1506130.5794538462,23427.598015384614,5.3845138736602305,5.38451387366023,0.015554825282068132,1.6639851380551942
39-3092.00,Costume Attendants,Personal Care and Service Occupations,105361.86821538462,1205.1194076923077,17.215991538461537,6120.0,70.0,2834.6451230769226,32.42241153846153,2.6903899589956364,2.6903899589956364,0.011437908496732025,1.2235759260464545
39-3093.00,"Locker Room, Coatroom, and Dressing Room Attendants",Personal Care and Service Occupations,1144504.4542615386,7879.548738461538,65.66290615384615,17430.0,120.0,93085.92057692308,640.8669230769231,8.133294739947896,8.133294739947896,0.0068846815834767644,0.7364922220215689
39-4011.00,Embalmers,Personal Care and Service Occupations,46893.374042307696,442.3903211538462,12.63972346153846,3710.0,35.0,0.0,0.0,0.0,0.0,,
39-4021.00,Funeral Attendants,Personal Care and Service Occupations,1007712.0443115385,2855.517269230769,28.555172692307693,35290.0,100.0,47218.983688461536,133.80273076923078,4.68576156800043,4.685761568000431,0.0028336639274582037,0.3031326020080275
39-4031.00,"Morticians, Undertakers, and Funeral Directors",Personal Care and Service Occupations,407648.6137038462,2240.7069461538463,16.005049615384614,25470.0,140.0,43174.79456538461,237.3172846153846,10.591179048323907,10.591179048323907,0.005496662740478995,0.5880082188774481
39-5011.00,Barbers,Personal Care and Service Occupations,965400.7260961538,9216.717733461539,67.27531192307693,14350.0,137.0,126180.56553846154,1204.6506953846156,13.070278706823135,13.070278706823139,0.009547038327526134,1.021299153244788
39-5012.00,"Hairdressers, Hairstylists, and Cosmetologists",Personal Care and Service Occupations,28580556.825999998,213526.76,82.12567692307692,348010.0,2600.0,3364652.2334,25137.484,11.772521626797504,11.772521626797502,0.0074710496824803895,0.7992192398104812
39-5091.00,"Makeup Artists, Theatrical and Performance",Personal Care and Service Occupations,63533.78314615385,602.1175526923078,20.762674230769232,3060.0,29.0,5382.496453846154,51.010587307692305,8.471865183069921,8.471865183069921,0.009477124183006535,1.0138200530099195
39-5092.00,Manicurists and Pedicurists,Personal Care and Service Occupations,10314293.045415385,98418.82676923077,123.02353346153846,83840.0,800.0,0.0,0.0,0.0,0.0,,
39-5093.00,Shampooers,Personal Care and Service Occupations,202893.62455384614,1936.7725846153846,13.357052307692307,15190.0,145.0,64751.452930769236,618.101426923077,31.91399092660242,31.91399092660242,0.009545753785385122,1.0211617387130856
39-5094.00,Skincare Specialists,Personal Care and Service Occupations,2772358.106930769,46217.46533076923,68.98129153846153,40190.0,670.0,0.0,0.0,0.0,0.0,,
39-6011.00,Baggage Porters and Bellhops,Personal Care and Service Occupations,2998681.4793653847,22546.477288461538,64.41850653846154,46550.0,350.0,319222.3184230769,2400.1678076923076,10.645422683926881,10.645422683926885,0.0075187969924812035,0.8043270319446082
39-6012.00,Concierges,Personal Care and Service Occupations,1247791.8646846153,5558.092938461538,39.700663846153844,31430.0,140.0,209338.6325423077,932.4660692307692,16.776726829776127,16.776726829776127,0.004454342984409799,0.47650554676451173
39-7011.00,Tour Guides and Escorts,Personal Care and Service Occupations,1402438.2224923077,30055.035661538463,39.03251384615385,35930.0,770.0,167414.88147307694,3587.7945653846164,11.937415765491604,11.937415765491604,0.02143055942109658,2.2925447075270617
39-7012.00,Travel Guides,Personal Care and Service Occupations,49529.00271923077,475.9014496153846,17.625979615384615,2810.0,27.0,10752.883257692307,103.31951884615384,21.71027613587958,21.71027613587958,0.009608540925266904,1.0278784240971843
39-9011.00,Childcare Workers,Personal Care and Service Occupations,54012557.97366154,510512.1097538462,94.19042615384616,573440.0,5420.0,3751944.9166769236,35462.36999230769,6.94643071432852,6.946430714328519,0.009451729910714284,1.0111034881549772
39-9011.01,Nannies,Personal Care and Service Occupations,26833297.06141538,253621.07643846155,46.79355653846154,573440.0,5420.0,5978270.357661538,56504.99675384615,22.27929852965374,22.27929852965374,0.009451729910714286,1.0111034881549774
39-9021.00,Personal Care Aides,Personal Care and Service Occupations,33882373.651338466,167774.94895384615,24.74556769230769,1369230.0,6780.0,3633968.544242308,17994.27906923077,10.725247828375666,10.72524782837567,0.0049516881751057165,0.5297092948487332
39-9031.00,Fitness Trainers and Aerobics Instructors,Personal Care and Service Occupations,9813379.214030769,128363.09453076923,41.27430692307692,237760.0,3110.0,1495926.48,19567.3425,15.243744762876233,15.24374476287623,0.013080417227456257,1.3992841109658827
39-9032.00,Recreation Workers,Personal Care and Service Occupations,9289326.31476923,91193.74338461539,27.63446769230769,336150.0,3300.0,473345.0974038461,4646.850576923076,5.09558046907307,5.095580469073069,0.009817045961624275,1.0501833536233482
39-9041.00,Residential Advisors,Personal Care and Service Occupations,2943868.6199769233,56557.647565384614,28.70946576923077,102540.0,1970.0,544596.9206076923,10462.804111538462,18.499362264745407,18.499362264745407,0.01921201482348352,2.055214800466226
41-1011.00,First-Line Supervisors of Retail Sales Workers,Sales and Related Occupations,50155109.23136538,420952.5438692308,42.01123192307692,1193850.0,10020.0,20864508.70430769,175116.11778461537,41.59996663163421,41.59996663163421,0.008393014197763539,0.8978468504345618
41-1012.00,First-Line Supervisors of Non-Retail Sales Workers,Sales and Related Occupations,2572732.665326923,21487.014796153846,10.380200384615385,247850.0,2070.0,1501859.372173077,12543.267703846153,58.37603698253787,58.37603698253787,0.008351825701028848,0.8934406905978215
41-2011.00,Cashiers,Sales and Related Occupations,417608025.0944462,3474444.214969231,120.05681461538462,3478420.0,28940.0,112574312.58099231,936603.5746384616,26.956932294472196,26.956932294472196,0.008319869365976507,0.8900221458292661
41-2012.00,Gaming Change Persons and Booth Cashiers,Sales and Related Occupations,1550007.04005,14758.733114999999,68.012595,22790.0,217.0,0.0,0.0,0.0,0.0,,
41-2021.00,Counter and Rental Clerks,Sales and Related Occupations,41324626.782557696,302273.8610423077,92.43848961538461,447050.0,3270.0,10174425.565096155,74422.03690384615,24.62073189101511,24.62073189101511,0.007314618051672071,0.78248488863221
41-2022.00,Parts Salespersons,Sales and Related Occupations,15507793.984846154,132661.96892307693,65.03037692307691,238470.0,2040.0,2809967.861803846,24037.968876923074,18.11971363915254,18.11971363915254,0.008554535161655554,0.9151256355399466
41-2031.00,Retail Salespersons,Sales and Related Occupations,443599413.86567694,4164295.4964615386,96.17310615384615,4612510.0,43300.0,146123807.6498577,1371739.2203461537,32.94048708867419,32.94048708867419,0.009387513523005911,1.0042339082767957
41-3011.00,Advertising Sales Agents,Sales and Related Occupations,7046838.523484616,53638.218046153845,47.05106846153846,149770.0,1140.0,3388255.9842192307,25790.29059230769,48.081930257481766,48.081930257481766,0.0076116712292181345,0.8142622994153802
41-3021.00,Insurance Sales Agents,Sales and Related Occupations,11781241.895446153,106786.00153846154,30.510286153846153,386140.0,3500.0,3304743.249276923,29954.42423076923,28.05089037815544,28.05089037815544,0.009064070026415289,0.9696333800440645
41-3031.01,"Sales Agents, Securities and Commodities",Sales and Related Occupations,11918863.865600001,108631.58935384615,37.330443076923075,319280.0,2910.0,8353439.300000001,76135.39326923077,70.08586887303528,70.08586887303528,0.009114257078426459,0.9750021647880283
41-3031.02,"Sales Agents, Financial Services",Sales and Related Occupations,3556225.372,32412.35226923077,11.138265384615385,319280.0,2910.0,2230531.9548,20329.641657692307,62.721895309620436,62.721895309620436,0.00911425707842646,0.9750021647880285
41-3031.03,Securities and Commodities Traders,Sales and Related Occupations,29319448.9984,267224.99556923076,91.82989538461538,319280.0,2910.0,21573405.391599998,196625.56279615386,73.58052804054158,73.5805280405416,0.00911425707842646,0.9750021647880285
41-3041.00,Travel Agents,Sales and Related Occupations,2483044.0448000003,20144.888584615386,37.30534923076923,66560.0,540.0,1414052.5056000003,11472.180784615386,56.948345663111134,56.948345663111134,0.008112980769230768,0.867890135731096
41-3099.01,Energy Brokers,Sales and Related Occupations,31566560.529715385,525171.7474038461,35.60486423076923,886580.0,14750.0,5976167.760046154,99425.29096153847,18.931957298358338,18.93195729835834,0.016636964515328565,1.7797475184612048
41-4011.00,"Sales Representatives, Wholesale and Manufacturing, Technical and Scientific Products",Sales and Related Occupations,17662379.300226923,231613.48862307693,52.87979192307692,334010.0,4380.0,9380845.049061539,123014.58433846153,53.11201220178199,53.11201220178198,0.013113379838926976,1.402810302652651
41-4011.07,Solar Sales Representatives and Assessors,Sales and Related Occupations,6977524.397046154,91498.92775384616,20.890166153846156,334010.0,4380.0,2497534.9811807694,32751.12486923077,35.793998545358996,35.79399854535899,0.013113379838926978,1.4028103026526513
41-4012.00,"Sales Representatives, Wholesale and Manufacturing, Except Technical and Scientific Products",Sales and Related Occupations,27242849.928461537,292229.3575384615,19.32733846153846,1409550.0,15120.0,14264109.28673077,153008.64276923076,52.359093575700264,52.359093575700264,0.010726827710971585,1.1475077068279445
41-9011.00,Demonstrators and Product Promoters,Sales and Related Occupations,2774161.585976923,23223.069961538462,33.175814230769234,83620.0,700.0,866344.3667692307,7252.344615384615,31.229052090855298,31.229052090855298,0.00837120306146855,0.8955135933274699
41-9012.00,Models,Sales and Related Occupations,69853.99351538462,673.4802065384615,15.662330384615384,4460.0,43.0,8202.30023076923,79.08047307692306,11.74206343544662,11.74206343544662,0.009641255605381165,1.031378093204308
41-9021.00,Real Estate Brokers,Sales and Related Occupations,723839.1004,3357.1512000000002,18.65084,38810.0,180.0,350384.75546538463,1625.077453846154,48.40644215983343,48.40644215983343,0.004637979902087091,0.49615019697897245
41-9022.00,Real Estate Sales Agents,Sales and Related Occupations,3061434.536576923,46617.75728076923,20.180847307692307,151700.0,2310.0,2017382.45,30719.535,65.89663851691216,65.89663851691216,0.015227422544495715,1.6289610680576265
41-9031.00,Sales Engineers,Sales and Related Occupations,1279265.2032307691,10631.012769230769,17.718354615384616,72200.0,600.0,709337.4529230769,5894.771076923077,55.4488194575803,55.4488194575803,0.008310249307479225,0.8889930353071985
41-9041.00,Telemarketers,Sales and Related Occupations,16544875.633892309,311589.1984153846,72.97170923076924,226730.0,4270.0,6350059.462626923,119590.49929615384,38.380823181401105,38.380823181401105,0.01883297313985798,2.014666628640508
41-9091.00,"Door-To-Door Sales Workers, News and Street Vendors, and Related Workers",Sales and Related Occupations,59777.93624615384,573.1040492307692,7.959778461538461,7510.0,72.0,30028.44615384615,287.8892307692307,50.233326942226455,50.233326942226455,0.009587217043941412,1.0255972913317666
43-1011.00,First-Line Supervisors of Office and Administrative Support Workers,Office and Administrative Support Occupations,38420614.39025,408359.7893,26.972245,1424450.0,15140.0,18381037.604019232,195365.86705384616,47.841602472353465,47.84160247235346,0.01062866369475938,1.137006562578049
43-2011.00,"Switchboard Operators, Including Answering Service",Office and Administrative Support Occupations,9010500.089423077,54690.59755769231,89.6567173076923,100500.0,610.0,1939872.6461538463,11774.351384615384,21.52902310528751,21.52902310528751,0.0060696517412935315,0.6493040010116025
43-2021.00,Telephone Operators,Office and Administrative Support Occupations,745341.2324999999,100143.28354615385,76.44525461538461,9750.0,1310.0,0.0,0.0,0.0,0.0,,
43-3011.00,Bill and Account Collectors,Office and Administrative Support Occupations,22672229.83253077,334784.47036153846,71.07950538461539,318970.0,4710.0,11659100.748565385,172161.53408076923,51.42458785344779,51.42458785344779,0.014766278960403799,1.5796300047686642
43-3021.01,Statement Clerks,Office and Administrative Support Occupations,8008097.960515385,64577.489815384615,16.307446923076924,491070.0,3960.0,0.0,0.0,0.0,0.0,,
43-3021.02,"Billing, Cost, and Rate Clerks",Office and Administrative Support Occupations,27358175.288723078,220616.9673230769,55.71135538461539,491070.0,3960.0,12804296.112980768,103254.14423076923,46.80244927832831,46.80244927832832,0.008064023458977335,0.8626529032206941
43-3031.00,"Bookkeeping, Accounting, and Auditing Clerks",Office and Administrative Support Occupations,80751344.30037692,712863.5588653847,51.10133038461539,1580220.0,13950.0,31815537.44863846,280863.8970576923,39.39939046747232,39.399390467472315,0.00882788472491172,0.9443673404452726
43-3041.00,Gaming Cage Workers,Office and Administrative Support Occupations,1531005.5458846153,14572.744006153845,86.74252384615384,17650.0,168.0,140747.69159615383,1339.6947415384614,9.193153609043904,9.193153609043904,0.009518413597733711,1.0182370085988852
43-3051.00,Payroll and Timekeeping Clerks,Office and Administrative Support Occupations,2293890.673576923,20916.09972307692,13.760591923076923,166700.0,1520.0,595120.8593461538,5426.416953846154,25.943732462984663,25.94373246298467,0.009118176364727055,0.9754214323810557
43-3061.00,Procurement Clerks,Office and Administrative Support Occupations,3044711.639873077,42175.24168846154,42.601254230769236,71470.0,990.0,761606.83305,10549.75185,25.014087477977014,25.01408747797702,0.013851965859801316,1.4818209080194007
43-3071.00,Tellers,Office and Administrative Support Occupations,52637710.92677692,541731.4469653846,105.60067192307692,498460.0,5130.0,2213799.086792307,22783.752588461535,4.205728265562062,4.205728265562062,0.010291698431167999,1.1009595366237748
43-4011.00,Brokerage Clerks,Office and Administrative Support Occupations,1816520.396726923,17378.434826923076,31.59715423076923,57490.0,550.0,523519.15273846156,5008.4455384615385,28.819888490201308,28.819888490201308,0.009566881196729866,1.023421854005011
43-4021.00,Correspondence Clerks,Office and Administrative Support Occupations,339048.1034769231,1852.721876923077,46.31804692307692,7320.0,40.0,149483.07983076922,816.8474307692308,44.08904763006397,44.08904763006398,0.00546448087431694,0.5845655478067371
43-4031.01,Court Clerks,Office and Administrative Support Occupations,6189334.4486384615,47065.374484615386,47.54078230769231,130190.0,990.0,1746702.1466923077,13282.395923076921,28.22116273061556,28.221162730615557,0.007604270681311928,0.8134706221380025
43-4031.02,Municipal Clerks,Office and Administrative Support Occupations,2307570.280723077,17547.38903076923,17.724635384615386,130190.0,990.0,1155027.6536923076,8783.142923076923,50.05384509157311,50.05384509157311,0.0076042706813119285,0.8134706221380026
43-4031.03,License Clerks,Office and Administrative Support Occupations,14222188.990611538,108149.37476538462,109.2417926923077,130190.0,990.0,2758183.758503846,20973.975888461537,19.393524866844334,19.393524866844334,0.0076042706813119285,0.8134706221380026
43-4041.01,Credit Authorizers,Office and Administrative Support Occupations,493679.2010307692,4597.29915,11.787946538461538,41880.0,390.0,140277.4626923077,1306.30875,28.414699748220652,28.414699748220645,0.009312320916905445,0.996190142000163
43-4041.02,Credit Checkers,Office and Administrative Support Occupations,617831.8328307692,5753.4483,14.75243153846154,41880.0,390.0,114187.02807692307,1063.34625,18.481894588328878,18.48189458832888,0.009312320916905445,0.996190142000163
43-4051.00,Customer Service Representatives,Office and Administrative Support Occupations,102432957.82621154,1673025.4784615384,39.45814807692308,2595990.0,42400.0,47386375.73548846,773956.1135384615,46.26086831924204,46.26086831924205,0.016332882638222797,1.7472182090616815
43-4051.03,Patient Representatives,Office and Administrative Support Occupations,45096987.13135385,736563.7981538462,17.37178769230769,2595990.0,42400.0,26017088.661242306,424934.05569230765,57.6914120348271,57.6914120348271,0.016332882638222797,1.7472182090616815
43-4061.00,"Eligibility Interviewers, Government Programs",Office and Administrative Support Occupations,6374570.894838462,93844.31926153846,48.87724961538461,130420.0,1920.0,2706729.707546154,39847.57735384615,42.46136331682833,42.461363316828326,0.014721668455758317,1.5748577739409224
43-4071.00,File Clerks,Office and Administrative Support Occupations,5835383.918430769,44421.32038076923,41.51525269230769,140560.0,1070.0,1446838.2496615385,11013.922361538462,24.794225536588467,24.794225536588467,0.007612407512805919,0.8143410637168269
43-4081.00,"Hotel, Motel, and Resort Desk Clerks",Office and Administrative Support Occupations,22726058.566453848,270982.1546923077,93.4421223076923,243210.0,2900.0,5960913.681588462,71077.05142307692,26.22942145536588,26.22942145536588,0.011923851815303647,1.2755599532134179
43-4111.00,"Interviewers, Except Eligibility and Loan",Office and Administrative Support Occupations,15226498.548346154,231644.63969230768,82.73022846153846,184050.0,2800.0,6335502.748615384,96383.63323076922,41.60840214511118,41.608402145111185,0.015213257267046998,1.6274457304872159
43-4121.00,"Library Assistants, Clerical",Office and Administrative Support Occupations,6457268.354296154,80643.27548076923,64.51462038461538,100090.0,1250.0,976973.8319653847,12201.191826923077,15.129831661950114,15.129831661950115,0.012488760115895694,1.3359912984393156
43-4131.00,Loan Interviewers and Clerks,Office and Administrative Support Occupations,10543287.105984615,149588.18474615386,48.725793076923075,216380.0,3070.0,2114267.289076923,29997.229769230766,20.053207958994264,20.053207958994264,0.01418800258803956,1.5177686034444169
43-4141.00,New Accounts Clerks,Office and Administrative Support Occupations,2371581.8981038462,24214.640576923077,48.429281153846155,48970.0,500.0,339509.85755769233,3466.508653846154,14.31575514339779,14.315755143397793,0.010210332856851134,1.0922554140150387
43-4151.00,Order Clerks,Office and Administrative Support Occupations,9809492.229861539,84432.66215384616,52.77041384615384,185890.0,1600.0,2492089.313919231,21450.012923076923,25.404875762406377,25.404875762406377,0.008607240841357793,0.9207638517285095
43-4161.00,"Human Resources Assistants, Except Payroll and Timekeeping",Office and Administrative Support Occupations,2089756.4836000002,12486.4868,15.043960000000002,138910.0,830.0,1153704.556526923,6893.49061923077,55.20760746914631,55.207607469146325,0.0059750917860485215,0.639188402968579
43-4171.00,Receptionists and Information Clerks,Office and Administrative Support Occupations,62059180.10449616,667720.1232692308,63.5923926923077,975890.0,10500.0,28651631.945415385,308274.63692307693,46.16824118071065,46.16824118071065,0.010759409359661437,1.1509931448325583
43-4181.00,Reservation and Transportation Ticket Agents and Travel Clerks,Office and Administrative Support Occupations,18162187.09603846,693462.9465384616,130.84206538461538,138810.0,5300.0,5295288.536838462,202183.05053846154,29.1555665010932,29.1555665010932,0.03818168719832865,4.084504897469594
43-5011.00,Cargo and Freight Agents,Office and Administrative Support Occupations,3573620.5752,23348.35928076923,44.05350807692307,81120.0,530.0,488913.1416000001,3194.328957692308,13.681170994842892,13.681170994842889,0.00653353057199211,0.6989276686609397
43-5011.01,Freight Forwarders,Office and Administrative Support Occupations,5063051.136,33079.59938461539,62.41433846153846,81120.0,530.0,1777477.8216000001,11613.20568846154,35.10685106380881,35.10685106380881,0.006533530571992111,0.6989276686609397
43-5021.00,Couriers and Messengers,Office and Administrative Support Occupations,4405497.077153847,27692.383923076923,60.200834615384615,73180.0,460.0,366058.12509230775,2300.993953846154,8.30912196016705,8.30912196016705,0.006285870456408854,0.6724341051430872
43-5031.00,"Police, Fire, and Ambulance Dispatchers",Office and Administrative Support Occupations,10853352.876961539,61286.317615384614,113.49318076923078,95630.0,540.0,1371086.2608346154,7742.199946153846,12.632835920640032,12.632835920640032,0.005646763567918017,0.6040653292299671
43-5032.00,"Dispatchers, Except Police, Fire, and Ambulance",Office and Administrative Support Occupations,13108451.153915385,125799.59724230769,66.56063346153846,196940.0,1890.0,0.0,0.0,0.0,0.0,,
43-5041.00,"Meter Readers, Utilities",Office and Administrative Support Occupations,633838.1902000001,5800.063507692308,18.125198461538464,34970.0,320.0,0.0,0.0,0.0,0.0,,
43-5051.00,Postal Service Clerks,Office and Administrative Support Occupations,6393192.9714,52016.8256,81.27629,78660.0,640.0,464447.30441538466,3778.8745846153847,7.264715870349814,7.264715870349814,0.00813628273582507,0.8703828751477884
43-5052.00,Postal Service Mail Carriers,Office and Administrative Support Occupations,8880454.0425,58462.872,28.10715,315950.0,2080.0,0.0,0.0,0.0,0.0,,
43-5053.00,"Postal Service Mail Sorters, Processors, and Processing Machine Operators",Office and Administrative Support Occupations,8618798.832738463,48609.617723076924,78.40260923076923,109930.0,620.0,0.0,0.0,0.0,0.0,,
43-5061.00,"Production, Planning, and Expediting Clerks",Office and Administrative Support Occupations,8873011.10996923,97022.9936,28.70502769230769,309110.0,3380.0,2354959.2905384614,25750.582,26.540700347963703,26.540700347963696,0.010934618744136392,1.1697362555089745
43-5071.00,"Shipping, Receiving, and Traffic Clerks",Office and Administrative Support Occupations,18553961.25533077,243602.88183846153,27.494681923076925,674820.0,8860.0,7786982.350176923,102238.61714615383,41.96937916931152,41.96937916931152,0.013129427106487655,1.404526967047342
43-5081.01,"Stock Clerks, Sales Floor",Office and Administrative Support Occupations,54885845.19229231,433340.66993076925,28.378563846153845,1934060.0,15270.0,11506901.97273077,90850.53882692308,20.96515400722425,20.96515400722425,0.007895308315150512,0.8446045171538753
43-5081.02,Marking Clerks,Office and Administrative Support Occupations,30522809.74832308,240986.9936076923,15.78172846153846,1934060.0,15270.0,0.0,0.0,0.0,0.0,,
43-5081.03,"Stock Clerks- Stockroom, Warehouse, or Storage Yard",Office and Administrative Support Occupations,126792578.82058461,1001066.5018615385,65.5577276923077,1934060.0,15270.0,16643971.384507691,131409.28566923077,13.126928673056979,13.126928673056979,0.007895308315150514,0.8446045171538754
43-5081.04,"Order Fillers, Wholesale and Retail Sales",Office and Administrative Support Occupations,88259464.58770001,696835.68465,45.634295,1934060.0,15270.0,0.0,0.0,0.0,0.0,,
43-5111.00,"Weighers, Measurers, Checkers, and Samplers, Recordkeeping",Office and Administrative Support Occupations,4306205.676184615,39734.308430769226,62.08485692307692,69360.0,640.0,952062.6504923077,8784.891815384615,22.10908447215309,22.10908447215309,0.00922722029988466,0.9870864613484004
43-6011.00,Executive Secretaries and Executive Administrative Assistants,Office and Administrative Support Occupations,25515192.32278077,202516.71801153844,38.28293346153846,666490.0,5290.0,7050040.474823076,55956.899746153846,27.63075576948945,27.63075576948945,0.007937103332383082,0.8490755598212546
43-6012.00,Legal Secretaries,Office and Administrative Support Occupations,6800111.008369231,48318.16763076923,33.55428307692308,202660.0,1440.0,723434.7004846153,5140.363015384614,10.638571923226674,10.638571923226674,0.00710549689134511,0.7601140489392645
43-6013.00,Medical Secretaries,Office and Administrative Support Occupations,44743191.90347692,436160.91360769235,84.36381307692308,530360.0,5170.0,7762528.87443077,75669.87382307692,17.34907266154956,17.349072661549556,0.009748095633154838,1.0428073580877744
43-6014.00,"Secretaries and Administrative Assistants, Except Legal, Medical, and Executive",Office and Administrative Support Occupations,146429025.09993845,1874398.3363076923,64.19172384615385,2281120.0,29200.0,61487713.30689231,787087.5835384615,41.991478987807696,41.99147898780768,0.012800729466227114,1.3693643741934136
43-9011.00,Computer Operators,Office and Administrative Support Occupations,2850173.370242308,18259.701265384618,55.33242807692308,51510.0,330.0,970446.9141346153,6217.190480769231,34.04869767806836,34.04869767806836,0.006406523005241701,0.6853409713074908
43-9021.00,Data Entry Keyers,Office and Administrative Support Occupations,5579466.690215385,119015.92769230768,28.00374769230769,199240.0,4250.0,2234052.908476923,47654.712211538455,40.04061736571962,40.04061736571962,0.021331058020477814,2.2819004959179368
43-9022.00,Word Processors and Typists,Office and Administrative Support Occupations,3536512.2649307693,33995.020315384616,51.50760653846154,68660.0,660.0,1412985.0898153847,13582.437507692308,39.95419735503293,39.95419735503293,0.009612583745994756,1.0283109068467478
43-9031.00,Desktop Publishers,Office and Administrative Support Occupations,1039838.8220923077,4712.260523076923,78.53767538461538,13240.0,60.0,593492.451323077,2689.542830769231,57.07542733679469,57.07542733679469,0.004531722054380664,0.4847832110965236
43-9041.01,Insurance Claims Clerks,Office and Administrative Support Occupations,19217250.423026923,107448.77761153848,73.09440653846154,262910.0,1470.0,7775475.882984616,43474.76150769231,40.46091772664685,40.46091772664684,0.0055912669734890265,0.5981285535563133
43-9041.02,Insurance Policy Processing Clerks,Office and Administrative Support Occupations,9507683.697792308,53159.99785384616,36.163263846153846,262910.0,1470.0,7499256.064234615,41930.34275769231,78.87574200618336,78.87574200618337,0.005591266973489027,0.5981285535563134
43-9051.00,"Mail Clerks and Mail Machine Operators, Except Postal Service",Office and Administrative Support Occupations,6616007.868830769,112065.37795384615,69.17615923076923,95640.0,1620.0,242537.70623076922,4108.229653846154,3.6659222757791596,3.6659222757791605,0.016938519447929738,1.8120065067208833
43-9061.00,"Office Clerks, General",Office and Administrative Support Occupations,138053347.88294616,1108395.2506615384,46.88643192307693,2944420.0,23640.0,64534854.21313077,518133.9461076923,46.746315973335996,46.746315973336,0.008028745899022558,0.8588790687733684
43-9071.00,"Office Machine Operators, Except Computer",Office and Administrative Support Occupations,5338328.5675576925,40486.61261538462,84.34710961538462,63290.0,480.0,360735.9360423077,2735.870584615385,6.757469711298529,6.757469711298529,0.007584136514457261,0.8113167596673059
43-9081.00,Proofreaders and Copy Markers,Office and Administrative Support Occupations,446720.95079615386,4256.453092692307,41.324787307692304,10810.0,103.0,170620.00503461534,1625.7040257692304,38.19386682682632,38.19386682682633,0.009528214616096207,1.0192854773921542
43-9111.00,Statistical Assistants,Office and Administrative Support Occupations,257503.84759615382,2096.6264423076923,19.060240384615383,13510.0,110.0,117881.80637692308,959.8074538461539,45.77865825205006,45.77865825205005,0.008142116950407105,0.8710069931420885
43-9111.01,Bioinformatics Technicians,Office and Administrative Support Occupations,247606.80611153846,2016.0435730769232,18.327668846153845,13510.0,110.0,211348.81360384615,1720.8267576923076,85.356625257159,85.356625257159,0.008142116950407105,0.8710069931420885
45-1011.05,First-Line Supervisors of Logging Workers,"Farming, Fishing, and Forestry Occupations",483894.3196692307,1523.2769769230767,25.387949615384613,19060.0,60.0,0.0,0.0,0.0,0.0,,
45-1011.06,First-Line Supervisors of Aquacultural Workers,"Farming, Fishing, and Forestry Occupations",251299.0917846154,791.0779384615385,13.184632307692308,19060.0,60.0,0.0,0.0,0.0,0.0,,
45-1011.07,First-Line Supervisors of Agricultural Crop and Horticultural Workers,"Farming, Fishing, and Forestry Occupations",497119.8044230769,1564.9101923076923,26.081836538461538,19060.0,60.0,47683.97811538462,150.10696153846155,9.59204958062843,9.59204958062843,0.0031479538300104933,0.3367539199852032
45-1011.08,First-Line Supervisors of Animal Husbandry and Animal Care Workers,"Farming, Fishing, and Forestry Occupations",482500.3225846154,1518.8887384615384,25.314812307692307,19060.0,60.0,0.0,0.0,0.0,0.0,,
45-2011.00,Agricultural Inspectors,"Farming, Fishing, and Forestry Occupations",1110367.8538615385,10596.557569230768,75.68969692307692,14670.0,140.0,185212.31029615382,1767.533976923077,16.68026588234151,16.680265882341512,0.009543285616905251,1.0208977051675943
45-2021.00,Animal Breeders,"Farming, Fishing, and Forestry Occupations",16158.119453846153,156.87494615384614,15.687494615384615,1030.0,10.0,1702.8748346153845,16.532765384615384,10.538818205172047,10.53881820517205,0.00970873786407767,1.038597041248863
45-2041.00,"Graders and Sorters, Agricultural Products","Farming, Fishing, and Forestry Occupations",1421839.8414115384,13577.784827307692,40.29016269230769,35290.0,337.0,0.0,0.0,0.0,0.0,,
45-2091.00,Agricultural Equipment Operators,"Farming, Fishing, and Forestry Occupations",292161.9790769231,2781.9835507692305,10.741249230769231,27200.0,259.0,0.0,0.0,0.0,0.0,,
45-2092.01,Nursery Workers,"Farming, Fishing, and Forestry Occupations",9371509.645838462,25480.09383076923,34.43255923076923,272170.0,740.0,401138.3825846154,1090.6507076923076,4.280403027304635,4.280403027304635,0.002718888929713047,0.2908544897820786
45-2092.02,"Farmworkers and Laborers, Crop","Farming, Fishing, and Forestry Occupations",2555506.9265153846,6948.139492307692,9.389377692307692,272170.0,740.0,196008.56421923076,532.9255153846153,7.670046290443923,7.670046290443923,0.002718888929713047,0.2908544897820786
45-2093.00,"Farmworkers, Farm, Ranch, and Aquacultural Animals","Farming, Fishing, and Forestry Occupations",643063.9517615384,3835.7527692307694,19.178763846153846,33530.0,200.0,0.0,0.0,0.0,0.0,,
45-3011.00,Fishers and Related Fishing Workers,"Farming, Fishing, and Forestry Occupations",47822.66293846154,442.8024346153846,88.56048692307692,540.0,5.0,0.0,0.0,0.0,0.0,,
45-4011.00,Forest and Conservation Workers,"Farming, Fishing, and Forestry Occupations",171547.07869615385,1648.050537692308,24.970462692307695,6870.0,66.0,0.0,0.0,0.0,0.0,,
45-4021.00,Fallers,"Farming, Fishing, and Forestry Occupations",568865.4468307693,5454.874147692308,97.40846692307693,5840.0,56.0,0.0,0.0,0.0,0.0,,
45-4022.00,Logging Equipment Operators,"Farming, Fishing, and Forestry Occupations",1229262.2637846153,11711.5496,45.044421538461535,27290.0,260.0,0.0,0.0,0.0,0.0,,
45-4023.00,Log Graders and Scalers,"Farming, Fishing, and Forestry Occupations",124408.64615384616,1180.52,45.40461538461538,2740.0,26.0,0.0,0.0,0.0,0.0,,
47-1011.00,First-Line Supervisors of Construction Trades and Extraction Workers,Construction and Extraction Occupations,16576153.09906154,235722.40283076922,32.02750038461539,517560.0,7360.0,4268036.046046154,60693.92012307692,25.74804914348788,25.74804914348788,0.014220573460081922,1.5212528886118286
47-1011.03,Solar Energy Installation Managers,Construction and Extraction Occupations,7796154.182723077,110865.78326153845,15.063285769230768,517560.0,7360.0,1498841.0200615386,21314.37883076923,19.225389659212926,19.225389659212926,0.014220573460081922,1.5212528886118286
47-2011.00,Boilermakers,Construction and Extraction Occupations,346820.36925,5090.9412,21.212255,16350.0,240.0,0.0,0.0,0.0,0.0,,
47-2021.00,Brickmasons and Blockmasons,Construction and Extraction Occupations,3541743.3556,83117.83624615385,57.72071961538461,61360.0,1440.0,0.0,0.0,0.0,0.0,,
47-2022.00,Stonemasons,Construction and Extraction Occupations,483981.46137307695,7693.876373076923,36.63750653846154,13210.0,210.0,0.0,0.0,0.0,0.0,,
47-2031.01,Construction Carpenters,Construction and Extraction Occupations,32695050.596765384,490535.73307307693,51.15075423076923,639190.0,9590.0,3015986.5471846154,45249.94287692307,9.224596665658611,9.224596665658611,0.015003363632096872,1.6049922549388904
47-2031.02,Rough Carpenters,Construction and Extraction Occupations,33139001.486319233,497196.48970384616,51.84530653846154,639190.0,9590.0,0.0,0.0,0.0,0.0,,
47-2041.00,Carpet Installers,Construction and Extraction Occupations,787664.0606307692,12207.114461538462,30.517786153846153,25810.0,400.0,0.0,0.0,0.0,0.0,,
47-2042.00,"Floor Layers, Except Carpet, Wood, and Hard Tiles",Construction and Extraction Occupations,194711.97080384617,1861.9456007692309,19.80793192307692,9830.0,94.0,0.0,0.0,0.0,0.0,,
47-2043.00,Floor Sanders and Finishers,Construction and Extraction Occupations,70040.12307692308,670.5969230769231,14.902153846153846,4700.0,45.0,0.0,0.0,0.0,0.0,,
47-2044.00,Tile and Marble Setters,Construction and Extraction Occupations,1014862.7112384615,31950.45742307692,29.045870384615384,34940.0,1100.0,97503.68494615387,3069.663807692308,9.607573898066248,9.607573898066248,0.031482541499713794,3.3678604686175206
47-2051.00,Cement Masons and Concrete Finishers,Construction and Extraction Occupations,4934591.455815384,91224.69513076924,30.20685269230769,163360.0,3020.0,411502.0179076923,7607.346315384616,8.339130434450452,8.339130434450452,0.01848677766895201,1.9776321966875083
47-2053.00,Terrazzo Workers and Finishers,Construction and Extraction Occupations,104816.815,999.7911584615384,32.25132769230769,3250.0,31.0,1936.94125,18.475439615384616,1.8479298860588351,1.8479298860588351,0.009538461538461539,1.02038164698696
47-2061.00,Construction Laborers,Construction and Extraction Occupations,30079717.8543,426330.9793,33.889585000000004,887580.0,12580.0,0.0,0.0,0.0,0.0,,
47-2071.00,"Paving, Surfacing, and Tamping Equipment Operators",Construction and Extraction Occupations,3091908.4242846156,16300.778738461539,58.21706692307693,53110.0,280.0,0.0,0.0,0.0,0.0,,
47-2072.00,Pile-Driver Operators,Construction and Extraction Occupations,49188.62323846154,469.1013115384616,13.402894615384616,3670.0,35.0,0.0,0.0,0.0,0.0,,
47-2073.00,Operating Engineers and Other Construction Equipment Operators,Construction and Extraction Occupations,23455794.987692308,352028.46,66.04661538461538,355140.0,5330.0,1406230.510776923,21104.94065,5.995237047027391,5.995237047027391,0.01500816579377147,1.6055059685622945
47-2081.00,Drywall and Ceiling Tile Installers,Construction and Extraction Occupations,2914672.933130769,65546.37966923077,32.93787923076923,88490.0,1990.0,331523.90505384613,7455.447746153845,11.37430897599007,11.37430897599007,0.022488416770256526,2.405709521355853
47-2082.00,Tapers,Construction and Extraction Occupations,754300.0096153846,17672.171653846155,43.102857692307694,17500.0,410.0,25062.63846153846,587.1818153846153,3.3226353098308756,3.3226353098308756,0.023428571428571427,2.506283031539399
47-2111.00,Electricians,Construction and Extraction Occupations,21996127.40926154,259245.51156923076,37.14119076923077,592230.0,6980.0,4963907.857846153,58504.42707692308,22.56718996706704,22.567189967067044,0.011785961535214362,1.260809072210894
47-2121.00,Glaziers,Construction and Extraction Occupations,1576399.6097653846,14969.202715384616,35.64095884615384,44230.0,420.0,110116.23283076922,1045.6436307692306,6.985299422089923,6.985299422089923,0.009495817318562062,1.0158197604437218
47-2131.00,"Insulation Workers, Floor, Ceiling, and Wall",Construction and Extraction Occupations,657688.3366730768,5597.3475461538455,25.442488846153847,25850.0,220.0,0.0,0.0,0.0,0.0,,
47-2132.00,"Insulation Workers, Mechanical",Construction and Extraction Occupations,982040.2697807692,8035.788092307693,33.48245038461538,29330.0,240.0,0.0,0.0,0.0,0.0,,
47-2141.00,"Painters, Construction and Maintenance",Construction and Extraction Occupations,4825362.05895,55417.13328846154,22.619238076923075,213330.0,2450.0,540805.6626,6210.912076923078,11.207566520255673,11.207566520255675,0.011484554446163222,1.2285658995881994
47-2142.00,Paperhangers,Construction and Extraction Occupations,160519.97852307692,1594.5693230769232,53.15231076923077,3020.0,30.0,0.0,0.0,0.0,0.0,,
47-2151.00,Pipelayers,Construction and Extraction Occupations,1463182.5516576923,15454.888165384617,35.941600384615384,40710.0,430.0,0.0,0.0,0.0,0.0,,
47-2152.01,Pipe Fitters and Steamfitters,Construction and Extraction Occupations,13710910.100676922,178527.47526923078,35.00538730769231,391680.0,5100.0,688531.8616615385,8965.258615384615,5.021780878189442,5.021780878189441,0.013020833333333332,1.3929100943832406
47-2152.02,Plumbers,Construction and Extraction Occupations,13595202.556061538,177020.8666153846,34.709973846153844,391680.0,5100.0,2174196.6985846153,28309.852846153844,15.99238179511515,15.99238179511515,0.013020833333333334,1.3929100943832406
47-2161.00,Plasterers and Stucco Masons,Construction and Extraction Occupations,340907.73253076925,7146.593857692308,15.205518846153847,22420.0,470.0,0.0,0.0,0.0,0.0,,
47-2171.00,Reinforcing Iron and Rebar Workers,Construction and Extraction Occupations,527626.4526153846,5023.761338461539,26.302415384615387,20060.0,191.0,0.0,0.0,0.0,0.0,,
47-2181.00,Roofers,Construction and Extraction Occupations,2710500.8937999997,38784.96539615384,24.703799615384614,109720.0,1570.0,0.0,0.0,0.0,0.0,,
47-2211.00,Sheet Metal Workers,Construction and Extraction Occupations,8724508.331757693,129995.62462307692,64.35426961538461,135570.0,2020.0,622739.4914423077,9278.850576923078,7.137817602574824,7.137817602574826,0.014900051633842296,1.593940402760481
47-2221.00,Structural Iron and Steel Workers,Construction and Extraction Occupations,3661714.9962769235,89435.16714615385,56.965074615384616,64280.0,1570.0,0.0,0.0,0.0,0.0,,
47-2231.00,Solar Photovoltaic Installers,Construction and Extraction Occupations,173481.21621923076,1666.6317715384614,25.251996538461537,6870.0,66.0,51811.09058076923,497.74846846153844,29.865533404662553,29.865533404662553,0.009606986899563318,1.027712181427914
47-3011.00,"Helpers--Brickmasons, Blockmasons, Stonemasons, and Tile and Marble Setters",Construction and Extraction Occupations,1257683.804573077,30661.86027692308,54.753321923076925,22970.0,560.0,85447.33101153847,2083.1739384615385,6.794023322940356,6.794023322940356,0.024379625598606878,2.608022522387219
47-3012.00,Helpers--Carpenters,Construction and Extraction Occupations,1289991.2958307692,9209.35086923077,34.10870692307692,37820.0,270.0,0.0,0.0,0.0,0.0,,
47-3013.00,Helpers--Electricians,Construction and Extraction Occupations,2271743.0531653846,28551.441807692307,31.72382423076923,71610.0,900.0,0.0,0.0,0.0,0.0,,
47-3014.00,"Helpers--Painters, Paperhangers, Plasterers, and Stucco Masons",Construction and Extraction Occupations,218597.4398653846,7729.193249999999,19.81844423076923,11030.0,390.0,0.0,0.0,0.0,0.0,,
47-3015.00,"Helpers--Pipelayers, Plumbers, Pipefitters, and Steamfitters",Construction and Extraction Occupations,1568324.8624846153,13556.562830769231,28.24283923076923,55530.0,480.0,0.0,0.0,0.0,0.0,,
47-3016.00,Helpers--Roofers,Construction and Extraction Occupations,411942.5115576923,3925.076659615385,38.10754038461538,10810.0,103.0,0.0,0.0,0.0,0.0,,
47-4011.00,Construction and Building Inspectors,Construction and Extraction Occupations,2642957.1946769226,30335.64773076923,28.891093076923074,91480.0,1050.0,188981.00249230766,2169.1085769230763,7.150361832303866,7.150361832303864,0.011477918670747702,1.2278560342267655
47-4021.00,Elevator Installers and Repairers,Construction and Extraction Occupations,400308.3888461538,3621.8378038461537,19.06230423076923,21000.0,190.0,0.0,0.0,0.0,0.0,,
47-4031.00,Fence Erectors,Construction and Extraction Occupations,765887.1033692309,15201.917930769232,36.195042692307695,21160.0,420.0,0.0,0.0,0.0,0.0,,
47-4041.00,Hazardous Materials Removal Workers,Construction and Extraction Occupations,1212866.662646154,9404.276284615386,28.497806923076922,42560.0,330.0,80714.41796923078,625.840176923077,6.654846773769285,6.654846773769285,0.007753759398496241,0.8294622516928772
47-4051.00,Highway Maintenance Workers,Construction and Extraction Occupations,1580380.0783076924,10217.49593846154,11.105973846153846,142300.0,920.0,0.0,0.0,0.0,0.0,,
47-4061.00,Rail-Track Laying and Maintenance Equipment Operators,Construction and Extraction Occupations,355638.9850769231,3440.8747692307693,24.577676923076922,14470.0,140.0,0.0,0.0,0.0,0.0,,
47-4071.00,Septic Tank Servicers and Sewer Pipe Cleaners,Construction and Extraction Occupations,973977.8714615385,14746.34148076923,35.96668653846154,27080.0,410.0,14169.912046153844,214.53707307692306,1.4548494849159825,1.454849484915983,0.015140324963072379,1.619643761149907
47-4091.00,Segmental Pavers,Construction and Extraction Occupations,22986.43847692308,222.44940461538462,18.537450384615386,1240.0,12.0,0.0,0.0,0.0,0.0,,
47-4099.02,Solar Thermal Installers and Technicians,Construction and Extraction Occupations,615381.0779076923,759.2610461538461,18.981526153846154,32420.0,40.0,0.0,0.0,0.0,0.0,,
47-4099.03,Weatherization Installers and Technicians,Construction and Extraction Occupations,632243.5553461539,780.0660769230769,19.501651923076924,32420.0,40.0,44204.37073846153,54.53963076923077,6.991668062833729,6.991668062833731,0.0012338062924120913,0.13198703917166305
47-5011.00,"Derrick Operators, Oil and Gas",Construction and Extraction Occupations,644018.1304230769,6996.575653846154,33.317026923076924,19330.0,210.0,0.0,0.0,0.0,0.0,,
47-5012.00,"Rotary Drill Operators, Oil and Gas",Construction and Extraction Occupations,1632556.9248000002,22238.355546153845,65.40692807692308,24960.0,340.0,0.0,0.0,0.0,0.0,,
47-5013.00,"Service Unit Operators, Oil, Gas, and Mining",Construction and Extraction Occupations,911546.2299730768,14835.291265384612,14.98514269230769,60830.0,990.0,33960.73390769231,552.7063384615385,3.7256183823716067,3.725618382371607,0.0162748643761302,1.7410116767408608
47-5021.00,"Earth Drillers, Except Oil and Gas",Construction and Extraction Occupations,1156141.5751807692,18389.116896153846,59.31973192307692,19490.0,310.0,0.0,0.0,0.0,0.0,,
47-5031.00,"Explosives Workers, Ordnance Handling Experts, and Blasters",Construction and Extraction Occupations,380063.00899999996,4536.561115384615,50.40623461538461,7540.0,90.0,0.0,0.0,0.0,0.0,,
47-5041.00,Continuous Mining Machine Operators,Construction and Extraction Occupations,668987.4853846154,6371.309384615384,60.106692307692306,11130.0,106.0,0.0,0.0,0.0,0.0,,
47-5042.00,Mine Cutting and Channeling Machine Operators,Construction and Extraction Occupations,656769.0291,16840.231515384614,99.06018538461538,6630.0,170.0,0.0,0.0,0.0,0.0,,
47-5051.00,"Rock Splitters, Quarry",Construction and Extraction Occupations,82166.62275384615,780.474516923077,21.679847692307693,3790.0,36.0,0.0,0.0,0.0,0.0,,
47-5061.00,"Roof Bolters, Mining",Construction and Extraction Occupations,300668.6371153846,4031.954903846154,57.59935576923077,5220.0,70.0,0.0,0.0,0.0,0.0,,
47-5071.00,"Roustabouts, Oil and Gas",Construction and Extraction Occupations,1033296.9398076923,14969.06,14.393326923076923,71790.0,1040.0,0.0,0.0,0.0,0.0,,
47-5081.00,Helpers--Extraction Workers,Construction and Extraction Occupations,639854.9652923078,3645.0984000000003,28.039218461538464,22820.0,130.0,0.0,0.0,0.0,0.0,,
49-1011.00,"First-Line Supervisors of Mechanics, Installers, and Repairers","Installation, Maintenance, and Repair Occupations",11706045.126249999,120342.27442307692,26.27560576923077,445510.0,4580.0,3620956.2055,37224.70746153846,30.932361582822328,30.932361582822328,0.010280352854032457,1.0997458378908187
49-2011.00,"Computer, Automated Teller, and Office Machine Repairers","Installation, Maintenance, and Repair Occupations",6558150.8543076925,84681.11847692307,61.81103538461539,106100.0,1370.0,1711840.7828076922,22103.881926923077,26.102491705924653,26.102491705924656,0.01291234684260132,1.3813046983093973
49-2021.00,"Radio, Cellular, and Tower Equipment Installers and Repairers","Installation, Maintenance, and Repair Occupations",221440.7134153846,1094.6927923076923,15.63846846153846,14160.0,70.0,0.0,0.0,0.0,0.0,,
49-2021.01,Radio Mechanics,"Installation, Maintenance, and Repair Occupations",399899.1008307692,1976.9023346153847,28.241461923076923,14160.0,70.0,36786.165969230766,181.85251538461537,9.198861886113136,9.198861886113136,0.0049435028248587575,0.5288336629522813
49-2022.00,"Telecommunications Equipment Installers and Repairers, Except Line Installers","Installation, Maintenance, and Repair Occupations",13910158.440769231,158084.4113076923,63.487715384615385,219100.0,2490.0,1688342.4653846154,19187.461153846154,12.137478322577971,12.137478322577973,0.011364673664993155,1.2157415936517384
49-2091.00,Avionics Technicians,"Installation, Maintenance, and Repair Occupations",618592.6687846155,8205.09306923077,35.674317692307696,17340.0,230.0,187918.65528461538,2492.5773192307693,30.378416164198963,30.378416164198963,0.0132641291810842,1.4189367881883255
49-2092.00,"Electric Motor, Power Tool, and Related Repairers","Installation, Maintenance, and Repair Occupations",1322636.5065846154,13285.411338461538,73.80784076923076,17920.0,180.0,164015.59827692306,1647.4781076923077,12.400655619316991,12.400655619316995,0.010044642857142858,1.0745306442385
49-2093.00,"Electrical and Electronics Installers and Repairers, Transportation Equipment","Installation, Maintenance, and Repair Occupations",290038.10745,2775.87492,20.410845,14210.0,136.0,34684.363726923075,331.95450153846156,11.958554009287331,11.958554009287333,0.009570724841660803,1.023833029825058
49-2094.00,"Electrical and Electronics Repairers, Commercial and Industrial Equipment","Installation, Maintenance, and Repair Occupations",1726443.9777,19434.6414,24.916206923076924,69290.0,780.0,232537.00015,2617.6773000000003,13.46913095088032,13.46913095088032,0.011257035647279551,1.2042269633992446
49-2095.00,"Electrical and Electronics Repairers, Powerhouse, Substation, and Relay","Installation, Maintenance, and Repair Occupations",232027.31470384615,1408.0547923076922,10.05753423076923,23070.0,140.0,33530.816434615386,203.48133076923077,14.451236690565194,14.451236690565194,0.006068487212830515,0.6491794250025402
49-2096.00,"Electronic Equipment Installers and Repairers, Motor Vehicles","Installation, Maintenance, and Repair Occupations",456921.658473077,2931.3338153846157,36.641672692307694,12470.0,80.0,23293.019953846164,149.4339692307693,5.097814805208812,5.097814805208812,0.006415396952686447,0.686290266230203
49-2097.00,Electronic Home Entertainment Equipment Installers and Repairers,"Installation, Maintenance, and Repair Occupations",749395.7759153846,4737.719669230769,27.86893923076923,26890.0,170.0,371622.4166038461,2349.416542307692,49.589606526659495,49.589606526659495,0.006322052807735217,0.6763047300954849
49-2098.00,Security and Fire Alarm Systems Installers,"Installation, Maintenance, and Repair Occupations",1160010.3964615385,12186.112615384614,17.920753846153847,64730.0,680.0,137977.07381538462,1449.473353846154,11.894468725130897,11.894468725130897,0.010505175343735518,1.1237963350698341
49-3011.00,Aircraft Mechanics and Service Technicians,"Installation, Maintenance, and Repair Occupations",5317805.381753846,72024.45212307692,42.87169769230769,124040.0,1680.0,505605.4074615385,6847.928769230769,9.50778321441291,9.507783214412909,0.013544018058690743,1.4488780394848695
49-3021.00,Automotive Body and Related Repairers,"Installation, Maintenance, and Repair Occupations",4858830.6384,50273.1358,33.968335,143040.0,1480.0,0.0,0.0,0.0,0.0,,
49-3022.00,Automotive Glass Installers and Repairers,"Installation, Maintenance, and Repair Occupations",956430.255,5016.2425961538465,55.73602884615385,17160.0,90.0,0.0,0.0,0.0,0.0,,
49-3023.01,Automotive Master Mechanics,"Installation, Maintenance, and Repair Occupations",21590234.89083077,234823.58033846156,33.83625076923077,638080.0,6940.0,4681473.197292307,50917.477415384616,21.68328978801661,21.68328978801661,0.010876379137412238,1.1635060447365726
49-3023.02,Automotive Specialty Technicians,"Installation, Maintenance, and Repair Occupations",17718657.98596923,192714.84206153845,27.76870923076923,638080.0,6940.0,0.0,0.0,0.0,0.0,,
49-3031.00,Bus and Truck Mechanics and Diesel Engine Specialists,"Installation, Maintenance, and Repair Occupations",12022184.04625,134190.01855,47.754455,251750.0,2810.0,977522.3020192308,10910.973857692308,8.130987666289661,8.130987666289661,0.011161866931479643,1.194046242894373
49-3041.00,Farm Equipment Mechanics and Service Technicians,"Installation, Maintenance, and Repair Occupations",1312090.0330153846,8138.638284615384,35.38538384615384,37080.0,230.0,0.0,0.0,0.0,0.0,,
49-3042.00,"Mobile Heavy Equipment Mechanics, Except Engines","Installation, Maintenance, and Repair Occupations",4014984.6208076924,63897.21217692308,32.93670730769231,121900.0,1940.0,123326.27688461539,1962.6987461538463,3.0716500443233556,3.0716500443233556,0.015914684167350288,1.7024812205278737
49-3043.00,Rail Car Repairers,"Installation, Maintenance, and Repair Occupations",772240.4767961539,8656.595723076924,36.069148846153844,21410.0,240.0,0.0,0.0,0.0,0.0,,
49-3051.00,Motorboat Mechanics and Service Technicians,"Installation, Maintenance, and Repair Occupations",538862.3300307692,7118.044476923077,26.363127692307692,20440.0,270.0,0.0,0.0,0.0,0.0,,
49-3052.00,Motorcycle Mechanics,"Installation, Maintenance, and Repair Occupations",289809.2518461539,4022.588984615385,18.284495384615386,15850.0,220.0,47747.23496153847,662.7376461538462,16.47540051167353,16.47540051167353,0.013880126182965299,1.4848333725362293
49-3053.00,Outdoor Power Equipment and Other Small Engine Mechanics,"Installation, Maintenance, and Repair Occupations",1199747.063723077,12164.735753846155,38.01479923076923,31560.0,320.0,0.0,0.0,0.0,0.0,,
49-3091.00,Bicycle Repairers,"Installation, Maintenance, and Repair Occupations",224508.42516923076,2144.984953846154,17.874874615384613,12560.0,120.0,0.0,0.0,0.0,0.0,,
49-3092.00,Recreational Vehicle Service Technicians,"Installation, Maintenance, and Repair Occupations",365492.3068730769,4885.444369230769,30.534027307692305,11970.0,160.0,40487.76076153846,541.1897846153846,11.077595889206634,11.077595889206634,0.013366750208855471,1.429914723457081
49-3093.00,Tire Repairers and Changers,"Installation, Maintenance, and Repair Occupations",12129616.3,165865.4508,112.83364,107500.0,1470.0,0.0,0.0,0.0,0.0,,
49-9011.00,Mechanical Door Repairers,"Installation, Maintenance, and Repair Occupations",464936.43036923074,11150.176523076923,25.930643076923076,17930.0,430.0,0.0,0.0,0.0,0.0,,
49-9012.00,"Control and Valve Installers and Repairers, Except Mechanical Door","Installation, Maintenance, and Repair Occupations",2279372.6949,22520.26656923077,53.61968230769231,42510.0,420.0,89888.7357,888.1032461538462,3.943573418297159,3.943573418297159,0.00988002822865208,1.0569209128305295
49-9021.01,Heating and Air Conditioning Mechanics and Installers,"Installation, Maintenance, and Repair Occupations",7778349.045276923,75608.67901153846,28.317857307692307,274680.0,2670.0,870012.1351384615,8456.86763076923,11.18504878187152,11.185048781871517,0.009720401922236784,1.039844809647043
49-9021.02,Refrigeration Mechanics and Installers,"Installation, Maintenance, and Repair Occupations",5071755.964153846,49299.50642307692,18.464234615384616,274680.0,2670.0,43203.04379999997,419.95094999999975,0.8518360131155841,0.8518360131155841,0.009720401922236785,1.0398448096470432
49-9031.00,Home Appliance Repairers,"Installation, Maintenance, and Repair Occupations",1835103.980896154,22135.705565384615,53.989525769230774,33990.0,410.0,191552.60596153844,2310.578653846154,10.438242625793647,10.438242625793649,0.012062371285672257,1.2903781421576783
49-9041.00,Industrial Machinery Mechanics,"Installation, Maintenance, and Repair Occupations",9762556.781076923,96635.05846153846,30.19845576923077,323280.0,3200.0,1135817.5472307692,11242.935384615384,11.634427053293669,11.63442705329367,0.00989853996535511,1.0589012150322483
49-9043.00,"Maintenance Workers, Machinery","Installation, Maintenance, and Repair Occupations",2096572.874676923,25380.043446153846,22.660753076923076,92520.0,1120.0,0.0,0.0,0.0,0.0,,
49-9044.00,Millwrights,"Installation, Maintenance, and Repair Occupations",1235120.2151576923,8022.264700000001,30.85486423076923,40030.0,260.0,38269.69614615385,248.56660000000005,3.09845921688423,3.0984592168842298,0.006495128653509868,0.6948196044128042
49-9045.00,"Refractory Materials Repairers, Except Brickmasons","Installation, Maintenance, and Repair Occupations",24685.320865384616,238.89020192307694,15.926013461538462,1550.0,15.0,0.0,0.0,0.0,0.0,,
49-9051.00,Electrical Power-Line Installers and Repairers,"Installation, Maintenance, and Repair Occupations",3498414.7027846156,20011.732569230768,30.320806923076923,115380.0,660.0,77333.00123076922,442.3624615384615,2.2105155563522776,2.210515556352278,0.005720228809152367,0.6119243097945719
49-9052.00,Telecommunications Line Installers and Repairers,"Installation, Maintenance, and Repair Occupations",5246691.633430769,38477.0541,49.32955653846154,106360.0,780.0,329165.9142615385,2413.9659,6.273780455557278,6.273780455557278,0.007333584054155698,0.7845137861407827
49-9061.00,Camera and Photographic Equipment Repairers,"Installation, Maintenance, and Repair Occupations",138170.4343846154,1327.0606692307692,39.03119615384615,3540.0,34.0,33526.829423076924,322.0090961538462,24.264836086243044,24.26483608624305,0.0096045197740113,1.0274482594501464
49-9062.00,Medical Equipment Repairers,"Installation, Maintenance, and Repair Occupations",1203705.0266384615,15244.1942,29.31575807692308,41060.0,520.0,147387.7757846154,1866.5767999999998,12.244509453966417,12.244509453966415,0.0126643935703848,1.3547797742155159
49-9063.00,Musical Instrument Repairers and Tuners,"Installation, Maintenance, and Repair Occupations",295116.71597307693,4581.372046153846,38.178100384615384,7730.0,120.0,19009.969796153844,295.1094923076923,6.441508991950188,6.441508991950188,0.015523932729624839,1.6606803919580784
49-9064.00,Watch Repairers,"Installation, Maintenance, and Repair Occupations",75511.07976923077,720.7875796153846,34.32321807692308,2200.0,21.0,4552.832307692308,43.45885384615385,6.029356647535975,6.029356647535975,0.009545454545454546,1.021129727373314
49-9071.00,"Maintenance and Repair Workers, General","Installation, Maintenance, and Repair Occupations",45421592.7616,382152.82371538464,34.55269653846154,1314560.0,11060.0,7322415.2,61606.85865384615,16.121000508353955,16.121000508353955,0.008413461538461538,0.9000342148322478
49-9081.00,Wind Turbine Service Technicians,"Installation, Maintenance, and Repair Occupations",57978.71528846154,557.7699192307692,14.67815576923077,3950.0,38.0,0.0,0.0,0.0,0.0,,
49-9091.00,"Coin, Vending, and Amusement Machine Servicers and Repairers","Installation, Maintenance, and Repair Occupations",1369545.3816346154,16986.609384615385,42.46652346153846,32250.0,400.0,0.0,0.0,0.0,0.0,,
49-9092.00,Commercial Divers,"Installation, Maintenance, and Repair Occupations",67821.78386538461,648.7301065384615,19.658488076923078,3450.0,33.0,1305.3061730769232,12.48553730769231,1.92461197373951,1.92461197373951,0.00956521739130435,1.023243867595619
49-9093.00,"Fabric Menders, Except Garment","Installation, Maintenance, and Repair Occupations",17779.00649230769,172.05490153846154,28.675816923076923,620.0,6.0,0.0,0.0,0.0,0.0,,
49-9094.00,Locksmiths and Safe Repairers,"Installation, Maintenance, and Repair Occupations",570913.9343846154,5452.548811538461,32.07381653846154,17800.0,170.0,0.0,0.0,0.0,0.0,,
49-9095.00,Manufactured Building and Mobile Home Installers,"Installation, Maintenance, and Repair Occupations",47314.30142307692,453.6987807692307,12.962822307692306,3650.0,35.0,0.0,0.0,0.0,0.0,,
49-9096.00,Riggers,"Installation, Maintenance, and Repair Occupations",478594.4528153846,5250.048846153846,21.000195384615385,22790.0,250.0,0.0,0.0,0.0,0.0,,
49-9097.00,Signal and Track Switch Repairers,"Installation, Maintenance, and Repair Occupations",85791.36194999999,1361.76765,10.47513576923077,8190.0,130.0,0.0,0.0,0.0,0.0,,
49-9098.00,"Helpers--Installation, Maintenance, and Repair Workers","Installation, Maintenance, and Repair Occupations",4662507.114953847,43164.411384615385,37.53427076923077,124220.0,1150.0,571176.9375384615,5287.823846153846,12.250425006463834,12.250425006463836,0.009257768475285783,0.9903543675408776
49-9099.01,Geothermal Technicians,"Installation, Maintenance, and Repair Occupations",5191992.8761153845,39672.43066923077,36.39672538461539,142650.0,1090.0,246519.06126923076,1883.6717615384614,4.748062394370516,4.748062394370516,0.007641079565369786,0.8174082707396414
51-1011.00,First-Line Supervisors of Production and Operating Workers,Production Occupations,20040023.89656923,201038.24463461537,33.229461923076926,603080.0,6050.0,835925.4767384614,8385.867769230768,4.171279840048337,4.171279840048337,0.010031836572262387,1.0731606855711167
51-2011.00,"Aircraft Structure, Surfaces, Rigging, and Systems Assemblers",Production Occupations,1789539.256673077,9196.417576923077,41.80189807692308,42810.0,220.0,181301.38731923077,931.7053307692308,10.1311768737774,10.131176873777402,0.005138986218173325,0.5497455957649904
51-2021.00,"Coil Winders, Tapers, and Finishers",Production Occupations,685843.8569038461,6549.927491538462,47.463242692307695,14450.0,138.0,0.0,0.0,0.0,0.0,,
51-2022.00,Electrical and Electronic Equipment Assemblers,Production Occupations,9416044.702776922,105623.72810769231,44.37971769230769,212170.0,2380.0,1740246.0037038464,19521.07031538462,18.481709238175384,18.481709238175384,0.011217419993401518,1.1999890592060436
51-2023.00,Electromechanical Equipment Assemblers,Production Occupations,3002896.1581538464,11001.990234615385,64.71758961538461,46400.0,170.0,130272.60430769232,477.2918692307693,4.338232074857451,4.338232074857452,0.003663793103448276,0.39193608172990496
51-2031.00,Engine and Other Machine Assemblers,Production Occupations,1669528.1661923076,7333.844657692308,43.140262692307694,38700.0,170.0,328781.0745,1444.2579500000002,19.6930534720987,19.6930534720987,0.004392764857881138,0.4699181961826252
51-2041.00,Structural Metal Fabricators and Fitters,Production Occupations,3079493.6080615385,33262.55341538462,38.67738769230769,79620.0,860.0,0.0,0.0,0.0,0.0,,
51-2091.00,Fiberglass Laminators and Fabricators,Production Occupations,1246549.3337576925,11903.549139615385,60.42410730769231,20630.0,197.0,0.0,0.0,0.0,0.0,,
51-2092.00,Team Assemblers,Production Occupations,51188275.32258846,618108.3706961538,45.88777807692308,1115510.0,13470.0,0.0,0.0,0.0,0.0,,
51-2093.00,Timing Device Assemblers and Adjusters,Production Occupations,91634.522,847.0418,77.0038,1190.0,11.0,8214.755823076921,75.93471769230769,8.964695448596242,8.964695448596242,0.009243697478991598,0.9888491157436655
51-3011.00,Bakers,Production Occupations,11124335.677107692,120307.35033846155,62.98814153846154,176610.0,1910.0,4374010.68195,47304.00545,39.31929787907331,39.319297879073304,0.01081478964951022,1.1569174787661447
51-3021.00,Butchers and Meat Cutters,Production Occupations,5419062.368269231,39059.85980769231,39.454403846153845,137350.0,990.0,0.0,0.0,0.0,0.0,,
51-3022.00,"Meat, Poultry, and Fish Cutters and Trimmers",Production Occupations,8803546.63975,39658.167499999996,56.654525,155390.0,700.0,0.0,0.0,0.0,0.0,,
51-3023.00,Slaughterers and Meat Packers,Production Occupations,5038541.097403847,73459.10385,62.78555884615385,80250.0,1170.0,0.0,0.0,0.0,0.0,,
51-3091.00,"Food and Tobacco Roasting, Baking, and Drying Machine Operators and Tenders",Production Occupations,1783071.5359384615,27202.37087307692,87.74958346153846,20320.0,310.0,0.0,0.0,0.0,0.0,,
51-3092.00,Food Batchmakers,Production Occupations,18872949.580615386,414308.4009230769,141.4021846153846,133470.0,2930.0,3886197.9408,85311.7552,20.59136503385542,20.591365033855425,0.021952498688843934,2.348379419184044
51-3093.00,Food Cooking Machine Operators and Tenders,Production Occupations,2808098.514676923,8917.171957692308,81.06519961538461,34640.0,110.0,233814.52421538465,742.4826115384617,8.326435949213321,8.326435949213321,0.0031755196304849888,0.3397027851428874
51-4011.00,"Computer-Controlled Machine Tool Operators, Metal and Plastic",Production Occupations,16843162.520076923,143614.96009615384,114.89196807692308,146600.0,1250.0,2817344.252769231,24022.375961538462,16.726931473890236,16.72693147389024,0.008526603001364257,0.9121375788594209
51-4012.00,"Computer Numerically Controlled Machine Tool Programmers, Metal and Plastic",Production Occupations,1055097.719623077,6167.7575192307695,41.11838346153846,25660.0,150.0,227083.09474615383,1327.4537884615384,21.52247043309666,21.52247043309666,0.005845674201091193,0.6253438927238867
51-4021.00,"Extruding and Drawing Machine Setters, Operators, and Tenders, Metal and Plastic",Production Occupations,4533156.296792308,30684.43963846154,62.62130538461539,72390.0,490.0,0.0,0.0,0.0,0.0,,
51-4022.00,"Forging Machine Setters, Operators, and Tenders, Metal and Plastic",Production Occupations,786183.4025192307,2000.4666730769231,40.00933346153846,19650.0,50.0,0.0,0.0,0.0,0.0,,
51-4023.00,"Rolling Machine Setters, Operators, and Tenders, Metal and Plastic",Production Occupations,2890363.1808461538,18212.74846153846,91.06374230769231,31740.0,200.0,0.0,0.0,0.0,0.0,,
51-4031.00,"Cutting, Punching, and Press Machine Setters, Operators, and Tenders, Metal and Plastic",Production Occupations,17051993.08785,109492.94375,87.59435500000001,194670.0,1250.0,0.0,0.0,0.0,0.0,,
51-4032.00,"Drilling and Boring Machine Tool Setters, Operators, and Tenders, Metal and Plastic",Production Occupations,1108343.8301384614,4481.174515384615,74.68624192307692,14840.0,60.0,70405.5661076923,284.65862307692305,6.352321742874392,6.352321742874392,0.004043126684636119,0.43251547944191193
51-4033.00,"Grinding, Lapping, Polishing, and Buffing Machine Tool Setters, Operators, and Tenders, Metal and Plastic",Production Occupations,6033965.0819807695,39367.99292307693,82.01665192307692,73570.0,480.0,0.0,0.0,0.0,0.0,,
51-4034.00,"Lathe and Turning Machine Tool Setters, Operators, and Tenders, Metal and Plastic",Production Occupations,2988970.4632846154,5212.454719230769,74.46363884615384,40140.0,70.0,0.0,0.0,0.0,0.0,,
51-4035.00,"Milling and Planing Machine Setters, Operators, and Tenders, Metal and Plastic",Production Occupations,1379543.3566346155,8382.035584615385,69.85029653846154,19750.0,120.0,0.0,0.0,0.0,0.0,,
51-4041.00,Machinists,Production Occupations,33472763.024861537,295268.9601230769,83.88322730769231,399040.0,3520.0,4862037.652307692,42888.86461538461,14.525354983980455,14.525354983980455,0.008821170809943865,0.943649116066529
51-4051.00,Metal-Refining Furnace Operators and Tenders,Production Occupations,1744167.0778615384,73868.56084615385,86.90418923076923,20070.0,850.0,0.0,0.0,0.0,0.0,,
51-4052.00,"Pourers and Casters, Metal",Production Occupations,741380.4913153846,8468.52066923077,76.98655153846154,9630.0,110.0,0.0,0.0,0.0,0.0,,
51-4061.00,"Model Makers, Metal and Plastic",Production Occupations,209913.35394615383,987.0533884615385,32.90177961538461,6380.0,30.0,0.0,0.0,0.0,0.0,,
51-4062.00,"Patternmakers, Metal and Plastic",Production Occupations,82374.86210769232,778.6678507692308,20.49125923076923,4020.0,38.0,9775.947323076922,92.40945230769229,11.867634218672672,11.867634218672672,0.00945273631840796,1.0112111491164302
51-4071.00,Foundry Mold and Coremakers,Production Occupations,864996.8233153847,10762.013353846154,67.26258346153847,12860.0,160.0,0.0,0.0,0.0,0.0,,
51-4072.00,"Molding, Coremaking, and Casting Machine Setters, Operators, and Tenders, Metal and Plastic",Production Occupations,12480563.029269231,199799.49666923078,92.07350076923078,135550.0,2170.0,196540.35755769227,3146.385657692307,1.5747715635646304,1.5747715635646304,0.01600885282183696,1.712554958978483
51-4081.00,"Multiple Machine Tool Setters, Operators, and Tenders, Metal and Plastic",Production Occupations,7034883.641273077,94624.74917692307,66.6371473076923,105570.0,1420.0,294670.96317692305,3963.557523076923,4.188711259531189,4.188711259531189,0.013450790944397084,1.4389050227627045
51-4111.00,Tool and Die Makers,Production Occupations,3241955.2901115385,8266.964234615385,43.51033807692308,74510.0,190.0,399490.78130384616,1018.6988115384617,12.322525931259891,12.322525931259893,0.0025499932894913436,0.272786795024027
51-4121.06,"Welders, Cutters, and Welder Fitters",Production Occupations,41804217.1184,548745.28995,108.233785,386240.0,5070.0,1059200.510276923,13903.6521,2.5337168909945187,2.533716890994519,0.01312655343827672,1.404219554967297
51-4121.07,Solderers and Brazers,Production Occupations,27220932.34375385,357317.02305,70.47673038461538,386240.0,5070.0,0.0,0.0,0.0,0.0,,
51-4122.00,"Welding, Soldering, and Brazing Machine Setters, Operators, and Tenders",Production Occupations,4374613.617153846,14834.786192307693,82.41547884615385,53080.0,180.0,0.0,0.0,0.0,0.0,,
51-4191.00,"Heat Treating Equipment Setters, Operators, and Tenders, Metal and Plastic",Production Occupations,1678047.5531346155,22025.903711538464,81.57742115384616,20570.0,270.0,0.0,0.0,0.0,0.0,,
51-4192.00,"Layout Workers, Metal and Plastic",Production Occupations,535227.4439,2510.447673076923,50.208953461538464,10660.0,50.0,35482.736600000004,166.42934615384618,6.629468836921126,6.629468836921128,0.004690431519699813,0.5017612347496853
51-4193.00,"Plating and Coating Machine Setters, Operators, and Tenders, Metal and Plastic",Production Occupations,6026496.945784615,27054.980676923078,169.09362923076924,35640.0,160.0,137087.93035384614,615.4340307692307,2.2747531706580513,2.2747531706580513,0.004489337822671156,0.48024913691866616
51-4194.00,"Tool Grinders, Filers, and Sharpeners",Production Occupations,570336.2783461539,5413.172113461539,55.80589807692308,10220.0,97.0,0.0,0.0,0.0,0.0,,
51-5111.00,Prepress Technicians and Workers,Production Occupations,3609419.4286576924,36778.686507692306,102.16301807692308,35330.0,360.0,373722.8462115385,3808.1014615384615,10.354098591155484,10.354098591155484,0.010189640532125671,1.090041842329687
51-5112.00,Printing Press Operators,Production Occupations,17898417.349003844,186076.34028846154,106.3293373076923,168330.0,1750.0,0.0,0.0,0.0,0.0,,
51-5113.00,Print Binding and Finishing Workers,Production Occupations,2790583.3619307694,59668.830953846154,53.27574192307692,52380.0,1120.0,0.0,0.0,0.0,0.0,,
51-6011.00,Laundry and Dry-Cleaning Workers,Production Occupations,19781077.860623077,188372.52996923076,98.11069269230768,201620.0,1920.0,173900.8946692308,1656.0347076923078,0.879127496967211,0.879127496967211,0.00952286479515921,1.0187131776479275
51-6021.00,"Pressers, Textile, Garment, and Related Materials",Production Occupations,6228816.155492308,21905.228515384613,128.85428538461537,48340.0,170.0,0.0,0.0,0.0,0.0,,
51-6031.00,Sewing Machine Operators,Production Occupations,16063425.455846153,105560.95021153845,113.50639807692308,141520.0,930.0,0.0,0.0,0.0,0.0,,
51-6041.00,Shoe and Leather Workers and Repairers,Production Occupations,767262.0807461538,6565.812426923077,93.79732038461538,8180.0,70.0,0.0,0.0,0.0,0.0,,
51-6042.00,Shoe Machine Operators and Tenders,Production Occupations,272139.22862692305,2611.862565769231,84.25363115384616,3230.0,31.0,0.0,0.0,0.0,0.0,,
51-6051.00,"Sewers, Hand",Production Occupations,292286.54480000003,2787.70404,42.23794,6920.0,66.0,0.0,0.0,0.0,0.0,,
51-6052.00,"Tailors, Dressmakers, and Custom Sewers",Production Occupations,1415879.779846154,14172.97076923077,70.86485384615385,19980.0,200.0,73222.28134615385,732.9557692307692,5.1715041339251275,5.1715041339251275,0.01001001001001001,1.0708257782645934
51-6061.00,Textile Bleaching and Dyeing Machine Operators and Tenders,Production Occupations,840412.3203384615,5780.996184615385,72.26245230769231,11630.0,80.0,131416.69636538462,903.984153846154,15.63716918291474,15.637169182914743,0.006878761822871884,0.7358589526991085
51-6062.00,"Textile Cutting Machine Setters, Operators, and Tenders",Production Occupations,695436.5433846154,6632.228615384615,47.37306153846154,14680.0,140.0,52161.71,497.455,7.500570756051231,7.500570756051232,0.009536784741144414,1.020202270763529
51-6063.00,"Textile Knitting and Weaving Machine Setters, Operators, and Tenders",Production Occupations,1643265.8966769231,5098.786026923077,72.83980038461539,22560.0,70.0,51800.2416,160.7277,3.1522738775722474,3.1522738775722474,0.003102836879432624,0.33192751185302755
51-6064.00,"Textile Winding, Twisting, and Drawing Out Machine Setters, Operators, and Tenders",Production Occupations,2313897.558892308,22088.719492307693,83.35365846153846,27760.0,265.0,0.0,0.0,0.0,0.0,,
51-6091.00,"Extruding and Forming Machine Setters, Operators, and Tenders, Synthetic and Glass Fibers",Production Occupations,1884049.9666692307,6657.420376923077,95.10600538461539,19810.0,70.0,0.0,0.0,0.0,0.0,,
51-6092.00,Fabric and Apparel Patternmakers,Production Occupations,149912.3503846154,1429.1255192307692,29.165826923076924,5140.0,49.0,0.0,0.0,0.0,0.0,,
51-6093.00,Upholsterers,Production Occupations,1469618.234076923,4382.5593461538465,48.69510384615385,30180.0,90.0,22745.12217692308,67.82839615384616,1.5476891650850702,1.5476891650850697,0.002982107355864811,0.31901241127822927
51-7011.00,Cabinetmakers and Bench Carpenters,Production Occupations,5175026.457269231,102782.15921538461,55.259225384615384,93650.0,1860.0,752729.3803461539,14950.097676923077,14.545420908695327,14.545420908695327,0.0198611852642819,2.1246601298714056
51-7021.00,Furniture Finishers,Production Occupations,888035.4105846154,11854.841646153845,53.88564384615385,16480.0,220.0,0.0,0.0,0.0,0.0,,
51-7031.00,"Model Makers, Wood",Production Occupations,39209.90195384616,371.8180357692308,33.801639615384616,1160.0,11.0,5294.27123076923,50.20429615384615,13.502383242378668,13.502383242378672,0.009482758620689657,1.014422799771519
51-7032.00,"Patternmakers, Wood",Production Occupations,36240.93189230769,351.8537076923077,35.185370769230765,1030.0,10.0,3089.041307692308,29.990692307692306,8.523625487533257,8.523625487533257,0.009708737864077669,1.0385970412488628
51-7041.00,"Sawing Machine Setters, Operators, and Tenders, Wood",Production Occupations,4821028.146,16863.6787,99.19811,48600.0,170.0,197256.72669230768,689.9926653846154,4.091590439188191,4.091590439188191,0.003497942386831276,0.37419411918246076
51-7042.00,"Woodworking Machine Setters, Operators, and Tenders, Except Sawing",Production Occupations,7634220.632723077,72764.61286153847,101.06196230769231,75540.0,720.0,0.0,0.0,0.0,0.0,,
51-8011.00,Nuclear Power Reactor Operators,Production Occupations,380708.9386384616,3620.574920769231,54.85719576923077,6940.0,66.0,4885.904138461538,46.465370769230766,1.2833699560444032,1.2833699560444032,0.009510086455331412,1.0173462084163936
51-8012.00,Power Distributors and Dispatchers,Production Occupations,711825.5438692308,5551.499042307692,61.68332269230769,11540.0,90.0,327985.7699846154,2557.947946153846,46.07670696977257,46.076706969772566,0.0077989601386481795,0.8342976232562356
51-8013.00,Power Plant Operators,Production Occupations,3594338.662665385,39287.626011538465,95.82347807692308,37510.0,410.0,221954.14314615386,2426.051684615385,6.175103794520118,6.175103794520119,0.010930418555051988,1.1692869382015327
51-8021.00,Stationary Engineers and Boiler Operators,Production Occupations,1962592.9026807693,10767.907926923077,56.67319961538462,34630.0,190.0,186009.2910923077,1020.5534307692308,9.477731771995689,9.477731771995689,0.005486572336124746,0.5869287928743935
51-8031.00,Water and Wastewater Treatment Plant and System Operators,Production Occupations,2543764.707826923,30364.708980769232,22.164021153846154,114770.0,1370.0,0.0,0.0,0.0,0.0,,
51-8091.00,Chemical Plant and System Operators,Production Occupations,2029935.1350923078,3477.901430769231,57.96502384615385,35020.0,60.0,366626.9930307692,628.1444769230769,18.06102011304403,18.06102011304403,0.0017133066818960593,0.18328183080862287
51-8092.00,Gas Plant Operators,Production Occupations,1011666.1452692308,7833.0315,60.254088461538466,16790.0,130.0,33347.271226923076,258.19804999999997,3.2962723308338533,3.2962723308338533,0.007742703990470517,0.8282795939441497
51-8093.00,"Petroleum Pump System Operators, Refinery Operators, and Gaugers",Production Occupations,3353177.7364923074,68141.13547692308,79.23387846153847,42320.0,860.0,574484.3315076922,11674.303523076922,17.132534468890064,17.13253446889006,0.020321361058601134,2.173887663370139
51-8099.03,Biomass Plant Technicians,Production Occupations,703155.1069,4874.5588,60.931985,11540.0,80.0,0.0,0.0,0.0,0.0,,
51-9011.00,Chemical Equipment Operators and Tenders,Production Occupations,6934743.477115384,84057.49669230769,102.50914230769231,67650.0,820.0,485888.55340384616,5889.558223076923,7.006582940050714,7.006582940050714,0.012121212121212121,1.2966726696803985
51-9012.00,"Separating, Filtering, Clarifying, Precipitating, and Still Machine Setters, Operators, and Tenders",Production Occupations,3603126.864519231,23392.02781153846,75.45815423076922,47750.0,310.0,0.0,0.0,0.0,0.0,,
51-9021.00,"Crushing, Grinding, and Polishing Machine Setters, Operators, and Tenders",Production Occupations,2125227.138023077,11602.074934615384,68.24749961538461,31140.0,170.0,0.0,0.0,0.0,0.0,,
51-9022.00,"Grinding and Polishing Workers, Hand",Production Occupations,2182710.8925346155,17859.249565384616,77.64891115384616,28110.0,230.0,0.0,0.0,0.0,0.0,,
51-9023.00,"Mixing and Blending Machine Setters, Operators, and Tenders",Production Occupations,10287681.681876924,173490.72535384615,79.58290153846154,129270.0,2180.0,648638.0789999999,10938.586,6.304997559777335,6.304997559777335,0.016863928212268897,1.8040270723448575
51-9031.00,"Cutters and Trimmers, Hand",Production Occupations,1197731.6676923076,30437.907692307694,76.09476923076923,15740.0,400.0,0.0,0.0,0.0,0.0,,
51-9032.00,"Cutting and Slicing Machine Setters, Operators, and Tenders",Production Occupations,8659841.362834616,68370.76711538462,136.74153423076922,63330.0,500.0,400066.40045769233,3158.5851923076925,4.619789020323798,4.619789020323798,0.007895152376440865,0.8445878355331824
51-9041.00,"Extruding, Forming, Pressing, and Compacting Machine Setters, Operators, and Tenders",Production Occupations,6852783.591392308,52765.37834615385,95.93705153846153,71430.0,550.0,0.0,0.0,0.0,0.0,,
51-9051.00,"Furnace, Kiln, Oven, Drier, and Kettle Operators and Tenders",Production Occupations,1374891.386596154,14693.495734615384,69.96902730769231,19650.0,210.0,117568.14173076925,1256.4534230769232,8.551085771352094,8.551085771352096,0.010687022900763359,1.1432495675426415
51-9061.00,"Inspectors, Testers, Sorters, Samplers, and Weighers",Production Occupations,49117775.82268846,514752.05005,96.57636961538462,508590.0,5330.0,7971836.053984615,83544.4782,16.230042831667202,16.230042831667202,0.010479954383688237,1.1210983103781305
51-9071.01,Jewelers,Production Occupations,1510244.9398346154,18526.946234615385,59.76434269230769,25270.0,310.0,170408.11865,2090.4834499999997,11.283475557856272,11.28347555785627,0.01226751088246933,1.31232305212015
51-9071.06,Gem and Diamond Workers,Production Occupations,1463745.9141307692,17956.51893076923,57.92425461538461,25270.0,310.0,0.0,0.0,0.0,0.0,,
51-9071.07,Precious Metal Workers,Production Occupations,1851184.3975423076,22709.424742307692,73.25620884615384,25270.0,310.0,56466.87439615385,692.7079961538461,3.0503106265978204,3.05031062659782,0.01226751088246933,1.31232305212015
51-9081.00,Dental Laboratory Technicians,Production Occupations,2698388.411815385,32363.400461538462,71.9186676923077,37520.0,450.0,271881.89753846155,3260.8436538461538,10.07571394644215,10.07571394644215,0.011993603411513858,1.2830216647623878
51-9082.00,Medical Appliance Technicians,Production Occupations,583063.2427384615,9558.413815384614,39.82672423076923,14640.0,240.0,54146.49046153845,887.6473846153845,9.28655529839777,9.28655529839777,0.01639344262295082,1.7536966434202113
51-9083.00,Ophthalmic Laboratory Technicians,Production Occupations,3169760.212176923,24914.15672307692,113.24616692307691,27990.0,220.0,209449.82668846153,1646.2651615384614,6.607749882273143,6.607749882273143,0.007859949982136476,0.8408220419685327
51-9111.00,Packaging and Filling Machine Operators and Tenders,Production Occupations,38778855.8976,482482.0669846154,102.43780615384615,378560.0,4710.0,0.0,0.0,0.0,0.0,,
51-9121.00,"Coating, Painting, and Spraying Machine Setters, Operators, and Tenders",Production Occupations,7660550.26493077,65578.03786153847,86.28689192307692,88780.0,760.0,479184.85978461546,4102.05556923077,6.25522766919598,6.25522766919598,0.008560486596080198,0.9157622931849627
51-9122.00,"Painters, Transportation Equipment",Production Occupations,3481508.473169231,28250.261953846155,67.26252846153847,51760.0,420.0,0.0,0.0,0.0,0.0,,
51-9123.00,"Painting, Coating, and Decorating Workers",Production Occupations,606806.6752384616,2651.464873076923,37.87806961538462,16020.0,70.0,0.0,0.0,0.0,0.0,,
51-9141.00,Semiconductor Processors,Production Occupations,2616782.584219231,24947.452618846153,107.99763038461538,24230.0,231.0,0.0,0.0,0.0,0.0,,
51-9191.00,Adhesive Bonding Machine Operators and Tenders,Production Occupations,1259096.5045384616,12012.070100769231,72.36186807692307,17400.0,166.0,0.0,0.0,0.0,0.0,,
51-9192.00,"Cleaning, Washing, and Metal Pickling Equipment Operators and Tenders",Production Occupations,400352.41640000005,4136.821753846154,22.98234307692308,17420.0,180.0,39359.438100000014,406.6991307692309,9.831197836626822,9.831197836626822,0.010332950631458095,1.1053725111799035
51-9193.00,Cooling and Freezing Equipment Operators and Tenders,Production Occupations,528572.5304423077,5040.340315384616,66.3202673076923,7970.0,76.0,0.0,0.0,0.0,0.0,,
51-9194.00,Etchers and Engravers,Production Occupations,972954.1105000001,9329.69695,102.52414230769232,9490.0,91.0,24791.205150000005,237.72388500000005,2.5480343710413877,2.5480343710413877,0.009589041095890411,1.0257924201923703
51-9195.03,"Stone Cutters and Carvers, Manufacturing",Production Occupations,1723052.1624576922,37815.50059615385,44.48882423076923,38730.0,850.0,0.0,0.0,0.0,0.0,,
51-9195.04,"Glass Blowers, Molders, Benders, and Finishers",Production Occupations,4045526.2409076924,88786.40084615385,104.45458923076923,38730.0,850.0,0.0,0.0,0.0,0.0,,
51-9195.05,"Potters, Manufacturing",Production Occupations,2134258.582673077,46840.17028846154,55.106082692307695,38730.0,850.0,0.0,0.0,0.0,0.0,,
51-9195.07,Molding and Casting Workers,Production Occupations,4129222.173103846,90623.25967307693,106.61559961538461,38730.0,850.0,200595.0933923077,4402.422653846154,4.85793897695567,4.857938976955671,0.021946811257423187,2.347771003391117
51-9196.00,"Paper Goods Machine Setters, Operators, and Tenders",Production Occupations,5503699.61776923,40344.40638846154,60.215531923076924,91400.0,670.0,0.0,0.0,0.0,0.0,,
51-9197.00,Tire Builders,Production Occupations,2545911.676,24294.6964,143.7556,17710.0,169.0,0.0,0.0,0.0,0.0,,
51-9198.00,Helpers--Production Workers,Production Occupations,43938474.973076925,276241.89276923076,100.0876423076923,439000.0,2760.0,2488231.738461539,15643.552615384619,5.662990670445868,5.662990670445868,0.006287015945330296,0.6725566443877602
51-9199.01,Recycling and Reclamation Workers,Production Occupations,12239684.872961538,40476.82153846154,50.59602692307693,241910.0,800.0,0.0,0.0,0.0,0.0,,
53-1011.00,Aircraft Cargo Handling Supervisors,Transportation and Material Moving Occupations,186520.9788,2483.267469230769,27.59186076923077,6760.0,90.0,0.0,0.0,0.0,0.0,,
53-1021.00,"First-Line Supervisors of Helpers, Laborers, and Material Movers, Hand",Transportation and Material Moving Occupations,6558628.446734616,61476.66271153846,37.258583461538464,176030.0,1650.0,1016580.0880884614,9528.814096153847,15.499888373682646,15.49988837368265,0.009373402260978244,1.0027243490328028
53-1021.01,Recycling Coordinators,Transportation and Material Moving Occupations,5507327.659815384,51622.39753846153,31.286301538461537,176030.0,1650.0,79871.64908846153,748.6690961538461,1.4502795915204176,1.4502795915204176,0.009373402260978242,1.0027243490328026
53-1031.00,First-Line Supervisors of Transportation and Material-Moving Machine and Vehicle Operators,Transportation and Material Moving Occupations,12227650.198096154,81097.16417307692,60.07197346153846,203550.0,1350.0,2558074.9327499997,16965.86175,20.920413090883905,20.920413090883912,0.006632277081798085,0.7094911254515077
53-2011.00,"Airline Pilots, Copilots, and Flight Engineers",Transportation and Material Moving Occupations,8642725.90651923,131739.15333846153,106.2412526923077,81350.0,1240.0,150085.61869230776,2287.721784615386,1.7365541880611741,1.7365541880611741,0.015242778119237861,1.6306037382704952
53-2012.00,Commercial Pilots,Transportation and Material Moving Occupations,1843873.3184307693,13448.774203846155,46.37508346153846,39760.0,290.0,99028.71806153844,722.2919576923077,5.370689898903519,5.37068989890352,0.007293762575452718,0.7802538637349986
53-2021.00,Air Traffic Controllers,Transportation and Material Moving Occupations,3556854.964246154,33984.64968,153.77669538461538,23130.0,221.0,293043.6045346154,2799.9410550000002,8.238840421673578,8.238840421673576,0.009554690877648075,1.0221177885839976
53-2022.00,Airfield Operations Specialists,Transportation and Material Moving Occupations,386238.33803076926,7802.794707692308,48.767466923076924,7920.0,160.0,29658.639323076917,599.1644307692306,7.678843968284213,7.678843968284213,0.0202020202020202,2.1611211161339976
53-2031.00,Flight Attendants,Transportation and Material Moving Occupations,6275614.124503846,59858.63624423077,57.834431153846154,108510.0,1035.0,368094.29953846155,3510.9906923076924,5.865470569664181,5.865470569664181,0.009538291401714128,1.0203634465241456
53-3011.00,"Ambulance Drivers and Attendants, Except Emergency Medical Technicians",Transportation and Material Moving Occupations,193297.5833653846,1162.6922307692307,9.689101923076922,19950.0,120.0,0.0,0.0,0.0,0.0,,
53-3021.00,"Bus Drivers, Transit and Intercity",Transportation and Material Moving Occupations,6823774.0849538455,36016.83629230769,40.468355384615386,168620.0,890.0,0.0,0.0,0.0,0.0,,
53-3022.00,"Bus Drivers, School or Special Client",Transportation and Material Moving Occupations,23206459.149923075,107870.83432692307,45.902482692307686,505560.0,2350.0,2230683.9435692304,10368.912230769229,9.61234081062567,9.61234081062567,0.004648310784081019,0.49725534819662803
53-3031.00,Driver/Sales Workers,Transportation and Material Moving Occupations,21056931.45486923,143182.69724615384,50.41644269230769,417660.0,2840.0,801152.5205076922,5447.668338461538,3.804697385394361,3.80469738539436,0.006799789302303309,0.7274108282002524
53-3032.00,Heavy and Tractor-Trailer Truck Drivers,Transportation and Material Moving Occupations,93619432.56372307,1125142.3807769231,55.78296384615385,1678280.0,20170.0,9974904.300938463,119880.96131153847,10.654736979044321,10.65473697904432,0.012018256786710202,1.2856589717835671
53-3033.00,Light Truck or Delivery Services Drivers,Transportation and Material Moving Occupations,29672146.414523076,281101.1438769231,35.90052923076923,826510.0,7830.0,0.0,0.0,0.0,0.0,,
53-3041.00,Taxi Drivers and Chauffeurs,Transportation and Material Moving Occupations,12447827.064,84608.90411538462,68.78772692307692,180960.0,1230.0,2940428.9232,19986.33717692308,23.622025820907567,23.622025820907567,0.006797082228116712,0.7271212375984663
53-4011.00,Locomotive Engineers,Transportation and Material Moving Occupations,2735704.3755884613,26123.824125384614,72.97157576923077,37490.0,358.0,80870.77486153846,772.2522646153845,2.956122583389253,2.9561225833892526,0.009549213123499599,1.021531803121114
53-4012.00,Locomotive Firers,Transportation and Material Moving Occupations,72905.58479615384,679.2445788461538,45.28297192307692,1610.0,15.0,0.0,0.0,0.0,0.0,,
53-4013.00,"Rail Yard Engineers, Dinkey Operators, and Hostlers",Transportation and Material Moving Occupations,389339.0141230769,3753.7169523076923,87.29574307692307,4460.0,43.0,19358.66430769231,186.64183076923078,4.972187118543609,4.972187118543608,0.009641255605381165,1.031378093204308
53-4021.00,"Railroad Brake, Signal, and Switch Operators",Transportation and Material Moving Occupations,1594733.9534807694,22697.84751923077,84.06610192307693,18970.0,270.0,55668.09246923077,792.3239307692307,3.4907447946239554,3.4907447946239554,0.014232999472851872,1.5225821674818598
53-4031.00,Railroad Conductors and Yardmasters,Transportation and Material Moving Occupations,2364573.011307692,22567.623353846153,55.860453846153845,42330.0,404.0,0.0,0.0,0.0,0.0,,
53-4041.00,Subway and Streetcar Operators,Transportation and Material Moving Occupations,958649.4394615383,9129.99466153846,76.08328884615383,12600.0,120.0,81893.54007692308,779.9384769230769,8.542595103682705,8.542595103682705,0.009523809523809523,1.0188142404631702
53-5011.00,Sailors and Marine Oilers,Transportation and Material Moving Occupations,1330944.0910269232,12712.975943076923,43.537588846153845,30570.0,292.0,0.0,0.0,0.0,0.0,,
53-5021.01,Ship and Boat Captains,Transportation and Material Moving Occupations,2512105.7470384617,23975.397646153848,75.87151153846155,33110.0,316.0,48530.014669230775,463.16776307692317,1.9318460111180884,1.9318460111180884,0.009543944427665358,1.0209681817749319
53-5021.02,"Mates- Ship, Boat, and Barge",Transportation and Material Moving Occupations,852773.3791499999,8138.82174,25.755765,33110.0,316.0,0.0,0.0,0.0,0.0,,
53-5021.03,"Pilots, Ship",Transportation and Material Moving Occupations,2327706.6188115384,22215.502613846154,70.30222346153846,33110.0,316.0,0.0,0.0,0.0,0.0,,
53-5022.00,Motorboat Operators,Transportation and Material Moving Occupations,109743.95476923077,1052.3392923076924,30.066836923076924,3650.0,35.0,0.0,0.0,0.0,0.0,,
53-5031.00,Ship Engineers,Transportation and Material Moving Occupations,307467.66986923077,2938.5743096153847,30.932361153846152,9940.0,95.0,0.0,0.0,0.0,0.0,,
53-6011.00,Bridge and Lock Tenders,Transportation and Material Moving Occupations,260722.01217692308,2467.4007461538463,82.24669153846153,3170.0,30.0,0.0,0.0,0.0,0.0,,
53-6021.00,Parking Lot Attendants,Transportation and Material Moving Occupations,9658707.157673078,35512.41618846154,67.00455884615384,144150.0,530.0,1095445.0273269229,4027.650811538461,11.341528523894407,11.341528523894407,0.0036767256330211585,0.3933195454857817
53-6031.00,Automotive and Watercraft Service Attendants,Transportation and Material Moving Occupations,6288004.4294076925,65338.84832307692,57.31477923076923,109710.0,1140.0,664412.1570346154,6903.927253846154,10.56634365471019,10.56634365471019,0.010391030899644518,1.1115856766333196
53-6041.00,Traffic Technicians,Transportation and Material Moving Occupations,84992.31346153846,805.8530461538461,12.591453846153845,6750.0,64.0,9511.801442307691,90.18596923076922,11.191366671777986,11.191366671777986,0.009481481481481481,1.014286177172223
53-6051.01,Aviation Inspectors,Transportation and Material Moving Occupations,501485.57423076924,4789.90475,19.392326923076922,25860.0,247.0,0.0,0.0,0.0,0.0,,
53-6051.07,"Transportation Vehicle, Equipment and Systems Inspectors, Except Aviation",Transportation and Material Moving Occupations,1654071.274453846,15798.747285,63.962539615384614,25860.0,247.0,0.0,0.0,0.0,0.0,,
53-6051.08,Freight and Cargo Inspectors,Transportation and Material Moving Occupations,670864.7449615385,6407.718175,25.942178846153844,25860.0,247.0,0.0,0.0,0.0,0.0,,
53-6061.00,"Transportation Attendants, Except Flight Attendants",Transportation and Material Moving Occupations,565538.9427692308,12262.96176923077,36.067534615384616,15680.0,340.0,120868.93021538461,2620.8824153846153,21.372344338222767,21.37234433822277,0.021683673469387755,2.319621708197397
53-7011.00,Conveyor Operators and Tenders,Transportation and Material Moving Occupations,2233833.05145,2716.7322,67.918305,32890.0,40.0,228523.08490000002,277.9240923076923,10.2300879088374,10.230087908837401,0.0012161751292186075,0.13010093675723064
53-7021.00,Crane and Tower Operators,Transportation and Material Moving Occupations,1236509.5498461537,11702.822153846153,26.597323076923075,46490.0,440.0,0.0,0.0,0.0,0.0,,
53-7031.00,Dredge Operators,Transportation and Material Moving Occupations,60597.78315384615,589.6000523076923,32.755558461538456,1850.0,18.0,0.0,0.0,0.0,0.0,,
53-7032.00,Excavating and Loading Machine and Dragline Operators,Transportation and Material Moving Occupations,2347934.8036769233,20240.817273076922,47.071668076923075,49880.0,430.0,395497.9636461538,3409.4652038461536,16.84450364749457,16.844503647494573,0.008620689655172414,0.9222025452468352
53-7033.00,"Loading Machine Operators, Underground Mining",Transportation and Material Moving Occupations,242021.87237307694,2337.282879615385,75.39622192307692,3210.0,31.0,32157.93803076923,310.55952615384615,13.287203224838182,13.287203224838182,0.009657320872274144,1.0330966830864858
53-7041.00,Hoist and Winch Operators,Transportation and Material Moving Occupations,141438.08935384615,1325.9820876923077,49.11044769230769,2880.0,27.0,0.0,0.0,0.0,0.0,,
53-7051.00,Industrial Truck and Tractor Operators,Transportation and Material Moving Occupations,28971156.941511538,244731.4344923077,53.66917423076923,539810.0,4560.0,0.0,0.0,0.0,0.0,,
53-7061.00,Cleaners of Vehicles and Equipment,Transportation and Material Moving Occupations,18476471.174399998,196849.86798461538,54.83283230769231,336960.0,3590.0,268452.01440000004,2860.110196153846,1.4529398599227794,1.452939859922779,0.010654083570750235,1.1397258664013294
53-7062.00,"Laborers and Freight, Stock, and Material Movers, Hand",Transportation and Material Moving Occupations,142067227.4112,980549.8676076923,57.10832076923077,2487680.0,17170.0,13025854.1504,89904.61625384615,9.168795919904815,9.168795919904815,0.006902013120658606,0.7383462717950166
53-7063.00,Machine Feeders and Offbearers,Transportation and Material Moving Occupations,5898339.278123077,54253.87058461538,58.97159846153846,100020.0,920.0,0.0,0.0,0.0,0.0,,
53-7064.00,"Packers and Packagers, Hand",Transportation and Material Moving Occupations,32864977.84883077,275591.5016,46.08553538461539,713130.0,5980.0,0.0,0.0,0.0,0.0,,
53-7071.00,Gas Compressor and Gas Pumping Station Operators,Transportation and Material Moving Occupations,96400.91884615384,2116.117730769231,23.512419230769233,4100.0,90.0,0.0,0.0,0.0,0.0,,
53-7072.00,"Pump Operators, Except Wellhead Pumpers",Transportation and Material Moving Occupations,634137.79795,6061.959532307693,47.35905884615385,13390.0,128.0,22098.181350000003,211.2447507692308,3.4847601611885595,3.484760161188559,0.009559372666168783,1.0226186252296499
53-7073.00,Wellhead Pumpers,Transportation and Material Moving Occupations,174292.12902307694,1626.3651230769233,13.553042692307693,12860.0,120.0,0.0,0.0,0.0,0.0,,
53-7081.00,Refuse and Recyclable Material Collectors,Transportation and Material Moving Occupations,4939916.507215384,33301.836023076925,43.24913769230769,114220.0,770.0,0.0,0.0,0.0,0.0,,
53-7111.00,Mine Shuttle Car Operators,Transportation and Material Moving Occupations,159841.98081923075,8995.43615,69.19566269230769,2310.0,130.0,0.0,0.0,0.0,0.0,,
53-7121.00,"Tank Car, Truck, and Ship Loaders",Transportation and Material Moving Occupations,577990.0046,5509.269274615385,48.32692346153846,11960.0,114.0,0.0,0.0,0.0,0.0,,
