soc_code_2019_untrimmed,title,major_occ_category,task_comp_nat,task_comp_ut,freq_mean,tot_emp_nat,tot_emp_ut,ai_task_comp_nat,ai_task_comp_ut,pct_automated_nat,pct_automated_ut,ut_share_of_nat,ut_concentration_index
11-1011.00,Chief Executives,Management Occupations,3761657.2440192304,70669.79386923077,17.756229615384616,211850.0,3980.0,1972834.8733076921,37063.40710769231,52.445896723960175,52.445896723960175,0.018786877507670524,1.7632050525597731
11-1011.03,Chief Sustainability Officers,Management Occupations,1618392.793826923,30404.547176923075,7.639333461538461,211850.0,3980.0,174430.52709615385,3277.0049461538465,10.778009378284967,10.778009378284969,0.018786877507670524,1.7632050525597731
11-1021.00,General and Operations Managers,Management Occupations,69870293.94412307,894913.3179076923,19.492775384615385,3584420.0,45910.0,10606566.232876923,135851.1155923077,15.180365838104596,15.180365838104596,0.012808208859452856,1.2020889882316779
11-2011.00,Advertising and Promotions Managers,Management Occupations,372525.7100769231,4096.017286153846,17.655246923076923,21100.0,232.0,141296.02015384616,1553.5865723076922,37.92919960468496,37.92919960468496,0.010995260663507108,1.0319383382465739
11-2021.00,Marketing Managers,Management Occupations,3934261.3544769227,67039.20849230769,10.219391538461538,384980.0,6560.0,2442183.559423077,41614.4323076923,62.07476675752712,62.07476675752711,0.01703984622577796,1.5992409035437776
11-2022.00,Sales Managers,Management Occupations,6808787.663576922,97669.57838461538,11.278242307692308,603710.0,8660.0,4541013.973734615,65139.19102307692,66.69342911112378,66.69342911112378,0.014344635669443937,1.3462872730801574
11-3012.00,Administrative Services Managers,Management Occupations,1594059.623069231,11352.98621923077,6.272368076923077,254140.0,1810.0,336530.91730000003,2396.79295,21.11156398604698,21.11156398604698,0.0071220587077988505,0.6684266660647081
11-3013.00,Facilities Managers,Management Occupations,1464904.6937076922,16612.428307692306,10.382767692307691,141090.0,1600.0,104471.8812576923,1184.7403076923076,7.131650386979964,7.131650386979965,0.01134027925437664,1.064319372423213
11-3021.00,Computer and Information Systems Managers,Management Occupations,8508774.72885,106562.20498846154,13.172089615384616,645970.0,8090.0,3604529.24615,45142.408473076925,42.36249473062696,42.36249473062696,0.01252380141492639,1.1753964927400808
11-3031.00,Financial Managers,Management Occupations,15301560.974023078,162058.7496576923,18.691897307692308,818620.0,8670.0,10217474.235946154,108213.21446538462,66.7740647721628,66.7740647721628,0.01059099460066942,0.9939967503332644
11-3031.01,Treasurers and Controllers,Management Occupations,9755610.406215385,103321.61713846153,11.917141538461538,818620.0,8670.0,4772470.534023076,50545.2096576923,48.92026572711938,48.92026572711938,0.010590994600669418,0.9939967503332643
11-3031.03,Investment Fund Managers,Management Occupations,30074163.70826154,318515.3054538461,36.737636153846154,818620.0,8670.0,19598243.26696923,207564.88862307693,65.16637821448543,65.16637821448545,0.01059099460066942,0.9939967503332644
11-3051.00,Industrial Production Managers,Management Occupations,3881767.2143153846,37926.64442692308,16.561853461538462,234380.0,2290.0,327289.0433153846,3197.7639269230767,8.431444371738493,8.431444371738493,0.009770458230224422,0.9169869399703144
11-3051.01,Quality Control Systems Managers,Management Occupations,6802797.196561539,66466.4458576923,29.024648846153845,234380.0,2290.0,906646.2945000001,8858.34975,13.327551421910133,13.327551421910133,0.00977045823022442,0.9169869399703142
11-3051.02,Geothermal Production Managers,Management Occupations,5157451.309338462,50390.66259230769,22.004656153846156,234380.0,2290.0,232981.2922769231,2276.333984615385,4.51737259942852,4.51737259942852,0.009770458230224422,0.9169869399703144
11-3051.03,Biofuels Production Managers,Management Occupations,6401449.12143077,62545.091253846156,27.312266923076923,234380.0,2290.0,0.0,0.0,0.0,0.0,,
11-3051.04,Biomass Power Plant Managers,Management Occupations,6470586.0831,63220.59105,27.607245,234380.0,2290.0,162150.9351076923,1584.2889384615385,2.5059698306340623,2.5059698306340628,0.009770458230224422,0.9169869399703144
11-3051.06,Hydroelectric Production Managers,Management Occupations,4036669.0464615384,39440.10630769231,17.222753846153847,234380.0,2290.0,0.0,0.0,0.0,0.0,,
11-3061.00,Purchasing Managers,Management Occupations,1297151.7996461538,7983.4551923076915,15.966910384615383,81240.0,500.0,463946.9230615384,2855.4094230769224,35.766586700808425,35.766586700808425,0.006154603643525357,0.5776280936699559
11-3071.00,"Transportation, Storage, and Distribution Managers",Management Occupations,5219563.607307692,63712.983,24.50499346153846,213000.0,2600.0,1339139.9296153847,16346.309000000001,25.656166499063467,25.656166499063467,0.012206572769953052,1.145623628707444
11-3071.04,Supply Chain Managers,Management Occupations,2135131.006153846,26062.631999999998,10.02408923076923,213000.0,2600.0,177410.3215384615,2165.571999999999,8.309107077136337,8.309107077136337,0.01220657276995305,1.1456236287074437
11-3111.00,Compensation and Benefits Managers,Management Occupations,144427.84978846152,1223.3549807692307,7.196205769230768,20070.0,170.0,66960.73748076922,567.1811346153845,46.36276007629021,46.3627600762902,0.008470353761833582,0.7949682188397637
11-3121.00,Human Resources Managers,Management Occupations,3016879.0499076922,28976.149003846152,13.998139615384614,215520.0,2070.0,979595.6785846154,9408.700142307693,32.470498895691165,32.47049889569117,0.009604677060133631,0.9014278777150776
11-3131.00,Training and Development Managers,Management Occupations,225863.96110769227,2511.8323076923075,5.023664615384615,44960.0,500.0,160507.6668923077,1785.0051923076921,71.06386787212034,71.06386787212033,0.011120996441281138,1.0437390197897514
11-9013.00,"Farmers, Ranchers, and Other Agricultural Managers",Management Occupations,111296.43807692306,1224.0725,18.831884615384613,5910.0,65.0,17571.13238076923,193.252725,15.787686186888441,15.78768618688844,0.010998307952622672,1.032224335510514
11-9021.00,Construction Managers,Management Occupations,3542852.23845,50549.69605,10.170964999999999,348330.0,4970.0,1650295.0985769231,23546.54103846154,46.580974522915135,46.580974522915135,0.014268079120374358,1.339102210311163
11-9031.00,"Education and Childcare Administrators, Preschool and Daycare",Management Occupations,1319669.5139846154,10134.295346153845,18.42599153846154,71620.0,550.0,381212.76566153846,2927.4926153846154,28.88698735719848,28.88698735719848,0.007679419156660151,0.7207366233275894
11-9032.00,"Education Administrators, Kindergarten through Secondary",Management Occupations,5998869.808296153,52738.554457692306,18.768168846153845,319630.0,2810.0,1104770.9760192307,9712.50021153846,18.416318595402497,18.416318595402494,0.00879141507367894,0.8251007902048598
11-9033.00,"Education Administrators, Postsecondary",Management Occupations,3399529.7362076924,47210.338134615384,19.269525769230768,176420.0,2450.0,1381837.6057846153,19190.01323076923,40.64790465183896,40.647904651838964,0.013887314363450856,1.3033662907593322
11-9041.00,Architectural and Engineering Managers,Management Occupations,2924808.6847,34484.76532307693,13.905147307692308,210340.0,2480.0,441357.231,5203.793538461538,15.090123101342964,15.09012310134296,0.011790434534563087,1.10656780163329
11-9041.01,Biofuels/Biodiesel Technology and Product Development Managers,Management Occupations,4531095.1737,53423.58101538462,21.541766538461538,210340.0,2480.0,176051.74850000002,2075.7266153846153,3.8854127258651188,3.8854127258651188,0.011790434534563087,1.10656780163329
11-9051.00,Food Service Managers,Management Occupations,15459950.063007694,127867.58026153847,63.30078230769231,244230.0,2020.0,1400696.435976923,11585.009215384616,9.060161451158148,9.06016145115815,0.008270892191786432,0.7762481495810458
11-9071.00,Gambling Managers,Management Occupations,208125.23921538462,2297.486406923077,45.04875307692308,4620.0,51.0,7945.888246153846,87.71435076923078,3.8178398141951475,3.8178398141951475,0.011038961038961041,1.0360397501372764
11-9081.00,Lodging Managers,Management Occupations,1749823.7902307692,19254.4093,42.31738307692308,41350.0,455.0,512251.8791538462,5636.6289,29.27448363736612,29.274483637366117,0.011003627569528414,1.0327235975833124
11-9111.00,Medical and Health Services Managers,Management Occupations,10661587.530676924,93833.42623846153,18.84205346153846,565840.0,4980.0,4509603.775261538,39689.358830769226,42.2976762352315,42.297676235231506,0.008801074508695036,0.8260073572817092
11-9121.00,Natural Sciences Managers,Management Occupations,1200077.1593461537,13681.855192307692,11.897265384615384,100870.0,1150.0,372691.4499,4248.9855,31.055623965300367,31.055623965300367,0.011400812927530484,1.0700006400160464
11-9121.01,Clinical Research Coordinators,Management Occupations,2941782.8445923077,33538.71588461538,29.164100769230767,100870.0,1150.0,800053.1207307692,9121.255961538462,27.196199141668664,27.196199141668664,0.011400812927530484,1.0700006400160464
11-9121.02,Water Resource Specialists,Management Occupations,996863.9141999999,11365.059,9.88266,100870.0,1150.0,151319.93651923075,1725.1702884615381,15.179598174206912,15.179598174206912,0.011400812927530484,1.0700006400160464
11-9131.00,Postmasters and Mail Superintendents,Management Occupations,301335.21450384613,2400.208080769231,21.820073461538463,13810.0,110.0,0.0,0.0,0.0,0.0,,
11-9141.00,"Property, Real Estate, and Community Association Managers",Management Occupations,4577611.797415385,49535.24093076923,15.43153923076923,296640.0,3210.0,2903115.050584615,31415.18106923077,63.41986125218776,63.41986125218777,0.010821197411003238,1.0156019776057754
11-9151.00,Social and Community Service Managers,Management Occupations,3901607.0141,40315.341799999995,19.95809,195490.0,2020.0,770747.5958615383,7964.142123076922,19.754618880787763,19.754618880787767,0.010333009361092639,0.9697840583773021
11-9161.00,Emergency Management Directors,Management Occupations,52149.507092307686,746.7709846153845,4.148727692307691,12570.0,180.0,2967.1436653846145,42.48893076923075,5.689686884542545,5.689686884542544,0.014319809069212408,1.3439572218543354
11-9171.00,Funeral Home Managers,Management Occupations,206782.37723076923,2679.3448269230767,15.760851923076922,13120.0,170.0,14104.989046153845,182.76281538461535,6.821175592933952,6.821175592933952,0.01295731707317073,1.216083243301376
11-9179.01,Fitness and Wellness Coordinators,Management Occupations,204348.30261923076,2259.7143092307692,19.480295769230768,10490.0,116.0,57385.8839076923,634.5817476923077,28.082388339981172,28.082388339981172,0.01105815061963775,1.037840750095458
11-9179.02,Spa Managers,Management Occupations,427354.80108846154,4725.753758461538,40.73925653846154,10490.0,116.0,147305.8007923077,1628.9297323076923,34.46920460870538,34.469204608705375,0.01105815061963775,1.037840750095458
11-9199.01,Regulatory Affairs Managers,Management Occupations,6081092.562353846,58692.595176923074,9.637536153846153,630980.0,6090.0,1537622.7850846152,14840.601542307691,25.285304726383544,25.285304726383544,0.009651652984246728,0.9058367097155555
11-9199.02,Compliance Managers,Management Occupations,14167251.726815384,136737.3974076923,22.452774615384616,630980.0,6090.0,4058293.238084615,39169.2380423077,28.645592782142703,28.64559278214271,0.00965165298424673,0.9058367097155556
11-9199.08,Loss Prevention Managers,Management Occupations,9764933.631653845,94247.75082692307,15.475821153846153,630980.0,6090.0,2320381.3838153845,22395.51590769231,23.762387655085284,23.762387655085284,0.009651652984246728,0.9058367097155555
11-9199.09,Wind Energy Operations Managers,Management Occupations,10660457.09303077,102891.03251538462,16.89507923076923,630980.0,6090.0,795909.9207230769,7681.846361538461,7.46600182128588,7.466001821285878,0.009651652984246726,0.9058367097155553
11-9199.10,Wind Energy Development Managers,Management Occupations,3776027.004615384,36444.902307692304,5.984384615384615,630980.0,6090.0,941937.3794384615,9091.252719230768,24.94519711557001,24.945197115570007,0.009651652984246726,0.9058367097155553
11-9199.11,Brownfield Redevelopment Specialists and Site Managers,Management Occupations,3289709.8477384606,31751.137869230763,5.213651538461537,630980.0,6090.0,0.0,0.0,0.0,0.0,,
13-1011.00,"Agents and Business Managers of Artists, Performers, and Athletes",Business and Financial Operations Occupations,376402.44835384615,3441.0913,26.469933076923077,14220.0,130.0,163302.3760846154,1492.91905,43.38504619159625,43.38504619159625,0.009142053445850914,0.8580092577872207
13-1021.00,"Buyers and Purchasing Agents, Farm Products",Business and Financial Operations Occupations,4561914.542076923,50256.9513323077,28.107914615384615,162300.0,1788.0,892083.4481538462,9827.758504615385,19.555023223817418,19.555023223817415,0.011016635859519409,1.0339444647885156
13-1022.00,"Wholesale and Retail Buyers, Except Farm Products",Business and Financial Operations Occupations,3254423.4324230766,35852.79788769231,20.051900384615383,162300.0,1788.0,667071.9766153846,7348.889058461538,20.49739348511011,20.49739348511011,0.011016635859519409,1.0339444647885156
13-1023.00,"Purchasing Agents, Except Wholesale, Retail, and Farm Products",Business and Financial Operations Occupations,4360544.437615384,48038.530218461536,26.867186923076922,162300.0,1788.0,1669860.0675,18396.240299999998,38.29476092699064,38.294760926990634,0.011016635859519407,1.0339444647885154
13-1031.00,"Claims Adjusters, Examiners, and Investigators",Business and Financial Operations Occupations,20123297.739369232,137885.0313923077,65.97369923076923,305020.0,2090.0,3822676.406638462,26193.015834615388,18.996272162488438,18.996272162488438,0.006852009704281686,0.6430817535189279
13-1032.00,"Insurance Appraisers, Auto Damage",Business and Financial Operations Occupations,182667.22162692307,1875.9149846153846,23.448937307692308,7790.0,80.0,32562.116107692305,334.3991384615384,17.82592181436728,17.82592181436728,0.010269576379974325,0.9638306819973755
13-1041.00,Compliance Officers,Business and Financial Operations Occupations,14583969.62616923,140424.37506153845,36.664327692307694,397770.0,3830.0,3638439.97815,35033.37385,24.9482141790891,24.948214179089106,0.00962867989038892,0.903680615646891
13-1041.01,Environmental Compliance Inspectors,Business and Financial Operations Occupations,6045848.662257692,58213.541434615385,15.199358076923076,397770.0,3830.0,501938.77254230774,4833.007765384616,8.30220537400732,8.302205374007318,0.009628679890388918,0.9036806156468907
13-1041.03,Equal Opportunity Representatives and Officers,Business and Financial Operations Occupations,10563055.434403846,101708.2794423077,26.55568653846154,397770.0,3830.0,2945720.4633807694,28363.39938846154,27.887011307226174,27.887011307226174,0.009628679890388918,0.9036806156468907
13-1041.04,Government Property Inspectors and Investigators,Business and Financial Operations Occupations,3278084.836303846,31563.629542307688,8.241156538461537,397770.0,3830.0,1075742.3450076922,10357.978684615384,32.81618380019197,32.81618380019197,0.009628679890388918,0.9036806156468907
13-1041.06,Coroners,Business and Financial Operations Occupations,12729691.18371923,122570.12151153845,32.002642692307695,397770.0,3830.0,739546.2230769229,7120.853846153846,5.809616371705649,5.809616371705649,0.00962867989038892,0.903680615646891
13-1041.07,Regulatory Affairs Specialists,Business and Financial Operations Occupations,7165845.826546154,68997.63560769231,18.015048461538463,397770.0,3830.0,1700463.2312653847,16373.216119230769,23.730111872710864,23.73011187271086,0.009628679890388916,0.9036806156468906
13-1041.08,Customs Brokers,Business and Financial Operations Occupations,26179455.607176926,252073.59774615386,65.81556076923077,397770.0,3830.0,6531937.983173078,62893.93990384616,24.950625716534724,24.950625716534724,0.009628679890388918,0.9036806156468907
13-1051.00,Cost Estimators,Business and Financial Operations Occupations,1355131.3331846152,15432.18846153846,6.172875384615384,219530.0,2500.0,155853.0437653846,1774.8490384615384,11.500954922142006,11.500954922142007,0.011387965198378355,1.068794841929286
13-1071.00,Human Resources Specialists,Business and Financial Operations Occupations,23671072.81786154,269616.8889615385,25.80065923076923,917460.0,10450.0,13475128.822061539,153483.63546153848,56.92656571058993,56.92656571058991,0.011390142349530225,1.068999174123904
13-1074.00,Farm Labor Contractors,Business and Financial Operations Occupations,4117.635834615385,50.215071153846154,10.04301423076923,410.0,5.0,0.0,0.0,0.0,0.0,,
13-1075.00,Labor Relations Specialists,Business and Financial Operations Occupations,468818.8635692307,1524.2601230769228,7.2583815384615376,64590.0,210.0,88055.42278846152,286.29259615384615,18.78239755927789,18.782397559277893,0.0032512772875058064,0.3051421684238092
13-1081.00,Logisticians,Business and Financial Operations Occupations,4886196.8722,82321.34435,20.735855,235640.0,3970.0,2754825.2779538464,46412.563034615385,56.379743796804725,56.379743796804725,0.016847733831268034,1.5812105765497917
13-1081.01,Logistics Engineers,Business and Financial Operations Occupations,2383244.833846153,40152.27461538461,10.113923076923076,235640.0,3970.0,816435.6838769229,13755.09109230769,34.25731474509625,34.25731474509625,0.016847733831268037,1.581210576549792
13-1081.02,Logistics Analysts,Business and Financial Operations Occupations,10086125.83733846,169928.36349615385,42.80311423076923,235640.0,3970.0,5944310.10603077,100148.15447692308,58.93551401099079,58.93551401099077,0.016847733831268037,1.581210576549792
13-1111.00,Management Analysts,Business and Financial Operations Occupations,4840301.409461538,39907.172376923074,5.4148130769230765,893900.0,7370.0,3299718.3934615375,27205.419576923072,68.17175449056624,68.17175449056626,0.008244770108513258,0.7737965133689162
13-1121.00,"Meeting, Convention, and Event Planners",Business and Financial Operations Occupations,3809366.884823077,54593.28794615385,28.28667769230769,134670.0,1930.0,2119438.4282538462,30374.368207692307,55.63755060448272,55.63755060448271,0.014331328432464542,1.3450383487994675
13-1131.00,Fundraisers,Business and Financial Operations Occupations,2346779.698026923,14621.68036153846,22.15406115384615,105930.0,660.0,844864.2305653845,5263.9515923076915,36.001003045821136,36.001003045821136,0.006230529595015576,0.5847539729563517
13-1141.00,"Compensation, Benefits, and Job Analysis Specialists",Business and Financial Operations Occupations,906916.3433730769,9479.344411538461,8.859200384615384,102370.0,1070.0,144052.26851153845,1505.6747807692304,15.883743805494513,15.883743805494511,0.010452280941682131,0.9809780555402856
13-1151.00,Training and Development Specialists,Business and Financial Operations Occupations,3766936.234680769,58668.299846153845,8.627691153846154,436610.0,6800.0,739422.0409884615,11516.158307692307,19.62926885198852,19.629268851988524,0.015574540207507846,1.4617175192610392
13-1161.00,Market Research Analysts and Marketing Specialists,Business and Financial Operations Occupations,7355767.129092307,113692.61733076922,8.541894615384615,861140.0,13310.0,6614835.317730769,102240.58582692307,89.92719864076273,89.92719864076273,0.015456255661100402,1.4506161582296389
13-1161.01,Search Marketing Strategists,Business and Financial Operations Occupations,17069857.230299998,263836.07745,19.822394999999997,861140.0,13310.0,14393047.259715384,222462.61818846152,84.31849818970296,84.31849818970295,0.015456255661100402,1.4506161582296389
13-1199.04,Business Continuity Planners,Business and Financial Operations Occupations,4376459.1996153835,35998.52984615384,3.8791519230769222,1128200.0,9280.0,1584930.5077692303,13036.833107692304,36.21490422916587,36.21490422916587,0.008225491934054245,0.7719871986173625
13-1199.05,Sustainability Specialists,Business and Financial Operations Occupations,5708399.101923076,46954.39076923076,5.059740384615385,1128200.0,9280.0,3470945.051307692,28550.23052307692,60.80417625562272,60.80417625562272,0.008225491934054245,0.7719871986173625
13-1199.06,Online Merchants,Business and Financial Operations Occupations,73865434.46346153,607579.5353846154,65.47193269230769,1128200.0,9280.0,39967127.20615385,328749.28246153845,54.108024269354416,54.1080242693544,0.008225491934054245,0.7719871986173625
13-2011.00,Accountants and Auditors,Business and Financial Operations Occupations,14161886.521499999,161733.90899999999,9.77835,1448290.0,16540.0,5991110.049061538,68420.66175384616,42.30446303863598,42.30446303863599,0.011420364705963587,1.071835633324844
13-2023.00,Appraisers and Assessors of Real Estate,Business and Financial Operations Occupations,1099536.0570403845,12099.177875,37.22823961538462,29535.0,325.0,195016.28799230768,2145.9385,17.736234000113832,17.736234000113832,0.011003893685457932,1.0327485733650144
13-2031.00,Budget Analysts,Business and Financial Operations Occupations,651969.1173,5252.242200000001,13.82169,47170.0,380.0,328134.93009615387,2643.444423076923,50.329827194125265,50.329827194125265,0.008055967776128894,0.7560768456775044
13-2041.00,Credit Analysts,Business and Financial Operations Occupations,1596081.7668038462,20374.503776923077,23.69128346153846,67370.0,860.0,1069182.214646154,13648.459323076924,66.98793488426294,66.98793488426294,0.012765325812676264,1.1980642850996768
13-2052.00,Personal Financial Advisors,Business and Financial Operations Occupations,2334375.1432615384,22611.885815384616,8.630490769230768,270480.0,2620.0,1435932.2343692307,13909.133592307691,61.512488192578054,61.51248819257804,0.00968648328896776,0.9091056387454727
13-2053.00,Insurance Underwriters,Business and Financial Operations Occupations,2530888.469030769,10797.706323076922,23.473274615384614,107820.0,460.0,191944.77182307694,818.9073923076924,7.584086543986833,7.584086543986834,0.004266369875718791,0.4004116659559214
13-2061.00,Financial Examiners,Business and Financial Operations Occupations,286857.8562692307,2739.371538461538,4.56561923076923,62830.0,600.0,66223.90744230768,632.4103846153845,23.08596609609784,23.08596609609784,0.009549578226961642,0.8962566862278635
13-2071.00,Credit Counselors,Business and Financial Operations Occupations,2370648.4061884615,22770.368896153846,84.33469961538462,28110.0,270.0,987106.9327153846,9481.28323846154,41.63868965716681,41.63868965716681,0.0096051227321238,0.9014697053740128
13-2072.00,Loan Officers,Business and Financial Operations Occupations,5378415.729188462,103484.47295,18.512428076923076,290530.0,5590.0,2096702.1558884615,40342.01305,38.983638704418794,38.9836387044188,0.019240698034626372,1.8057974762212987
13-2081.00,"Tax Examiners and Collectors, and Revenue Agents",Business and Financial Operations Occupations,3186899.0175423077,189916.0819346154,59.534821923076926,53530.0,3190.0,835908.2768807693,49814.07441153846,26.22951879803867,26.229518798038665,0.059592751728002984,5.592959282342374
13-2082.00,Tax Preparers,Business and Financial Operations Occupations,3289218.747742308,65721.78278076922,44.708695769230765,73570.0,1470.0,955434.2354307693,19090.503276923075,29.047451954558245,29.047451954558245,0.019980970504281634,1.8752742776873295
13-2099.01,Financial Quantitative Analysts,Business and Financial Operations Occupations,1005153.9346538461,16640.83799230769,7.886653076923077,127450.0,2110.0,663329.4562499999,10981.75875,65.9928229280062,65.99282292800623,0.01655551196547666,1.5537846740802927
13-2099.04,"Fraud Examiners, Investigators and Analysts",Business and Financial Operations Occupations,2120057.172134615,35098.63188076923,16.63442269230769,127450.0,2110.0,1110564.1532115384,18385.958126923077,52.38368888388742,52.383688883887416,0.01655551196547666,1.5537846740802927
15-1211.00,Computer Systems Analysts,Computer and Mathematical Occupations,11835830.269384615,66811.3359923077,23.776276153846155,497800.0,2810.0,6634897.240538462,37452.91531923077,56.05772547871653,56.05772547871653,0.005644837284049819,0.5297849850807139
15-1211.01,Health Informatics Specialists,Computer and Mathematical Occupations,7412360.131769231,41841.56683461538,14.890237307692306,497800.0,2810.0,3808445.3216923075,21498.05414615384,51.379658489195435,51.37965848919542,0.005644837284049818,0.5297849850807138
15-1212.00,Information Security Analysts,Computer and Mathematical Occupations,2389953.011873077,22909.876723076923,13.31969576923077,179430.0,1720.0,1650986.2224923077,15826.206892307691,69.08027958250027,69.08027958250028,0.00958591094019952,0.8996666208233319
15-1221.00,Computer and Information Research Scientists,Computer and Mathematical Occupations,769683.2944,17401.883215384616,20.002164615384615,38480.0,870.0,427983.9432,9676.352146153846,55.605201037087745,55.605201037087745,0.02260914760914761,2.1219366167817095
15-1231.00,Computer Network Support Specialists,Computer and Mathematical Occupations,4510489.3294230765,30798.834615384614,30.798834615384614,146450.0,1000.0,2043606.7280576923,13954.296538461538,45.307871913735006,45.307871913735,0.006828269033799931,0.6408536200716589
15-1232.00,Computer User Support Specialists,Computer and Mathematical Occupations,17634547.81498846,271899.98567307694,25.29302192307692,697210.0,10750.0,10924590.462100001,168441.8575,61.949932466171084,61.949932466171084,0.01541859697938928,1.447081777498265
15-1241.00,Computer Network Architects,Computer and Mathematical Occupations,2869741.87815,27398.81235,16.212315,177010.0,1690.0,1759279.8552653845,16796.69485,61.30446325714553,61.30446325714553,0.009547483193039942,0.8960600609826882
15-1241.01,Telecommunications Engineering Specialists,Computer and Mathematical Occupations,1917793.1272346152,18310.09765,10.834377307692307,177010.0,1690.0,962071.203926923,9185.35865,50.165536118809285,50.165536118809285,0.009547483193039942,0.8960600609826882
15-1242.00,Database Administrators,Computer and Mathematical Occupations,627585.7130153846,6860.734769230769,8.575918461538462,73180.0,800.0,405517.54103846155,4433.096923076923,64.61548321265253,64.61548321265253,0.010931948619841488,1.025996312210926
15-1243.00,Database Architects,Computer and Mathematical Occupations,973730.0834653846,9471.205073076922,15.033658846153845,64770.0,630.0,797263.0725346153,7754.758926923077,81.87721485375648,81.8772148537565,0.009726725335803614,0.912882476076602
15-1243.01,Data Warehousing Specialists,Computer and Mathematical Occupations,435725.875776923,4238.185915384615,6.727279230769231,64770.0,630.0,415788.02561538457,4044.255923076923,95.42422167928673,95.42422167928673,0.009726725335803614,0.912882476076602
15-1244.00,Network and Computer Systems Administrators,Computer and Mathematical Occupations,6655998.797942308,51815.54138461538,20.893363461538463,318570.0,2480.0,3252496.899911538,25319.999723076922,48.86564734532469,48.86564734532469,0.007784788272593151,0.7306258322991689
15-1251.00,Computer Programmers,Computer and Mathematical Occupations,3363296.492,36733.92,30.6116,109870.0,1200.0,2566654.2653269228,28032.994615384614,76.31364857163247,76.31364857163247,0.010921998725766817,1.0250624846763754
15-1253.00,Software Quality Assurance Analysts and Testers,Computer and Mathematical Occupations,7881601.509,169624.0565,39.447455,199800.0,4300.0,3129890.8223076924,67360.01269230769,39.71135585494484,39.711355854944834,0.02152152152152152,2.019859631810941
15-1254.00,Web Developers,Computer and Mathematical Occupations,1719424.8592615386,38592.21406153846,21.80351076923077,78860.0,1770.0,1387244.8224307692,31136.486630769232,80.68074710904001,80.68074710904003,0.022444838955110322,2.1065157545942834
15-1255.01,Video Game Designers,Computer and Mathematical Occupations,1931472.4379230768,19765.51686923077,17.33817269230769,111400.0,1140.0,581229.5,5947.95,30.0925598827079,30.092559882707892,0.010233393177737882,0.9604347794598176
15-1299.01,Web Administrators,Computer and Mathematical Occupations,11516474.26523077,130267.37015384616,26.21073846153846,439380.0,4970.0,5198018.507030769,58796.83185384615,45.13550230146423,45.13550230146423,0.011311393326960717,1.0616083411117652
15-1299.02,Geographic Information Systems Technologists and Technicians,Computer and Mathematical Occupations,16014978.181246154,181151.71733076923,36.44903769230769,439380.0,4970.0,9380139.756369231,106102.45024615385,58.571042996196866,58.571042996196866,0.011311393326960717,1.0616083411117652
15-1299.03,Document Management Specialists,Computer and Mathematical Occupations,8183849.46293077,92570.74020384616,18.62590346153846,439380.0,4970.0,3612194.1846692306,40858.949196153844,44.138081975125246,44.138081975125246,0.011311393326960717,1.0616083411117652
15-1299.08,Computer Systems Engineers/Architects,Computer and Mathematical Occupations,9242391.084507693,104544.32083846153,21.035074615384612,439380.0,4970.0,4482062.316415384,50698.36977692307,48.494618713206364,48.49461871320637,0.011311393326960717,1.0616083411117652
15-1299.09,Information Technology Project Managers,Computer and Mathematical Occupations,10682897.400553845,120838.45436923076,24.313572307692304,439380.0,4970.0,2622912.877453846,29668.79921923077,24.55244845202635,24.55244845202635,0.011311393326960718,1.0616083411117654
15-2011.00,Actuaries,Computer and Mathematical Occupations,281908.5639,3183.1595076923077,9.947373461538461,28340.0,320.0,169844.48669999998,1917.792369230769,60.24807630897231,60.24807630897232,0.011291460832745237,1.0597376164798245
15-2021.00,Mathematicians,Computer and Mathematical Occupations,25071.91239230769,271.0477015384615,11.29365423076923,2220.0,24.0,22142.04775384615,239.3734892307692,88.31415572686647,88.31415572686649,0.010810810810810811,1.0146271638864266
15-2031.00,Operations Research Analysts,Computer and Mathematical Occupations,1050814.1382461537,10629.05911923077,9.751430384615384,107760.0,1090.0,446874.79319999996,4520.17005,42.52653032874586,42.52653032874585,0.010115070527097253,0.9493298422313377
15-2041.00,Statisticians,Computer and Mathematical Occupations,757381.4071538461,8336.278575384615,25.41548346153846,29800.0,328.0,466389.16369230766,5133.410929230769,61.57916728441295,61.57916728441296,0.011006711409395974,1.0330130252454424
15-2041.01,Biostatisticians,Computer and Mathematical Occupations,211187.32769230765,2324.477969230769,7.086823076923076,29800.0,328.0,84107.4283076923,925.7461907692307,39.82598256569343,39.82598256569343,0.011006711409395973,1.0330130252454421
15-2051.01,Business Intelligence Analysts,Computer and Mathematical Occupations,4104048.035384615,84914.9760576923,17.580740384615385,233440.0,4830.0,2539024.615323077,52533.79408846154,61.86634740704563,61.86634740704563,0.020690541466758052,1.9418696502114383
15-2051.02,Clinical Data Managers,Computer and Mathematical Occupations,2772919.0152615383,57373.19586923077,11.87850846153846,233440.0,4830.0,1532718.0176,31712.765699999996,55.27453233088511,55.27453233088511,0.020690541466758052,1.9418696502114383
15-2099.01,Bioinformatics Technicians,Computer and Mathematical Occupations,85406.93682307692,934.7111111538461,18.327668846153845,4660.0,51.0,70383.93562307692,770.2962911538461,82.41009248333,82.41009248333,0.01094420600858369,1.0271467050717202
17-1011.00,"Architects, Except Landscape and Naval",Architecture and Engineering Occupations,2800991.1880692304,32763.078499999996,25.202368076923076,111140.0,1300.0,1599512.7737692303,18709.434999999998,57.105241193986075,57.10524119398609,0.011696958790714416,1.097794821462505
17-1012.00,Landscape Architects,Architecture and Engineering Occupations,263769.7183,1751.28005,13.471385000000001,19580.0,130.0,62234.14136923077,413.19910000000004,23.594119055944248,23.59411905594425,0.006639427987742595,0.6231303189854075
17-1021.00,Cartographers and Photogrammetrists,Architecture and Engineering Occupations,505202.9437615385,7899.967846153846,39.49983923076923,12790.0,200.0,64082.12561923077,1002.0660769230769,12.684432347543536,12.684432347543536,0.01563721657544957,1.4675998852149248
17-1022.00,Surveyors,Architecture and Engineering Occupations,1303777.602076923,16211.251269230768,24.562501923076923,53080.0,660.0,73620.44926153845,915.4012153846153,5.646703022375962,5.646703022375962,0.012434061793519217,1.1669741589160953
17-1022.01,Geodetic Surveyors,Architecture and Engineering Occupations,615536.5241076923,7653.619176923077,11.596392692307692,53080.0,660.0,0.0,0.0,0.0,0.0,,
17-2011.00,Aerospace Engineers,Architecture and Engineering Occupations,756699.2263076924,11056.388461538461,11.05638846153846,68440.0,1000.0,144040.50867692308,2104.6246153846155,19.035371475106107,19.035371475106107,0.014611338398597311,1.3713181276957107
17-2021.00,Agricultural Engineers,Architecture and Engineering Occupations,15541.845415384614,175.77087076923075,9.251098461538461,1680.0,19.0,2928.0493846153845,33.11484423076923,18.839779359257797,18.839779359257797,0.01130952380952381,1.061432881268092
17-2031.00,Bioengineers and Biomedical Engineers,Architecture and Engineering Occupations,305259.06831538456,5585.710307692307,13.964275769230769,21860.0,400.0,107745.56062307692,1971.5564615384612,35.29643237715625,35.29643237715625,0.01829826166514181,1.7173469837052961
17-2041.00,Chemical Engineers,Architecture and Engineering Occupations,240688.33219615382,2651.9521107692303,11.839071923076922,20330.0,224.0,36831.329292307695,405.81494153846154,15.302498860763745,15.302498860763745,0.01101819970486965,1.0340912363859693
17-2051.00,Civil Engineers,Architecture and Engineering Occupations,4120917.3000346157,53452.150342307694,11.59482653846154,355410.0,4610.0,767543.1626076923,9955.752453846153,18.625541517206496,18.625541517206496,0.012970934976506006,1.2173613245554975
17-2051.01,Transportation Engineers,Architecture and Engineering Occupations,4595191.987396154,59603.936473076916,12.929270384615384,355410.0,4610.0,2748446.4964846154,35649.92079230769,59.811352910240664,59.811352910240664,0.012970934976506006,1.2173613245554975
17-2051.02,Water/Wastewater Engineers,Architecture and Engineering Occupations,2404722.513980769,31191.49936538461,6.7660519230769225,355410.0,4610.0,227638.05455769226,2952.678403846153,9.466291983138671,9.466291983138671,0.012970934976506006,1.2173613245554975
17-2061.00,Computer Hardware Engineers,Architecture and Engineering Occupations,641360.4632038461,3642.649573076923,8.471278076923078,75710.0,430.0,191850.5668423077,1089.6281038461539,29.913064158014848,29.913064158014848,0.005679566767930261,0.5330444517710027
17-2071.00,Electrical Engineers,Architecture and Engineering Occupations,3008797.784192308,30599.56430769231,15.937273076923079,188790.0,1920.0,1165893.702346154,11857.174153846157,38.74948687052196,38.74948687052196,0.010170030192277135,0.9544879723832267
17-2072.00,"Electronics Engineers, Except Computer",Architecture and Engineering Occupations,1396058.9962846152,16495.90681153846,14.861177307692307,93940.0,1110.0,454382.1074692308,5369.002973076923,32.54748607891895,32.54748607891894,0.011816052799659357,1.1089721529916845
17-2072.01,Radio Frequency Identification Device Specialists,Architecture and Engineering Occupations,1895338.4260461538,22395.418915384616,20.176053076923075,93940.0,1110.0,136899.77366153843,1617.6149538461536,7.222972519325937,7.222972519325937,0.011816052799659358,1.1089721529916845
17-2081.00,Environmental Engineers,Architecture and Engineering Occupations,377388.5641730769,4276.075957692307,9.944362692307692,37950.0,430.0,34506.12507692307,390.97849230769225,9.143394462026668,9.143394462026668,0.011330698287220027,1.0634201697913732
17-2111.00,"Health and Safety Engineers, Except Mining Safety Engineers and Inspectors",Architecture and Engineering Occupations,282958.5984923077,2924.6366769230767,12.185986153846153,23220.0,240.0,39264.984276923075,405.8396307692307,13.876582823826258,13.876582823826258,0.010335917312661497,0.9700569783927073
17-2111.02,Fire-Prevention and Protection Engineers,Architecture and Engineering Occupations,326258.9419153846,3372.185446153846,14.05077269230769,23220.0,240.0,57585.6,595.2,17.65027485895999,17.650274858959992,0.0103359173126615,0.9700569783927075
17-2112.00,Industrial Engineers,Architecture and Engineering Occupations,5602449.210957692,73263.90482307693,15.99648576923077,350230.0,4580.0,2438535.105876923,31889.018030769228,43.52623315366166,43.52623315366165,0.013077120749221939,1.2273271792264642
17-2112.01,Human Factors Engineers and Ergonomists,Architecture and Engineering Occupations,3511624.7390461536,45921.94073846153,10.026624615384614,350230.0,4580.0,459669.7356961538,6011.156638461538,13.089944679596138,13.08994467959614,0.01307712074922194,1.2273271792264644
17-2112.02,Validation Engineers,Architecture and Engineering Occupations,5973837.817592308,78120.59847692307,17.05689923076923,350230.0,4580.0,144827.1096,1893.9216,2.4243562350069126,2.424356235006913,0.013077120749221939,1.2273271792264642
17-2112.03,Manufacturing Engineers,Architecture and Engineering Occupations,5687453.803665385,74375.52014615384,16.239196538461538,350230.0,4580.0,1521670.4135461538,19899.067738461537,26.754861948337677,26.754861948337677,0.013077120749221939,1.2273271792264642
17-2121.00,Marine Engineers and Naval Architects,Architecture and Engineering Occupations,100139.02236923076,1103.427616153846,11.864813076923076,8440.0,93.0,9595.591815384614,105.7334169230769,9.582270316164985,9.582270316164985,0.011018957345971563,1.0341623432858984
17-2131.00,Materials Engineers,Architecture and Engineering Occupations,534227.7344884615,11496.336842307692,23.461911923076922,22770.0,490.0,46747.75583076923,1005.9903538461538,8.750529561242558,8.750529561242558,0.021519543258673692,2.0196739658828404
17-2141.00,Mechanical Engineers,Architecture and Engineering Occupations,11712176.841138462,144584.69109230768,40.843133076923074,286760.0,3540.0,2751894.8767230767,33971.641315384615,23.496015420952126,23.496015420952133,0.01234481796624355,1.1585983568650104
17-2141.01,Fuel Cell Engineers,Architecture and Engineering Occupations,5955371.4604,73517.9766,20.767789999999998,286760.0,3540.0,128494.95015384615,1586.2467692307691,2.157631157153976,2.157631157153976,0.012344817966243548,1.1585983568650102
17-2141.02,Automotive Engineers,Architecture and Engineering Occupations,3215837.9249384613,39698.93379230769,11.214388076923075,286760.0,3540.0,578149.7401999999,7137.153299999999,17.978198954509296,17.9781989545093,0.01234481796624355,1.1585983568650104
17-2151.00,"Mining and Geological Engineers, Including Mining Safety Engineers",Architecture and Engineering Occupations,53346.31890769231,1733.5583692307694,7.879810769230769,6770.0,220.0,0.0,0.0,0.0,0.0,,
17-2161.00,Nuclear Engineers,Architecture and Engineering Occupations,103004.7754153846,1132.0741938461538,6.988112307692307,14740.0,162.0,7984.2158,87.75054,7.751306449436219,7.7513064494362185,0.010990502035278155,1.03149172665116
17-2171.00,Petroleum Engineers,Architecture and Engineering Occupations,286276.12407692306,5734.577076923077,15.090992307692307,18970.0,380.0,7815.457596153847,156.55634615384616,2.730041711076756,2.730041711076756,0.020031628887717447,1.8800287195892402
17-2199.03,"Energy Engineers, Except Wind and Solar",Architecture and Engineering Occupations,1233751.7994230767,12439.819138461537,8.184091538461537,150750.0,1520.0,307718.9593269231,3102.7052615384614,24.941723243752733,24.94172324375273,0.010082918739635155,0.946312300115632
17-2199.05,Mechatronics Engineers,Architecture and Engineering Occupations,3568334.1369230766,35979.22313846154,23.67054153846154,150750.0,1520.0,1394465.3307692308,14060.280615384614,39.078888838915134,39.07888883891513,0.010082918739635157,0.9463123001156322
17-2199.06,Microsystems Engineers,Architecture and Engineering Occupations,1062922.5951923076,10717.362153846152,7.050896153846153,150750.0,1520.0,491848.08230769227,4959.264246153845,46.27317967765145,46.27317967765145,0.010082918739635157,0.9463123001156322
17-2199.07,Photonics Engineers,Architecture and Engineering Occupations,1300952.7285576921,13117.400646153845,8.629868846153846,150750.0,1520.0,500222.3607692307,5043.701415384615,38.45046401676752,38.450464016767526,0.010082918739635158,0.9463123001156323
17-2199.08,Robotics Engineers,Architecture and Engineering Occupations,2461721.8725,24821.3416,16.329829999999998,150750.0,1520.0,1013512.5432692308,10219.164615384616,41.17087939914019,41.1708793991402,0.010082918739635158,0.9463123001156323
17-2199.09,Nanosystems Engineers,Architecture and Engineering Occupations,3266502.834807692,32935.88264615384,21.668343846153846,150750.0,1520.0,949182.1260576922,9570.526246153844,29.058053032841563,29.058053032841563,0.010082918739635157,0.9463123001156322
17-2199.10,Wind Energy Engineers,Architecture and Engineering Occupations,1588832.9299038462,16020.073323076924,10.539521923076924,150750.0,1520.0,40319.073173076926,406.5339384615385,2.5376534193256544,2.5376534193256544,0.010082918739635158,0.9463123001156323
17-2199.11,Solar Energy Systems Engineers,Architecture and Engineering Occupations,1638306.5287499998,16518.9116,10.867704999999999,150750.0,1520.0,0.0,0.0,0.0,0.0,,
17-3011.00,Architectural and Civil Drafters,Architecture and Engineering Occupations,4427743.655865384,64668.09538461538,40.41755961538461,109550.0,1600.0,615092.2810576922,8983.547692307693,13.891777141228268,13.891777141228271,0.014605203103605663,1.37074231177719
17-3012.00,Electrical and Electronics Drafters,Architecture and Engineering Occupations,1087911.0781,11411.654665384614,54.34121269230769,20020.0,210.0,111681.6932,1171.4862923076923,10.265700519848396,10.265700519848398,0.01048951048951049,0.9844721607639279
17-3013.00,Mechanical Drafters,Architecture and Engineering Occupations,1513709.3038846154,23141.921688461538,37.93757653846154,39900.0,610.0,365842.14853846154,5593.075453846153,24.16858690103872,24.16858690103872,0.015288220551378445,1.4348455569496643
17-3021.00,Aerospace Engineering and Operations Technologists and Technicians,Architecture and Engineering Occupations,115342.08293076923,3182.7285576923077,12.730914230769232,9060.0,250.0,12954.963692307692,357.4769230769231,11.231775396395031,11.231775396395031,0.02759381898454746,2.589763042480531
17-3022.00,Civil Engineering Technologists and Technicians,Architecture and Engineering Occupations,796294.2348807693,11663.08955,12.816581923076923,62130.0,910.0,372272.2306269231,5452.56285,46.75058719754064,46.75058719754064,0.01464670851440528,1.3746377196224038
17-3023.00,Electrical and Electronic Engineering Technologists and Technicians,Architecture and Engineering Occupations,2698829.213319231,34641.42771923077,29.110443461538463,92710.0,1190.0,703035.0845192308,9023.964519230769,26.04963222754593,26.04963222754593,0.01283572430158559,1.2046713953704928
17-3024.00,Electro-Mechanical and Mechatronics Technologists and Technicians,Architecture and Engineering Occupations,677929.0511692308,18472.18123076923,46.18045307692308,14680.0,400.0,215470.57827692307,5871.132923076922,31.783647257083743,31.783647257083743,0.02724795640326975,2.557302797261429
17-3024.01,Robotics Technicians,Architecture and Engineering Occupations,182286.92949230768,4966.9463076923075,12.417365769230768,14680.0,400.0,48604.379,1324.3700000000001,26.663666525827928,26.663666525827928,0.027247956403269758,2.5573027972614293
17-3025.00,Environmental Engineering Technologists and Technicians,Architecture and Engineering Occupations,254267.83173076922,1830.7283884615385,20.341426538461537,12500.0,90.0,43454.245192307695,312.87056538461536,17.089949954156648,17.089949954156644,0.007199999999999999,0.6757416911483599
17-3026.00,Industrial Engineering Technologists and Technicians,Architecture and Engineering Occupations,470368.53279230767,8457.791353846154,6.407417692307693,73410.0,1320.0,0.0,0.0,0.0,0.0,,
17-3026.01,Nanotechnology Engineering Technologists and Technicians,Architecture and Engineering Occupations,1770427.3041576922,31834.410046153844,24.116977307692306,73410.0,1320.0,30719.515649999994,552.3737999999998,1.7351469658120344,1.7351469658120344,0.01798120147118921,1.6875899293084413
17-3027.00,Mechanical Engineering Technologists and Technicians,Architecture and Engineering Occupations,744793.5727884616,23467.461038461537,19.887678846153847,37450.0,1180.0,318795.2423653846,10044.816715384615,42.80316775181541,42.803167751815415,0.0315086782376502,2.957184377522122
17-3027.01,Automotive Engineering Technicians,Architecture and Engineering Occupations,851540.4766346153,26830.914884615384,22.73806346153846,37450.0,1180.0,305030.97019230766,9611.122692307692,35.82107704355108,35.821077043551085,0.0315086782376502,2.957184377522122
17-3029.01,Non-Destructive Testing Specialists,Architecture and Engineering Occupations,4593976.18928077,77743.1151423077,71.32395884615384,64410.0,1090.0,790998.970396154,13385.947488461541,17.218177408968945,17.21817740896895,0.016922838068622884,1.5882593354890382
17-3029.08,Photonics Technicians,Architecture and Engineering Occupations,1672910.5500807692,28310.394342307693,25.972838846153845,64410.0,1090.0,50369.09068846153,852.3879653846153,3.010865744497199,3.010865744497199,0.016922838068622884,1.5882593354890382
17-3031.00,Surveying and Mapping Technicians,Architecture and Engineering Occupations,2410532.8086153846,19974.443230769233,42.49881538461538,56720.0,470.0,0.0,0.0,0.0,0.0,,
19-1011.00,Animal Scientists,"Life, Physical, and Social Science Occupations",25326.5193,276.8485915384615,10.253651538461538,2470.0,27.0,9860.9373,107.79162230769231,38.935225102171856,38.93522510217186,0.010931174089068827,1.0259236201645143
19-1012.00,Food Scientists and Technologists,"Life, Physical, and Social Science Occupations",103610.32528846154,937.32375,7.210182692307692,14370.0,130.0,50834.9748576923,459.88494999999995,49.063618626968534,49.063618626968534,0.009046624913013222,0.8490530024867278
19-1013.00,Soil and Plant Scientists,"Life, Physical, and Social Science Occupations",219194.8979230769,924.3158346153846,13.204511923076922,16600.0,70.0,55841.46146153846,235.4760423076923,25.475712249988213,25.47571224998821,0.004216867469879518,0.3957657160340127
19-1021.00,Biochemists and Biophysicists,"Life, Physical, and Social Science Occupations",1057233.5910615386,11331.878003846154,30.626697307692307,34520.0,370.0,515026.98184615385,5520.277615384615,48.71458741005663,48.71458741005663,0.010718424101969872,1.0059563929320088
19-1022.00,Microbiologists,"Life, Physical, and Social Science Occupations",634060.628,4492.332384615384,32.08808846153846,19760.0,140.0,315320.0176,2234.0487076923077,49.73026295523273,49.73026295523273,0.00708502024291498,0.664950494551074
19-1023.00,Zoologists and Wildlife Biologists,"Life, Physical, and Social Science Occupations",147778.64224615385,3056.8868076923077,8.733962307692307,16920.0,350.0,8928.664476923077,184.69459615384616,6.041918061508959,6.041918061508959,0.020685579196217496,1.9414039261715756
19-1029.01,Bioinformatics Scientists,"Life, Physical, and Social Science Occupations",762580.6844115384,6513.417334615385,12.771406538461537,59710.0,510.0,385227.1717807692,3290.334242307692,50.51625089062385,50.51625089062384,0.008541282867191425,0.8016251290628399
19-1029.02,Molecular and Cellular Biologists,"Life, Physical, and Social Science Occupations",853749.5639076923,7292.116523076923,14.298267692307691,59710.0,510.0,259738.72965384615,2218.5019615384617,30.42329280556203,30.42329280556203,0.008541282867191425,0.8016251290628399
19-1029.03,Geneticists,"Life, Physical, and Social Science Occupations",684223.6188576923,5844.147473076923,11.459112692307691,59710.0,510.0,239700.26034230768,2047.3477269230768,35.03244461839625,35.03244461839625,0.008541282867191425,0.8016251290628399
19-1029.04,Biologists,"Life, Physical, and Social Science Occupations",1823733.7371076923,15577.025723076924,30.543187692307693,59710.0,510.0,543907.9436000001,4645.671600000001,29.82386806434793,29.82386806434793,0.008541282867191425,0.8016251290628399
19-1031.00,Conservation Scientists,"Life, Physical, and Social Science Occupations",240474.48579230768,2819.1616153846153,9.397205384615384,25590.0,300.0,19895.693515384617,233.24376923076926,8.27351535853499,8.27351535853499,0.011723329425556858,1.1002697849882115
19-1031.02,Range Managers,"Life, Physical, and Social Science Occupations",156557.73027692307,1835.3778461538461,6.117926153846153,25590.0,300.0,0.0,0.0,0.0,0.0,,
19-1031.03,Park Naturalists,"Life, Physical, and Social Science Occupations",457363.82013461535,5361.82673076923,17.872755769230768,25590.0,300.0,9494.382115384617,111.30576923076924,2.075892691422366,2.075892691422366,0.011723329425556858,1.1002697849882115
19-1032.00,Foresters,"Life, Physical, and Social Science Occupations",68150.40444230768,282.48872307692307,7.062218076923076,9650.0,40.0,0.0,0.0,0.0,0.0,,
19-1041.00,Epidemiologists,"Life, Physical, and Social Science Occupations",159844.44583846154,2510.645746153846,13.948031923076925,11460.0,180.0,35862.36863076923,563.283276923077,22.435792775065618,22.43579277506562,0.015706806282722512,1.474131088892583
19-1042.00,"Medical Scientists, Except Epidemiologists","Life, Physical, and Social Science Occupations",2370289.019076923,25022.244923076923,15.164996923076922,156300.0,1650.0,1144142.390653846,12078.278596153847,48.27016374144183,48.27016374144183,0.010556621880998082,0.9907707670388091
19-2011.00,Astronomers,"Life, Physical, and Social Science Occupations",8418.5448,91.7405523076923,5.396503076923076,1560.0,17.0,5519.1648,60.14474461538461,65.5596059784584,65.5596059784584,0.010897435897435897,1.0227571892380805
19-2012.00,Physicists,"Life, Physical, and Social Science Occupations",299754.27984615386,842.7955384615385,14.046592307692308,21340.0,60.0,110964.23266923078,311.98940769230774,37.01839811134045,37.01839811134045,0.0028116213683223993,0.2638791358748672
19-2021.00,Atmospheric and Space Scientists,"Life, Physical, and Social Science Occupations",328318.0772923077,3627.204270769231,37.39385846153846,8780.0,97.0,113608.4149,1255.127135,34.60315552434608,34.60315552434608,0.011047835990888382,1.0368726911128658
19-2031.00,Chemists,"Life, Physical, and Social Science Occupations",1125829.3577884615,10007.372069230769,13.52347576923077,83250.0,740.0,598554.5642307692,5320.4850153846155,53.165656064125756,53.165656064125756,0.00888888888888889,0.8342490014177286
19-2032.00,Materials Scientists,"Life, Physical, and Social Science Occupations",107384.16376153845,1031.3004923076921,12.891256153846154,8330.0,80.0,38828.76035769231,372.9052615384615,36.158739796975084,36.15873979697509,0.009603841536614645,0.901349461315673
19-2041.00,"Environmental Scientists and Specialists, Including Health","Life, Physical, and Social Science Occupations",945298.4042538462,9572.078507692308,11.130323846153846,84930.0,860.0,429814.56063461537,4352.296269230769,45.46866457199635,45.46866457199636,0.01012598610620511,0.9503543022155332
19-2041.01,Climate Change Policy Analysts,"Life, Physical, and Social Science Occupations",308323.76357307687,3122.0821461538458,3.6303280769230764,84930.0,860.0,107997.57597692306,1093.5819538461537,35.02732800267152,35.02732800267151,0.01012598610620511,0.9503543022155332
19-2041.02,Environmental Restoration Planners,"Life, Physical, and Social Science Occupations",702091.516973077,7109.368946153847,8.266708076923077,84930.0,860.0,4328.163461538456,43.82692307692302,0.6164671352530283,0.6164671352530282,0.010125986106205109,0.950354302215533
19-2041.03,Industrial Ecologists,"Life, Physical, and Social Science Occupations",1104303.5009538461,11182.161907692307,13.002513846153844,84930.0,860.0,86651.43310384614,877.4312076923075,7.846704554409241,7.846704554409241,0.010125986106205109,0.950354302215533
19-2042.00,"Geoscientists, Except Hydrologists and Geographers","Life, Physical, and Social Science Occupations",360298.6529423077,5442.094269230769,16.006159615384615,22510.0,340.0,29815.932176923074,450.3517076923077,8.275338232168552,8.275338232168554,0.015104398045313196,1.4175932609608226
19-2043.00,Hydrologists,"Life, Physical, and Social Science Occupations",54864.48879999999,959.1693846153845,9.591693846153845,5720.0,100.0,9272.280599999998,162.1028076923077,16.90033171328847,16.900331713288473,0.017482517482517487,1.6407869346065467
19-2099.01,Remote Sensing Scientists and Technologists,"Life, Physical, and Social Science Occupations",697420.3051461538,3706.396661538461,30.886638846153843,22580.0,120.0,43697.510769230765,232.22769230769228,6.26559198904789,6.26559198904789,0.005314437555358724,0.49877597516117506
19-3011.00,Economists,"Life, Physical, and Social Science Occupations",170846.61075384615,753.1021884615385,10.758602692307692,15880.0,70.0,114170.97015384615,503.2725384615385,66.82659354497959,66.82659354497959,0.004408060453400504,0.41370975353681433
19-3011.01,Environmental Economists,"Life, Physical, and Social Science Occupations",84846.30863076923,374.00765769230765,5.342966538461538,15880.0,70.0,23463.341307692306,103.42782692307692,27.653932959887666,27.653932959887673,0.004408060453400504,0.41370975353681433
19-3022.00,Survey Researchers,"Life, Physical, and Social Science Occupations",136239.62936923077,705.9048153846154,17.647620384615383,7720.0,40.0,82712.18689230768,428.5605538461538,60.71081320116094,60.71081320116094,0.0051813471502590676,0.4862850396864998
19-3032.00,Industrial-Organizational Psychologists,"Life, Physical, and Social Science Occupations",14685.993403846154,167.8399246153846,13.986660384615384,1050.0,12.0,9325.810442307693,106.58069076923077,63.50139337435172,63.50139337435172,0.011428571428571429,1.0726058589656509
19-3033.00,Clinical and Counseling Psychologists,"Life, Physical, and Social Science Occupations",3333402.625776923,46175.406923076924,46.17540692307692,72190.0,1000.0,1010727.1644653846,14000.930384615385,30.32118462526897,30.32118462526897,0.013852334118298934,1.3000832893682568
19-3034.00,School Psychologists,"Life, Physical, and Social Science Occupations",1181815.07685,13330.82963076923,18.515041153846155,63830.0,720.0,315481.56715,3558.6202153846157,26.694664277839635,26.694664277839642,0.011279962400125333,1.0586584539375843
19-3039.02,Neuropsychologists,"Life, Physical, and Social Science Occupations",336768.68222307693,3710.3238738461537,18.930223846153844,17790.0,196.0,64123.44603461538,706.4752907692307,19.04079845290951,19.040798452909513,0.011017425519955031,1.0340185767993768
19-3039.03,Clinical Neuropsychologists,"Life, Physical, and Social Science Occupations",303654.38306538464,3345.489549230769,17.06882423076923,17790.0,196.0,31875.2325,351.183,10.497208101598995,10.497208101598995,0.011017425519955031,1.0340185767993768
19-3041.00,Sociologists,"Life, Physical, and Social Science Occupations",35741.37286538461,387.7030276923077,12.115719615384617,2950.0,32.0,22469.501,243.73696,62.86692199717272,62.86692199717271,0.010847457627118645,1.0180665780012959
19-3051.00,Urban and Regional Planners,"Life, Physical, and Social Science Occupations",310070.6551384615,3962.334115384615,7.204243846153846,43040.0,550.0,105661.66049230768,1350.230326923077,34.07663986942739,34.076639869427396,0.012778810408921934,1.1993298550818297
19-3091.00,Anthropologists and Archeologists,"Life, Physical, and Social Science Occupations",50161.34149615384,683.7357576923075,6.215779615384615,8070.0,110.0,20288.06380384615,276.54114230769227,40.44561648217035,40.44561648217035,0.013630731102850062,1.2792851787539516
19-3092.00,Geographers,"Life, Physical, and Social Science Occupations",14354.796623076923,156.03039807692306,10.402026538461538,1380.0,15.0,5957.689823076924,64.75749807692307,41.503129438276254,41.50312943827625,0.010869565217391302,1.0201414419510264
19-3093.00,Historians,"Life, Physical, and Social Science Occupations",60186.98740769231,1725.1047346153846,19.167830384615385,3140.0,90.0,49615.609792307696,1422.1034653846154,82.43577545462341,82.43577545462341,0.028662420382165606,2.6900545029791405
19-3094.00,Political Scientists,"Life, Physical, and Social Science Occupations",32556.509730769223,361.13103230769224,5.471682307692307,5950.0,66.0,15098.745173076923,167.4818792307692,46.37703887160566,46.377038871605656,0.011092436974789914,1.0410586278196021
19-3099.01,Transportation Planners,"Life, Physical, and Social Science Occupations",277024.82685384614,1723.4436076923075,7.493233076923076,36970.0,230.0,119090.82113461537,740.8950192307691,42.98922319963972,42.98922319963972,0.006221260481471463,0.5838840387255537
19-4012.00,Agricultural Technicians,"Life, Physical, and Social Science Occupations",261256.97427692305,546.5627076923076,18.21875692307692,14340.0,30.0,13248.37853076923,27.716273076923073,5.071014302081912,5.071014302081911,0.0020920502092050207,0.19634521476881683
19-4012.01,Precision Agriculture Technicians,"Life, Physical, and Social Science Occupations",268272.59866153845,561.2397461538461,18.707991538461535,14340.0,30.0,49872.721984615375,104.33623846153844,18.590315311157234,18.590315311157234,0.0020920502092050207,0.19634521476881683
19-4013.00,Food Science Technicians,"Life, Physical, and Social Science Occupations",732549.5344615384,4642.919584615384,51.58799538461538,14200.0,90.0,191013.38630769233,1210.6482230769232,26.07514950481772,26.07514950481772,0.006338028169014084,0.5948430379827112
19-4021.00,Biological Technicians,"Life, Physical, and Social Science Occupations",2381918.3583384613,27198.700246153847,31.262873846153845,76190.0,870.0,417384.40964615386,4766.038015384615,17.5230359254339,17.523035925433895,0.011418821367633548,1.071690786373017
19-4031.00,Chemical Technicians,"Life, Physical, and Social Science Occupations",1981411.9616,27064.577476923077,35.61128615384616,55640.0,760.0,996986.3886000001,13618.074323076922,50.31696628069857,50.31696628069856,0.013659237958303377,1.281960633019694
19-4042.00,"Environmental Science and Protection Technicians, Including Health","Life, Physical, and Social Science Occupations",667351.0309499999,5421.485907692308,16.94214346153846,39390.0,320.0,135289.0152,1099.0729846153845,20.272541574920602,20.2725415749206,0.008123889312008123,0.76245148644423
19-4043.00,"Geological Technicians, Except Hydrologic Technicians","Life, Physical, and Social Science Occupations",185693.78604615387,2294.8768615384615,19.12397384615385,9710.0,120.0,63446.64505000001,784.0986,34.16734959253319,34.16734959253319,0.012358393408856848,1.1598724530524545
19-4051.00,Nuclear Technicians,"Life, Physical, and Social Science Occupations",249923.39177692306,2753.7468876923076,41.72343769230769,5990.0,66.0,9126.74183076923,100.56176307692307,3.6518157687758928,3.6518157687758928,0.011018363939899833,1.0341066503383363
19-4051.02,Nuclear Monitoring Technicians,"Life, Physical, and Social Science Occupations",157000.24761923077,1729.885866923077,26.210391923076923,5990.0,66.0,12889.954723076922,142.0262123076923,8.210149295011714,8.210149295011714,0.011018363939899833,1.0341066503383363
19-4061.00,Social Science Research Assistants,"Life, Physical, and Social Science Occupations",792843.6415153847,35381.91114230769,24.06932730769231,32940.0,1470.0,261957.11102307693,11690.253588461539,33.0401982567951,33.04019825679511,0.044626593806921674,4.188340273511137
19-4071.00,Forest and Conservation Technicians,"Life, Physical, and Social Science Occupations",532563.4863230769,21761.76408076923,17.135247307692307,31080.0,1270.0,30977.890246153846,1265.8275615384616,5.816750686388828,5.816750686388828,0.040862290862290866,3.835049101594529
19-4092.00,Forensic Science Technicians,"Life, Physical, and Social Science Occupations",394072.0363461538,4254.762346153846,20.260773076923076,19450.0,210.0,72032.44661538462,777.7282153846154,18.27900484471604,18.27900484471604,0.010796915167095116,1.0133230158608655
19-4099.01,Quality Control Analysts,"Life, Physical, and Social Science Occupations",3116666.2137692305,61984.11797692307,43.650787307692305,71400.0,1420.0,698351.0423076923,13888.77423076923,22.40698857074981,22.40698857074981,0.019887955182072828,1.8665445094745394
19-4099.03,Remote Sensing Technicians,"Life, Physical, and Social Science Occupations",2361481.7326153843,46965.04286153846,33.07397384615384,71400.0,1420.0,216872.83153846156,4313.157153846154,9.183760710199138,9.183760710199138,0.019887955182072828,1.8665445094745394
19-5011.00,Occupational Health and Safety Specialists,"Life, Physical, and Social Science Occupations",617026.6715884614,5284.819269230768,4.804381153846153,128430.0,1100.0,26875.459384615377,230.18769230769223,4.35563981625425,4.35563981625425,0.008564977030288873,0.8038488976519808
19-5012.00,Occupational Health and Safety Technicians,"Life, Physical, and Social Science Occupations",280403.50669230765,1961.4871692307688,8.915850769230769,31450.0,220.0,35163.51923076923,245.97692307692307,12.540327917280598,12.5403279172806,0.00699523052464229,0.6565234589853348
21-1011.00,Substance Abuse and Behavioral Disorder Counselors,Community and Social Service Occupations,6344164.329108974,69867.03163846154,39.20708846153846,161811.66666666666,1782.0,3014441.504772436,33197.450296153846,47.515186372793856,47.51518637279385,0.011012802949931505,1.0335847346764393
21-1012.00,"Educational, Guidance, and Career Counselors and Advisors",Community and Social Service Occupations,11810169.48425,126950.2664,34.497355,342350.0,3680.0,3638567.1668076925,39111.80713846154,30.80876334298227,30.808763342982274,0.010749233240835402,1.0088479234319836
21-1013.00,Marriage and Family Therapists,Community and Social Service Occupations,2789126.696326923,83838.93819230769,42.34289807692308,65870.0,1980.0,1131164.1782538462,34001.89878461538,40.55621351814197,40.55621351814197,0.030059207529983298,2.821147184845893
21-1014.00,Mental Health Counselors,Community and Social Service Occupations,7721003.246197435,85029.88732615384,47.71598615384615,161811.66666666666,1782.0,2704764.656753846,29787.04019076923,35.03125915775171,35.03125915775171,0.011012802949931505,1.0335847346764393
21-1015.00,Rehabilitation Counselors,Community and Social Service Occupations,1763044.843253846,11895.05123076923,19.825085384615384,88930.0,600.0,154895.46928461536,1045.0610769230768,8.78567949518192,8.78567949518192,0.006746879568199708,0.6332149735263316
21-1021.00,"Child, Family, and School Social Workers",Community and Social Service Occupations,11087600.20436923,52982.83991538461,28.952371538461538,382960.0,1830.0,1089812.9860615383,5207.744319230769,9.829115101319054,9.829115101319056,0.004778566952162106,0.44848290465551194
21-1022.00,Healthcare Social Workers,Community and Social Service Occupations,5973536.545546154,62003.471726923075,32.12615115384615,185940.0,1930.0,1110966.755676923,11531.493161538461,18.59814110462345,18.59814110462345,0.010379692373884048,0.9741653997677976
21-1023.00,Mental Health and Substance Abuse Social Workers,Community and Social Service Occupations,2956789.4217576925,39452.038984615385,23.48335653846154,125910.0,1680.0,1080350.560973077,14414.970553846155,36.53796083763219,36.53796083763219,0.01334286395044079,1.2522679792546316
21-1091.00,Health Education Specialists,Community and Social Service Occupations,434178.6438461538,3265.5032307692304,6.664292307692308,65150.0,490.0,163722.9523076923,1231.3775384615383,37.70866085382717,37.70866085382717,0.007521105141980046,0.705878376103642
21-1092.00,Probation Officers and Correctional Treatment Specialists,Community and Social Service Occupations,2696388.5416384614,25777.499303846154,31.057228076923078,86820.0,830.0,0.0,0.0,0.0,0.0,,
21-1093.00,Social and Human Service Assistants,Community and Social Service Occupations,5969506.526853846,88088.98886923077,14.071723461538461,424220.0,6260.0,392458.9749230769,5791.318615384615,6.5743956080389365,6.5743956080389365,0.014756494271840084,1.3849414437047647
21-1094.00,Community Health Workers,Community and Social Service Occupations,2005652.1157461538,19154.91893846154,33.025722307692305,60730.0,580.0,155571.31691153845,1485.7790846153846,7.756645117573741,7.756645117573741,0.009550469290301334,0.896340315206764
21-2011.00,Clergy,Community and Social Service Occupations,1572777.8291076922,17330.88516923077,27.079508076923076,58080.0,640.0,1057015.969476923,11647.558892307692,67.20694747309707,67.20694747309707,0.011019283746556472,1.034192976964126
21-2021.00,"Directors, Religious Activities and Education",Community and Social Service Occupations,93101.63479999999,260.3028,4.33838,21460.0,60.0,61305.854999999996,171.405,65.84831204274407,65.84831204274407,0.0027958993476234857,0.26240357686717924
23-1011.00,Lawyers,Legal Occupations,21959794.8825,171801.8055,29.36783,747750.0,5850.0,8695721.070576923,68030.71650000001,39.598371100937,39.598371100937015,0.007823470411233702,0.7342562675466969
23-1012.00,Judicial Law Clerks,Legal Occupations,350767.6481,15654.53195,26.533105,13220.0,590.0,222820.33396923076,9944.326553846155,63.52362744288982,63.52362744288982,0.04462934947049925,4.188598900839768
23-1021.00,"Administrative Law Judges, Adjudicators, and Hearing Officers",Legal Occupations,688821.4375615384,7639.424446153846,42.441246923076925,16230.0,180.0,142226.11801153846,1577.3691461538463,20.647748495608077,20.647748495608077,0.011090573012939002,1.0408836893844116
23-1022.00,"Arbitrators, Mediators, and Conciliators",Legal Occupations,196371.51016153846,999.3461076923077,24.983652692307693,7860.0,40.0,61377.59727692308,312.3541846153846,31.255856425625517,31.25585642562551,0.0050890585241730275,0.47762347409411926
23-1023.00,"Judges, Magistrate Judges, and Magistrates",Legal Occupations,739956.8118307692,2892.7162307692306,28.927162307692306,25580.0,100.0,194874.44146153846,761.8234615384615,26.335921008604345,26.335921008604345,0.003909304143862392,0.3668999713037312
23-2011.00,Paralegals and Legal Assistants,Legal Occupations,8293004.963815385,65265.465784615386,22.583206153846156,367220.0,2890.0,2245275.4499538457,17670.186946153844,27.074329024890105,27.074329024890105,0.007869941724306957,0.7386177402808644
23-2093.00,"Title Examiners, Abstractors, and Searchers",Legal Occupations,3115143.2284923075,86010.80535384615,64.66977846153846,48170.0,1330.0,0.0,0.0,0.0,0.0,,
25-1011.00,"Business Teachers, Postsecondary",Educational Instruction and Library Occupations,969677.6955461538,5098.574334615384,11.857149615384614,81780.0,430.0,770787.2572153846,4052.806561538461,79.48901586121895,79.48901586121895,0.005258009293225727,0.49348001276085357
25-1021.00,"Computer Science Teachers, Postsecondary",Educational Instruction and Library Occupations,607802.2822153847,7044.066184615384,16.771586153846155,36240.0,420.0,447772.4636307692,5189.415969230769,73.67074404503367,73.67074404503367,0.011589403973509934,1.087700477841823
25-1022.00,"Mathematical Science Teachers, Postsecondary",Educational Instruction and Library Occupations,589155.4976384615,4223.769442307693,12.067912692307694,48820.0,350.0,510795.4732615385,3661.9913076923076,86.69960227970085,86.69960227970084,0.007169192953707496,0.672850357042668
25-1031.00,"Architecture Teachers, Postsecondary",Educational Instruction and Library Occupations,131915.63316923077,1735.7320153846154,14.46443346153846,9120.0,120.0,101719.236,1338.411,77.10931112274413,77.10931112274413,0.013157894736842105,1.2349080613091374
25-1032.00,"Engineering Teachers, Postsecondary",Educational Instruction and Library Occupations,790830.465,7727.985,19.815346153846153,39910.0,390.0,640224.07815,6256.26135,80.95591994549679,80.95591994549679,0.00977198697068404,0.917130416868024
25-1041.00,"Agricultural Sciences Teachers, Postsecondary",Educational Instruction and Library Occupations,140455.57730769232,1614.431923076923,16.14431923076923,8700.0,100.0,113847.85534615384,1308.5960384615385,81.05613000810239,81.0561300081024,0.011494252873563218,1.078770260453959
25-1042.00,"Biological Science Teachers, Postsecondary",Educational Instruction and Library Occupations,844850.839326923,9678.10351153846,15.865743461538461,53250.0,610.0,637053.2619230768,7297.699338461538,75.40422903889228,75.4042290388923,0.011455399061032864,1.0751237130946782
25-1043.00,"Forestry and Conservation Science Teachers, Postsecondary",Educational Instruction and Library Occupations,25550.873334615386,273.0627684615385,19.504483461538463,1310.0,14.0,20703.668773076923,221.26058230769232,81.02920202351108,81.02920202351108,0.010687022900763359,1.0030092955976506
25-1051.00,"Atmospheric, Earth, Marine, and Space Sciences Teachers, Postsecondary",Educational Instruction and Library Occupations,142386.54596923076,2356.5717538461536,12.40300923076923,11480.0,190.0,98325.47587692307,1627.3380153846153,69.0553136236417,69.05531362364171,0.016550522648083623,1.5533164116118419
25-1052.00,"Chemistry Teachers, Postsecondary",Educational Instruction and Library Occupations,394897.7099076923,5422.822892307692,19.367224615384615,20390.0,280.0,235248.14280384613,3230.479646153846,59.57191872772207,59.57191872772207,0.01373222167729279,1.2888103749219444
25-1053.00,"Environmental Science Teachers, Postsecondary",Educational Instruction and Library Occupations,94363.91832692307,1045.5469211538461,13.234771153846154,7130.0,79.0,78282.06072692307,867.3608411538461,82.95761994082895,82.95761994082895,0.011079943899018233,1.0398861150210466
25-1054.00,"Physics Teachers, Postsecondary",Educational Instruction and Library Occupations,178842.3405923077,1973.9772692307693,13.159848461538461,13590.0,150.0,152627.62261153845,1684.6315961538462,85.34199569634977,85.3419956963498,0.011037527593818985,1.0359052169922125
25-1061.00,"Anthropology and Archeology Teachers, Postsecondary",Educational Instruction and Library Occupations,83755.38461538461,1114.6153846153845,15.923076923076923,5260.0,70.0,65590.5168,872.8776,78.312,78.312,0.013307984790874526,1.2489944650503064
25-1062.00,"Area, Ethnic, and Cultural Studies Teachers, Postsecondary",Educational Instruction and Library Occupations,229752.31984615384,3216.1304615384615,20.100815384615384,11430.0,160.0,201643.84408846154,2822.6609846153847,87.7657488827472,87.7657488827472,0.01399825021872266,1.3137779549885487
25-1063.00,"Economics Teachers, Postsecondary",Educational Instruction and Library Occupations,235807.92567692307,3037.7832615384614,18.986145384615384,12420.0,160.0,199926.0870923077,2575.5373538461536,84.78344674734277,84.78344674734277,0.012882447665056359,1.2090565237938091
25-1064.00,"Geography Teachers, Postsecondary",Educational Instruction and Library Occupations,47107.08299230769,1002.2783615384615,14.318262307692306,3290.0,70.0,36401.978496153846,774.5101807692307,77.274957785219,77.27495778521899,0.02127659574468085,1.9968726097764775
25-1065.00,"Political Science Teachers, Postsecondary",Educational Instruction and Library Occupations,242042.12864230768,1409.680423076923,14.09680423076923,17170.0,100.0,210134.56952307693,1223.847230769231,86.81735312021485,86.81735312021485,0.005824111822947001,0.5466104406493562
25-1066.00,"Psychology Teachers, Postsecondary",Educational Instruction and Library Occupations,959735.2741500001,5766.25375,23.065015,41610.0,250.0,662088.1415538462,3977.938846153846,68.98653820348864,68.98653820348864,0.00600817111271329,0.5638849595018892
25-1067.00,"Sociology Teachers, Postsecondary",Educational Instruction and Library Occupations,144958.9675,936.73,11.709125,12380.0,80.0,120615.40689230768,779.4210461538462,83.20658526510799,83.206585265108,0.006462035541195477,0.6064815034539222
25-1071.00,"Health Specialties Teachers, Postsecondary",Educational Instruction and Library Occupations,2407803.3767538457,34169.59345384615,10.481470384615383,229720.0,3260.0,1960127.6913692304,27816.543069230764,81.40729888051894,81.40729888051892,0.014191189273898659,1.3318858665764925
25-1072.00,"Nursing Instructors and Teachers, Postsecondary",Educational Instruction and Library Occupations,1330937.5326923076,13264.562615384615,17.925084615384613,74250.0,740.0,727617.7583653845,7251.678669230769,54.66956491139834,54.66956491139834,0.009966329966329967,0.9353700924986652
25-1081.00,"Education Teachers, Postsecondary",Educational Instruction and Library Occupations,677157.6274846154,3437.9300769230767,11.459766923076922,59090.0,300.0,636742.4992653846,3232.742423076923,94.03165133510232,94.03165133510232,0.005077001184633609,0.4764918564536864
25-1082.00,"Library Science Teachers, Postsecondary",Educational Instruction and Library Occupations,81016.23653846154,1383.2040384615386,19.760057692307694,4100.0,70.0,67985.1955,1160.72285,83.91551916599434,83.91551916599434,0.01707317073170732,1.602368508820637
25-1111.00,"Criminal Justice and Law Enforcement Teachers, Postsecondary",Educational Instruction and Library Occupations,210125.31669230768,1239.6773846153844,15.495967307692306,13560.0,80.0,159867.78438461537,943.1727692307691,76.08211466432395,76.08211466432395,0.0058997050147492625,0.5537050894365454
25-1112.00,"Law Teachers, Postsecondary",Educational Instruction and Library Occupations,369527.95707692305,1620.7366538461538,16.20736653846154,22800.0,100.0,329011.02415384614,1443.0308076923077,89.03548915660456,89.03548915660456,0.0043859649122807015,0.41163602043637915
25-1113.00,"Social Work Teachers, Postsecondary",Educational Instruction and Library Occupations,239689.51476923077,2693.1406153846156,17.95427076923077,13350.0,150.0,188730.31067307692,2120.565288461539,78.73949382173994,78.73949382173996,0.011235955056179777,1.0545282321291511
25-1121.00,"Art, Drama, and Music Teachers, Postsecondary",Educational Instruction and Library Occupations,2733515.41215,24852.67868846154,27.924358076923077,97890.0,890.0,1771473.65145,16105.951065384616,64.80569465883046,64.80569465883046,0.009091837777096741,0.8532963659919304
25-1122.00,"Communications Teachers, Postsecondary",Educational Instruction and Library Occupations,588625.2656307692,4224.583246153847,20.117063076923078,29260.0,210.0,471548.8932,3384.3222,80.11020265918921,80.1102026591892,0.007177033492822967,0.6735862152595296
25-1123.00,"English Language and Literature Teachers, Postsecondary",Educational Instruction and Library Occupations,1342732.7148538462,10139.783884615385,22.532853076923075,59590.0,450.0,1008749.3752692307,7617.674423076923,75.12659549514521,75.12659549514522,0.007551602617888908,0.7087406560961991
25-1124.00,"Foreign Language and Literature Teachers, Postsecondary",Educational Instruction and Library Occupations,334494.52499615384,1738.044296153846,15.800402692307692,21170.0,110.0,263430.97128846153,1368.7957884615385,78.75494263814649,78.7549426381465,0.0051960321209258385,0.4876632684243925
25-1125.00,"History Teachers, Postsecondary",Educational Instruction and Library Occupations,262716.7191,2116.5496,13.228435,19860.0,160.0,202243.40866153844,1629.3527384615384,76.98155235585023,76.98155235585023,0.008056394763343404,0.7561169197139532
25-1126.00,"Philosophy and Religion Teachers, Postsecondary",Educational Instruction and Library Occupations,308601.6376,1036.5698,14.80814,20840.0,70.0,275706.68349230767,926.0781115384616,89.34064175306492,89.34064175306493,0.003358925143953935,0.3152452440578029
25-1192.00,"Family and Consumer Sciences Teachers, Postsecondary",Educational Instruction and Library Occupations,44027.08813076923,3013.2607846153846,16.74033769230769,2630.0,180.0,36755.615576923075,2515.5934615384613,83.48409385547272,83.48409385547272,0.06844106463878327,6.423400105973005
25-1193.00,"Recreation and Fitness Studies Teachers, Postsecondary",Educational Instruction and Library Occupations,271735.6382769231,4071.748523076923,21.430255384615386,12680.0,190.0,217031.2408923077,3252.045407692308,79.86852305001426,79.86852305001428,0.01498422712933754,1.4063148584624563
25-1194.00,"Career/Technical Education Teachers, Postsecondary",Educational Instruction and Library Occupations,2801498.2155,70573.05446153846,25.204662307692306,111150.0,2800.0,1324841.43825,33374.32323076923,47.290461615145006,47.29046161514501,0.02519118308591993,2.3642684250704855
25-2011.00,"Preschool Teachers, Except Special Education",Educational Instruction and Library Occupations,27926988.99526154,265415.5734923077,62.74599846153846,445080.0,4230.0,7013416.745030769,66654.87739615385,25.11340104090977,25.11340104090978,0.009503909409544353,0.8919705301286546
25-2012.00,"Kindergarten Teachers, Except Special Education",Educational Instruction and Library Occupations,11955403.201384615,54337.992,104.49613846153846,114410.0,520.0,3879782.8562153843,17633.8352,32.45212888985666,32.45212888985666,0.004545057250240364,0.4265673156449359
25-2021.00,"Elementary School Teachers, Except Special Education",Educational Instruction and Library Occupations,141818567.9799269,1608208.7791538462,101.78536576923076,1393310.0,15800.0,67509764.33733846,765554.1670769231,47.60290933616946,47.60290933616946,0.011339902821339114,1.0642840430485767
25-2022.00,"Middle School Teachers, Except Special and Career/Technical Education",Educational Instruction and Library Occupations,43775572.027707696,375398.6220923077,70.56365076923078,620370.0,5320.0,25025471.925507694,214606.6228923077,57.16766398773237,57.16766398773237,0.008575527507777616,0.8048390917492955
25-2023.00,"Career/Technical Education Teachers, Middle School",Educational Instruction and Library Occupations,1041120.0511538462,12464.113288461538,73.31831346153847,14200.0,170.0,498348.4046923077,5966.142873076923,47.8665648730904,47.8665648730904,0.011971830985915493,1.1235924050784547
25-2031.00,"Secondary School Teachers, Except Special and Career/Technical Education",Educational Instruction and Library Occupations,86618501.18136923,915820.205676923,80.76015923076923,1072540.0,11340.0,46266676.09932308,489179.05809230765,53.41431157120342,53.41431157120342,0.010573032241221771,0.9923109287846299
25-2032.00,"Career/Technical Education Teachers, Secondary School",Educational Instruction and Library Occupations,7054440.917115384,58758.86642307692,67.53892692307691,104450.0,870.0,3547843.9905384616,29551.213707692306,50.29234821331813,50.292348213318114,0.008329344183820009,0.7817340451293457
25-2051.00,"Special Education Teachers, Preschool",Educational Instruction and Library Occupations,2590541.0143846152,13779.473480769231,91.86315653846154,28200.0,150.0,483360.6357692308,2571.0672115384614,18.658675276139313,18.65867527613931,0.005319148936170213,0.4992181524441194
25-2057.00,"Special Education Teachers, Middle School",Educational Instruction and Library Occupations,7693687.177219231,64564.667384615386,80.70583423076923,95330.0,800.0,2790765.4740423076,23419.829846153847,36.273446135237705,36.273446135237705,0.008391901814748769,0.7876052672568506
25-2058.00,"Special Education Teachers, Secondary School",Educational Instruction and Library Occupations,12717758.106507692,107036.05237692308,78.12850538461538,162780.0,1370.0,4516731.914446154,38014.023361538464,35.515158226943605,35.515158226943605,0.008416267354711881,0.789892046587464
25-2059.01,Adapted Physical Education Specialists,Educational Instruction and Library Occupations,2042089.3627884616,6746.41975,51.895536538461535,39350.0,130.0,345913.136923077,1142.788,16.939177257685458,16.939177257685458,0.0033036848792884366,0.31006077879883803
25-3011.00,"Adult Basic Education, Adult Secondary Education, and English as a Second Language Instructors",Educational Instruction and Library Occupations,1530023.2642692307,6751.3436923076915,42.19589807692307,36260.0,160.0,936003.7020923076,4130.187323076922,61.17578235252269,61.17578235252269,0.004412575841147269,0.414133536280174
25-3021.00,Self-Enrichment Teachers,Educational Instruction and Library Occupations,15895244.799276922,280273.9910153846,51.520954230769235,308520.0,5440.0,9441531.83256923,166478.45575384615,59.3984676033346,59.398467603334595,0.017632568391028135,1.6548696644225651
25-3041.00,Tutors,Educational Instruction and Library Occupations,9250088.58816923,103273.06049999999,52.96054384615384,174660.0,1950.0,6349728.964938462,70891.8555,68.64506111930324,68.64506111930324,0.011164548265200962,1.0478264896714427
25-4011.00,Archivists,Educational Instruction and Library Occupations,152766.82961538463,2166.9053846153847,21.669053846153847,7050.0,100.0,98526.48594230769,1397.5388076923077,64.49468526012103,64.49468526012105,0.014184397163120569,1.331248406517652
25-4012.00,Curators,Educational Instruction and Library Occupations,79565.5395076923,583.1350615384615,6.4792784615384615,12280.0,90.0,37764.08889230769,276.77263846153846,47.462870390838866,47.462870390838866,0.007328990228013029,0.6878478126510179
25-4013.00,Museum Technicians and Conservators,Educational Instruction and Library Occupations,258732.68445384616,1385.714453846154,19.79592076923077,13070.0,70.0,62016.20493846154,332.14493846153846,23.969219454963856,23.969219454963856,0.005355776587605203,0.5026557678779351
25-4022.00,Librarians and Media Collections Specialists,Educational Instruction and Library Occupations,4863107.241603846,60129.44552692308,36.88923038461539,131830.0,1630.0,2075268.6712615385,25659.470030769233,42.67371801936899,42.673718019368984,0.012364408708184784,1.1604370070164298
25-4031.00,Library Technicians,Educational Instruction and Library Occupations,4318637.4384,29856.3792,58.54192,73770.0,510.0,986255.4457269231,6818.358103846153,22.837190197015428,22.837190197015428,0.0069133794225294835,0.648841486462548
25-9021.00,Farm and Home Management Educators,Educational Instruction and Library Occupations,61005.585115384616,671.8938711538461,5.945963461538462,10260.0,113.0,44979.57560769231,495.3890880769231,73.73025850439585,73.73025850439583,0.011013645224171538,1.033663784651352
25-9031.00,Instructional Coordinators,Educational Instruction and Library Occupations,1641903.3040192307,25541.583292307692,7.7870680769230765,210850.0,3280.0,307428.7071538461,4782.386338461538,18.723922803571224,18.723922803571224,0.015556082523120702,1.4599852099745876
25-9042.00,"Teaching Assistants, Preschool, Elementary, Middle, and Secondary School, Except Special Education",Educational Instruction and Library Occupations,17096834.767641347,188317.56104538462,44.688552692307695,382577.5,4214.0,4264560.050574038,46973.11277615385,24.943564750625303,24.943564750625306,0.011014761714946647,1.0337685706742024
25-9044.00,"Teaching Assistants, Postsecondary",Educational Instruction and Library Occupations,1532042.050430769,20656.524646153845,9.883504615384615,155010.0,2090.0,615536.5421653846,8299.279873076923,40.17752267258671,40.17752267258671,0.013483001096703438,1.2654202726168853
27-1011.00,Art Directors,"Arts, Design, Entertainment, Sports, and Media Occupations",1417871.445623077,11259.650153846154,28.149125384615385,50370.0,400.0,614616.0573692308,4880.810461538462,43.347798509274625,43.34779850927463,0.007941234862021045,0.7453088160372798
27-1012.00,Craft Artists,"Arts, Design, Entertainment, Sports, and Media Occupations",83272.08119230768,914.6590153846154,19.055396153846154,4370.0,48.0,37153.2593,408.09072,44.61670558491104,44.61670558491104,0.010983981693363844,1.030879772918932
27-1013.00,"Fine Artists, Including Painters, Sculptors, and Illustrators","Arts, Design, Entertainment, Sports, and Media Occupations",355191.3807692308,4972.679330769231,35.51913807692308,10000.0,140.0,199962.18076923076,2799.4705307692307,56.29702509564751,56.29702509564751,0.014,1.3139421772329223
27-1014.00,Special Effects Artists and Animators,"Arts, Design, Entertainment, Sports, and Media Occupations",570138.9244923077,5090.526111538462,26.792242692307692,21280.0,190.0,283520.6670153846,2531.4345269230766,49.72834774749884,49.72834774749883,0.008928571428571428,0.8379733273169147
27-1021.00,Commercial and Industrial Designers,"Arts, Design, Entertainment, Sports, and Media Occupations",727500.1440384616,11062.812107692307,24.049591538461538,30250.0,460.0,163846.72826923075,2491.553553846154,22.521882588186603,22.52188258818661,0.015206611570247937,1.4271863082104945
27-1022.00,Fashion Designers,"Arts, Design, Entertainment, Sports, and Media Occupations",397647.4403653846,6275.641096153846,19.01709423076923,20910.0,330.0,138828.04448076923,2190.9734423076925,34.91234455154669,34.912344551546695,0.015781922525107607,1.4811809745400848
27-1023.00,Floral Designers,"Arts, Design, Entertainment, Sports, and Media Occupations",1454594.9683076923,36219.99423076923,36.21999423076923,40160.0,1000.0,0.0,0.0,0.0,0.0,,
27-1024.00,Graphic Designers,"Arts, Design, Entertainment, Sports, and Media Occupations",9723598.907215385,139323.47916153847,45.38224076923077,214260.0,3070.0,7699545.668907693,110322.06293076923,79.18411426035121,79.18411426035121,0.014328386072995426,1.3447621994989636
27-1025.00,Interior Designers,"Arts, Design, Entertainment, Sports, and Media Occupations",880038.0720384615,14418.559961538462,12.647859615384615,69580.0,1140.0,156345.61772307692,2561.5694769230768,17.76577885555887,17.765778855558867,0.01638401839609083,1.5376894859417027
27-1026.00,Merchandise Displayers and Window Trimmers,"Arts, Design, Entertainment, Sports, and Media Occupations",5439882.863446154,55111.03275,28.262068076923075,192480.0,1950.0,1167807.1788923074,11830.96425,21.46750597773909,21.467505977739094,0.010130922693266835,0.9508176157835319
27-1027.00,Set and Exhibit Designers,"Arts, Design, Entertainment, Sports, and Media Occupations",87264.58865384615,3056.2713076923073,8.04281923076923,10850.0,380.0,2672.9016730769217,93.61314615384612,3.062985472468751,3.0629854724687515,0.03502304147465438,3.287017954894737
27-2011.00,Actors,"Arts, Design, Entertainment, Sports, and Media Occupations",1167558.2286153848,22267.863123076924,30.091706923076924,38800.0,740.0,718834.3483076923,13709.727261538463,61.567323212664334,61.56732321266435,0.01907216494845361,1.7899801383511829
27-2012.00,Producers and Directors,"Arts, Design, Entertainment, Sports, and Media Occupations",7416706.323592308,65349.92836923077,51.054631538461535,145270.0,1280.0,4597845.674023077,40512.44209230769,61.99309334114357,61.99309334114357,0.00881117918358918,0.8269557114624692
27-2012.03,Media Programming Directors,"Arts, Design, Entertainment, Sports, and Media Occupations",4257913.371165385,37517.23766153846,29.310341923076923,145270.0,1280.0,586636.7451192308,5168.961476923077,13.777564125469025,13.777564125469025,0.008811179183589177,0.826955711462469
27-2012.04,Talent Directors,"Arts, Design, Entertainment, Sports, and Media Occupations",2529586.0071423077,22288.63556923077,17.412996538461538,145270.0,1280.0,547402.78225,4823.264,21.640014638933156,21.640014638933152,0.008811179183589177,0.826955711462469
27-2012.05,Media Technical Directors/Managers,"Arts, Design, Entertainment, Sports, and Media Occupations",6180512.094126923,54457.599507692306,42.54499961538462,145270.0,1280.0,528073.6589076923,4652.951630769231,8.544173215185488,8.54417321518549,0.00881117918358918,0.8269557114624692
27-2021.00,Athletes and Sports Competitors,"Arts, Design, Entertainment, Sports, and Media Occupations",279605.63462307694,5642.702438461539,19.457594615384618,14370.0,290.0,24201.147069230767,488.40171538461533,8.65545757039381,8.65545757039381,0.020180932498260265,1.8940413132396237
27-2022.00,Coaches and Scouts,"Arts, Design, Entertainment, Sports, and Media Occupations",8799725.527,94330.3645,35.06705,250940.0,2690.0,2346754.6867307695,25156.49201923077,26.668498688172427,26.668498688172427,0.010719693950745197,1.006075572065195
27-2023.00,"Umpires, Referees, and Other Sports Officials","Arts, Design, Entertainment, Sports, and Media Occupations",312561.9942,19897.845784615383,20.726922692307692,15080.0,960.0,0.0,0.0,0.0,0.0,,
27-2031.00,Dancers,"Arts, Design, Entertainment, Sports, and Media Occupations",345363.0289153846,8005.103319230769,38.11953961538462,9060.0,210.0,14165.45983846154,328.3384730769231,4.101614432485226,4.101614432485226,0.023178807947019864,2.1754009556836458
27-2032.00,Choreographers,"Arts, Design, Entertainment, Sports, and Media Occupations",107873.95777307692,5032.021353846154,31.45013346153846,3430.0,160.0,20326.755184615384,948.1868307692307,18.843060553479123,18.84306055347912,0.04664723032069971,4.377983097818983
27-2041.00,Music Directors and Composers,"Arts, Design, Entertainment, Sports, and Media Occupations",464103.12063461536,4893.22025,37.640155769230766,12330.0,130.0,282189.4922076923,2975.2339,60.803187839337504,60.803187839337504,0.010543390105433903,0.9895289250392766
27-2042.00,Musicians and Singers,"Arts, Design, Entertainment, Sports, and Media Occupations",1557057.3769999999,11368.345907692308,40.601235384615386,38350.0,280.0,238227.30899999998,1739.3388923076923,15.29984138792594,15.299841387925936,0.007301173402868319,0.6852371198085645
27-3011.00,Broadcast Announcers and Radio Disc Jockeys,"Arts, Design, Entertainment, Sports, and Media Occupations",1854899.7113076923,13204.897442307692,77.67586730769231,23880.0,170.0,228468.6762,1626.4520499999999,12.317036592718592,12.317036592718592,0.00711892797319933,0.6681328371907058
27-3023.00,"News Analysts, Reporters, and Journalists","Arts, Design, Entertainment, Sports, and Media Occupations",2918964.862903846,15455.409623076923,70.25186192307692,41550.0,220.0,1321410.015576923,6996.635461538462,45.269815761411984,45.269815761411984,0.00529482551143201,0.4969353257542426
27-3031.00,Public Relations Specialists,"Arts, Design, Entertainment, Sports, and Media Occupations",3007429.774488461,28081.777715384615,10.718235769230768,280590.0,2620.0,2143943.2956,20019.000799999998,71.28822470891001,71.28822470891001,0.009337467479240172,0.8763494535367456
27-3041.00,Editors,"Arts, Design, Entertainment, Sports, and Media Occupations",5149079.004892308,29660.593346153848,53.92835153846154,95480.0,550.0,1734676.7106307694,9992.377365384615,33.68906767564833,33.689067675648324,0.005760368663594469,0.5406279531076869
27-3042.00,Technical Writers,"Arts, Design, Entertainment, Sports, and Media Occupations",1746883.1579538463,19504.18796923077,31.458367692307693,55530.0,620.0,1319222.6859807693,14729.300653846156,75.51865618339335,75.51865618339335,0.01116513596254277,1.0478816468375034
27-3043.00,Writers and Authors,"Arts, Design, Entertainment, Sports, and Media Occupations",574849.1794615384,7576.46408076923,12.02613346153846,47800.0,630.0,561597.9163846154,7401.813542307692,97.69482786957518,97.69482786957519,0.013179916317991631,1.236974853043546
27-3043.05,"Poets, Lyricists and Creative Writers","Arts, Design, Entertainment, Sports, and Media Occupations",607025.8413846154,8000.549792307692,12.699285384615385,47800.0,630.0,528030.8076153846,6959.401857692307,86.986545154479,86.98654515447902,0.013179916317991631,1.236974853043546
27-3091.00,Interpreters and Translators,"Arts, Design, Entertainment, Sports, and Media Occupations",2716131.725630769,35122.393003846155,50.90201884615385,53360.0,690.0,1957064.1969230769,25306.864615384617,72.05336097860227,72.05336097860227,0.012931034482758622,1.2136165430107042
27-3092.00,Court Reporters and Simultaneous Captioners,"Arts, Design, Entertainment, Sports, and Media Occupations",585477.98505,6443.502765,46.356135,12630.0,139.0,92694.4797576923,1020.1530234615384,15.83227416309704,15.83227416309704,0.0110055423594616,1.032903306387152
27-4011.00,Audio and Video Technicians,"Arts, Design, Entertainment, Sports, and Media Occupations",2097721.755692308,57771.161365384614,29.93324423076923,70080.0,1930.0,549012.5959384615,15119.781823076923,26.171850220301106,26.171850220301106,0.027539954337899544,2.584707683116785
27-4012.00,Broadcast Technicians,"Arts, Design, Entertainment, Sports, and Media Occupations",1068053.3063076923,14186.666307692309,50.666665384615385,21080.0,280.0,107933.85653846152,1433.6565384615383,10.105661945993468,10.105661945993468,0.013282732447817837,1.2466244565777251
27-4014.00,Sound Engineering Technicians,"Arts, Design, Entertainment, Sports, and Media Occupations",437435.0312884615,10726.376246153846,33.51992576923077,13050.0,320.0,82967.86453846154,2034.4610461538462,18.96689990604555,18.96689990604555,0.024521072796934867,2.301376555635113
27-4021.00,Photographers,"Arts, Design, Entertainment, Sports, and Media Occupations",2563535.072342308,32525.82075,50.03972423076923,51230.0,650.0,468897.944,5949.320000000001,18.291068027852916,18.29106802785292,0.012687878196369316,1.190795592985973
27-4031.00,"Camera Operators, Television, Video, and Film","Arts, Design, Entertainment, Sports, and Media Occupations",1252807.5769076922,20487.45015384615,51.218625384615386,24460.0,400.0,90593.07586923076,1481.4893846153846,7.231204339683342,7.231204339683342,0.01635322976287817,1.5347998799590263
27-4032.00,Film and Video Editors,"Arts, Design, Entertainment, Sports, and Media Occupations",3147208.1748,57796.96232307692,109.05087230769232,28860.0,530.0,1529674.239,28091.730653846156,48.60416451788126,48.604164517881266,0.018364518364518367,1.7235653745506605
29-1011.00,Chiropractors,Healthcare Practitioners and Technical Occupations,2504130.4377076924,29945.753307692306,66.54611846153846,37630.0,450.0,388750.18943461543,4648.886134615384,15.52435861889373,15.52435861889373,0.011958543715120912,1.1223453546843607
29-1021.00,"Dentists, General",Healthcare Practitioners and Technical Occupations,10363999.11975,67577.40196153846,91.32081346153846,113490.0,740.0,2790185.9589,18193.12370769231,26.92190463025922,26.921904630259224,0.006520398272975594,0.6119590216585241
29-1022.00,Oral and Maxillofacial Surgeons,Healthcare Practitioners and Technical Occupations,167975.67775,1859.3930557692306,31.515136538461537,5330.0,59.0,0.0,0.0,0.0,0.0,,
29-1023.00,Orthodontists,Healthcare Practitioners and Technical Occupations,346163.2279615385,6721.616076923076,67.21616076923077,5150.0,100.0,27077.024269230773,525.7674615384616,7.822039454820212,7.822039454820214,0.019417475728155338,1.8223885953299892
29-1024.00,Prosthodontists,Healthcare Practitioners and Technical Occupations,24369.172,256.5176,32.0647,760.0,8.0,6712.977107692308,70.66291692307692,27.54700532169213,27.547005321692126,0.010526315789473684,0.98792644904731
29-1031.00,Dietitians and Nutritionists,Healthcare Practitioners and Technical Occupations,2230557.04765,31752.738434615385,29.130952692307694,76570.0,1090.0,696581.3212,9916.072092307693,31.229029624410735,31.229029624410735,0.014235340211571112,1.336029565088794
29-1041.00,Optometrists,Healthcare Practitioners and Technical Occupations,2040292.4227269231,19969.441234615384,48.70595423076923,41890.0,410.0,742031.082,7262.658,36.36885937204282,36.36885937204282,0.00978753879207448,0.9185900021578592
29-1051.00,Pharmacists,Healthcare Practitioners and Technical Occupations,30149563.783915386,286029.8568,91.67623615384616,328870.0,3120.0,10740407.725376923,101894.5848,35.62375828172634,35.62375828172634,0.009487031349773467,0.8903864733713099
29-1071.00,Physician Assistants,Healthcare Practitioners and Technical Occupations,13963759.279292308,149925.92256923078,89.77600153846154,155540.0,1670.0,2672120.368076923,28689.989807692305,19.1361102310004,19.136110231000398,0.010736787964510736,1.0076798967555338
29-1071.01,Anesthesiologist Assistants,Healthcare Practitioners and Technical Occupations,8131873.962046154,87310.20648461538,52.281560769230765,155540.0,1670.0,216608.89249999996,2325.6837499999997,2.663702038558115,2.6637020385581156,0.010736787964510738,1.0076798967555338
29-1081.00,Podiatrists,Healthcare Practitioners and Technical Occupations,546839.9347384615,5169.705265384615,57.44116961538461,9520.0,90.0,0.0,0.0,0.0,0.0,,
29-1122.00,Occupational Therapists,Healthcare Practitioners and Technical Occupations,8061842.5362,51352.68755,52.940915000000004,152280.0,970.0,1622213.1866769232,10333.246592307692,20.1221145090929,20.1221145090929,0.006369845022327292,0.5978291455195011
29-1122.01,"Low Vision Therapists, Orientation and Mobility Specialists, and Vision Rehabilitation Therapists",Healthcare Practitioners and Technical Occupations,3278645.8564153844,20884.465988461536,21.530377307692305,152280.0,970.0,351211.3294153846,2237.1617384615383,10.712084952028691,10.712084952028691,0.006369845022327292,0.5978291455195011
29-1123.00,Physical Therapists,Healthcare Practitioners and Technical Occupations,21100812.31413846,197743.20352307693,84.8683276923077,248630.0,2330.0,7647537.397911539,71667.78802692308,36.242857782244506,36.242857782244506,0.009371355025539959,0.8795299018486187
29-1124.00,Radiation Therapists,Healthcare Practitioners and Technical Occupations,2046201.8216538462,9848.030157692308,109.4225573076923,18700.0,90.0,285974.1660769231,1376.346253846154,13.975853361609461,13.975853361609461,0.004812834224598931,0.4516989914093316
29-1125.00,Recreational Therapists,Healthcare Practitioners and Technical Occupations,298476.3352846154,5152.9779,19.81914576923077,15060.0,260.0,104632.11293076922,1806.3976999999998,35.05541329800773,35.055413298007736,0.017264276228419653,1.6203043354228788
29-1126.00,Respiratory Therapists,Healthcare Practitioners and Technical Occupations,8382616.582623078,62676.06593076923,61.44712346153846,136420.0,1020.0,1290022.2021615386,9645.379315384615,15.389254529853094,15.38925452985309,0.0074769095440551225,0.7017304860921003
29-1127.00,Speech-Language Pathologists,Healthcare Practitioners and Technical Occupations,7659674.763365385,62120.52355769231,42.841740384615385,178790.0,1450.0,2008100.2395538462,16285.840076923076,26.216520956714344,26.216520956714344,0.00811007327031713,0.7611548093085012
29-1128.00,Exercise Physiologists,Healthcare Practitioners and Technical Occupations,488170.3455384615,12640.66246153846,60.193630769230765,8110.0,210.0,279042.6290615385,7225.518138461539,57.16091352368997,57.16091352368996,0.025893958076448828,2.4302259751533706
29-1129.01,Art Therapists,Healthcare Practitioners and Technical Occupations,772345.7793692307,5196.94365,39.976489615384615,19320.0,130.0,121567.53323076922,818.001,15.740039821289962,15.740039821289962,0.006728778467908903,0.631516130731588
29-1129.02,Music Therapists,Healthcare Practitioners and Technical Occupations,1344922.9742307693,9049.68875,69.61299038461539,19320.0,130.0,253158.5574,1703.4478499999998,18.823275551880165,18.823275551880165,0.006728778467908902,0.6315161307315879
29-1131.00,Veterinarians,Healthcare Practitioners and Technical Occupations,4548638.2436,34976.5064,56.41372,80630.0,620.0,597550.3565307693,4594.830969230769,13.13690657575443,13.13690657575443,0.007689445615775766,0.721677636721897
29-1141.00,Registered Nurses,Healthcare Practitioners and Technical Occupations,235801173.82881537,1852204.6737538462,71.84657384615385,3282010.0,25780.0,43239610.75503846,339644.65838461544,18.337317856792833,18.337317856792833,0.007854942550449268,0.7372100226269167
29-1141.01,Acute Care Nurses,Healthcare Practitioners and Technical Occupations,180622652.10079613,1418780.5555615383,55.03415653846154,3282010.0,25780.0,53946056.283573076,423743.1729307692,29.86671696829508,29.86671696829508,0.007854942550449268,0.7372100226269167
29-1141.02,Advanced Practice Psychiatric Nurses,Healthcare Practitioners and Technical Occupations,332808312.1465423,2614190.1722230767,101.40380807692308,3282010.0,25780.0,96429988.02304617,757452.0160615385,28.97463329599354,28.97463329599354,0.007854942550449266,0.7372100226269166
29-1141.03,Critical Care Nurses,Healthcare Practitioners and Technical Occupations,335421361.4090462,2634715.5240615383,102.19998153846154,3282010.0,25780.0,57636526.3135,452731.603,17.183320129457197,17.183320129457197,0.007854942550449268,0.7372100226269167
29-1141.04,Clinical Nurse Specialists,Healthcare Practitioners and Technical Occupations,75492050.51850384,592985.7198384615,23.001773461538463,3282010.0,25780.0,18391901.83699231,144467.3323230769,24.362700060033834,24.36270006003383,0.007854942550449266,0.7372100226269166
29-1151.00,Nurse Anesthetists,Healthcare Practitioners and Technical Occupations,3970795.0411538463,43769.43888461538,78.86385384615384,50350.0,555.0,0.0,0.0,0.0,0.0,,
29-1161.00,Nurse Midwives,Healthcare Practitioners and Technical Occupations,820111.8955846154,9904.733038461538,99.04733038461538,8280.0,100.0,411680.34207692306,4971.984807692307,50.198069835757885,50.198069835757885,0.012077294685990338,1.1334904910566963
29-1171.00,Nurse Practitioners,Healthcare Practitioners and Technical Occupations,37060865.97175384,344819.5344,120.56627076923077,307390.0,2860.0,13193351.056626923,122752.8027,35.59914403155693,35.59914403155693,0.009304141318845766,0.8732216929833571
29-1181.00,Audiologists,Healthcare Practitioners and Technical Occupations,902729.2397307693,9192.762115384616,61.28508076923077,14730.0,150.0,38726.20109999999,394.36049999999994,4.2899021540002105,4.2899021540002105,0.010183299389002037,0.9557333264714303
29-1211.00,Anesthesiologists,Healthcare Practitioners and Technical Occupations,2789186.4239846156,47940.18203076923,66.58358615384616,41890.0,720.0,31635.424669230768,543.7456615384615,1.1342169314031216,1.1342169314031214,0.01718787300071616,1.6131336623259964
29-1213.00,Dermatologists,Healthcare Practitioners and Technical Occupations,866560.5415384616,9542.482153846153,85.96830769230769,10080.0,111.0,0.0,0.0,0.0,0.0,,
29-1215.00,Family Medicine Physicians,Healthcare Practitioners and Technical Occupations,8936731.469519231,53810.79625,82.78584038461538,107950.0,650.0,4019421.0119615383,24202.1645,44.976410286811166,44.976410286811166,0.006021306160259379,0.5651177232855155
29-1216.00,General Internal Medicine Physicians,Healthcare Practitioners and Technical Occupations,5927426.798461539,10673.637692307693,88.94698076923076,66640.0,120.0,1967815.917630769,3543.486046153846,33.198485355255926,33.198485355255926,0.001800720288115246,0.16900302399668868
29-1217.00,Neurologists,Healthcare Practitioners and Technical Occupations,663262.3038461539,5168.277692307693,86.13796153846154,7700.0,60.0,21969.28461538462,171.1892307692308,3.312307135199481,3.312307135199481,0.007792207792207792,0.7313221765674892
29-1218.00,Obstetricians and Gynecologists,Healthcare Practitioners and Technical Occupations,1347258.2809615384,12863.27001923077,67.70142115384616,19900.0,190.0,665401.0453846154,6353.075307692307,49.38927114329693,49.389271143296924,0.009547738693467336,0.8960840404675349
29-1221.00,"Pediatricians, General",Healthcare Practitioners and Technical Occupations,4179698.0105538466,24323.19605769231,97.29278423076924,42960.0,250.0,1911923.7625846155,11126.18576923077,45.74310770196694,45.74310770196694,0.005819366852886406,0.5461651109141902
29-1222.00,"Physicians, Pathologists",Healthcare Practitioners and Technical Occupations,819454.4991538461,9027.88855,69.44529653846153,11800.0,130.0,229549.57992307693,2528.9360500000003,28.012486374790264,28.012486374790264,0.011016949152542373,1.0339738682825659
29-1223.00,Psychiatrists,Healthcare Practitioners and Technical Occupations,874342.5713846154,4583.24735,35.25574884615385,24800.0,130.0,187074.84153846157,980.6342500000001,21.396057753679827,21.396057753679827,0.005241935483870967,0.49197143732799503
29-1224.00,Radiologists,Healthcare Practitioners and Technical Occupations,2132022.3235807694,19463.117446153847,81.0963226923077,26290.0,240.0,1354555.8990192309,12365.668153846153,63.533851594209864,63.53385159420986,0.00912894636744009,0.8567791189912005
29-1229.01,Allergists and Immunologists,Healthcare Practitioners and Technical Occupations,26908317.967569232,298640.0078846154,85.32571653846153,315360.0,3500.0,7529393.084123077,83564.42096153846,27.981656427569135,27.981656427569135,0.011098427194317605,1.0416208279687675
29-1229.02,Hospitalists,Healthcare Practitioners and Technical Occupations,17098597.35636923,189767.5378846154,54.219296538461535,315360.0,3500.0,1106150.6713846154,12276.53269230769,6.469248022689849,6.4692480226898486,0.011098427194317603,1.0416208279687675
29-1229.03,Urologists,Healthcare Practitioners and Technical Occupations,12950300.124553846,143727.96307692307,41.06513230769231,315360.0,3500.0,0.0,0.0,0.0,0.0,,
29-1229.04,Physical Medicine and Rehabilitation Physicians,Healthcare Practitioners and Technical Occupations,19568533.627938464,217179.94576923078,62.051413076923076,315360.0,3500.0,3939997.5852923077,43727.77634615384,20.134352732833687,20.13435273283369,0.011098427194317605,1.0416208279687675
29-1229.05,Preventive Medicine Physicians,Healthcare Practitioners and Technical Occupations,5224033.857046153,57978.55942307692,16.565302692307693,315360.0,3500.0,684737.5292307691,7599.509615384614,13.107448151531372,13.107448151531372,0.011098427194317605,1.0416208279687675
29-1229.06,Sports Medicine Physicians,Healthcare Practitioners and Technical Occupations,17578218.676984616,195090.58019230768,55.74016576923077,315360.0,3500.0,2657060.9496,29489.1975,15.115643959299035,15.115643959299035,0.011098427194317605,1.0416208279687675
29-1241.00,"Ophthalmologists, Except Pediatric",Healthcare Practitioners and Technical Occupations,1082915.2454346153,5365.3934538461535,89.42322423076924,12110.0,60.0,416977.10457307694,2065.9476692307694,38.50505441963079,38.50505441963079,0.004954582989265071,0.46500254001401053
29-1291.00,Acupuncturists,Healthcare Practitioners and Technical Occupations,868517.356,9570.1557,102.9049,8440.0,93.0,161368.9890153846,1778.118006923077,18.579823178039586,18.579823178039593,0.011018957345971565,1.0341623432858986
29-1292.00,Dental Hygienists,Healthcare Practitioners and Technical Occupations,18496249.963507693,332657.25501538464,84.43077538461539,219070.0,3940.0,1794772.5140423079,32279.197084615385,9.7034399815277,9.703439981527698,0.01798511891176336,1.6879575929082398
29-1299.01,Naturopathic Physicians,Healthcare Practitioners and Technical Occupations,2239202.075573077,16683.39738846154,72.53651038461538,30870.0,230.0,744085.69515,5543.88435,33.22994843864491,33.229948438644904,0.007450599287333981,0.6992611892349764
29-1299.02,Orthoptists,Healthcare Practitioners and Technical Occupations,2453309.331092308,18278.624753846154,79.47228153846154,30870.0,230.0,318042.05749615387,2369.603926923077,12.96379765345568,12.96379765345568,0.007450599287333981,0.6992611892349764
29-2011.00,Medical and Clinical Laboratory Technologists,Healthcare Practitioners and Technical Occupations,12574163.327015383,138482.94382423075,73.3101873076923,171520.0,1889.0,2959331.600738461,32591.98573807692,23.535017987084565,23.535017987084565,0.011013292910447761,1.0336307189469742
29-2011.01,Cytogenetic Technologists,Healthcare Practitioners and Technical Occupations,16711070.369476922,184043.91282615386,97.42928153846154,171520.0,1889.0,545870.7780923077,6011.834770384616,3.266521928417888,3.266521928417887,0.011013292910447761,1.0336307189469742
29-2011.02,Cytotechnologists,Healthcare Practitioners and Technical Occupations,10731611.969969232,118190.38602653846,62.56770038461539,171520.0,1889.0,5123877.9815384615,56430.76904807692,47.74565084795134,47.745650847951346,0.011013292910447761,1.0336307189469742
29-2011.04,Histotechnologists,Healthcare Practitioners and Technical Occupations,7950070.480738461,87556.45486307691,46.350690769230766,171520.0,1889.0,643736.0,7089.653124999999,8.097236390037702,8.097236390037702,0.01101329291044776,1.033630718946974
29-2012.00,Medical and Clinical Laboratory Technicians,Healthcare Practitioners and Technical Occupations,9284982.99963077,102258.23744346153,54.13352961538462,171520.0,1889.0,966246.8371692309,10641.559441538462,10.406554726138486,10.406554726138486,0.01101329291044776,1.033630718946974
29-2031.00,Cardiovascular Technologists and Technicians,Healthcare Practitioners and Technical Occupations,8072176.475623077,98956.06990384616,131.94142653846154,61180.0,750.0,2028195.1692153844,24863.458269230767,25.12575357266123,25.125753572661225,0.012258908139915006,1.1505354608470226
29-2032.00,Diagnostic Medical Sonographers,Healthcare Practitioners and Technical Occupations,11504387.086753845,87819.74875384616,133.0602253846154,86460.0,660.0,873706.2332307693,6669.513230769231,7.594548293987385,7.594548293987385,0.007633587786259542,0.7164352111411789
29-2033.00,Nuclear Medicine Technologists,Healthcare Practitioners and Technical Occupations,1455359.1392,9439.2397,85.81127,16960.0,110.0,267918.8616615384,1737.6812961538462,18.409123524576305,18.40912352457631,0.006485849056603775,0.6087164736170042
29-2034.00,Radiologic Technologists and Technicians,Healthcare Practitioners and Technical Occupations,44056765.530961536,311508.5005769231,197.15727884615384,223460.0,1580.0,9493684.26266923,67126.20216153846,21.548754540315503,21.548754540315503,0.007070616665174976,0.6635986753870994
29-2035.00,Magnetic Resonance Imaging Technologists,Healthcare Practitioners and Technical Occupations,5230142.749161539,39040.314284615386,125.9364976923077,41530.0,310.0,561241.211923077,4189.37576923077,10.73089662826223,10.73089662826223,0.00746448350589935,0.7005642649757592
29-2036.00,Medical Dosimetrists,Healthcare Practitioners and Technical Occupations,247894.7338923077,2747.447932307692,62.44199846153846,3970.0,44.0,0.0,0.0,0.0,0.0,,
29-2051.00,Dietetic Technicians,Healthcare Practitioners and Technical Occupations,481862.3937307692,10457.781500000001,16.088894615384618,29950.0,650.0,190340.3825769231,4130.9265000000005,39.50098307179204,39.50098307179204,0.021702838063439065,2.0368767355149044
29-2052.00,Pharmacy Technicians,Healthcare Practitioners and Technical Occupations,68474530.28510769,753624.0113769231,140.33966692307692,487920.0,5370.0,2899987.425046154,31916.979161538464,4.235132994664533,4.235132994664533,0.011005902606984752,1.032937116702503
29-2053.00,Psychiatric Technicians,Healthcare Practitioners and Technical Occupations,4618900.796807692,63708.97650769231,33.88775346153846,136300.0,1880.0,244670.3476153846,3374.763415384615,5.297155283882392,5.297155283882392,0.013793103448275862,1.294524312544751
29-2055.00,Surgical Technologists,Healthcare Practitioners and Technical Occupations,10411336.087976923,95072.3464,91.4157176923077,113890.0,1040.0,629744.1544692308,5750.5832,6.048639186631035,6.048639186631035,0.009131618228114848,0.8570298811649331
29-2056.00,Veterinary Technologists and Technicians,Healthcare Practitioners and Technical Occupations,12683812.769707693,153573.42601153845,96.58706038461538,131320.0,1590.0,640248.6396923077,7752.020538461537,5.047761673220147,5.047761673220147,0.012107828205909228,1.1363561538881828
29-2057.00,Ophthalmic Medical Technicians,Healthcare Practitioners and Technical Occupations,7125207.330692308,69836.71586538461,93.11562115384615,76520.0,750.0,0.0,0.0,0.0,0.0,,
29-2061.00,Licensed Practical and Licensed Vocational Nurses,Healthcare Practitioners and Technical Occupations,31443231.118084617,84023.6241,49.71812076923077,632430.0,1690.0,1755640.0312961538,4691.47835,5.583522967798291,5.583522967798292,0.0026722325000395303,0.25079707065532253
29-2081.00,"Opticians, Dispensing",Healthcare Practitioners and Technical Occupations,7610661.2259,64942.27172307692,95.50334076923076,79690.0,680.0,0.0,0.0,0.0,0.0,,
29-2091.00,Orthotists and Prosthetists,Healthcare Practitioners and Technical Occupations,479682.29993076925,4830.637461538461,48.30637461538461,9930.0,100.0,0.0,0.0,0.0,0.0,,
29-2092.00,Hearing Aid Specialists,Healthcare Practitioners and Technical Occupations,388114.2052153846,9170.940576923078,36.683762307692305,10580.0,250.0,0.0,0.0,0.0,0.0,,
29-2099.01,Neurodiagnostic Technologists,Healthcare Practitioners and Technical Occupations,9168466.565769231,75850.80923076923,52.674173076923076,174060.0,1440.0,325127.0087307692,2689.7787692307693,3.5461438005853836,3.5461438005853845,0.008273009307135471,0.7764468472347008
29-2099.05,Ophthalmic Medical Technologists,Healthcare Practitioners and Technical Occupations,22901740.715907693,189466.31409230767,131.57382923076923,174060.0,1440.0,0.0,0.0,0.0,0.0,,
29-2099.08,Patient Representatives,Healthcare Practitioners and Technical Occupations,4858475.725107692,40194.21489230769,27.91264923076923,174060.0,1440.0,2175428.256784615,17997.338215384618,44.775941671220245,44.77594167122026,0.008273009307135473,0.7764468472347009
29-9091.00,Athletic Trainers,Healthcare Practitioners and Technical Occupations,1247761.9134807691,15516.210323076923,43.10058423076923,28950.0,360.0,91238.53050000001,1134.5724,7.31217466363275,7.31217466363275,0.012435233160621761,1.1670840952475994
29-9092.00,Genetic Counselors,Healthcare Practitioners and Technical Occupations,112125.94829999999,1597.2357307692307,31.944714615384616,3510.0,50.0,32808.11715,467.3520961538461,29.26005768282987,29.26005768282987,0.014245014245014244,1.3369375022720005
29-9093.00,Surgical Assistants,Healthcare Practitioners and Technical Occupations,2103065.760253846,30359.21701153846,91.99762730769231,22860.0,330.0,190679.45393076923,2752.5905423076924,9.06673759491732,9.06673759491732,0.014435695538057743,1.354833516081941
29-9099.01,Midwives,Healthcare Practitioners and Technical Occupations,1863258.1822730768,8567.86288846154,50.39919346153846,36970.0,170.0,170495.7007576923,783.9942961538461,9.150406657530226,9.150406657530224,0.004598322964565864,0.4315664634058441
31-1121.00,Home Health Aides,Healthcare Support Occupations,33793837.91325,372227.5827461539,16.947167307692308,1994070.0,21964.0,1262942.7006,13910.882504615385,3.73719819525092,3.7371981952509197,0.011014658462340841,1.0337588801060826
31-1122.00,Personal Care Aides,Healthcare Support Occupations,59606573.2449,656546.046403077,29.891916153846154,1994070.0,21964.0,6978523.30005,76866.05072153846,11.707640483505045,11.707640483505045,0.011014658462340841,1.0337588801060826
31-1131.00,Nursing Assistants,Healthcare Support Occupations,125412376.97866154,1115535.429,90.32675538461538,1388430.0,12350.0,7195814.558965384,64006.330749999994,5.737722808801978,5.737722808801978,0.008894938887808531,0.8348168120429236
31-1132.00,Orderlies,Healthcare Support Occupations,3836191.2979076924,42254.54013538462,72.35366461538462,53020.0,584.0,120095.94866923075,1322.8222184615383,3.130603751036415,3.130603751036415,0.01101471142964919,1.0337638512475436
31-1133.00,Psychiatric Aides,Healthcare Support Occupations,1670925.7433076925,6224.0787,47.87752846153846,34900.0,130.0,0.0,0.0,0.0,0.0,,
31-2011.00,Occupational Therapy Assistants,Healthcare Support Occupations,3643796.72685,17492.658050000002,76.055035,47910.0,230.0,408914.44819615385,1963.0624730769232,11.222208011302907,11.222208011302907,0.00480066791901482,0.45055714697732674
31-2012.00,Occupational Therapy Aides,Healthcare Support Occupations,276751.11346153845,3044.2622480769232,55.35022269230769,5000.0,55.0,25135.05769230769,276.4856346153846,9.082188460933091,9.08218846093309,0.011,1.032383139254439
31-2021.00,Physical Therapist Assistants,Healthcare Support Occupations,10524578.689342307,76003.8087,97.44078038461538,108010.0,780.0,0.0,0.0,0.0,0.0,,
31-2022.00,Physical Therapist Aides,Healthcare Support Occupations,3875116.3004423077,73962.6833076923,88.05081346153847,44010.0,840.0,0.0,0.0,0.0,0.0,,
31-9011.00,Massage Therapists,Healthcare Support Occupations,5095316.207261538,96558.47039999999,53.05410461538462,96040.0,1820.0,1537755.9478615383,29141.147699999998,30.17979425241599,30.179794252416,0.018950437317784258,1.778555633488962
31-9091.00,Dental Assistants,Healthcare Support Occupations,27627779.482642308,464350.9803038462,73.58969576923077,375430.0,6310.0,3651963.1246576924,61379.98379615384,13.218446046133058,13.218446046133057,0.016807394187997763,1.5774245794992674
31-9092.00,Medical Assistants,Healthcare Support Occupations,76086946.97365385,926322.5717307692,95.89260576923077,793460.0,9660.0,10596552.708784614,129008.01447692304,13.926899593505592,13.92689959350559,0.012174526756232196,1.1426160137760142
31-9093.00,Medical Equipment Preparers,Healthcare Support Occupations,4564384.713584615,42030.48045769231,62.73206038461539,72760.0,670.0,0.0,0.0,0.0,0.0,,
31-9094.00,Medical Transcriptionists,Healthcare Support Occupations,3632645.9365807693,20242.280584615386,84.34283576923077,43070.0,240.0,1570376.909973077,8750.649138461538,43.22956152041604,43.229561520416034,0.005572324123519851,0.5229794065075148
31-9095.00,Pharmacy Aides,Healthcare Support Occupations,2514387.4093846157,15906.1004,61.17730923076923,41100.0,260.0,107343.00403846159,679.0555000000003,4.269151350258045,4.269151350258045,0.00632603406326034,0.5937173550235658
31-9096.00,Veterinary Assistants and Laboratory Animal Caretakers,Healthcare Support Occupations,10163161.481515385,64081.58566153846,89.00220230769231,114190.0,720.0,1453675.5043153844,9165.83206153846,14.3033789924455,14.3033789924455,0.0063052806725632715,0.5917695867837464
31-9097.00,Phlebotomists,Healthcare Support Occupations,14549494.306953847,147715.92002307693,104.76306384615386,138880.0,1410.0,1147654.5368615384,11651.734569230768,7.887934196537838,7.887934196537838,0.010152649769585253,0.9528567673522982
31-9099.01,Speech-Language Pathology Assistants,Healthcare Support Occupations,4012075.190423077,26708.46002307692,38.70791307692308,103650.0,690.0,202134.04413461537,1345.6101346153846,5.038141972441452,5.038141972441453,0.006657018813314038,0.6247812709604551
31-9099.02,Endoscopy Technicians,Healthcare Support Occupations,5436763.376480769,36192.63608076923,52.45309576923077,103650.0,690.0,0.0,0.0,0.0,0.0,,
33-1011.00,First-Line Supervisors of Correctional Officers,Protective Service Occupations,2832667.1913923076,13794.5958,53.05613769230769,53390.0,260.0,489029.1342807692,2381.4867,17.263910697550124,17.263910697550124,0.004869825810076793,0.4570478234026701
33-1012.00,First-Line Supervisors of Police and Detectives,Protective Service Occupations,1916414.0579153844,16144.283515384615,12.514948461538461,153130.0,1290.0,399866.95549230766,3368.5650923076923,20.86537373490521,20.865373734905205,0.008424214719519364,0.7906379307173503
33-1021.00,First-Line Supervisors of Firefighting and Prevention Workers,Protective Service Occupations,2096150.135353846,17229.24428076923,22.375641923076923,93680.0,770.0,145825.38664615384,1198.6074692307693,6.956819751918076,6.956819751918076,0.008219470538001709,0.771422072457416
33-2011.00,Firefighters,Protective Service Occupations,8514144.526461538,67910.19442307693,25.62648846153846,332240.0,2650.0,0.0,0.0,0.0,0.0,,
33-2021.00,Fire Inspectors and Investigators,Protective Service Occupations,285448.38130769227,1218.996646153846,20.316610769230767,14050.0,60.0,0.0,0.0,0.0,0.0,,
33-2022.00,Forest Fire Inspectors and Prevention Specialists,Protective Service Occupations,33710.456423076925,727.5638076923077,12.126063461538461,2780.0,60.0,0.0,0.0,0.0,0.0,,
33-3011.00,Bailiffs,Protective Service Occupations,547235.5080038462,1294.4660153846155,32.36165038461538,16910.0,40.0,0.0,0.0,0.0,0.0,,
33-3012.00,Correctional Officers and Jailers,Protective Service Occupations,22759338.212653846,123333.21380769231,62.28950192307693,365380.0,1980.0,1623254.7543461535,8796.44319230769,7.132258149068889,7.132258149068887,0.005419015819147189,0.5085909602764218
33-3021.00,Detectives and Criminal Investigators,Protective Service Occupations,2832603.6384692304,14317.700492307691,25.567322307692304,110790.0,560.0,746400.0279115384,3772.759415384615,26.350316640661415,26.350316640661415,0.005054607816589945,0.4743901713991957
33-3021.02,Police Identification and Records Officers,Protective Service Occupations,1819288.68345,9195.790799999999,16.421055,110790.0,560.0,74403.32552307694,376.07963076923085,4.089693197122654,4.089693197122654,0.005054607816589945,0.4743901713991957
33-3021.06,Intelligence Analysts,Protective Service Occupations,3566038.764911538,18024.927415384613,32.187370384615384,110790.0,560.0,1834975.7804423077,9275.082923076923,51.45697793579167,51.45697793579167,0.005054607816589945,0.4743901713991957
33-3031.00,Fish and Game Wardens,Protective Service Occupations,83383.17729230771,922.1504030769232,12.988033846153849,6420.0,71.0,27905.302869230778,308.61004730769247,33.46634630077248,33.466346300772486,0.01105919003115265,1.0379383019975243
33-3041.00,Parking Enforcement Workers,Protective Service Occupations,264712.55281153845,1703.4269807692308,34.068539615384616,7770.0,50.0,0.0,0.0,0.0,0.0,,
33-3051.00,Police and Sheriff's Patrol Officers,Protective Service Occupations,42193594.48596923,339704.64683076926,63.25971076923077,666990.0,5370.0,7606685.915792308,61242.15260769231,18.028058544103853,18.02805854410385,0.008051095218818874,0.755619541494603
33-3051.04,Customs and Border Protection Officers,Protective Service Occupations,19976733.506180767,160834.58361923078,29.95057423076923,666990.0,5370.0,5201640.290526923,41878.901273076925,26.03849267407779,26.03849267407779,0.008051095218818874,0.755619541494603
33-3052.00,Transit and Railroad Police,Protective Service Occupations,66237.17307692308,728.6089038461539,22.079057692307693,3000.0,33.0,3163.3615384615387,34.796976923076926,4.775810004433369,4.775810004433369,0.011,1.032383139254439
33-9011.00,Animal Control Workers,Protective Service Occupations,310175.6550923077,4735.506184615385,26.308367692307694,11790.0,180.0,0.0,0.0,0.0,0.0,,
33-9021.00,Private Detectives and Investigators,Protective Service Occupations,559848.2957307692,5207.891123076923,14.46636423076923,38700.0,360.0,246093.4637307692,2289.241523076923,43.9571693988179,43.9571693988179,0.009302325581395349,0.8730512805534367
33-9031.00,Gambling Surveillance Officers and Gambling Investigators,Protective Service Occupations,583744.1,6421.185100000001,58.374410000000005,10000.0,110.0,0.0,0.0,0.0,0.0,,
33-9032.00,Security Guards,Protective Service Occupations,61619366.458057694,347355.4403846154,49.622205769230774,1241770.0,7000.0,9429566.282896154,53155.547307692315,15.302926376749676,15.302926376749678,0.005637114763603567,0.5290602032715086
33-9091.00,Crossing Guards and Flaggers,Protective Service Occupations,2564739.4211307694,48063.97895,28.440224230769232,90180.0,1690.0,215421.22093846157,4037.0577000000008,8.399341436545798,8.3993414365458,0.018740297183410956,1.7588333487973566
33-9092.00,"Lifeguards, Ski Patrol, and Other Recreational Protective Service Workers",Protective Service Occupations,5726443.8668,83350.2868,39.880520000000004,143590.0,2090.0,0.0,0.0,0.0,0.0,,
33-9093.00,Transportation Security Screeners,Protective Service Occupations,6318464.810323076,65448.06018461538,136.35012538461538,46340.0,480.0,292868.8,3033.6000000000004,4.6351259173195425,4.6351259173195425,0.010358221838584378,0.9721503253465115
33-9099.02,Retail Loss Prevention Specialists,Protective Service Occupations,2255613.8388615386,18998.071076923075,27.140101538461536,83110.0,700.0,543547.7429653846,4578.07026923077,24.09755311838865,24.097553118388653,0.008422572494284684,0.7904838029316101
35-1011.00,Chefs and Head Cooks,Food Preparation and Serving Related Occupations,8802565.764092308,90768.01029230769,48.28085653846154,182320.0,1880.0,1403183.2451692307,14468.980369230769,15.940616438142824,15.940616438142822,0.010311540149188241,0.9677691081606492
35-1012.00,First-Line Supervisors of Food Preparation and Serving Workers,Food Preparation and Serving Related Occupations,81716568.43091539,791387.109423077,68.81627038461538,1187460.0,11500.0,5916565.578253847,57299.19673076924,7.24035001941597,7.24035001941597,0.009684536742290268,0.9089229494755077
35-2011.00,"Cooks, Fast Food",Food Preparation and Serving Related Occupations,93300652.26983461,872647.2572115385,139.62356115384614,668230.0,6250.0,12414632.152457692,116114.88701923075,13.306050762167624,13.30605076216762,0.009353067057749576,0.8778135209760715
35-2012.00,"Cooks, Institution and Cafeteria",Food Preparation and Serving Related Occupations,13192633.684453845,161280.57955384615,29.43076269230769,448260.0,5480.0,2407796.694576923,29435.430076923076,18.25106913575765,18.251069135757646,0.012225047963235623,1.1473575812564798
35-2013.00,"Cooks, Private Household",Food Preparation and Serving Related Occupations,14374.382192307694,159.7153576923077,15.971535769230771,900.0,10.0,2450.052346153846,27.222803846153845,17.044574948514775,17.044574948514775,0.011111111111111112,1.0428112517721606
35-2014.00,"Cooks, Restaurant",Food Preparation and Serving Related Occupations,105328071.355,843564.605,72.5335,1452130.0,11630.0,23783089.581657693,190476.97646538462,22.580010509732638,22.580010509732638,0.008008924820780508,0.7516617225936524
35-2015.00,"Cooks, Short Order",Food Preparation and Serving Related Occupations,8924950.681823077,30853.4394,59.33353730769231,150420.0,520.0,823325.4899076924,2846.2256,9.224986437006438,9.224986437006438,0.0034569871027788856,0.32444865432081577
35-2021.00,Food Preparation Workers,Food Preparation and Serving Related Occupations,60910793.288196154,642161.7888884615,68.53380884615385,888770.0,9370.0,4565587.903411539,48133.44133461539,7.4955318375344495,7.495531837534449,0.010542660080785804,0.9894604100267368
35-3011.00,Bartenders,Food Preparation and Serving Related Occupations,63054530.82664616,280764.79975384613,84.56771076923077,745610.0,3320.0,15621648.201773077,69558.98127692308,24.774822676456328,24.774822676456328,0.004452729979479889,0.41790212313343644
35-3023.00,Fast Food and Counter Workers,Food Preparation and Serving Related Occupations,666727470.0600346,8989789.92566923,176.33954346153845,3780930.0,50980.0,28529935.097053844,384682.0997076923,4.279099988858252,4.279099988858252,0.013483455128764615,1.2654628848936709
35-3023.01,Baristas,Food Preparation and Serving Related Occupations,422036291.7855,5690507.403,111.62235,3780930.0,50980.0,34385404.67410385,463634.06100769236,8.147499478926385,8.147499478926386,0.013483455128764617,1.2654628848936709
35-3031.00,Waiters and Waitresses,Food Preparation and Serving Related Occupations,376361987.3642,2946904.113092308,163.4444876923077,2302690.0,18030.0,45295734.08205001,354664.3645038462,12.03515115840272,12.035151158402718,0.007829972770976553,0.7348665335979592
35-3041.00,"Food Servers, Nonrestaurant",Food Preparation and Serving Related Occupations,16030611.51933846,136252.53002307692,58.98377923076923,271780.0,2310.0,0.0,0.0,0.0,0.0,,
35-9011.00,Dining Room and Cafeteria Attendants and Bartender Helpers,Food Preparation and Serving Related Occupations,72624660.12266923,527283.8870230769,139.12503615384617,522010.0,3790.0,0.0,0.0,0.0,0.0,,
35-9021.00,Dishwashers,Food Preparation and Serving Related Occupations,19074172.799496155,132642.07344615384,40.43965653846154,471670.0,3280.0,0.0,0.0,0.0,0.0,,
35-9031.00,"Hosts and Hostesses, Restaurant, Lounge, and Coffee Shop",Food Preparation and Serving Related Occupations,49017052.976596154,500326.2342923077,114.75372346153847,427150.0,4360.0,6837122.095519231,69787.78493846154,13.948456058310372,13.948456058310372,0.010207187170783097,0.9579752667573354
37-1011.00,First-Line Supervisors of Housekeeping and Janitorial Workers,Building and Grounds Cleaning and Maintenance Occupations,7934771.6894307695,102217.08634615385,45.429816153846154,174660.0,2250.0,2296250.384792308,29580.69028846154,28.939085769171484,28.939085769171484,0.01288217107523188,1.2090305650055109
37-1012.00,"First-Line Supervisors of Landscaping, Lawn Service, and Groundskeeping Workers",Building and Grounds Cleaning and Maintenance Occupations,3616901.2767846156,59732.922076923074,29.138010769230767,124130.0,2050.0,272477.0468653846,4499.943173076923,7.533438875268766,7.533438875268768,0.01651494401031177,1.5499772492706325
37-2011.00,"Janitors and Cleaners, Except Maids and Housekeeping Cleaners",Building and Grounds Cleaning and Maintenance Occupations,47943230.43242308,537642.3904576923,21.793368076923077,2199900.0,24670.0,0.0,0.0,0.0,0.0,,
37-2012.00,Maids and Housekeeping Cleaners,Building and Grounds Cleaning and Maintenance Occupations,45174509.74938461,447036.9424615385,52.84124615384615,854910.0,8460.0,0.0,0.0,0.0,0.0,,
37-2021.00,Pest Control Workers,Building and Grounds Cleaning and Maintenance Occupations,3260015.232680769,29849.27067692308,33.91962576923077,96110.0,880.0,1037845.7572,9502.6976,31.8356106681919,31.8356106681919,0.00915617521589845,0.8593346284502664
37-3011.00,Landscaping and Groundskeeping Workers,Building and Grounds Cleaning and Maintenance Occupations,24364777.8882,322563.4926,25.82574,943430.0,12490.0,0.0,0.0,0.0,0.0,,
37-3012.00,"Pesticide Handlers, Sprayers, and Applicators, Vegetation",Building and Grounds Cleaning and Maintenance Occupations,688662.8764615385,6558.694061538461,27.327891923076923,25200.0,240.0,0.0,0.0,0.0,0.0,,
37-3013.00,Tree Trimmers and Pruners,Building and Grounds Cleaning and Maintenance Occupations,2117396.1872846154,19462.175107692306,44.23221615384615,47870.0,440.0,47851.03611538461,439.82569230769224,2.2598999848370176,2.2598999848370176,0.009191560476289952,0.8626556417417497
39-1013.00,First-Line Supervisors of Gambling Services Workers,Personal Care and Service Occupations,3090549.143965385,34016.62003346154,121.0555873076923,25530.0,281.0,370954.4152846155,4082.968691538462,12.002864151471014,12.00286415147101,0.011006658832745788,1.033008090768427
39-1022.00,First-Line Supervisors of Personal Service Workers,Personal Care and Service Occupations,1870216.2339538462,14848.531653846154,17.46886076923077,107060.0,850.0,224607.88583846155,1783.2682884615385,12.009728167294076,12.009728167294076,0.007939473192602279,0.7451434780550185
39-2011.00,Animal Trainers,Personal Care and Service Occupations,919591.1396423077,11889.2937,45.72805269230769,20110.0,260.0,68292.14456538462,882.9417,7.426359565833588,7.426359565833586,0.012928891098955743,1.2134153799835183
39-2021.00,Animal Caretakers,Personal Care and Service Occupations,15583167.864615384,133184.66584615383,56.196061538461535,277300.0,2370.0,1220871.376346154,10434.42178846154,7.834551914943944,7.834551914943945,0.00854670032455824,0.8021335737576698
39-3011.00,Gambling Dealers,Personal Care and Service Occupations,11882998.472123077,130887.6910523077,143.2031630769231,82980.0,914.0,0.0,0.0,0.0,0.0,,
39-3012.00,Gambling and Sports Book Writers and Runners,Personal Care and Service Occupations,888152.7872307693,9816.425543076923,116.86220884615385,7600.0,84.0,0.0,0.0,0.0,0.0,,
39-3021.00,Motion Picture Projectionists,Personal Care and Service Occupations,38922.90675,419.16976500000004,19.960465,1950.0,21.0,0.0,0.0,0.0,0.0,,
39-3031.00,"Ushers, Lobby Attendants, and Ticket Takers",Personal Care and Service Occupations,10102084.0998,119486.10503076923,84.74191846153846,119210.0,1410.0,642151.48725,7595.28225,6.356623850149033,6.356623850149032,0.01182786678969885,1.1100809315484201
39-3091.00,Amusement and Recreation Attendants,Personal Care and Service Occupations,16974595.929876924,272258.64996923076,45.68098153846154,371590.0,5960.0,1419590.4220923071,22769.070523076916,8.363029246508844,8.363029246508846,0.016039182970478218,1.50532564237624
39-3092.00,Costume Attendants,Personal Care and Service Occupations,138036.82485769232,2633.4529384615385,21.945441153846154,6290.0,120.0,2606.4260076923074,49.725138461538464,1.888210635371667,1.8882106353716677,0.01907790143084261,1.7905185245054587
39-3093.00,"Locker Room, Coatroom, and Dressing Room Attendants",Personal Care and Service Occupations,982317.0760615385,9849.435923076922,65.66290615384615,14960.0,150.0,79894.74307692307,801.0836538461538,8.133294739947894,8.133294739947896,0.010026737967914439,0.9410395654361075
39-4011.00,Embalmers,Personal Care and Service Occupations,77291.56986923076,858.7952207692308,22.59987423076923,3420.0,38.0,0.0,0.0,0.0,0.0,,
39-4021.00,Funeral Attendants,Personal Care and Service Occupations,649961.3284307692,4040.9899346153843,21.268368076923075,30560.0,190.0,0.0,0.0,0.0,0.0,,
39-4031.00,"Morticians, Undertakers, and Funeral Arrangers",Personal Care and Service Occupations,332977.4141153846,4146.022276923077,12.956319615384615,25700.0,320.0,41851.33303846154,521.1060923076923,12.568820365683738,12.568820365683738,0.01245136186770428,1.1685978229975962
39-5011.00,Barbers,Personal Care and Service Occupations,1280029.8488846153,20508.765534615384,70.71988115384616,18100.0,290.0,218378.2055769231,3498.8773269230774,17.060399471716394,17.060399471716398,0.016022099447513812,1.5037223022791928
39-5012.00,"Hairdressers, Hairstylists, and Cosmetologists",Personal Care and Service Occupations,25339382.568076923,310460.1803846154,85.76248076923076,295460.0,3620.0,3711097.0340230763,45468.66331538461,14.645570088587686,14.64557008858769,0.012252081500033847,1.1498947601278344
39-5091.00,"Makeup Artists, Theatrical and Performance",Personal Care and Service Occupations,63831.61096923077,711.3763873076923,19.226388846153846,3320.0,37.0,3681.157261538462,41.02494538461539,5.7669816030695475,5.7669816030695475,0.011144578313253013,1.0459522495184623
39-5092.00,Manicurists and Pedicurists,Personal Care and Service Occupations,18185338.716284614,110721.18011538462,123.02353346153846,147820.0,900.0,0.0,0.0,0.0,0.0,,
39-5093.00,Shampooers,Personal Care and Service Occupations,118744.19501538461,1308.9911261538462,13.357052307692307,8890.0,98.0,37896.01162307693,417.75130923076927,31.91399092660242,31.91399092660242,0.011023622047244094,1.034600139553482
39-5094.00,Skincare Specialists,Personal Care and Service Occupations,4845245.917661538,55874.846146153846,68.98129153846153,70240.0,810.0,0.0,0.0,0.0,0.0,,
39-6011.00,Baggage Porters and Bellhops,Personal Care and Service Occupations,1684373.2507538463,10790.34753846154,53.951737692307695,31220.0,200.0,175479.93507692308,1124.1507692307691,10.418114571600238,10.418114571600237,0.006406149903907751,0.6012364680300732
39-6012.00,Concierges,Personal Care and Service Occupations,1647653.192,13047.027538461538,37.27722153846154,44200.0,350.0,285523.5,2260.9326923076924,17.329101863567413,17.329101863567416,0.007918552036199095,0.7431799644982592
39-7011.00,Tour Guides and Escorts,Personal Care and Service Occupations,1563492.203975,17226.806573076923,63.802987307692305,24505.0,270.0,187841.62604999996,2069.669007692308,12.014234901359542,12.014234901359544,0.01101815955927362,1.0340874686008368
39-7012.00,Travel Guides,Personal Care and Service Occupations,820294.3849749999,9038.13441923077,33.47457192307692,24505.0,270.0,122308.979,1347.619846153846,14.910376230812261,14.910376230812256,0.011018159559273617,1.0340874686008366
39-9011.00,Childcare Workers,Personal Care and Service Occupations,35321845.761876926,265501.2052153846,67.90312153846153,520180.0,3910.0,3071921.189376923,23090.491465384614,8.69694412371979,8.69694412371979,0.007516628859241032,0.7054582634830698
39-9011.01,Nannies,Personal Care and Service Occupations,26951677.198423076,202585.75463461538,51.81221346153846,520180.0,3910.0,5445994.499615384,40935.51942307693,20.20651427189854,20.206514271898545,0.007516628859241033,0.7054582634830701
39-9031.00,Exercise Trainers and Group Fitness Instructors,Personal Care and Service Occupations,16647981.83613846,308702.1202076923,54.831637692307694,303620.0,5630.0,1414810.8115384616,26234.71730769231,8.498392330458177,8.498392330458177,0.018542915486463342,1.7403084818949797
39-9032.00,Recreation Workers,Personal Care and Service Occupations,6889752.598538462,132392.54605769232,22.250848076923077,309640.0,5950.0,267037.34695384616,5131.35323076923,3.8758626399806193,3.8758626399806184,0.01921586358351634,1.8034666881668773
39-9041.00,Residential Advisors,Personal Care and Service Occupations,2862143.33405,38364.67939615385,34.56277423076923,82810.0,1110.0,439283.8632,5888.2392,15.348073521475355,15.348073521475355,0.013404178239343074,1.2580225099871856
41-1011.00,First-Line Supervisors of Retail Sales Workers,Sales and Related Occupations,56869491.416738465,480741.2359692308,51.08833538461539,1113160.0,9410.0,28980722.431230772,244985.98411538464,50.96005205824795,50.96005205824795,0.008453411908440836,0.7933781748588189
41-1012.00,First-Line Supervisors of Non-Retail Sales Workers,Sales and Related Occupations,4413389.112338462,41310.660153846155,20.15154153846154,219010.0,2050.0,2728889.7019153847,25543.234961538463,61.83206675083915,61.83206675083915,0.009360303182503082,0.878492653084168
41-2011.00,Cashiers,Sales and Related Occupations,335380479.4909423,2962783.4342884617,106.53662115384616,3148030.0,27810.0,81494435.32163846,719929.6850076923,24.299099173969488,24.299099173969484,0.008834096244317875,0.8291065466531579
41-2012.00,Gambling Change Persons and Booth Cashiers,Sales and Related Occupations,1475125.7347846155,16278.177283076922,67.26519538461538,21930.0,242.0,0.0,0.0,0.0,0.0,,
41-2021.00,Counter and Rental Clerks,Sales and Related Occupations,34984445.664684616,295764.3417038462,87.76389961538462,398620.0,3370.0,8492829.226392308,71799.79552692307,24.276014854697202,24.2760148546972,0.008454166875721238,0.7934490308125439
41-2022.00,Parts Salespersons,Sales and Related Occupations,23277127.263423078,281896.8479423077,87.81833269230769,265060.0,3210.0,5318362.431107692,64407.845030769226,22.848018876731384,22.848018876731384,0.012110465554968685,1.1366036770428474
41-2031.00,Retail Salespersons,Sales and Related Occupations,409196967.23596156,4261829.080507692,107.67632846153846,3800250.0,39580.0,130045554.75807692,1354438.0125846155,31.780674142456867,31.78067414245687,0.010415104269455957,0.9774889128512046
41-3011.00,Advertising Sales Agents,Sales and Related Occupations,3465029.6338846153,29861.75123076923,35.54970384615385,97470.0,840.0,1523264.5339615385,13127.549076923076,43.961082441128205,43.961082441128205,0.008618036318867343,0.8088286717346397
41-3021.00,Insurance Sales Agents,Sales and Related Occupations,10178141.677676924,102544.53892692308,21.679606538461538,469480.0,4730.0,2778171.012861538,27990.00786153846,27.29546415093362,27.29546415093362,0.01007497656982193,0.9455669035516076
41-3031.00,"Securities, Commodities, and Financial Services Sales Agents",Sales and Related Occupations,45601353.559346154,306068.7926807692,96.55166961538461,472300.0,3170.0,36936587.16919231,247912.30431153846,80.99888333604525,80.99888333604525,0.006711835697649799,0.6299260006999734
41-3041.00,Travel Agents,Sales and Related Occupations,1348756.20425,10489.05923846154,22.80230269230769,59150.0,460.0,690528.3840000001,5370.1277538461545,51.19742039548064,51.19742039548064,0.007776838546069315,0.7298797265150878
41-4011.00,"Sales Representatives, Wholesale and Manufacturing, Technical and Scientific Products",Sales and Related Occupations,15070293.268099999,183039.9992076923,51.27170846153846,293930.0,3570.0,8255177.345799999,100265.31189230768,54.777814863590756,54.777814863590756,0.012145748987854251,1.1399151335161268
41-4011.07,Solar Sales Representatives and Assessors,Sales and Related Occupations,7614757.57455,92486.93410384616,25.90670423076923,293930.0,3570.0,3499218.90115,42500.634426923076,45.95312282619567,45.95312282619567,0.012145748987854251,1.1399151335161268
41-4012.00,"Sales Representatives, Wholesale and Manufacturing, Except Technical and Scientific Products",Sales and Related Occupations,63420590.30246154,697353.1589230769,50.061246153846156,1266860.0,13930.0,31048465.56080769,341399.3063653846,48.95644366085726,48.95644366085727,0.010995690131506244,1.0319786451121338
41-9011.00,Demonstrators and Product Promoters,Sales and Related Occupations,4006248.654023077,37730.61106923077,61.85346076923077,64770.0,610.0,847291.1714192308,7979.737757692308,21.14924071346347,21.14924071346347,0.00941794040450826,0.8839020800106779
41-9012.00,Models,Sales and Related Occupations,84659.7663076923,632.9702153846154,15.824255384615384,5350.0,40.0,0.0,0.0,0.0,0.0,,
41-9021.00,Real Estate Brokers,Sales and Related Occupations,920140.2375230769,7421.982153846154,18.554955384615386,49590.0,400.0,419452.4946807692,3383.3635384615386,45.585713739667796,45.5857137396678,0.008066142367412786,0.7570317617220768
41-9022.00,Real Estate Sales Agents,Sales and Related Occupations,7431746.105153846,199245.6589576923,38.99132269230769,190600.0,5110.0,4001163.1692307694,107271.47846153846,53.83880332585637,53.838803325856354,0.02681007345225603,2.5162061631165615
41-9031.00,Sales Engineers,Sales and Related Occupations,1047134.2031307692,7757.9178923076925,18.471233076923077,56690.0,420.0,559309.2308038461,4143.762161538461,53.41332840925242,53.41332840925242,0.007408714058916917,0.6953301343621039
41-9041.00,Telemarketers,Sales and Related Occupations,5437613.98075,71213.67098076922,81.85479423076923,66430.0,870.0,2000077.8636999999,26194.004838461537,36.782270142393095,36.782270142393095,0.013096492548547342,1.2291452809537884
41-9091.00,"Door-to-Door Sales Workers, News and Street Vendors, and Related Workers",Sales and Related Occupations,76230.61584230768,8968.307746153845,16.607977307692305,4590.0,540.0,27657.846484615387,3253.8642923076923,36.281809059274835,36.281809059274835,0.1176470588235294,11.041530901116992
43-1011.00,First-Line Supervisors of Office and Administrative Support Workers,Office and Administrative Support Occupations,38738608.64703077,486181.7383923077,25.902063846153847,1495580.0,18770.0,19298895.868453845,242207.22091153846,49.818247331226914,49.818247331226914,0.012550314927987805,1.1778848658170815
43-2011.00,"Switchboard Operators, Including Answering Service",Office and Administrative Support Occupations,3402863.648203846,10476.210503846154,95.2382773076923,35730.0,110.0,726653.7766038461,2237.109303846154,21.354184349625648,21.35418434962565,0.003078645396025749,0.28894014532729895
43-2021.00,Telephone Operators,Office and Administrative Support Occupations,262013.29296153848,2918.6290861538464,66.33247923076924,3950.0,44.0,0.0,0.0,0.0,0.0,,
43-3011.00,Bill and Account Collectors,Office and Administrative Support Occupations,9111713.600892307,174481.97175384616,55.21581384615385,165020.0,3160.0,4718665.595915385,90358.6430923077,51.786807647831324,51.786807647831324,0.019149194037086415,1.7972095503817869
43-3021.00,Billing and Posting Clerks,Office and Administrative Support Occupations,22336201.9875,232189.5009,53.499885,417500.0,4340.0,10156652.085576924,105580.52706923077,45.47170593846208,45.47170593846207,0.010395209580838323,0.9756217363885171
43-3031.00,"Bookkeeping, Accounting, and Auditing Clerks",Office and Administrative Support Occupations,88562468.39933461,850480.0265307692,60.83548115384615,1455770.0,13980.0,33983551.99097692,326349.66844615387,38.37240831832127,38.37240831832128,0.009603165335183444,0.90128599777419
43-3041.00,Gambling Cage Workers,Office and Administrative Support Occupations,1318084.4585307692,14558.531083846154,97.70826230769231,13490.0,149.0,132531.33759615384,1463.8376057692308,10.054844114001822,10.054844114001824,0.011045218680504077,1.0366270486482339
43-3051.00,Payroll and Timekeeping Clerks,Office and Administrative Support Occupations,2923872.9813076924,28502.87136923077,18.629327692307694,156950.0,1530.0,570579.5915576923,5562.196719230769,19.51451363330094,19.514513633300943,0.009748327492832113,0.9149099035936701
43-3061.00,Procurement Clerks,Office and Administrative Support Occupations,2010692.7201153846,20140.494692307693,33.567491153846156,59900.0,600.0,623711.3763846154,6247.5263076923075,31.019726194106052,31.019726194106045,0.010016694490818028,0.9400969548530327
43-3071.00,Tellers,Office and Administrative Support Occupations,37789590.99916923,474402.2445230769,111.36202923076924,339340.0,4260.0,1805905.6157076927,22670.943369230772,4.778844036039961,4.778844036039961,0.01255378086874521,1.1782101547988635
43-4011.00,Brokerage Clerks,Office and Administrative Support Occupations,1266729.9131115384,10111.089353846155,31.59715423076923,40090.0,320.0,365070.1484307692,2914.004676923077,28.8198884902013,28.8198884902013,0.007982040409079572,0.7491385395619413
43-4021.00,Correspondence Clerks,Office and Administrative Support Occupations,172550.59425384615,2480.7593423076924,27.563992692307693,6260.0,90.0,59254.12149230769,851.8963153846155,34.34014339303669,34.34014339303669,0.014376996805111824,1.3493244631556713
43-4031.00,"Court, Municipal, and License Clerks",Office and Administrative Support Occupations,13927584.067615384,108956.45438461538,81.92214615384616,170010.0,1330.0,6137562.658015384,48014.577584615385,44.067676261861756,44.067676261861756,0.007823069231221693,0.7342186155939511
43-4041.00,"Credit Authorizers, Checkers, and Clerks",Office and Administrative Support Occupations,273809.2592,4120.875138461538,22.893750769230767,11960.0,180.0,52001.0036,782.6237999999998,18.991689233568476,18.991689233568472,0.015050167224080266,1.4125035350091137
43-4051.00,Customer Service Representatives,Office and Administrative Support Occupations,142807148.95564616,2554982.943276923,52.388413846153846,2725930.0,48770.0,80461682.60263076,1439551.3679846153,56.34289542999069,56.34289542999069,0.01789114173878273,1.679137552102785
43-4061.00,"Eligibility Interviewers, Government Programs",Office and Administrative Support Occupations,6132944.1059,82029.01050384615,39.248330384615386,156260.0,2090.0,2338531.3871999998,31278.194030769228,38.13064894803609,38.1306489480361,0.01337514399078459,1.2552975582896673
43-4071.00,File Clerks,Office and Administrative Support Occupations,3278874.6576384613,24078.846561538463,41.51525269230769,78980.0,580.0,812971.577676923,5970.163523076923,24.794225536588467,24.794225536588467,0.007343631299063055,0.6892219212776246
43-4081.00,"Hotel, Motel, and Resort Desk Clerks",Office and Administrative Support Occupations,24055810.4496,325737.55495384615,92.01625846153847,261430.0,3540.0,6021824.6719,81540.98358461539,25.032724150019774,25.032724150019774,0.013540909612515778,1.2708551612845134
43-4111.00,"Interviewers, Except Eligibility and Loan",Office and Administrative Support Occupations,9244608.877726924,42312.11233846154,58.76682269230769,157310.0,720.0,3835817.9981538462,17556.347076923077,41.49248550033847,41.49248550033846,0.004576949971394063,0.4295605436071197
43-4121.00,"Library Assistants, Clerical",Office and Administrative Support Occupations,5747966.704696153,59583.01941923077,71.78677038461538,80070.0,830.0,793324.6907076923,8223.548061538462,13.8018316991909,13.8018316991909,0.010365929811415013,0.9728737418181641
43-4131.00,Loan Interviewers and Clerks,Office and Administrative Support Occupations,5640092.733115384,86018.74532307693,32.582858076923074,173100.0,2640.0,1397996.2785,21321.2604,24.786760513559802,24.7867605135598,0.015251299826689773,1.4313804357080608
43-4141.00,New Accounts Clerks,Office and Administrative Support Occupations,1391566.0566076923,5488.690730769231,36.59127153846154,38030.0,150.0,146404.41279230767,577.4562692307692,10.520838166260456,10.520838166260456,0.003944254535892717,0.3701801708894076
43-4151.00,Order Clerks,Office and Administrative Support Occupations,4634810.226884616,46670.34992307692,55.55994038461539,83420.0,840.0,1167085.681176923,11752.001584615384,25.180873089628182,25.180873089628182,0.01006952769120115,0.9450555098774315
43-4161.00,"Human Resources Assistants, Except Payroll and Timekeeping",Office and Administrative Support Occupations,2650453.128946154,16318.408765384616,28.62878730769231,92580.0,570.0,1173186.7212,7223.1198,44.26362829764398,44.26362829764398,0.006156837329876864,0.5778377318633813
43-4171.00,Receptionists and Information Clerks,Office and Administrative Support Occupations,74812123.07148461,937740.2133,77.56329307692307,964530.0,12090.0,36220246.83730384,454006.39095,48.41494312719157,48.41494312719158,0.012534602345183665,1.1764101925842514
43-4181.00,Reservation and Transportation Ticket Agents and Travel Clerks,Office and Administrative Support Occupations,16674512.812615385,461872.4908076923,130.84206538461538,127440.0,3530.0,2406737.9755384615,66664.98001923077,14.433632949789112,14.433632949789116,0.027699309478970497,2.5996636431890727
43-5011.00,Cargo and Freight Agents,Office and Administrative Support Occupations,3079296.4947692305,20780.52849230769,31.48564923076923,97800.0,660.0,448053.1712307692,3023.671707692308,14.550504376303891,14.550504376303891,0.006748466257668713,0.6333638891131528
43-5011.01,Freight Forwarders,Office and Administrative Support Occupations,12434049.117461538,83910.76091538461,127.13751653846154,97800.0,660.0,3257118.9749999996,21980.5575,26.195159309978287,26.195159309978294,0.006748466257668712,0.6333638891131528
43-5021.00,Couriers and Messengers,Office and Administrative Support Occupations,3492582.4700307692,50504.5296,48.562047692307694,71920.0,1040.0,303365.5307076923,4386.8208,8.685994770655185,8.685994770655185,0.01446051167964405,1.3571625857324003
43-5031.00,Public Safety Telecommunicators,Office and Administrative Support Occupations,11248012.799999999,93418.33846153846,111.21230769230769,101140.0,840.0,1777952.2746000001,14766.461446153848,15.806812333997348,15.806812333997348,0.008305319359303936,0.7794792429698966
43-5032.00,"Dispatchers, Except Police, Fire, and Ambulance",Office and Administrative Support Occupations,13565174.905384615,135651.74905384614,64.28992846153847,211000.0,2110.0,0.0,0.0,0.0,0.0,,
43-5041.00,"Meter Readers, Utilities",Office and Administrative Support Occupations,451446.1938,4831.9929,23.00949,19620.0,210.0,0.0,0.0,0.0,0.0,,
43-5051.00,Postal Service Clerks,Office and Administrative Support Occupations,6591046.388653846,54038.81230769231,84.43564423076923,78060.0,640.0,438194.9139230769,3592.681846153846,6.648336062046344,6.648336062046345,0.008198821419420958,0.7694840904698494
43-5052.00,Postal Service Mail Carriers,Office and Administrative Support Occupations,11173709.337461539,80800.24309615385,33.25112884615385,336040.0,2430.0,0.0,0.0,0.0,0.0,,
43-5053.00,"Postal Service Mail Sorters, Processors, and Processing Machine Operators",Office and Administrative Support Occupations,6161782.61895,48444.28396923077,55.050322692307695,111930.0,880.0,0.0,0.0,0.0,0.0,,
43-5061.00,"Production, Planning, and Expediting Clerks",Office and Administrative Support Occupations,8126480.936538462,105327.63603461538,21.107742692307692,385000.0,4990.0,1961147.5019230768,25418.50918076923,24.13280135938451,24.13280135938451,0.012961038961038961,1.2164325536905904
43-5071.00,"Shipping, Receiving, and Inventory Clerks",Office and Administrative Support Occupations,21930113.678,388673.12,25.5706,857630.0,15200.0,7730657.358396154,137012.45507692307,35.25133281069787,35.25133281069786,0.017723260613551298,1.6633814027311493
43-5111.00,"Weighers, Measurers, Checkers, and Samplers, Recordkeeping",Office and Administrative Support Occupations,3261974.5708,15745.6536,65.60688999999999,49720.0,240.0,487692.17826153844,2354.105446153846,14.950827104146672,14.950827104146672,0.004827031375703942,0.4530314368117189
43-6011.00,Executive Secretaries and Executive Administrative Assistants,Office and Administrative Support Occupations,19341519.47235,284740.9428,40.911055,472770.0,6960.0,5396119.863957692,79440.30766153846,27.899151727307707,27.899151727307707,0.014721746303699474,1.3816802422109724
43-6012.00,Legal Secretaries and Administrative Assistants,Office and Administrative Support Occupations,6852306.631361539,47000.42079230769,44.34001961538462,154540.0,1060.0,186647.2898384615,1280.2260076923073,2.7238607359486346,2.7238607359486346,0.006859065614080497,0.6437439719106
43-6013.00,Medical Secretaries and Administrative Assistants,Office and Administrative Support Occupations,70196644.32447693,435159.03301923076,84.49689961538462,830760.0,5150.0,13826420.158384614,85711.95509615385,19.696696745891977,19.696696745891984,0.006199142953440225,0.5818082420872412
43-6014.00,"Secretaries and Administrative Assistants, Except Legal, Medical, and Executive",Office and Administrative Support Occupations,106276655.47245385,911823.3954576923,61.155157307692306,1737820.0,14910.0,42565187.227230765,365197.16746153845,40.05130481196161,40.05130481196161,0.00857971481511319,0.8052320831576703
43-9021.00,Data Entry Keyers,Office and Administrative Support Occupations,6299847.295846154,113162.54382692308,46.56894807692308,135280.0,2430.0,2059668.229876923,36997.293011538466,32.69393896634572,32.693938966345726,0.017962743938497935,1.6858576342591038
43-9022.00,Word Processors and Typists,Office and Administrative Support Occupations,1939683.0043153847,2153.408830769231,53.83522076923077,36030.0,40.0,814468.099823077,904.2110461538462,41.98975286224902,41.98975286224901,0.0011101859561476546,0.10419429659671878
43-9031.00,Desktop Publishers,Office and Administrative Support Occupations,272076.3538461538,2992.839892307692,68.01908846153846,4000.0,44.0,159362.62307692308,1752.988853846154,58.57275754549218,58.57275754549218,0.011000000000000001,1.0323831392544391
43-9041.00,Insurance Claims and Policy Processing Clerks,Office and Administrative Support Occupations,19259989.83368077,163954.16325,84.07905807692308,229070.0,1950.0,8329066.167434616,70902.68925,43.245433872811404,43.2454338728114,0.008512681713013488,0.7989408245777018
43-9051.00,"Mail Clerks and Mail Machine Operators, Except Postal Service",Office and Administrative Support Occupations,5204385.595419231,65542.23848846155,82.96485884615385,62730.0,790.0,516774.68601923087,6508.082288461539,9.929600267783442,9.92960026778344,0.012593655348318187,1.1819524948350169
43-9061.00,"Office Clerks, General",Office and Administrative Support Occupations,125023837.32138462,1840087.147846154,49.79938153846154,2510550.0,36950.0,58703549.49415384,863992.4135384616,46.95388555644095,46.95388555644095,0.014717890502081218,1.3813183636128816
43-9071.00,"Office Machine Operators, Except Computer",Office and Administrative Support Occupations,1608114.1303461539,11050.097096153846,65.00057115384615,24740.0,170.0,73549.6601846154,505.3937846153846,4.573659219621651,4.57365921962165,0.0068714632174615995,0.644907524337674
43-9081.00,Proofreaders and Copy Markers,Office and Administrative Support Occupations,232392.726,2567.12895,45.03735,5160.0,57.0,55015.34843076923,607.7276861538462,23.673438225759796,23.673438225759803,0.011046511627906978,1.0367483956572063
43-9111.00,Statistical Assistants,Office and Administrative Support Occupations,112455.41826923077,953.0120192307693,19.060240384615383,5900.0,50.0,51480.58161538462,436.2761153846154,45.77865825205006,45.77865825205005,0.00847457627118644,0.7953645140635123
45-1011.00,"First-Line Supervisors of Farming, Fishing, and Forestry Workers","Farming, Fishing, and Forestry Occupations",988615.6641423077,4352.18545,33.478349615384616,29530.0,130.0,42533.0811923077,187.2435,4.3022867970849,4.302286797084899,0.0044023027429732475,0.4131693750671953
45-2011.00,Agricultural Inspectors,"Farming, Fishing, and Forestry Occupations",670705.7886,6102.368630769231,55.476078461538464,12090.0,110.0,99498.5331,905.2802846153846,14.834900009986288,14.834900009986288,0.009098428453267164,0.8539149208059876
45-2021.00,Animal Breeders,"Farming, Fishing, and Forestry Occupations",29110.52701923077,319.7109903846154,16.82689423076923,1730.0,19.0,1910.77635,20.985405,6.563867252343862,6.563867252343861,0.010982658959537572,1.0307556303643899
45-2041.00,"Graders and Sorters, Agricultural Products","Farming, Fishing, and Forestry Occupations",856949.0463653846,3508.1650576923075,31.892409615384615,26870.0,110.0,0.0,0.0,0.0,0.0,,
45-2091.00,Agricultural Equipment Operators,"Farming, Fishing, and Forestry Occupations",1243667.4411,2411.7662076923075,40.19610346153846,30940.0,60.0,0.0,0.0,0.0,0.0,,
45-2092.00,"Farmworkers and Laborers, Crop, Nursery, and Greenhouse","Farming, Fishing, and Forestry Occupations",9849089.54535,29356.4517,37.63647653846154,261690.0,780.0,1499861.5401000003,4470.5262,15.22842830490989,15.228428304909889,0.002980625931445603,0.27974072327718164
45-2093.00,"Farmworkers, Farm, Ranch, and Aquacultural Animals","Farming, Fishing, and Forestry Occupations",458327.0076,2329.1603999999998,12.939779999999999,35420.0,180.0,0.0,0.0,0.0,0.0,,
45-4011.00,Forest and Conservation Workers,"Farming, Fishing, and Forestry Occupations",62362.700146153846,686.7650815384616,11.076856153846153,5630.0,62.0,0.0,0.0,0.0,0.0,,
45-4021.00,Fallers,"Farming, Fishing, and Forestry Occupations",399324.0179769231,4372.160780769231,97.15912846153847,4110.0,45.0,0.0,0.0,0.0,0.0,,
45-4022.00,Logging Equipment Operators,"Farming, Fishing, and Forestry Occupations",1034312.3838153846,11390.296233846153,45.928613846153844,22520.0,248.0,0.0,0.0,0.0,0.0,,
45-4023.00,Log Graders and Scalers,"Farming, Fishing, and Forestry Occupations",195706.00843846155,2128.524563076923,59.12568230769231,3310.0,36.0,0.0,0.0,0.0,0.0,,
47-1011.00,First-Line Supervisors of Construction Trades and Extraction Workers,Construction and Extraction Occupations,21333744.593107693,350675.01471153845,26.466038846153847,806080.0,13250.0,5308470.533046153,87258.37951923077,24.88297593457252,24.882975934572524,0.01643757443429933,1.5427158814736772
47-1011.03,Solar Energy Installation Managers,Construction and Extraction Occupations,11264566.200123077,185162.14538461537,13.974501538461539,806080.0,13250.0,879786.0950153847,14461.549423076925,7.81020839493821,7.810208394938211,0.016437574434299326,1.542715881473677
47-2011.00,Boilermakers,Construction and Extraction Occupations,215728.63335000002,2375.77256,21.212255,10170.0,112.0,0.0,0.0,0.0,0.0,,
47-2021.00,Brickmasons and Blockmasons,Construction and Extraction Occupations,2446317.0056307693,82732.3202576923,45.70846423076923,53520.0,1810.0,0.0,0.0,0.0,0.0,,
47-2022.00,Stonemasons,Construction and Extraction Occupations,320578.1822115385,12090.377157692308,36.63750653846154,8750.0,330.0,0.0,0.0,0.0,0.0,,
47-2031.00,Carpenters,Construction and Extraction Occupations,36436207.4186077,733173.3197999999,52.220321923076924,697740.0,14040.0,1971478.5931615382,39670.3062,5.410767840109284,5.410767840109285,0.02012210852179895,1.8885205058321182
47-2041.00,Carpet Installers,Construction and Extraction Occupations,457156.4365846154,10681.225153846153,30.517786153846156,14980.0,350.0,0.0,0.0,0.0,0.0,,
47-2042.00,"Floor Layers, Except Carpet, Wood, and Hard Tiles",Construction and Extraction Occupations,492227.1082884615,5150.0623,19.80793192307692,24850.0,260.0,0.0,0.0,0.0,0.0,,
47-2043.00,Floor Sanders and Finishers,Construction and Extraction Occupations,54870.24316153847,609.6693684615385,13.253681923076925,4140.0,46.0,0.0,0.0,0.0,0.0,,
47-2044.00,Tile and Stone Setters,Construction and Extraction Occupations,2043779.9709,102874.83075,52.756323461538464,38740.0,1950.0,175082.9119,8812.89825,8.566622356265698,8.5666223562657,0.050335570469798654,4.724144932524888
47-2051.00,Cement Masons and Concrete Finishers,Construction and Extraction Occupations,7562715.1595653845,210044.7128076923,36.84994961538462,205230.0,5700.0,767124.0862499999,21305.8875,10.143500979006662,10.143500979006664,0.027773717292793456,2.606647040681764
47-2053.00,Terrazzo Workers and Finishers,Construction and Extraction Occupations,46764.425153846154,516.021243076923,32.25132769230769,1450.0,16.0,864.1737884615385,9.53571076923077,1.8479298860588351,1.8479298860588351,0.01103448275862069,1.035619450035801
47-2061.00,Construction Laborers,Construction and Extraction Occupations,49743555.551053844,1045514.8534499999,47.03170730769231,1057660.0,22230.0,0.0,0.0,0.0,0.0,,
47-2071.00,"Paving, Surfacing, and Tamping Equipment Operators",Construction and Extraction Occupations,2486537.126,29394.2655,54.433825,45680.0,540.0,0.0,0.0,0.0,0.0,,
47-2072.00,Pile Driver Operators,Construction and Extraction Occupations,63741.94363076922,691.9355723076923,20.967744615384614,3040.0,33.0,0.0,0.0,0.0,0.0,,
47-2073.00,Operating Engineers and Other Construction Equipment Operators,Construction and Extraction Occupations,26309389.178419232,354327.65701538464,56.06450269230769,469270.0,6320.0,941522.3913384615,12680.166030769231,3.5786554562458743,3.5786554562458743,0.013467726468770643,1.2639867027681397
47-2081.00,Drywall and Ceiling Tile Installers,Construction and Extraction Occupations,3987861.870269231,88031.20895769232,48.10448576923077,82900.0,1830.0,560046.860423077,12362.916219230772,14.04378784025603,14.04378784025603,0.02207478890229192,2.0717854423024713
47-2082.00,Tapers,Construction and Extraction Occupations,538785.7211538461,17241.143076923076,43.102857692307694,12500.0,400.0,17901.884615384613,572.8603076923076,3.3226353098308756,3.3226353098308756,0.032,3.0032964051038222
47-2111.00,Electricians,Construction and Extraction Occupations,37731727.338130765,577220.531876923,50.81166653846154,742580.0,11360.0,6499731.909292308,99432.99643076923,17.226171097456852,17.226171097456852,0.015298015028683777,1.4357647981521948
47-2121.00,Glaziers,Construction and Extraction Occupations,1609170.135,20890.9807,28.231055,57000.0,740.0,216291.4326923077,2807.9940384615384,13.441178654008992,13.441178654008992,0.012982456140350877,1.2184426204916823
47-2131.00,"Insulation Workers, Floor, Ceiling, and Wall",Construction and Extraction Occupations,982334.4943499999,8904.871096153845,25.442488846153847,38610.0,350.0,0.0,0.0,0.0,0.0,,
47-2132.00,"Insulation Workers, Mechanical",Construction and Extraction Occupations,925927.0146923077,12639.409326923078,36.11259807692308,25640.0,350.0,0.0,0.0,0.0,0.0,,
47-2141.00,"Painters, Construction and Maintenance",Construction and Extraction Occupations,5070780.792084616,75774.44755769231,22.619238076923075,224180.0,3350.0,568311.1303692308,8492.471615384615,11.207566520255671,11.207566520255671,0.014943349094477651,1.402478331739256
47-2142.00,Paperhangers,Construction and Extraction Occupations,80791.51236923077,903.5892830769232,53.15231076923077,1520.0,17.0,0.0,0.0,0.0,0.0,,
47-2151.00,Pipelayers,Construction and Extraction Occupations,1206918.9409153846,25518.536273076923,35.941600384615384,33580.0,710.0,0.0,0.0,0.0,0.0,,
47-2152.00,"Plumbers, Pipefitters, and Steamfitters",Construction and Extraction Occupations,21044260.370907694,312474.5420692308,46.155766923076925,455940.0,6770.0,3142267.2832153845,46657.78283846154,14.93170692546345,14.93170692546345,0.014848444970829497,1.3935712938210674
47-2152.04,Solar Thermal Installers and Technicians,Construction and Extraction Occupations,8654437.034584615,128504.93206153846,18.981526153846154,455940.0,6770.0,0.0,0.0,0.0,0.0,,
47-2161.00,Plasterers and Stucco Masons,Construction and Extraction Occupations,317491.2335076923,18246.622615384615,15.205518846153847,20880.0,1200.0,0.0,0.0,0.0,0.0,,
47-2171.00,Reinforcing Iron and Rebar Workers,Construction and Extraction Occupations,371916.15353846154,7364.676307692307,26.302415384615387,14140.0,280.0,0.0,0.0,0.0,0.0,,
47-2181.00,Roofers,Construction and Extraction Occupations,3311164.411823077,71192.2142076923,24.215038846153845,136740.0,2940.0,0.0,0.0,0.0,0.0,,
47-2211.00,Sheet Metal Workers,Construction and Extraction Occupations,3517478.9841730767,55994.60032692308,29.943636538461536,117470.0,1870.0,788254.3325615386,12548.187638461539,22.40963872444711,22.409638724447102,0.015918958031837915,1.4940421696880446
47-2221.00,Structural Iron and Steel Workers,Construction and Extraction Occupations,3669836.630092308,68043.94246153846,56.703285384615384,64720.0,1200.0,0.0,0.0,0.0,0.0,,
47-2231.00,Solar Photovoltaic Installers,Construction and Extraction Occupations,1161272.5495538462,22174.228315384615,41.06338576923077,28280.0,540.0,360022.9125230769,6874.553492307692,31.00244750135491,31.00244750135492,0.019094766619519095,1.7921013732718176
47-3011.00,"Helpers--Brickmasons, Blockmasons, Stonemasons, and Tile and Marble Setters",Construction and Extraction Occupations,857437.0213153847,20806.262330769234,54.753321923076925,15660.0,380.0,58254.47120769231,1413.5823153846154,6.794023322940356,6.7940233229403555,0.024265644955300127,2.2774038831805803
47-3012.00,Helpers--Carpenters,Construction and Extraction Occupations,839415.277376923,21147.39829230769,34.10870692307692,24610.0,620.0,0.0,0.0,0.0,0.0,,
47-3013.00,Helpers--Electricians,Construction and Extraction Occupations,3448048.1341846157,16587.44446923077,53.507885384615385,64440.0,310.0,0.0,0.0,0.0,0.0,,
47-3014.00,"Helpers--Painters, Paperhangers, Plasterers, and Stucco Masons",Construction and Extraction Occupations,143089.16734615384,2972.7666346153846,19.81844423076923,7220.0,150.0,0.0,0.0,0.0,0.0,,
47-3015.00,"Helpers--Pipelayers, Plumbers, Pipefitters, and Steamfitters",Construction and Extraction Occupations,1232517.5040307692,6778.281415384616,28.24283923076923,43640.0,240.0,0.0,0.0,0.0,0.0,,
47-3016.00,Helpers--Roofers,Construction and Extraction Occupations,197015.98378846154,2172.129801923077,38.10754038461538,5170.0,57.0,0.0,0.0,0.0,0.0,,
47-4011.00,Construction and Building Inspectors,Construction and Extraction Occupations,3201034.0983653846,29395.109423076923,23.329451923076924,137210.0,1260.0,455093.9589269231,4179.129715384615,14.217091881630312,14.217091881630308,0.009183004154216164,0.8618526051378398
47-4011.01,Energy Auditors,Construction and Extraction Occupations,2540406.314392308,23328.56173846154,18.51473153846154,137210.0,1260.0,174945.17756153847,1606.5222923076924,6.8865038073008895,6.8865038073008895,0.009183004154216166,0.8618526051378399
47-4021.00,Elevator and Escalator Installers and Repairers,Construction and Extraction Occupations,684034.0786384615,6740.695719230769,29.30737269230769,23340.0,230.0,0.0,0.0,0.0,0.0,,
47-4031.00,Fence Erectors,Construction and Extraction Occupations,862436.2827076924,9485.27537076923,38.09347538461539,22640.0,249.0,0.0,0.0,0.0,0.0,,
47-4041.00,Hazardous Materials Removal Workers,Construction and Extraction Occupations,1441134.0961,6269.517523076923,28.497806923076922,50570.0,220.0,95905.26590000001,417.22678461538464,6.654846773769287,6.654846773769287,0.004350405378683014,0.4082986510794696
47-4051.00,Highway Maintenance Workers,Construction and Extraction Occupations,2088216.6333653845,16513.080461538462,13.760900384615384,151750.0,1200.0,0.0,0.0,0.0,0.0,,
47-4061.00,Rail-Track Laying and Maintenance Equipment Operators,Construction and Extraction Occupations,405040.1156923077,2703.5444615384613,24.577676923076922,16480.0,110.0,0.0,0.0,0.0,0.0,,
47-4071.00,Septic Tank Servicers and Sewer Pipe Cleaners,Construction and Extraction Occupations,1180427.4764423077,11377.614230769232,40.63433653846154,29050.0,280.0,12933.384019230767,124.65912307692307,1.095652573100951,1.095652573100951,0.00963855421686747,0.9046073509348863
47-4091.00,Segmental Pavers,Construction and Extraction Occupations,310780.35569807695,3429.4283211538464,18.537450384615386,16765.0,185.0,0.0,0.0,0.0,0.0,,
47-4099.03,Weatherization Installers and Technicians,Construction and Extraction Occupations,325117.2549557692,3587.6344865384613,19.392618846153844,16765.0,185.0,20223.696876923077,223.16635384615384,6.220431726908626,6.220431726908626,0.011034894124664478,1.0356580579783161
47-5011.00,"Derrick Operators, Oil and Gas",Construction and Extraction Occupations,367819.97723076923,4064.677284615385,33.317026923076924,11040.0,122.0,0.0,0.0,0.0,0.0,,
47-5012.00,"Rotary Drill Operators, Oil and Gas",Construction and Extraction Occupations,831995.9040884615,12711.931307692308,63.55965653846154,13090.0,200.0,0.0,0.0,0.0,0.0,,
47-5013.00,"Service Unit Operators, Oil and Gas",Construction and Extraction Occupations,661144.4955846153,19480.6855,14.98514269230769,44120.0,1300.0,24631.720861538462,725.776,3.7256183823716067,3.725618382371606,0.029465095194922936,2.7653879523423113
47-5022.00,"Excavating and Loading Machine and Dragline Operators, Surface Mining",Construction and Extraction Occupations,1610321.7649115385,30596.58425,47.071668076923075,34210.0,650.0,122820.50516153846,2333.6255,7.627078503052183,7.627078503052183,0.01900029231218942,1.7832346749100085
47-5023.00,"Earth Drillers, Except Oil and Gas",Construction and Extraction Occupations,1223958.998523077,35151.03384615385,70.30206769230769,17410.0,500.0,0.0,0.0,0.0,0.0,,
47-5032.00,"Explosives Workers, Ordnance Handling Experts, and Blasters",Construction and Extraction Occupations,251987.79307692306,2794.9350288461537,44.364048076923076,5680.0,63.0,0.0,0.0,0.0,0.0,,
47-5041.00,Continuous Mining Machine Operators,Construction and Extraction Occupations,1353177.1126153846,132109.34153846154,94.36381538461538,14340.0,1400.0,0.0,0.0,0.0,0.0,,
47-5043.00,"Roof Bolters, Mining",Construction and Extraction Occupations,240507.62536153846,2696.2738269230767,107.85095307692308,2230.0,25.0,0.0,0.0,0.0,0.0,,
47-5044.00,"Loading and Moving Machine Operators, Underground Mining",Construction and Extraction Occupations,864376.6587307692,9588.517584615385,141.00761153846153,6130.0,68.0,61410.641784615385,681.2273476923077,7.104615929216479,7.104615929216478,0.011092985318107668,1.0411100914919451
47-5051.00,"Rock Splitters, Quarry",Construction and Extraction Occupations,66773.93089230769,737.1148215384616,21.679847692307693,3080.0,34.0,0.0,0.0,0.0,0.0,,
47-5071.00,"Roustabouts, Oil and Gas",Construction and Extraction Occupations,386379.70456153847,4091.380061538461,8.523708461538462,45330.0,480.0,0.0,0.0,0.0,0.0,,
47-5081.00,Helpers--Extraction Workers,Construction and Extraction Occupations,155266.09107692307,5083.116076923077,23.105073076923077,6720.0,220.0,0.0,0.0,0.0,0.0,,
49-1011.00,"First-Line Supervisors of Mechanics, Installers, and Repairers","Installation, Maintenance, and Repair Occupations",17087454.08903077,182344.31096538462,28.446850384615384,600680.0,6410.0,5243237.993984615,55951.847142307684,30.684723228315757,30.684723228315754,0.01067123926216954,1.001527953564892
49-2011.00,"Computer, Automated Teller, and Office Machine Repairers","Installation, Maintenance, and Repair Occupations",4512823.693430769,50066.938661538465,61.81103538461539,73010.0,810.0,1177959.4302807692,13068.718511538462,26.102491705924656,26.102491705924653,0.011094370634159705,1.0412401075769142
49-2021.00,"Radio, Cellular, and Tower Equipment Installers and Repairers","Installation, Maintenance, and Repair Occupations",107589.75807692307,377.5079230769231,9.437698076923077,11400.0,40.0,0.0,0.0,0.0,0.0,,
49-2022.00,"Telecommunications Equipment Installers and Repairers, Except Line Installers","Installation, Maintenance, and Repair Occupations",8730161.58833077,127074.93636923078,56.72988230769231,153890.0,2240.0,588680.5072076924,8568.746092307692,6.743065420399047,6.743065420399047,0.014555851582299044,1.3661105228232344
49-2091.00,Avionics Technicians,"Installation, Maintenance, and Repair Occupations",745593.2397692308,7848.349892307693,35.674317692307696,20900.0,220.0,226499.41726923076,2384.204392307692,30.378416164198963,30.378416164198963,0.010526315789473684,0.98792644904731
49-2092.00,"Electric Motor, Power Tool, and Related Repairers","Installation, Maintenance, and Repair Occupations",1089172.2933461538,3943.894846153846,65.73158076923077,16570.0,60.0,157523.6928269231,570.3935769230769,14.462697388581102,14.4626973885811,0.0036210018105009047,0.33984192876099373
49-2093.00,"Electrical and Electronics Installers and Repairers, Transportation Equipment","Installation, Maintenance, and Repair Occupations",182951.07841923076,2027.228091923077,25.02750730769231,7310.0,81.0,15354.379469230767,170.1374469230769,8.392614901152069,8.392614901152069,0.011080711354309165,1.039958143012182
49-2094.00,"Electrical and Electronics Repairers, Commercial and Industrial Equipment","Installation, Maintenance, and Repair Occupations",1452773.307676923,18889.2012,24.216924615384617,59990.0,780.0,317360.4593115385,4126.3737,21.845146633304964,21.84514663330496,0.013002167027837972,1.2202925466645385
49-2095.00,"Electrical and Electronics Repairers, Powerhouse, Substation, and Relay","Installation, Maintenance, and Repair Occupations",308833.5832615385,1072.3388307692308,13.404235384615385,23040.0,80.0,76220.07729230769,264.65304615384616,24.67998346791192,24.679983467911924,0.0034722222222222225,0.3258785161788002
49-2096.00,"Electronic Equipment Installers and Repairers, Motor Vehicles","Installation, Maintenance, and Repair Occupations",314098.0284,3469.3273353846153,30.976136923076922,10140.0,112.0,16194.001199999999,178.8686523076923,5.155715647911402,5.155715647911402,0.011045364891518738,1.0366407709924437
49-2097.00,Audiovisual Equipment Installers and Repairers,"Installation, Maintenance, and Repair Occupations",701724.8058923077,12027.759415384615,31.65199846153846,22170.0,380.0,309658.64788846154,5307.635823076923,44.12821739922705,44.12821739922705,0.017140279657194408,1.608666883653942
49-2098.00,Security and Fire Alarm Systems Installers,"Installation, Maintenance, and Repair Occupations",1460720.646,14874.225692307691,17.920753846153847,81510.0,830.0,173744.9604,1769.210123076923,11.894468725130897,11.894468725130897,0.010182799656483867,0.9556864250690761
49-3011.00,Aircraft Mechanics and Service Technicians,"Installation, Maintenance, and Repair Occupations",5847270.848253846,86172.11236153846,42.87169769230769,136390.0,2010.0,555945.8362115384,8193.057634615385,9.507783214412907,9.507783214412909,0.014737150817508617,1.3831260022405152
49-3021.00,Automotive Body and Related Repairers,"Installation, Maintenance, and Repair Occupations",7878710.1318,82736.10046923076,50.75834384615384,155220.0,1630.0,0.0,0.0,0.0,0.0,,
49-3022.00,Automotive Glass Installers and Repairers,"Installation, Maintenance, and Repair Occupations",1055640.386346154,5573.602884615385,55.73602884615385,18940.0,100.0,0.0,0.0,0.0,0.0,,
49-3023.00,Automotive Service Technicians and Mechanics,"Installation, Maintenance, and Repair Occupations",38230869.30709231,494508.22473461536,55.50036192307692,688840.0,8910.0,5837017.944292307,75500.59503461537,15.26781381141513,15.26781381141513,0.012934788920504035,1.2139689083039538
49-3031.00,Bus and Truck Mechanics and Diesel Engine Specialists,"Installation, Maintenance, and Repair Occupations",8010950.091315385,81718.77508461538,27.890366923076922,287230.0,2930.0,205012.62196153845,2091.310038461538,2.559154902035792,2.559154902035792,0.010200884308742122,0.9573837241664127
49-3041.00,Farm Equipment Mechanics and Service Technicians,"Installation, Maintenance, and Repair Occupations",893917.5254153846,4362.938030769231,24.238544615384615,36880.0,180.0,0.0,0.0,0.0,0.0,,
49-3042.00,"Mobile Heavy Equipment Mechanics, Except Engines","Installation, Maintenance, and Repair Occupations",5722558.273246154,66663.18507692308,31.74437384615385,180270.0,2100.0,161865.7503576923,1885.605346153846,2.8285557372904306,2.8285557372904306,0.011649192877350641,1.0933118465908822
49-3043.00,Rail Car Repairers,"Installation, Maintenance, and Repair Occupations",544791.2393076923,2381.6010461538463,29.770013076923075,18300.0,80.0,0.0,0.0,0.0,0.0,,
49-3051.00,Motorboat Mechanics and Service Technicians,"Installation, Maintenance, and Repair Occupations",639305.8465384615,1581.7876615384616,26.363127692307692,24250.0,60.0,0.0,0.0,0.0,0.0,,
49-3052.00,Motorcycle Mechanics,"Installation, Maintenance, and Repair Occupations",416697.67336153844,7138.289907692308,29.742874615384615,14010.0,240.0,45402.648853846156,777.7755692307693,10.89582490047972,10.89582490047972,0.017130620985010708,1.6077603881712113
49-3053.00,Outdoor Power Equipment and Other Small Engine Mechanics,"Installation, Maintenance, and Repair Occupations",947052.3380923077,9957.325984615383,27.659238846153844,34240.0,360.0,0.0,0.0,0.0,0.0,,
49-3091.00,Bicycle Repairers,"Installation, Maintenance, and Repair Occupations",367066.65548076923,12536.827788461538,29.155413461538462,12590.0,430.0,0.0,0.0,0.0,0.0,,
49-3092.00,Recreational Vehicle Service Technicians,"Installation, Maintenance, and Repair Occupations",571291.650926923,8244.187373076922,30.534027307692305,18710.0,270.0,63285.380438461536,913.2577615384615,11.077595889206632,11.077595889206634,0.014430785676109033,1.3543727107463122
49-3093.00,Tire Repairers and Changers,"Installation, Maintenance, and Repair Occupations",11285527.98966923,207462.34158461538,105.84813346153847,106620.0,1960.0,0.0,0.0,0.0,0.0,,
49-9011.00,Mechanical Door Repairers,"Installation, Maintenance, and Repair Occupations",725280.0868615385,3630.2900307692307,25.930643076923076,27970.0,140.0,0.0,0.0,0.0,0.0,,
49-9012.00,"Control and Valve Installers and Repairers, Except Mechanical Door","Installation, Maintenance, and Repair Occupations",1019441.3067692308,7387.2558461538465,21.727223076923075,46920.0,340.0,52473.36096923077,380.2417461538462,5.147266509685298,5.147266509685297,0.007246376811594203,0.6800942946340177
49-9021.00,"Heating, Air Conditioning, and Refrigeration Mechanics and Installers","Installation, Maintenance, and Repair Occupations",15469515.745430768,209316.14773846153,38.97879846153846,396870.0,5370.0,1502767.9458576923,20333.771434615384,9.714382599866225,9.714382599866225,0.01353087912918588,1.2699137702055716
49-9031.00,Home Appliance Repairers,"Installation, Maintenance, and Repair Occupations",1962645.0292230768,15361.96798076923,61.447871923076924,31940.0,250.0,206136.77978461536,1613.468846153846,10.503008782297005,10.503008782297005,0.007827175954915467,0.7346040439847719
49-9041.00,Industrial Machinery Mechanics,"Installation, Maintenance, and Repair Occupations",8708288.8586,80903.6648,20.63869,421940.0,3920.0,1481838.8366692308,13766.905815384614,17.01641804412378,17.016418044123775,0.009290420438924965,0.8719339470664507
49-9043.00,"Maintenance Workers, Machinery","Installation, Maintenance, and Repair Occupations",1812666.0066307692,47128.033776923075,32.059886923076924,56540.0,1470.0,0.0,0.0,0.0,0.0,,
49-9044.00,Millwrights,"Installation, Maintenance, and Repair Occupations",1492237.3413307692,8808.090553846154,36.70037730769231,40660.0,240.0,46438.583561538464,274.1087076923077,3.1120105545760426,3.112010554576042,0.005902606984751598,0.5539774480639121
49-9045.00,"Refractory Materials Repairers, Except Brickmasons","Installation, Maintenance, and Repair Occupations",14785.802730769232,161.29966615384618,13.441638846153847,1100.0,12.0,0.0,0.0,0.0,0.0,,
49-9051.00,Electrical Power-Line Installers and Repairers,"Installation, Maintenance, and Repair Occupations",6774723.745846154,48750.84196153846,54.77622692307692,123680.0,890.0,181672.9336,1307.3165499999998,2.6816286599345207,2.6816286599345203,0.007195989650711513,0.6753653077858187
49-9052.00,Telecommunications Line Installers and Repairers,"Installation, Maintenance, and Repair Occupations",4834759.029092307,32932.986473076926,49.15371115384615,98360.0,670.0,304407.28964615386,2073.5348115384613,6.2962246476905435,6.296224647690542,0.00681171207808052,0.6392996998969223
49-9061.00,Camera and Photographic Equipment Repairers,"Installation, Maintenance, and Repair Occupations",78452.70426923077,858.6863153846153,39.03119615384615,2010.0,22.0,19036.420096153848,208.35882692307695,24.264836086243047,24.26483608624305,0.010945273631840797,1.027246904730785
49-9062.00,Medical Equipment Repairers,"Installation, Maintenance, and Repair Occupations",1680269.118042308,12153.845338461539,27.62237576923077,60830.0,440.0,281358.683523077,2035.1441846153853,16.744858338579107,16.744858338579107,0.007233273056057867,0.678864467699779
49-9063.00,Musical Instrument Repairers and Tuners,"Installation, Maintenance, and Repair Occupations",287549.2974346154,5018.312346153846,50.18312346153846,5730.0,100.0,18041.16285,314.8545,6.274111260557786,6.274111260557784,0.01745200698080279,1.6379234321028697
49-9064.00,Watch and Clock Repairers,"Installation, Maintenance, and Repair Occupations",63475.560000000005,683.5829538461538,48.82735384615385,1300.0,14.0,4607.943,49.62400153846154,7.259397160103825,7.259397160103827,0.010769230769230769,1.0107247517176325
49-9071.00,"Maintenance and Repair Workers, General","Installation, Maintenance, and Repair Occupations",43127326.367,444591.2929,28.15651,1531700.0,15790.0,5788263.666000001,59670.09420000002,13.421336664238575,13.421336664238575,0.010308807207677746,0.9675126133664671
49-9081.00,Wind Turbine Service Technicians,"Installation, Maintenance, and Repair Occupations",230967.3982846154,2552.580872307692,20.585329615384616,11220.0,124.0,0.0,0.0,0.0,0.0,,
49-9091.00,"Coin, Vending, and Amusement Machine Servicers and Repairers","Installation, Maintenance, and Repair Occupations",1063696.5633461538,9033.516461538462,37.639651923076926,28260.0,240.0,0.0,0.0,0.0,0.0,,
49-9092.00,Commercial Divers,"Installation, Maintenance, and Repair Occupations",66020.34713076922,731.4207553846153,19.247914615384616,3430.0,38.0,1297.7391807692309,14.377285384615385,1.9656654912745997,1.9656654912745997,0.011078717201166181,1.0397709857320085
49-9094.00,Locksmiths and Safe Repairers,"Installation, Maintenance, and Repair Occupations",395909.2917692308,3819.060692307692,25.460404615384615,15550.0,150.0,0.0,0.0,0.0,0.0,,
49-9095.00,Manufactured Building and Mobile Home Installers,"Installation, Maintenance, and Repair Occupations",33832.96622307692,375.9218469230769,12.962822307692306,2610.0,29.0,0.0,0.0,0.0,0.0,,
49-9096.00,Riggers,"Installation, Maintenance, and Repair Occupations",1060446.169646154,21042.338215384614,43.83820461538461,24190.0,480.0,0.0,0.0,0.0,0.0,,
49-9097.00,Signal and Track Switch Repairers,"Installation, Maintenance, and Repair Occupations",92194.64023461539,1010.6598807692308,11.229554230769232,8210.0,90.0,0.0,0.0,0.0,0.0,,
49-9098.00,"Helpers--Installation, Maintenance, and Repair Workers","Installation, Maintenance, and Repair Occupations",3486857.5565307694,26453.50206923077,35.74797576923077,97540.0,740.0,470515.0651615384,3569.6242384615384,13.493957167257353,13.493957167257356,0.007586631125692024,0.7120281870824882
49-9099.01,Geothermal Technicians,"Installation, Maintenance, and Repair Occupations",8236785.85155,95959.07083846154,44.840687307692306,183690.0,2140.0,276465.31919999997,3220.8382769230766,3.3564708878278617,3.3564708878278617,0.011650062605476618,1.0933934731956998
51-1011.00,First-Line Supervisors of Production and Operating Workers,Production Occupations,25538464.113946155,332491.3154923077,37.27481115384615,685140.0,8920.0,622013.8355538462,8098.145507692308,2.4355960984128804,2.4355960984128804,0.013019236944274162,1.2218946097479209
51-2011.00,"Aircraft Structure, Surfaces, Rigging, and Systems Assemblers",Production Occupations,1336626.26075,9753.429692307693,40.639290384615386,32890.0,240.0,139289.94695,1016.4058153846154,10.421009300822988,10.421009300822986,0.007297050775311644,0.6848501987922975
51-2021.00,"Coil Winders, Tapers, and Finishers",Production Occupations,421844.70326153847,4644.797883076923,34.66267076923077,12170.0,134.0,0.0,0.0,0.0,0.0,,
51-2022.00,Electrical and Electronic Equipment Assemblers,Production Occupations,4016720.0578846154,44223.60283269231,44.09132884615384,91100.0,1003.0,747214.0780384616,8226.736775769232,18.602592843674,18.602592843674,0.01100987925356751,1.0333103369645766
51-2023.00,Electromechanical Equipment Assemblers,Production Occupations,2965947.3250769232,32654.72192153846,32.55705076923077,91100.0,1003.0,166212.65076923074,1829.981215384615,5.604032457485398,5.604032457485399,0.01100987925356751,1.0333103369645766
51-2031.00,Engine and Other Machine Assemblers,Production Occupations,1657448.8926384614,6039.6367769230765,43.140262692307694,38420.0,140.0,326402.2967,1189.3889,19.6930534720987,19.6930534720987,0.0036439354502863087,0.3419943199461015
51-2041.00,Structural Metal Fabricators and Fitters,Production Occupations,3475440.012992308,57945.702726923075,65.10753115384615,53380.0,890.0,0.0,0.0,0.0,0.0,,
51-2051.00,Fiberglass Laminators and Fabricators,Production Occupations,964792.4193846154,5730.408538461538,52.09462307692308,18520.0,110.0,0.0,0.0,0.0,0.0,,
51-2061.00,Timing Device Assemblers and Adjusters,Production Occupations,17710.874,231.0114,77.0038,230.0,3.0,1587.7259153846153,20.70946846153846,8.964695448596242,8.964695448596242,0.013043478260869565,1.2241697303412318
51-2092.00,Team Assemblers,Production Occupations,22722879.70657692,250297.71047346154,31.174207307692306,728900.0,8029.0,0.0,0.0,0.0,0.0,,
51-3011.00,Bakers,Production Occupations,14606320.141353846,250062.9219076923,62.98814153846154,231890.0,3970.0,5743102.52555,98322.98515,39.31929787907331,39.319297879073304,0.017120186295226183,1.6067810610987663
51-3021.00,Butchers and Meat Cutters,Production Occupations,4600621.333938462,45336.028569230766,32.85219461538461,140040.0,1380.0,0.0,0.0,0.0,0.0,,
51-3022.00,"Meat, Poultry, and Fish Cutters and Trimmers",Production Occupations,6610284.646846154,65592.16461538462,46.85154615384616,141090.0,1400.0,0.0,0.0,0.0,0.0,,
51-3023.00,Slaughterers and Meat Packers,Production Occupations,3007995.2826923076,34759.0566,44.56289307692308,67500.0,780.0,0.0,0.0,0.0,0.0,,
51-3091.00,"Food and Tobacco Roasting, Baking, and Drying Machine Operators and Tenders",Production Occupations,2122325.355,16325.579653846155,108.8371976923077,19500.0,150.0,0.0,0.0,0.0,0.0,,
51-3092.00,Food Batchmakers,Production Occupations,27201661.79016923,495987.4251615385,158.46243615384617,171660.0,3130.0,5277714.099576923,96232.34959615386,19.40217527990994,19.402175279909944,0.018233717814284053,1.7112893488536507
51-3093.00,Food Cooking Machine Operators and Tenders,Production Occupations,2008503.6442615385,37759.287599999996,72.61401461538462,27660.0,520.0,172263.714,3238.508,8.576719016277204,8.576719016277204,0.0187997107736804,1.7644094932370609
51-4021.00,"Extruding and Drawing Machine Setters, Operators, and Tenders, Metal and Plastic",Production Occupations,4114219.763769231,45713.552930769234,62.62130538461538,65700.0,730.0,0.0,0.0,0.0,0.0,,
51-4022.00,"Forging Machine Setters, Operators, and Tenders, Metal and Plastic",Production Occupations,424521.26764615386,4652.287864615385,48.461331923076926,8760.0,96.0,0.0,0.0,0.0,0.0,,
51-4023.00,"Rolling Machine Setters, Operators, and Tenders, Metal and Plastic",Production Occupations,2165090.7988846153,8718.48643846154,96.87207153846154,22350.0,90.0,0.0,0.0,0.0,0.0,,
51-4031.00,"Cutting, Punching, and Press Machine Setters, Operators, and Tenders, Metal and Plastic",Production Occupations,15279083.34265,98981.62115,87.59435500000001,174430.0,1130.0,0.0,0.0,0.0,0.0,,
51-4032.00,"Drilling and Boring Machine Tool Setters, Operators, and Tenders, Metal and Plastic",Production Occupations,377547.84581538464,4123.8747753846155,71.10128923076923,5310.0,58.0,27289.11728076923,298.0732207692308,7.227989136537998,7.227989136537998,0.010922787193973636,1.0251364847929714
51-4033.00,"Grinding, Lapping, Polishing, and Buffing Machine Tool Setters, Operators, and Tenders, Metal and Plastic",Production Occupations,5344077.448557693,37349.84951923077,76.22418269230769,70110.0,490.0,0.0,0.0,0.0,0.0,,
51-4034.00,"Lathe and Turning Machine Tool Setters, Operators, and Tenders, Metal and Plastic",Production Occupations,1025834.3861230769,2703.8333846153846,54.07666769230769,18970.0,50.0,0.0,0.0,0.0,0.0,,
51-4035.00,"Milling and Planing Machine Setters, Operators, and Tenders, Metal and Plastic",Production Occupations,1002449.474273077,6532.979919230769,72.58866576923077,13810.0,90.0,0.0,0.0,0.0,0.0,,
51-4041.00,Machinists,Production Occupations,27890362.933269233,343507.2646153846,93.34436538461539,298790.0,3680.0,3535553.2252730764,43545.08473846153,12.676612469089331,12.676612469089331,0.012316342581746378,1.1559258562433132
51-4051.00,Metal-Refining Furnace Operators and Tenders,Production Occupations,1388530.8445423075,35515.7914,68.29959884615384,20330.0,520.0,0.0,0.0,0.0,0.0,,
51-4052.00,"Pourers and Casters, Metal",Production Occupations,248742.1925153846,1706.6359692307692,42.66589923076923,5830.0,40.0,0.0,0.0,0.0,0.0,,
51-4061.00,"Model Makers, Metal and Plastic",Production Occupations,146181.22062307692,3168.014069230769,45.257343846153844,3230.0,70.0,0.0,0.0,0.0,0.0,,
51-4062.00,"Patternmakers, Metal and Plastic",Production Occupations,59666.48832692307,646.0702557692307,38.00413269230769,1570.0,17.0,6362.951553846153,68.89820153846152,10.664196489966754,10.664196489966752,0.010828025477707006,1.016242812236564
51-4071.00,Foundry Mold and Coremakers,Production Occupations,872549.4271384615,6173.698776923076,68.59665307692308,12720.0,90.0,0.0,0.0,0.0,0.0,,
51-4072.00,"Molding, Coremaking, and Casting Machine Setters, Operators, and Tenders, Metal and Plastic",Production Occupations,11377993.80683077,207981.6720923077,73.49175692307692,154820.0,2830.0,432139.77680000005,7899.2092,3.798031394080785,3.7980313940807844,0.01827929208112647,1.7155666310965592
51-4081.00,"Multiple Machine Tool Setters, Operators, and Tenders, Metal and Plastic",Production Occupations,8397106.388596155,97001.61403846154,64.6677426923077,129850.0,1500.0,0.0,0.0,0.0,0.0,,
51-4111.00,Tool and Die Makers,Production Occupations,1991305.6082153847,5056.825415384616,36.12018153846154,55130.0,140.0,0.0,0.0,0.0,0.0,,
51-4121.00,"Welders, Cutters, Solderers, and Brazers",Production Occupations,35776332.921215385,356885.87929615384,84.37018423076923,424040.0,4230.0,1636088.862676923,16320.76193076923,4.573103862488717,4.573103862488717,0.009975474011885671,0.9362282887219637
51-4122.00,"Welding, Soldering, and Brazing Machine Setters, Operators, and Tenders",Production Occupations,3165948.532923077,7851.622153846154,87.24024615384616,36290.0,90.0,0.0,0.0,0.0,0.0,,
51-4191.00,"Heat Treating Equipment Setters, Operators, and Tenders, Metal and Plastic",Production Occupations,1324609.1980461539,9986.77256923077,90.78884153846154,14590.0,110.0,0.0,0.0,0.0,0.0,,
51-4192.00,"Layout Workers, Metal and Plastic",Production Occupations,256008.8178576923,2829.3309638461537,45.63437038461539,5610.0,62.0,17340.192819230768,191.6384946153846,6.773279516047633,6.773279516047633,0.01105169340463458,1.0372347210140207
51-4193.00,"Plating Machine Setters, Operators, and Tenders, Metal and Plastic",Production Occupations,4636232.321342308,26484.348392307693,147.13526884615385,31510.0,180.0,123645.91867692306,706.3238769230768,2.6669482913471514,2.6669482913471514,0.005712472231037766,0.5361327286165979
51-4194.00,"Tool Grinders, Filers, and Sharpeners",Production Occupations,344972.46598846157,3792.8909873076923,60.20461884615385,5730.0,63.0,0.0,0.0,0.0,0.0,,
51-5111.00,Prepress Technicians and Workers,Production Occupations,1390924.2395192308,16881.61192307692,60.29147115384615,23070.0,280.0,187905.3718269231,2280.6026923076925,13.509389403686868,13.509389403686868,0.01213697442566103,1.1390916144195251
51-5112.00,Printing Press Operators,Production Occupations,13499339.347765384,164660.12435769232,93.02831884615385,145110.0,1770.0,0.0,0.0,0.0,0.0,,
51-5113.00,Print Binding and Finishing Workers,Production Occupations,1925655.9627038462,42768.88757307692,52.80109576923077,36470.0,810.0,0.0,0.0,0.0,0.0,,
51-6011.00,Laundry and Dry-Cleaning Workers,Production Occupations,16240529.86633846,122203.0042153846,83.13129538461538,195360.0,1470.0,0.0,0.0,0.0,0.0,,
51-6021.00,"Pressers, Textile, Garment, and Related Materials",Production Occupations,3722999.515757692,33303.01467692308,138.76256115384615,26830.0,240.0,0.0,0.0,0.0,0.0,,
51-6031.00,Sewing Machine Operators,Production Occupations,12330838.89495,129395.60844230768,112.51792038461538,109590.0,1150.0,0.0,0.0,0.0,0.0,,
51-6041.00,Shoe and Leather Workers and Repairers,Production Occupations,795604.0941538461,7289.566307692308,104.13666153846154,7640.0,70.0,0.0,0.0,0.0,0.0,,
51-6042.00,Shoe Machine Operators and Tenders,Production Occupations,334881.80676923075,3686.7721846153845,102.41033846153846,3270.0,36.0,0.0,0.0,0.0,0.0,,
51-6051.00,"Sewers, Hand",Production Occupations,146506.1187692308,1635.1129326923078,65.40451730769232,2240.0,25.0,0.0,0.0,0.0,0.0,,
51-6052.00,"Tailors, Dressmakers, and Custom Sewers",Production Occupations,1318075.019273077,17800.89037692308,80.91313807692308,16290.0,220.0,87114.37759615385,1176.498653846154,6.609212398562696,6.609212398562696,0.013505217925107428,1.2675053888943388
51-6061.00,Textile Bleaching and Dyeing Machine Operators and Tenders,Production Occupations,503287.63384615385,5534.434461538462,86.47553846153846,5820.0,64.0,61548.30196153847,676.8198153846155,12.229249801188777,12.229249801188777,0.010996563573883162,1.032060620310592
51-6062.00,"Textile Cutting Machine Setters, Operators, and Tenders",Production Occupations,479232.5646769231,5295.091953461539,53.48577730769231,8960.0,99.0,36922.271507692305,407.9581338461538,7.704457966579051,7.704457966579051,0.011049107142857144,1.036991992554682
51-6063.00,"Textile Knitting and Weaving Machine Setters, Operators, and Tenders",Production Occupations,1196356.9397192309,13173.92363076923,82.33702269230768,14530.0,160.0,48175.49475769231,530.4940923076923,4.026849609699131,4.0268496096991315,0.011011699931176875,1.0334812130432973
51-6064.00,"Textile Winding, Twisting, and Drawing Out Machine Setters, Operators, and Tenders",Production Occupations,1769284.457,19496.484065,85.887595,20600.0,227.0,0.0,0.0,0.0,0.0,,
51-6091.00,"Extruding and Forming Machine Setters, Operators, and Tenders, Synthetic and Glass Fibers",Production Occupations,803260.9026153847,8841.260941538461,53.91012769230769,14900.0,164.0,0.0,0.0,0.0,0.0,,
51-6092.00,Fabric and Apparel Patternmakers,Production Occupations,117453.49,1314.164923076923,41.067653846153846,2860.0,32.0,0.0,0.0,0.0,0.0,,
51-6093.00,Upholsterers,Production Occupations,1450327.3004615386,8982.494,69.0961076923077,20990.0,130.0,54074.914311538465,334.90895,3.7284628300336187,3.7284628300336187,0.00619342544068604,0.581271636290342
51-7011.00,Cabinetmakers and Bench Carpenters,Production Occupations,4395318.787092308,112728.81978461538,55.259225384615384,79540.0,2040.0,639317.6178615384,16396.881323076923,14.545420908695327,14.54542090869533,0.025647472969575057,2.4070926052975694
51-7021.00,Furniture Finishers,Production Occupations,912994.7257038462,10265.576676923078,64.15985423076923,14230.0,160.0,0.0,0.0,0.0,0.0,,
51-7031.00,"Model Makers, Wood",Production Occupations,13926.532153846154,154.73924615384615,38.68481153846154,360.0,4.0,1155.6713076923077,12.840792307692308,8.298342293154011,8.298342293154011,0.011111111111111112,1.0428112517721606
51-7032.00,"Patternmakers, Wood",Production Occupations,8909.641176923076,98.99601307692308,49.49800653846154,180.0,2.0,858.7901769230768,9.542113076923076,9.63888623424516,9.63888623424516,0.011111111111111112,1.0428112517721606
51-7041.00,"Sawing Machine Setters, Operators, and Tenders, Wood",Production Occupations,3925008.0137538463,24565.418723076924,90.98303230769231,43140.0,270.0,175095.7857923077,1095.870703846154,4.46103002028899,4.46103002028899,0.0062586926286509045,0.5873971585086579
51-7042.00,"Woodworking Machine Setters, Operators, and Tenders, Except Sawing",Production Occupations,6385542.652326923,77614.33058076924,100.79783192307693,63350.0,770.0,0.0,0.0,0.0,0.0,,
51-8011.00,Nuclear Power Reactor Operators,Production Occupations,313129.7466,3448.8066496153847,54.74296269230769,5720.0,63.0,4026.9988,44.35330846153846,1.2860479860906322,1.2860479860906322,0.011013986013986014,1.0336957688021242
51-8012.00,Power Distributors and Dispatchers,Production Occupations,668161.4875615385,2911.3790307692307,72.78447576923077,9180.0,40.0,335188.4679,1460.5162,50.16578688533417,50.16578688533417,0.004357298474945534,0.40894558893025906
51-8013.00,Power Plant Operators,Production Occupations,2329510.4315076927,25782.342015384616,75.83041769230769,30720.0,340.0,119114.98043076922,1318.3298615384615,5.113305303109388,5.113305303109388,0.011067708333333334,1.0387377703199256
51-8013.03,Biomass Plant Technicians,Production Occupations,2538744.552369231,28098.08423846154,82.64142423076923,30720.0,340.0,0.0,0.0,0.0,0.0,,
51-8013.04,Hydroelectric Plant Technicians,Production Occupations,626707.2354461539,6936.2128923076925,20.400626153846154,30720.0,340.0,0.0,0.0,0.0,0.0,,
51-8021.00,Stationary Engineers and Boiler Operators,Production Occupations,1815840.2566384615,6489.357642307693,58.994160384615384,30780.0,110.0,136871.4503769231,489.14423461538473,7.537637183476904,7.537637183476903,0.0035737491877842757,0.33540712776297565
51-8031.00,Water and Wastewater Treatment Plant and System Operators,Production Occupations,3171588.9074999997,43789.19596153846,25.022397692307692,126750.0,1750.0,0.0,0.0,0.0,0.0,,
51-8091.00,Chemical Plant and System Operators,Production Occupations,1034096.0254153847,19128.45786923077,57.96502384615385,17840.0,330.0,186768.29113846156,3454.794623076923,18.061020113044034,18.061020113044034,0.01849775784753363,1.7360703014368366
51-8092.00,Gas Plant Operators,Production Occupations,658406.2102230769,6621.306953846154,41.38316846153846,15910.0,160.0,16174.09376153846,162.6558769230769,2.4565524307643543,2.4565524307643543,0.01005656819610308,0.9438392222199317
51-8093.00,"Petroleum Pump System Operators, Refinery Operators, and Gaugers",Production Occupations,1972452.542307692,37344.196153846155,56.582115384615385,34860.0,660.0,345343.72740000003,6538.349400000001,17.50834151862338,17.50834151862338,0.0189328743545611,1.776907296479241
51-8099.01,Biofuels Processing Technicians,Production Occupations,1243630.560826923,6237.645446153846,77.97056807692307,15950.0,80.0,92271.388,462.80320000000006,7.419517572698303,7.419517572698303,0.005015673981191223,0.47073611365263673
51-9011.00,Chemical Equipment Operators and Tenders,Production Occupations,13060689.821423076,153763.71346153846,102.50914230769231,127410.0,1500.0,915108.0648807692,10773.582115384615,7.006582940050714,7.006582940050714,0.01177301624676242,1.1049330428478272
51-9012.00,"Separating, Filtering, Clarifying, Precipitating, and Still Machine Setters, Operators, and Tenders",Production Occupations,4069499.1003076923,36790.67452307692,75.08300923076924,54200.0,490.0,0.0,0.0,0.0,0.0,,
51-9021.00,"Crushing, Grinding, and Polishing Machine Setters, Operators, and Tenders",Production Occupations,1812560.5812115385,15871.808942307693,63.48723576923077,28550.0,250.0,0.0,0.0,0.0,0.0,,
51-9022.00,"Grinding and Polishing Workers, Hand",Production Occupations,945992.0539615385,6386.4442461538465,79.83055307692308,11850.0,80.0,0.0,0.0,0.0,0.0,,
51-9023.00,"Mixing and Blending Machine Setters, Operators, and Tenders",Production Occupations,8208823.264184616,132689.22967692307,81.40443538461538,100840.0,1630.0,526252.1954,8506.456549999999,6.410811616520687,6.410811616520687,0.016164220547401825,1.5170607956661637
51-9031.00,"Cutters and Trimmers, Hand",Production Occupations,528295.438676923,5828.43624,74.72354153846155,7070.0,78.0,0.0,0.0,0.0,0.0,,
51-9032.00,"Cutting and Slicing Machine Setters, Operators, and Tenders",Production Occupations,5621717.998923076,73316.47369230769,118.25237692307692,47540.0,620.0,266866.10083846154,3480.374053846154,4.747055986970242,4.747055986970241,0.013041649137568364,1.2239980616088886
51-9041.00,"Extruding, Forming, Pressing, and Compacting Machine Setters, Operators, and Tenders",Production Occupations,5994482.306196154,82632.01922692308,104.5974926923077,57310.0,790.0,0.0,0.0,0.0,0.0,,
51-9051.00,"Furnace, Kiln, Oven, Drier, and Kettle Operators and Tenders",Production Occupations,1080851.6429538461,10701.501415384615,66.88438384615385,16160.0,160.0,96687.08246153848,957.2978461538463,8.945453623709499,8.945453623709499,0.009900990099009901,0.9292377491039054
51-9061.00,"Inspectors, Testers, Sorters, Samplers, and Weighers",Production Occupations,68537629.96816154,806897.9068615384,115.93360730769231,591180.0,6960.0,11033670.968423076,129900.11492307692,16.09870515445115,16.09870515445115,0.01177306404140871,1.1049375285193705
51-9071.00,Jewelers and Precious Stone and Metal Workers,Production Occupations,1485717.3654923076,30450.227815384616,63.43797461538461,23420.0,480.0,86043.87296923075,1763.4952615384614,5.791402521617511,5.791402521617511,0.02049530315969257,1.9235459469068035
51-9071.06,Gem and Diamond Workers,Production Occupations,965553.0222461538,19789.30190769231,41.22771230769231,23420.0,480.0,0.0,0.0,0.0,0.0,,
51-9081.00,Dental Laboratory Technicians,Production Occupations,2736965.3092923076,94405.93785,80.68883576923076,33920.0,1170.0,256054.80024615387,8832.0789,9.355427318600597,9.355427318600595,0.03449292452830188,3.237264882417703
51-9082.00,Medical Appliance Technicians,Production Occupations,457609.06141153845,8363.612088461537,39.82672423076923,11490.0,210.0,0.0,0.0,0.0,0.0,,
51-9083.00,Ophthalmic Laboratory Technicians,Production Occupations,2122233.1681384617,23328.710386153845,113.24616692307691,18740.0,206.0,140231.85966923076,1541.502833076923,6.607749882273141,6.607749882273143,0.010992529348986126,1.031681996150259
51-9111.00,Packaging and Filling Machine Operators and Tenders,Production Occupations,34366853.66357692,472716.5824615385,89.52965576923077,383860.0,5280.0,0.0,0.0,0.0,0.0,,
51-9123.00,"Painting, Coating, and Decorating Workers",Production Occupations,224983.7462653846,3984.3638653846156,26.562425769230767,8470.0,150.0,0.0,0.0,0.0,0.0,,
51-9124.00,"Coating, Painting, and Spraying Machine Setters, Operators, and Tenders",Production Occupations,13147922.649230769,146729.16812307693,82.43211692307692,159500.0,1780.0,663209.7725,7401.3379,5.044217175545991,5.044217175545992,0.011159874608150471,1.0473878528771168
51-9141.00,Semiconductor Processing Technicians,Production Occupations,3008713.8776153848,13101.708953846155,93.58363538461539,32150.0,140.0,0.0,0.0,0.0,0.0,,
51-9151.00,Photographic Process Workers and Processing Machine Operators,Production Occupations,497345.72907692305,9857.302738461538,89.61184307692308,5550.0,110.0,9514.954153846154,188.58467692307693,1.9131468508849916,1.9131468508849911,0.01981981981981982,1.8601498004584485
51-9161.00,Computer Numerically Controlled Tool Operators,Production Occupations,19552548.48244231,106077.68603076923,110.49758961538461,176950.0,960.0,4146502.766326923,22495.86129230769,21.206968339960273,21.206968339960273,0.005425261373269285,0.5091771243465084
51-9162.00,Computer Numerically Controlled Tool Programmers,Production Occupations,844453.4579076923,4487.000307692308,29.913335384615387,28230.0,150.0,280664.8206807693,1491.311480769231,33.23626874311987,33.23626874311987,0.005313496280552603,0.4986876336848801
51-9191.00,Adhesive Bonding Machine Operators and Tenders,Production Occupations,867845.9765384615,4991.718846153846,71.31026923076922,12170.0,70.0,0.0,0.0,0.0,0.0,,
51-9192.00,"Cleaning, Washing, and Metal Pickling Equipment Operators and Tenders",Production Occupations,405145.9454076923,5541.953176923077,29.168174615384615,13890.0,190.0,31196.544669230767,426.7345923076923,7.700075743776271,7.700075743776271,0.013678905687544998,1.2838065086611914
51-9193.00,Cooling and Freezing Equipment Operators and Tenders,Production Occupations,395275.6543038462,4378.62257423077,59.98113115384616,6590.0,73.0,0.0,0.0,0.0,0.0,,
51-9194.00,Etchers and Engravers,Production Occupations,1144383.631203846,10911.882061538461,136.39852576923076,8390.0,80.0,48074.66450384616,458.39966153846154,4.200922067827335,4.200922067827335,0.009535160905840286,0.8949035772061449
51-9195.00,"Molders, Shapers, and Casters, Except Metal and Plastic",Production Occupations,2615499.5277884617,38385.74846538462,75.26617346153846,34750.0,510.0,179981.39673076925,2641.453592307693,6.8813392936435624,6.881339293643564,0.014676258992805757,1.377411121045818
51-9195.03,"Stone Cutters and Carvers, Manufacturing",Production Occupations,1545986.6420192309,22689.300357692307,44.48882423076923,34750.0,510.0,0.0,0.0,0.0,0.0,,
51-9195.04,"Glass Blowers, Molders, Benders, and Finishers",Production Occupations,3154935.82,46302.6552,90.78952,34750.0,510.0,0.0,0.0,0.0,0.0,,
51-9195.05,"Potters, Manufacturing",Production Occupations,2156722.2758653844,31652.614696153847,62.06395038461538,34750.0,510.0,0.0,0.0,0.0,0.0,,
51-9196.00,"Paper Goods Machine Setters, Operators, and Tenders",Production Occupations,6154645.676846154,58404.06418461539,63.48267846153846,96950.0,920.0,0.0,0.0,0.0,0.0,,
51-9197.00,Tire Builders,Production Occupations,3167911.1067923075,34896.87485307692,151.06872230769233,20970.0,231.0,0.0,0.0,0.0,0.0,,
51-9198.00,Helpers--Production Workers,Production Occupations,15836644.606846156,121027.55446153847,94.55277692307693,167490.0,1280.0,949325.589692308,7254.980923076925,5.994486921061019,5.994486921061019,0.007642247298346169,0.7172479324386702
53-1041.00,Aircraft Cargo Handling Supervisors,Transportation and Material Moving Occupations,178738.66286153847,879.6194038461538,17.592388076923076,10160.0,50.0,0.0,0.0,0.0,0.0,,
53-1042.00,"First-Line Supervisors of Helpers, Laborers, and Material Movers, Hand",Transportation and Material Moving Occupations,6507501.0368,71661.99491538461,52.84807884615385,123136.0,1356.0,708958.3616000001,7807.201292307693,10.894479425985976,10.894479425985976,0.011012214137214137,1.033529472829022
53-1042.01,Recycling Coordinators,Transportation and Material Moving Occupations,3852470.02624,42424.22488615385,31.286301538461537,123136.0,1356.0,55871.586559999996,615.2698753846154,1.4502795915204176,1.4502795915204176,0.011012214137214137,1.033529472829022
53-1043.00,First-Line Supervisors of Material-Moving Machine and Vehicle Operators,Transportation and Material Moving Occupations,4035866.65344,44443.827816923076,32.77568423076923,123136.0,1356.0,1068486.5920000002,11766.403153846153,26.474774410330625,26.47477441033062,0.011012214137214135,1.0335294728290219
53-2011.00,"Airline Pilots, Copilots, and Flight Engineers",Transportation and Material Moving Occupations,8067072.610961539,144606.13542307692,81.23940192307693,99300.0,1780.0,76799.26926923078,1376.6636384615385,0.9520091484595778,0.9520091484595778,0.017925478348439074,1.682360146363546
53-2012.00,Commercial Pilots,Transportation and Material Moving Occupations,2811212.5928692305,36882.58852307692,54.23910076923077,51830.0,680.0,179582.2784423077,2356.0862307692305,6.388071784319208,6.388071784319206,0.01311981477908547,1.231334142551731
53-2021.00,Air Traffic Controllers,Transportation and Material Moving Occupations,3444597.9766153847,53821.843384615386,153.77669538461538,22400.0,350.0,283794.9304615385,4434.295788461539,8.238840421673578,8.238840421673578,0.015625,1.4664533228046008
53-2022.00,Airfield Operations Specialists,Transportation and Material Moving Occupations,1163714.9696,20281.090215384615,69.93479384615385,16640.0,290.0,37131.57120000001,647.1247384615386,3.190778856506687,3.190778856506686,0.017427884615384612,1.6356594754359006
53-2031.00,Flight Attendants,Transportation and Material Moving Occupations,13289143.002796154,146363.39960807693,102.13775269230769,130110.0,1433.0,610931.3548730769,6728.649846538462,4.597221617259529,4.59722161725953,0.011013757589731766,1.0336743304976985
53-3011.00,"Ambulance Drivers and Attendants, Except Emergency Medical Technicians",Transportation and Material Moving Occupations,155773.41664615384,1715.0550011538462,12.895150384615384,12080.0,133.0,0.0,0.0,0.0,0.0,,
53-3031.00,Driver/Sales Workers,Transportation and Material Moving Occupations,19890317.144561537,161059.05789999999,47.650608846153844,417420.0,3380.0,841285.6069846154,6812.1924,4.229623896241605,4.229623896241604,0.008097359973168511,0.7599616280702679
53-3032.00,Heavy and Tractor-Trailer Truck Drivers,Transportation and Material Moving Occupations,106982890.53332308,1254561.5423230769,51.67057423076923,2070480.0,24280.0,11009735.19406154,129108.40506153848,10.2911177097353,10.2911177097353,0.011726749352807079,1.100590755463721
53-3033.00,Light Truck Drivers,Transportation and Material Moving Occupations,36082699.24181538,358138.23424615385,36.285535384615386,994410.0,9870.0,0.0,0.0,0.0,0.0,,
53-3052.00,"Bus Drivers, Transit and Intercity",Transportation and Material Moving Occupations,8474634.1875,63710.5,56.884375,148980.0,1120.0,0.0,0.0,0.0,0.0,,
53-4011.00,Locomotive Engineers,Transportation and Material Moving Occupations,2331473.328369231,25508.460923076924,72.88131692307692,31990.0,350.0,69006.56409230769,754.9952307692307,2.9597835519986377,2.959783551998638,0.010940919037199124,1.0268382129047533
53-4013.00,"Rail Yard Engineers, Dinkey Operators, and Hostlers",Transportation and Material Moving Occupations,228229.50276923075,2489.7763938461535,69.16045538461537,3300.0,36.0,9369.339692307693,102.21097846153846,4.1052272290061005,4.1052272290061005,0.010909090909090908,1.0238510471944848
53-4022.00,"Railroad Brake, Signal, and Switch Operators and Locomotive Firers",Transportation and Material Moving Occupations,1375156.7274307692,15120.102059230769,110.36570846153846,12460.0,137.0,0.0,0.0,0.0,0.0,,
53-4031.00,Railroad Conductors and Yardmasters,Transportation and Material Moving Occupations,2202948.946153846,24242.23846153846,51.57923076923077,42710.0,470.0,0.0,0.0,0.0,0.0,,
53-4041.00,Subway and Streetcar Operators,Transportation and Material Moving Occupations,511841.54353846156,50071.455346153845,55.63495038461538,9200.0,900.0,52870.942153846154,5172.157384615384,10.329552733906455,10.329552733906455,0.09782608695652173,9.181272977559239
53-5011.00,Sailors and Marine Oilers,Transportation and Material Moving Occupations,1298434.252553846,14284.432944230768,41.40415346153846,31360.0,345.0,0.0,0.0,0.0,0.0,,
53-5021.00,"Captains, Mates, and Pilots of Water Vessels",Transportation and Material Moving Occupations,3721240.573603846,41008.30245,105.14949346153846,35390.0,390.0,0.0,0.0,0.0,0.0,,
53-5022.00,Motorboat Operators,Transportation and Material Moving Occupations,127878.91953846153,1396.9966,53.73063846153846,2380.0,26.0,0.0,0.0,0.0,0.0,,
53-5031.00,Ship Engineers,Transportation and Material Moving Occupations,254523.951,2818.1556346153843,29.664796153846154,8580.0,95.0,0.0,0.0,0.0,0.0,,
53-6011.00,Bridge and Lock Tenders,Transportation and Material Moving Occupations,255078.64984615386,2813.3674615384616,93.77891538461539,2720.0,30.0,0.0,0.0,0.0,0.0,,
53-6021.00,Parking Attendants,Transportation and Material Moving Occupations,8423641.491326923,26900.600380769232,62.55953576923077,134650.0,430.0,1023251.2863653845,3267.7166961538455,12.147374593504907,12.147374593504905,0.003193464537690308,0.2997162676834951
53-6031.00,Automotive and Watercraft Service Attendants,Transportation and Material Moving Occupations,5508444.193007693,94731.5629,56.054179230769236,98270.0,1690.0,139936.29101923076,2406.5567499999997,2.5403959106432095,2.5403959106432095,0.01719751704487636,1.6140387849246525
53-6041.00,Traffic Technicians,Transportation and Material Moving Occupations,157279.8106153846,1722.1931769230769,20.749315384615382,7580.0,83.0,8121.363600000001,88.92786000000001,5.163640246147139,5.163640246147139,0.010949868073878629,1.027678106957525
53-6051.00,Transportation Inspectors,Transportation and Material Moving Occupations,339442.78973846155,3493.4077846153846,14.555865769230769,23320.0,240.0,0.0,0.0,0.0,0.0,,
53-6051.01,Aviation Inspectors,Transportation and Material Moving Occupations,354741.8308923077,3650.8593230769234,15.211913846153847,23320.0,240.0,0.0,0.0,0.0,0.0,,
53-6051.07,"Transportation Vehicle, Equipment and Systems Inspectors, Except Aviation",Transportation and Material Moving Occupations,961234.7845692307,9892.639292307693,41.21933038461538,23320.0,240.0,0.0,0.0,0.0,0.0,,
53-6061.00,Passenger Attendants,Transportation and Material Moving Occupations,774002.0937384615,1832.6805692307692,30.544676153846154,25340.0,60.0,195332.82472307692,462.5086615384615,25.236730792240035,25.236730792240035,0.002367797947908445,0.22222497078017625
53-7011.00,Conveyor Operators and Tenders,Transportation and Material Moving Occupations,1707166.7751461538,15067.089726923077,65.50908576923077,26060.0,230.0,237469.6752230769,2095.8566884615384,13.910162655476158,13.910162655476158,0.008825786646201076,0.8283266658359066
53-7021.00,Crane and Tower Operators,Transportation and Material Moving Occupations,1117087.569230769,13564.634769230768,26.597323076923075,42000.0,510.0,0.0,0.0,0.0,0.0,,
53-7031.00,Dredge Operators,Transportation and Material Moving Occupations,33738.22521538461,360.31114307692303,32.755558461538456,1030.0,11.0,0.0,0.0,0.0,0.0,,
53-7041.00,Hoist and Winch Operators,Transportation and Material Moving Occupations,121793.91027692308,1325.9820876923077,49.110447692307694,2480.0,27.0,0.0,0.0,0.0,0.0,,
53-7051.00,Industrial Truck and Tractor Operators,Transportation and Material Moving Occupations,33152652.325315382,284716.9218153846,41.14406384615384,805770.0,6920.0,0.0,0.0,0.0,0.0,,
53-7061.00,Cleaners of Vehicles and Equipment,Transportation and Material Moving Occupations,17763444.0432,211379.094,47.50092,373960.0,4450.0,0.0,0.0,0.0,0.0,,
53-7062.00,"Laborers and Freight, Stock, and Material Movers, Hand",Transportation and Material Moving Occupations,104293614.92297308,1040303.0460576924,34.96816961538462,2982530.0,29750.0,0.0,0.0,0.0,0.0,,
53-7062.04,Recycling and Reclamation Workers,Transportation and Material Moving Occupations,121318984.78642309,1210126.9048076924,40.67653461538462,2982530.0,29750.0,0.0,0.0,0.0,0.0,,
53-7063.00,Machine Feeders and Offbearers,Transportation and Material Moving Occupations,3046065.1355346153,10438.432676923077,65.24020423076924,46690.0,160.0,0.0,0.0,0.0,0.0,,
53-7064.00,"Packers and Packagers, Hand",Transportation and Material Moving Occupations,29866163.405723076,348597.4779,49.657760384615386,601440.0,7020.0,0.0,0.0,0.0,0.0,,
53-7065.00,Stockers and Order Fillers,Transportation and Material Moving Occupations,200687368.488,1948729.4886153846,72.20190769230769,2779530.0,26990.0,20329490.972400002,197404.94304615387,10.129930511105185,10.129930511105185,0.009710274758682224,0.9113385398537722
53-7071.00,Gas Compressor and Gas Pumping Station Operators,Transportation and Material Moving Occupations,153588.00549615384,1683.1562246153846,30.056361153846154,5110.0,56.0,0.0,0.0,0.0,0.0,,
53-7072.00,"Pump Operators, Except Wellhead Pumpers",Transportation and Material Moving Occupations,310134.70384615386,4922.773076923077,24.613865384615387,12600.0,200.0,17039.614846153847,270.47007692307693,5.494262536515926,5.494262536515926,0.015873015873015872,1.489730359674515
53-7073.00,Wellhead Pumpers,Transportation and Material Moving Occupations,353158.5493269231,3663.8927307692306,20.354959615384615,17350.0,180.0,0.0,0.0,0.0,0.0,,
53-7081.00,Refuse and Recyclable Material Collectors,Transportation and Material Moving Occupations,5067620.027815385,24759.17243076923,36.410547692307695,139180.0,680.0,0.0,0.0,0.0,0.0,,
53-7121.00,"Tank Car, Truck, and Ship Loaders",Transportation and Material Moving Occupations,715618.2726,2621.312353846154,65.53280884615384,10920.0,40.0,0.0,0.0,0.0,0.0,,
